rank,population_index,optimization_objective,optimization_score,official_score,finite,wing_span,wing_chord,tail_arm,nose_length,extra_shipping_containers,sensor_length_m,sensor_weight_kg,mission3_sensor_weight_kg,batt_capacity,prop_diameter_in,prop_pitch_in,motor_kv,motor_max_power,cruise_throttle,mission3_cruise_throttle
1,256,-5.320051422216116,5.320051422216116,5.289325202962759,True,1.5287686320049743,0.15898720618896484,0.40802644271505084,0.23461577492455643,0.0,0.13291022473695588,4.4373106795242885,1.8831160190256835,1.914424579452576,17.290427762992802,11.377986022088766,237.06200701843795,2536.8320026380825,0.8451545345247262,0.6412924751212368
2,128,-1.9748343725159252,1.9748343725159252,1.933338972510489,True,1.0096511232551189,0.36531176760792733,0.572603709809482,0.22262180291116235,0.0,0.32470768624320623,4.545984714043915,3.0496689752141553,2.252252252252252,17.70176386460662,14.130457532738951,213.75447972677648,2379.5456048101187,0.8139566453173757,0.6120615960098803
3,362,2.2658951195480057,-2.2658951195480057,-2.2973510848217753,True,1.3471726809398563,0.2856063091406478,0.4746604898282357,0.22675458505713691,2.0,0.07906438575253313,1.3825865753065987,0.49821542743191216,1.914424579452576,14.638463892920806,8.564285512659538,224.52787091628323,2735.942182452862,0.9688035752624273,0.8605013325921008
4,262,6.548065973431703,-6.548065973431703,-6.555389596229482,True,1.441017285701117,0.27092932615429166,0.32329317220559955,0.16304163439199326,0.0,0.2183268335308076,4.045005075143212,2.805800497005942,1.5799469210651806,14.946042785927633,8.143009812168145,276.0531678330153,2782.6246127525346,0.8198376131929367,0.7360846824012697
5,335,12.376194490772551,-12.376194490772551,-12.41463429111764,True,1.6764979718919844,0.1488124731183052,0.4044967258349061,0.14246293544769287,0.0,0.33342808468919244,8.129281416484378,5.057475616115474,2.252252252252252,14.908968531526625,11.540388962795669,240.35127689130604,2523.3259927481413,0.868002753239125,0.6864310959354043
6,0,12.94994495227294,-12.94994495227294,-12.955503797493341,True,1.4215150514021622,0.2798607959293708,0.7304693261240199,0.2059429206028187,0.0,0.1777522507311041,2.6407067259796566,0.8390860590601967,2.252252252252252,20.483035986516615,11.000246298388378,567.7969009759095,2843.7086080109166,0.9908396494574845,0.8018414699994043
7,162,13.23714926512966,-13.23714926512966,-13.238113340727349,True,1.3257857112183948,0.38476444445550445,0.37826187934708444,0.2806167194741985,0.0,0.30586110546924167,10.94948605074962,3.1638475235354635,2.1060062905474206,14.679178767837584,9.557676297320972,316.82029122770285,2138.782009498124,0.7331509018927757,0.5692866472912154
8,384,13.344953000784578,-13.344953000784578,-13.37131879442268,True,1.6008326428774091,0.2240405028870745,0.4932343824627756,0.10007611755957016,0.0,0.4735639460949146,13.145988778859497,5.500357533392453,1.914424579452576,16.62764777806662,11.377986022088766,237.06200701843795,2410.8221437056663,0.8451545345247262,0.7218789682902874
9,118,15.092621731712923,-15.092621731712923,-15.094549808104833,True,1.0491992426589132,0.34665586091578005,0.3745049636811018,0.26518404595553874,0.0,0.41220900968424967,1.2588491280005307,0.3521240800935228,2.252252252252252,19.502251385711133,8.674502346621251,616.1583869718015,2751.6506034880877,0.7270905156619847,0.8045305903069675
10,64,15.327853365883861,-15.327853365883861,-15.337417117912981,True,1.7815875694770367,0.23219209656119347,0.38328196169099454,0.23925812469795343,0.0,0.15257220832106533,4.447326756302524,1.269107338456756,2.1428865523084397,16.442306954134775,8.729331396818896,631.5052564213615,1587.0008903712437,0.9497536119440534,0.6890988309402994
11,57,15.467927573115045,-15.467927573115045,-15.469491523965395,True,1.518429143523939,0.3237925854367477,0.48717282824774266,0.11241536073700677,1.0,0.17829035191462445,2.0413092320526474,0.8735437806462709,1.9093379207902368,13.640554996235318,10.018919210806292,324.58404879095525,2464.7463078182573,0.6320051864940216,0.6288820606440432
12,385,15.741051530938833,-15.741051530938833,-15.753976365661279,True,1.5754245068125425,0.38476444445550445,0.44328864980489013,0.0956107105500996,0.0,0.30586110546924167,10.94948605074962,1.9945367145443278,1.0950791309587657,14.679178767837584,9.557676297320972,327.9139322694391,1483.227014541626,0.5107701080851257,0.780778010841459
13,255,15.817982732300917,-15.817982732300917,-15.818862959371009,True,1.0275604803628116,0.31819890147023094,0.5780745440000983,0.12993795006673237,0.0,0.42992577117190045,3.103650139069339,0.41520029701502636,1.5468026189809472,18.363962466436956,9.557826847714528,240.4169618170439,2255.9666027935687,0.7288146380767725,0.7620667933541531
14,119,15.818998931745645,-15.818998931745645,-15.842434495428801,True,1.6172847777124493,0.2849014157130224,0.5174330940600089,0.21696809625874636,0.0,0.5550788082450706,7.164465879619751,2.8808749963058364,2.252252252252252,23.31699433736503,10.72833893529144,352.74436894915084,2958.666051784359,0.6474878792650998,0.760539529823035
15,244,16.086798132671635,-16.086798132671635,-16.09421471249653,True,1.3612750549369421,0.2752813788399677,0.49376044969421573,0.24828603414818645,2.0,0.38440109040871273,1.6436058555437274,1.2835634274828234,1.7342586086524063,10.180754358880222,6.5377721473282575,436.87564537221164,2272.780641913414,0.8799349335022271,0.5552776564478057
16,197,16.06646155775151,-16.06646155775151,-16.09505049920231,True,1.077494151190019,0.3108503813320827,0.7718659825172324,0.18589306449110568,0.0,0.39512505230883754,6.618530167056759,5.0610460144941865,2.252252252252252,19.819895185314856,11.13164730430745,233.0666600413237,2221.7561939232855,0.6392967896667985,0.7885719390126982
17,130,16.3006732628064,-16.3006732628064,-16.304881309208803,True,1.5543189435485751,0.3302263398600266,0.7226939024403691,0.21061567588225627,0.0,0.48787534000285404,6.651657565619883,3.569157205708062,2.252252252252252,18.490164696607057,14.19034989722616,629.6081002801657,2600.8992501282537,0.9758884035982192,0.7110482629219543
18,309,16.42992345567719,-16.42992345567719,-16.445061367181374,True,1.599323354232311,0.2432894555479288,0.5069996941834689,0.2293182726018131,0.0,0.39638872112128876,10.507385057671058,1.78426581681056,2.252252252252252,17.61119886767119,9.245372566536135,507.1147904731333,1560.431594029069,0.5808392595499754,0.8630132582038641
19,5,16.47509077606928,-16.47509077606928,-16.49458387878776,True,1.5958568634546544,0.38710876245438736,0.6197620586111559,0.19989459302357138,1.0,0.2917468420535186,4.027216662427414,3.1704956121650634,2.252252252252252,15.809735228160713,7.160323810899397,429.8098159953952,2942.759346997911,0.6238382116130485,0.7494926736917826
20,257,16.64133693394268,-16.64133693394268,-16.641967905167917,True,1.419635360671045,0.3016103411838412,0.4606923461943543,0.12191780522320884,5.0,0.19099020169799882,0.28062190950551624,0.16469107671855454,1.3966164206593774,18.326157224475516,10.342523604200556,255.451725784076,2753.5465495350577,0.7693080556175766,0.8002709215856317
21,334,16.769761195279912,-16.769761195279912,-16.769761195279912,True,1.630154362192005,0.32181121997535234,0.5262913187965751,0.29372702948749063,0.0,0.566648029956594,5.059968041684952,3.8726589856716798,2.252252252252252,19.778792527504265,7.9925012273004565,247.48400282114744,2990.17502553761,0.8368894774466753,0.6881252499297261
22,66,16.78397740515743,-16.78397740515743,-16.78512239805606,True,1.8228951779083322,0.3564686429696797,0.7137808555310146,0.22811966161642602,0.0,0.29374208739770447,6.513112962221294,2.878139970476374,2.252252252252252,22.739694626282574,10.663842651713534,605.8232045571963,2555.355469927056,0.8268253837457223,0.8009989322027418
23,222,16.84171306066181,-16.84171306066181,-16.84171306066181,True,1.4002063732385739,0.36470852088455336,0.6187339353490163,0.2656700483948671,0.0,0.29827714953427625,4.450059994573626,2.9025766678385683,1.7115416643083334,15.606986620790504,10.957944661817889,220.25903233444026,2177.7933025260154,0.8158429180629274,0.6303850115229584
24,161,16.90655003175545,-16.90655003175545,-16.951581270237142,True,1.2130238061947367,0.3146227739580886,0.6923349950301658,0.26746282279491423,0.0,0.41210757947038396,8.548402443492412,5.293745299972615,2.252252252252252,11.236718287029808,8.671661136714501,301.7404090613127,2695.2401548467724,0.835208376314847,0.6800857662948974
25,274,17.42262952641546,-17.42262952641546,-17.42262952641546,True,1.4821362718027085,0.2862794125452638,0.601980284973979,0.13330926084890962,0.0,0.040889096464216734,0.3899512249554178,0.09332894587917195,2.252252252252252,10.214949981309474,6.959555587737232,264.831640990451,2261.0795088112354,0.9247666792944074,0.6282894248142838
26,105,17.541644323780872,-17.541644323780872,-17.543472382834217,True,1.3541634837253456,0.27538969235324645,0.7431413984436179,0.2793317413702607,0.0,0.41413791659195603,10.469918582810315,1.6729318782388258,2.252252252252252,16.08087338118808,9.672484119192632,352.37586204893887,2652.036919347602,0.6548304357017884,0.6786891840011968
27,356,17.78291035309605,-17.78291035309605,-17.78735518329176,True,1.3746653297278766,0.37115900518969325,0.400821782854642,0.21393863383769424,2.0,0.10678601407483368,3.2548379080886063,0.692255354978375,1.914424579452576,16.993109679640103,10.707166504291038,214.94725014418765,2372.861810389935,0.7267899962179095,0.7714350945533667
28,160,18.05243923195158,-18.05243923195158,-18.05243923195158,True,1.2162684810032691,0.35952487609111566,0.6875837588465696,0.28994349824424637,0.0,0.5016977435416522,4.870459527065644,4.718808228805495,1.823921541239042,16.823487726470145,11.042690014896104,202.30130947586932,2691.4204189107713,0.961805678155122,0.7161760462013703
29,101,18.060355821893012,-18.060355821893012,-18.061265048620733,True,1.2753486517882362,0.35096138235075935,0.7431946307312738,0.11095667632006895,6.0,0.19565724046746658,0.9432698969204107,0.13004473217500667,2.252252252252252,15.883696544915438,9.431771137780606,263.95198917016387,2225.035337731242,0.9583860431220246,0.9009692636318505
30,85,18.30110957712906,-18.30110957712906,-18.30110957712906,True,1.4594309232326874,0.2154669478822494,0.6597658409793323,0.21569343629197493,0.0,0.12706878038637287,2.263223479102127,1.2251119871751914,2.252252252252252,15.304156420752406,7.634905700571359,318.277821463858,1750.529876502888,0.8455716418744569,0.5420362278819084
31,185,18.306853047595588,-18.306853047595588,-18.312658633157525,True,1.2187872134204034,0.1429432297959901,0.5501214964315295,0.1334816221564063,0.0,0.292784264294669,5.232361182109626,3.9113727819455786,1.9661531032797646,18.894409275057644,12.359660768776482,220.41047850356892,2765.13835627153,0.7656957136292286,0.7653810644164019
32,93,18.477822519220968,-18.477822519220968,-18.477822519220968,True,1.1710126881536096,0.3775063628330827,0.7973867191001773,0.1565379937365651,0.0,0.05387044140193614,1.9285016503595358,1.5623604739946764,1.8859867001883686,11.16044198628515,7.398210751513922,591.8895984534174,2376.8989015370607,0.5020924983546138,0.863108609803021
33,132,19.026713270593618,-19.026713270593618,-19.031975121722216,True,1.6061686447935875,0.3011497630489964,0.6157484860351223,0.08683550360961712,1.0,0.36050588841153364,5.2793873231112105,3.863713113462544,2.0799981251001443,17.95097994230697,9.835567962347268,261.00764763354334,2338.41597026811,0.7812414292788143,0.6578240124479375
34,77,19.268168197197177,-19.268168197197177,-19.27007968445278,True,1.119007002887834,0.30335414493120694,0.5039323807450994,0.2953650140227242,0.0,0.4195212391365078,2.797130015915215,1.457496351986883,2.1851426606121302,21.469637225600135,12.255141460024625,594.2332655014195,2760.647046875035,0.7759828597077773,0.8924177752812941
35,147,19.499435345699634,-19.499435345699634,-19.499435345699634,True,1.6309937092732432,0.3145556588143796,0.7369724359116051,0.2371560463152988,0.0,0.3275471242555603,6.989281397986779,3.6696053180622448,2.252252252252252,14.912081355463352,10.044495858396072,235.15356722476182,1396.2539519848992,0.7290374281335126,0.6591096852528746
36,31,19.578311109846833,-19.578311109846833,-19.59917125261647,True,1.7361981001796942,0.32470920488424404,0.6448242340397988,0.20059432076290248,1.0,0.2929768054961659,6.303194687088045,3.4845116032540844,2.252252252252252,24.76716259731051,10.993953587515335,217.60723570536237,2607.361284587984,0.7963418793749553,0.7938560202923113
37,241,19.642043429605096,-19.642043429605096,-19.65200368536116,True,1.5202234632258473,0.3207204945120941,0.4841890202905156,0.26573877199334917,2.0,0.3057427375880065,5.650715156143401,4.03042536117906,1.8789819060642192,21.111822630123005,15.975924405255622,210.89796370360605,2463.2747619974043,0.7045307859521803,0.5872926509362835
38,386,20.292784312737517,-20.292784312737517,-20.292784312737517,True,1.7815875694770367,0.23219209656119347,0.38328196169099454,0.23925812469795343,2.0,0.23840665803368508,1.3145887062498662,0.9921942914253048,2.252252252252252,14.150419522098831,8.729331396818896,379.78036661586395,2347.5958478388225,0.7202811839756202,0.8281702058607495
39,65,20.36581184077245,-20.36581184077245,-20.379459261898212,True,1.5854613084207954,0.37832991649640124,0.4254489935602149,0.16536963132371715,1.0,0.16268935648164093,4.088245896287628,3.9390078873473806,1.5551837945702267,23.062899766195756,11.785343822941364,327.0487056841051,2541.5166362200957,0.8961643737665557,0.8690226254278821
40,247,20.389134019045727,-20.389134019045727,-20.39395866771972,True,1.0968631767455488,0.21865347258746626,0.6601657122373581,0.09019102547317744,0.0,0.17405885058864948,5.5012260981497745,3.6196123148038035,2.252252252252252,15.533513524569571,7.176457539731187,425.4304375499487,1131.0550849884748,0.5166155253536999,0.9899361794814467
41,67,20.48612230402412,-20.48612230402412,-20.48612230402412,True,1.5427927888114545,0.366570099145174,0.6731440896168351,0.21929267754095522,1.0,0.21394727650869483,3.4249093101671013,2.643189247281775,2.252252252252252,10.404233750887215,5.515537646228837,572.8331427187281,2622.543089091778,0.5182335763325776,0.9108575547798307
42,350,20.694419547574157,-20.694419547574157,-20.695557981507836,True,1.70251975251846,0.3918158004060388,0.3087144523859024,0.17595196047797798,5.0,0.03783921789973976,1.3546017494733107,0.14568455964030314,1.8521793959662318,17.73141150828451,7.6285645552473484,389.0520968474448,1825.1994531601667,0.697373318951577,0.5119932456873357
43,148,20.749745323474528,-20.749745323474528,-20.78641345018343,True,1.4739830040224775,0.37313865371048455,0.567421101185309,0.29238416987471505,1.0,0.5140034767111763,9.29901646822995,6.24836241275829,2.252252252252252,11.332591623067856,8.737778691316922,425.96481376503715,2555.7884590607714,0.6990709891424698,0.7702018152922392
44,216,20.905646526602396,-20.905646526602396,-20.912716203117263,True,1.5215547926527442,0.3554428899716443,0.4833635464623129,0.11196190609078521,1.0,0.34897059386168233,3.2872299324703853,3.1925632744523122,2.1254457386883816,19.93887795436964,13.976653275492978,379.53912619330526,1900.0960684401252,0.8523871171369243,0.6111151357498368
45,265,21.02828436547619,-21.02828436547619,-21.038790050880827,True,1.6782904417560138,0.17815523386007953,0.4181402051620635,0.17717739475011762,1.0,0.240354154782305,6.126841065006831,4.413223025020148,2.1386921633948237,17.52741578188873,11.008835992419685,211.55895295982614,1843.1018926549136,0.7957780857817123,0.7225196554397573
46,42,21.100383631223618,-21.100383631223618,-21.100383631223618,True,1.183570623395468,0.33892030367451886,0.7510883601340312,0.21672956081224642,1.0,0.3603247822173227,1.6648457742835667,0.46127661041504275,2.252252252252252,20.41114932857454,10.219583603775229,273.0453860014677,2290.862323701795,0.681053995170305,0.5156918923388419
47,207,21.231120977910976,-21.231120977910976,-21.231120977910976,True,0.956361301324589,0.37768244268026396,0.7286202695220709,0.15826008721993065,1.0,0.059415403709746906,0.9660221730516003,0.3449769565141203,2.252252252252252,12.085076170042157,9.507463866105088,393.9891178626567,1994.4726695169109,0.7171771796709443,0.7751461900770664
48,363,21.592955945321275,-21.592955945321275,-21.592955945321275,True,1.5049105984976556,0.35825469127853177,0.4641365630949813,0.28172629891182077,1.0,0.4663718145958977,8.310338407955541,1.008660288965439,1.914424579452576,10.935402216587136,6.478314088038086,294.5699045056605,1965.5140727277262,0.7721825523219056,0.8111723362451153
49,37,21.933462400779653,-21.933462400779653,-21.933462400779653,True,1.2906389965411276,0.3693722300976515,0.3136053314432501,0.2083064696006477,2.0,0.09849398427587003,3.525974658519779,1.0304407967544638,2.252252252252252,16.826927978545427,11.228149595942481,207.42285293526947,2934.2834930866957,0.5676979697309434,0.7360537378117442
50,164,22.080001191797994,-22.080001191797994,-22.080001191797994,True,1.149384814833039,0.32714465210349647,0.4187799518359006,0.22528415871604637,0.0,0.4044571644501038,6.259916782781937,5.270906340426679,1.849676486570388,15.50037089305158,12.268589932877369,244.11868544657665,2140.9443563837985,0.8338514934812901,0.5442693428839532
51,380,22.09257142857143,-22.09257142857143,-22.09257142857143,True,1.1513144490401652,0.25866027280675874,0.6003309002938372,0.2529072376330008,2.0,0.28463447057273533,6.466886835385685,1.9427135274611818,1.52579759055783,12.21870683165672,7.0477182285773825,289.02580094467095,2308.8398969714444,0.9774433914447704,0.78514871287257
52,131,22.107176966270522,-22.107176966270522,-22.110386390221482,True,1.5765684364958472,0.38618220089063704,0.6820845101795203,0.28044166679013693,3.0,0.15173073345991292,4.002424091077554,1.877190717577692,2.189066506922245,17.897713977548637,13.761926274989994,229.7722208313644,2642.4613741545077,0.644290612247777,0.5744755356576434
53,40,22.163082688757445,-22.163082688757445,-22.172865045256387,True,1.640743416186422,0.16738170992583035,0.8582736181095243,0.19848032092675566,1.0,0.3503752058349549,4.950271358238038,4.621538946365219,1.5727142486721277,10.324991084635258,6.211064040305651,434.74552356638014,2793.3438196778297,0.9000745695084333,0.6478405413217843
54,288,22.176132807713746,-22.176132807713746,-22.182467612127265,True,1.4834118387670279,0.3618416174128652,0.4634117013552248,0.2770437331645483,5.0,0.30919993927258216,2.3629813477393835,1.8784241278354052,2.252252252252252,12.86720909602613,9.70594191810613,289.49193639766713,2842.837230368122,0.898392294999212,0.7574347743494791
55,51,22.26490762008783,-22.26490762008783,-22.268472830150007,True,1.3735024773135782,0.3368942779794748,0.6878579448240454,0.1914799411990849,2.0,0.5791060065346454,0.7883863170853402,0.5975321895061132,1.6775222651035544,17.72484612727022,7.96649610491328,493.3858210686594,1895.015607926569,0.7116894158534706,0.729535589153715
56,353,22.32703190207223,-22.32703190207223,-22.329490412975822,True,1.470163744138515,0.2861957097655839,0.5021651577204466,0.16724790217461755,3.0,0.1638997177695855,3.8679771124811086,0.584844622079089,2.252252252252252,15.47577107397453,11.919039761275213,236.2634369923664,2607.529531162045,0.7822133243717668,0.6646153357341197
57,109,22.330682471632077,-22.330682471632077,-22.330682471632077,True,1.2477984104029836,0.36013971347361806,0.39699701573699714,0.16456231977790592,5.0,0.07591194340270013,2.7175628104069194,1.4812172668469206,2.252252252252252,12.644609683193266,9.933507434567845,299.62089522741735,1710.9527308493853,0.6796515369787812,0.6897529675625265
58,387,22.380321681291818,-22.380321681291818,-22.388671983793788,True,1.4701832946112168,0.25866027280675874,0.6973655706077269,0.12665784016518855,1.0,0.345788001818875,5.2092696815659965,1.3505144421053483,1.4314619251526892,12.471348410472274,8.006025951318243,289.02580094467095,2308.8398969714444,0.8330724251746897,0.7683298090529358
59,140,22.430901748263427,-22.430901748263427,-22.446724237013186,True,0.9866670183646817,0.3748448237398334,0.7061241617426277,0.268641883893074,0.0,0.5000553014780572,6.1051814456902544,4.827990521917884,1.693311704788357,21.123120753172056,8.489106895185447,292.22185980898365,2232.557817242624,0.968632401432842,0.8894315715456365
60,218,22.45063699362168,-22.45063699362168,-22.45936680349915,True,1.4605582591969521,0.3987271946668625,0.8822316560894252,0.20917394127696753,5.0,0.22583361576776947,1.982465847924873,1.1690039217692831,2.252252252252252,12.650443110615015,7.8441112714359456,438.2984471973032,1747.4648896604776,0.5800011814571917,0.5724880313500762
61,191,21.258291576247863,-21.258291576247863,-22.604708730509426,True,1.0949931896870106,0.2709363903562621,0.6761089162901044,0.2100337682050086,0.0,0.4021550073239872,10.493811251131971,2.9369532589840412,2.252252252252252,16.56508182103104,11.78205373872404,206.75324849845234,2348.700574100786,0.7617653691260708,0.6962247340496114
62,206,22.61326267017242,-22.61326267017242,-22.61968213960267,True,1.1543061000364732,0.38087742526084184,0.5556996753549902,0.2356667043071452,3.0,0.11996477875169428,3.1917174281510707,1.419163979361672,1.6530780011700412,13.080140891516551,10.399105814203178,286.99955423496345,2772.833289578557,0.979442233501643,0.7390429869293473
63,217,22.678283578885605,-22.678283578885605,-22.69590240994408,True,1.0736324357360734,0.24438410598784688,0.45472548996790396,0.24153042444104786,1.0,0.2486832533266047,3.4031849999004065,2.193464832463773,2.252252252252252,17.78602184007143,12.391471613073879,232.81131772579695,1872.7368311767054,0.5881942913621232,0.7873303178095499
64,367,22.913653837807523,-22.913653837807523,-22.913653837807523,True,1.478270937554263,0.22045066756606604,0.5404468717952775,0.2477241442528526,1.0,0.17016890859856826,2.478680123254417,1.650133231371644,1.7488492703049963,14.68946454138051,7.357820907545697,248.1688029795392,2105.7560472943455,0.8975754122359946,0.698269267088735
65,38,23.129428571428573,-23.129428571428573,-23.129428571428573,True,0.9311839785609395,0.22938983105123045,0.8693773504346609,0.11973422789946199,0.0,0.18749932663105423,5.884346427536413,1.2089960729513152,2.252252252252252,12.090041609480977,9.473362712970319,360.40705549530685,1043.8526831567287,0.9075557519681752,0.6151685784570873
66,305,23.270414708568904,-23.270414708568904,-23.27206235231801,True,1.5870831202640314,0.28388213940566487,0.6545948772060767,0.1753685851653296,2.0,0.06580991558027,1.9692466144160168,0.28223674276729227,1.502838843036443,21.175600444882676,11.14273313955796,360.9636192051526,1882.6308879686599,0.7298450765209632,0.7149729824371905
67,16,23.344289160095066,-23.344289160095066,-23.358587498202496,True,1.2546603403095775,0.24470568159529932,0.4628462066774729,0.2452067359990958,1.0,0.23047362083019668,5.284690480150215,3.991184796589068,2.252252252252252,23.47483487047447,12.699741809011137,293.1480249884147,1868.8577830914821,0.7739945347549382,0.8215824013965581
68,139,23.368750546405877,-23.368750546405877,-23.372008281088366,True,1.5798560325472841,0.30404851633783586,0.7256661233031992,0.2707077293047383,1.0,0.5310491237182132,4.368115555043311,2.64624971920391,1.7613924506750411,20.68477421067655,15.594944204560122,318.48824275377575,1919.7673559808518,0.9976638642900557,0.8113100342592553
69,300,23.398113126525953,-23.398113126525953,-23.398113126525953,True,1.513680916329041,0.23641537297486764,0.5253791502033125,0.20525879924451643,3.0,0.36348944905549285,4.97549585023329,3.8534158180387523,1.9923393902646684,16.592532782452363,10.867556779335318,226.475520155645,2263.6974054986704,0.6366956559818369,0.7052008728283579
70,52,23.417652433224713,-23.417652433224713,-23.418605655220475,True,1.5281813995023101,0.2909202369666523,0.6185670236260237,0.2227190187573433,1.0,0.2805018259328019,7.676230102795469,0.563156873513627,2.252252252252252,19.640290811657906,8.123431763117235,284.26535401280944,2741.18160456419,0.7583416387477385,0.6682295427883395
71,327,23.470391921895185,-23.470391921895185,-23.470391921895185,True,0.949329463332519,0.22904409784823657,0.33309175483882425,0.11633286185562611,0.0,0.14354507503304628,5.138753403499379,2.791204779425465,1.7545558051206172,11.562684923410416,5.531932185455532,578.6332074552774,2037.8904845565557,0.9121566396206617,0.5245986278168857
72,47,23.538309958750144,-23.538309958750144,-23.538309958750144,True,1.742540944908932,0.22478903254149893,0.45506617905346575,0.264130617238557,0.0,0.4244012786261595,2.3977016377321867,0.370101617687995,2.252252252252252,14.55336161133738,6.620473427700501,482.37014101672133,2743.993702148154,0.5879218656133159,0.7869274487661426
73,332,23.62607461981898,-23.62607461981898,-23.626411452552958,True,1.766740962123739,0.19714950693773142,0.4105658059939742,0.2300696604326367,3.0,0.15935444010343122,1.2971714651291606,0.27054637948536886,1.914424579452576,11.210148829499925,7.664470056274455,450.7660860195756,1635.635918728974,0.6514499392138253,0.6804241799186911
74,138,24.315175769663746,-24.315175769663746,-24.315175769663746,True,1.1825826412098461,0.33014834785046754,0.4165742747063467,0.125640295411353,2.0,0.2520226059909642,4.196589212215383,2.6605485195101988,2.252252252252252,11.895634666479815,9.373037987419881,318.7163063548446,1412.3155759707706,0.7385250222979889,0.752347042192522
75,389,24.42724754128201,-24.42724754128201,-24.42709036827563,True,1.3002287345755845,0.3296489650756121,0.8566043587401511,0.1255017625167966,6.0,0.274486389654316,0.9432698969204107,0.4650389675396642,1.051249631214887,15.883696544915438,9.437342297124431,263.95198917016387,2225.035337731242,0.7913087550550699,0.9009692636318505
76,388,24.427083572356626,-24.427083572356626,-24.434937984590377,True,1.0410400330027256,0.3237925854367477,0.48717282824774266,0.27405456525033034,1.0,0.4425117867278031,7.94371960207024,1.8528527644414083,1.9093379207902368,13.640554996235318,8.322953116401232,324.58404879095525,2599.7879933565855,0.9383628978393972,0.6288820606440432
77,315,24.497892486239053,-24.497892486239053,-24.50730561721541,True,1.7585294507076283,0.2772721523650165,0.4756403172388673,0.16118917957992565,5.0,0.2156184688762874,2.787522569456259,1.5171045841183854,1.7065596679675523,17.373834374021484,9.74923962449867,389.39798946020926,2258.19182825527,0.6172247645445168,0.7628355794272379
78,349,24.684730498598782,-24.684730498598782,-24.68941364282142,True,1.8183445529261464,0.30297830548689514,0.5155960370140475,0.11401953127011318,1.0,0.5467972766813501,4.469459693880602,1.1144943067295614,1.935115717817098,22.513202934432496,12.396405357534473,490.5173443449154,1978.7206456647405,0.826611085147476,0.6653560194837131
79,233,24.701530436943173,-24.701530436943173,-24.70399488150634,True,1.6407666290577005,0.21296150606125594,0.5824364965465152,0.2608933990018815,1.0,0.5776667237125082,1.938634855624926,0.7561753497696557,2.1634698091447717,13.884501560859055,9.301811700577584,268.1844693239957,2699.7062810388384,0.9452435472961682,0.8110624114116565
80,39,24.843789541609457,-24.843789541609457,-24.855693866781756,True,1.2510325662499442,0.2642452259110967,0.7840370863633267,0.29209380631695614,1.0,0.23576284065695785,5.986751298484534,2.2187122305977525,2.252252252252252,18.276634398414494,11.284147857664392,617.3122398274407,2474.5560462273206,0.7843507790252341,0.7140416238159897
81,96,24.908212311489393,-24.908212311489393,-24.91855511771393,True,1.8263550879683343,0.14093170925974846,0.7561421977356078,0.18910445887595415,0.0,0.4458842429094016,15.962158021025388,3.0178565637378068,2.179361150600016,15.40043477434665,6.227921284544339,525.4020399879664,1571.1265094578266,0.8545271554030478,0.6607248019427061
82,73,24.99359306461182,-24.99359306461182,-25.000654301521116,True,1.5203359891789126,0.28455444995093027,0.7742812337613831,0.2573573001278561,1.0,0.3798119883050002,3.6567185355105236,1.7218576556769296,2.252252252252252,21.573980864337212,12.606024239438492,573.6940272500519,2826.3669573097454,0.9768234860510743,0.8786025022935671
83,17,24.991680123340586,-24.991680123340586,-25.00588456009948,True,1.2615966487961383,0.2737823743301657,0.4031444374220158,0.09924709159335562,2.0,0.4317465717956617,2.1701530220413865,2.1428714757589766,2.252252252252252,19.2563686707948,12.016834722971668,533.6649215857522,2811.5706971092122,0.9534788159653544,0.8926587591337227
84,55,25.056980595200038,-25.056980595200038,-25.05869388913394,True,0.9494830050479511,0.3526010763645172,0.5098621875813272,0.24000870217053813,1.0,0.29986151469986516,1.0473028645843883,0.4049033502493753,1.4821550624329318,16.102272788369266,12.516751829111978,553.1308408360928,1350.2625171095133,0.9922842150554061,0.936215484617537
85,86,25.10890041491114,-25.10890041491114,-25.10890041491114,True,1.2441198993862286,0.32373442216023235,0.873937339383595,0.287725357070086,6.0,0.5115812544960123,2.0188150186613907,0.2641400203750397,2.252252252252252,10.80177016556263,6.0365250080792405,476.450605224818,2046.6877035796642,0.6207050429657102,0.6712545421905816
86,22,25.11381117289563,-25.11381117289563,-25.12149074702186,True,1.4475678355848614,0.2097140005312215,0.6709888457392961,0.25965423258624143,1.0,0.25087757428308916,2.98262135298973,1.6380291911638771,2.1736303693410153,21.6172409757903,9.783423042403653,530.716359412324,2436.6601093322965,0.7975127343399844,0.7625195083539678
87,54,25.157162008402224,-25.157162008402224,-25.157522293230755,True,1.2973827834005847,0.28703690734809123,0.6648588763437877,0.16646031633608313,2.0,0.1433814955424642,2.21918696290391,0.5034503488224065,1.9678866916691031,18.859179774037283,8.379792708104134,523.8562995161817,2604.3398013857777,0.5826574658269461,0.8448078232839318
88,275,25.199904328625717,-25.199904328625717,-25.199904328625717,True,1.3641950469641595,0.2185159421261207,0.64766749883403,0.24508198535912218,2.0,0.21059908169206198,5.7597272969512,2.215355948664879,1.914424579452576,20.847280623114283,14.484755991209543,225.09063077407214,2533.914606741192,0.73973005340897,0.555048267559167
89,290,25.21481632691718,-25.21481632691718,-25.21481632691718,True,1.3715614507563412,0.2270461487565953,0.5929586606733285,0.0962024881131947,0.0,0.3314215353538152,3.4101209706400617,1.4678531488252933,2.252252252252252,20.09737888169388,9.175616088144329,321.91779959957825,2789.8275474373595,0.8561391399651621,0.5942992982008508
90,170,25.3232492793415,-25.3232492793415,-25.3407866490171,True,1.4269407879844307,0.3925321879123616,0.508189530598642,0.1467955094566834,6.0,0.27954728114354127,2.6392276828255135,2.4205848141671638,2.1511222934609746,19.825186078336667,12.885057769604682,210.91520726400975,2840.831776267461,0.8844565243124501,0.6890496077902721
91,345,25.349518048861917,-25.349518048861917,-25.349518048861917,True,1.4549803240242052,0.2394623921478073,0.5479481554815065,0.28414114560533266,1.0,0.21053784731365738,3.35517735094827,1.5309362641352777,1.9743656302430364,17.513476036864468,12.481576333519135,268.23534223014394,2411.764865195627,0.856156663330595,0.5323347962662999
92,178,25.424927692057643,-25.424927692057643,-25.42966010198488,True,1.4957698800567538,0.3264080705866218,0.47052694391459227,0.2411217309720814,4.0,0.535907281111367,0.680059492701524,0.5632184354821099,2.1113877026364207,16.721460460685194,11.68509469357145,227.99260448664427,2588.104857131839,0.7990090902894735,0.934803459327668
93,127,25.481390391681202,-25.481390391681202,-25.49262642419628,True,1.1930114588492133,0.33333646371830694,0.4073719539552857,0.10849127294797424,1.0,0.22268616190084256,4.4904081784747145,3.73033932961392,1.4208493059808518,20.218397580497406,10.828535692044474,326.8670636524639,2001.2957767637586,0.5517273172094384,0.8826457309265408
94,27,25.602334373406823,-25.602334373406823,-25.602334373406823,True,1.5874188653293997,0.29096459206193687,0.8350175969302656,0.08840143585577608,0.0,0.5803928478164597,15.545298832573774,12.851775299060414,2.252252252252252,16.346284952014685,9.28471724267379,306.6767117474228,2974.3771199136972,0.6957851657643914,0.9088495490141213
95,48,25.60321574052704,-25.60321574052704,-25.606568156942757,True,1.376636313670681,0.2621076844590378,0.8862286087677071,0.25388398427411507,2.0,0.21606220590714365,1.5780236132113536,0.8705467140358483,1.9056762965280374,22.22429868589224,10.444079667076307,543.16498717711,2074.430974194617,0.8444900776194926,0.8352437194999607
96,133,25.77894909269396,-25.77894909269396,-25.79631041713056,True,1.431930833144486,0.19919630631804466,0.789320557191968,0.24157640820369125,0.0,0.4473835310596972,16.015830862698184,2.0930079276103015,2.252252252252252,18.604680132120848,10.987553295104718,564.1511462628841,2230.7425662875175,0.8393292631953955,0.6493753083050251
97,117,24.64422426122123,-24.64422426122123,-25.992973314490705,True,1.2968845004237939,0.36659427221178004,0.8563947659638577,0.2520885092951357,3.0,0.2564802196794107,2.570774899250619,0.5544695554962846,2.252252252252252,12.298755376251666,6.566211761389496,427.1307800206765,2969.685845384265,0.6105954692877651,0.7370988316001303
98,302,26.04332918740655,-26.04332918740655,-26.04338918876619,True,1.3390267351859781,0.2746087757518376,0.8561069655897455,0.2434548459202051,0.0,0.30125328149457925,9.143911158054488,3.1082250876763924,2.252252252252252,21.475780329628314,12.26419371181365,549.0910536415917,2610.343367019238,0.7050286954485188,0.5458485984081702
99,390,26.24016586714803,-26.24016586714803,-26.24016586714803,True,1.4594309232326874,0.20096719496761872,0.44403025802149465,0.21557752504073305,0.0,0.5497807824693528,3.791694977643166,1.2251119871751914,2.252252252252252,15.304156420752406,8.837614171039906,251.6284164886602,2851.0378124989666,0.9688990056911947,0.5420362278819084
100,6,26.373360858855154,-26.373360858855154,-26.37499350992077,True,0.9913739859661408,0.38918049208397165,0.7041334152868279,0.20461027681885732,2.0,0.5998689482612535,1.7694205900212054,0.297937193849906,2.1722276623464793,12.713521514087915,8.63651373388645,509.5775966105937,1883.8892448693514,0.5368310450440822,0.7746399463496717
101,391,26.73751992351814,-26.73751992351814,-26.73751992351814,True,1.15255077387143,0.37490467196894806,0.4628462066774729,0.2452067359990958,4.0,0.3146792768502402,3.1838429275346023,0.7707164743020041,2.252252252252252,14.487002301389747,6.501460860174506,461.3367637989759,1762.9736096608383,0.6469708324178705,0.5592309881731106
102,373,26.769415413413014,-26.769415413413014,-26.769415413413014,True,1.521429566829393,0.3232577465840751,0.614636772684753,0.12109277155923513,0.0,0.498577238936464,11.305793547729804,0.4988822633025478,2.0088193491101265,17.928100255613806,11.158027220648233,448.38194968249417,1262.0167825371027,0.8779842392541468,0.7564678046837295
103,213,26.772175710251776,-26.772175710251776,-26.772175710251776,True,0.9703682773423815,0.38956289062870547,0.4854906225576997,0.2089297606466564,1.0,0.29161014986746386,7.701391553302276,2.3652443479595444,2.252252252252252,17.00045826377939,13.056653939310088,242.3209397348263,1312.9070345312357,0.7612365970096019,0.6045831024505457
104,122,26.78437661592647,-26.78437661592647,-26.78437661592647,True,1.2819382242523134,0.30746556944190806,0.7388597741840689,0.14490979381514857,0.0,0.1318067552450036,1.761881147214158,0.06586732230301351,1.6492236447520554,18.572643855586648,9.420342379076402,318.50603061348795,2479.0838821179095,0.8241907386109233,0.5487466426566243
105,204,26.837620860022945,-26.837620860022945,-26.837620860022945,True,1.14477962621156,0.387448187319968,0.6419778083926286,0.2504904301461778,2.0,0.3023842719646757,4.788521548923856,1.3356606668870707,1.7095368312337067,19.485398224776862,9.608635640975614,204.5333125580902,2027.473395690322,0.6564937965013087,0.819324380619364
106,378,26.841583543296927,-26.841583543296927,-26.84450021044819,True,1.4955827150244265,0.35015051856637003,0.34754552096128466,0.10566371163353323,1.0,0.4847169184252619,2.680566466386649,1.2783634419386445,1.5776874222792685,16.842304258607328,11.000223103829324,486.9704573880881,1968.7021132558584,0.612227417062968,0.7636626306921244
107,331,26.889283420337918,-26.889283420337918,-26.889343422015692,True,1.1502466664667317,0.20527004866949589,0.6100838910530453,0.12326312273980299,0.0,0.5966169051193502,11.336482216672437,6.649071977360115,2.252252252252252,10.861737524600567,5.17101903332952,501.03888797661324,2695.5849037228672,0.6944759926436742,0.8850760446345874
108,220,26.966319778046618,-26.966319778046618,-26.966319778046618,True,1.0682884080124864,0.30719023025630343,0.4187053218483925,0.12140915090218185,2.0,0.22918341981986776,4.227304189891517,1.18535155376785,2.252252252252252,18.409330048303865,13.35895550501012,321.1353181074806,1101.5679769160618,0.6877816496462424,0.7568256951830148
109,165,27.054902651185976,-27.054902651185976,-27.054902651185976,True,1.5944393298859787,0.15887745883315801,0.5103272918611765,0.12325417028740049,0.0,0.5108923835514705,5.525165758656664,3.8147704823377566,2.252252252252252,18.375578559769096,8.37528554834931,403.10794874094427,2430.1829339871515,0.9615422949858639,0.5332922416080734
110,277,27.27120818951198,-27.27120818951198,-27.27120818951198,True,1.807504127929867,0.3647998627338613,0.45130602910918627,0.0989268771931529,1.0,0.24684402498826297,7.993246453095054,6.104596632890058,2.1333611669206753,16.62653357424819,9.403652379159828,223.26636588913118,2075.1900528606384,0.9648490897936621,0.6624366541093527
111,87,27.35005680199214,-27.35005680199214,-27.35005680199214,True,1.1529455877346657,0.17609969010813364,0.5822018623352051,0.19776097601349038,1.0,0.12097149900084239,1.0788044278702174,1.0459752256623318,2.252252252252252,11.614145912829125,5.74294293023012,393.75558965839446,1957.5623892555236,0.616865359252023,0.9634972954198473
112,253,27.422001888515332,-27.422001888515332,-27.422001888515332,True,1.7167731179987926,0.3748928421056902,0.3505286129191517,0.1284533943235874,1.0,0.3015893818398571,8.426310296166873,5.0667523360729545,2.024416461847594,24.075826541520655,13.684013563858146,200.85964128375053,1832.59136736015,0.7515474064275622,0.9504847438074648
113,392,27.546659073983005,-27.546659073983005,-27.546719075905823,True,1.7585294507076283,0.28683585825170616,0.4756403172388673,0.16118917957992565,2.0,0.2156184688762874,4.190575628900643,3.246828559485083,1.118834889959544,14.237487819932126,9.74923962449867,421.9304751751801,2972.326333357126,0.6172247645445168,0.7628355794272379
114,271,27.606202057202832,-27.606202057202832,-27.606954018743245,True,1.1423824752945453,0.21057512827217578,0.4457947958260775,0.23325479028746482,2.0,0.053366139799728984,1.7264261808965138,0.4951905003956245,1.92318123485893,16.00091396830976,8.084690436343912,606.2822808977216,1269.1186778247356,0.8301847660914063,0.5393816372379661
115,303,27.64485714285714,-27.64485714285714,-27.64485714285714,True,1.1065125512484462,0.16576743394136428,0.6622553363442422,0.08822991814464332,0.0,0.601136397970654,13.576962529050126,11.822660725595522,2.252252252252252,16.432068841531873,7.296210058621067,341.98900973424315,1736.7243207991123,0.5996773955412209,0.8980245557613671
116,99,27.71786860226158,-27.71786860226158,-27.729210705431218,True,1.4392059293631463,0.28282812491059306,0.42597442567348476,0.24974033527076245,2.0,0.534987581446208,3.9537991934073062,1.350980547239116,1.4859005687758327,10.645008920691907,6.273891221595383,605.0104268360883,2461.4490773528814,0.6397017980925739,0.5319970943965018
117,159,27.730608796622448,-27.730608796622448,-27.730608796622448,True,1.6445375686499977,0.3515090765730948,0.45074279540454293,0.1785421271122932,2.0,0.3558920963122589,5.305698255744659,3.550639339913088,2.020908673161376,21.469737306262857,11.47671945285256,264.5750662537714,2758.7612479813297,0.8586781664963883,0.5496865213922469
118,13,27.739726924186453,-27.739726924186453,-27.74023366848614,True,1.2195754870705307,0.385151295401156,0.5516073994338513,0.08385783053934574,5.0,0.5541830760486424,1.6899528899770857,0.2973929246303424,2.252252252252252,12.823370839469135,6.952448851182018,478.5140432883054,1538.228701800108,0.5839096596464515,0.6597011513076723
119,268,27.927142857142858,-27.927142857142858,-27.927142857142858,True,1.3537356653167982,0.22931556179195417,0.4135633497473271,0.15210075428709385,1.0,0.43155520777069845,9.093040470332022,4.705363649944842,1.820908515724143,20.233541823541078,12.819313877355384,491.32710830308497,2889.380557748514,0.5106124635785818,0.6346053820637627
120,238,27.946285714285715,-27.946285714285715,-27.946285714285715,True,1.3740052062401642,0.32182660007203345,0.584606955510083,0.2084493947006836,1.0,0.33102093251055154,8.792506733799094,2.626568684005285,2.252252252252252,17.432518567235938,11.284166218455566,230.68275234352834,1898.0465999614844,0.7053079945296991,0.5268389258825081
121,393,27.95942857142857,-27.95942857142857,-27.95942857142857,True,1.5517569922815024,0.2044300964703559,0.5155960370140475,0.16750213899640093,1.0,0.3460815686001232,8.582262011593272,4.377677364907218,1.935115717817098,22.513202934432496,12.38255352494416,272.2215237095952,2342.0155708817856,0.5088841819410367,0.7471709446981549
122,249,27.962857142857143,-27.962857142857143,-27.962857142857143,True,1.3338794550405813,0.25478536424674686,0.7254648188488536,0.2159900306191489,1.0,0.43742736900200474,8.527156550245508,8.358793715131307,2.252252252252252,21.71540393182847,11.956850831619425,265.84376549284457,1234.9347311442384,0.6611593560161364,0.6701188211361859
123,194,28.032,-28.032,-28.032,True,1.2958592356688943,0.1884497936741732,0.5014167777162519,0.129465799587578,1.0,0.3415270194207015,7.430770572491065,5.958332178548312,2.252252252252252,13.296888547670473,10.54208676333174,291.43621526414904,2777.7017084723097,0.6579875246973814,0.5067226742476114
124,97,28.076571428571427,-28.076571428571427,-28.076571428571427,True,0.9396750191587092,0.3065609443732202,0.45711068354371326,0.23245778840035197,1.0,0.29171558346626814,6.720466786240417,4.443156888932661,2.252252252252252,20.47503187770953,9.39452778027097,562.7557341524991,1664.036876265095,0.557069955839971,0.6890205071454214
125,145,28.141296502121314,-28.141296502121314,-28.141296502121314,True,1.7229677333660423,0.39645655251483314,0.6050560100182316,0.29754483621567485,1.0,0.44926906329117006,6.634825081391303,2.481571109025431,2.252252252252252,17.561031902418225,12.159140297373837,327.6229572500009,2175.1065822783253,0.5972659955454532,0.6741045328561248
126,394,28.193142857142856,-28.193142857142856,-28.193142857142856,True,0.9668666906021832,0.29145058840513227,0.6107430426889172,0.28994349824424637,2.0,0.22801555740986407,4.870459527065644,1.730591173330625,1.97181280983646,18.226195628083275,12.019638850992678,203.53504006689334,2691.4204189107713,0.7920273714263134,0.6622142496617246
127,320,28.196285714285715,-28.196285714285715,-28.196285714285715,True,1.3284314001409532,0.3826168428361416,0.5324455972290961,0.25395845621509056,3.0,0.24587658327094536,4.820548157687469,2.609468271276251,1.914424579452576,15.895703230711018,8.318798303271912,251.3125276723251,2889.8345117954914,0.9053755159221689,0.7437865590257673
128,395,28.207427228718835,-28.207427228718835,-28.207427228718835,True,1.5989169639361351,0.2792380312982917,0.5122750145901935,0.2793317413702607,0.0,0.28686241147833214,5.997431200266392,0.15579835457020508,1.6237132032148216,16.08087338118808,11.642068650353426,352.37586204893887,1438.4554475545883,0.7328107310667599,0.5144415036775172
129,251,28.22,-28.22,-28.22,True,0.9320693532747388,0.2528830638096422,0.8232594279572367,0.1450580175475787,3.0,0.412214668647215,4.445755206221564,3.9748814038090137,2.0013055474036916,17.936888417504885,12.894257990870706,593.2800727896392,2046.6520178267544,0.7786029842610934,0.6171348809439268
130,396,28.224485239638405,-28.224485239638405,-28.232176987185024,True,1.6415250238500536,0.15639717895537614,0.8509675920009614,0.16636024989187717,2.0,0.38752951297797256,1.107436560751749,0.9176813744170733,1.502838843036443,17.352804741822183,11.32859423299129,568.4607093222439,1327.055523172021,0.9670186634175479,0.9509422611445189
131,375,28.25657142857143,-28.25657142857143,-28.25657142857143,True,0.9964745572470128,0.2169433757662773,0.7725499464198948,0.20223984888197435,2.0,0.252322042385571,3.866765348207723,2.2540714401355384,1.4501253067288846,21.116508103401237,13.838982519211921,228.22186588309705,2179.608042827789,0.6779927093410786,0.7208783697365536
132,340,28.329142857142855,-28.329142857142855,-28.329142857142855,True,1.1516163540583104,0.3670664931833744,0.6503951874097533,0.15981537984684108,6.0,0.184725442651897,2.7119477989492715,0.9183689712278866,1.936271347708633,14.381660781800747,7.579269363892649,253.06182754030803,2807.092349976301,0.8556513194926083,0.5313560322929727
133,316,28.407532202252657,-28.407532202252657,-28.407532202252657,True,1.3024110425611972,0.17359693184692387,0.5526961653059271,0.2586117499155859,0.0,0.2300101563148068,6.804459028647019,3.976075910512712,1.8093977461369155,20.621695670572905,10.081092130846509,253.17457899231977,2327.183002964447,0.6408080280439314,0.6037195618497218
134,252,28.43519338765304,-28.43519338765304,-28.43519338765304,True,1.197097794295475,0.30054443988949064,0.5544744215049197,0.2112516498019087,0.0,0.5338013627815699,11.068172245660499,5.749598063564683,2.252252252252252,14.289097818545997,9.440968149877799,324.6167608359275,1938.2660981704512,0.9075595127190373,0.7584292664470823
135,50,28.450474437353588,-28.450474437353588,-28.450474437353588,True,1.5771246189190102,0.2514169039577246,0.3509536860510707,0.15510183181613685,0.0,0.4281742206587281,11.073185537453908,3.279457421014877,2.105536652263254,16.501415535168086,10.158576317306471,350.48400489613414,1908.8662619759448,0.9310175101272762,0.6410627902212772
136,352,28.66257142857143,-28.66257142857143,-28.66257142857143,True,1.8199257595780103,0.36027185422748204,0.5834280004825283,0.2394675238803029,0.0,0.49250203370769025,13.29545894512851,11.099310171884362,2.217967834789306,23.5149601866692,15.84387579054226,345.37423190584434,1766.072891652584,0.9281074868831825,0.9783614133484662
137,84,28.664857142857144,-28.664857142857144,-28.664857142857144,True,1.5566658636882866,0.19946299363861208,0.8717905141620798,0.16092333981451967,0.0,0.37981668305534216,13.25870083000195,7.38672525494887,1.102109182626009,22.299982646295337,12.441346417033786,451.7978180478064,2509.639224037528,0.9254916479340873,0.5720427180590442
138,397,28.664857142857144,-28.664857142857144,-28.664857142857144,True,1.5036060274939984,0.3604974235784876,0.6358048455789685,0.16092333981451967,0.0,0.4284001670627644,13.25870083000195,7.38672525494887,1.102109182626009,20.87144891731441,13.715194191453456,451.7978180478064,2509.639224037528,0.9515964777582926,0.8284564355970665
139,177,28.66857142857143,-28.66857142857143,-28.66857142857143,True,1.7440734073866158,0.17671109072864055,0.7345457201823593,0.17922261059284209,0.0,0.36867308601271354,13.198084818237778,9.14328656177853,1.4881810247898102,12.802302283234894,9.879213628458086,422.86720420233905,1948.580414056778,0.6622369382530451,0.8056641169823706
140,398,28.828857142857142,-28.828857142857142,-28.828857142857142,True,1.2819382242523134,0.19036798108369113,0.43375145774334667,0.2177657642774284,0.0,0.5432895513111725,10.65454938891516,8.137352288110787,1.6492236447520554,18.572643855586648,10.853266497046667,384.66994147747755,1668.6050407588482,0.8241907386109233,0.5487466426566243
141,198,28.831714285714284,-28.831714285714284,-28.831714285714284,True,1.3920504266355844,0.1543807423483832,0.7459009428489918,0.23629081513781455,0.0,0.32735109477344543,10.60748567754318,3.968451414374014,1.9292726804549214,21.888290789463216,17.32136667346429,536.0869744390834,1998.3713362704407,0.6512785679739486,0.6043819301222172
142,88,28.87857142857143,-28.87857142857143,-28.87857142857143,True,1.52571801333809,0.29856741357810435,0.8902316479012371,0.15837263218958705,0.0,0.3650681363727154,9.86635903371678,8.196013932907338,2.252252252252252,18.913295084322606,13.81835490496182,517.7577084995651,1796.184591948986,0.9588322258712558,0.6942572797952642
143,399,28.87857142857143,-28.87857142857143,-28.87857142857143,True,0.9503319228511798,0.19862111192196608,0.8902316479012371,0.1975867097811261,0.0,0.5208624721981585,9.86635903371678,5.640447849612203,2.252252252252252,19.255268521388437,13.81835490496182,444.1013455090335,1796.184591948986,0.5440993155889027,0.5759891788475215
144,151,28.88057142857143,-28.88057142857143,-28.88057142857143,True,1.3506313532848195,0.3680923041526999,0.8878649840131403,0.18399411940275473,1.0,0.38997518295440814,9.833510126918064,2.652294581564602,2.252252252252252,23.832632584748442,17.19477950024585,581.0268454211483,2929.2575360333767,0.8083701556976635,0.8911851262673736
145,248,28.89857142857143,-28.89857142857143,-28.89857142857143,True,1.0515602105550468,0.39551743928343064,0.4368200127002949,0.11344440120771632,0.0,0.43656764235680434,9.546108024103756,2.9695007217468437,1.6530780011700412,21.48282975424081,15.806481787705813,457.9878380889602,1807.855872437358,0.8177110093128622,0.6163153650418742
146,189,28.946571428571428,-28.946571428571428,-28.946571428571428,True,1.4156495359293293,0.24342151120034478,0.5875550708844521,0.22255475134217495,0.0,0.464855697367743,8.784809870015332,4.454277910610515,1.903350799680501,19.809274021833616,15.598167475658853,608.8956154498406,2909.9006719898666,0.6412689078259086,0.6376781779884892
147,264,28.989428571428572,-28.989428571428572,-28.989428571428572,True,0.9887461725793779,0.2797565806995139,0.346474193446284,0.21265018001198766,1.0,0.2263865917339921,8.10438720040974,6.723084840774976,1.8719242304121693,24.03522690758109,12.93502460111973,584.2037620488554,1941.2664380918068,0.7049284947281024,0.8051538852908011
148,400,28.989428571428572,-28.989428571428572,-28.989428571428572,True,0.9887461725793779,0.33152988549321893,0.4547458402812481,0.21265018001198766,0.0,0.2263865917339921,8.10438720040974,6.723084840774976,2.252252252252252,24.03522690758109,16.36028218807466,584.2037620488554,2442.2548804432154,0.880982808303088,0.6010295930318534
149,150,29.00857142857143,-29.00857142857143,-29.00857142857143,True,1.407080875518799,0.27054374411702153,0.7600468791254014,0.22730992097159275,1.0,0.27725004309764406,7.802430949080428,7.776678479068756,2.031047095078975,23.31654486708855,15.174493175490834,637.9487359896302,2697.0691308379173,0.6235690274157956,0.685980106703937
150,234,29.03857142857143,-29.03857142857143,-29.03857142857143,True,1.403767996974662,0.3601492834836245,0.3548213318701213,0.11765165219483688,1.0,0.3084784914334413,7.327576609382122,0.5340089613903345,2.252252252252252,20.918761991344258,12.811056710999004,492.7206303766767,1226.69746537736,0.9397061578729793,0.8008428667671978
151,92,29.038857142857143,-29.038857142857143,-29.038857142857143,True,1.562930057337497,0.2818022908412495,0.584897627398708,0.2119809646061337,0.0,0.23505296721585753,7.321730337530443,0.30604220167274043,2.252252252252252,24.56901233191664,10.516653044355264,511.2775759668076,2149.091681136275,0.5429941149981508,0.5430264564002658
152,9,29.045142857142856,-29.045142857142856,-29.045142857142856,True,1.0864120978923624,0.2939264565559514,0.5818815611269809,0.2755435510470926,0.0,0.20284745127395193,7.22249342061415,2.2885940944229866,2.252252252252252,20.368344692199166,14.493391713365888,348.21137290134243,2002.3341634710607,0.8437057579560291,0.7407424682411645
153,53,29.058652559788193,-29.058652559788193,-29.058652559788193,True,1.3659600989937783,0.30230777062475683,0.49235063306987287,0.17066491730511188,1.0,0.3332619214378297,4.1139945130333375,2.5655623248791386,2.252252252252252,14.192015081644058,9.822516900221068,377.327433694154,1813.2135272026062,0.8725746776908636,0.573050070554018
154,25,29.060285714285715,-29.060285714285715,-29.060285714285715,True,1.0184586909832396,0.30793191200423475,0.7761910404626021,0.20078771829375686,1.0,0.3444549016559345,6.982716954001086,1.9780002723333414,2.0240871352151846,22.56443517656464,9.402112588445972,607.371803249958,1342.9794237634949,0.9840954729481368,0.9541911796420196
155,401,29.060285714285715,-29.060285714285715,-29.060285714285715,True,1.2867405230978188,0.30793191200423475,0.4543557883099826,0.2253331199411634,1.0,0.3444549016559345,6.982716954001086,0.9443327861675144,1.6175591521896422,22.68091076053679,13.809233052699685,608.8302831601206,1342.9794237634949,0.7466950909501118,0.7431395490056856
156,402,29.060285714285715,-29.060285714285715,-29.060285714285715,True,1.0184586909832396,0.30793191200423475,0.6819227070348399,0.15451506565432252,1.0,0.3444549016559345,6.982716954001086,5.814288931804138,2.252252252252252,22.68091076053679,9.402112588445972,608.8302831601206,1342.9794237634949,0.9434680180210839,0.7700399740310035
157,403,29.076571428571427,-29.076571428571427,-29.076571428571427,True,1.4463677879159098,0.24342151120034478,0.5875550708844521,0.1854102301183792,0.0,0.3413594202911062,6.721039240638439,5.316324517224334,2.252252252252252,15.60401985197723,12.106054886932178,608.8956154498406,2877.5626239319454,0.7467494704423357,0.7504816150206587
158,125,29.07931497858203,-29.07931497858203,-29.07931497858203,True,1.18007102621682,0.33175514942540885,0.48431200758554543,0.2182846380506125,1.0,0.4288729144982993,3.516720012096319,1.5587548689348072,2.252252252252252,13.27871384439846,5.454886083684432,492.59212303293447,2812.4267940596383,0.9373028014325857,0.669353308369546
159,330,29.087142857142858,-29.087142857142858,-29.087142857142858,True,1.158656139486938,0.19941772172458228,0.5092347984097169,0.27345888863548856,2.0,0.24629371094262192,6.555531256996734,5.37106279204036,1.7037991977624845,12.229628297512125,7.466305798157036,234.78921747834264,2020.5445920809177,0.644294911760739,0.7746556291456272
160,404,29.087142857142858,-29.087142857142858,-29.087142857142858,True,1.6792122450588507,0.15537315643603167,0.6745590537029953,0.27345888863548856,2.0,0.22397028829492394,6.555531256996734,6.466136122133048,2.252252252252252,12.229628297512125,7.466305798157036,260.3435965614093,2020.5445920809177,0.7070471527986228,0.7316341727380135
161,405,29.089714285714287,-29.089714285714287,-29.089714285714287,True,1.2489688321578287,0.1579265330834431,0.30083157587796444,0.22811966161642602,0.0,0.29374208739770447,6.513112962221294,4.720456178685474,2.252252252252252,10.034146468781573,7.673265757496267,632.3039974974348,2355.154052689412,0.5972326789051294,0.8569361567591744
162,406,29.090285714285713,-29.090285714285713,-29.090285714285713,True,1.2719293723490914,0.3181216412755593,0.8469866460296271,0.1476442221405302,1.0,0.37168591165241033,6.505086010201814,1.1322218581370649,2.252252252252252,21.573980864337212,11.96537512785318,309.9268512689886,2083.4963246028296,0.9768234860510743,0.9445785022032457
163,228,29.09342857142857,-29.09342857142857,-29.09342857142857,True,1.1441345984474163,0.24457149590186375,0.6184331058104755,0.15472998218670347,0.0,0.31350532558634586,6.453248161388932,3.3039669683980604,2.252252252252252,13.660418507643044,7.743189233519384,228.6594331379852,2124.155552162378,0.8250731513771371,0.5945831543757943
164,408,29.093714285714285,-29.093714285714285,-29.093714285714285,True,1.49840615640192,0.3956795572266769,0.5014167777162519,0.129465799587578,1.0,0.3415270194207015,6.450735337831297,0.28948613020653546,2.0999328789125444,22.63667904677576,12.678976211241576,575.0132818240672,1951.2566121930531,0.978187785662451,0.811633527442819
165,368,29.103970640430166,-29.103970640430166,-29.103970640430166,True,1.5022816893697963,0.3420809170976281,0.5703111822844862,0.12005342794582247,1.0,0.3169576286707073,3.217128916036758,2.232813153632234,1.9778760792209402,19.891022317278374,15.84956820804579,224.16574939395724,2728.170456507018,0.7899704386680402,0.5695428315041233
166,321,29.104857142857142,-29.104857142857142,-29.104857142857142,True,1.6837984380711388,0.3347903740903895,0.4455879960098378,0.25604647620260745,1.0,0.37968018647565444,6.270981705466978,3.5510914003829415,1.4883333479273204,23.29711459397663,13.649503406441145,559.5570671439286,2183.586653033735,0.901810443454701,0.808016612971189
167,232,29.108285714285714,-29.108285714285714,-29.108285714285714,True,0.9661928615274182,0.2996796906254251,0.5355786006069726,0.2919624476346976,0.0,0.49303722863737487,6.217833940366178,4.768794442045808,2.0141555712952384,20.198708291899315,15.365446289285428,261.29408748906883,2402.780209275047,0.7894604487605809,0.6550845853053033
168,243,29.114,-29.114,-29.114,True,1.3699723639512544,0.27016071923678314,0.5527222075019821,0.20829756405522803,1.0,0.3652667417417672,6.126311793824111,2.976437161612405,2.252252252252252,22.852537617309444,16.24825696544173,268.4646747174104,2952.2823385328747,0.6985906369923969,0.6053189372198535
169,94,29.118,-29.118,-29.118,True,1.7698300519492114,0.22151477988220739,0.8444093614720094,0.2272813324127393,1.0,0.27062935898974533,6.0657072085062875,2.4321774901869233,1.7248745686374605,24.68730635843488,13.671870574575188,521.9843372631275,1244.2210960575067,0.7223004227299532,0.7090657126435072
170,409,29.122,-29.122,-29.122,True,1.2371105938911438,0.27016071923678314,0.5527222075019821,0.18200253024770027,1.0,0.38587900368726136,6.000345548591612,2.976437161612405,1.5495405005192193,22.852537617309444,16.24825696544173,412.5978607162441,2183.1970685495103,0.6985906369923969,0.6053189372198535
171,410,29.122641896540674,-29.122641896540674,-29.122641896540674,True,1.742540944908932,0.3889064240083099,0.6975407145917416,0.23746142843738194,0.0,0.5282596180522814,12.961335902259481,5.8470990826311855,2.252252252252252,18.08218806516379,13.048932175934258,518.0659141857177,1910.9216257929802,0.8412693436257541,0.7184526091441512
172,411,29.122857142857143,-29.122857142857143,-29.122857142857143,True,1.2510325662499442,0.2642452259110967,0.6674247057524004,0.29209380631695614,0.0,0.23576284065695785,5.986751298484534,2.2187122305977525,2.252252252252252,16.997213245625833,7.95898592297167,433.13698813342086,2909.2546882663205,0.8943457433555233,0.7140416238159897
173,347,29.124,-29.124,-29.124,True,1.515753372141977,0.12373708499000283,0.6300492303679066,0.09523543655872345,0.0,0.2727707911563312,5.9711834730563345,4.894218280302042,1.7939913001244348,22.135420595501117,16.755488395500468,404.8175814865025,2889.6241348142216,0.7328114959571411,0.882180143147707
174,412,29.124,-29.124,-29.124,True,1.515753372141977,0.29407508146290073,0.6300492303679066,0.09523543655872345,1.0,0.22540557968043812,5.9711834730563345,2.722230596516578,1.7939913001244348,22.135420595501117,16.755488395500468,404.8175814865025,2478.3142805099487,0.6681456713030609,0.882180143147707
175,413,29.124500996764137,-29.124500996764137,-29.124500996764137,True,1.3073140272170778,0.3826168428361416,0.3140404499869556,0.08196474557742477,4.0,0.2617868290333077,3.9007580965793727,1.1431885608917867,2.252252252252252,15.895703230711018,8.318798303271912,476.45325510255105,1235.8452826738358,0.6216751092489128,0.6534142683401943
176,135,29.12485714285714,-29.12485714285714,-29.12485714285714,True,1.1454896253997318,0.294220518319944,0.6356180062517525,0.21172199136100747,1.0,0.2053381357436548,5.957450602660413,3.363256215941279,2.252252252252252,16.561790715058343,12.86269387610754,301.01592128832266,1534.035567443509,0.8693429389012264,0.8025033923352254
177,361,29.132857142857144,-29.132857142857144,-29.132857142857144,True,1.7478997482243925,0.20776273626834155,0.7312925515696407,0.17236771408468482,0.0,0.19303800863903012,5.826988499142717,4.597188629520759,1.2094927970319986,12.14846273418516,8.89418866913978,455.46143162064254,1190.711434930563,0.6804504627361894,0.7971347142010927
178,146,29.136285714285716,-29.136285714285716,-29.136285714285716,True,1.407093865670902,0.3555181168019772,0.7540428338572384,0.17409694911654386,0.0,0.29704223985937556,5.77510667113387,4.175584147566427,2.252252252252252,18.04366904629913,13.979181164645427,342.37423344042975,2743.051283223471,0.7077155422386161,0.7773718185839755
179,226,29.13646935671648,-29.13646935671648,-29.13646935671648,True,1.5987107142906636,0.3374601746542899,0.5016513872718634,0.20066374393043404,1.0,0.23675747116931445,1.3974652197636903,0.31254712433283593,2.252252252252252,14.738406832329929,8.020775934758268,386.256976891309,2001.1185927065085,0.7511340646114435,0.6623094864189625
180,175,29.13714285714286,-29.13714285714286,-29.13714285714286,True,0.9671672360827874,0.3321561272066961,0.5708728787910844,0.14608007270718515,0.0,0.31863798643108865,5.762137996895716,1.4705201845913383,2.252252252252252,18.775270797539076,13.647928791348267,363.9451650914709,1804.4742449694595,0.7896264604876453,0.5692866472912154
181,10,29.13942857142857,-29.13942857142857,-29.13942857142857,True,1.300635810533471,0.33660556266281916,0.584947964235559,0.1303584152087569,2.0,0.23019285192954464,5.722977838983567,0.7043272323098453,2.252252252252252,20.259626692608055,11.379583450019636,642.5581743377805,1457.9705036257826,0.7747049572912657,0.6477087257042089
182,414,29.13942857142857,-29.13942857142857,-29.13942857142857,True,1.3463940985579044,0.37465701999055323,0.7058694589756738,0.1303584152087569,2.0,0.34991964047855517,5.722977838983567,0.5665432802826587,1.2690939106978476,20.88128939319528,14.993750331727995,642.5581743377805,1457.9705036257826,0.8247108459387978,0.66677386276047
183,415,29.153142857142857,-29.153142857142857,-29.153142857142857,True,1.7042725415578048,0.37564766969531777,0.4447277419699398,0.26586428219691566,0.0,0.35153878678406425,5.506508153752499,3.4924152640931183,1.3015866919688885,23.524364451783406,9.835681520933212,358.60200310105915,2719.662838436004,0.5225722976028919,0.9966853208419317
184,137,29.170285714285715,-29.170285714285715,-29.170285714285715,True,1.3080879214228998,0.3164521136850594,0.8706324123980563,0.12357696599428708,0.0,0.2302443200951381,5.235947874380643,4.037075252698872,1.6503460498480549,22.94660483069864,15.752010303873183,454.3093285523355,1890.1671851174679,0.9309278688882996,0.5838437020077965
185,202,29.174,-29.174,-29.174,True,1.3826624183751643,0.3129928963258862,0.5970897129098174,0.1342254551872611,0.0,0.2740308266585851,5.17472645597876,3.4741655366875372,2.1213348138899857,18.662037385968002,14.517220060921385,488.1004633259429,2454.8989680906684,0.9484786239885222,0.7539530454820111
186,416,29.175428571428572,-29.175428571428572,-29.175428571428572,True,1.5215547926527442,0.3625862929857009,0.6928669726476073,0.15353834798647426,2.0,0.5711643115443181,5.15324639065885,3.459292260438204,1.1980193397030234,21.797347608953714,16.845089305528276,379.53912619330526,1490.3833847492933,0.8028122558524695,0.6804035836701465
187,61,29.176,-29.176,-29.176,True,1.6206087892597054,0.23975125688054066,0.7923282763300761,0.18532550782988533,1.0,0.26126771512930635,5.142909544875755,2.5815260036891434,2.252252252252252,23.54148717785596,13.68220006027284,618.4303805719262,2960.071400961549,0.8371565870822202,0.6896628657784607
188,224,29.177142857142858,-29.177142857142858,-29.177142857142858,True,1.2944519342120973,0.3355297707766295,0.6206999631598592,0.24280953730992091,0.0,0.5395844973092074,5.1277818616244115,4.478453855967656,1.5898462177305148,20.587839330546558,15.254823804699482,543.7965796117487,2623.8499415443753,0.8946452676318586,0.5640433002097545
189,8,29.181142857142856,-29.181142857142856,-29.181142857142856,True,1.6243149995952844,0.22377989243716,0.46106706038117407,0.14744247682392597,0.0,0.14138939190302044,5.061582354484035,2.5521782317519275,2.252252252252252,10.49435785971582,5.483107000771329,205.3711101412773,2134.398078545928,0.5201781536452472,0.9038470974192023
190,221,29.181714285714285,-29.181714285714285,-29.181714285714285,True,1.11916687748665,0.3942718386766468,0.49010331328925516,0.236570554934442,1.0,0.2494972055531073,5.053115834300928,1.0609465299175618,1.934222393669188,24.68240063637495,12.31739313769627,236.97839483098852,2299.7213322669268,0.7322912085801363,0.5174290901049972
191,417,29.18542857142857,-29.18542857142857,-29.18542857142857,True,1.0031023560781032,0.3695680844357926,0.36107354966554406,0.14608007270718515,3.0,0.41386322675862275,4.993214581847408,3.1638475235354635,2.1060062905474206,19.291165584847928,14.627632963741274,316.82029122770285,2138.782009498124,0.7331509018927757,0.5692866472912154
192,419,29.194,-29.194,-29.194,True,1.6790140498821216,0.2634442096383508,0.8197431469675885,0.2520885092951357,0.0,0.18781943017620822,4.855819851023527,0.1743949338643791,2.252252252252252,15.195672231419254,6.566211761389496,427.1307800206765,1807.7059054368158,0.5181674524210393,0.7370988316001303
193,11,29.198857142857143,-29.198857142857143,-29.198857142857143,True,1.0938491847696006,0.3063538452100192,0.7209406429901719,0.21059282792736697,1.0,0.18320505264709608,4.778868416298696,0.140965357382143,2.252252252252252,18.880366328750068,9.909643061019516,487.644959405858,2793.764064249889,0.6006724559421852,0.7562022531320179
194,420,29.198857142857143,-29.198857142857143,-29.198857142857143,True,1.5266142784900962,0.37261194858581936,0.7209406429901719,0.21838198546742968,2.0,0.18320505264709608,4.778868416298696,0.140965357382143,2.252252252252252,23.645082910303415,15.012178316995715,487.644959405858,1775.1955725252628,0.6006724559421852,0.7752562421374023
195,134,29.206285714285713,-29.206285714285713,-29.206285714285713,True,1.1814781642339969,0.3885830118030014,0.5846755900637552,0.17973142575472592,0.0,0.40794561704457,4.664752397171488,0.8877689154720958,2.0391112725624163,22.172761792317033,17.22745161041476,242.7064584696261,2281.0534599299817,0.7271391075628055,0.718954649164512
196,79,29.207142857142856,-29.207142857142856,-29.207142857142856,True,0.9623806066889413,0.29206669119089435,0.8769667062388068,0.24045443415516257,1.0,0.25396719237685683,4.651291084342994,4.026046606955002,2.252252252252252,18.723739408887923,12.25450830471951,378.7115295749899,2766.8784572459363,0.936948040034622,0.5789096044961469
197,317,29.213714285714286,-29.213714285714286,-29.213714285714286,True,1.08807886018815,0.2843889382881303,0.5180328872228614,0.2927661572305228,0.0,0.17029192539477472,4.545284901929117,1.28099350212743,1.8407740811817348,21.680405525293036,13.509325195631774,351.8406917894155,1867.3003055409592,0.9537113428826259,0.7374187589511307
198,421,29.221714285714285,-29.221714285714285,-29.221714285714285,True,1.7801072609577493,0.3355297707766295,0.6206999631598592,0.21131970210273537,0.0,0.37780271865464743,4.419286135433063,3.4680671606570925,2.252252252252252,20.587839330546558,15.254823804699482,543.7965796117487,2059.2113913968715,0.8946452676318586,0.7626120457425714
199,169,29.225714285714286,-29.225714285714286,-29.225714285714286,True,1.3562225727879256,0.3554283387325974,0.38045106600423106,0.1329405462029588,0.0,0.35045697082655447,4.355952776361597,0.7956534065679701,2.2403404970772884,24.62712408147228,14.637321731638671,379.0748756584576,2734.7797799128707,0.7685458005890407,0.7456704053219968
200,83,29.22742857142857,-29.22742857142857,-29.22742857142857,True,1.5711072713647625,0.3337548312875096,0.8674754318760408,0.15970710635600827,2.0,0.38056412300266373,4.326965651946676,0.46214081895784886,2.252252252252252,16.820336507941775,9.144457363912908,490.894142258993,2206.726928404004,0.7810069174797591,0.6789473762202882
201,422,29.236,-29.236,-29.236,True,1.2186388678692281,0.18139001488685608,0.4756403172388673,0.15496241375803949,2.0,0.11705883622914551,4.190575628900643,4.047381911041556,1.118834889959544,20.563394837081432,15.543121072194184,367.6746655255556,2306.216649711132,0.6172247645445168,0.9736856892704964
202,70,29.236857142857144,-29.236857142857144,-29.236857142857144,True,1.5160274651485812,0.25279565331898984,0.7090242003500454,0.20131073573993166,2.0,0.26867690982210635,4.1772806851068305,3.6189885489495524,2.2183410751249073,24.279533518198072,14.419571701561498,562.5232085548208,2975.5769497952474,0.7956099617271253,0.764184996507543
203,121,29.244857142857143,-29.244857142857143,-29.244857142857143,True,1.8099965479337978,0.2276553650380551,0.8976020708812311,0.2019361274482298,1.0,0.19466493503360935,4.052714165117569,2.8304092961642766,2.252252252252252,23.063215153017925,13.80610622454012,532.2783183143367,2933.946778469133,0.6103734644694829,0.6774766682647169
204,423,29.244857142857143,-29.244857142857143,-29.244857142857143,True,0.9546441676273942,0.24016989214933687,0.7832528773695231,0.2019361274482298,1.0,0.17195732299256963,4.052714165117569,2.8304092961642766,2.140268345707007,23.063215153017925,13.80610622454012,295.74204171076417,2712.4352987238444,0.6103734644694829,0.6774766682647169
205,126,29.248285714285714,-29.248285714285714,-29.248285714285714,True,1.2205295601015784,0.36055227655905964,0.7587104296630083,0.2963471287889065,3.0,0.5177678839707747,3.9953290435723225,3.1455205901425334,2.142554903590203,14.277987158857286,10.166577002917009,212.39775260910392,1426.1446874588728,0.7387731315013746,0.7131000977106848
206,307,29.268285714285714,-29.268285714285714,-29.268285714285714,True,1.6929277399894325,0.13741163929786354,0.31233524478337926,0.19224749466004093,0.0,0.18970922609628485,3.679681660788689,2.5933686845601986,1.914424579452576,23.09545014797733,13.272379411925462,378.98517491096226,1202.36064234891,0.966704702055577,0.7610870653623589
207,424,29.27057142857143,-29.27057142857143,-29.27057142857143,True,1.2032298823416232,0.3105774183943868,0.7580244308091388,0.2953650140227242,3.0,0.4078448611282268,3.6441927911378604,1.457496351986883,1.1573258540593088,21.024658984179055,12.255141460024625,579.7373005636218,1402.7494550345746,0.6720975846895969,0.8924177752812941
208,155,29.271428571428572,-29.271428571428572,-29.271428571428572,True,1.2582379821702838,0.2810840004113838,0.7813149638747057,0.2575637722760439,3.0,0.423191206909473,3.6288965460138956,3.493169544640285,2.252252252252252,24.952687778306295,14.441995194999553,316.29098895937204,2116.128055944866,0.588864900637418,0.7162217148579657
209,176,29.27567170795808,-29.27567170795808,-29.27567170795808,True,0.994071800883487,0.18280276531379752,0.7447745794163926,0.1136250496034308,2.0,0.2404946508233961,5.878882587626936,1.6061454669261348,2.252252252252252,14.753471223844729,10.390340877025324,266.46755508387673,2100.3427809179057,0.8086063494586047,0.6048793357910658
210,205,29.279714285714284,-29.279714285714284,-29.279714285714284,True,1.701287735170463,0.22709703981876372,0.8462811006233097,0.10698317524045706,2.0,0.4814024330612812,3.498159756075811,2.6581774591489005,1.2723149782977998,21.717210160568357,14.981962634391275,202.21884932717234,1630.8636479079723,0.9924532806447504,0.5209681048678219
211,425,29.279714285714284,-29.279714285714284,-29.279714285714284,True,1.488974309675023,0.22709703981876372,0.8462811006233097,0.10698317524045706,2.0,0.3462809819074347,3.498159756075811,2.6581774591489005,1.2723149782977998,21.717210160568357,10.076887938885163,642.9116943851113,1630.8636479079723,0.9579682196490467,0.6751774111762643
212,364,29.282285714285713,-29.282285714285713,-29.282285714285713,True,1.3028154670331626,0.2676530864253606,0.38978803947943863,0.1605216778210409,0.0,0.1272728315812517,3.458548682371746,1.5825812359957574,1.5587519369437308,14.83990351045625,11.805369239060106,280.74515292283763,2181.749437926748,0.7929737501133776,0.7738067016311031
213,294,29.282857142857143,-29.282857142857143,-29.282857142857143,True,1.7870965902730822,0.3856868326291442,0.8721357123926283,0.26855206619948147,0.0,0.10443806254900992,3.448378199699052,2.021265551773352,2.252252252252252,22.277544396929443,11.094210927887906,475.34171463921666,1282.5753390789032,0.6493081008084118,0.8261727374047041
214,426,29.288,-29.288,-29.288,True,1.1348275250979787,0.24438410598784688,0.45472548996790396,0.19882887049799033,1.0,0.2942336487910821,3.364406636864577,3.1634126220755583,2.252252252252252,16.584020452573895,12.391471613073879,358.7058693537591,2185.7978236807803,0.5881942913621232,0.6946181765571255
215,60,29.289714285714286,-29.289714285714286,-29.289714285714286,True,1.4764976896330713,0.18066225420683624,0.3219811387360096,0.28670116417109964,0.0,0.09324973641317336,3.3382364407716407,2.9062367288600033,2.252252252252252,23.934133206494153,13.859266300252932,444.8878640308976,1195.8774365484715,0.8766166130080819,0.7193046999163926
216,296,29.293142857142858,-29.293142857142858,-29.293142857142858,True,1.41904716254605,0.2202285641801897,0.498588828089456,0.10888939330354333,2.0,0.1282930835665233,3.283043875732779,1.7232921813265012,1.914424579452576,18.930061016893042,12.574963235609241,392.413379997015,2536.2947303801775,0.773807580635856,0.96162548661232
217,427,29.297428571428572,-29.297428571428572,-29.297428571428572,True,1.1287408465582878,0.3420809170976281,0.7258116463199258,0.12005342794582247,4.0,0.3169576286707073,3.217128916036758,1.0722377132399021,1.0849493644200265,21.129767298698425,15.84956820804579,280.40973828174174,2914.5662374794483,0.9578565550036728,0.7863292954862118
218,136,29.298054909414333,-29.298054909414333,-29.298054909414333,True,1.0098391143782293,0.19781324063470201,0.6805688408447446,0.20780089617119687,3.0,0.20079177802703183,3.3999422124112506,2.7699955650846153,1.8757731697626268,23.784077651798725,13.426632760012247,572.9771121481161,2381.920416034353,0.95328551863393,0.6269088452936713
219,68,29.304,-29.304,-29.304,True,1.7027146273400102,0.26615931749118527,0.8076516553759576,0.11439187191466012,3.0,0.13897589384112505,3.109618551594603,1.751559918233509,2.042243519797921,16.970245058320522,11.805926949590678,343.429259583354,2671.77291906958,0.9338570185751591,0.6965790134418275
220,428,29.309142857142856,-29.309142857142856,-29.309142857142856,True,1.7299127273940673,0.3016103411838412,0.41417797667855616,0.20034321407377545,5.0,0.19099020169799882,3.030164251790742,0.16469107671855454,1.3966164206593774,23.370433310794255,15.244376191518338,540.6107887160033,2640.7951284724377,0.9519253518447884,0.8002709215856317
221,429,29.311714285714285,-29.311714285714285,-29.311714285714285,True,0.9646526678688825,0.3237925854367477,0.5233745197156511,0.2881791944610535,2.0,0.4425117867278031,2.9909345437124495,1.8528527644414083,1.9093379207902368,13.640554996235318,8.411353811254076,466.62650503588543,2599.7879933565855,0.9383628978393972,0.7354707262936
222,235,29.312,-29.312,-29.312,True,1.3398629962075501,0.3389701806427824,0.699911710806191,0.13850114868056346,1.0,0.28021119330073185,2.984511825048437,2.258978944678063,2.0034396403620427,16.987107409044473,13.032231037124019,340.63672281827724,2269.709361474212,0.7624409644075634,0.92434449471144
223,430,29.312,-29.312,-29.312,True,1.0222416368708014,0.2307689852324064,0.725087459261375,0.25965423258624143,0.0,0.23837598499432205,2.98262135298973,1.1513288855214832,2.252252252252252,17.531157954561397,9.891587798830056,577.6353776063031,2316.0652028212176,0.6503430481782734,0.812668445921972
224,71,29.324571428571428,-29.324571428571428,-29.324571428571428,True,1.22753883575927,0.30021098294262205,0.8753715700596623,0.13761978202246294,0.0,0.23993841774579874,2.7831014069872566,0.9457315468748835,1.7922677211463451,22.069912474921352,13.209535509856309,521.4831309449578,1221.894706110892,0.8313783904454868,0.9363051009212857
225,30,29.329584729933817,-29.329584729933817,-29.329584729933817,True,1.5257051711776517,0.2524286905067357,0.5533470498183027,0.13822601789608596,1.0,0.42282735998144183,4.1713876999466954,2.198951186877144,2.252252252252252,13.843187239239795,9.942822869929781,408.0417756109485,1949.8296770040126,0.8534514063494599,0.7007396635167337
226,46,29.33085714285714,-29.33085714285714,-29.33085714285714,True,1.5112517772571938,0.25739317227695424,0.8333359341237137,0.15084564419691202,2.0,0.20773902664732602,2.6850367227729706,2.1647090571063767,2.252252252252252,23.643244666315532,14.097689175373793,436.8758517952362,2646.4245751242006,0.904691637278677,0.8397188110952721
227,282,29.332285714285714,-29.332285714285714,-29.332285714285714,True,1.5444891569910917,0.21450370705131147,0.6199219049640542,0.20225907239324056,2.0,0.22792279002248733,2.6608315632724153,1.5610291071991877,1.4938304629546666,16.841637842489153,11.286251373805104,425.33734608396963,2249.5311046694533,0.728411731669937,0.6890321570098148
228,33,29.333714285714287,-29.333714285714287,-29.333714285714287,True,1.0580095949776471,0.324027226343751,0.7248356385156514,0.09447532078251245,2.0,0.07379257861059157,2.641691917335894,1.8213670744901638,2.252252252252252,20.301500973291695,11.415317652342981,386.7265885230154,2160.4510359466076,0.8491777712479234,0.5598117224872112
229,276,29.34257142857143,-29.34257142857143,-29.34257142857143,True,1.157715056655556,0.3211977783963085,0.5081544822679187,0.21891680054366586,4.0,0.0977777058312767,2.4999750638633813,1.103289140894928,2.252252252252252,15.46390188857913,10.009559664592196,577.4353777683756,2011.5720890462399,0.8685501228515753,0.9932788535952568
230,431,29.346,-29.346,-29.346,True,1.294626086960733,0.3776385762542486,0.5014959700405598,0.2794841474667191,4.0,0.36348944905549285,2.443413456174632,1.7079216705453355,2.252252252252252,11.449652779847383,7.025640460291716,232.27291218936443,2334.152476862073,0.8113703462295234,0.8503958508372307
231,432,29.346,-29.346,-29.346,True,1.1047086383456213,0.3776385762542486,0.5014959700405598,0.2794841474667191,3.0,0.36348944905549285,2.443413456174632,1.7079216705453355,1.6281672612313927,24.31798261906558,17.15266974257958,300.2839433817772,2334.152476862073,0.6366956559818369,0.6799199786874114
232,433,29.349714285714285,-29.349714285714285,-29.349714285714285,True,1.0892020554166288,0.2681308861449361,0.43240195512771606,0.23103988165035844,3.0,0.0665934850014746,2.3839724046501143,1.714126688154435,2.252252252252252,23.784077651798725,15.361473620036985,404.16483506560326,2087.930615991354,0.7420397931709886,0.7460231683216989
233,196,29.35142857142857,-29.35142857142857,-29.35142857142857,True,1.2868409531641751,0.38261466357856994,0.6482412245124579,0.2766532708145678,1.0,0.06584633879140017,2.3572254045942245,1.481618758800467,2.0863958597183228,13.096033241599798,5.404922728093992,218.58048285357654,1108.037618920207,0.8285429999232292,0.5152841149829328
234,124,29.35857142857143,-29.35857142857143,-29.35857142857143,True,1.3819272415133552,0.3239059713610676,0.6101301582961539,0.1904760203230275,3.0,0.20454191399101745,2.2440686616273435,0.5632552556999961,2.252252252252252,23.67071180392753,13.508720924286399,381.63329510185827,2004.710367443265,0.8206159736670349,0.9358679047907078
235,434,29.35857142857143,-29.35857142857143,-29.35857142857143,True,1.4000506171404672,0.24334238478819412,0.6101301582961539,0.1904760203230275,2.0,0.17815433948118828,2.2440686616273435,0.5632552556999961,1.7540100142917068,24.43684387114535,13.980043158181772,500.64622475765646,1896.6626223319338,0.7331295520998538,0.9358679047907078
236,240,29.36057142857143,-29.36057142857143,-29.36057142857143,True,1.151844299431207,0.31554043685980604,0.5405009115544432,0.11750575486570597,2.0,0.33674053030049766,2.2122813010198197,1.7614290487981794,2.252252252252252,15.405421660240025,11.184060483262806,294.3527006081724,2504.849415624431,0.8452895898477316,0.8878035038694725
237,435,29.36342857142857,-29.36342857142857,-29.36342857142857,True,1.5237074528493373,0.3721914413487188,0.46895302142947914,0.13462184143428202,1.0,0.5236787913625058,2.1701530220413865,0.9825956428225648,2.252252252252252,18.504223036579788,10.985632063258416,369.1278294607877,2960.0180118320195,0.9534788159653544,0.7883826601976447
238,436,29.368285714285715,-29.368285714285715,-29.368285714285715,True,1.0150017203580588,0.2632608199492097,0.6607896191999316,0.2793317413702607,0.0,0.10542700873594729,2.090588009626078,0.9394107651168522,1.2457340923137963,24.43941619247198,11.642068650353426,352.37586204893887,1438.4554475545883,0.8976243264041841,0.5144415036775172
239,192,29.37457142857143,-29.37457142857143,-29.37457142857143,True,1.5390726041718747,0.31132804993540053,0.8297256421849133,0.09086059890687466,0.0,0.34788697602053337,1.9900003844979857,1.424534893303182,2.252252252252252,16.478467932373793,12.259622521281662,443.02469202629874,2274.9195619244083,0.9210167603836845,0.7247246163823742
240,63,29.38,-29.38,-29.38,True,1.7743108868829904,0.31309089642018084,0.8959149325266482,0.1452832116559148,3.0,0.3054190067466348,1.905223012521402,1.243539820714549,2.252252252252252,20.951511613093317,15.58724403510927,572.9416680522263,2836.6980608552694,0.5992550738155842,0.5984181612730026
241,184,29.38457142857143,-29.38457142857143,-29.38457142857143,True,1.2533498260311715,0.3133897346600428,0.5254006690622535,0.19754200471565125,4.0,0.05115543073154988,1.8313072999454043,1.709282970308772,2.252252252252252,24.499348069232216,15.894905359950386,452.5699386373162,2757.974600746008,0.6860727117324027,0.9946914110532719
242,437,29.38457142857143,-29.38457142857143,-29.38457142857143,True,1.0318534435849638,0.2973654655739665,0.7614872876554728,0.19754200471565125,1.0,0.05115543073154988,1.8313072999454043,1.709282970308772,2.252252252252252,22.94851881917566,16.244201297927102,452.5699386373162,1285.129027441144,0.5339107192121446,0.8806422520428896
243,49,29.384857142857143,-29.384857142857143,-29.384857142857143,True,1.2496916516215808,0.3706136510727521,0.46291824035615214,0.14736196600304327,5.0,0.09149925364002473,1.8279473776663053,0.9360625717971427,1.507033600937575,22.115566117428735,12.292836463479619,637.7183064702864,2340.3765265888533,0.5524940730998118,0.7110104241580741
244,438,29.384857142857143,-29.384857142857143,-29.384857142857143,True,1.2496916516215808,0.20881525633089104,0.520845571748549,0.11861654026860981,2.0,0.13613283482358635,1.8279473776663053,0.9360625717971427,1.507033600937575,22.202458222267186,11.801032408756704,637.7183064702864,2340.3765265888533,0.8837478744359392,0.7110104241580741
245,199,29.386285714285716,-29.386285714285716,-29.386285714285716,True,1.0384257831756025,0.3859820000758837,0.5371659133583307,0.11855115406215191,4.0,0.2998803566525899,1.8074880839097087,1.621004977377659,1.841298702172935,23.114685941393965,13.012020102920413,483.6977630041746,2499.763175845146,0.6917860992252827,0.5668171695452413
246,254,29.388,-29.388,-29.388,True,1.0604043389700561,0.29646588271796087,0.4902589444751129,0.2521397259430851,0.0,0.527458314253576,1.7789810995339366,1.3981745008875315,2.200128306305111,14.99779078236282,11.260409223591047,409.75956977653027,2437.554960693082,0.6461015408858657,0.8217421020381153
247,439,29.388857142857145,-29.388857142857145,-29.388857142857145,True,1.2293647556863725,0.3579950945451856,0.7061241617426277,0.14163024462759494,0.0,0.11168540178816763,1.7636970945862327,0.9050057794142408,1.693311704788357,15.7398780900985,8.489106895185447,309.5272687729448,2504.7900769859552,0.968632401432842,0.5353498724289238
248,308,29.39257142857143,-29.39257142857143,-29.39257142857143,True,1.690757516489873,0.23270651526008768,0.8074870985001326,0.1026681930013001,4.0,0.39550086404851803,1.704870484474453,1.5731474240094183,1.1167303944802427,21.135127163327414,11.923207710624256,413.6243073269725,2176.5514860599114,0.5605917111698282,0.6718341759565453
249,440,29.39257142857143,-29.39257142857143,-29.39257142857143,True,1.4703917750550004,0.14753479086066312,0.8074870985001326,0.1026681930013001,0.0,0.39550086404851803,1.704870484474453,0.9459813935441712,2.0479479517154506,15.13780543859616,11.085904913967488,413.6243073269725,2237.3042736830616,0.8683158958058577,0.5692062485031784
250,441,29.396571428571427,-29.396571428571427,-29.396571428571427,True,1.3487819905329497,0.3533635273203254,0.5438815601170064,0.24828603414818645,4.0,0.04591221008934082,1.6436058555437274,1.2835634274828234,2.252252252252252,10.180754358880222,6.440936787155634,623.8215205725282,2272.780641913414,0.8799349335022271,0.8608886282891035
251,442,29.40057142857143,-29.40057142857143,-29.40057142857143,True,1.5574922149872983,0.31398712166412623,0.59519563280046,0.08008783311183566,1.0,0.21606220590714365,1.5780236132113536,1.0711259975010314,2.252252252252252,18.400893485949155,12.361750902930817,392.47080738395266,2482.4286494404078,0.8024181642432553,0.8352437194999607
252,123,29.409142857142857,-29.409142857142857,-29.409142857142857,True,1.3124409500819674,0.225832003224303,0.7880001233114582,0.20680197164335687,2.0,0.2190356033185718,1.4433946916090168,0.7986478520016984,2.102584600862838,24.51566590170331,11.318511705384513,638.0703769605745,2792.777596196348,0.7711444145883002,0.8742968090880701
253,443,29.41727527926708,-29.41727527926708,-29.41727527926708,True,1.3826624183751643,0.3129928963258862,0.6317493036389351,0.1342254551872611,0.0,0.578859602085501,16.062270016381937,6.622983652219795,2.252252252252252,10.957370614632964,7.167961662483537,538.7693537399173,2321.8244202435017,0.8523100269958377,0.7270625540986657
254,444,29.432,-29.432,-29.432,True,1.6334676622439175,0.3970395548641682,0.5822018623352051,0.1861093098670244,3.0,0.5734197095258161,1.0788044278702174,1.034068544292234,2.252252252252252,23.982591181993484,17.823417478136502,393.75558965839446,1399.9543972313404,0.7754044691100717,0.8416467616334558
255,445,29.438285714285715,-29.438285714285715,-29.438285714285715,True,1.0384257831756025,0.2594028599560261,0.5371659133583307,0.11855115406215191,2.0,0.22708314407058056,0.9798115439186148,0.9773582108763854,1.841298702172935,16.193362632766366,8.773579591453991,417.44815837591887,2499.763175845146,0.6917860992252827,0.63633629726246
256,446,29.445385988600588,-29.445385988600588,-29.445385988600588,True,0.9464237637776882,0.1466081364825368,0.3961176635697484,0.11343795144930482,1.0,0.48470762229748066,7.005848673750577,6.22048300345444,1.3275569444522262,10.116556426510215,5.245002739474164,214.5200341474265,2032.6387081295252,0.8620874434709549,0.5026494148187339
257,214,29.477714285714285,-29.477714285714285,-29.477714285714285,True,1.1244358531793397,0.34796414352953436,0.7464972602203489,0.08307972287759187,3.0,0.2570332941580623,0.3516622700509444,0.20794899863162186,2.1060062905474206,23.936031637713313,12.105535283003388,464.4628852642105,2204.140443354845,0.6342840869911015,0.6528857375029299
258,447,29.477714285714285,-29.477714285714285,-29.477714285714285,True,1.6256466569386423,0.34796414352953436,0.7464972602203489,0.08307972287759187,5.0,0.14992620678748933,0.3516622700509444,0.20794899863162186,2.252252252252252,23.936031637713313,16.17087232193325,579.8358316067606,2204.140443354845,0.6342840869911015,0.7575745829381049
259,324,29.490285714285715,-29.490285714285715,-29.490285714285715,True,1.2239749916397036,0.29707045819610356,0.7533122900873424,0.25527272820472713,4.0,0.23456412863582368,0.15325989709331722,0.14297202419838406,2.052824151702225,16.551738558337092,8.290348725451576,463.64971240982413,1877.468317747116,0.7488190094009042,0.7269819630309939
260,448,29.549685973422438,-29.549685973422438,-29.549745974689912,True,1.479314575723698,0.25739317227695424,0.4287740841507912,0.183691063541919,2.0,0.39994110158375823,2.6850367227729706,2.1647090571063767,1.134486350696534,17.08527969554044,11.102490600254159,411.51388108469826,2518.1117057800293,0.904691637278677,0.8397188110952721
261,18,29.573726671751977,-29.573726671751977,-29.573726671751977,True,1.2548291247267276,0.1348659511655569,0.7481602516025305,0.20439645865932105,1.0,0.26359385622814296,8.674624266300187,5.0134825690254,2.252252252252252,21.60415014717728,11.45218338989612,571.1087407078594,2107.3457282036543,0.5511172767728567,0.7587499432265759
262,407,29.09214603603585,-29.09214603603585,-29.59440260485315,True,1.298054454437256,0.38358050191344817,0.45074279540454293,0.1358682161299082,2.0,0.48470762229748066,3.8244455467248573,3.7177653810842317,2.252252252252252,16.309135229666314,12.33971747311643,404.54764880209456,1751.2553966702224,0.92676325087156,0.5496865213922469
263,59,29.602784932934462,-29.602784932934462,-29.602784932934462,True,1.1255606298254024,0.20009323572081608,0.4846869321539998,0.25736027907580133,1.0,0.21153967592322534,7.092244876794361,2.754191209636991,2.252252252252252,14.205449117128353,6.258108970477692,592.4829686625595,2068.0079373120143,0.7350523237827311,0.7067743104940724
264,355,29.636561465465633,-29.636561465465633,-29.636561465465633,True,1.4482474296861958,0.26033674994844264,0.36577783846200684,0.2278584062715447,1.0,0.29804679525718347,5.864337303577283,1.9854259686645328,1.914424579452576,16.550909819281525,11.576517692103412,232.01050632424545,1923.1699075947458,0.8341851383367334,0.5943312004831458
265,449,29.67337662929015,-29.67337662929015,-29.67337662929015,True,1.3691074221938837,0.26033674994844264,0.7367380653859514,0.131644700878991,1.0,0.2024988713235702,5.864337303577283,0.36902334792935854,2.0735077140761273,24.316020714950355,16.46338546822131,520.0859640868615,2382.643901286864,0.8987599613990467,0.797609021791639
266,313,29.68925241544229,-29.68925241544229,-29.68925241544229,True,1.326082635458608,0.18401221613632945,0.5385162081542098,0.2104774140766608,2.0,0.0698001460827063,2.4882980308924925,1.5056058050400285,1.914424579452576,14.553811304626542,11.199548315817346,407.85802887266993,2000.68143260204,0.8681788799728918,0.8357755954519128
267,337,29.741146209414218,-29.741146209414218,-29.741146209414218,True,1.6284087861131877,0.14134693178963847,0.5642022141194073,0.10196449842392001,0.0,0.28775888208761496,5.634157964875909,5.408266449438761,2.252252252252252,17.106787388177548,12.729687915668261,336.0698270611465,2883.7976935695647,0.7264684558745229,0.5285244690343587
268,450,29.86559032826555,-29.86559032826555,-29.86559032826555,True,1.7091837328067765,0.25958440555161794,0.5780745440000983,0.18180734086781739,0.0,0.42992577117190045,14.76766148940111,11.17294866610694,1.5468026189809472,18.363962466436956,14.473685656105904,240.4169618170439,2897.1674249021244,0.9700386878103018,0.6402381056987045
269,26,29.352027321848333,-29.352027321848333,-30.00837795307743,True,1.4890902884709296,0.26006053714393096,0.7414606591434285,0.25043914930894967,2.0,0.06965001547150312,2.4933927825498277,1.0902064949962895,2.102584600862838,23.12533084214713,9.679138052001537,565.3183287940919,2447.5705377640575,0.9395623020615168,0.7523236952590671
270,338,30.0644389514178,-30.0644389514178,-30.0644389514178,True,1.574046180665666,0.1479809430846099,0.30848462975481983,0.10737408646245711,0.0,0.20006061238404363,3.1143250876654998,2.4957489623836526,1.3369400337672275,13.703702019321597,6.631347888589095,551.1800090832667,2552.1863907200245,0.8226914191497294,0.5580344589964802
271,157,30.075802801670978,-30.075802801670978,-30.075802801670978,True,1.126323720439057,0.3492765558829603,0.40596796595901774,0.25457579851038553,1.0,0.33266695326879747,2.90381772621717,0.1168695367875614,2.252252252252252,21.72088601346058,16.232472282724338,210.77895074320452,2589.668788421778,0.7531990781418689,0.5259149698116631
272,82,30.08855116124631,-30.08855116124631,-30.08855116124631,True,1.4536525507867482,0.30029516761982855,0.6421035859631855,0.22839862777567269,5.0,0.4788883136592868,2.9207920306257087,2.69618253091965,2.252252252252252,22.15997790111225,10.72166416415944,627.6292586699128,1824.3715479977584,0.7149266325272556,0.5975113394670188
273,166,30.111965979178347,-30.111965979178347,-30.111965979178347,True,1.0184768699893791,0.2535193827078722,0.6170911157139573,0.29515331238508224,3.0,0.20144417718220498,4.707820073367147,1.6191647293620175,2.252252252252252,18.34304184963114,14.448745032784547,302.3327240203056,1922.1147801727057,0.9472990724172194,0.9378508892841637
274,451,30.115553751811678,-30.115553751811678,-30.115613754099584,True,1.6690875202698972,0.2362991173501478,0.6473025408537287,0.0989268771931529,1.0,0.24684402498826297,7.657361869741123,4.700002284628989,1.6675294050946832,16.62653357424819,9.403652379159828,491.23055466675135,2184.8126990942324,0.9648490897936621,0.6996828368864954
275,452,30.252019185792687,-30.252019185792687,-30.252019185792687,True,1.020791999314512,0.36416328331415615,0.4975153824762142,0.26504666118536974,1.0,0.5483420233467834,5.895185578637491,3.9678195372975313,1.849676486570388,18.712587716978753,12.253059444638048,244.11868544657665,1731.2856732654132,0.8017366875386158,0.5798220379470925
276,339,30.255443571647383,-30.255443571647383,-30.255443571647383,True,1.4561636333075287,0.23965666311134493,0.3719486296659179,0.22896378984957844,0.0,0.20907584663751538,3.6796388185877005,1.704231727585702,2.252252252252252,19.744501731035136,11.83702652425584,504.74028732818743,1981.6733095794916,0.6525989972196172,0.6113980921005766
277,319,30.273875563981882,-30.273875563981882,-30.273875563981882,True,1.0323673499763013,0.2580044404410067,0.5347114305407505,0.21623778661713,3.0,0.07122248165588824,2.5496853161323028,0.20007744880861544,1.8563944934320338,14.266611393541098,10.505629887709851,256.7532628774643,1687.7626295028385,0.5921048969451042,0.8393237143754959
278,120,30.29037857844353,-30.29037857844353,-30.29037857844353,True,0.9830922766998468,0.27971384407816857,0.6450642350453971,0.2627681894786656,6.0,0.12122820363122114,2.5023289136133524,0.11075532357642182,2.252252252252252,12.250962387770414,7.0551368689717595,648.2078396112981,2603.135166156772,0.9735681590722551,0.8195554949343204
279,453,30.309728903012477,-30.309728903012477,-30.309728903012477,True,1.6127353376660496,0.21296150606125594,0.8750032491981985,0.18420371385291218,3.0,0.04202659897338601,1.5045053162727626,1.034494464908784,1.133798774331808,14.19620065484196,9.301811700577584,223.2905713841319,1521.4435402303934,0.7661359142512083,0.9220475344918668
280,418,29.185654747310444,-29.185654747310444,-30.32969250683716,True,1.091539759017903,0.26886864793180054,0.6761089162901044,0.17116296200254777,0.0,0.3465292395121106,10.493811251131971,2.9369532589840412,2.252252252252252,15.521625960003782,11.78205373872404,206.75324849845234,1901.673514174915,0.767246739950906,0.6077857968815557
281,171,30.332996961133368,-30.332996961133368,-30.332996961133368,True,1.39105163126882,0.301197111771324,0.45149909779429437,0.14563969114328318,0.0,0.29768244522112025,8.290262820877489,2.2318877230047818,2.2360713090747595,20.64413629611553,12.655412946280656,526.3118423521519,2674.0322363425785,0.7735222278507201,0.861580140527487
282,454,30.33525431137366,-30.33525431137366,-30.33525431137366,True,1.3283249504354127,0.3618416174128652,0.5566240845220846,0.13911443373188376,1.0,0.30919993927258216,3.9106533196571,0.5258117672200875,2.252252252252252,21.800920390789635,10.1846053777724,210.2961632756885,1033.0602899193764,0.898392294999212,0.5510268798097968
283,292,30.403447894929723,-30.403447894929723,-30.403447894929723,True,1.5399809167924883,0.2139820627704945,0.369559994401702,0.2396434859047145,2.0,0.06012729924456839,1.6194962210239403,0.7726031208180988,2.1329989681013237,15.387914870196063,10.192173842501003,410.3374235839515,1988.9193665306545,0.8421493252044205,0.6354508347580198
284,455,30.407462299372725,-30.407462299372725,-30.407462299372725,True,1.6259825524678717,0.35712265887883077,0.4455879960098378,0.272666303092518,0.0,0.4925993884183466,6.270981705466978,3.5510914003829415,2.2129202766938647,17.654957377169097,13.649503406441145,550.808282766284,2470.003466844628,0.9428169619925556,0.5618845704423849
285,180,30.498951074492357,-30.498951074492357,-30.498951074492357,True,1.025057848176736,0.25330082719160313,0.4806241109197046,0.18813080753969544,0.0,0.30961524454039346,9.351583917239939,7.779945631153154,2.252252252252252,12.313433956161827,5.778698377890708,418.9208113949795,2740.7663662664536,0.6483414399593838,0.891855992821974
286,456,30.516417677614893,-30.516417677614893,-30.516417677614893,True,1.1516163540583104,0.3670664931833744,0.6804482633247972,0.15981537984684108,0.0,0.4360841971013694,15.611327323846254,3.4494322076269057,1.2479565497487783,14.381660781800747,7.579269363892649,603.3298648893833,2807.092349976301,0.8556513194926083,0.5356823126785457
287,457,30.570814429985816,-30.570814429985816,-30.570814429985816,True,1.7990239112243056,0.23722658365964888,0.8634791237256904,0.1714492881737385,4.0,0.21053784731365738,3.35517735094827,1.5309362641352777,2.1228945077231547,17.89457235198743,12.11296036991296,351.58499386161566,2900.6833359599113,0.5294478656724095,0.6245537803273142
288,110,30.13349676730506,-30.13349676730506,-30.578915242215423,True,1.0882116383239628,0.2211132775619626,0.8209308084100486,0.26656319737434386,1.0,0.2836764574643224,10.155300423590559,9.670241236926982,2.252252252252252,17.150886873714626,11.385038554334056,382.521757343784,2320.61967253685,0.8319788686931133,0.5684520052745938
289,173,30.623809891068976,-30.623809891068976,-30.623809891068976,True,1.0585773302367394,0.3408061636721515,0.5793113518673966,0.1860364961467617,1.0,0.3086098208190998,7.509831168429358,4.526324997886776,2.252252252252252,16.447334575453304,9.58803388083855,275.12908863641013,2222.4852415312857,0.8809800869087048,0.5644181407013564
290,459,30.64021761986699,-30.64021761986699,-30.64021761986699,True,1.0585773302367394,0.14674341633722876,0.5521709635607499,0.14872877391055225,0.0,0.3802852789985985,7.509831168429358,3.9288266240557634,1.628005732492086,16.447334575453304,12.823734784409787,275.12908863641013,1700.8972422773468,0.6369118121686633,0.5174546499981028
291,460,30.649518646221278,-30.649518646221278,-30.649518646221278,True,1.2909597229644656,0.24500567603856327,0.8212089596316219,0.18048723328858612,1.0,0.5540226664289831,3.6796388185877005,2.319403791913908,2.252252252252252,21.43435680307448,16.072383489344354,581.0312992893159,1981.6733095794916,0.9297655206173658,0.6051559848710895
292,458,30.636017380043427,-30.636017380043427,-30.65121938972465,True,1.3028154670331626,0.22318079106460204,0.6271717289462686,0.1934607693815825,1.0,0.4667836558712374,5.810846334320754,1.764825830184666,1.8842791500501335,14.829319410103396,7.021485098190253,427.08071184891355,2601.0893303900957,0.7335131792351604,0.6829599658958614
293,461,30.66253632624723,-30.66253632624723,-30.66253632624723,True,1.7990239112243056,0.23722658365964888,0.5988754536956549,0.14158392246812582,4.0,0.21053784731365738,1.5370783826940642,0.8234428071419444,2.252252252252252,10.589998685754836,7.142431894607483,351.58499386161566,2900.6833359599113,0.5294478656724095,0.5657961489632726
294,462,30.716336354998717,-30.716336354998717,-30.716336354998717,True,1.0323673499763013,0.23579663526266814,0.8852521156892181,0.21623778661713,5.0,0.07122248165588824,2.5496853161323028,0.20007744880861544,2.252252252252252,14.266611393541098,6.0168807175554075,256.7532628774643,2572.840578854084,0.9892134936526418,0.8393237143754959
295,74,30.752599809294217,-30.752599809294217,-30.752599809294217,True,1.173986640809431,0.2556861209896631,0.4117360463965662,0.1985573857995201,0.0,0.3893782210598008,6.202349409666579,5.2671734238712515,2.193535576241703,15.737123595050647,8.812578865893434,461.2199489066461,1460.9888515805997,0.9911492057219988,0.6774093757530522
296,463,30.798012037809638,-30.798012037809638,-30.798012037809638,True,1.22753883575927,0.3946084608926479,0.691588811343486,0.13761978202246294,0.0,0.4519535533442507,4.212057243548189,1.6241005335200072,1.7922677211463451,12.973428017647848,10.342142215772686,571.7719720670256,2734.6237186864646,0.5629376834803461,0.807605562966096
297,208,30.801099581109025,-30.801099581109025,-30.801099581109025,True,0.9411044886428863,0.3903048215433955,0.8523722626268864,0.2608372158743441,9.0,0.1818101470282301,0.14219087619936133,0.08945456829811071,1.492533783428371,19.439413249492645,8.674413568893822,371.89614274539053,1039.5924784243107,0.7573670889250934,0.8533064881339669
298,89,30.94557846295554,-30.94557846295554,-30.94557846295554,True,0.9549268770133341,0.31480034548789265,0.30222647833233396,0.2617749744545187,1.0,0.15614322048220783,5.589752943467959,0.9337633900288633,2.252252252252252,21.498021420192227,8.985135571749815,228.04361030529236,2805.578351670535,0.6956305031997683,0.7974222570026079
299,100,31.022077030256415,-31.022077030256415,-31.022077030256415,True,1.5946610719479621,0.2880846352688413,0.8072329921101398,0.29602702032774686,2.0,0.5317849108186502,4.420880094150177,2.3858067484585757,2.252252252252252,23.233983561961118,13.81375997907386,578.1293666455895,2813.323976209643,0.5740563403815031,0.9363359159512104
300,200,31.061472145178712,-31.061472145178712,-31.061472145178712,True,1.1123723348073662,0.27139002725762523,0.46479084199752524,0.18545570100061248,1.0,0.416919937549224,8.72261113925929,8.178013413130742,2.252252252252252,14.464692926201996,10.656110786408892,297.4726937384904,2943.0115600741738,0.8828411605209112,0.6801532389435355
301,195,31.093218372289154,-31.093218372289154,-31.093218372289154,True,1.238716119548081,0.1596554975627525,0.6506646790851892,0.10698202158982612,0.0,0.3056267642290559,7.794616517104364,3.482813410117301,2.252252252252252,23.181034060359107,15.410955387910079,239.14200851426014,1944.5410707633603,0.8328913316476393,0.582290658261627
302,21,31.095362281717122,-31.095362281717122,-31.095362281717122,True,1.3281160338692368,0.3509094963222742,0.8826724005863071,0.22965531086549162,2.0,0.158579004005529,5.676951273802683,0.38989659498789564,1.8671703548170626,14.361393479630351,10.086849504202043,597.9548215400428,1223.9035498350859,0.7348652849905193,0.8126381407491863
303,464,31.264744494908594,-31.264744494908594,-31.264744494908594,True,1.7667213235566188,0.18849592508757546,0.3936911767132881,0.2586117499155859,0.0,0.08365084946288154,2.763656816587922,0.0812221177498813,1.8093977461369155,15.656115947732058,10.815970649506307,333.27655745030165,2623.1886993770067,0.9289235057171368,0.631619850217155
304,187,31.36565610346675,-31.36565610346675,-31.365716104732808,True,1.2655728569845188,0.3370734792822114,0.655906649031296,0.13569657314568756,1.0,0.348248416944783,4.136049305545963,3.5919960283071184,1.1892143418081105,19.96559167233236,11.433386891318928,301.0677628193886,2409.0654219283692,0.6553637168014071,0.7519303662702441
305,376,31.36636508212605,-31.36636508212605,-31.36636508212605,True,0.9580141725055874,0.30856389183551075,0.5154102355241776,0.14515065150335432,5.0,0.04829088494144379,1.7287597592164836,1.2630860263963122,2.252252252252252,22.580330381169915,13.120391012330558,296.53003993444145,1418.4148591011763,0.7353745130822062,0.6970509318634868
306,143,31.477208730666536,-31.477208730666536,-31.477208730666536,True,1.3984645148048769,0.39908898502605494,0.5842981059867722,0.15935073822042958,3.0,0.31322403525681414,4.134882831396002,2.0917639556714303,2.1589068619196197,20.50021285421873,13.095677239846044,432.0645194950379,1571.8682433376098,0.5901477900548013,0.7527425562073524
307,465,31.56699642067268,-31.56699642067268,-31.56699642067268,True,1.6087320650177206,0.20096719496761872,0.44403025802149465,0.0934115779027343,0.0,0.5497807824693528,3.791694977643166,1.8395206308758816,2.252252252252252,15.304156420752406,9.341177653937844,251.6284164886602,2624.5572882107617,0.5575325476002315,0.5420362278819084
308,466,31.582007535343347,-31.582007535343347,-31.582007535343347,True,1.7229677333660423,0.21649928573518992,0.41276064421981573,0.29754483621567485,1.0,0.12234801301844414,0.7676785415864753,0.108416320641048,2.252252252252252,12.196615021675825,7.661605760573538,541.7538879439235,1256.1081051826477,0.8226677654311061,0.7241943283006549
309,467,31.62020254108748,-31.62020254108748,-31.62020254108748,True,1.1808292292577778,0.287946844260033,0.7590266160581567,0.19989459302357138,1.0,0.2917468420535186,9.105502726336479,3.426061504168781,1.8708598373816208,15.809735228160713,10.311450578065058,429.8098159953952,2566.959932409528,0.6238382116130485,0.7591582533480996
310,98,31.700982360788387,-31.700982360788387,-31.700982360788387,True,1.460072137382409,0.1446438017050926,0.5158767821036039,0.22020591237291018,2.0,0.19633158603801054,4.010878150276431,3.4717962311991384,2.252252252252252,23.59700174536556,9.583625478047551,549.6617502577462,2509.52309230728,0.8799682381305727,0.7963155090709284
311,468,31.70395096414425,-31.70395096414425,-31.70395096414425,True,1.5497774984251707,0.375933496914804,0.4846869321539998,0.25736027907580133,1.0,0.20689018518589433,7.092244876794361,1.878979915215563,1.3199524451047182,15.722816670313478,6.7055323034424505,527.2457774728537,2062.739986926317,0.8178686057217419,0.6643100073561072
312,469,31.783108931962385,-31.783108931962385,-31.783108931962385,True,1.6871555595181882,0.32810688366475216,0.7254648188488536,0.10887380149989315,1.0,0.25355146953883895,8.527156550245508,0.7347639094219769,2.252252252252252,21.71540393182847,11.956850831619425,463.7202598698787,1607.3356581363903,0.7936873619251453,0.6701188211361859
313,141,31.828207004930697,-31.828207004930697,-31.828207004930697,True,1.1195661876510932,0.3126753735366964,0.377274180236317,0.20460978840463923,0.0,0.5694975455740466,15.677971289841368,15.421016041368826,2.252252252252252,18.88455055249998,14.22031016676292,232.32884133269673,2711.6281374155815,0.8760589662064076,0.7605648790486157
314,34,31.986304677992692,-31.986304677992692,-31.98831769366654,True,1.5401061322579341,0.18722352154552935,0.4555870581418276,0.2675202052187218,5.0,0.4489942192246221,0.3496545155484725,0.2982588722210977,2.252252252252252,23.961030050136575,10.925221312969224,293.6307589057833,1875.3355412962726,0.6339828558187932,0.6810669084079564
315,470,31.99164990069085,-31.99164990069085,-31.99164990069085,True,0.9563654400817847,0.21162876162678004,0.5521709635607499,0.14872877391055225,0.0,0.3802852789985985,7.509831168429358,2.341186519582358,2.252252252252252,22.32364304829389,12.481563586294534,316.56321043137007,2223.818805959096,0.8610862557095076,0.6378725398155369
316,112,32.05210757604754,-32.05210757604754,-32.05210757604754,True,1.032763377634816,0.2395060424190978,0.6498151794075966,0.19190732160583138,1.0,0.23958518807407003,8.134929977252774,3.3366479858291607,2.252252252252252,13.16984853425408,7.099105828025526,528.8379130393099,2383.330107539731,0.7327019361717401,0.6166203207231182
317,154,32.09129463534532,-32.09129463534532,-32.09129463534532,True,1.0452914151736998,0.31637106494861217,0.4585699170832323,0.1423088183067739,2.0,0.14667863180544227,5.250931237016142,1.8764559178559992,2.0391112725624163,19.97270954666232,13.98862673288744,288.7422236126147,1224.2475058883429,0.9067910244282611,0.9878329844214022
318,3,32.218257684218734,-32.218257684218734,-32.218257684218734,True,1.4645880582157522,0.22498995853054404,0.5243301367681289,0.12042272539684507,1.0,0.13230622575394807,4.736415148626568,0.35115984492651897,2.1495525082573295,18.17149121305535,8.797287234178691,519.9124640911552,2288.698337972164,0.8776839385993025,0.8626671855902392
319,379,32.264744706824885,-32.264744706824885,-32.264744706824885,True,1.6303024148204865,0.200213441957529,0.6615011482851174,0.26471752636383716,3.0,0.24589239785662556,2.346877273673428,1.6484052271508407,1.914424579452576,20.40949793549788,11.803058487303081,293.49116348178967,2624.4467075445195,0.9649170595196673,0.9042528349440986
320,329,32.26697912001859,-32.26697912001859,-32.26697912001859,True,1.578097751222645,0.167213068716228,0.31757922552236173,0.25938503434881566,0.0,0.44869934718459836,5.662646810058275,5.349168524352328,1.914424579452576,13.039852685772708,7.896274921818502,321.4514672894062,2866.2577778650243,0.8874593046493828,0.6401520087383687
321,471,32.3131517926892,-32.3131517926892,-32.3131517926892,True,1.7103267164420335,0.3442417420056576,0.5501214964315295,0.12157255788642057,3.0,0.14723639735183836,2.497842589238486,1.6865342209241803,2.252252252252252,15.974176158197224,11.634907622029779,615.3702054212755,1639.6375462902283,0.7656957136292286,0.6184452140859165
322,144,32.37065916236982,-32.37065916236982,-32.37065916236982,True,0.9450131031095295,0.29623036358421223,0.6636798758295606,0.19521232303169905,5.0,0.18590185751881427,1.0361991639119292,0.14608099778472017,2.252252252252252,19.574395427618075,14.9206348971461,269.28447781231796,2509.914058959007,0.5611691046506166,0.7867072582745214
323,343,32.44053175553006,-32.44053175553006,-32.44053175553006,True,1.479851885823055,0.22530114411021607,0.5558012964203953,0.2427016952075064,1.0,0.5265507159857079,8.560809462115362,5.3623909747821,2.252252252252252,13.734499206766486,6.562478828470206,495.1587515883148,1162.735412313028,0.551673277746886,0.7088182447478175
324,153,32.50425360114191,-32.50425360114191,-32.50425360114191,True,0.9327284413787748,0.2803052741210327,0.5016460494516255,0.2775650155883981,1.0,0.3990552036366394,3.0436669519392154,2.22057658678418,1.6445470582693815,18.067471819595724,14.251646588111658,290.47460301907313,1795.386578068599,0.7662040067443785,0.5079192593282487
325,156,32.59297796597607,-32.59297796597607,-32.59297796597607,True,1.5486076873887717,0.21086555214833025,0.5506648225829743,0.20996314378011577,1.0,0.35918987949956926,4.32809486709181,3.2889996383342437,2.1440198380119098,21.600896264917665,16.252277021246627,227.49331402883246,2627.0289713156258,0.7815034686006314,0.6595214590298024
326,472,32.5964609323403,-32.5964609323403,-32.5964609323403,True,1.4673302571650595,0.15887745883315801,0.5103272918611765,0.12325417028740049,1.0,0.03678787024449559,1.316964677352214,0.7087205203209379,2.252252252252252,18.93284459132701,8.37528554834931,403.10794874094427,2532.5864776968956,0.6788987359032035,0.8167987815104425
327,473,32.60578519937849,-32.60578519937849,-32.60578519937849,True,1.61188615594927,0.21057856930767166,0.64766749883403,0.21683505620189245,2.0,0.21059908169206198,4.797714737058582,1.7346075041621507,1.9778760792209402,19.05197601498568,13.489238431662711,302.43966541263563,2075.4401737944204,0.8105878473119796,0.555048267559167
328,273,32.65232449815409,-32.65232449815409,-32.65232449815409,True,1.629122568183502,0.15260842848929682,0.48675864078104497,0.14123081808611998,1.0,0.30686652244842716,2.697263945201179,2.3423839857455047,1.914424579452576,24.03394882122027,14.066373629678074,404.94659397946657,2885.7833785942294,0.7286987844854593,0.5668413615724135
329,35,32.65694932444249,-32.65694932444249,-32.65694932444249,True,1.4555237222563475,0.35043809663856385,0.8180956732481719,0.24231100725951363,1.0,0.3263123640014812,9.814180368394151,0.060843285391511515,2.2038815148566853,21.664014208716196,11.24690056471518,613.093124951702,2972.014308826172,0.9053749785776346,0.8029863507358399
330,474,32.67572531401531,-32.67572531401531,-32.67572531401531,True,1.4251091136505265,0.38087742526084184,0.5556996753549902,0.25850877229480784,1.0,0.26652527230713147,5.454718957972247,4.029949962152488,1.6530780011700412,20.211595888746665,11.259348610637591,486.65861123800283,2772.833289578557,0.6627486677868153,0.8701250807542178
331,475,32.700039476237585,-32.700039476237585,-32.700039476237585,True,1.6660498735699802,0.24438410598784688,0.32298735044896604,0.16101811399683355,1.0,0.09398077027816323,3.364406636864577,3.2312604556703395,2.252252252252252,16.584020452573895,12.391471613073879,633.6676638573408,2855.4989881813526,0.9432595469988883,0.7011997830122709
332,476,32.71001712737447,-32.71001712737447,-32.71001712737447,True,1.020222372453291,0.3822003192790811,0.7111687964781169,0.2084493947006836,5.0,0.33102093251055154,3.4156896577203524,2.626568684005285,2.252252252252252,16.442810992732106,11.284166218455566,233.0639499265031,2830.7948703473003,0.7692100751102187,0.678745999489318
333,477,32.74790755140599,-32.74790755140599,-32.74790755140599,True,1.5742640765203206,0.18849592508757546,0.36905402217459954,0.2607858143923457,0.0,0.36504909409804254,2.763656816587922,0.0812221177498813,2.252252252252252,13.129352802899202,9.79045403204765,355.87333584346334,2244.4287426619226,0.9053703968533369,0.631619850217155
334,478,32.90772471620823,-32.90772471620823,-32.90772471620823,True,1.1036133739075602,0.38132594050199803,0.8041555324661324,0.21189250284805894,5.0,0.3023842719646757,2.3213551954407663,1.3356606668870707,2.252252252252252,19.485398224776862,11.493229286717131,613.5637847284371,2027.473395690322,0.6564937965013087,0.875424553499432
335,328,33.25346454132567,-33.25346454132567,-33.25346454132567,True,0.9806619482364507,0.12741452906530332,0.405608490531315,0.16403555987990584,0.0,0.2153010755715688,5.074121277990851,2.184013925802171,1.914424579452576,21.986297200704144,12.097190637693384,624.5278907939792,2721.4432157758793,0.7820048297128206,0.581291619270218
336,480,33.28255658900747,-33.28255658900747,-33.28255658900747,True,1.1343713613871484,0.31825757399201393,0.5133261719718576,0.2551294453560709,1.0,0.49303722863737487,2.7181158545427078,1.6104240151283857,2.0141555712952384,19.06610365157821,13.069052187544472,610.8216510154307,1882.9428381174105,0.7894604487605809,0.6550845853053033
337,481,33.317142857142855,-33.317142857142855,-33.317142857142855,True,1.2576831202325283,0.14357557659141856,0.40596796595901774,0.1669459326030939,1.0,0.33266695326879747,2.90381772621717,0.1168695367875614,2.252252252252252,23.020592190860185,16.232472282724338,200.67123677058657,1599.3822851241516,0.8925914140418172,0.5259149698116631
338,482,33.36152221800708,-33.36152221800708,-33.36152221800708,True,1.2358870307352394,0.2740743341175741,0.7879062223818794,0.2100833173784768,1.0,0.20489986776246735,6.939141905138047,2.69618253091965,2.252252252252252,20.255147553834874,11.895239815122054,627.6292586699128,2846.4380055840397,0.6963102563851045,0.5975113394670188
339,483,33.407667918338426,-33.407667918338426,-33.407667918338426,True,1.5543189435485751,0.28837756011635063,0.7226939024403691,0.21447681104764343,1.0,0.4793929472623392,6.651657565619883,3.569157205708062,2.252252252252252,14.069975465536118,9.899980620260486,629.6081002801657,1784.9523723125458,0.9758884035982192,0.6905191577970982
340,245,33.463235364926305,-33.463235364926305,-33.463235364926305,True,0.9219679862814636,0.36526959715804724,0.6006507474740285,0.2047227306168055,4.0,0.4882815434611181,3.5663423818808644,2.0291733028451553,2.252252252252252,20.011104283225947,14.99305060227602,394.76780994874,1563.3537658971004,0.7472462666818324,0.5988816976236173
341,365,33.46761366261704,-33.46761366261704,-33.46761366261704,True,1.3227936479803177,0.19213668014324717,0.32637740392237896,0.21988636324182154,3.0,0.1249787180659378,3.981811101353122,1.402361447465129,2.252252252252252,10.310282860355612,7.6998450190445284,340.0284001692879,1078.1251472392887,0.6979166625634317,0.5257017386708263
342,12,33.51698396272518,-33.51698396272518,-33.51698396272518,True,1.3997119707915933,0.3984494766985206,0.5697515072215613,0.23970473144170973,5.0,0.04337815018389374,1.5528893404644766,0.9488879333421334,2.252252252252252,20.79932004104959,8.52653370400423,605.4364872647061,2274.4494728004115,0.597397953536688,0.5264237170668773
343,298,33.566667712879344,-33.566667712879344,-33.566667712879344,True,1.7987360291068435,0.18865594826494653,0.7294967707033361,0.1811807905597494,2.0,0.27036580566037444,5.3553022340557845,2.8342433830146465,1.304523689408225,14.121395298279822,7.153711705441666,637.4555330723524,2291.8198172712764,0.5486135692335665,0.5935193842306054
344,152,33.63078664661016,-33.63078664661016,-33.63078664661016,True,1.045096012359358,0.34526924897821176,0.4715481257843368,0.20892507662465515,2.0,0.44385252864342173,4.064686600852901,1.9370757747882053,2.252252252252252,19.542199224995567,13.51359558909325,604.2910351601606,1983.2811821252108,0.7624828351781812,0.5872350367717445
345,484,33.64881679645886,-33.64881679645886,-33.64881679645886,True,1.3467545682464153,0.25286991343591475,0.7344216653024769,0.15935073822042958,4.0,0.36677916338689237,1.8782165505482542,1.1928997153643746,2.1773759487354645,17.1578499217765,13.095677239846044,387.0979297174582,2279.6780742395313,0.5901477900548013,0.7527425562073524
346,485,33.65868751193316,-33.65868751193316,-33.65868751193316,True,1.5139327744473485,0.17332716841250656,0.77729065194726,0.13822601789608596,1.0,0.3430357133599046,10.361431367752209,7.569017114831784,2.252252252252252,13.843187239239795,8.502565187984818,469.92778585598734,1323.7069696187973,0.9051399233639765,0.7132948865128166
347,284,33.75455595047491,-33.75455595047491,-33.75455595047491,True,1.3301587648097426,0.34817880000919105,0.643297185190022,0.24925084050744772,2.0,0.3459007471034303,6.7439651804563,6.690235543702667,2.252252252252252,13.165630279108882,6.297192191470076,574.7744218911976,1514.806529507041,0.8986522476188838,0.5214011436328292
348,188,33.77533832610314,-33.77533832610314,-33.77533832610314,True,0.9510069820074639,0.36995076856801945,0.5238937693582282,0.2044883917718752,2.0,0.33377101956193905,6.124501116248138,3.835961756621175,2.252252252252252,19.395410021925034,9.75980465846477,327.3322062111678,1377.6179161075324,0.8453680288541594,0.599810205940071
349,359,32.86221720600982,-32.86221720600982,-33.85412714125117,True,0.9276824050586672,0.14695703100413085,0.699955990165472,0.20504433291032909,1.0,0.47223527218438677,1.296250001378434,0.15135199187590587,2.252252252252252,10.997751411050558,6.8912225595224355,369.6423596236855,2944.5525389164686,0.6426020222716033,0.9130266718566418
350,102,33.98073038031024,-33.98073038031024,-33.98073038031024,True,0.9201985300820321,0.18160015560686588,0.3617904379963875,0.2033326395601034,8.0,0.048589230468124134,1.7394401959384993,0.1299675444975712,2.252252252252252,13.003510357812047,5.898661826747227,416.3782671093941,1865.466382354498,0.7014465620741248,0.7800349816679955
351,487,33.987607851464574,-33.987607851464574,-33.987607851464574,True,1.1894079955253751,0.25157544918358327,0.6820845101795203,0.12845467559167445,3.0,0.19001987499772804,1.5486198769581119,0.14144817121293762,2.189066506922245,24.79414696805179,13.761926274989994,229.7722208313644,2431.558320298791,0.7129303094416137,0.7662988282519653
352,76,33.989449310571345,-33.989449310571345,-33.989449310571345,True,1.3928268664522208,0.2655023420870127,0.56315018518682,0.16440220563936603,3.0,0.23207614039417285,4.489303437847861,1.9830316206322482,2.0572499145885286,19.408860401609058,9.491204994748518,399.3691780929151,2508.2897249129574,0.9988715589490286,0.5525255030497849
353,211,34.14521431735453,-34.14521431735453,-34.14521431735453,True,1.106090741358366,0.1822919553913553,0.613865295611322,0.13040099012529577,3.0,0.47165629424311983,4.212215304745192,4.021037737130743,1.8528653781001447,15.17841018461376,11.809426138866735,214.50388121364978,2001.6560906771488,0.8220411892118475,0.7412008638493717
354,489,34.16648550849583,-34.16648550849583,-34.16648550849583,True,1.5486076873887717,0.14622984751480944,0.5676864396946912,0.23244171062465377,2.0,0.3098480515057387,4.32809486709181,3.909689288818236,2.252252252252252,21.600896264917665,16.252277021246627,540.0347602236959,2309.146012413383,0.6601140909909164,0.6531206186453614
355,167,34.18610472986144,-34.18610472986144,-34.18610472986144,True,1.2295637338503393,0.36122456421786986,0.6179436150331796,0.2903496985725375,2.0,0.33238712077494703,6.151736885123838,2.931836906159809,2.252252252252252,18.97867718703138,13.309868941385616,361.0606581817633,1970.6913719611389,0.7649079061721172,0.6795898413665467
356,116,34.372005096640926,-34.372005096640926,-34.372005096640926,True,1.4687805355654335,0.3040912411607495,0.6366774265104748,0.1617573910353137,2.0,0.45890239679881384,2.9304202487836104,1.9331591623308917,2.252252252252252,20.57207725942135,12.911925140022554,464.854273269488,2515.6382558070154,0.8623190871439874,0.6384243344611855
357,491,34.3860406531331,-34.3860406531331,-34.3860406531331,True,0.9178242824688554,0.31132804993540053,0.3039504932239651,0.09086059890687466,4.0,0.11322140110116452,4.053199736205748,1.424534893303182,2.252252252252252,21.13936739973724,15.901209345961004,314.22527227550745,1547.1673384308815,0.6175154452212155,0.7035870109684765
358,78,34.39796020280511,-34.39796020280511,-34.39796020280511,True,1.1332233018614353,0.1656731944158673,0.573715409450233,0.10638485325500369,0.0,0.4945855078054591,7.986864598424313,3.1103048300378724,2.252252252252252,17.02729652170092,12.441430579753455,596.0629928857088,2732.1069668978453,0.717738953884691,0.8251413912512362
359,259,34.428776709192775,-34.428776709192775,-34.428776709192775,True,1.3568881923943759,0.22977296236902478,0.5325108954682947,0.10641258832067252,6.0,0.18453368177879598,0.9112091115381933,0.3253948000880218,2.2338064406067133,24.16267402470112,11.547591108712094,430.93074006028473,2098.0425979942083,0.995331003330648,0.8699870184063911
360,227,34.47279357928772,-34.47279357928772,-34.47279357928772,True,1.0152109249278771,0.39671265007242873,0.584628907777369,0.18069584312298295,1.0,0.5085261330418288,6.4736690807500565,2.83968351964044,2.252252252252252,15.451908908251163,11.460644898271617,561.1744794849318,2910.8574311346256,0.6802335304730642,0.7268093344761826
361,492,34.47829939271572,-34.47829939271572,-34.47829939271572,True,1.1841031502723693,0.156654912084341,0.8625967824831606,0.24900974551215765,0.0,0.2801531145872548,9.677421467158162,2.0969214660628506,2.252252252252252,23.328550830483437,15.410955387910079,287.66120853833854,2907.394891604781,0.9808195945806801,0.582290658261627
362,493,34.4785371444027,-34.4785371444027,-34.4785371444027,True,0.9170009100960012,0.23718885358422995,0.6325585393929614,0.08983766327995314,1.0,0.2949939422812396,7.494090451362071,6.085521265588368,2.252252252252252,16.75757748360118,8.807461678950647,500.64622475765646,1892.881367355585,0.7331295520998538,0.8438998596708887
363,494,34.492931192609696,-34.492931192609696,-34.492931192609696,True,1.5014637786710068,0.20487930181179886,0.48388233009860937,0.15125387087464331,1.0,0.2917468420535186,9.105502726336479,5.361494069921728,2.252252252252252,21.9335320887538,10.311450578065058,429.8098159953952,2566.959932409528,0.6238382116130485,0.9954281901009381
364,287,34.60969608592234,-34.60969608592234,-34.60969608592234,True,1.1548635888689487,0.13099748241607562,0.4310027502381909,0.2724963883512037,1.0,0.16001222582809824,5.073265095663442,2.726297796078896,1.7363007642781525,21.14119518064108,12.70408788075196,332.9938105776873,2550.752241663159,0.781144467508553,0.5705211148014027
365,479,33.0636946077217,-33.0636946077217,-34.70309710580077,True,1.5568168125733735,0.18988893270492554,0.8076516553759576,0.13222310269251464,3.0,0.13897589384112505,4.9751818187843675,1.751559918233509,2.042243519797921,18.11578688211739,12.382786343942879,343.429259583354,1740.055538713932,0.9441599543206394,0.8466635518707335
366,323,34.775621270847374,-34.775621270847374,-34.775621270847374,True,1.36331874393411,0.17501779533922673,0.7438039161264898,0.27591853959485885,3.0,0.06187376268841327,2.2150116158927684,1.0108653609859122,2.252252252252252,23.48807157948613,16.32361859552427,495.836777985096,2833.7807711213827,0.5419379319064319,0.6633684705011547
367,495,34.81327882770554,-34.81327882770554,-34.81327882770554,True,1.1439877243386616,0.23603507608175278,0.7678398906253501,0.22929970907047387,1.0,0.3116855126276843,4.271320109953906,4.03042536117906,2.252252252252252,21.111822630123005,14.715598261312438,488.4969651108655,2463.2747619974043,0.7045307859521803,0.6933577946634398
368,4,34.911646451755,-34.911646451755,-34.911646451755,True,1.1939677307737044,0.24702975647683262,0.6378620852348645,0.17149070691812582,5.0,0.32415334867978174,2.6138826687880794,2.1902803416012038,1.7299880781024068,21.88032197928972,11.178732997810341,496.5464605229285,1652.3265502454308,0.7329409020946835,0.5095995785668492
369,366,35.04059797364968,-35.04059797364968,-35.04059797364968,True,1.5326307844629814,0.1335417710345077,0.5794964573600583,0.08830431059309264,1.0,0.38999273832361303,7.24297695731791,4.363799999180954,1.914424579452576,21.238818253203277,10.266391441933065,256.1594581149848,2288.3451983465498,0.602952518571405,0.6434981388747247
370,103,35.10412970739332,-35.10412970739332,-35.10412970739332,True,1.6053503376161686,0.3983964162342394,0.3839842763551751,0.2700484033727202,0.0,0.5605265200192108,8.682448596054359,7.780055637320698,2.252252252252252,18.40287399221636,10.659690836505963,571.2438897053452,2432.124520510569,0.921698491089046,0.8049739035192041
371,261,35.13128724954907,-35.13128724954907,-35.132714768054456,True,1.4902002984005958,0.20274905603379012,0.6745644187554718,0.19092069989070296,3.0,0.4516132844343781,3.4855520441069254,1.4298378892985841,2.252252252252252,20.27557619381696,8.151689558756624,386.09968167729676,2348.528502508998,0.7384341303259134,0.5006016874685884
372,496,35.14459854188768,-35.14459854188768,-35.14459854188768,True,1.4017315075948835,0.2996411547064781,0.7708972625434399,0.29907928228378294,2.0,0.4751589925123378,6.430274268309385,0.5004644482018712,2.252252252252252,13.16003201995045,6.380815992788626,200.40330323390663,1626.4197286218405,0.5574947497807443,0.8919677268713713
373,32,35.246727304880984,-35.246727304880984,-35.246727304880984,True,1.332679792581161,0.28843545371360463,0.5405230235439847,0.14133793789736368,2.0,0.2929788840141849,3.8832653513843978,0.20612030880775656,2.090004101158873,24.384880887761565,10.069771419004413,507.1349890182906,2374.7724630473713,0.8559574487152108,0.8197535916594956
374,210,35.26510641362381,-35.26510641362381,-35.2665437352687,True,1.5371448180656881,0.27597805209457876,0.40249492786824703,0.2827154279872775,8.0,0.028429839059710527,1.0177564935292551,0.3494201941272195,1.43888142099604,16.041813995689154,7.247638494761668,457.5135893188417,2640.533359721303,0.9079348891973495,0.9610524061135948
375,203,35.395730343425505,-35.395730343425505,-35.395730343425505,True,1.433947223596064,0.28774285547476686,0.3411429082329471,0.2390074029006064,6.0,0.15580831232629716,2.760294981068819,2.5633476646563267,2.1184904407024194,19.924247674643993,8.918682824284318,539.1867136414234,2222.3494326946525,0.5273800436407328,0.9437268199399114
376,486,33.808985055811604,-33.808985055811604,-35.534830438631786,True,1.65860883413665,0.3091051005572081,0.6939761873334647,0.29515331238508224,2.0,0.20144417718220498,7.211476610199794,6.44422880765209,2.252252252252252,21.547032981179655,11.1099400311129,204.71321120858192,1922.1147801727057,0.7844208804890513,0.9378508892841637
377,490,34.31046555123528,-34.31046555123528,-35.68512772556387,True,1.1944570524106362,0.31562771402961265,0.3945322507162221,0.21393863383769424,2.0,0.39226059288709947,3.2548379080886063,0.692255354978375,1.914424579452576,13.235902277715434,8.94081849895564,214.94725014418765,1572.0773884562923,0.9479991388507187,0.7714350945533667
378,488,34.046769089008315,-34.046769089008315,-35.83234136025749,True,1.5742640765203206,0.260680687956499,0.43029967857201046,0.09268313582733749,1.0,0.36504909409804254,9.947903622569385,2.1941195050196907,2.252252252252252,14.69994566488229,10.331629022556339,596.2214726034047,2210.772879942393,0.9053703968533369,0.8070127918367731
379,497,35.89437276615216,-35.89437276615216,-35.89437276615216,True,1.0222416368708014,0.2307689852324064,0.33751759403862786,0.25965423258624143,4.0,0.23837598499432205,2.98262135298973,1.3971600142832727,2.252252252252252,11.715685948729515,8.550277804819256,432.41121675470987,2864.339839667082,0.6073931574292901,0.9418445257470012
380,278,35.91923249952836,-35.91923249952836,-35.91923249952836,True,1.4106087412754236,0.1661182907646379,0.42114817432580187,0.2968955295578345,1.0,0.1966698006869665,3.9302634321494025,1.8724091766747062,1.3369400337672275,13.328310670565608,8.541457284196277,597.9627241278399,2243.5028916518168,0.8375557109867655,0.5597085366025567
381,498,35.96013627774858,-35.96013627774858,-35.96013627774858,True,1.6443281994822596,0.17061055308948558,0.4310027502381909,0.18847241599991793,3.0,0.09840451015123161,3.1803857809839293,1.5480383681091947,2.252252252252252,19.992100665254103,12.70408788075196,274.47156780892544,2204.0149340020976,0.9218968970123927,0.6996870492793903
382,499,36.56193210062378,-36.56193210062378,-36.56193210062378,True,1.368491269122064,0.27375336755067115,0.6048056082800031,0.1203527083290765,0.0,0.47204247903928176,8.657328587376128,0.502331620905828,2.252252252252252,10.857612493149912,5.778698377890708,267.7341412294961,2230.1327813295256,0.7728521577137176,0.6549642554418487
383,289,36.716573036873996,-36.716573036873996,-36.716573036873996,True,1.2636875395127898,0.22773351843716122,0.37754898550747706,0.1750308190666353,1.0,0.2968289679124951,5.866792710543318,2.0442420163163177,1.7363007642781525,22.098579654919497,12.638801459243346,413.71385416614925,2472.825508323059,0.7837878051994287,0.5484188199243074
384,500,36.92942961763425,-36.92942961763425,-36.92942961763425,True,1.0144364752388764,0.16748409872272993,0.5886161034206797,0.29892566695565415,2.0,0.27062935898974533,5.617913231553674,2.4321774901869233,1.7248745686374605,23.931187851394554,9.87745752453014,427.698497986421,2303.9636495084424,0.7223004227299532,0.5861820036613321
385,501,37.068865832426916,-37.068865832426916,-37.068865832426916,True,0.994071800883487,0.18280276531379752,0.4883482968828446,0.2586506339304516,2.0,0.30528353909311673,6.681656446810789,1.3987884720061583,2.252252252252252,19.768621193013658,10.390340877025324,297.30016842682005,1639.3070238910957,0.8290783587613479,0.668921088741881
386,502,37.070423647166415,-37.070423647166415,-37.070423647166415,True,1.5326307844629814,0.12773672525686725,0.4468914745861384,0.08830431059309264,1.0,0.38999273832361303,9.625834076543002,5.34656346940244,2.252252252252252,17.491707600807796,10.266391441933065,439.21012009357787,2758.839931960628,0.883489776495737,0.6434981388747247
387,286,37.312536295919514,-37.312536295919514,-37.312536295919514,True,1.6961953126229345,0.31094493217766284,0.8199509711936117,0.20622569262981416,7.0,0.20613884140904992,2.2968540082974496,0.4934902836667998,2.252252252252252,18.698639045469463,14.160145985513829,313.5940609034151,1121.7611264437437,0.7771833119913936,0.954895107075572
388,503,37.38875000627944,-37.38875000627944,-37.38881000855609,True,1.6240755331580266,0.2166852086826826,0.7880001233114582,0.261078458376009,2.0,0.20293535777437524,5.003465124145595,0.8062606608734111,2.252252252252252,17.74216583747176,11.846757319217947,569.2892891544054,2776.266325265169,0.7711444145883002,0.8876790474548534
389,36,37.54767584521809,-37.54767584521809,-37.54767584521809,True,1.140447406139572,0.14408343985676766,0.6687726460465839,0.24140662254889111,2.0,0.38360552209609305,4.769082864473588,3.085719472385688,1.8154641147702932,22.041204372865785,10.685476861122403,634.6582581289113,1510.709946975112,0.9040858272439803,0.8452297056634508
390,183,37.841196450672385,-37.841196450672385,-37.841196450672385,True,1.1057439557820559,0.19022713014541515,0.51790586876342,0.2631184911541641,1.0,0.3264496240551313,3.8366433882132718,2.384038108426843,2.252252252252252,19.85405107798703,11.859140910468113,483.116750838235,2025.6925032904444,0.6504996353273638,0.6256102716263938
391,504,37.976571428571425,-37.976571428571425,-37.976571428571425,True,1.3605556689279852,0.17047623515764854,0.4641365630949813,0.23862301862495028,1.0,0.34078989209104327,8.310338407955541,0.10366794764020071,1.9561803236550404,14.692803043016553,10.67640049906126,213.19079836117402,2130.7936209103946,0.8742592644290561,0.6929105613660809
392,505,37.977714285714285,-37.977714285714285,-37.977714285714285,True,1.3201511020585894,0.22924695681780577,0.45149909779429437,0.2807496081665158,0.0,0.5542938303304835,8.290262820877489,3.7466030960894576,2.2360713090747595,21.0715078888461,12.655412946280656,526.3118423521519,1756.299601867795,0.6402563564479351,0.9094365211203694
393,351,38.07562015312781,-38.07562015312781,-38.07562015312781,True,1.0768065430048472,0.1953004639595747,0.5100010531919118,0.13038449715826095,0.0,0.25504683376805815,2.9264065230283567,0.24590281579684437,2.252252252252252,14.979261700063944,9.863172325121173,351.4894253172806,2707.0314801839313,0.7668134495615959,0.9114662784346627
394,260,38.191808557721096,-38.191808557721096,-38.191808557721096,True,1.204184035455941,0.1999982898054645,0.5774869708966277,0.2463982472582802,1.0,0.36303425909040987,5.127022474392051,2.103153425798558,1.4448770373636366,19.909889908748163,10.383441911465525,550.0937204072833,2844.5963544705064,0.8511783277981357,0.737293121787724
395,237,38.273000855875985,-38.273000855875985,-38.273000855875985,True,1.154006908273534,0.13097665023058652,0.3838709349552393,0.25925448410503826,0.0,0.31717951113896925,5.015667787047991,1.8642699994726133,2.252252252252252,15.29775534333556,11.519257505773592,485.8816175754429,2769.053728368058,0.7576974481831248,0.7154132824277923
396,506,38.28339849746106,-38.28339849746106,-38.28339849746106,True,1.173986640809431,0.19286015369143716,0.5577403680193882,0.1289738369510244,4.0,0.08992808017144127,2.2870488955583728,0.44972369331909334,2.252252252252252,20.11520955711603,9.034339523334289,451.9428272731602,1990.794969699143,0.9911492057219988,0.5953342034706333
397,507,38.29222208304218,-38.29222208304218,-38.29222208304218,True,1.3562225727879256,0.3548948465473294,0.38045106600423106,0.2155786244510747,2.0,0.35045697082655447,7.41720363860175,2.9343447915170167,2.252252252252252,21.51901618226418,14.637321731638671,202.54924045714546,2734.7797799128707,0.8643000000831031,0.6755741552401304
398,28,38.44732340201038,-38.44732340201038,-38.44732340201038,True,1.4319288650847972,0.19303352784365416,0.6841770725324751,0.1273824884556234,1.0,0.3929440639864653,2.124197077428601,0.693035910952938,2.252252252252252,23.13487199600786,17.770079986386776,224.31464423425496,1856.8493817001581,0.5123423342593014,0.9789771502837539
399,348,38.63403883210858,-38.63403883210858,-38.63409883524098,True,1.3942909115541269,0.335701708786233,0.4783303543925286,0.18861593559368706,1.0,0.47768898379765445,10.567502708485819,9.161788752017207,2.252252252252252,12.196881417341476,8.945008309341311,321.5043882362629,2003.2603159652494,0.8594720978692545,0.94579265313223
400,231,38.643142857142855,-38.643142857142855,-38.643142857142855,True,1.0496451817847805,0.14323829083241868,0.7224647626621735,0.14372727790217496,0.0,0.5467719560785218,13.603196721203686,3.4491585567869114,2.0258451462909517,20.661997763676997,14.98696173741217,546.6772080611219,2926.3943376020097,0.7733199759464511,0.6825009089415707
401,508,38.98685714285714,-38.98685714285714,-38.98685714285714,True,0.9396750191587092,0.13930398018821763,0.5201794708147645,0.23245778840035197,1.0,0.551102547181373,8.146451789067582,3.7691103994793567,2.252252252252252,20.47503187770953,14.329045447769591,330.75536098331213,2800.9390174923756,0.6050815581375633,0.612067705175512
402,280,38.999236630490344,-38.999236630490344,-38.999236630490344,True,1.333711920783737,0.19087870031512372,0.43192371719584655,0.20396473152635605,4.0,0.286356439183477,3.9716159421541137,0.15344187609006532,1.914424579452576,17.09106716360082,12.377234471799849,222.88433528471717,2159.0193999388966,0.7183280777911716,0.8054450928387522
403,374,39.01820334379343,-39.01820334379343,-39.01820334379343,True,1.7389236997634172,0.3704633314535022,0.32395305604361685,0.23229012612253425,2.0,0.3191801469659432,6.888305424768585,0.3023189388585461,1.7105437270365655,18.634316596860693,12.779672596620447,266.6600515559977,2495.4561876761863,0.7146311714313924,0.5932154031470418
404,509,39.09440423456275,-39.09440423456275,-39.09440423456275,True,1.5593671274069698,0.31871049474924806,0.6902219882234931,0.17613534977659584,10.0,0.03145031779035928,1.1258862594146084,0.5741596196851599,2.252252252252252,16.636272007599473,11.846757319217947,471.4874058496207,2776.266325265169,0.5413859402760863,0.9408544902689755
405,510,39.21057142857143,-39.21057142857143,-39.21057142857143,True,1.475080605719611,0.12192575909197328,0.32637740392237896,0.21988636324182154,3.0,0.29307511251419777,4.5969601597265415,0.937799907641363,2.252252252252252,22.668144549243152,11.210154254635142,619.2274413537234,1922.179114073515,0.8009858806617558,0.8889098856598139
406,511,39.224,-39.224,-39.224,True,0.9806619482364507,0.12741452906530332,0.405608490531315,0.2638312092907666,3.0,0.2816014164925738,4.381162395566564,2.184013925802171,1.914424579452576,21.986297200704144,13.511295351383113,624.5278907939792,1790.5268400330442,0.8088398615899299,0.9325093887746334
407,512,39.27142857142857,-39.27142857142857,-39.27142857142857,True,1.2582379821702838,0.19726624060422182,0.7411454569548369,0.2575637722760439,3.0,0.6062474444987251,3.6288965460138956,0.6392548526059301,2.252252252252252,18.157201278954744,14.441995194999553,316.29098895937204,2624.518420547247,0.588864900637418,0.7162217148579657
408,513,39.33,-39.33,-39.33,True,1.1862506806707636,0.1652814594046234,0.48675864078104497,0.21865986383215671,4.0,0.27788753845188763,2.697263945201179,2.3423839857455047,2.252252252252252,16.961816060356796,13.533334278814184,380.1447309087962,2951.0416214175457,0.7286987844854593,0.6802774924645699
409,514,39.35762792064745,-39.35762792064745,-39.35762792064745,True,1.4180424641035456,0.28843545371360463,0.7723776495992463,0.2828160545061104,2.0,0.6040477480661997,1.9388872298675874,0.20612030880775656,2.252252252252252,24.384880887761565,10.085152744363572,544.5968209839884,2374.7724630473713,0.9603766053895997,0.7595959864679398
410,515,39.358,-39.358,-39.358,True,1.497720723519787,0.12476549780287707,0.694677584783711,0.20268708361265575,3.0,0.12467716667927234,2.2551731219295483,0.692255354978375,2.252252252252252,13.235902277715434,7.149321293671145,214.94725014418765,1572.0773884562923,0.9479991388507187,0.7467566918606893
411,44,39.35971428571428,-39.35971428571428,-39.35971428571428,True,1.379996490460552,0.23908996914149003,0.42240255837917173,0.16121226581372297,5.0,0.4528974602095782,2.2291327557317775,0.39128827710073644,1.9900167500851187,23.88598309921302,9.702096159278957,614.0216189902276,2117.4897463203256,0.863634812806692,0.8058977362628196
412,516,39.372571428571426,-39.372571428571426,-39.372571428571426,True,1.1705767135180534,0.17055002942681313,0.8804175211116672,0.132773375287652,5.0,0.34078989209104327,2.023073718420166,0.10366794764020071,2.252252252252252,17.90121597237885,7.327379775150637,208.78506223671138,1672.662142664194,0.5577611303888261,0.7387628359720111
413,1,39.37914285714286,-39.37914285714286,-39.37914285714286,True,0.9432219137686073,0.1842655709385872,0.3480052598632324,0.2270112220141081,2.0,0.43067742167686346,1.9199976554747362,0.6579923524119753,1.6636318506749572,13.817715956829488,9.303595208207115,513.9460767236056,2782.8057148283683,0.8470843858799214,0.9724414933292341
414,517,39.37914285714286,-39.37914285714286,-39.37914285714286,True,1.4269914131250232,0.14607004188001155,0.5180328872228614,0.11763257630659738,1.0,0.5167947470771148,1.9194770089659858,1.4532767219596732,1.8407740811817348,21.797972104109085,17.301049283178227,496.1772061095554,2582.8917553180663,0.8663095771335065,0.5023016804003977
415,297,39.42628571428571,-39.42628571428571,-39.42628571428571,True,1.7682920883610844,0.12675511591136454,0.5400512326508761,0.20911369001492858,8.0,0.032726103872805834,1.171557976621207,1.0741091236473714,2.252252252252252,12.998613636009395,5.944760700260093,527.4450681172311,1987.2064106166363,0.8525459109805524,0.732253638561815
416,518,39.45028571428571,-39.45028571428571,-39.45028571428571,True,1.3735024773135782,0.27516156300902367,0.6253611138090491,0.21145359668880698,8.0,0.14523729836866256,0.7883863170853402,0.5975321895061132,2.252252252252252,12.395796435885131,7.96649610491328,493.3858210686594,1623.3625188469887,0.7116894158534706,0.9849618095904589
417,519,39.4871007852602,-39.4871007852602,-39.4871007852602,True,1.020222372453291,0.3797289403006059,0.7186514901124805,0.23313299143858462,5.0,0.3022570153359323,3.4156896577203524,0.5357980010244816,1.6765487069569607,16.442810992732106,11.284166218455566,251.53137210310572,1622.1060341336906,0.8493918115816406,0.9802841185592115
418,242,39.53925801090571,-39.53925801090571,-39.53925801090571,True,1.0751958073466208,0.29843283835874646,0.643117541951663,0.1988361686915805,2.0,0.39070761231743145,7.156961701107656,6.45958807047261,2.252252252252252,19.42133103900554,12.986889329690092,596.3996991234433,2128.2385379362872,0.6775161220647073,0.5724719099070142
419,520,39.76858752072627,-39.76858752072627,-39.76858752072627,True,0.9968826779085878,0.2946576021034571,0.520845571748549,0.29042962244521653,1.0,0.4358371037833392,2.913424875830957,0.15785740864239095,1.507033600937575,19.186299429275095,8.604487250183745,637.7183064702864,2120.540953105287,0.7688542283501653,0.7649665231926557
420,291,39.88592293727989,-39.88592293727989,-39.88592293727989,True,1.6119454893431335,0.15422597970813512,0.5993742713199444,0.11045589398421206,1.0,0.46244691063338494,11.228452687972736,9.215012855816575,2.252252252252252,16.549548135549387,13.12466787455155,325.9126125849313,2880.4369550198317,0.9130654160450196,0.7771579738509031
421,521,39.88692271297043,-39.88692271297043,-39.88692271297043,True,0.9833160194255952,0.36078497850413743,0.6269395165914128,0.17973142575472592,4.0,0.40794561704457,4.664752397171488,2.667544146212622,2.0391112725624163,22.172761792317033,10.713647562186349,220.64387280624024,1372.2201194614172,0.787892576620187,0.5281097115948796
422,522,39.91265208932908,-39.91265208932908,-39.91265208932908,True,1.8131178673829882,0.3428624014183879,0.834768662787974,0.2866020852513611,1.0,0.527458314253576,12.078809995207605,11.74279913371397,2.252252252252252,20.158642414025962,8.298754787107901,399.2432208266109,1607.983510941267,0.6461015408858657,0.8217421020381153
423,523,40.047457889988465,-40.047457889988465,-40.047457889988465,True,1.3113237145218999,0.35220177619057963,0.5029320605670797,0.12495058595103532,2.0,0.2597220064310347,8.267493987875573,8.236105415734151,1.6108894148475161,11.796094689962713,9.088689559959821,314.5167818524237,1837.9038687561228,0.8226328789623945,0.555048267559167
424,382,39.6039029962379,-39.6039029962379,-40.09535670713191,True,1.470283057782637,0.26391192849725487,0.5747032917295777,0.25159229256268056,3.0,0.3247504450751155,5.959906261585947,4.757096309072915,2.252252252252252,17.99056078772992,13.79003576842268,222.9569175254779,2129.4239320448905,0.7339104371162088,0.5893757592899299
425,524,40.1820190499376,-40.1820190499376,-40.18207905133143,True,1.5301885493382852,0.12773672525686725,0.4468914745861384,0.08830431059309264,1.0,0.14753320373640694,4.576357054344928,0.24186923253914294,2.252252252252252,22.833445847827655,10.266391441933065,434.5645239540676,2019.548261538148,0.8143143402831206,0.7289512986318971
426,525,40.20153377841376,-40.20153377841376,-40.20153377841376,True,1.6871555595181882,0.14882641233503818,0.601660243794322,0.2588294884748757,2.0,0.39532418935224406,2.2297339558585367,0.7347639094219769,2.252252252252252,17.203451744280756,11.956850831619425,330.2397427614778,2407.3427207767963,0.5407020929269493,0.7681441600434482
427,526,40.20431261701904,-40.20431261701904,-40.20431261701904,True,1.6023001290001326,0.1321757271975344,0.7565976038575173,0.1319672900372537,1.0,0.5969534172567457,9.73725906701751,5.5229073663136266,2.252252252252252,17.613933800558275,13.815309622899637,397.99829512110006,1843.1018926549136,0.9251995548043659,0.7018343369842761
428,283,40.358850977261,-40.358850977261,-40.358850977261,True,1.72797155790186,0.18201771396269248,0.34449640261919084,0.2915040037364363,1.0,0.518618040591292,6.802695253821834,6.475708132070558,2.252252252252252,13.41165941438488,10.086771414618603,261.02483435851195,1322.0766140514083,0.9696084982053641,0.5886756735853851
429,527,40.532012643078886,-40.532012643078886,-40.532012643078886,True,1.4411063483724982,0.36659163585050936,0.34812330622143944,0.22583769100807208,4.0,0.389482027481989,4.4904081784747145,3.73033932961392,1.4208493059808518,23.074127463079776,10.828535692044474,366.75968601907937,1883.4002866118353,0.6440050475577357,0.8826457309265408
430,341,40.84900757707051,-40.84900757707051,-40.84900757707051,True,1.5561575509164483,0.22253632571548224,0.380913351662457,0.2821694236807525,10.0,0.0821128784852102,0.8080740844339296,0.4971746795338543,2.252252252252252,19.24646872561425,14.659551553629427,288.34867840632796,1732.1553844958544,0.6787278158590198,0.7675107810646296
431,528,40.87175242701986,-40.87175242701986,-40.87175242701986,True,1.1489273131679743,0.20135036017745733,0.584628907777369,0.1444374674372375,1.0,0.5085261330418288,12.401065208222821,7.176646773173514,1.5423549604602158,23.701561936177313,16.45037943923741,448.7060422077775,2355.6737657636404,0.500075866933912,0.8836333975195885
432,215,41.26076274666137,-41.26076274666137,-41.26076274666137,True,1.0376369647632244,0.35581578371748107,0.7483139255789351,0.2274156588170839,2.0,0.5201831900736036,8.20862833833484,5.960216677200636,2.252252252252252,24.592668251358976,14.016636741126584,410.20996929351384,2101.6749268383387,0.9437219939076217,0.6342506813174604
433,212,41.31984117139608,-41.31984117139608,-41.31984117139608,True,1.0559029226429688,0.34782262427494903,0.4969157140117516,0.14661419996991754,3.0,0.3858046955260783,6.769104116963296,4.880424788350611,2.252252252252252,20.201047660437673,8.37833303424743,235.71185517463087,2017.4395776427818,0.8753972727186923,0.7566281458269564
434,91,41.59370742023514,-41.59370742023514,-41.59370742023514,True,1.31715397083005,0.236241347815188,0.33036035634577277,0.2277003789436292,3.0,0.4185763853396022,2.5026262826528427,1.424159627557719,2.252252252252252,23.18593011343024,13.074247855099642,250.9167735464871,1534.4118022335704,0.773366313112759,0.9518685554485532
435,530,41.599030372208034,-41.599030372208034,-41.599030372208034,True,1.2086548658720084,0.34782262427494903,0.4969157140117516,0.14661419996991754,3.0,0.26419074031974926,6.769104116963296,4.880424788350611,2.252252252252252,10.570344952866435,5.3195676133075285,336.62605099380016,2963.174119591713,0.8753972727186923,0.5234322554931345
436,531,41.667818739457736,-41.667818739457736,-41.667818739457736,True,1.5415110427403562,0.2746087757518376,0.6512924905795797,0.2434548459202051,2.0,0.3446315565646328,8.53035319980871,3.1082250876763924,2.252252252252252,21.475780329628314,14.440333020004157,589.3965024968421,2610.343367019238,0.5524614816913973,0.6591339120641351
437,532,41.75325532085903,-41.75325532085903,-41.75325532085903,True,1.0031023560781032,0.3066433144381118,0.36107354966554406,0.26823376063051924,3.0,0.5000726742707192,2.3748607839623173,1.05062430223008,2.252252252252252,13.178313006646931,7.436908493962458,628.5226685460657,2427.5993396324375,0.7675324648763546,0.7211177354571707
438,533,41.80278258524089,-41.80278258524089,-41.80278258524089,True,1.2371105938911438,0.3369937116515095,0.4024381611332922,0.16153504816438574,3.0,0.4241608971166718,6.000345548591612,2.8891287093346367,2.252252252252252,23.422537035385478,16.24825696544173,412.5978607162441,2546.051428228844,0.7345806000715225,0.6201451614252038
439,534,42.140458481742215,-42.140458481742215,-42.140458481742215,True,1.2659585371978581,0.2905958338826895,0.3701543312519789,0.17153720883652568,0.0,0.4217456784443929,0.5573027426712684,0.16694648683593627,2.252252252252252,13.660418507643044,7.743189233519384,520.2728537842631,1659.885285422206,0.6837369212880731,0.956259049475193
440,535,42.17938774387943,-42.17938774387943,-42.17938774387943,True,1.1402044504325617,0.1815650247235176,0.7130850800338728,0.16196928181503717,2.0,0.3789323187051196,6.885610599960122,3.6189885489495524,2.0432107437256497,19.1587506424869,11.50091229310136,214.99084723154564,2975.5769497952474,0.8245486138395846,0.844660488311598
441,536,42.23980767113383,-42.23980767113383,-42.23980767113383,True,1.3807699858527631,0.3488761595988592,0.5301504797766465,0.2674135919406278,4.0,0.1750193338605961,5.25256140516315,1.9830316206322482,2.252252252252252,21.472089658491313,11.336877357916775,399.3691780929151,1032.6557694102235,0.9988715589490286,0.5525255030497849
442,529,41.524776397920235,-41.524776397920235,-42.311999999221186,True,1.424987498033971,0.1345788345067809,0.5018355330059784,0.18847241599991793,1.0,0.5459855279341339,2.9849770999116494,1.6732243032368146,2.252252252252252,10.258361342027378,7.3827289938440925,259.13099844245517,2016.2363690151988,0.8694942773570187,0.7233571144752204
443,537,42.371345601872385,-42.371345601872385,-42.371345601872385,True,1.702754636659609,0.22333741139328417,0.7802522547125019,0.23633050898090002,1.0,0.4925993884183466,13.689254391278972,8.089007106288811,2.1036085780777833,21.267025048322516,13.649503406441145,211.80565437803412,2606.104391916311,0.858581236179772,0.5618845704423849
444,538,42.4234907516614,-42.4234907516614,-42.4234907516614,True,1.024274114305526,0.3239240971580148,0.8407929819077253,0.10888939330354333,2.0,0.4090051008222624,9.128714224827915,2.6454807268827825,1.6239652456715703,23.367743492126465,14.299350543121168,392.413379997015,2536.2947303801775,0.6739901769906282,0.96162548661232
445,539,42.432161558910835,-42.432161558910835,-42.432161558910835,True,0.977803028864041,0.39047822181135416,0.42045894674956796,0.10779426665976644,1.0,0.3897165110986679,13.951415939189419,13.87500786727571,2.252252252252252,24.738799473270774,11.96537512785318,565.9143852069974,1598.6614804714918,0.5255676172673702,0.754029599018395
446,108,42.44093291496536,-42.44093291496536,-42.44093291496536,True,1.2886834190303877,0.20187831090818192,0.7923282763300761,0.16925587350951865,4.0,0.2698256812385107,4.851099159599714,2.9540668613497285,2.252252252252252,22.10123760549821,12.494958709057338,458.8001544554066,1248.735021756527,0.9024690858162572,0.9457194559799655
447,540,42.460491118827875,-42.460491118827875,-42.460491118827875,True,1.2973827834005847,0.21370691537869424,0.6117949491499447,0.10718201726672905,2.0,0.41586346521109985,5.208032166701834,1.5394879548529232,2.252252252252252,18.859179774037283,8.379792708104134,573.8544351338669,2023.6999822059506,0.6965223008214673,0.8448078232839318
448,541,42.510227522269666,-42.510227522269666,-42.510287524529296,True,1.1894079955253751,0.25157544918358327,0.36101224422454836,0.10268262080848217,6.0,0.05581127875540404,1.9979814604712782,0.14144817121293762,2.189066506922245,24.79414696805179,12.426314570544186,229.7722208313644,2431.558320298791,0.6440629395656288,0.9823768213391304
449,542,42.52471887337934,-42.52471887337934,-42.52471887337934,True,1.0543944921736894,0.21370691537869424,0.6117949491499447,0.21752821412578208,3.0,0.41586346521109985,2.443311256778209,1.5394879548529232,1.9401199766776598,20.629035572552347,8.379792708104134,573.8544351338669,2268.642169611076,0.6359476788240156,0.8448078232839318
450,115,42.557178681709345,-42.557178681709345,-42.557178681709345,True,1.392472434259206,0.3492009797692299,0.53056660015136,0.12922963870689272,1.0,0.30297427421770984,10.846140715385644,5.577270253041782,2.252252252252252,13.283633994869888,6.916318028780225,436.8639142252505,1285.682089626789,0.9295476414263248,0.6520630395971239
451,543,42.58700306172854,-42.58700306172854,-42.58700306172854,True,1.0145622893326292,0.14031214594102454,0.5024085760928128,0.0865314054511751,1.0,0.604366054687659,10.883044273612587,8.710308462348328,2.0999328789125444,15.299115208908916,10.96416030154311,575.0132818240672,2441.8916943337267,0.9106425733502439,0.811633527442819
452,544,42.614237433123066,-42.614237433123066,-42.614237433123066,True,1.3267828753478825,0.32863115295767786,0.8284228406846523,0.14661419996991754,3.0,0.43825162634532894,6.769104116963296,2.6732215673560784,1.3388259285129607,10.570344952866435,5.3195676133075285,336.62605099380016,2963.174119591713,0.6028049341402948,0.6690672780387104
453,304,42.62424775309877,-42.62424775309877,-42.62424775309877,True,1.2962903274407205,0.29183818645775317,0.5525633700191974,0.1148525215403357,4.0,0.260873222074713,5.531898349773438,4.666003693531608,2.252252252252252,14.684922164889773,9.854038155884487,211.73747573047876,2415.714022034994,0.5049498565495014,0.9826989137286735
454,545,42.78516969216976,-42.78516969216976,-42.78516969216976,True,1.608585167516023,0.33391642913222314,0.7598725134506823,0.12549522413463512,1.0,0.4305354504573276,11.605616680727918,3.619985336985329,2.252252252252252,22.833445847827655,11.018999825305327,255.81946762138392,2019.548261538148,0.562445515551776,0.7289512986318971
455,179,42.84329127037148,-42.84329127037148,-42.84329127037148,True,1.0369260184424594,0.37692144113098486,0.5549390680744654,0.24075806121948282,3.0,0.38660634017394413,6.87299794764706,6.757061495193311,2.252252252252252,19.1523489153485,13.774936303217173,290.1641508077739,2038.6344445272553,0.7280867046565591,0.7507848869045097
456,15,42.88427140363478,-42.88427140363478,-42.88427140363478,True,1.7511476652439684,0.26045748528093104,0.30721895713359115,0.1767834135517478,2.0,0.2466064846880734,8.828236790597757,7.866305070846032,1.961411285214126,17.737028473056853,12.1574148112505,288.6924495920539,1001.1800434440374,0.7035561334341764,0.9583573234267533
457,158,43.075152123335855,-43.075152123335855,-43.075152123335855,True,1.7973188720632345,0.2509366374230263,0.6171731650829315,0.2183300760015845,4.0,0.2953017955121133,6.0945895651881115,4.445750288848151,2.0111455578731396,15.81378991884085,11.638923526981856,326.2083150937742,1682.9105615615845,0.5059107998386025,0.5079986857268397
458,546,43.08294579106246,-43.08294579106246,-43.08294579106246,True,1.1654123671341627,0.2860298135392776,0.3289509743231202,0.23263939785970048,2.0,0.4578224256681098,4.32809486709181,0.7721982326025536,1.9531737526907378,19.83690603671625,14.75744810639199,540.0347602236959,1942.354771319886,0.6781489571594342,0.6684560664207557
459,172,43.10010467558324,-43.10010467558324,-43.10010467558324,True,0.9859402767456387,0.3150894615272704,0.5526128603866203,0.24358031684523807,2.0,0.4167626719019509,10.26449903174949,5.5754832906825085,2.252252252252252,12.99023829057182,8.5618460339057,299.00700141160434,2303.4556071550014,0.8027186695467889,0.5790716865251528
460,182,43.43235464086784,-43.43235464086784,-43.43235464086784,True,1.641335713547468,0.3674616825208068,0.8202422372996807,0.15136437267065048,1.0,0.5558968530599027,10.656411427967592,1.1156373374872235,2.252252252252252,24.559838199056685,12.58533845549809,322.20958950929344,2004.7221705317497,0.5254787788726389,0.8465676405467093
461,547,43.491850043980854,-43.491850043980854,-43.491850043980854,True,0.9675635675308533,0.260680687956499,0.43029967857201046,0.15489464456697352,2.0,0.3901456561620941,9.947903622569385,5.928904187040135,2.252252252252252,13.613270008936524,9.67704938108323,596.2214726034047,1483.2666795700788,0.6681610811501741,0.8539683266996239
462,548,43.754164776823096,-43.754164776823096,-43.754164776823096,True,0.9219679862814636,0.298696381425462,0.5114986988940712,0.2047227306168055,4.0,0.4882815434611181,6.224322827219841,5.2677160962591,1.9948852760717273,20.9050407493487,13.421008843173148,499.54950145066243,2185.825484454284,0.8835756504582202,0.6269564007236175
463,549,43.80464981351611,-43.80464981351611,-43.80464981351611,True,1.18007102621682,0.2937668586149812,0.5970465671271086,0.21635629760101438,1.0,0.4288729144982993,15.353171458787202,5.734755892477921,2.252252252252252,11.767430831678212,8.987115321613562,355.4873816668987,2535.202946513891,0.8897713446058333,0.6183897764422
464,269,43.875265455582486,-43.875265455582486,-43.875265455582486,True,1.372080910091513,0.14405600281033776,0.38213627635598296,0.24618976295442357,0.0,0.4954087364091932,4.536875727442069,1.8483544128087388,2.252252252252252,21.489941659383476,10.189652785415225,404.1214823254262,2642.147808154687,0.7111929200491103,0.5123376031496805
465,550,43.91525912531497,-43.91525912531497,-43.91525912531497,True,0.9270480442993093,0.3449462762475014,0.5381301368789562,0.22806573969711447,1.0,0.5605265200192108,15.4025371034631,14.007078364295822,2.252252252252252,19.380007311856016,8.57686544225981,439.2170717828746,2432.124520510569,0.921698491089046,0.7307300916872919
466,301,43.960597094132716,-43.960597094132716,-43.960597094132716,True,1.215514389249603,0.14420679815250728,0.49200850269427465,0.15043165761562693,1.0,0.35745699101767664,4.3501361141013435,1.7260058772645959,1.7363007642781525,15.525425784488123,12.158730974667174,459.6626994763543,1024.661743182784,0.910798423760661,0.7127116109924179
467,551,44.01791337649982,-44.01791337649982,-44.01791337649982,True,1.3562225727879256,0.13442906204611063,0.38045106600423106,0.24116475918776176,2.0,0.272067779757143,7.41720363860175,6.3304033266449995,2.252252252252252,21.51901618226418,14.637321731638671,364.1927974812261,2550.4905079702603,0.6087462017312646,0.7167392252367951
468,552,44.315082716374164,-44.315082716374164,-44.315082716374164,True,0.9255416613377632,0.24653388895094394,0.6761089162901044,0.2249993644468486,2.0,0.2931323621017858,10.493811251131971,2.9369532589840412,2.252252252252252,10.663618254475296,6.63635189268286,517.9462118074298,2730.9172842651606,0.6548427129164338,0.9669407326728106
469,553,44.39400165366146,-44.39400165366146,-44.39400165366146,True,1.3471726809398563,0.2856063091406478,0.7747414339775744,0.21158708391278885,2.0,0.40864613944839623,11.073906698500378,8.384649711790678,2.252252252252252,14.638463892920806,8.15474215910707,224.52787091628323,2512.0331629142966,0.9688035752624273,0.5593557845634433
470,554,44.50715604637034,-44.50715604637034,-44.50715604637034,True,1.0354878820315114,0.22173355373141287,0.5577403680193882,0.2133325163088739,5.0,0.3153789162891655,2.2870488955583728,1.207581350071175,2.252252252252252,20.11520955711603,9.034339523334289,451.9428272731602,2815.388369889213,0.6726625949612215,0.8754521547816694
471,342,44.19311911554995,-44.19311911554995,-44.61830300425474,True,1.3261511718711851,0.24114674071164224,0.8576906064525247,0.08733968720618408,2.0,0.4276032333969474,10.117659592329703,9.826819723933735,2.252252252252252,14.823165348502364,10.753209462891494,273.00861433934995,2322.211880236864,0.9624172690649422,0.7862852182162985
472,555,44.685243855172274,-44.685243855172274,-44.685243855172274,True,1.2905556412264567,0.22508417339800155,0.4783303543925286,0.12958865685388446,1.0,0.47768898379765445,13.153570369133933,4.935756665706494,2.252252252252252,22.788693361748447,17.31015028933553,646.7563417740166,2384.629968476005,0.8594720978692545,0.94579265313223
473,556,44.73061289618747,-44.73061289618747,-44.73061289618747,True,1.3001582926614543,0.36369800327811136,0.61520118355472,0.2371560463152988,4.0,0.3275471242555603,6.989281397986779,5.577382804071286,2.252252252252252,13.5267164529281,9.842151499730143,258.16548958411533,1900.188351097032,0.6589586720491319,0.8932626272494687
474,557,44.76851076750903,-44.76851076750903,-44.76851076750903,True,1.58657246760726,0.3753760987892747,0.7963687280192973,0.12215708611533045,3.0,0.5025194966057315,6.555531256996734,1.5540452689761182,2.252252252252252,15.3020508447662,11.780325438995215,376.0658944025636,2131.7980606108904,0.7070471527986228,0.6238769041374326
475,558,45.129069958087626,-45.129069958087626,-45.129069958087626,True,0.9510069820074639,0.3965767462179065,0.4639168470861875,0.2525811004683238,2.0,0.5260842400358056,7.293883897197208,4.940095028802552,1.6530780011700412,19.395410021925034,11.928862366916022,240.26628701142022,1377.6179161075324,0.8244578571650525,0.8379847360774875
476,90,45.13230090286851,-45.13230090286851,-45.13230090286851,True,1.7355426710415451,0.18597971774730493,0.6459568049758673,0.21529768139288294,3.0,0.3370906388820826,8.08226105200636,6.497651055849095,1.359565494225082,24.764091038073627,16.059919964326273,415.7861794620998,2685.0701248569508,0.739423041572512,0.8388174242061532
477,559,45.26175658428574,-45.26175658428574,-45.26175658428574,True,1.5798560325472841,0.30404851633783586,0.7256661233031992,0.1691881812363863,1.0,0.5613847410413906,13.018759001802554,5.10694572093518,2.252252252252252,20.68477421067655,15.594944204560122,319.7820431972882,1448.6502576619387,0.7917462649444058,0.7506842539234544
478,246,45.30181383119366,-45.30181383119366,-45.30181383119366,True,1.705033080814771,0.2458134350510664,0.6941646215888865,0.2460208931658771,1.0,0.41312729373207,14.028319441371252,5.115018000528207,2.252252252252252,15.147751788733544,11.843316883321524,366.632091041752,2619.456463909077,0.8961803630547034,0.544794881212689
479,293,44.34321763770002,-44.34321763770002,-45.60432348513191,True,1.3071365977890372,0.17332006920129062,0.43926261160522695,0.1305585666373372,1.0,0.3920593512467507,11.57781575421321,6.909143052013673,2.252252252252252,16.83800769976182,10.296985819471614,325.6794135260985,1589.139676341857,0.7218805136134265,0.8493403419398324
480,263,45.739889550701456,-45.739889550701456,-45.739889550701456,True,1.6672110497102686,0.3900334873710961,0.5449275385910559,0.21559994842785513,3.0,0.3027158934440463,6.597456475474994,2.9658691306530933,1.914424579452576,11.558512038135781,8.993205807259711,378.7276450250572,2833.586296045156,0.7186465067128943,0.7843231720232586
481,560,45.74149234167178,-45.74149234167178,-45.74149234167178,True,1.2383610709022732,0.2740948501974344,0.369559994401702,0.2015638969838619,3.0,0.23529437026499395,6.183062794737558,0.8884908285909745,2.1329989681013237,11.077065873690945,5.735456602686745,231.1902383728314,2061.316780716998,0.8421493252044205,0.6976809925473385
482,81,45.76726284813153,-45.76726284813153,-45.76726284813153,True,1.113144356912747,0.3543095970898867,0.6765033842995763,0.1986421415582299,6.0,0.17671031722556796,3.749151861003596,3.1638860558116697,2.1285362946800888,17.604952114634216,13.041993461117741,502.7829390950501,1163.4677611291409,0.6867772680707276,0.726123115979135
483,561,46.05603174135717,-46.05603174135717,-46.05603174135717,True,0.950623674917892,0.20523116213887022,0.6456569171569186,0.2460208931658771,1.0,0.41312729373207,12.225969698653861,3.669824598502453,2.252252252252252,23.56288834940642,12.77735443459234,586.9085937908998,1849.9349683597338,0.8055202418664074,0.544794881212689
484,562,46.104905472952,-46.104905472952,-46.104905472952,True,1.2551371601469814,0.1935171214491129,0.8585062852129342,0.28365913549438115,1.0,0.518618040591292,15.95500517495797,6.640170092638814,2.252252252252252,21.243686694651842,14.76096551464784,608.7249896023422,2711.3222926855087,0.8242335999384522,0.5886756735853851
485,563,46.11138046828842,-46.11138046828842,-46.11138046828842,True,0.9148492860857254,0.3965767462179065,0.8463827493776728,0.11595442235634243,4.0,0.16356824220586563,5.383553875082444,2.6769999963655593,2.252252252252252,15.051554650999606,6.873189984291669,547.6456596981734,1377.6179161075324,0.5270926314030298,0.8379847360774875
486,564,46.21999315094277,-46.21999315094277,-46.21999315094277,True,1.5902643782104826,0.2802700750510805,0.6579619945410572,0.16838743682874535,1.0,0.36303425909040987,12.561103395971127,6.771939623119694,2.252252252252252,17.051185937598348,10.383441911465525,535.6264564674348,2304.966400949817,0.9955112480520277,0.6658490613915077
487,565,46.470948166042135,-46.470948166042135,-46.470948166042135,True,1.582950726595521,0.1717463307455182,0.6678640829399228,0.236570554934442,4.0,0.12081643597669897,4.3250935041205585,1.0609465299175618,1.934222393669188,24.68240063637495,11.634735588999268,532.0057140197605,2299.7213322669268,0.7322912085801363,0.5174290901049972
488,106,46.476638053445676,-46.476638053445676,-46.476638053445676,True,1.6294456966371342,0.21335990885913664,0.5597073901444674,0.2483637363139832,3.0,0.180851556077227,6.474283768398587,4.1703136075586675,2.252252252252252,19.44962969981134,13.580933397616029,591.5667995527212,2578.7699092179537,0.6986417273003653,0.744709349264441
489,270,46.4930300619072,-46.4930300619072,-46.4930300619072,True,1.3691489560074583,0.38094135362654924,0.47028215128710904,0.2109511780553142,1.0,0.4074755575465038,14.587169972239392,3.382273544054396,1.914424579452576,13.771740073510436,10.475957187745259,411.2045314585033,1751.8276780137303,0.8780168613375925,0.552583013848124
490,566,46.535564307529455,-46.535564307529455,-46.535564307529455,True,1.5902643782104826,0.2802700750510805,0.40239107539275787,0.16838743682874535,2.0,0.3965519099710642,12.561103395971127,12.28981743138568,2.252252252252252,17.051185937598348,11.709264417459455,535.6264564674348,1741.7414723015359,0.9047010527774932,0.6658490613915077
491,336,46.593163618944395,-46.593163618944395,-46.593163618944395,True,1.107429016155377,0.31262148793786765,0.34005088862031696,0.20835956852883097,2.0,0.35352113005910063,12.655661713799148,10.272030320451934,2.252252252252252,20.685796942561865,14.460272003955538,471.3143702596426,2071.7164538800716,0.7195528903976083,0.6513198460452259
492,567,46.806986670781804,-46.806986670781804,-46.806986670781804,True,1.1524477958352657,0.3649790383664908,0.6356180062517525,0.15857532659402487,3.0,0.3212953666105671,6.581916815869452,3.363256215941279,2.252252252252252,16.955941002815962,12.86269387610754,359.1188466642052,1534.035567443509,0.8693429389012264,0.6905537632345533
493,568,46.854947785690435,-46.854947785690435,-46.854947785690435,True,1.2595797217726707,0.2781572695076466,0.865465420112014,0.15210075428709385,3.0,0.25400346623044456,9.093040470332022,1.618067333535942,1.7890822258777916,11.117378436028957,5.545435529995862,491.32710830308497,2679.535234346986,0.5106124635785818,0.7119683730416
494,306,46.91141086086574,-46.91141086086574,-46.91141086086574,True,1.4457140982802956,0.3683541950210929,0.38528195545077326,0.19499159306287764,1.0,0.5885122640607878,12.234008163059919,9.073463795039668,2.252252252252252,10.470444192178547,7.549801572301755,458.4416327998042,2729.1733287274837,0.6318212901242077,0.8091978230513632
495,569,46.925115177824146,-46.925115177824146,-46.925115177824146,True,1.0589121261618808,0.3081044625780689,0.7718659825172324,0.1648989687487483,3.0,0.5231281081821769,6.0371235613723035,4.995586820889989,2.252252252252252,17.80902448009706,11.13164730430745,451.0474620346942,2461.4059181763914,0.8867571208235036,0.7885719390126982
496,570,47.013338720418936,-47.013338720418936,-47.013338720418936,True,1.6172847777124493,0.2698244895040989,0.7943614745512606,0.2423020008765161,4.0,0.20013098732493817,7.164465879619751,2.8808749963058364,2.252252252252252,23.31699433736503,13.728143977339755,609.1085702180862,1559.0222124010324,0.6474878792650998,0.585148619953543
497,571,47.01916452117812,-47.01916452117812,-47.01916452117812,True,1.4269407879844307,0.317374066854105,0.6600159464174908,0.17584342481568455,6.0,0.1266784846002236,4.286049242970977,2.4205848141671638,2.1285024863324304,19.825186078336667,14.399973673103672,263.7181856738541,2618.76176512692,0.8821732803205227,0.6890496077902721
498,572,47.2276244042421,-47.2276244042421,-47.2276244042421,True,1.7154704091295598,0.26591207779943943,0.6416939875110984,0.15669283332303166,5.0,0.3022570153359323,3.4156896577203524,0.12826358015520256,2.252252252252252,18.449158375151455,8.098553243038976,295.6944400444627,2463.3484203368425,0.9186535724438727,0.9802841185592115
499,573,47.405045046730756,-47.405045046730756,-47.405045046730756,True,1.0401493018865011,0.37354290280923264,0.613865295611322,0.1443347289660996,3.0,0.4528133996063534,9.132026209379347,7.156031653256382,2.252252252252252,23.051996836212755,15.114415978732719,409.11746695637703,2825.9843241060794,0.8220411892118475,0.7412008638493717
500,111,47.54297824598108,-47.54297824598108,-47.54297824598108,True,1.331266293072233,0.2826748565663755,0.7887044249492,0.20068659914274223,2.0,0.357383275607042,12.02609158996108,1.2804523535493981,2.252252252252252,17.149594852682522,8.374455845611834,461.317169573158,2127.82148906086,0.5274602827752182,0.6009258292422445
501,75,47.798692034064025,-47.798692034064025,-47.798692034064025,True,1.3900683782236956,0.27813957383603877,0.37567145552160236,0.19936631542574668,5.0,0.5967194544711816,2.4105581783247914,0.14650398822895028,2.252252252252252,20.88934307240786,13.232759662328116,495.3592477570652,1381.0132421250316,0.6706469072100055,0.628375854290396
502,357,48.01030350979716,-48.01030350979716,-48.01030350979716,True,1.618531841559971,0.1461597706975035,0.523526619885398,0.2336133137020821,1.0,0.5482940124872928,11.419812508036403,5.939047618724639,1.914424579452576,22.817518441931963,16.49928039852285,336.5383933400601,2426.510876044631,0.845477895442209,0.5964750843122602
503,20,48.19247876940308,-48.19247876940308,-48.19247876940308,True,1.5177423243726202,0.3388391903906414,0.7083774206553062,0.1639704297296703,5.0,0.37714787871935884,5.663741813637686,4.721252967182751,2.252252252252252,19.92502744309604,11.574092771232245,230.05376141518354,2538.416740666832,0.5483887324664513,0.7653828687677247
504,80,48.394285714285715,-48.394285714285715,-48.394285714285715,True,1.4756763802621427,0.1591118597984314,0.5293111543004894,0.2502850126138995,7.0,0.5228114073465272,1.6795178147841519,1.5397175464633523,2.252252252252252,18.713594169493977,9.700603629855491,364.2196483606774,2913.42695719028,0.6407722326574404,0.7282456979304233
505,250,48.57607342292522,-48.57607342292522,-48.57607342292522,True,1.009384958215306,0.2964371633209382,0.547785722054224,0.20486215356413337,1.0,0.563423219225183,16.304266705550777,3.460264710455175,2.252252252252252,19.007745731681418,13.349115320871014,288.1538989732961,2352.410798956552,0.7637817897186162,0.76797354051434
506,285,49.0492358514212,-49.0492358514212,-49.0492358514212,True,1.6111094994802457,0.27839381548882614,0.417950726647616,0.2644186022244216,1.0,0.5336761918759527,16.13810997104309,5.1404542697129765,2.252252252252252,18.79437125983338,14.114289565276685,411.1554497067175,2702.685337857324,0.5655059181153774,0.7825408401483438
507,381,49.265764522644425,-49.265764522644425,-49.265764522644425,True,1.4062952233158053,0.19193773914128542,0.5448835205286742,0.126253530010581,2.0,0.3838667319927364,13.742000379070728,12.052644510351463,2.252252252252252,24.83263819012791,11.341219473202607,479.39276178367436,2758.5405707359314,0.6629030937328935,0.8152864933945239
508,190,49.39857142857143,-49.39857142857143,-49.39857142857143,True,1.8184243467219172,0.27974726621061563,0.3331812724471092,0.12008985325694084,6.0,0.46113098552469156,1.6111927564571857,1.237286788638082,1.9840443790890276,20.45029378030449,16.217405770970338,341.35004887357354,1115.560382604599,0.9787802770733833,0.7351339291781187
509,163,49.42171428571429,-49.42171428571429,-49.42171428571429,True,1.1685257908485829,0.1415325092151761,0.6455901548266412,0.20736815605312586,7.0,0.4299312105819582,1.2451034323054806,0.8430394925095115,2.252252252252252,24.462305675260723,11.247122346620596,502.87255295552313,2864.2118368297815,0.8748060413636267,0.548244500067085
510,295,49.728269299383854,-49.728269299383854,-49.728269299383854,True,1.553263228645978,0.12784106412313717,0.3974334470438149,0.25804770331393656,5.0,0.5177606559311816,5.781244165054039,1.9662599583146267,1.9683570430892445,16.685546540958732,12.214220914704054,200.66412472679264,2492.3895912956605,0.9714357652078967,0.7702419756592483
511,24,50.0853755540033,-50.0853755540033,-50.0853755540033,True,1.2147328395047285,0.15029751028865576,0.34547482822090386,0.12273766190386952,4.0,0.3636784391265362,4.369342355159877,2.7835252627580456,1.6069565318142396,24.297237997473417,13.478991142151964,375.4936212208122,2960.09306593381,0.762771555602743,0.8825308407283988
512,333,51.19919927061289,-51.19919927061289,-51.19919927061289,True,1.4543349699016659,0.23170640471452714,0.7124474002048373,0.19119836246499736,4.0,0.3294826091436669,7.072553417832413,1.576240573556312,1.3729280694387853,22.399831055663526,12.393700444328092,229.06159804676952,2257.2946429588706,0.8272131670465546,0.5433146727418608
513,322,51.60765801748413,-51.60765801748413,-51.60765801748413,True,1.4158475537326187,0.3647320250806978,0.36127179642203766,0.1700582337371183,7.0,0.10018650194345372,3.265837942883434,1.4328126762893554,1.5997396001699193,14.12941210802083,7.098122522328261,232.09584583682815,1626.9795671105385,0.8927725522560283,0.8927524033933878
514,266,52.16218963744938,-52.16218963744938,-52.16218963744938,True,1.324646783178707,0.2595018612992,0.5316031396355272,0.22537790871016078,9.0,0.10331166701178898,2.620336825739207,0.9629435191939795,1.806721848822793,15.616655220118483,9.553204862517834,231.63414217047625,2931.4957729268144,0.877011489257562,0.5395793971445626
515,299,51.47398829711258,-51.47398829711258,-52.34465435168842,True,1.3018708645766495,0.16390347812029976,0.6020303495472277,0.13443297683899827,3.0,0.5494752805389482,5.982901056201959,3.604016603900309,2.252252252252252,21.97164285229341,15.977754660812584,267.0376867861788,2280.4236650144676,0.9794175894930959,0.5008083269901344
516,72,52.36835244706895,-52.36835244706895,-52.36835244706895,True,1.397745344380068,0.15348712164221967,0.6214678611535398,0.19122040049593528,9.0,0.160250941906456,2.1858490970330102,1.2929015234595074,2.252252252252252,11.437134211882949,7.525689127845943,458.29759649025783,2585.016932349907,0.9410194602885856,0.7068395062009435
517,2,52.937130927582515,-52.937130927582515,-52.937130927582515,True,1.1730307288907469,0.19521650461405055,0.5503747070905657,0.18331008324961007,2.0,0.49677618607413015,16.337731554189872,9.35162488412483,2.252252252252252,12.686859536289017,5.2632664187740446,226.7843137262415,1142.470508813858,0.9991396691431713,0.5199799270014354
518,168,52.95965172677197,-52.95965172677197,-52.95965172677197,True,1.1629852044030353,0.3299073858740764,0.7161648810004391,0.2381091494941201,4.0,0.32777785681041,8.865272740164293,1.2026969960484966,2.252252252252252,21.348145683316073,10.369046987424259,243.96952414793702,1892.5122853549028,0.7007606709023937,0.7885677553713322
519,113,53.00997462052126,-53.00997462052126,-53.00997462052126,True,1.0833217254401832,0.2842049219917561,0.830714002236976,0.2505486374212058,1.0,0.6072659885641187,17.699009744825158,1.5993564510074343,2.252252252252252,13.591243800530359,5.819805914486741,402.18027689334616,1752.5401581078768,0.7990960376337171,0.8474852738600203
520,129,53.04526954608471,-53.04526954608471,-53.04526954608471,True,1.8063494545210153,0.14474212482571602,0.4640315959230066,0.15257137101143597,3.0,0.3520958420457318,12.604637994399651,11.525122520863997,2.252252252252252,11.409925324842334,7.333199127114156,434.2551914509386,2674.4768153876066,0.6125537590123713,0.5694977315142751
521,45,53.067448800219296,-53.067448800219296,-53.067448800219296,True,1.2288285625100137,0.39427371933959554,0.6081785718234783,0.1343004586865038,7.0,0.2220152076018836,5.152267069956355,4.190610509200744,2.252252252252252,13.620788478292525,5.856231660448747,457.14400126340973,1377.7793664485216,0.5731418520593113,0.6589995518714334
522,281,53.130858417603356,-53.130858417603356,-53.130858417603356,True,1.603291497348806,0.18140487094134738,0.6267489089789541,0.21836299604376244,5.0,0.24876899606804959,6.188326786852067,1.9816247652548284,1.4162559681582116,24.139589372949835,14.037223064050192,616.3334794716703,2167.8595021367073,0.9530577487312257,0.6512708324534697
523,318,53.99396408073043,-53.99396408073043,-53.99396408073043,True,1.7472709415717205,0.35353256255388266,0.44716626622356437,0.09306031368695163,3.0,0.46177284109070893,10.258883356262494,2.9741508515267165,2.252252252252252,19.36599539127201,11.944553567895385,635.0093810819089,1903.6673065274954,0.5467522353865206,0.5793188220028891
524,181,54.02666629800647,-54.02666629800647,-54.02666629800647,True,1.3751684884026647,0.3929589186607236,0.5372171760614631,0.18060154469476813,3.0,0.465801158894544,12.607874790816988,1.635498669762546,2.252252252252252,19.673711429350078,10.961951334574445,228.81734643858846,2771.2118958416245,0.8887676470912993,0.975462872069329
525,267,55.168470952985885,-55.168470952985885,-55.168470952985885,True,1.1845579552348704,0.12348638523370026,0.6315040647983552,0.18648305885493754,5.0,0.13607400466892866,4.871297426674299,3.581264606745801,2.252252252252252,19.07913231290877,12.802603974893014,467.2633239533752,1594.3211875855923,0.7176754702813923,0.6466440176591277
526,272,55.99597562167362,-55.99597562167362,-55.99597562167362,True,1.0870376251176,0.37161385089159016,0.7862730201333762,0.1694670790247619,6.0,0.4761812591638416,7.460492861986138,6.992665537560404,2.252252252252252,19.483282454311848,10.002650233649929,511.64705608971417,2868.0417351424694,0.7979572280310094,0.8197189271450043
527,201,56.48390734534441,-56.48390734534441,-56.48390734534441,True,1.6345110431455074,0.18903322011232376,0.5910479687154293,0.292320860531181,4.0,0.4529799414444714,7.1379065954728205,0.2885818418473658,2.252252252252252,14.52342089265585,10.205796379415794,512.211076868698,1211.8409518152475,0.7468794202432036,0.6061937138438225
528,326,56.870559593565815,-56.870559593565815,-56.870559593565815,True,0.9649118851366677,0.15848788048499063,0.6346480507403612,0.10514416588209224,7.0,0.23324492917031175,4.281112452675725,3.2169684551626565,1.4659747766219096,24.20846440944753,9.932430842623733,496.5536993900264,2207.479443518865,0.8969252957644038,0.8101832260663979
529,174,57.15087830344629,-57.15087830344629,-57.15087830344629,True,1.7387541049886495,0.36134584322571756,0.5901180390268564,0.1968233363330364,10.0,0.08847612038962543,3.167346317356687,0.8245146647265056,1.2225880958139896,18.391524381004274,13.910375514707944,240.88247665204108,2940.179092809558,0.7064714631997049,0.5805651172995567
530,114,57.308059559652406,-57.308059559652406,-57.308059559652406,True,1.2268229980785401,0.15987749554216862,0.8931115547195079,0.29214472478255626,9.0,0.3767434916524216,3.350111297453866,0.8308947764543149,2.252252252252252,22.833469989709556,17.981664482976505,407.00614978559315,2143.3510035276413,0.7092396765947342,0.852735847234726
531,372,57.40692651901058,-57.40692651901058,-57.40692651901058,True,1.3832790405154771,0.3239133216917108,0.45140467274400387,0.2454024080113738,4.0,0.5747370423929468,10.600883671935842,6.941022386858436,2.1410801669230453,13.176829985043828,10.11086894341376,276.37366185447945,2210.8972074460667,0.8080169647788636,0.8096695020125511
532,229,59.355147860221294,-59.355147860221294,-59.355147860221294,True,1.5872374638084688,0.17821639024517263,0.5211276569294094,0.2878813789538101,7.0,0.2582793607389554,2.897691015708274,1.7079000807029434,1.430389970075339,24.78539198059131,12.43885743601814,345.42334536090493,2942.9065083574737,0.9204357499557124,0.8818418183462784
533,236,61.06116602063716,-61.06116602063716,-61.06116602063716,True,1.2174713961184025,0.3698087030759488,0.771070552187352,0.2140703325528317,5.0,0.5985593765269964,8.989397163223622,4.26799787754178,1.9283208679407835,21.328600621179135,11.962644704449167,440.4818398524305,2372.2657084964244,0.8246763269416988,0.8191091355306238
534,312,61.07067840375172,-61.07067840375172,-61.07067840375172,True,1.7647103833008924,0.14174398906899138,0.41914633511719523,0.24856919775543346,5.0,0.3729876629862341,7.606750167699426,4.605009618660401,2.1231454745855984,17.00986503696265,12.616054813722467,252.69200196489692,2260.0049143737206,0.7820427152328193,0.5724818535443703
535,186,61.24780605609739,-61.24780605609739,-61.24780605609739,True,1.1543381648229873,0.34419567260891204,0.6634461170062423,0.14499595869310342,6.0,0.3384856651525944,9.025400166035869,3.0290600177102522,2.252252252252252,12.981099990879716,8.6136318161168,252.93625734315202,2379.629334629448,0.6565198342034275,0.5028459456373509
536,95,61.72456232049151,-61.72456232049151,-61.72456232049151,True,1.8007990277938544,0.3216240196564199,0.6029548285269418,0.11946464404463768,7.0,0.24367463412559826,4.709401880234968,0.37933209379709076,2.252252252252252,21.52796378266328,9.333825118838774,402.06789411604404,1746.8521572637405,0.9986514960831672,0.911686118622575
537,29,61.99108916207582,-61.99108916207582,-61.99108916207582,True,1.1520707611490042,0.32041994798928497,0.4418517345562577,0.2937162917666137,9.0,0.1745241308702156,6.247769011201714,5.881459481535432,2.252252252252252,10.184710226021707,5.922431972386272,647.6493597961962,2714.0300143510103,0.8566694748587906,0.5244026728905737
538,311,62.138532199868656,-62.138532199868656,-62.138532199868656,True,0.9759923270490021,0.13607355948537586,0.3561065588146448,0.2964138997532427,6.0,0.24861689827498046,3.9763014427095733,3.562365813872594,1.2329264362342656,12.085545612499118,7.795808568828367,303.9168213494122,1076.5619892627,0.7042626836337149,0.6792128821834922
539,69,62.93212053596426,-62.93212053596426,-62.93212053596426,True,1.2297790111917544,0.21681738095137837,0.4117012954736007,0.20708335960473198,2.0,0.5036505746342241,18.03012819478626,4.474587537104798,2.252252252252252,21.29627573326242,13.309835485478988,486.33707887493074,2180.6718055991487,0.8600982298197452,0.8900626215933198
540,370,62.966493048326356,-62.966493048326356,-62.966493048326356,True,1.5962490830436038,0.15937910865713475,0.6737063571130832,0.18358396539464591,10.0,0.4555832195796072,1.5440180564149504,0.2027497822889135,2.252252252252252,22.744568019619475,17.709627760604757,282.53256099258977,2070.2569336595793,0.84989941204699,0.6118831138696719
541,107,64.7602641477859,-64.7602641477859,-64.7602641477859,True,1.4983398823030294,0.3234564611949097,0.8663213443011046,0.23781733721467246,7.0,0.40030527453403913,6.575795285209247,5.3400554903451525,2.252252252252252,13.884164681658149,7.398110715751444,455.9179053629122,2732.2812856075057,0.7682789829559624,0.8672902206890285
542,19,64.90303777864654,-64.90303777864654,-64.90303777864654,True,1.5304747611380969,0.2437792473561905,0.8056194836952397,0.18957975389162282,9.0,0.30299947512611675,4.089067995986917,1.1046328486124803,1.428555284626782,19.59075831402254,11.070827442445694,557.5361350018645,1807.8948167437582,0.5851952250615602,0.7741765618156077
543,344,65.62016356179653,-65.62016356179653,-65.62016356179653,True,1.7201131394301195,0.1581044298019545,0.4218538467474875,0.28628149993717666,3.0,0.3027845309327572,10.720128487737973,0.18265901025486286,1.914424579452576,21.013012907925734,10.689747455055167,426.85190523043275,2230.395951133619,0.832606204942447,0.7499212933673078
544,377,65.85370917233654,-65.85370917233654,-65.85370917233654,True,1.6458289530294983,0.15866559365832872,0.35153507676424256,0.11341649063613614,5.0,0.4840127949073634,8.89592642401681,1.3117330573078938,1.5789107321856644,16.17946662553417,12.48866071886329,297.4694978708564,1974.9478978633954,0.9265102298221178,0.9967042193748057
545,41,66.10252992725495,-66.10252992725495,-66.10252992725495,True,1.00401611170806,0.3647979898227315,0.8175704717884406,0.2836114201977445,8.0,0.4596548074262887,5.667441677798246,5.178108625382415,2.252252252252252,22.747332588588424,10.829886248893361,640.6031057622187,1947.3952102602125,0.5122776996250449,0.8256950332805035
546,279,67.8560776679916,-67.8560776679916,-67.8560776679916,True,1.6501833690180077,0.24867719803005459,0.5258170701678123,0.20800377689620703,8.0,0.1937886583580273,5.049578725600436,1.1067079296124653,2.252252252252252,21.45355319669335,12.754796879835487,368.0461854816314,1921.4563462883234,0.9233244401004064,0.6721954253924454
547,358,69.97448164854337,-69.97448164854337,-69.97448164854337,True,1.5458453031269448,0.3004411980509758,0.3653793318670491,0.1127694639377296,9.0,0.2605951612013108,4.121725771536459,2.6701421655921322,2.252252252252252,10.338921360753263,7.924537591707763,266.01494943116745,2080.5946889262145,0.9021632873728974,0.7550186315944571
548,360,70.15341146284926,-70.15341146284926,-70.15341146284926,True,1.4189880731685864,0.14441215897660684,0.5513588241541199,0.2282994822999939,5.0,0.3829938404940607,10.383145022360175,1.7811790432320969,1.6758163703535272,16.707194905928727,10.111418247312404,331.7703379855873,2210.8676723584035,0.8538679041850319,0.6821906894817363
549,209,72.07550695790579,-72.07550695790579,-72.07550695790579,True,1.7319549495007842,0.12214124899357556,0.8112190280109643,0.11086412137374282,7.0,0.19093951415978372,6.835421403522351,1.2890502717023615,2.1334515479393303,13.42610971070826,7.7991586343045975,599.6480187866837,1779.8136584460735,0.5524585209786892,0.8399773039855063
550,230,72.3046355674793,-72.3046355674793,-72.3046355674793,True,1.6817826032124459,0.38814849585294725,0.45492598693817854,0.12785894437326456,8.0,0.386623854818513,4.81694906953439,2.1546288887105582,2.0837292327423063,22.77802881319076,15.790220185295206,460.5944057963844,1384.3616354654082,0.5907058529555798,0.8405567158094329
551,310,72.913578779454,-72.913578779454,-72.913578779454,True,1.7165180021900683,0.3157078306376934,0.6542601641267538,0.14570048665627838,4.0,0.48862008641511195,17.49205349961167,4.814216825955855,2.252252252252252,24.33311688248068,11.26688080941972,615.1486048474908,2400.062721222639,0.7597715267911553,0.8778235190548003
552,314,73.26390481589432,-73.26390481589432,-73.26390481589432,True,1.502012307241559,0.15037963485318395,0.4173951979805304,0.27301937360316514,10.0,0.32440508656557643,4.140481936025712,1.7388505445971756,2.0348739499082966,15.815795990638435,11.462048340775395,348.0425493057879,2677.751703636537,0.9093111222609878,0.7035308382473886
553,193,73.57741665220264,-73.57741665220264,-73.57741665220264,True,1.8259471722409129,0.20674975492060185,0.7124831154942513,0.19922777956351637,8.0,0.5681765661427751,5.299744801938168,4.388919674321974,1.0731371436268091,10.415134653449059,6.409673840343087,489.0679125674069,2166.428567841649,0.7623274042271078,0.9986356762237847
554,369,74.13563646920161,-74.13563646920161,-74.13563646920161,True,1.3452117777797148,0.13507578184014635,0.3651301469151746,0.18562583902679747,6.0,0.5113293856518343,6.933674408594194,2.5951080345743307,2.252252252252252,10.261499357351427,5.903695346683726,277.71168348807555,2022.3919739594724,0.860247889979261,0.5159463598392904
555,104,74.71663240191944,-74.71663240191944,-74.71663240191944,True,1.4005456219571157,0.14277231338356094,0.8868133111051375,0.2528734635137666,8.0,0.5381225098531442,5.843328620878781,2.2250709584775876,2.252252252252252,13.031603209709509,7.131583561449038,557.2075944450798,1368.6958838418172,0.5463855591815312,0.8562798934933121
556,383,75.24664666448349,-75.24664666448349,-75.24664666448349,True,1.7832081402404218,0.20689840882182847,0.3754884015584586,0.14053637687297202,7.0,0.390296062048874,6.4823980354838335,5.3759632654484895,2.252252252252252,15.586317516863346,8.708809907861136,275.7827678370305,1711.3975072368619,0.783262208395203,0.8368859672325689
557,258,76.40663154554358,-76.40663154554358,-76.40663154554358,True,1.4079908149383962,0.3562578132003546,0.8341060252860188,0.225329125598073,4.0,0.5698737025085836,18.915971751853082,17.82521884269215,2.252252252252252,12.26961940061301,7.706482173665615,348.4125319402665,1425.449512898922,0.5313252848573029,0.5778593919239938
558,142,82.47133255771432,-82.47133255771432,-82.47133255771432,True,1.7605295991785823,0.32047798451036213,0.8688275624066593,0.08827734138816595,9.0,0.4081125572105869,7.592134786984533,4.594637762587487,2.252252252252252,17.828098060563207,10.889548187225582,502.1452355198562,2265.2886044234037,0.8116659340448678,0.8895744173787534
559,43,84.68018360131711,-84.68018360131711,-84.68018360131711,True,1.5106375034824013,0.3088690374419093,0.3587721973657608,0.12355650575831532,5.0,0.558041708480753,17.810479772726886,10.334162919173282,2.252252252252252,14.842025777325034,5.9609871825940015,584.8698241170496,1183.7813053280115,0.622718627564609,0.5187580659985542
560,149,90.75938141819742,-90.75938141819742,-90.75938141819742,True,1.411237931954488,0.12743937227874994,0.47319751191196346,0.26078070838735,8.0,0.4498716569280178,8.98270270299234,2.899709977079665,2.252252252252252,15.854103943791827,12.50237363474367,638.5824235873528,2369.609568030112,0.8435996090759623,0.6385699832463272
561,14,91.38469534218558,-91.38469534218558,-91.38469534218558,True,1.1146999700769782,0.24858691100031138,0.6667521307244897,0.24418119464069604,8.0,0.31914551853630685,11.42505320515152,4.157633289900909,2.252252252252252,16.036919900216162,6.538287305335704,539.3160797189921,2429.1613828390837,0.9237394277006388,0.5389342391863465
562,225,91.9353418040885,-91.9353418040885,-91.9353418040885,True,1.7898776145245878,0.1601423789933324,0.39028604328632355,0.08423641966655852,10.0,0.21208111007660627,7.592266930601349,3.5356046595559354,2.252252252252252,10.804657437838614,5.208646216428815,243.61891490407288,2601.0355670005083,0.7195723881013691,0.5332390191033483
563,23,100.93111240429258,-100.93111240429258,-100.93111240429258,True,1.643503967505321,0.29620313584804536,0.639458129927516,0.2680122614838183,6.0,0.45674214681778097,14.619919828545925,11.55248753910318,2.252252252252252,24.900165498256683,11.399281616055834,337.77598524466157,1690.7606609165668,0.6143719465471804,0.5536770210601389
564,62,101.60241694652038,-101.60241694652038,-101.60241694652038,True,1.037946530822292,0.19595556098967792,0.5277677999809385,0.19377893071621655,7.0,0.37885836453121147,13.394261431804502,1.46762021030022,1.9105849950574338,15.268803662620485,8.741018952387305,269.1394966561347,1732.9259496182203,0.754129946231842,0.8967371708713472
565,239,106.58465189985083,-106.58465189985083,-106.58465189985083,True,1.0227035634830595,0.23030679050832986,0.44907761625945564,0.27175308514386415,9.0,0.4337481616929173,11.280394996011722,5.731020267291054,1.6712470510974526,12.415973297320306,7.887016480144805,570.8525558002293,1812.839038670063,0.7114027100615203,0.6925539574585855
566,58,106.89539877621017,-106.89539877621017,-106.89539877621017,True,1.7138020346281813,0.3980036346287219,0.8035851258063365,0.2069641587908628,9.0,0.4266112943587824,15.27220798312153,15.153150427565638,2.252252252252252,17.655522832646966,12.991508485885085,357.1476220408837,2398.1469623047315,0.9534497439056911,0.8189066971773228
567,325,110.67674470914883,-110.67674470914883,-110.67674470914883,True,1.37258058840112,0.26035691017432794,0.53254950234233,0.186844683624804,9.0,0.3153575075624657,10.968719683720105,8.161207792778612,2.252252252252252,21.034637284095048,13.335529206552582,284.6952389869084,2583.2948815077543,0.7869943627156317,0.8012075879079882
568,219,112.48301752425766,-112.48301752425766,-112.48301752425766,True,1.2814098990548402,0.3059540625659914,0.8215599119761514,0.09401906752958894,9.0,0.43046248137828824,13.691241844582274,7.835563672130677,2.252252252252252,18.683452950790524,13.83149096786678,267.46649823956074,1977.5539726947243,0.8513278081420859,0.7428306809709474
569,346,136.46884762368285,-136.46884762368285,-136.46884762368285,True,1.3224426629584436,0.1315942800473652,0.6774110478730324,0.22274468217045068,9.0,0.5353985516008516,15.612149335648244,1.6915315933749628,1.4659747766219096,16.194276625769447,8.997547934837728,415.0606287297683,1924.2016149590404,0.8615307896456585,0.7181582134600166
570,7,inf,-inf,-1000000.0,False,1.0279443160333346,0.37939918706580694,0.4088115066118046,0.269912909632793,8.0,0.08911720173172649,3.190296313571351,0.39779847112752265,1.5926523679337627,15.438059112848213,10.513126416948914,282.1309805382043,2561.8629548698664,0.825970676727593,0.7527818519515708
571,56,inf,-inf,-1000000.0,False,1.701100723548606,0.24032616045325994,0.735769160091877,0.18061108127236364,5.0,0.11789709983449426,4.220584529965511,0.9716891207452623,2.252252252252252,13.194178622215986,6.904067807758541,603.1119446270168,1953.5429682582617,0.6576979062519968,0.5430534440092742
572,223,inf,-inf,-1000000.0,False,0.9697083337619901,0.19176304753869772,0.7570325575768948,0.2932537395507097,6.0,0.41723694493435315,14.936616741142046,12.694583504573083,2.252252252252252,11.814790330827236,9.04704117915236,272.8655464015901,2556.3136097043753,0.5127936890348792,0.9326428044587374
573,354,inf,-inf,-1000000.0,False,1.3938316793691368,0.38799570661038163,0.6590936187654735,0.2859171529859304,6.0,0.21905769020877774,7.842020709271424,2.371446652852054,2.252252252252252,13.433166476897895,6.200015658706568,552.6217592414469,1347.6063311100006,0.6931775524280965,0.5448521464131773
574,371,inf,-inf,-1000000.0,False,1.2688243200719356,0.1302433620020747,0.5879398690536619,0.25802680229768155,0.0,0.07944232611339536,2.8439465694182555,0.7181750068625927,2.252252252252252,21.750149754807353,13.069743281879486,395.36579600535333,1012.5112552195787,0.6368344384245574,0.9574511875398457
