score,objective,generation,wing_span,wing_chord,tail_arm,nose_length,extra_shipping_containers,sensor_length_m,sensor_weight_kg,mission3_sensor_weight_kg,batt_capacity,prop_diameter_in,prop_pitch_in,mission3_prop_diameter_in,mission3_prop_pitch_in,motor_kv,motor_max_power,takeoff_flap_deflection_deg
6.423503507000797,-6.423503507000797,300,1.7857967445759722,0.3782526601170356,0.7707087346853989,0.15390659242111293,0.0,0.4051987253718127,12.0,5.964601905910031,3.3307446381638797,20.0,15.0,20.0,11.0,246.6351494513523,2169.882533881486,28.715998336357266
6.406062196444673,-6.406062196444673,227,1.793445413430388,0.36217880214707476,0.8149810078514236,0.1432170486936292,0.0,0.3352059857987236,12.0,6.6596476477187005,3.3685929489512274,20.0,15.0,20.0,15.0,246.30384343135412,2276.064615345058,37.354865261794494
6.401927991715146,-6.401927991715146,292,1.7858242567906635,0.3746870671231866,0.8528548266824406,0.14796514164921537,0.0,0.35149923086407925,12.0,5.613403191727498,3.3381026017541346,20.0,15.0,19.0,12.0,247.33668089393998,2371.0052717937456,29.269298798173246
6.399965590062778,-6.399965590062778,299,1.7708598949368966,0.39622717589343426,0.8581731774321418,0.16670103066161684,0.0,0.42211111113233873,12.0,7.307357070932065,3.352145185026462,20.0,15.0,18.0,12.0,249.92956329862966,2477.380481909272,29.074914671022334
6.398995856966098,-6.398995856966098,293,1.8211992246778832,0.343064647212718,0.8675364036127171,0.11549706208916505,0.0,0.36290934490001053,12.0,5.449745860335851,3.3480268470598054,20.0,15.0,16.0,12.0,252.2322014247446,2388.571434751549,30.312478858115746
6.398051720955752,-6.398051720955752,249,1.8185993914466676,0.3523965685528235,0.46967487324182833,0.09730199782859603,0.0,0.3923737246370711,12.0,6.335328472515134,3.3513493541474455,20.0,15.0,20.0,15.0,251.4046987289654,2180.854882367478,26.207500466720347
6.390957455800661,-6.390957455800661,239,1.7919425011016712,0.3798059873025414,0.8373443629285605,0.1720550472584893,0.0,0.44087150367077166,12.0,5.423501179668382,3.3227700433728264,20.0,15.0,20.0,12.0,247.57840401128556,2316.5567011721023,31.80546627863169
6.389620340425337,-6.389620340425337,249,1.8155073455681259,0.3630472076512516,0.5448538739311732,0.24676634364319264,0.0,0.4353852990731733,12.0,5.431738438129715,3.2995600174486315,20.0,15.0,20.0,13.0,246.73371295165472,2313.3805607686663,31.81413727259608
6.381407377208484,-6.381407377208484,241,1.8286837175837802,0.3548370616316121,0.4415426399889696,0.26083545800234015,0.0,0.4016610840767642,12.0,5.308994605841224,3.305089256952034,20.0,15.0,20.0,15.0,246.85162291574096,2228.3698834564566,28.008122442253914
6.374131353266822,-6.374131353266822,277,1.812473614804345,0.37697361415212616,0.7743385660482681,0.1187412867856513,0.0,0.5405095618387151,12.0,5.4154668994150645,3.3515429778096637,20.0,15.0,20.0,12.0,255.4808382929282,2295.3912995738874,24.920334181220056
6.367940137693319,-6.367940137693319,231,1.8006882853649695,0.3442984330995047,0.7709377963680288,0.15237472144701097,0.0,0.5002224698984856,12.0,5.874671381019434,3.346289752955426,20.0,15.0,20.0,12.0,254.50549734574014,2233.049782536395,29.540081410128938
6.367940137693319,-6.367940137693319,291,1.8006882853649695,0.3442984330995047,0.7709377963680288,0.15237472144701097,0.0,0.5002224698984856,12.0,5.874671381019434,3.3462897529554265,20.0,15.0,20.0,12.0,254.50549734574014,2233.049782536395,29.540081410128938
6.366345212524793,-6.366345212524793,293,1.7693586439223314,0.38778987129640186,0.8153253575458796,0.21727438295948331,0.0,0.3432265404774837,12.0,7.36241537694887,3.2677221314823557,20.0,15.0,18.0,12.0,248.07094583778087,2248.828186257933,27.445767941724494
6.364180719633058,-6.364180719633058,280,1.810868622301469,0.3805629062695496,0.549192610720483,0.09994337534451667,0.0,0.5196432258305395,12.117063157951051,5.026971570430367,3.3272169788778836,20.0,15.0,17.0,12.0,253.86606812235664,2196.1367709152555,24.60163863631638
6.360323684017785,-6.360323684017785,239,1.7943702289173198,0.37962983657001115,0.6245210034865625,0.10423248759240217,0.0,0.5896649593741772,12.0,5.7668369361218135,3.3419355673031266,20.0,15.0,19.0,12.0,246.03490948367607,2140.833814269402,37.32624549927334
6.360323684017785,-6.360323684017785,291,1.7943702289173198,0.37962983657001115,0.6245210034865625,0.10423248759240217,0.0,0.5896649593741772,12.0,5.766836936121814,3.3419355673031266,20.0,15.0,19.0,12.0,246.03490948367607,2140.833814269402,37.32624549927334
6.351819429714453,-6.351819429714453,290,1.79352299619202,0.3800340148903514,0.6746585064198717,0.21121036280803646,0.0,0.3531415089642214,12.00705843181144,6.381664269159,3.3365813714373673,20.0,15.0,20.0,15.0,250.33876130686855,2181.984487405642,36.96102411305684
6.345238956290865,-6.345238956290865,289,1.8105212671348674,0.3554645630718999,0.823577290325633,0.18851849105559293,0.0,0.5027469924712498,12.0,4.728433835416678,3.3577524501839773,20.0,15.0,20.0,15.0,247.05410232756293,2191.564039991381,36.00069134545157
6.343969738329305,-6.343969738329305,245,1.8122000297409322,0.3770057040337049,0.4493402884886473,0.22231736922353415,0.0,0.3861599606221997,12.0,4.909186494937133,3.338858671423268,20.0,15.0,20.0,15.0,252.85012377471128,2187.745081798958,18.631884554115228
6.343011016266584,-6.343011016266584,296,1.7905705277189878,0.364887038121244,0.773526385224962,0.18791329657038724,0.0,0.34273660859444255,12.0,4.088885489668651,3.343481888382148,20.0,15.0,18.0,12.0,247.98303207069054,2419.9048476488742,30.06343856923117
6.336867769000968,-6.336867769000968,228,1.7894121531254714,0.3746968470357188,0.5077000671100526,0.09801552549762926,0.0,0.33995355974780056,12.0,5.953506450982768,3.3699228817536238,20.0,15.0,20.0,13.0,252.1596130222654,2587.290065278059,38.257795646306406
6.336086282176593,-6.336086282176593,241,1.8205531505787502,0.37132374131754176,0.6539902989491182,0.13022915417023814,0.0,0.4926754367486113,12.0,5.593313895063878,3.3405464270880065,20.0,15.0,20.0,15.0,253.81767684902547,2200.3554649899547,27.6725444615597
6.334031886284037,-6.334031886284037,179,1.7932545031033922,0.379128672956342,0.6245210034865625,0.13341138154858465,0.0,0.5714494458268659,12.0,6.891783361420927,3.339455322779867,20.0,15.0,19.0,12.0,248.5354776251,2367.617310106085,24.79358682150537
6.332432336439814,-6.332432336439814,286,1.8092435494551782,0.35447225753573397,0.6077137542287314,0.20693657866628046,0.0,0.42479110486523713,12.0,6.331663508777156,3.3346618461436934,20.0,15.0,21.0,13.5,247.7246085090493,2360.873941452361,38.86445645397124
6.328318283019645,-6.328318283019645,286,1.8066486839282305,0.38120086032441564,0.6167309658638719,0.2005230741120306,0.0,0.347952646719643,12.0,4.648648688112397,3.363683619416853,20.0,15.0,20.0,15.0,255.18385180401933,2378.2222496614895,29.62748649270186
6.327955377615641,-6.327955377615641,100,1.8228514430392715,0.37959859936965046,0.7355288246497431,0.15893545672891524,0.0,0.5419220091337834,12.0,4.994234598299966,3.275748328642532,21.0,13.5,18.0,12.0,239.5214771799143,2448.4472693580524,28.44066098276076
6.326426641363772,-6.326426641363772,190,1.8186598243081196,0.3789866210443179,0.46968695782938324,0.22566856183475234,0.0,0.5754265148879649,12.0,5.921750536377858,3.3341346215966072,20.0,15.0,20.0,15.0,250.5670741962843,2118.468779058874,22.425614314639347
6.316415637100036,-6.316415637100036,51,1.8078500827854174,0.3755705115388334,0.6945738376031151,0.22670603279059387,0.0,0.5494268559095673,12.0,6.424812121674974,3.369828314625398,20.0,15.0,18.0,12.0,248.23881371900842,2412.476287101908,24.244498800746968
6.314899393069607,-6.314899393069607,292,1.8034935538127115,0.38687018832415576,0.4101610288974907,0.21707012037373585,0.0,0.3889877801067521,12.0,4.803313843618002,3.37722931757947,21.0,13.5,20.0,13.0,237.7186535238906,2320.6440232742634,31.72453996473704
6.313021742469472,-6.313021742469472,293,1.7699401841710827,0.3892801842918841,0.8312144746533591,0.23191475962432037,0.0,0.3920567722141241,12.0,6.347770097035201,3.3172169584338445,20.0,15.0,19.0,12.0,247.9083914315795,2239.956598982713,34.27306090442607
6.310161465234889,-6.310161465234889,234,1.800859872305046,0.347851917045639,0.6135051349350112,0.11512566995520063,0.0,0.445881250627247,12.0,3.561332619502724,3.359439938588631,20.0,15.0,18.0,12.0,254.85348281663195,2182.6698626970333,22.215221500847946
6.3062997491905675,-6.3062997491905675,155,1.816151909283826,0.3894329791530846,0.5875655915920632,0.11362072224768752,0.0,0.482278854403958,12.0,4.611662973431779,3.2325894866681377,21.0,13.5,16.0,12.0,240.28243689673718,2060.200031661849,27.53117541353952
6.303960783842862,-6.303960783842862,246,1.818289891718862,0.3745510820741492,0.6155401835779136,0.2034937029269636,0.0,0.4653099030142538,12.0,5.4842044927004165,3.3517277089709925,20.0,15.0,21.0,13.5,251.07396752642288,2423.9108992844926,31.462609659146544
6.3028504651916935,-6.3028504651916935,60,1.778732284720836,0.3884690739910386,0.8613794521624885,0.1527564769803117,0.0,0.4881735299280091,12.0,4.676604888108223,3.2663935715192336,20.0,15.0,16.0,12.0,248.69166807584884,2169.5936768277697,26.695051056896414
6.29552460103268,-6.29552460103268,292,1.7877945863720557,0.36897820792410824,0.8875391480617684,0.19522344414547227,0.0,0.45395927636950933,12.0,7.423246378035406,3.3286683807769144,20.0,15.0,20.0,13.0,252.4293889978434,2239.1511665550597,32.30268237113272
6.292766859266528,-6.292766859266528,175,1.8042748518052587,0.37258590350248166,0.7969281607416989,0.275218366025488,0.0,0.5972602730289357,12.0,6.533181395374259,3.364956602830432,20.0,15.0,20.0,13.0,253.58437405004574,2212.8891516574367,20.28436087986006
6.291280367632798,-6.291280367632798,279,1.8209029845169598,0.3954187328948081,0.5445333345326769,0.24920475184347549,0.0,0.4312413711562635,12.0,7.623146552958119,3.2862834459549877,21.0,13.5,19.0,12.0,240.2955786083191,2341.626774353699,20.426441964985123
6.285773317209242,-6.285773317209242,230,1.813662505941917,0.372455039925971,0.7099977617190676,0.12432881522830252,0.0,0.5247682489227423,12.0,6.166884652453018,3.330683989716089,20.0,15.0,20.0,15.0,251.09222011756574,2086.5041658870773,36.895528485664315
6.273547727842079,-6.273547727842079,241,1.8082308441396848,0.3774655585835532,0.4956151040823451,0.27022476466167195,0.0,0.6079361203952637,12.0,4.349019557847131,3.2706957380281314,20.0,15.0,20.0,13.0,254.92103636513394,2227.5166792651307,15.64212704479132
6.271263200304838,-6.271263200304838,247,1.8213983223942285,0.36635343754173255,0.3322411566601914,0.2719850717099995,0.0,0.42209612885217773,12.0,4.890741055791141,3.337663248349034,20.0,15.0,20.0,15.0,250.49118991013555,2152.549852683897,27.50650398799797
6.270021040616655,-6.270021040616655,293,1.7892015817764093,0.3512836746106875,0.7313525489530504,0.17098172468605927,0.0,0.3872551535399169,12.0,2.981062361104149,3.3522883011556655,20.0,15.0,19.0,12.0,255.00875640549626,2161.4688619638364,30.922013503794652
6.2639193167435625,-6.2639193167435625,288,1.7927535478386731,0.38408502201123124,0.5915796097006789,0.17223884765470104,0.0,0.42191615978285457,12.046246553782627,4.549919020260247,3.3631555167751497,20.0,15.0,21.0,13.5,248.10425554229974,2140.7043615714365,34.49427010987027
6.255011253891965,-6.255011253891965,189,1.8082308441396848,0.3493773069749371,0.4956151040823451,0.25303244669503844,0.0,0.5021520066331859,12.0,4.800008699553663,3.2706957380281314,20.0,15.0,20.0,13.0,254.92103636513394,2227.5166792651307,28.96559248731624
6.253800347284761,-6.253800347284761,245,1.8029943167707938,0.3688197664561723,0.6444662739353724,0.19320901581801264,0.0,0.37270789378643066,12.0,2.79051644504748,3.356635723874188,20.0,15.0,20.0,15.0,246.6386626582622,2127.7958265318625,23.02323326851485
6.253750738822567,-6.253750738822567,298,1.758822297980207,0.3859019296913986,0.503673272219573,0.1462015049480131,0.0,0.4049975774658758,12.0,2.9424519684311123,3.339568560382662,20.0,15.0,20.0,15.0,246.84368643096758,2135.0881137153438,26.11310617558682
6.248015882107834,-6.248015882107834,187,1.8084420040177058,0.3487077767451143,0.6488055678354995,0.18830334878743654,0.0,0.4836986945751024,12.0,5.4552796775911165,3.2593601164749346,20.0,15.0,20.0,13.0,254.55362579720344,2263.130968351502,22.474519005535907
6.241542976046976,-6.241542976046976,118,1.783151587639345,0.384484710370695,0.577341788859543,0.18745913561295108,0.0,0.5401977284984756,12.0,3.7513077170513505,3.3561266812108013,20.0,15.0,20.0,11.0,249.43259167860643,2146.646580789998,23.46757956776349
6.238286856110327,-6.238286856110327,282,1.8093259903128422,0.3915309761324839,0.6537588589512994,0.143227426451206,0.0,0.3461929711365591,12.0,3.4956888104001402,3.3565735600416606,21.0,13.5,20.0,15.0,238.753144336964,2319.366394539865,23.574332271405623
6.232148791107226,-6.232148791107226,292,1.7874927073631488,0.38481201997854064,0.8381528771746627,0.1372993950609667,0.0,0.46377023323538785,12.0,3.078553079698195,3.3208293565027485,20.0,15.0,17.0,12.0,248.7119617386338,2383.062006976437,29.233728419455602
6.2303816495741415,-6.2303816495741415,250,1.7735638245393945,0.37135954969662605,0.6991019415641788,0.17073443494484777,0.0,0.4110721275499685,12.0,2.409052730800319,3.3681421070563213,20.0,15.0,20.0,15.0,247.54169981079352,2300.986666129971,30.133034854371278
6.227007068021615,-6.227007068021615,293,1.786088497635573,0.3770595422217745,0.8842141943446511,0.11071258939232383,0.0,0.573550272793335,12.0,4.601523762412477,3.3395359578679447,20.0,15.0,19.0,12.0,250.67784066059488,2345.2769597591664,33.77416513719667
6.223735926228887,-6.223735926228887,246,1.8047248895138388,0.3773812071538098,0.42193356134089477,0.2712121213347656,0.0,0.38924543130087985,12.0,5.946764869089664,3.3041143262825923,20.0,15.0,20.0,15.0,248.4323615496688,2115.6291895413055,24.66183603749176
6.221646316850976,-6.221646316850976,243,1.8055033569004364,0.36217420117142707,0.5371901728655636,0.2962574043483895,0.0,0.42746273235041904,12.0,2.356276474164707,3.372849489958335,20.0,15.0,21.0,13.5,247.1171653853344,2054.970973491868,31.64927611462709
6.215328830083117,-6.215328830083117,241,1.8104293278491115,0.3796039146760477,0.47641818603178177,0.23485883959810694,0.0,0.5728738369006365,12.0,5.3914731201848864,3.313988263754287,20.0,15.0,20.0,13.0,252.026097454514,2171.256660760375,19.521359803759218
6.20583098416894,-6.20583098416894,286,1.819493534762589,0.3543247786111031,0.8593499771227484,0.09891464649461885,0.0,0.5310964366416806,12.0,6.729581538763315,3.335722515109922,20.0,15.0,20.0,15.0,255.27637370556985,2423.9199494015234,24.00325692255533
6.196156665242868,-6.196156665242868,298,1.8074089226287375,0.3823822385329999,0.8723745559317042,0.11849019678237283,0.0,0.39501290075159123,12.0,1.7588498029523425,3.3358021373148787,20.0,15.0,18.0,12.0,239.10480639494756,2153.591190924448,33.33976083265089
6.186276451572771,-6.186276451572771,180,1.7943096988775915,0.38758426508511457,0.5807388240429282,0.1767161931373203,0.0,0.39948825305318364,12.0,2.4188299389686456,3.3267720248470063,20.0,15.0,19.0,12.0,251.89354548077856,2448.087060562371,16.842634354011512
6.183164577890208,-6.183164577890208,53,1.8012735988745543,0.3671458560460872,0.5708545788491133,0.19657402460675508,0.0,0.48719943079576106,12.0,3.0059199107681582,3.2693662521411735,20.0,15.0,16.0,12.0,249.33717295188447,2221.312325478179,26.971523954416483
6.183164577890208,-6.183164577890208,178,1.7935955022802954,0.37261719737450555,0.6833203379748563,0.2252766316597507,0.0,0.5214806042064527,12.0,3.0059199107681582,3.3776785619632745,20.0,15.0,19.0,12.0,249.33717295188447,2221.312325478179,26.971523954416483
6.124956053271145,-6.124956053271145,236,1.8023196007673359,0.36058717259221645,0.778605369546001,0.19580278649152855,0.0,0.5708575529839852,12.0,2.209692523640843,3.34628242183138,20.0,15.0,20.0,15.0,253.11877756957338,2148.648602612454,25.63280418027484
6.017401624624243,-6.017401624624243,297,1.7867130451976774,0.3792575086091526,0.6308213977975096,0.1206240442895395,0.0,0.4879060924901482,12.0,0.4746158961330007,3.3446205636720827,20.0,15.0,17.0,12.0,253.27324159493142,2404.427810799726,30.065592773433004
-0.7132125992162965,0.7132125992162965,246,1.8281425121411359,0.39566718105129817,0.34978130311329525,0.2293982813029753,0.0,0.5264893672002582,12.0,4.147888973076114,3.361854492533448,20.0,15.0,20.0,15.0,248.66596852338782,2359.190463159631,18.581977501733856
-3.2633536179336478,3.2633536179336478,10,1.7889306944679229,0.34895542153885883,0.8451704208624783,0.23291261137054758,0.0,0.36600885224118257,12.0,11.483199434693864,3.3338152010030737,20.0,15.0,20.0,15.0,252.60392910836188,2241.213210695249,31.316502226294425
-3.279052600671527,3.279052600671527,70,1.7866401668599874,0.36985942280394607,0.6411285875295787,0.22393754488324946,0.0,0.4913377217178892,12.0,11.63155722381682,3.361466482990572,20.0,15.0,20.0,15.0,262.4494842896904,2258.045775058798,20.721550014454806
-3.2799200840446154,3.2799200840446154,227,1.805898475415,0.376152213923837,0.6917551644736062,0.17818608121224913,0.0,0.3857759755148179,12.0,11.84290839255882,3.3017505616456955,20.0,15.0,22.0,13.0,259.9467361008525,2255.0033906881026,13.112129447425254
-3.289409573892362,3.289409573892362,125,1.7991387099105614,0.3548117505890098,0.5786203011251362,0.21741485980878283,0.0,0.34057892410543367,12.0,11.493141829777942,3.359326960211945,20.0,15.0,21.0,13.0,263.3428432699671,2274.245359484185,24.166601116594002
-3.314885606423209,3.314885606423209,130,1.7955201639042213,0.33888719709824433,0.8105339677327097,0.25754247877158687,0.0,0.38560600879345297,12.0,11.679160077435858,3.3476255582707743,20.0,15.0,20.0,15.0,257.11442215987927,2304.322824563942,37.78773281216634
-3.332503317095667,3.332503317095667,225,1.806049703550212,0.36371798610508166,0.6008933615003719,0.10215204317124964,0.0,0.42353450254189884,12.0,10.192648159919354,3.36939101471996,20.0,15.0,21.0,13.5,246.40561873266105,2244.68307011316,24.547554083538834
-3.346611193834879,3.346611193834879,184,1.7977124491489223,0.35748307067150464,0.8219663309129864,0.21039388887364008,0.0,0.4740836655476326,12.0,11.185972622321946,3.3692082889273394,20.0,15.0,20.0,15.0,259.00030980948657,2265.9842584832154,29.273737604005262
-3.36029082751031,3.36029082751031,187,1.7850679608234543,0.35536051942536295,0.8638546653054533,0.10114171090392032,0.0,0.43363082903388656,12.0,11.004723077497797,3.368970928978217,20.0,15.0,20.0,15.0,257.05278800719316,2323.1100363963633,26.215581221166076
-3.374333389022593,3.374333389022593,184,1.8164922256291476,0.3347087608475757,0.8942790517141721,0.26648623672072874,0.0,0.4118198775694748,12.0,10.918916774486567,3.349990271538963,20.0,15.0,20.0,15.0,262.75349111322146,2455.9049437730546,23.512267332145314
-3.374840044465972,3.374840044465972,109,1.8234457078793385,0.3564920254112821,0.7102792484894437,0.10274107052359314,0.0,0.34149441920858914,12.0,10.193193735881042,3.3501594832471904,20.0,15.0,22.0,13.0,256.17175154037017,2337.1649699522663,20.568866251632848
-3.3769239192567877,3.3769239192567877,249,1.8109938271703943,0.3400216693185232,0.5522413936963549,0.21944842915185542,0.0,0.34581537901994164,12.0,11.40890926928223,3.3159039281281624,20.0,15.0,19.0,12.0,252.88649339924567,2249.8350676234068,28.41599168583737
-3.3783236983795604,3.3783236983795604,246,1.8249195561805398,0.35048278206831696,0.6392920051686768,0.209623274873678,0.0,0.350276509553999,12.0,10.712693502719139,3.29709180090671,20.0,15.0,20.0,15.0,256.4477671373936,2358.0525165678578,22.637641051065117
-3.3787402398509405,3.3787402398509405,65,1.8272307865065167,0.34205890525174676,0.7996748443596705,0.270447854097678,0.0,0.367346276297183,12.0,9.858958618991888,3.371532682197003,20.0,15.0,20.0,15.0,247.6803784484759,2252.881784292,29.059204833573812
-3.384490957336018,3.384490957336018,298,1.8107831760880528,0.3611905899404824,0.7068138095616765,0.1725734076225838,0.0,0.37019654395171514,12.0,10.478187714967286,3.3098328993406954,20.0,15.0,22.0,13.0,258.608579327112,2418.959618896123,24.444167057162623
-3.3903669185013445,3.3903669185013445,170,1.8226697462972572,0.35978913294300885,0.6207878769612304,0.19104396290336256,0.0,0.36619320442490705,12.0,11.197718074446522,3.223862739426698,22.0,13.0,20.0,15.0,233.4141592716839,2334.1188429124886,34.15383611369546
-3.391611113054985,3.391611113054985,169,1.7902452274092278,0.3626313364068849,0.7409517467249025,0.11235022428749275,0.0,0.4310997256906779,12.0,10.536129832199437,3.3637760769689433,20.0,15.0,22.0,13.0,256.42202780466914,2266.9132847206392,16.773715227243898
-3.391611113054985,3.391611113054985,221,1.7902452274092278,0.36263133640688494,0.7409517467249025,0.11235022428749275,0.0,0.4310997256906779,12.0,10.536129832199437,3.3637760769689433,20.0,15.0,22.0,13.0,256.42202780466914,2266.9132847206392,16.773715227243898
-3.4056954344013164,3.4056954344013164,286,1.7960871644174161,0.3318371805979422,0.8635685426285269,0.13565838035291639,0.0,0.34581184515244356,12.0,10.485790416900125,3.316304606869405,20.0,15.0,20.0,15.0,260.3894437371539,2267.249584883072,25.826113329774625
-3.4081361367332343,3.4081361367332343,133,1.8121611417496986,0.347346900862415,0.8168307057798988,0.21668779083583675,0.0,0.5552413473245728,12.0,10.32164564573227,3.3696085528164907,20.0,15.0,21.0,13.5,256.18293629661906,2266.5096159011964,24.068942060370333
-3.410509343855205,3.410509343855205,187,1.809159314758776,0.34596908551220074,0.8095825412954709,0.19433893552035816,0.0,0.5690717291382305,12.06022185383221,10.194628946115161,3.352659811136818,20.0,15.0,20.0,15.0,259.3972194511431,2297.2060263440167,25.12251524447374
-3.4120896790912543,3.4120896790912543,181,1.8013540777398198,0.3470508054511896,0.6121118696799527,0.1505388387135659,0.0,0.4311170431594611,12.0,10.269752700003691,3.350512847193702,20.0,15.0,20.0,15.0,257.04405978380123,2342.263200956012,30.165261346771047
-3.414860402698622,3.414860402698622,121,1.8222398218719238,0.3396477963836383,0.7830637968033705,0.28129100061594403,0.0,0.38560600879345297,12.0,11.679160077435858,3.3499102470359405,20.0,15.0,21.0,13.5,259.6429954445541,2301.068131829806,19.536359360262082
-3.4148685338637117,3.4148685338637117,125,1.798326020743442,0.34066732116714366,0.6859766081869222,0.28659562705331904,0.0,0.35514774819220835,12.0,11.976864369971965,3.367113944694675,20.0,15.0,20.0,15.0,258.16358641986045,2291.448126884701,19.52937181935599
-3.4148685338637206,3.4148685338637206,181,1.798326020743442,0.3406673211671436,0.6859766081869222,0.28659562705331904,0.0,0.35514774819220835,12.0,11.976864369971965,3.367113944694675,20.0,15.0,20.0,15.0,258.16358641986045,2291.448126884701,19.52937181935599
-3.419083532803427,3.419083532803427,165,1.8230855162405848,0.3527463583118196,0.574188278050944,0.12327788946028559,0.0,0.34597993202879185,12.0,10.560469886258357,3.3201900899875296,20.0,15.0,22.0,13.0,265.9210214182646,2704.282221771296,17.642385975159897
-3.4218747379523045,3.4218747379523045,243,1.7987074760298114,0.37313035830592334,0.556387796043567,0.21918346703069505,0.0,0.4396699289265754,12.0,8.700745369961734,3.372363968763297,20.0,15.0,20.0,15.0,245.7709760631833,2154.8635097644083,26.551005273212457
-3.4253014425954085,3.4253014425954085,185,1.8227790642126669,0.35276768667295166,0.7709433787807433,0.2851176485141589,0.0,0.47613764942499953,12.0,10.047798459483117,3.3613752969976867,20.0,15.0,22.0,13.0,258.1900316722158,2174.958677322454,22.62077513857866
-3.4254094981282517,3.4254094981282517,225,1.7940591593158546,0.35372088499969506,0.8911173565542088,0.12676477572673223,0.0,0.5082413442237876,12.0,10.094257974349274,3.357428842432286,20.0,15.0,21.0,13.5,262.13187433988935,2325.2228959973563,19.402215181545095
-3.4292241396974665,3.4292241396974665,225,1.7984863605754042,0.3521686925590104,0.6143712106991429,0.21104181265765667,0.0,0.3684411143103572,12.00964229594629,9.99389711972617,3.3056155368622058,20.0,15.0,21.0,13.5,255.83002735535976,2251.846185849734,25.558871387221895
-3.4297301015461974,3.4297301015461974,189,1.8109938271703943,0.35218850862553297,0.6213096113087749,0.21944842915185542,0.0,0.34581537901994164,12.0,11.40890926928223,3.2805149697744724,20.0,15.0,19.0,12.0,259.26276410187165,2180.7179457050247,25.69852377094893
-3.4303965726113823,3.4303965726113823,243,1.8072980240356358,0.3434437855060345,0.528032760415741,0.19320901581801264,0.0,0.40269720673631176,12.0,10.01235747289373,3.356635723874188,20.0,15.0,20.0,15.0,256.327837951844,2270.1588752994585,28.968638081602535
-3.431496502912811,3.431496502912811,107,1.8180070595338385,0.3510311772134689,0.6599380253007938,0.1255798318305568,0.0,0.5388148662087642,12.0,10.289538743383838,3.366008384031659,20.0,15.0,22.0,13.0,257.02464152170785,2140.665167434223,28.031004329867383
-3.431496502912811,3.431496502912811,161,1.8180070595338385,0.3510311772134689,0.6599380253007938,0.12557983183055682,0.0,0.5388148662087642,12.0,10.289538743383838,3.366008384031659,20.0,15.0,22.0,13.0,257.02464152170785,2140.665167434223,28.031004329867383
-3.4366190325451447,3.4366190325451447,169,1.8204418521196215,0.39658752641818656,0.4665064462298112,0.1394026924311556,0.0,0.37146881502586565,12.0,8.856002569799365,3.2927616555529635,20.0,15.0,21.0,13.5,238.977237654032,2176.045459339515,26.14899707282477
-3.452764491216824,3.452764491216824,286,1.8027496561862109,0.3561986266052497,0.7903592264003575,0.14153535396013275,0.0,0.36428412313307035,12.0,8.124623982562174,3.359366306215862,20.0,15.0,20.0,15.0,263.2735289695999,2325.3825513800043,13.275938095843598
-3.4562933603332135,3.4562933603332135,122,1.7825904623785802,0.3447895559626477,0.6525337853918736,0.2734192322689075,0.0,0.33644969090715227,12.0,9.647686695972205,3.3780437838790913,20.0,15.0,20.0,13.0,257.28914262683116,2213.6477057407133,22.75576733391119
-3.4568173199253467,3.4568173199253467,106,1.8284049517578196,0.34188651732748476,0.7409939418638817,0.2518818489177385,0.0,0.3406968981430244,12.0,9.60363392924175,3.298338222899125,20.0,15.0,20.0,15.0,259.4931911463001,2405.5991334244845,16.5275473681
-3.4596760398076496,3.4596760398076496,239,1.8116920059778359,0.3467024978264396,0.8381832753791222,0.28406906241836116,0.0,0.5534661983197282,12.0,10.110607881697813,3.354379711430963,20.0,15.0,20.0,15.0,250.53987405633455,2299.3564862836333,37.615881225824204
-3.461041620544945,3.461041620544945,181,1.8235706003401415,0.3356932615568594,0.7447215302392581,0.1672944287818796,0.0,0.42331659789912246,12.0,10.940503241643158,3.360246471476356,20.0,15.0,20.0,13.0,258.81564530987043,2555.068078471517,39.8037910468074
-3.465159396365422,3.465159396365422,182,1.813286979728399,0.37009124813460115,0.5955011595791193,0.17525924493945017,0.0,0.39172791786459255,12.0,11.209698936898532,3.25852304201982,20.0,15.0,20.0,13.0,240.01161614277788,2100.902896334753,32.595072743558156
-3.4753381270913994,3.4753381270913994,245,1.8009816218822339,0.34885140013627647,0.7757975155759228,0.19702975572289347,0.0,0.44371891563803617,12.0,11.970868346313507,3.2903468617106277,20.0,15.0,20.0,15.0,248.21228340037325,2133.4929528342645,30.29511890350534
-3.4823596074092915,3.4823596074092915,290,1.8012457489614975,0.3403429876760881,0.6790552493788016,0.22375521652190936,0.0,0.3657684065083606,12.00705843181144,6.6941934571422665,3.3609526819480235,20.0,15.0,20.0,15.0,252.9583055708816,2104.1854965863986,39.748753807531116
-3.4837975221120043,3.4837975221120043,139,1.8217776481082593,0.3388042998524432,0.8058301536102765,0.28368053260365084,0.0,0.5430221745137427,12.0,10.676016270178756,3.3738945329446004,20.0,15.0,18.0,12.0,261.9036188678441,2368.8587643973933,28.418532016026088
-3.48413719536501,3.48413719536501,243,1.8243648285418441,0.334266367543002,0.6480329532626025,0.28930629809590974,0.0,0.3727136678340633,12.0,9.236031973122197,3.2870800201806247,20.0,15.0,20.0,15.0,259.6192115357131,2198.9226539313713,25.786791112460822
-3.484366541460731,3.484366541460731,224,1.8103967458043149,0.3579103847298596,0.46407982153734073,0.11363328395914539,0.0,0.47182220766189453,12.0,11.72905930531616,3.3729848124130752,20.0,15.0,21.0,13.5,254.0853251916727,2402.7688760337146,23.38292456397754
-3.4873418690449833,3.4873418690449833,130,1.8146572471639657,0.3786799561064639,0.7308236660871099,0.1964401354423911,0.0,0.4530088252379253,12.0,7.500537358698017,3.3776010881530585,20.0,15.0,20.0,15.0,247.01691408843146,2468.74897332286,30.00632836649988
-3.488404971144316,3.488404971144316,282,1.7965261649626825,0.3661704035938511,0.7009493912775421,0.24850617513573858,0.0,0.3504016853732912,12.0,8.984842745897494,3.349125382829441,20.0,15.0,20.0,15.0,257.9277212444772,2352.6084635361653,12.643358022464444
-3.4885496696300855,3.4885496696300855,109,1.8279720742574468,0.35978913294300885,0.527302506403523,0.2439420358371216,0.0,0.4959035693236079,12.0,9.654079919080912,3.223862739426698,21.0,13.5,20.0,15.0,238.72463871409457,2142.284286665624,34.15383611369546
-3.4886899270182896,3.4886899270182896,168,1.7936294645787085,0.3661704035938511,0.7113898404542597,0.24072267960441635,0.0,0.37206044801319993,12.0,8.984842745897494,3.3301114966278043,20.0,15.0,20.0,15.0,257.9277212444772,2352.6084635361653,16.87111914967283
-3.490670471952625,3.490670471952625,225,1.8099176279699105,0.33085072795729936,0.6987767772498269,0.13035472600002562,0.0,0.3981926061022223,12.0,9.249109799162445,3.310476035694644,20.0,15.0,20.0,12.0,262.81365314030586,2516.435019369217,27.513978348884976
-3.4969919381718624,3.4969919381718624,7,1.8238305679969442,0.3401322307066156,0.6544656984213648,0.2019030074845455,0.0,0.36680843394031165,12.0,10.330532932199164,3.2821634350993802,20.0,15.0,19.0,12.0,256.58996601740415,2371.3459877294044,31.356605189825896
-3.4969919381718624,3.4969919381718624,61,1.8238305679969442,0.3401322307066156,0.6544656984213648,0.2019030074845455,0.0,0.36680843394031165,12.0,10.330532932199164,3.2821634350993802,20.0,15.0,19.0,12.0,256.58996601740415,2371.3459877294044,31.3566051898259
-3.5076788263090473,3.5076788263090473,299,1.8105350380774161,0.32861061811433556,0.5183145273613451,0.1555805450354202,0.0,0.38208059684570556,12.0,10.908407614429223,3.362793779913078,20.0,15.0,20.0,12.0,255.88522936320675,2202.8315915277235,38.51197763176134
-3.5118696378233842,3.5118696378233842,288,1.7935271045570575,0.37879544960806855,0.5826015689725077,0.09612208674669771,0.0,0.34938651703135537,12.0,8.222650533825501,3.359467259983191,20.0,15.0,25.0,12.5,257.1479376140321,2380.7633704404243,19.296162354208327
-3.5219553124026177,3.5219553124026177,169,1.8283505428403195,0.33850623349051545,0.6699876584906099,0.08971291457695212,0.0,0.4991446568512683,12.030601458617628,8.822170028907387,3.335647743860548,20.0,15.0,21.0,12.0,262.2975059860759,2376.883062344391,20.09956532127127
-3.530505983158683,3.530505983158683,222,1.8260200714588382,0.38494951582728265,0.5554907924743874,0.1875729042681548,0.0,0.3516254025504887,12.0,11.521902312275765,3.112479347224662,22.0,13.0,20.0,15.0,231.223520650972,2151.3201422023176,26.544288306064665
-3.532664329146189,3.532664329146189,80,1.8126208373878467,0.33727411170590316,0.8075743443953494,0.08876797450277098,0.0,0.6079399909185541,12.0,9.905996771039629,3.3755069488209797,20.0,15.0,22.0,10.0,261.9115084277148,2371.1083098659137,23.96995931570475
-3.533960848374342,3.533960848374342,230,1.7963211534805215,0.3448469626675625,0.732359733777938,0.21727898641093557,0.0,0.3613810362556962,12.0,7.577066888696697,3.3408499539414382,20.0,15.0,20.0,15.0,258.8646170837219,2320.619041533656,32.7726468001588
-3.533960848374342,3.533960848374342,281,1.7963211534805215,0.3448469626675625,0.732359733777938,0.21727898641093557,0.0,0.3613810362556962,12.0,7.577066888696697,3.3408499539414382,20.0,15.0,20.0,15.0,258.8646170837219,2320.619041533656,32.77264680015881
-3.5440472484935617,3.5440472484935617,239,1.8191250221265254,0.3458135686918678,0.7980918670645485,0.1389223408296546,0.0,0.5029735353328709,12.0,9.561800591012174,3.3324743483453867,20.0,15.0,20.0,11.0,256.5800636120442,2387.0171680965345,25.748207198423728
-3.5454630480445584,3.5454630480445584,288,1.7874746999246724,0.35975854631815496,0.7970681253162074,0.18729954724743902,0.0,0.40224992086960804,12.0,10.151767689573651,3.268938673194432,20.0,15.0,20.0,15.0,246.91413714386644,2064.890699233031,39.39719650997028
-3.550329166224227,3.550329166224227,286,1.8026404731170707,0.35336767092760757,0.8512292786216953,0.1174063437898624,0.0,0.41057284206667644,12.0,8.96368910499019,3.35037806288026,20.0,15.0,20.0,15.0,248.75536610861792,2347.249588046278,28.122699790796837
-3.551877712489243,3.551877712489243,286,1.787695477834545,0.37238943306988165,0.5539891603228979,0.19218987813437177,0.0,0.5717896837555413,12.0,7.742358745851375,3.3373497201985707,20.0,15.0,21.0,13.5,246.3154241093473,2178.582827403707,28.110297333318364
-3.552861610072812,3.552861610072812,241,1.804269121619527,0.3710387906467446,0.568873323650208,0.14197244330181352,0.0,0.35405045571047206,12.0,6.391394151751021,3.354979492454639,20.0,15.0,20.0,15.0,245.84667650088213,2262.4962238023145,24.214302580867702
-3.556245324604439,3.556245324604439,248,1.7743917371711833,0.3940416191551126,0.59261458324156,0.22857965955021706,0.0,0.3781856068175473,12.0,10.98280705291855,3.255151335856495,20.0,15.0,22.0,13.0,239.87080993149925,2199.958734645006,29.894699602148233
-3.5574823499153228,3.5574823499153228,289,1.7826579994888412,0.35563662787547434,0.7104350883454422,0.1604728220781037,0.0,0.36146948207400226,12.0,6.324044955558056,3.378185129985233,20.0,15.0,20.0,15.0,247.30527644750893,2273.302992389733,34.85052239098828
-3.558001898080845,3.558001898080845,228,1.825497005617688,0.3396253531914773,0.732359733777938,0.21727898641093557,0.0,0.3613810362556962,12.0,7.269067740508547,3.3408499539414382,20.0,15.0,20.0,15.0,261.4396079108119,2310.334147722321,34.56430532421982
-3.5598941239206736,3.5598941239206736,250,1.781241988069087,0.3786131549962559,0.5290364415677793,0.25280024017758773,0.0,0.4513971692741207,12.0,8.897854180983279,3.3761861944455402,20.0,15.0,20.0,15.0,250.41893445218565,2237.8776541590896,21.317757172473577
-3.566596377576225,3.566596377576225,123,1.7888727030959273,0.3522928017047452,0.6641143618176519,0.25308470561832463,0.0,0.36331303224089706,12.0,9.466082582140512,3.341453237494268,20.0,15.0,20.0,13.0,256.912066490171,2366.9057185542188,17.714471048823594
-3.5744922618076718,3.5744922618076718,2,1.8192577726217896,0.3884383707374025,0.6388521209529341,0.14753130621756733,0.0,0.4926754367486113,12.0,10.893824294745714,3.3630990889954484,20.0,15.0,20.0,15.0,239.87583595778312,1966.3852610223694,27.6725444615597
-3.5779884738730985,3.5779884738730985,165,1.8080797458026305,0.33671416693133205,0.7363963562251885,0.13412072217923907,0.0,0.42871497772013795,12.0,9.796867394408252,3.338936976419993,20.0,15.0,22.0,13.0,259.67891378329836,2476.8629874697726,23.58093516593765
-3.5817348385650245,3.5817348385650245,286,1.805246355532669,0.35951994404793247,0.8655834869754377,0.1465042853946898,0.0,0.427208990075672,12.0,6.439050501444814,3.3541826426428654,20.0,15.0,20.0,15.0,245.97852697365317,2253.955245674411,38.36265750388018
-3.5862991241579696,3.5862991241579696,117,1.8255693169056002,0.3645125744143952,0.5402454833808914,0.25677651052295636,0.0,0.5630722239304407,12.0,8.615995104363929,3.3464309188397747,20.0,15.0,16.0,12.0,261.2503332168039,2201.3285426609004,23.232896602497355
-3.590825524452523,3.590825524452523,231,1.7840461654805335,0.3740475713246318,0.5548197390665005,0.1310447851900674,0.0,0.3976226996542389,12.0,7.0835979353924365,3.3141183993464494,20.0,15.0,20.0,13.0,252.81485291263323,2314.183392223974,21.340529154832602
-3.5912852355757403,3.5912852355757403,293,1.8140023138149468,0.367566668822949,0.6215487765161811,0.1799963958512045,0.0,0.44573292473889553,12.0,6.973840308975568,3.368029526336483,20.0,15.0,20.0,13.0,247.9696068779249,2021.7950958235083,31.806042055402823
-3.596954593945899,3.596954593945899,127,1.7850575212557,0.36424441759252,0.8756994793214032,0.2012711894617167,0.0,0.3458440711602798,12.04924098929825,9.530277387578282,3.2390241615452275,20.0,15.0,21.0,13.5,255.20550729825874,2402.0232201249933,22.670399341159964
-3.6020794953688817,3.6020794953688817,240,1.7911645558714044,0.3665680932574861,0.8268289205378625,0.1917959405226413,0.0,0.40887173663476895,12.0,6.640289770188809,3.3777482845847873,20.0,15.0,19.0,12.0,250.98726203324077,2568.778494945903,26.47762972342884
-3.6050789821624623,3.6050789821624623,245,1.8280863098621756,0.38305125341443347,0.4280411568390073,0.20527333858576652,0.0,0.38827589957625663,12.0,11.043850282087918,3.345765999910466,21.0,13.5,21.0,13.5,238.566862044416,2038.9785897710285,16.55591141656542
-3.6092211463957913,3.6092211463957913,246,1.8142078965383575,0.392947192329723,0.8428937571505699,0.26124880721100674,0.0,0.35010737725064195,12.0,8.95166648118412,3.287011601105407,22.0,13.0,20.0,13.0,233.47306358239578,2209.1178567437773,26.794071730918695
-3.6098865657766996,3.6098865657766996,130,1.7947770174887425,0.3230396321010253,0.6787219764939777,0.2534745082557581,0.0,0.3579995138007571,12.0,11.160395324870079,3.3512199443401807,20.0,15.0,20.0,15.0,260.0916544755713,2328.773091820902,29.56031576814687
-3.612494170598902,3.612494170598902,289,1.7920776031807892,0.3796015047801597,0.8751130309245183,0.22240593778149917,0.0,0.38807537188068697,12.0,10.973792563343153,3.367962186009277,20.0,15.0,20.0,15.0,239.1685338834208,2152.259524399767,29.18154954560299
-3.614276455762244,3.614276455762244,222,1.8211292416906502,0.34816866358927867,0.837790925790183,0.13771117453434056,0.0,0.5215257511412139,12.0,6.534902855560551,3.3637164240257738,20.0,15.0,21.0,13.5,255.97877716667185,2247.4979947844827,22.219537753491252
-3.6159152869038493,3.6159152869038493,187,1.7802987207970227,0.38244923902945677,0.6777441385310735,0.22066216042515796,0.0,0.38515561077979976,12.0,7.038585959175422,3.331237509647896,20.0,15.0,22.0,13.0,246.39388398562855,2003.4055006037331,31.67903330701715
-3.6165204452850688,3.6165204452850688,103,1.768643163850889,0.38951457240868237,0.7943940997217326,0.08501783997437082,0.0,0.46127314094211175,12.0,11.193369486533255,3.296125991658376,20.0,15.0,20.0,15.0,246.90484126994673,2132.048804246381,16.574579537524215
-3.6184987275070144,3.6184987275070144,221,1.8124314713504681,0.3554645630718999,0.823577290325633,0.08554909860527586,0.0,0.4112184314498693,12.0,5.111391584635404,3.3385366559432264,20.0,15.0,22.0,13.0,247.05410232756293,2182.323499316358,27.458647049222115
-3.621727997982255,3.621727997982255,183,1.8074128435001562,0.31642375042267934,0.7722691918000785,0.1763936219808269,0.0,0.4305276440505756,12.0,10.452571255914142,3.2584105360049573,20.0,15.0,20.0,15.0,258.9496068027404,2431.9038269250354,34.621894765902425
-3.625815571570599,3.625815571570599,298,1.789053208686527,0.3801837900897664,0.8257820797659371,0.1347838670130747,0.0,0.39476192955663647,12.0,9.523208981326299,3.360240570720328,20.0,15.0,20.0,13.0,248.85438808052893,2622.8132279693855,36.12980799415211
-3.6308297194944874,3.6308297194944874,289,1.8075632150638516,0.3762012155508065,0.8976140941981471,0.17662090473634337,0.0,0.4058544448011041,12.0,7.78953204681069,3.3763790976628227,20.0,15.0,20.0,15.0,245.7624579238942,2538.558700036504,35.46986906083386
-3.6331597330342937,3.6331597330342937,182,1.812997744365581,0.3243268973923894,0.40069248582814987,0.12424979454528409,0.0,0.5282136122136231,12.0,11.947522327126972,3.3144980359109963,20.0,15.0,21.0,13.5,257.65528100419215,2392.8444190980736,35.034523126976524
-3.63474069295503,3.63474069295503,288,1.820004633885273,0.3761238296376795,0.7951412252471608,0.2165585553688426,0.0,0.4680007807643888,12.0,4.557203469066819,3.371656807634224,20.0,15.0,21.0,13.5,244.54114724875834,2213.3323842204363,29.28910700349061
-3.6385424828490223,3.6385424828490223,293,1.8139212376236955,0.34242523337212216,0.33238259991450064,0.08636111409305611,0.0,0.36400481445763766,12.0,6.258720318925118,3.366467267772049,20.0,15.0,20.0,13.0,256.85248189326217,2333.903941552146,28.55659281627592
-3.638638650231975,3.638638650231975,162,1.809690906042344,0.3572467216773206,0.7791894600298696,0.1035228971818519,0.0,0.3889656692054083,12.0,8.12216927464448,3.3636764411145847,20.0,15.0,22.0,13.0,247.6584751248161,2375.6350185570354,25.276405789944697
-3.6408865546378264,3.6408865546378264,226,1.8178979205081383,0.38477899810712335,0.593148173372525,0.08539391963625029,0.0,0.43284784667191156,12.0,11.722996903623201,3.3020430911922993,22.0,13.0,20.0,15.0,229.96765559029689,2283.067774141659,29.61389092005475
-3.6427327628343917,3.6427327628343917,187,1.7935214197803817,0.34290016829663383,0.8046560232670872,0.26589424516020976,0.0,0.40217835297065724,12.0,11.079821709236393,3.3251286769324495,20.0,15.0,20.0,15.0,253.4846776336001,2267.8997315202973,24.583839198085325
-3.6455231055872765,3.6455231055872765,106,1.8047596314327932,0.38980052992834063,0.7076858451763655,0.17587360071623867,0.0,0.4884937677608756,12.0,11.86585512115158,3.30647179336567,21.0,13.5,20.0,15.0,253.2768990249565,2534.3224623471006,8.127300085697776
-3.649109018602479,3.649109018602479,282,1.7927699176305922,0.3795352348530235,0.6632436230706659,0.11074815603990933,0.0,0.37919363914353404,12.0,8.092378058407975,3.34564205845017,20.0,15.0,20.0,15.0,245.2222448534392,2492.6839648315467,35.30925357408822
-3.6501495409365408,3.6501495409365408,122,1.806371353753158,0.3721277234808776,0.5658382059104753,0.12282949594525404,0.0,0.4876300905230546,12.0,9.621464875626852,3.371240997818764,20.0,15.0,20.0,15.0,249.79733955558518,2554.984572168026,34.11659920593221
-3.6501495409365408,3.6501495409365408,181,1.806371353753158,0.3721277234808776,0.5658382059104753,0.12282949594525404,0.0,0.4876300905230546,12.0,9.621464875626852,3.371240997818764,20.0,15.0,20.0,15.0,249.79733955558518,2554.984572168026,34.11659920593222
-3.654464141880762,3.654464141880762,287,1.7999259986233138,0.36060627601831535,0.3560326827176196,0.08125414771380464,0.0,0.3620257996753025,12.0,8.754578943757828,3.332420127727098,20.0,15.0,21.0,13.5,246.76495926431525,2312.5837419802497,26.07963951317985
-3.654967664739564,3.654967664739564,188,1.8276366012788654,0.3832741835995519,0.6121721123897933,0.20349062818583805,0.0,0.4942005137454586,12.0,8.343853449710526,3.2390977067362345,21.0,13.5,20.0,15.0,238.53152265728548,2435.8054620006633,20.284939795741117
-3.661884937916211,3.661884937916211,189,1.8118288451069766,0.3226245039286698,0.5715516336517628,0.25505402642458985,0.0,0.3968013155235876,12.0,10.265452622421229,3.314757112815089,20.0,15.0,20.0,15.0,261.86835422487167,2300.403520214301,30.078177310107556
-3.6639899868820223,3.6639899868820223,179,1.8167184038901802,0.3770595422217745,0.7270509738990063,0.20677420353639472,0.0,0.573550272793335,12.0,6.494850186234641,3.3395359578679447,20.0,15.0,17.0,12.0,239.52798038222977,2074.949761858458,33.77416513719667
-3.6639899868820223,3.6639899868820223,231,1.8167184038901802,0.3770595422217745,0.7270509738990063,0.20677420353639472,0.0,0.573550272793335,12.0,6.4948501862346415,3.3395359578679447,20.0,15.0,17.0,12.0,239.52798038222977,2074.949761858458,33.77416513719667
-3.666752270579753,3.666752270579753,286,1.814554005279345,0.35935428423845406,0.6773419718675942,0.15552908464532483,0.0,0.358211395606262,12.0,5.990959519451057,3.292927685371862,20.0,15.0,20.0,15.0,244.62488826935567,2024.4321483464887,38.78566553553688
-3.6676851560622037,3.6676851560622037,295,1.8227158608534393,0.3830055061881854,0.8214590185049626,0.166513269106766,0.0,0.46979643870475335,12.0,11.294667393591219,3.239309448626069,22.0,13.0,18.0,12.0,234.93865640250513,2526.2068533831325,23.060235619906727
-3.6678396555497317,3.6678396555497317,228,1.8013612496555735,0.38177779665635403,0.8941705257412652,0.12015803208510846,0.0,0.4104440235565232,12.0,8.667338520925643,3.376032541236887,20.0,15.0,20.0,15.0,245.9063129834284,2045.3990378989267,20.05287771291536
-3.6678396555497317,3.6678396555497317,281,1.8013612496555735,0.38177779665635403,0.8941705257412653,0.12015803208510846,0.0,0.4104440235565232,12.0,8.667338520925643,3.376032541236887,20.0,15.0,20.0,15.0,245.9063129834284,2045.3990378989267,20.05287771291536
-3.668687986116108,3.668687986116108,234,1.8274585488509127,0.3475674315208593,0.6829616339459146,0.2071505338841842,0.0,0.47859771369436616,12.0,5.837412177206303,3.3654138628942647,20.0,15.0,20.0,15.0,259.6337837317721,2391.5386696819255,20.144319241810678
-3.6691380254563075,3.6691380254563075,181,1.7867983957218991,0.3988933088115817,0.46604342879195626,0.21622177832910344,0.0,0.3657931196279735,12.0,11.197657761734316,3.304009146968898,21.0,13.5,20.0,15.0,234.19124441760414,2077.272215255475,25.73480705858036
-3.6691992730274743,3.6691992730274743,282,1.8260367853845323,0.3929811332130883,0.8936492928884457,0.10452846155256164,0.0,0.5203973580518861,12.038876257821403,8.03744551130581,3.3733449506915827,22.0,13.0,20.0,15.0,232.96597162921267,2174.5046339848873,31.216843667927332
-3.672533228530239,3.672533228530239,219,1.8224778007135183,0.3988647404533505,0.5015999939647555,0.2735785763210904,0.0,0.4108273518022611,12.0,8.03559609470845,3.2753177807237837,22.0,13.0,19.0,12.0,229.54576991568567,2350.2647125413964,19.586870978186
-3.673533119015522,3.673533119015522,246,1.8224442535086784,0.35208263958762726,0.44268520649290877,0.21853953593988873,0.0,0.37984428163738304,12.0,5.712841582875856,3.352914532485344,20.0,15.0,22.0,13.0,246.4381178758793,2321.635352439023,35.402057106459495
-3.6750013144187603,3.6750013144187603,46,1.781234148116186,0.39945336057389425,0.4358674573806182,0.14128812347787334,0.0,0.567960399135282,12.0,9.347630765911497,3.2318731717255984,21.0,13.5,20.0,15.0,240.77107272087918,2158.215346656281,18.490602143737792
-3.676879485179123,3.676879485179123,240,1.8038909997802934,0.3732441640542503,0.592403237200584,0.12679588483530851,0.0,0.49111461009936686,12.0,8.221601964643728,3.362971357230638,20.0,15.0,19.0,12.0,244.26760310231072,2269.8181499402117,35.62384474059777
-3.6811404083885026,3.6811404083885026,105,1.7956873343143738,0.35975854631815496,0.5433200960036201,0.23563830889159842,0.0,0.4749298548391948,12.0,10.151767689573651,3.268938673194432,20.0,15.0,22.0,13.0,247.82107716780988,2064.890699233031,24.534243765548524
-3.6812879823193656,3.6812879823193656,190,1.8195117963280074,0.37947394317868793,0.6653468124471034,0.14539836048223448,0.0,0.5395900106705567,12.0,7.1584585712386,3.3196376401730747,22.0,13.0,20.0,15.0,233.89069103362894,2235.7691115093426,31.728637386956144
-3.6841729777532883,3.6841729777532883,241,1.80868397174316,0.35981296762574183,0.6601399747677155,0.13502392543416458,0.0,0.4818266207334484,12.0235043494792,7.189730776635211,3.2650135426463165,20.0,15.0,20.0,13.0,256.8460628311999,2134.3018757917084,21.407084957330106
-3.6848056078285687,3.6848056078285687,290,1.77661270198047,0.3377099664520432,0.7104138955042523,0.19828576249235008,0.0,0.4047810265371762,12.0,6.238403926355481,3.373796416824029,20.0,15.0,20.0,15.0,264.3541771353616,2635.5878902274426,33.3945478184974
-3.6861879650184557,3.6861879650184557,246,1.823013817584912,0.35540025962040567,0.4295048626252119,0.2118690718861373,0.0,0.42805022996398695,12.0,9.947753006079493,3.3124567714537863,20.0,15.0,20.0,15.0,257.66114988986084,2182.7727054293073,13.118005260102628
-3.686613377135183,3.686613377135183,184,1.7992952569480916,0.3369159751647534,0.6813650818087752,0.17031889808631234,0.0,0.413475793619817,12.0,11.609083604114858,3.355658067363483,20.0,15.0,20.0,15.0,255.63765182007245,2144.9539364675215,28.729394316511325
-3.687197927015683,3.687197927015683,248,1.8072616176734475,0.3683192744361044,0.588657203826246,0.12791132625424734,0.0,0.3877056531174652,12.0,10.879889088955046,3.2947152574228142,20.0,15.0,21.0,13.5,239.70407889972998,2156.8481171441904,36.76039205882224
-3.687454425053705,3.687454425053705,249,1.8233395040092053,0.3447717294714175,0.5322580325862949,0.1326537103768953,0.0,0.42934235704871826,12.0,4.702748322607721,3.340745627288242,20.0,15.0,22.0,12.0,249.60015040641622,2203.7530209867637,31.549417893584387
-3.6890919046073876,3.6890919046073876,293,1.7820176897898345,0.3582693405657259,0.8819863287780308,0.21003163522006568,0.0,0.3476677927967836,12.0,6.279169039194576,3.3700683421184237,20.0,15.0,19.0,12.0,257.8973538843758,2397.787432703579,26.099891680786918
-3.6905811637561303,3.6905811637561303,219,1.8173652374437759,0.38951764040054276,0.8438541957788459,0.10189408010633866,0.0,0.46881869163541806,12.0,8.138431611099758,3.2572551269617245,22.0,13.0,22.0,13.0,232.34970521382363,2205.4660995035924,23.067726859556473
-3.6924883538736566,3.6924883538736566,289,1.791986404187708,0.3992566920354605,0.476563461424391,0.131169720183289,0.0,0.5828150514999534,12.0,5.434670006711669,3.366620896160809,20.0,15.0,21.0,13.5,239.48887671759303,2173.768092946541,39.69294487341981
-3.694405541321136,3.694405541321136,291,1.8041760390391615,0.34006470298497016,0.7624988206413544,0.18691144745442378,0.0,0.3625094497211023,12.0,6.078247557212071,3.305500367706782,20.0,15.0,19.0,12.0,253.0882430898587,2159.8780057381496,26.79002621000755
-3.6999646006212945,3.6999646006212945,286,1.8076301688368073,0.3764499965801283,0.49387590539037973,0.14087654506288927,0.0,0.3694043551543671,12.0,9.426278841909342,3.328211922157324,22.0,13.0,20.0,15.0,229.6836252653691,2273.474721422698,32.97789672234486
-3.70320860676895,3.70320860676895,188,1.797311943994622,0.37186383330557454,0.7090049327805681,0.18828313294063637,0.0,0.5477482344638624,12.0,6.161621775624131,3.2585137940051263,20.0,15.0,21.0,13.5,256.1718447494379,2395.2569053810353,15.2867777625538
-3.7044602234108757,3.7044602234108757,294,1.7884396941512442,0.3970525222969806,0.6567681462645996,0.1411251864800077,0.0,0.3384306310678691,12.0,6.620449814601626,3.339568560382662,21.0,13.0,20.0,13.0,246.84368643096758,2581.7738084513885,23.74088146584142
-3.7054184269602857,3.7054184269602857,239,1.8163231393948138,0.3337488912455539,0.7325607351843295,0.1726411992218392,0.0,0.47730559869846634,12.0,5.545614700929866,3.2826661603610106,20.0,15.0,20.0,12.0,254.95989844829774,2300.3026852856433,24.38104056844951
-3.705943657648847,3.705943657648847,287,1.7954452686874296,0.36003359157045617,0.7176491658385409,0.16060026477832084,0.0,0.5454571477487747,12.0,5.52058431676955,3.3545015753974186,20.0,15.0,20.0,15.0,251.66332579781724,2314.1305178569987,28.95827366409955
-3.708821615158784,3.708821615158784,165,1.810814046479341,0.3761931472850298,0.49387164332955663,0.1483687750924626,0.0,0.368605320555881,12.0,9.634675081160609,3.279078713266506,20.0,15.0,20.0,12.0,239.582505345739,2161.897187143028,26.10583920206267
-3.710544500760136,3.710544500760136,298,1.7875553251817036,0.38408009448477376,0.8414224202872486,0.24663134327874314,0.0,0.608850094121179,12.0,6.499520988205655,3.3172753897129716,20.0,15.0,18.0,12.0,255.65621415204424,2549.353644688872,21.148403909403825
-3.7217278327131087,3.7217278327131087,190,1.784381024052228,0.34408570750516887,0.6041580147481582,0.2874179724845858,0.0,0.5127274300564727,12.010619982855482,5.7409559352530115,3.3406006576754352,20.0,15.0,20.0,13.0,259.0486443012248,2504.05667822099,31.784166785123542
-3.722725595960523,3.722725595960523,250,1.8055676918780685,0.35255980796163466,0.6997784589107354,0.13140739478655525,0.0,0.3968532606496816,12.0,5.720640063072201,3.3391990006030134,20.0,15.0,20.0,15.0,254.4304398448186,2433.8328697317465,26.39121348567707
-3.724400287048426,3.724400287048426,1,1.8084458454163101,0.35876182030905457,0.8132661454241725,0.24316148708359842,0.0,0.6072626946964632,12.0,6.714183908724472,3.261174507258578,20.0,15.0,21.0,13.5,248.05242795196608,2333.1367041142407,30.60215019397118
-3.726034203468422,3.726034203468422,243,1.8111317029522902,0.35488942332338325,0.7333973892248364,0.24192298854667568,0.0,0.4470938783885769,12.0,6.701001301233086,3.3587756525727013,20.0,15.0,21.0,13.5,247.84145522334575,2091.8320355465758,24.069165597038136
-3.7273119590069053,3.7273119590069053,246,1.8097923602109038,0.33839962804213697,0.45891328969896017,0.2500973309222582,0.0,0.48110398393980924,12.0,5.313030841138374,3.3258003918445094,20.0,15.0,21.0,13.5,257.83877003439807,2241.625908901635,23.239303135485706
-3.728633056803214,3.728633056803214,165,1.7928715380931615,0.3677845278568391,0.7027202056501771,0.26111873950920034,0.0,0.44071283613144696,12.0,10.167211965318238,3.283466605730111,20.0,15.0,22.0,13.0,246.5170211216581,2255.646877951435,26.290214069919795
-3.7295647150606905,3.7295647150606905,293,1.7724980412458444,0.38242265695534317,0.8242544455290459,0.12592411555224414,0.0,0.44820718939750287,12.0,5.895215316092436,3.3550324659755564,20.0,15.0,17.0,12.0,246.7740001481656,2390.885844385699,34.36707392737955
-3.7350953034631207,3.7350953034631207,236,1.8105350380774161,0.33903437259301017,0.8767944854349685,0.24685165331483322,0.0,0.568318937022286,12.0,5.736937137451132,3.362793779913078,20.0,15.0,22.0,12.0,255.88522936320675,2202.8315915277235,34.10184314006348
-3.7385848666300685,3.7385848666300685,2,1.8063271352436496,0.3460602143577734,0.8449382201973011,0.18615661039516446,0.0,0.4778471278040952,12.0,7.122750420342978,3.2969095783503257,20.0,15.0,20.0,15.0,249.30769694954472,2194.2281127967603,30.634891488825073
-3.7385848666300685,3.7385848666300685,61,1.8063271352436496,0.3460602143577734,0.8449382201973011,0.18615661039516446,0.0,0.4778471278040952,12.0,7.122750420342978,3.296909578350326,20.0,15.0,20.0,15.0,249.30769694954472,2194.2281127967603,30.634891488825073
-3.739253988472389,3.739253988472389,181,1.8287127188322907,0.34999539524462153,0.6196597546953442,0.2289396287059068,0.0,0.3838809420101641,12.0,9.7742970111802,3.3676226766106465,20.0,15.0,20.0,15.0,245.79572547153072,2239.796362172571,24.425584192308534
-3.7426150279120414,3.7426150279120414,285,1.7973939743132776,0.34769962089202905,0.7825448917650637,0.13272893495354893,0.0,0.33865854681910856,12.0,5.555926396761957,3.3640498042431624,20.0,15.0,20.0,11.0,251.2352865023076,2308.039046128182,36.97706186765975
-3.7452485836124447,3.7452485836124447,235,1.8016318178932798,0.35245506437044083,0.6260377170521678,0.2604609018192259,0.0,0.5400294848897463,12.0,8.675958210972768,3.316564959896477,20.0,15.0,20.0,13.0,247.9433375504299,2346.419847693236,31.546912804048354
-3.7453940638640972,3.7453940638640972,277,1.8127187075402191,0.3848558502552227,0.7633187650803133,0.16631646221404062,0.0,0.339955527218432,12.0,8.60673731004958,3.2486948510111917,22.0,13.0,18.0,12.0,225.02700306158488,2084.154194667113,35.97855720724672
-3.7465615185525163,3.7465615185525163,286,1.8245096414718114,0.39156533543612665,0.8834530217501053,0.1795255699382676,0.0,0.34853160112456283,12.0,6.971717083275434,3.2649834914538687,22.0,13.0,21.0,13.5,229.5445861438374,2377.3477591803576,31.976626803748303
-3.749848140118009,3.749848140118009,231,1.823748230626123,0.38851866384879763,0.6866793230711477,0.167848484740381,0.0,0.5019593365465909,12.0,5.6570237343632135,3.341722132241534,20.0,15.0,17.0,12.0,238.70818801127407,2265.045960939154,30.286043636419542
-3.7521505951298835,3.7521505951298835,165,1.8257216097912101,0.39710051718111083,0.6480701899218665,0.11835632706396562,0.0,0.4973397835617249,12.0,3.941825534183148,3.2560177134199897,22.0,13.0,20.0,15.0,228.77665315242746,1830.4009449656992,31.696641621813054
-3.7521505951298835,3.7521505951298835,221,1.8257216097912101,0.39710051718111083,0.6480701899218665,0.11835632706396562,0.0,0.4973397835617249,12.0,3.941825534183148,3.2560177134199897,22.0,13.0,20.0,15.0,228.77665315242746,1830.4009449656992,31.696641621813058
-3.752295312760393,3.752295312760393,241,1.8287878148100183,0.347181980377499,0.47745192513390594,0.2120407861736962,0.0,0.5666137524496854,12.0,6.741571341213222,3.3542375426322266,20.0,15.0,20.0,15.0,253.93358315260014,2377.1975610407667,24.012427478762824
-3.752616891520491,3.752616891520491,250,1.7944073889942742,0.3740374519461447,0.5809455385403112,0.08556356632945511,0.0,0.3498864687572717,12.0,7.488859762665229,3.3008265454590227,20.0,15.0,20.0,15.0,246.28818164810946,2102.9002590692107,21.129197547620528
-3.75346647887876,3.75346647887876,246,1.814250412782342,0.34364586501194955,0.8785801488307134,0.28088224898762276,0.0,0.41691522880708326,12.0,4.7661693015151245,3.3326561090187816,20.0,15.0,20.0,15.0,258.2097734293165,2318.738807919427,18.56008284949773
-3.7579703146111356,3.7579703146111356,246,1.8107296549437841,0.3464568340659454,0.586105081581622,0.2760704638458536,0.0,0.37415229938672023,12.0,9.25248715898727,3.3665332559751135,20.0,15.0,21.0,13.0,253.54171216732226,2099.9975320338135,22.993643887011885
-3.7586035941377665,3.7586035941377665,130,1.8194391729193253,0.3682304482542653,0.8254837864224726,0.21709400008445726,0.0,0.3450120759054718,12.0,5.022474280315616,3.2281469092471946,20.0,15.0,20.0,15.0,240.05086021167384,2268.925396605638,29.88352640969914
-3.763701938614185,3.763701938614185,285,1.8071361309526734,0.39504390392460154,0.7526608635036596,0.10632503673925338,0.0,0.5229294613442511,12.0,6.685339500587468,3.3164820299962154,22.0,13.0,20.0,15.0,226.69694038774287,2275.2045806479623,36.2474108660533
-3.7689762725357028,3.7689762725357028,159,1.8118117872798922,0.3856117491820431,0.6969715130257619,0.1560978028370677,0.0,0.44821300361836885,12.0,8.019244187877643,3.2509542072708806,22.0,13.0,16.0,12.0,231.96016424268305,2095.145800868433,28.24298236804216
-3.770035348945888,3.770035348945888,282,1.8155866899175184,0.3849988836940525,0.3960941538121258,0.16728421192252071,0.0,0.39466397297709177,12.0,5.563891834525571,3.19567998611497,21.0,13.0,20.0,15.0,243.90439636559313,1942.5149380884889,37.5574355395063
-3.775453351646001,3.775453351646001,246,1.8145191940198446,0.3814947404388039,0.4690252172486114,0.23767766484058073,0.0,0.44095200902281806,12.0,4.6445623031206615,3.2454589255636517,21.0,13.5,21.0,13.5,238.62711124651824,1983.2624069736803,22.19077585203312
-3.7757009373018873,3.7757009373018873,278,1.8177855799429115,0.33752060973727804,0.7473049544812929,0.14851421372219745,0.0,0.48328686543029903,12.0,6.151373389048049,3.2816380385557284,20.0,15.0,20.0,12.0,256.78894325269624,2277.803521283422,20.881914688686596
-3.77890879846737,3.77890879846737,290,1.8171197872891827,0.3603948587873849,0.5801978696035696,0.1102265143469363,0.0,0.3674253643369907,12.0,9.991039591808686,3.325132513937957,21.0,13.5,20.0,13.0,249.59388910265307,2114.203070182749,32.432930791582415
-3.7790554929241384,3.7790554929241384,226,1.8214836762443918,0.3974478628616017,0.4706650721011058,0.18706892799937785,0.0,0.450145579997281,12.071207655596211,9.746309328446415,3.3325201920909517,21.0,13.5,20.0,15.0,249.17778476540073,2201.143043019981,18.560007275407926
-3.7796619513581344,3.7796619513581344,1,1.8213983223942285,0.36635343754173255,0.663892698448325,0.19819661409723674,0.0,0.42209612885217773,12.0,10.059092898664089,3.337663248349034,21.0,13.5,20.0,15.0,250.49118991013555,2574.119236935689,19.656308005803538
-3.781917991166333,3.781917991166333,223,1.8146031582829245,0.3391790675897146,0.5917862533218337,0.14649596577939097,0.0,0.3563428065105163,12.0,9.084327238854339,3.3280346329676735,20.0,15.0,24.0,12.0,263.52896196314686,2311.7418071228753,18.434768115321592
-3.782926341646342,3.782926341646342,286,1.8108028202050854,0.3914846418595148,0.6367041316859932,0.179484136229324,0.0,0.3650163249308941,12.0,7.27942145943989,3.33133310305724,20.0,15.0,20.0,15.0,238.85169448837686,2155.7686972371503,23.20503814291495
-3.787376418403488,3.787376418403488,109,1.8183862048629273,0.34028852700362966,0.6516679455801285,0.12326260285792301,0.0,0.410543607376639,12.0,8.868489212253742,3.292000931989386,20.0,15.0,20.0,15.0,247.1615274411027,2185.1592274302902,27.758066868481073
-3.7886011670144804,3.7886011670144804,249,1.824817449736538,0.34689693271631084,0.601078481210075,0.2588813005637075,0.0,0.40666348349603176,12.0,9.801990337634399,3.3734871050386284,20.0,15.0,22.0,12.0,261.15027870219217,2178.1737255374524,23.66017043178553
-3.789200871871918,3.789200871871918,249,1.8129053611720187,0.33792011112938125,0.49189200569563074,0.1966558522104205,0.0,0.4471774528121621,12.0,3.9071375607685397,3.3064035460009498,20.0,15.0,20.0,15.0,257.59697407597776,2425.9932909352024,30.431885618559797
-3.7905388542265452,3.7905388542265452,296,1.7857967445759722,0.3656804252518868,0.8141311479460315,0.2377834364287711,0.0,0.4051987253718127,12.0,7.5735449156243515,3.307105588705169,20.0,15.0,20.0,11.0,246.6351494513523,2057.3186318619223,28.715998336357266
-3.791437293334619,3.791437293334619,229,1.818085418464487,0.3996251202184218,0.4572991863508694,0.1928601427132564,0.0,0.3984759662127332,12.0,7.130873995081318,3.374225892322678,20.0,15.0,20.0,15.0,238.36810325751753,2303.2575274351307,24.68766628555585
-3.7933412552276655,3.7933412552276655,223,1.825497005617688,0.3786123579655749,0.732359733777938,0.21727898641093557,0.0,0.5417423744468883,12.0,10.675521164084879,3.374083590060707,22.0,13.0,20.0,15.0,234.5023074632894,2372.3682260797295,20.10710127421401
-3.7970339175553782,3.7970339175553782,239,1.8107831760880528,0.32515107456828773,0.7581655079671201,0.14652805024889845,0.0,0.3965165753461455,12.0,6.268796611390248,3.368437436784935,20.0,15.0,18.0,12.0,258.608579327112,2318.6445640864977,24.444167057162623
-3.797344987580514,3.797344987580514,247,1.7971102260352363,0.3753808937045613,0.3289191966396131,0.18466986359628149,0.0,0.37567080981082945,12.0,6.479356034189809,3.3255196285810067,21.0,13.5,22.0,13.0,246.22741664557898,2508.883666073447,18.349480640731024
-3.7977499603201217,3.7977499603201217,168,1.8168821378787414,0.3314445401745262,0.5917862533218337,0.21980509540628104,0.0,0.3563428065105163,12.0,10.47811582384239,3.3280346329676735,20.0,15.0,20.0,11.0,257.44522174493363,2223.0998300321758,18.434768115321592
-3.7982718804347986,3.7982718804347986,169,1.8180409845240324,0.3305503034695476,0.6669628725843406,0.09593044915941984,0.0,0.4371747848824066,12.0,10.964929906625887,3.3208061823696644,20.0,15.0,22.0,13.0,261.98583623148266,2390.69337973899,19.12926636220359
-3.799177444702589,3.799177444702589,245,1.8168174186087973,0.3698357417614065,0.418935537565185,0.2913232077933574,0.0,0.4201716281682662,12.031993242881082,4.901302348534869,3.3374749521773985,20.0,15.0,21.0,13.5,246.75765212140269,2004.088563933206,32.58541888789078
-3.8006029343788352,3.8006029343788352,243,1.8286303743143182,0.3465785016117518,0.7869196250206499,0.21505628949553093,0.0,0.5004709192602603,12.0,3.7400736798621432,3.32755834720657,20.0,15.0,20.0,15.0,259.2954315398472,2486.1112528857616,26.652853475495114
-3.8013384607928717,3.8013384607928717,8,1.810113784877263,0.37482964963770643,0.6816105726268371,0.27582930105623266,0.0,0.5505249242272627,12.0,10.494647521077646,3.317270364189672,21.0,13.0,20.0,15.0,242.82662327584163,2341.661312152341,24.22800251388827
-3.8031951974506626,3.8031951974506626,228,1.7952303493441875,0.37571871868542517,0.7650555739614189,0.2174051113331783,0.0,0.5240085446334257,12.0,7.755639125179412,3.3548891869792534,20.0,15.0,22.0,12.0,249.94106114854293,2021.843132517033,32.50531778931631
-3.8034558583661653,3.8034558583661653,1,1.7994384430464612,0.3834216860093749,0.8400277160498613,0.1796578125937295,0.0,0.5243157820492673,12.0,3.9871864190740265,3.323915246583522,20.0,15.0,20.0,13.0,253.82931682339705,2506.735846573515,18.61642128213277
-3.8036101073632036,3.8036101073632036,249,1.8244998824911594,0.36420827305712666,0.6367644043725088,0.25359333401835793,0.0,0.49792121538045425,12.0,11.128025639907966,3.340807387676478,20.0,15.0,20.0,15.0,243.9364015073659,2323.389134349064,27.96064058511305
-3.8068453369246846,3.8068453369246846,278,1.8115869906315831,0.38120574740933993,0.6505702750607798,0.14082243221231558,0.0,0.5653282665658119,12.0,4.858649699695025,3.3151182802224652,20.0,15.0,20.0,11.0,254.71965768037072,2293.1866481732163,22.626416759676996
-3.806956722634604,3.806956722634604,294,1.8067146670987118,0.3973401835396063,0.6053558643364949,0.29967918783329583,0.0,0.3694166247766333,12.000531747065043,10.881295281605288,3.287012840755203,20.0,15.0,18.0,12.0,237.7269534210348,2405.6917587353923,31.217135718969608
-3.807534140860258,3.807534140860258,249,1.8175158375629055,0.35059887824366204,0.5338682813563066,0.2436383823824133,0.0,0.33877991394238793,12.026477561229347,5.891617223743218,3.294134536060645,20.0,15.0,21.0,13.5,246.3532654404584,2251.636152467506,31.657026700712493
-3.8091129441792253,3.8091129441792253,290,1.79809571427187,0.34852531835470724,0.7403110582454967,0.16397632464442208,0.0,0.48144812614479304,12.0,6.6265529303014805,3.3134127306317187,20.0,15.0,20.0,15.0,246.53123958846,2143.645069734881,34.19081840630554
-3.809392529671081,3.809392529671081,281,1.8116697098152912,0.3593796738151627,0.8242603916383516,0.15433887809041538,0.0,0.4585992400860511,12.0,11.201743146049644,3.3697452569101283,20.0,15.0,22.0,13.0,245.29213418931923,2098.6307416830136,36.89287374081314
-3.8097348919400433,3.8097348919400433,286,1.77192367680757,0.36604275006042464,0.7827838953894064,0.1604728220781037,0.0,0.4913513193699139,12.0,6.157276672219121,3.3357609318667647,20.0,15.0,20.0,15.0,248.4342119011729,2444.992390965,34.85052239098828
-3.814094684981008,3.814094684981008,229,1.8130126933831667,0.37148715421214334,0.6464245050829537,0.23986030406445974,0.0,0.5340080350143258,12.0,10.418607902340257,3.3628186669377507,21.0,13.5,20.0,15.0,237.9853470831886,2335.310873979681,27.136264892348546
-3.817632539976545,3.817632539976545,247,1.789459720357495,0.34591271505171906,0.48911659488988524,0.249890872506616,0.0,0.4126520484169251,12.0,3.5790209273495206,3.3205609250009562,20.0,15.0,20.0,15.0,256.0835672466427,2323.9911512842423,22.734290493456708
-3.8190966832045348,3.8190966832045348,286,1.8170390850244684,0.34838180689834286,0.8934946280067066,0.13403358211362754,0.0,0.47734852752088197,12.0,4.15829636712712,3.3444213862489907,20.0,15.0,20.0,13.0,246.75899409215302,2227.7890910847627,30.66246023451168
-3.821044646089039,3.821044646089039,185,1.78363054815039,0.3524133136445935,0.779248800225094,0.23264070120188823,0.0,0.4434449412338385,12.0,10.98280705291855,3.3501729179336532,20.0,15.0,20.0,13.0,246.4312686583874,2138.236254723257,29.894699602148233
-3.8217589139657395,3.8217589139657395,60,1.8244844099703537,0.3664308731850872,0.7509845764028921,0.26377823421887214,0.0,0.5279437575437855,12.0,7.448980154801296,3.2945292991107333,20.0,15.0,20.0,13.0,245.35740577012066,2354.5062019870766,31.386808258947617
-3.823973712218753,3.823973712218753,272,1.8171535602745885,0.39524455754860344,0.7416821007557011,0.18984820832081584,0.0,0.5402429941337428,12.0,6.241974845009204,3.3253112918470866,22.0,13.0,22.0,13.0,230.22514314358665,2513.0900664771866,34.66471540689123
-3.8247376911605544,3.8247376911605544,129,1.7895828861328207,0.36104610821335226,0.7467713599316568,0.16085385545299524,0.0,0.4801912246193778,12.0,10.590966468288169,3.3750632591170153,20.0,15.0,20.0,13.0,252.2139324878884,2088.5845143898973,21.60318220151116
-3.827597582193273,3.827597582193273,249,1.793118779427064,0.3766255964448223,0.5170814886593973,0.2591692394620756,0.0,0.4493172523040583,12.0,10.295600192841281,3.3231618839943513,20.0,15.0,20.0,15.0,239.64076789576148,2323.925110067825,33.994576911141365
-3.8297819853711914,3.8297819853711914,279,1.8100704329460993,0.38621938570523995,0.7746458742868447,0.10206454690025153,0.0,0.5591473021246458,12.11119642413296,4.913846207676161,3.363428470268156,22.0,13.0,18.0,12.0,232.76969506539564,2255.486358791525,29.021085080762536
-3.8353339788167844,3.8353339788167844,288,1.8250969000098893,0.3926565481135803,0.7329929209870267,0.16026717671304092,0.0,0.5753287410349541,12.0,6.1197012832422075,3.2865316078621722,20.0,15.0,21.0,13.5,240.13457452805036,2396.873732682232,30.969997809410643
-3.835568131625876,3.835568131625876,232,1.8184827129305703,0.34594496361853644,0.6459329903912396,0.25495132693657235,0.0,0.5211214486686472,12.0,6.482116962388235,3.242791045535081,20.0,15.0,17.0,12.0,257.02779003243234,2473.9209311908435,24.096754671301284
-3.835568131625876,3.835568131625876,291,1.8184827129305703,0.34594496361853644,0.6459329903912396,0.25495132693657235,0.0,0.5211214486686472,12.0,6.482116962388236,3.242791045535081,20.0,15.0,17.0,12.0,257.02779003243234,2473.9209311908435,24.096754671301284
-3.8406985978618016,3.8406985978618016,42,1.8170910011593868,0.3693439014594486,0.3719220283991306,0.10967442820592929,0.0,0.49137481008689887,12.0,9.110481263131227,3.3511158849918194,21.0,13.0,20.0,15.0,248.7081052952237,2196.6648600871245,28.030845360834093
-3.841415939749342,3.841415939749342,224,1.81591457128689,0.39950905926818714,0.5915796097006789,0.09496402974206843,0.0,0.35377047693703334,12.0,4.549919020260247,3.315706772081697,22.0,13.0,21.0,13.5,227.9041841325682,2140.7043615714365,19.024526595226998
-3.8419375400344604,3.8419375400344604,110,1.8207428832917463,0.3934089468532368,0.8549849378983778,0.1739875252242176,0.0,0.4154290114294782,12.0,9.526711260749657,3.282212689615435,22.0,13.0,21.0,12.0,236.39568479286504,2140.360256122179,27.642652087114428
-3.8419375400344604,3.8419375400344604,161,1.8207428832917463,0.3934089468532368,0.8549849378983778,0.1739875252242176,0.0,0.4154290114294782,12.0,9.526711260749657,3.2822126896154353,22.0,13.0,21.0,12.0,236.39568479286504,2140.360256122179,27.642652087114428
-3.843372534537032,3.843372534537032,103,1.7634799995078083,0.3921748776114471,0.5246198405729592,0.12882177607294298,0.0,0.4074989365375963,12.0,7.843817995551975,3.220908440842536,21.0,13.5,20.0,15.0,240.01330902240025,2283.3771975127215,23.189743022942913
-3.8450403255973793,3.8450403255973793,233,1.8282008100572302,0.3188868872514398,0.38786347220914896,0.08627543614597774,0.0,0.4062207176351857,12.0,4.725756086155444,3.373685255634879,20.0,15.0,16.0,12.0,257.79449807126434,2368.120088388675,30.29193094426268
-3.845511885279662,3.845511885279662,284,1.8120302892924918,0.32368343489459284,0.7221497422918998,0.17082029030376086,0.0,0.5736249863581975,12.0,8.369333996579769,3.364021350079514,20.0,15.0,20.0,15.0,256.107277211325,2363.147443110864,33.315982661121446
-3.8459957647241705,3.8459957647241705,225,1.8205816175366851,0.36566789662340893,0.7445403268697959,0.13593338990333748,0.0,0.3469155012535623,12.0,9.918522975943183,3.299049362595034,22.0,13.0,22.0,13.0,232.78552375081128,2330.091591957208,22.12628721900169
-3.8487224986142428,3.8487224986142428,165,1.8046236382830763,0.3356229073026545,0.6042926473658146,0.1132551012210852,0.0,0.48456707888385164,12.0,6.604285692554717,3.3106409652174458,20.0,15.0,24.0,12.0,258.693197454784,2221.785880982602,25.405969281430913
-3.8487224986142428,3.8487224986142428,221,1.8046236382830763,0.3356229073026545,0.6042926473658146,0.11325510122108522,0.0,0.48456707888385164,12.0,6.6042856925547175,3.3106409652174458,20.0,15.0,24.0,12.0,258.693197454784,2221.785880982602,25.405969281430913
-3.8496247566506527,3.8496247566506527,288,1.7990370534923865,0.30933300096328453,0.6774251309606705,0.2779931328252464,0.0,0.337281721531962,12.070998939399686,8.24742041613599,3.375175462121251,20.0,15.0,20.0,13.0,260.7819887737247,2300.820419399679,39.52904451718616
-3.8539364796308107,3.8539364796308107,183,1.8095765245920499,0.3490735731203074,0.742866831631324,0.2605466788458463,0.0,0.520475467378601,12.0,7.33793801296568,3.2948129480130905,20.0,15.0,20.0,15.0,256.8697529952092,2500.238392681663,25.454161299072563
-3.8544982107056773,3.8544982107056773,245,1.7971102260352363,0.3753808937045613,0.4238247693252509,0.2913121636170957,0.0,0.3827940205253181,12.0,10.118536571211646,3.3255196285810067,21.0,12.0,21.0,13.5,246.22741664557898,2508.883666073447,38.29758341021
-3.8575767442150273,3.8575767442150273,299,1.798430476447945,0.33569975915876493,0.8724301375305561,0.0839186728203374,0.0,0.337180147033324,12.0,7.419213995548015,3.3641922788287513,20.0,15.0,19.0,12.0,259.4581305131096,2211.374966811797,32.041665266568515
-3.8579158774293205,3.8579158774293205,270,1.8266281584842055,0.3689760309372243,0.5898000546928555,0.1978144195083849,0.0,0.434039682615585,12.215455243621193,9.701189102386365,3.255412147561076,21.0,12.0,20.0,15.0,247.33492079180576,2257.7389163042903,25.999545516116594
-3.858148923102804,3.858148923102804,64,1.7795564130629682,0.34572669084936836,0.6474094750164321,0.2338913205524015,0.0,0.3893046207869809,12.0,8.298588460289135,3.2319937939422747,20.0,15.0,21.0,13.5,247.74176650624253,2142.543998884682,37.50118479967746
-3.859459489818736,3.859459489818736,225,1.8210231630509846,0.37279730355300883,0.8818292075947551,0.13522287650549694,0.0,0.3402116499262191,12.0,11.96447234826499,3.3489467686944305,20.0,15.0,20.0,15.0,239.3791919404544,2063.4377604381634,20.93370313340848
-3.861144152624865,3.861144152624865,234,1.8020172061932862,0.32863953233092547,0.8962787411237986,0.08758393837775379,0.0,0.5054132597648512,12.0,5.686873393478213,3.2972917481478143,20.0,15.0,21.0,12.0,258.47951247241076,2279.379549382754,29.204544954580506
-3.861144152624865,3.861144152624865,291,1.8020172061932862,0.32863953233092547,0.8962787411237987,0.08758393837775379,0.0,0.5054132597648512,12.0,5.686873393478213,3.2972917481478143,20.0,15.0,21.0,12.0,258.47951247241076,2279.379549382754,29.204544954580506
-3.8622356440350023,3.8622356440350023,1,1.8093656098991784,0.3633446730215891,0.679152617816452,0.25186541259878287,0.0,0.5250422210225736,12.0,4.948999029902403,3.33090620418133,20.0,15.0,20.0,13.0,256.8697529952092,2500.238392681663,19.26646374830732
-3.8641379364604296,3.8641379364604296,289,1.798539790280018,0.37142508133364605,0.6836782988556509,0.16847758793801515,0.0,0.36325184458825116,12.0,6.293436184138982,3.3492993174491605,22.0,13.0,20.0,15.0,231.78291917642707,2068.659813375807,29.439593404509026
-3.8648816770743544,3.8648816770743544,233,1.8041760390391615,0.34006470298497016,0.8006425187666832,0.1478108612399962,0.0,0.43733991296515906,12.0,7.73178518454597,3.373176630722693,20.0,15.0,19.0,12.0,255.12373917737358,2159.8780057381496,23.4831236558503
-3.8671502611031023,3.8671502611031023,289,1.8104872467402175,0.3741210828880516,0.5544188584159075,0.13493955011091943,0.0,0.3557425076657592,12.0,7.172855036876128,3.3366916671582914,20.0,15.0,20.0,15.0,246.0269895816943,1977.849743714843,21.23162126732129
-3.8696932782645828,3.8696932782645828,61,1.7802987207970227,0.3732154781575997,0.6777441385310735,0.2342511578483213,0.0,0.46851297274232623,12.0,7.038585959175422,3.331237509647896,20.0,15.0,20.0,13.0,246.39388398562855,2265.7490584174884,24.78173703382009
-3.8716412888690916,3.8716412888690916,282,1.814554005279345,0.35935428423845406,0.8916424934995346,0.12641291490540224,0.0,0.5813438128170957,12.0,6.824721334347446,3.2321789972514265,20.0,15.0,20.0,15.0,247.11542856461782,2155.0678847912213,25.900867362576516
-3.87506311684494,3.87506311684494,287,1.8056782526476618,0.3748909626484637,0.6124919879791734,0.10520066479007095,0.0,0.3811783770996121,12.0,8.849555033446682,3.3052491697744855,20.0,15.0,20.0,15.0,247.90531240480829,2077.5224677942447,13.592002222799632
-3.875769748574946,3.875769748574946,169,1.8108411699706997,0.3465443504307179,0.7867375540917811,0.09472229714880649,0.0,0.5210233537693877,12.0,9.461722529120998,3.3402952937431643,20.0,15.0,21.0,13.5,249.64337418406552,2254.3195435855364,27.579663205974395
-3.875769748574946,3.875769748574946,221,1.8108411699706997,0.3465443504307179,0.7867375540917811,0.0947222971488065,0.0,0.5210233537693877,12.0,9.461722529120998,3.3402952937431643,20.0,15.0,21.0,13.5,249.64337418406552,2254.3195435855364,27.579663205974395
-3.875769748574946,3.875769748574946,281,1.8108411699706997,0.3465443504307179,0.7867375540917811,0.09472229714880652,0.0,0.5210233537693877,12.0,9.461722529120998,3.3402952937431643,20.0,15.0,21.0,13.5,249.64337418406552,2254.3195435855364,27.579663205974395
-3.8764298955861918,3.8764298955861918,248,1.7889705526655055,0.398442935439953,0.7966584657921026,0.2936696162139876,0.0,0.4328821474014428,12.0,8.54011759941259,3.3515695757263835,21.0,13.5,20.0,15.0,247.43254236000402,2134.8915584663287,35.757007434628306
-3.8800430586763976,3.8800430586763976,249,1.808431605830176,0.3721959910169852,0.5533047139849852,0.26098728956102213,0.0,0.3930679131699405,12.0,5.674389700234107,3.3279010526350064,20.0,15.0,21.0,13.5,254.04319519596845,2269.0192878515654,26.273104017122435
-3.8827639795454925,3.8827639795454925,46,1.8279193049993265,0.3981276496210634,0.3847526895302613,0.13400895756885262,0.0,0.44036350887402537,12.0,4.5243914403788565,3.2650929684387986,20.0,15.0,22.0,13.0,239.96404920452935,2277.462774661199,22.560391030465627
-3.8847454922262195,3.8847454922262195,284,1.7877787956924982,0.37339244411822137,0.8281419140455812,0.13860088544270083,0.0,0.40537492186334106,12.0,8.932114173938702,3.2600266659189017,20.0,15.0,20.0,11.0,241.36121805446572,2034.4884545408115,31.98362002659277
-3.8861812174683,3.8861812174683,288,1.748422706915482,0.3706303664188541,0.5400183952843579,0.1479516755162077,0.0,0.4256212793639216,12.0,5.263546324295041,3.3558275077005266,20.0,15.0,16.0,12.0,246.5529132187746,2213.2762864920605,30.973391328766517
-3.8868711554435036,3.8868711554435036,157,1.8059518711134501,0.3769640314674858,0.8236499376080288,0.20825021394814908,0.0,0.4874730676716222,12.036634292093083,9.661901057748995,3.320119478458626,21.0,13.5,18.0,12.0,250.07709165611246,2564.782359523105,22.557445489332025
-3.8892619666223966,3.8892619666223966,69,1.8180230991196717,0.36223748107399456,0.7796405826315889,0.24092150665744044,0.0,0.4220979794280335,12.0,10.834655482467808,3.324706805132207,20.0,13.0,22.0,13.0,263.46914507915386,2101.5364938854364,30.051645671198987
-3.8913720240153804,3.8913720240153804,226,1.8233533971698748,0.3759829560079184,0.8932414690982073,0.14076210647508325,0.0,0.47406515510062386,12.0,10.5979324990022,3.1940500289413136,22.0,13.0,25.0,12.5,236.27533065105203,2051.4266062681027,19.766562165391385
-3.8915812299983132,3.8915812299983132,247,1.8248482964851922,0.38963246835820664,0.5605482456521247,0.24645958770481252,0.0,0.3922809193293608,12.0,4.867918030917871,3.3190475113547655,21.0,13.5,20.0,15.0,231.80211627294145,2155.597254772246,30.182747337034897
-3.8940024223014564,3.8940024223014564,247,1.8119480667307846,0.356437550847899,0.6074889141649401,0.2689967549152439,0.0,0.3964447370482415,12.0,6.737894326427908,3.284131457904248,20.0,15.0,20.0,15.0,246.25091884219793,2318.8266608630665,33.33939267598063
-3.8998204042262348,3.8998204042262348,292,1.8274098113598614,0.38005228744338304,0.8172866338263283,0.16205979728379807,0.0,0.522055159319124,12.0,8.082996916740726,3.249168087189224,21.0,13.5,21.0,12.0,250.52075047104336,2177.044915465658,18.99342811272694
-3.9005991803887374,3.9005991803887374,295,1.7985801758739617,0.37721704708520026,0.5453388461894382,0.08315695491148031,0.0,0.45250136352766585,12.0,8.369864503462427,3.237095097031995,22.0,13.0,22.0,12.0,234.07273091672448,2291.712661392784,20.91692037415507
-3.9009176458583736,3.9009176458583736,105,1.797026319253138,0.39321399768897336,0.591752298618897,0.1895899446610435,0.0,0.46375955932436297,12.0,9.477621099881194,3.280700710720377,20.0,12.0,20.0,15.0,256.19523648254176,2495.6462327922177,35.79777428587902
-3.9028882632006408,3.9028882632006408,247,1.819477547058316,0.36345403883803024,0.6009711396178699,0.24283405786973541,0.0,0.5183758128641522,12.0,2.405060188109731,3.3011752054804777,20.0,15.0,20.0,15.0,261.07971623679725,2307.7999924976452,21.256549235665187
-3.9061026921704105,3.9061026921704105,249,1.8010721206833455,0.3651782977552642,0.6062638054795434,0.25122935269170915,0.0,0.40901007066618855,12.0,5.831682380002277,3.3123513912999725,20.0,15.0,21.0,13.5,252.90017671376265,2228.336187358343,32.682760876914266
-3.906415615962885,3.906415615962885,245,1.81786958692161,0.3860087451458316,0.5198101058325542,0.24736160599857795,0.0,0.47793780075593484,12.0,7.651804904921539,3.3164310989102797,20.0,15.0,20.0,15.0,239.75359069359752,2285.7375892496366,21.749946498445645
-3.9077137639671076,3.9077137639671076,291,1.804349605622086,0.36056903529777595,0.4019612344076251,0.1864847972900341,0.0,0.3966787573662064,12.0,5.96254425452717,3.3192979239443288,20.0,15.0,20.0,13.0,256.7025190710803,2096.640572649657,30.186690897111465
-3.9079002244750622,3.9079002244750622,221,1.8190720516536318,0.39557401266146897,0.8548852732674229,0.1875729042681548,0.0,0.4025775399633791,12.0,4.135446588543856,3.112479347224662,22.0,13.0,21.0,13.0,231.223520650972,2151.3201422023176,26.544288306064665
-3.909550974813344,3.909550974813344,290,1.8043759773265586,0.36506869821361765,0.40427602804206286,0.1193081924373466,0.0,0.3528708834400904,12.0,9.857212625273368,3.3781117100903533,20.0,15.0,22.0,13.0,247.6287554949086,2026.70416806069,24.272288282728777
-3.9104664574887806,3.9104664574887806,46,1.797260724181255,0.3884852427675286,0.4609771228789173,0.10699702822130437,0.0,0.3945277996013077,12.0,9.006342611584943,3.3206303902352756,22.0,13.0,20.0,15.0,236.50937159556761,2478.8332983151936,25.148915083129076
-3.9123912422692744,3.9123912422692744,102,1.746674775050786,0.37238943306988165,0.7418406106607818,0.15024244074065501,0.0,0.5318698500613238,12.0,10.741503666504387,3.362207343610118,20.0,15.0,20.0,15.0,246.3154241093473,2123.0111510697375,28.110297333318364
-3.912751615568273,3.912751615568273,231,1.811384552326387,0.36683355396728395,0.7755604744416739,0.11591501882039743,0.0,0.3926532516087354,12.0,5.666886590651576,3.33234026925225,22.0,13.0,20.0,12.0,232.32521923600882,2429.823336578985,31.019167134106006
-3.912751615568273,3.912751615568273,291,1.811384552326387,0.36683355396728395,0.7755604744416739,0.11591501882039743,0.0,0.3926532516087354,12.0,5.666886590651576,3.33234026925225,22.0,13.0,20.0,12.0,232.32521923600882,2429.823336578985,31.01916713410601
-3.913442639527693,3.913442639527693,65,1.7735431103538366,0.3667069134967935,0.6755877823473906,0.2462924124631833,0.0,0.3608528120659426,12.0,10.015078411316164,3.2102803686189754,22.0,13.0,21.0,13.5,235.19168335067317,2360.7743976213605,25.99283028418453
-3.913741893279993,3.913741893279993,223,1.8214069096398717,0.3671639995057293,0.6255835039759986,0.23843139438124084,0.0,0.4344287315172747,12.015257991219546,9.863488154826003,3.2511509569618333,21.0,13.5,20.0,15.0,252.07863780874925,2585.141655336844,29.568778616449517
-3.9143510869400764,3.9143510869400764,168,1.8143257397759625,0.37152219918456814,0.7001073793137107,0.10416150576700457,0.0,0.35063190506745295,12.0,7.217736316712438,3.2805970118785144,21.0,13.5,21.0,13.5,252.3585268584363,2666.574696270176,25.745084176574334
-3.9159677239731057,3.9159677239731057,151,1.8262177650925833,0.3277418693633023,0.5636712109636209,0.15554545936523811,0.0,0.5493514008267907,12.0,2.8302308851795654,3.362148347553421,20.0,15.0,22.0,10.0,262.2537411548683,2389.914708561485,33.828489284603094
-3.9176215228114195,3.9176215228114195,241,1.8158472421641405,0.36544007616759655,0.4288493639818425,0.2563538998928821,0.0,0.3602711346497397,12.0,9.353666670247058,3.3334852930634566,22.0,13.0,20.0,15.0,236.88672924488208,2141.756488387452,27.773995576164353
-3.919635467580341,3.919635467580341,284,1.8084016830223868,0.3713169101347059,0.849921236760475,0.09573881798714022,0.0,0.37122062194118355,12.0,7.416883420845988,3.2797802192871144,21.0,13.5,20.0,15.0,250.76053717350737,2099.504466044116,9.044781822586344
-3.9202313412392273,3.9202313412392273,2,1.788635315012756,0.39292934099516186,0.8404323943223472,0.12647786661688235,0.0,0.4094571549428099,12.0,9.7454082438362,3.226955565961709,21.0,13.5,21.0,12.0,247.00085572999006,2029.2603444600481,28.013642218260166
-3.9214762337080424,3.9214762337080424,292,1.7792752802314435,0.3587743637470261,0.807910382212578,0.1647220570946706,0.0,0.42960241414416056,12.0,5.925181988084012,3.335195689922579,20.0,15.0,20.0,12.0,246.99028046540803,2129.9091778714196,28.14937217170476
-3.92194612074507,3.92194612074507,60,1.8102234368856442,0.3500612011108959,0.7969734243062928,0.24615045124771287,0.0,0.4795204222751694,12.0,6.729806928140741,3.3588557720780265,20.0,15.0,20.0,11.0,248.88232822929325,2432.518587993528,28.220853093731996
-3.9236982312772124,3.9236982312772124,223,1.804884256857033,0.39624141599252083,0.758248784147322,0.10706875783485391,0.0,0.5199901451539403,12.0,6.673418031492719,3.3151957081039907,22.0,13.0,20.0,15.0,230.8774539195999,2203.163432084956,25.15854550989073
-3.9250091748819926,3.9250091748819926,296,1.797552878879867,0.3832502637267484,0.8012141485803579,0.16622502229513728,0.0,0.42832922705683485,12.0,6.954260345559564,3.3679044336222814,20.0,15.0,20.0,13.0,251.64179397171233,2694.6643765895046,27.186856755928233
-3.925335300996956,3.925335300996956,183,1.8165549626407413,0.3551760372496499,0.7757975155759228,0.25702409064227444,0.0,0.38155074594644356,12.0,11.970868346313507,3.3168697409565477,20.0,13.0,21.0,13.5,260.21592189507135,2198.40337312158,34.411880040140474
-3.925398710357368,3.925398710357368,45,1.8103969145332068,0.39998818393335533,0.3960941538121258,0.13096238454431433,0.0,0.49582051642070585,12.0,10.395852262343785,3.19567998611497,22.0,13.0,20.0,13.0,230.5569724036372,1942.5149380884889,18.73595465980284
-3.928499814640748,3.928499814640748,222,1.7692153152884662,0.3929811332130883,0.8936492928884457,0.10452846155256164,0.0,0.37653983758074494,12.0,8.03744551130581,3.3092934728459795,20.0,15.0,22.0,13.0,250.69925393943552,2282.8239032099827,14.557553225206306
-3.9288455009398824,3.9288455009398824,249,1.8080757044494788,0.3647089647513049,0.4026116438525814,0.2829064477382446,0.0,0.36487943486339286,12.0,10.531863567172696,3.2733956802217965,22.0,13.0,21.0,13.5,236.43497100257454,2474.895121752532,31.417787473979413
-3.930459707182795,3.930459707182795,247,1.7891519992252976,0.3399587803297044,0.38437010114174186,0.21134024381039834,0.0,0.4250531413516552,12.0,4.28937073043453,3.3683698242385685,20.0,15.0,20.0,15.0,258.9432552769746,2354.158082450718,24.493820664752253
-3.930881242070182,3.930881242070182,288,1.8044805006606248,0.32513537626524697,0.8144114462868131,0.21731611641005333,0.0,0.4222409385795854,12.0,6.741803160616333,3.32065037094052,20.0,15.0,20.0,15.0,258.9368401817236,2403.274818475326,25.897425446915797
-3.9316753418822916,3.9316753418822916,295,1.7908935291208454,0.3876378042373002,0.8434982309809045,0.16959767112293384,0.0,0.3406577585667489,12.0,10.667792612602248,3.2872551328102464,22.0,13.0,17.0,12.0,225.66680918782245,2119.905891463591,37.75837209105244
-3.931714823034077,3.931714823034077,164,1.8245096414718114,0.3159028006615719,0.8415846657790529,0.188676030193848,0.0,0.34853160112456283,12.0,8.141179128781683,3.2649834914538687,20.0,15.0,21.0,13.5,260.7806806659205,2377.3477591803576,28.108501344004004
-3.932011925169178,3.932011925169178,243,1.8234221390166236,0.33783248855725545,0.8942708814686198,0.21855893373467836,0.0,0.4187875966759842,12.0,7.615463525749067,3.286470260327058,20.0,15.0,20.0,15.0,250.7270365367823,2157.916225628979,25.31661689536285
-3.9346652946372433,3.9346652946372433,245,1.818046800917927,0.3454424344835113,0.5898497472482239,0.23002784066461793,0.0,0.464279683822349,12.031509017733336,8.789248418273587,3.2927819557465385,20.0,15.0,20.0,15.0,249.76492707932812,2145.370852921885,24.06686134660521
-3.9347397471644285,3.9347397471644285,123,1.7953039814908875,0.32218494684705107,0.8704515520935118,0.24869799895976413,0.0,0.4039493151906073,12.0,11.938350315266032,3.31185026088576,20.0,15.0,19.0,12.0,257.40925988562856,2413.048589862048,27.775671226285112
-3.9350066829967822,3.9350066829967822,289,1.8172424568486014,0.3916774823915923,0.8685988039932169,0.11130018091034996,0.0,0.35080233269723043,12.0,6.639837594184498,3.375044034295888,20.0,15.0,20.0,15.0,238.1479636751943,2027.5936619150682,26.412961254613503
-3.936195063782045,3.936195063782045,295,1.8042963384588127,0.34048952705672747,0.7827341650213172,0.0834172841078864,0.0,0.4858233846001977,12.0,4.9706313572506735,3.3441863494116717,20.0,15.0,18.0,12.0,260.36881229037533,2402.680413250856,19.882129665651547
-3.93634102667364,3.93634102667364,227,1.8075632150638516,0.39041606494182046,0.5295669096772259,0.144877960115115,0.0,0.3675130447752893,12.0,8.606623360309976,3.3356924437060886,22.0,13.0,20.0,15.0,236.3598631991438,2299.234378057892,33.84958090409415
-3.938272096991758,3.938272096991758,228,1.8191059121677657,0.38903678970312355,0.6579773402446084,0.11336742567442759,0.0,0.34306892414578294,12.0,7.255881121204281,3.2571451595886147,22.0,13.0,20.0,15.0,234.900046587667,2377.3980642330407,21.298304241710788
-3.938272096991758,3.938272096991758,281,1.8191059121677657,0.38903678970312355,0.6579773402446084,0.1133674256744276,0.0,0.34306892414578294,12.0,7.255881121204281,3.2571451595886147,22.0,13.0,20.0,15.0,234.900046587667,2377.3980642330407,21.298304241710788
-3.939638838818122,3.939638838818122,166,1.814501310104112,0.35913524369012484,0.6440817860816361,0.25659282696082025,0.0,0.34850442206705223,12.0,9.447677195432505,3.3299379340062663,20.0,15.0,25.0,12.5,246.05408578047118,2295.1192050330937,27.307446594675252
-3.939965097223877,3.939965097223877,168,1.8250110713972767,0.3844225136293404,0.6674919076734728,0.11348123150506735,0.0,0.42823709336377364,12.0,10.116391247635258,3.2854088491214632,20.0,15.0,21.0,13.5,237.32942474099178,2265.4986818924817,34.182152946097055
-3.941089062619346,3.941089062619346,185,1.8019813128415874,0.333822150875128,0.8122111425633556,0.22985954106647766,0.0,0.39460225220821743,12.0,1.2715209484327161,3.3570414895252907,20.0,15.0,20.0,15.0,255.19077255279714,2169.445672928404,28.659981182714738
-3.9434370958443363,3.9434370958443363,164,1.7906846573780535,0.37755321879558157,0.6718782616294768,0.17268863640405874,0.0,0.35559146839917094,12.073613046063556,8.866764633946918,3.2726216170086215,22.0,13.0,24.0,12.0,235.2484761186316,2293.807499356225,22.66447773405075
-3.945004123886571,3.945004123886571,288,1.7855370943167332,0.3890997345552212,0.825217736781485,0.14289370261903614,0.0,0.422770126157338,12.0,8.95347381911157,3.303469573368343,21.0,13.5,21.0,13.0,248.3510009223079,2396.2222570671747,33.1920137849242
-3.9466236727936836,3.9466236727936836,249,1.8279066215697193,0.3680684146768899,0.3803287184804298,0.29349980138176957,0.0,0.4913195414546923,12.0,4.9794015505618,3.286607479714276,21.0,13.5,21.0,13.5,238.3214305521811,2131.8308726363794,27.49784404755157
-3.9486657045930027,3.9486657045930027,300,1.7959513653290626,0.3888217698953085,0.7594596384224447,0.2277247512320476,0.0,0.4326283895157114,12.0,8.4490616821144,3.3083357313495956,22.0,13.0,22.0,13.0,234.57845050019515,2363.336009323331,32.06123307230633
-3.948843573098028,3.948843573098028,297,1.783180609226903,0.3950141253285695,0.7594596384224447,0.22008866933468632,0.0,0.4326283895157114,12.0,8.4490616821144,3.3491497077971224,22.0,13.0,22.0,12.0,234.57845050019515,2363.336009323331,32.06123307230633
-3.9505009251164607,3.9505009251164607,48,1.784790425980595,0.38737344739238055,0.6159990204186597,0.13475794755903628,0.0,0.5988727455081085,12.0,7.445458337057624,3.194885961419022,21.0,13.5,20.0,15.0,239.42584470030317,2040.4065001020729,25.009638611673992
-3.95104182999727,3.95104182999727,245,1.824687936741281,0.3507722923861949,0.5395419660890597,0.1721845245253787,0.0,0.3353002803194237,12.0,11.058183655357679,3.279835321571162,22.0,13.0,20.0,15.0,232.09915969652474,2346.5725302170435,29.46248896295032
-3.9517967875942777,3.9517967875942777,250,1.8148453886732825,0.3442329264581169,0.5114588502823456,0.08372748207301606,0.0,0.37009959288536287,12.0,6.344037038927438,3.373695161921767,20.0,15.0,21.0,13.5,260.81093800848646,2209.787816437884,19.944885862423828
-3.953257938385674,3.953257938385674,239,1.7946333476708902,0.35446379710748455,0.7877302041949622,0.18791329657038724,0.0,0.5267664657788621,12.0,4.088885489668651,3.343481888382148,20.0,15.0,18.0,12.0,247.98303207069054,2243.328421293656,30.06343856923117
-3.9533357778374754,3.9533357778374754,234,1.8104498933669069,0.35208812269662226,0.8879919709298204,0.17984403416141514,0.0,0.3352059857987236,12.0,6.909032357673041,3.3579336058494493,20.0,15.0,20.0,11.0,258.58507869193704,2130.954470297022,21.34378572965573
-3.956091555326924,3.956091555326924,115,1.8284689974083357,0.3482508954928579,0.7144935682187623,0.23733955884796526,0.0,0.585075921036827,12.0,5.0804621785698805,3.2919202640313108,20.0,15.0,18.0,12.0,257.11714176892565,2111.8341595639054,28.11913466460146
-3.957581473125698,3.957581473125698,282,1.799600125778106,0.35657796447861084,0.7149677189780139,0.13063101674321242,0.0,0.4360429813568891,12.0,6.685339500587468,3.3164820299962154,20.0,15.0,21.0,13.5,253.22065589164825,2275.2045806479623,36.2474108660533
-3.957596524968812,3.957596524968812,215,1.7808815708602994,0.38405658668560616,0.5842897040658427,0.17374272771835875,0.0,0.449230559619475,12.045465420069757,8.553111682064023,3.375708055290895,21.0,13.0,16.0,12.0,247.33077580109796,2444.2807754402093,26.348035856459976
-3.9577361926331633,3.9577361926331633,296,1.80747378607728,0.3668333940483742,0.7891315241194662,0.12184725739312338,0.0,0.3868143829706354,12.0,7.511486569377415,3.3562131222422806,21.0,13.5,18.0,12.0,246.6712379636761,2440.9729409898414,24.224431653761517
-3.958963807298142,3.958963807298142,290,1.760487526048367,0.3683655848847806,0.4504226285808417,0.1502567075131315,0.0,0.3352059857987236,12.0,5.637662215189147,3.359248286942001,20.0,15.0,17.0,12.0,246.48616952055426,2230.101792773357,24.978428335852097
-3.960571346306688,3.960571346306688,41,1.820106573373516,0.39557401266146897,0.7440843343064516,0.1875729042681548,0.0,0.34747073203271583,12.0,3.466115972739111,3.112479347224662,22.0,13.0,20.0,13.0,231.223520650972,2475.300743541051,21.31249537474023
-3.9612848798983418,3.9612848798983418,296,1.8150401877031679,0.3851774785174704,0.7180976359113213,0.16194007670631438,0.0,0.39170690445448736,12.0,8.158647697189721,3.290818549786519,20.0,12.0,20.0,11.0,252.4564218278223,2293.42955740921,32.982638045245636
-3.9637703604897983,3.9637703604897983,46,1.8180070595338385,0.3510311772134689,0.4101963773122935,0.1297927784410397,0.0,0.5388148662087642,12.0,10.475761766467837,3.366008384031659,20.0,15.0,20.0,15.0,255.33636485449074,2140.665167434223,19.575105708597263
-3.9642584792006454,3.9642584792006454,127,1.8065065629264412,0.38642327881979943,0.8367876617718434,0.24294648946790237,0.0,0.4416028918422462,12.0,11.32434581983285,3.375288429093528,20.0,13.0,21.0,13.5,265.17830133695566,2372.717971009347,29.60517967169363
-3.964464141871998,3.964464141871998,1,1.8171970365475538,0.37149422248481584,0.5770383671108079,0.10965374531073398,0.0,0.4337409275558765,12.0,7.074181160182903,3.3183391874234527,21.0,13.0,20.0,11.0,242.44349002598247,2075.2920600065404,21.04532695542689
-3.964464141871998,3.964464141871998,61,1.8171970365475538,0.37149422248481584,0.5770383671108079,0.10965374531073398,0.0,0.4337409275558765,12.0,7.074181160182904,3.3183391874234527,21.0,13.0,20.0,11.0,242.44349002598247,2075.2920600065404,21.04532695542689
-3.9645125439205415,3.9645125439205415,286,1.817623732860369,0.3992566920354605,0.656850656511764,0.131169720183289,0.0,0.33835406305767657,12.0,6.830664256837839,3.2810888258176707,21.0,13.5,20.0,13.0,251.93327259504568,2173.768092946541,13.556842554996855
-3.966053817647733,3.966053817647733,180,1.8004454657913538,0.3971380998513082,0.575250564248163,0.11365692306110599,0.0,0.36519314610621845,12.0,7.450424073042267,3.344025814810115,22.0,13.0,17.0,12.0,234.53716082418046,2547.8572777703894,17.06281057289705
-3.9683613298807376,3.9683613298807376,229,1.7934697923755314,0.3673691163652084,0.7065970322771138,0.1109032930749775,0.0,0.34708917525880395,12.0,11.562238467396721,3.266776946832639,20.0,15.0,20.0,15.0,244.7658923521326,2440.1477270752894,26.91646810392418
-3.969231761846544,3.969231761846544,249,1.8140326583474806,0.3806931680373403,0.662391054984451,0.2903336343206635,0.0,0.44270386329927325,12.0,8.161267100633744,3.30833176782017,21.0,13.5,20.0,15.0,251.76751692462707,2373.540403368907,32.25814623402498
-3.969576230833786,3.969576230833786,198,1.8033233469601306,0.3564648179255392,0.7360328210861262,0.11247804225640413,0.0,0.5818682889068303,12.0,7.850896925044352,3.3144976076219264,20.0,15.0,20.0,15.0,249.30191173982507,2340.5618300969177,25.68324699041167
-3.9781854126780125,3.9781854126780125,250,1.803472750396807,0.3469580505642589,0.47502515924825484,0.18487611034841703,0.0,0.5588864998324887,12.0,11.7881693503429,3.3665010299087386,20.0,15.0,20.0,15.0,246.7078396082528,2303.293204289932,31.817602155665625
-3.978737784941333,3.978737784941333,249,1.8122852965563385,0.3598930497580688,0.8852553399676214,0.2230726962037021,0.0,0.478397577512516,12.17511124645572,6.820472936033958,3.2875048335835038,20.0,15.0,20.0,15.0,246.64665779588262,2124.006615727051,31.047160271997605
-3.9792656573168195,3.9792656573168195,249,1.8157293061863995,0.3647761397651054,0.746544778249675,0.24636956191951037,0.0,0.390420127537627,12.0,6.317232124433568,3.2939278793267874,21.0,13.5,20.0,15.0,248.56316902955714,2259.4045756892447,27.042690495983916
-3.979458955214805,3.979458955214805,290,1.8133580994034775,0.3905743521357161,0.8111237754826308,0.16331272116740836,0.0,0.3414606643130099,12.0,7.8009639245927715,3.369387520586169,22.0,13.0,20.0,15.0,234.98902187568,2490.3883681155285,39.28234314232037
-3.980580770901378,3.980580770901378,178,1.8103325620371213,0.38568034853404465,0.7046878871936961,0.21005541100103736,0.0,0.5070883584549937,12.0,7.994370448599533,3.3040000748772442,21.0,13.5,17.0,12.0,252.91084725326326,2362.519457513751,22.028477916740975
-3.9816355538702144,3.9816355538702144,246,1.7872101279561339,0.33367962100309334,0.3732096788280177,0.20981942193295497,0.0,0.40756647770598325,12.0,4.795622427082931,3.267840288813373,20.0,15.0,20.0,15.0,256.95416190415176,2277.718367479061,27.2228570791985
-3.9824439331949844,3.9824439331949844,249,1.8179527074586859,0.35686014432609875,0.7539931185064159,0.10049860652642198,0.0,0.39426092788000455,12.0,6.301034758130146,3.277908295392659,20.0,15.0,20.0,13.0,245.66952269777335,2359.5115476269716,32.42826176828146
-3.9930985057639283,3.9930985057639283,245,1.8283455851701875,0.35786144056643243,0.47365164347349376,0.19925758207933872,0.0,0.41098374482411043,12.0,8.286697489576577,3.2981621672611983,22.0,13.0,21.0,13.5,235.05790405873003,2404.6697701196044,29.054689914423726
-3.9932297531656804,3.9932297531656804,224,1.8006816999399238,0.38290162364123104,0.5563446996498977,0.12701103865415372,0.0,0.44310371155841677,12.0,8.727462257998557,3.288083531873284,21.0,13.5,21.0,13.5,249.3539284209505,2187.2166809835976,24.912912343179137
-3.9941067096648553,3.9941067096648553,4,1.7857718213716753,0.38532611269000894,0.7042230573736901,0.09884912750615871,0.0,0.41803737082238096,12.0,9.519766274141999,3.326555624404553,20.0,13.0,21.0,13.5,262.38168862531364,2048.8969645806496,34.13705434157599
-3.9956837151726283,3.9956837151726283,245,1.82303400525132,0.33518412135955,0.6897087153904172,0.20439841022763539,0.0,0.37548308887467763,12.0,10.106215544782955,3.300265359559764,20.0,15.0,21.0,13.0,248.92454321296995,2084.5126679976433,23.55039431519536
-3.995902176578296,3.995902176578296,249,1.783839524180005,0.3745853133595696,0.4161411515602178,0.23233576471654174,0.0,0.34619333432470784,12.0,2.073558540891259,3.3064858701131055,20.0,15.0,21.0,13.5,247.19523252328858,2176.0388000191924,20.807860656132895
-3.9975455604376364,3.9975455604376364,64,1.7868309324690232,0.3738340895184263,0.8905673912594927,0.24305728702302823,0.0,0.47757030478132545,12.012729607782834,8.893765755320185,3.320986086058086,20.0,15.0,21.0,13.5,244.9340185258231,2005.8401815586374,30.90555885418626
-3.9975455604376418,3.9975455604376418,121,1.786830932469023,0.3738340895184263,0.8905673912594927,0.24305728702302823,0.0,0.47757030478132545,12.012729607782834,8.893765755320185,3.3209860860580864,20.0,15.0,21.0,13.5,244.9340185258231,2005.8401815586374,30.90555885418626
-3.998202593319961,3.998202593319961,278,1.8068692603331464,0.38993074570524144,0.852964130283757,0.09437399678823584,0.0,0.5278428549674254,12.0,8.06343506491354,3.195579551042284,21.0,13.5,17.0,12.0,249.31049344316193,2385.286551070036,18.598319323880915
-4.001286386324498,4.001286386324498,284,1.8157795251147948,0.35637512524928594,0.843825036067263,0.08485898539371632,0.0,0.4651502021644493,12.0,6.935357121336867,3.343931750654657,21.0,13.5,21.0,13.5,250.81694142265061,2289.5897893886904,29.999902280029694
-4.002414594788637,4.002414594788637,239,1.7737839661258048,0.3699922750621978,0.7214409093164805,0.2366266208118121,0.0,0.6088098857527988,12.0,7.327241870099499,3.342351695555097,20.0,15.0,20.0,12.0,247.01579435935707,2278.351793409588,27.81143477534699
-4.002539231983647,4.002539231983647,130,1.7932388105292993,0.3774001233538128,0.7206554270024689,0.22431750490152608,0.0,0.3556378672186171,12.0,10.784341893684614,3.2367931112199932,20.0,13.0,20.0,13.0,264.40058042643716,2123.30595081598,32.53818804831619
-4.004459294254496,4.004459294254496,284,1.8023466978735418,0.3318995827481001,0.7985321483015617,0.22428897058936856,0.0,0.3551891210568864,12.0,6.270841474047582,3.3423816571433775,20.0,15.0,20.0,15.0,263.7813470185347,2296.3601128296364,19.076028643116395
-4.00459208082251,4.00459208082251,245,1.8273803396814687,0.34723720622342863,0.4464007090403782,0.26574450414200645,0.0,0.4897153439841834,12.0,3.623381184099806,3.3772553652931414,20.0,15.0,20.0,15.0,249.94964107416942,2081.763713888829,24.48667243042694
-4.004917187518637,4.004917187518637,242,1.7991500541683088,0.37563481122099657,0.7393733178880106,0.16146488869521508,0.0,0.43689554157050897,12.0,7.660227766804049,3.346471349836559,22.0,13.0,20.0,15.0,235.7219664060374,2140.3682026858914,28.372970096331702
-4.00589970291127,4.00589970291127,246,1.808719920499946,0.3709179747161815,0.5257930898991312,0.18202533839949722,0.0,0.3941163881989265,12.0,4.481276609642781,3.2708579992706373,22.0,13.0,21.0,13.5,233.7312333830146,2108.5191611545465,36.348115697085035
-4.006726089448874,4.006726089448874,183,1.7680844312482713,0.3599211113631221,0.4757073330319733,0.1610904447318509,0.0,0.482585015130445,12.0,7.935639989563646,3.291036417646701,21.0,13.0,20.0,13.0,246.95308112285707,2088.883946374204,37.60927078643643
-4.015931340239325,4.015931340239325,280,1.8043081275490562,0.34654720509897025,0.727260620168026,0.08803074404305784,0.0,0.42899937230977164,12.0,7.955756387111713,3.3531411197876198,20.0,15.0,21.0,13.0,258.8147926293158,2633.760086731174,27.312606120123988
-4.017797403975451,4.017797403975451,282,1.8118617056211495,0.3961341209801446,0.5395239460510896,0.11520710164552196,0.0,0.41561482610298434,12.0,6.239778938459799,3.3716941549053354,22.0,13.0,20.0,15.0,235.7478450571113,2241.0766990126563,31.30450034513624
-4.017864971072421,4.017864971072421,226,1.8135480760404428,0.34780663238712395,0.6663513649648779,0.1884360785423225,0.0,0.4043243971320203,12.0,6.1081458014015,3.3364981332058212,20.0,15.0,21.0,13.5,250.83263763567746,2373.2306143319793,23.75387636574925
-4.020019747772518,4.020019747772518,291,1.821717255015159,0.3704618986774063,0.8606667927836464,0.23174808849502682,0.0,0.448805098030756,12.0,6.508286180708977,3.359141764353506,22.0,13.0,21.0,12.0,230.713998732324,2276.7905538273703,25.125611864868738
-4.02340532890441,4.02340532890441,245,1.7971389943898817,0.3740374519461447,0.5809455385403112,0.2746240565890525,0.0,0.3563208406872182,12.0,7.488859762665229,3.3008265454590227,22.0,13.0,20.0,15.0,236.12161727273278,2345.4739650329316,24.349614067911794
-4.028053466228625,4.028053466228625,130,1.7931163009298547,0.37632984559335847,0.7403803990118678,0.21328596629915098,0.0,0.414864763367982,12.0,8.837889047632444,3.3698380078651713,20.0,13.0,20.0,15.0,263.0677220128786,2094.581161339442,21.604078409473107
-4.03097195939265,4.03097195939265,249,1.823618632715199,0.383809296080818,0.7018681637088654,0.24020758979556217,0.0,0.354850218580556,12.0,1.6889623259175313,3.3189228235949098,22.0,13.0,21.0,13.5,233.43672427503003,2378.275669300191,32.13976925173363
-4.032574303704792,4.032574303704792,296,1.789570370293579,0.3621595017752406,0.7075004040655115,0.1314863450486061,0.0,0.5052663841433601,12.0,6.748386963469888,3.347297015949819,20.0,15.0,17.0,12.0,249.93946814648027,2033.7604970741547,38.49764286923645
-4.0394312275967845,4.0394312275967845,225,1.8250002277932849,0.32042166410848005,0.6597995191645395,0.12897106683385476,0.0,0.3833899992136749,12.0,8.388868675794386,3.347007802796655,20.0,15.0,20.0,15.0,256.85902421206015,2135.7638822054773,31.732081067988602
-4.0394312275967845,4.0394312275967845,281,1.8250002277932849,0.32042166410848005,0.6597995191645395,0.12897106683385476,0.0,0.3833899992136749,12.0,8.388868675794388,3.347007802796655,20.0,15.0,20.0,15.0,256.85902421206015,2135.7638822054773,31.732081067988602
-4.043250363272876,4.043250363272876,2,1.8181395867467034,0.3170375786290037,0.7816765562031651,0.2203875058520584,0.0,0.5597033451542724,12.0,11.213542063058775,3.245131366023786,20.0,15.0,20.0,15.0,258.67925917295014,2201.549898724194,28.664387782436982
-4.045776736141416,4.045776736141416,246,1.8232887341545387,0.35663443493350877,0.5901549404410662,0.2802770014079443,0.0,0.46166177864212926,12.0,4.867918030917871,3.2519161006167443,20.0,15.0,20.0,15.0,245.3792120457713,2202.8185994147307,32.68523328862824
-4.045872118866777,4.045872118866777,125,1.779399752141406,0.3789866210443179,0.718605607163803,0.13122461061064167,0.0,0.45141216558880254,12.0,10.083553782812881,3.3563874280229395,20.0,15.0,20.0,15.0,245.0587920196265,2222.672951933689,22.425614314639347
-4.04629850160808,4.04629850160808,292,1.8114838593293587,0.3861340758906822,0.6331976340337068,0.15696844973379656,0.0,0.5199922540440565,12.0,6.05548707246996,3.353104444150244,21.0,13.5,19.0,12.0,246.92750917988286,2145.8081098816756,19.53636270542904
-4.046703768619608,4.046703768619608,249,1.824832029875552,0.3783490145523359,0.47070066936826793,0.16268632580088105,0.0,0.5265231830978687,12.0,7.053059350534127,3.3054505762875976,22.0,13.0,24.0,12.0,237.2227328973458,2379.938428967972,21.56781303083156
-4.048002462976181,4.048002462976181,91,1.8254800039974488,0.3856753651811238,0.7355288246497431,0.1517934401701616,0.0,0.4820175117275752,12.0,4.994234598299966,3.275748328642532,20.0,15.0,16.0,12.0,238.10249581646536,2216.8906349120575,35.104269755784834
-4.050566146821749,4.050566146821749,231,1.7803853822117608,0.3746870671231866,0.5831031905258489,0.24765612972575052,0.0,0.38930515911482244,12.0,7.408002876851924,3.3300844629391904,20.0,15.0,18.0,12.0,247.4575941846488,2473.6095186978537,29.269298798173246
-4.050638356129973,4.050638356129973,246,1.8230234597227168,0.36136333427022904,0.5337840564266969,0.23825537508070094,0.0,0.38651549291149645,12.0,5.496250371089974,3.282348415604015,21.0,13.5,22.0,13.0,246.7132695101173,2169.2732135243855,18.639282388891065
-4.052457545876093,4.052457545876093,239,1.8096038573266706,0.34742082880705355,0.7456127054335904,0.1842175217807492,0.0,0.5127306969173829,12.0,2.528857841958505,3.368752731721595,20.0,15.0,20.0,13.0,264.74800548344285,2246.679251749025,23.447986947392234
-4.05403201825129,4.05403201825129,168,1.7973152670363088,0.38957525054954434,0.7279099360691074,0.08934329942241058,0.0,0.40957370980146407,12.0,6.728622993523867,3.3680479281263467,20.0,15.0,20.0,15.0,240.02535295195042,1985.4407135531685,20.949321775164673
-4.057639285183811,4.057639285183811,300,1.7958193088534542,0.33622183651340054,0.7540278052447539,0.10570466189333047,0.0,0.4651264952617897,12.0,1.3254010464048491,3.3637618515238588,20.0,15.0,19.0,12.0,256.89708088369787,2350.787345854996,34.583507384480825
-4.060030674969279,4.060030674969279,278,1.8232306569262067,0.3809095114326552,0.7467691892037053,0.10791453593495708,0.0,0.43314650677868416,12.0,5.204724102667326,3.3632379937780446,21.0,13.5,21.0,12.0,252.55165676765054,2522.2422049113907,21.704970825880324
-4.060033242385175,4.060033242385175,165,1.806364113679649,0.34079255173654266,0.7710612157450519,0.12521156469335673,0.0,0.38524619757863443,12.0,9.934516995839708,3.3296480143653424,20.0,15.0,22.0,12.0,263.52647710764916,2188.4945807005406,25.01213393570447
-4.0600866088220755,4.0600866088220755,125,1.778221689695651,0.3356886978825904,0.7185607858719752,0.28115498315738646,0.0,0.3463003830499794,12.0,11.772840148793948,3.342968046023784,20.0,15.0,20.0,15.0,261.76976347781255,2459.112546928177,19.178286947324413
-4.061373043683954,4.061373043683954,282,1.8111285571242326,0.35292184303111723,0.7660528353572096,0.14011605907047883,0.0,0.40567762881655245,12.0,5.40523939721447,3.35102849660506,21.0,13.5,20.0,13.0,251.25525738767294,2376.2736807879396,37.09678118450575
-4.0650202037469025,4.0650202037469025,188,1.8238956780443925,0.34723720622342863,0.6902159635518623,0.26574450414200645,0.0,0.4811281162851339,12.0,3.8250656464275297,3.3772553652931414,20.0,15.0,20.0,15.0,250.81385514530308,2081.763713888829,22.422756992777288
-4.066813087271663,4.066813087271663,241,1.8203747618142294,0.3608045329603216,0.42489216484879927,0.08869716242950133,0.0,0.5147017258097943,12.0,6.255532696067428,3.3286533780046126,20.0,15.0,20.0,15.0,245.68508623725907,2137.4012219646083,26.585573721027483
-4.067504137761468,4.067504137761468,294,1.795586565465833,0.39237106484208184,0.6078293378436127,0.22808762803324023,0.0,0.4437546284249667,12.0,7.419072300386901,3.343948316295487,21.0,13.5,17.0,12.0,233.7479696240735,2382.6255188468954,30.819072800029048
-4.068347980875995,4.068347980875995,154,1.822760059518064,0.3605557247738599,0.6330021915359786,0.2110195055582168,0.0,0.5419439647258613,12.033069313929662,8.366277245576471,3.2338447292717056,20.0,13.0,18.0,12.0,260.9987168391601,2169.9666688819616,29.497596051489875
-4.069131879205225,4.069131879205225,127,1.8101333859037065,0.32107626305847453,0.8903951982998793,0.29479991743507067,0.0,0.4192659036985958,12.0,7.359189468125841,3.3168435096696802,20.0,15.0,20.0,15.0,262.42010967418975,2213.551093065178,30.313570224172302
-4.069131879205225,4.069131879205225,181,1.8101333859037065,0.32107626305847453,0.8903951982998793,0.29479991743507067,0.0,0.4192659036985958,12.0,7.359189468125841,3.3168435096696802,20.0,15.0,20.0,15.0,262.42010967418975,2213.551093065178,30.313570224172306
-4.070169259260108,4.070169259260108,103,1.7790442537286797,0.3806984562209599,0.4841245603133487,0.13098224111172665,0.0,0.5007290047473033,12.0,7.63064347901588,3.282060789728066,22.0,13.0,20.0,15.0,236.86078556157815,2182.6577305185997,25.367601934453504
-4.071012216616721,4.071012216616721,182,1.8057780637413743,0.34746847468686537,0.7869196250206499,0.21505628949553093,0.0,0.5004709192602603,12.0,7.244269863895852,3.32755834720657,20.0,15.0,20.0,15.0,259.2954315398472,2486.1112528857616,16.142474741355826
-4.071987989573115,4.071987989573115,288,1.7810259167325575,0.3675568789796153,0.8130908246341247,0.1382813818313109,0.0,0.3635450151545635,12.0,8.105264665764107,3.2869527205343205,20.0,15.0,20.0,15.0,244.28895254078236,2117.5684394131654,30.763646755540694
-4.073668212922473,4.073668212922473,245,1.8231723852249175,0.38903977356986874,0.720661743081883,0.24179149344513406,0.0,0.4062235393496444,12.0,4.949177302522773,3.3198505476832705,21.0,13.5,20.0,15.0,249.28802894683662,2175.5592861111813,23.342332879634675
-4.07393403958031,4.07393403958031,300,1.7691393170207892,0.3762795549761647,0.7811157192015681,0.21758800425101438,0.0,0.4127141599890041,12.0,7.765111126539962,3.3290584848939724,20.0,15.0,17.0,12.0,248.93816631834176,2520.000990056897,28.92537044847853
-4.075088293943056,4.075088293943056,48,1.7823116177163592,0.38047828227342995,0.6362156458903552,0.10475489326609667,0.0,0.4832559089401741,12.0,7.107489610264459,3.3600532918497867,22.0,13.0,20.0,15.0,235.4563094519902,2433.9410380743934,24.19003655877428
-4.075088293943056,4.075088293943056,101,1.7823116177163592,0.38047828227342995,0.6362156458903552,0.10475489326609667,0.0,0.4832559089401741,12.0,7.10748961026446,3.3600532918497867,22.0,13.0,20.0,15.0,235.4563094519902,2433.9410380743934,24.19003655877428
-4.075729134713886,4.075729134713886,219,1.8265195146557647,0.3864120913749297,0.631266414659422,0.1872666825231891,0.0,0.4813878970488091,12.0,5.671605546420455,3.2828078509201193,21.0,13.5,20.0,15.0,231.11514445028922,2252.4764485834294,36.0766590690463
-4.075729134713886,4.075729134713886,271,1.8265195146557647,0.3864120913749297,0.631266414659422,0.1872666825231891,0.0,0.4813878970488091,12.0,5.671605546420456,3.2828078509201193,21.0,13.5,20.0,15.0,231.11514445028922,2252.4764485834294,36.0766590690463
-4.076498630759171,4.076498630759171,247,1.794815844735716,0.368950988071428,0.5355847177148725,0.2910735123385812,0.0,0.4698370874211967,12.0,7.098648470783293,3.2999316362665914,22.0,13.0,20.0,15.0,236.7719093832976,2402.3850038399137,33.08388244680789
-4.0766370357103225,4.0766370357103225,121,1.7858597941732357,0.366549206913677,0.855879704778685,0.2036540575341517,0.0,0.35673273088160934,12.0,9.915566458069037,3.3295036927148636,20.0,15.0,20.0,15.0,245.86068559977878,2274.5193778691196,22.560133530059623
-4.07701958312286,4.07701958312286,249,1.8092155079382708,0.3691567073190086,0.8281305346139001,0.21355132337801597,0.0,0.4729960712972197,12.0,5.177729234533299,3.3589308026027513,21.0,13.5,20.0,15.0,250.4063449484393,2212.3311175699773,11.673596944147981
-4.079582249390117,4.079582249390117,246,1.8032592854644554,0.38975300357906756,0.7332297867794824,0.20943625926889275,0.0,0.45831115637403597,12.0,6.64645677241138,3.3447267015782396,22.0,12.0,21.0,13.5,237.42934607441808,2304.141912196752,37.298932606245074
-4.079698744532538,4.079698744532538,177,1.8253817478159031,0.3835240136515621,0.6926297058539509,0.2313156378963919,0.0,0.47084428691686103,12.0,3.781483009385064,3.2893363943826044,22.0,13.0,20.0,15.0,226.6970228561568,1940.359828915514,35.509869208287874
-4.080728527433321,4.080728527433321,239,1.815592087851498,0.38858033272543824,0.661760763217045,0.12249823860318114,0.0,0.526725426655027,12.0,4.9353168659541105,3.316527270440489,21.0,13.5,20.0,12.0,247.61568623767397,2130.980718044788,30.989878804286963
-4.080728527433321,4.080728527433321,291,1.815592087851498,0.38858033272543824,0.661760763217045,0.12249823860318114,0.0,0.526725426655027,12.0,4.9353168659541105,3.3165272704404893,21.0,13.5,20.0,12.0,247.61568623767397,2130.980718044788,30.989878804286963
-4.081600715437462,4.081600715437462,187,1.7891519992252976,0.3797418435524741,0.783574865328433,0.2484025107932172,0.0,0.34615406114564995,12.0,11.028344913629212,3.2831141220954523,20.0,13.0,18.0,12.0,262.23855016227856,2089.9992033857525,35.43137977970297
-4.083797794392089,4.083797794392089,296,1.8009219179023832,0.369547411673279,0.5907555747645568,0.08348157022914351,0.0,0.39501290075159123,12.0,4.227459205492464,3.3594449921996863,20.0,15.0,20.0,13.0,238.89890092067705,2153.591190924448,35.87072408300851
-4.08421292940236,4.08421292940236,94,1.8146363967777928,0.3553059486480664,0.6957172452731674,0.22431094201779633,0.0,0.4843499289236746,12.0,5.191962256517855,3.318699134962297,20.0,15.0,20.0,13.0,247.1018972431337,2035.2150682652687,26.161629517340632
-4.085185602898459,4.085185602898459,284,1.8193377009301523,0.35839766850679233,0.8703311999676069,0.1592752406106986,0.0,0.34157585071046526,12.0,7.814245006822617,3.3683350970184547,20.0,15.0,20.0,15.0,240.9061604682883,2394.586349840873,30.581522136901
-4.085455390547673,4.085455390547673,247,1.8211863187262722,0.30737396710026965,0.5530081437259206,0.23538031124859707,0.0,0.35747960015473274,12.0,2.724530830457068,3.2696056854843505,20.0,15.0,20.0,15.0,259.53132451598174,2255.7839020360047,32.65777013906628
-4.085914489134964,4.085914489134964,190,1.8172211992166045,0.35832023505438965,0.8294189644854485,0.2612066123551071,0.0,0.43977168956691814,12.0,10.884239918763363,3.284910316823295,20.0,13.0,18.0,10.0,261.39702342605915,2323.8118010463877,27.25933770804573
-4.085914489134964,4.085914489134964,241,1.8172211992166045,0.35832023505438965,0.8294189644854485,0.2612066123551071,0.0,0.43977168956691814,12.0,10.884239918763363,3.2849103168232956,20.0,13.0,18.0,10.0,261.39702342605915,2323.8118010463877,27.25933770804573
-4.088164431346971,4.088164431346971,223,1.8099176279699105,0.3207696584376618,0.3766054454275396,0.17709886007678122,0.0,0.36168867792458315,12.0,8.722213335739912,3.3215096249606875,20.0,15.0,21.0,12.0,262.81365314030586,2434.298923324436,24.43366573895437
-4.095665430083974,4.095665430083974,168,1.8111389197140288,0.38949185269997055,0.7093922568878424,0.11378649115285641,0.0,0.39277952529567717,12.0,11.004705477106912,3.2302970404814877,20.0,15.0,21.0,12.0,233.92381272348402,2150.718343354851,31.433314776922245
-4.0977453410414215,4.0977453410414215,186,1.8274678450324107,0.3890552755225959,0.581591513605565,0.2837059675168836,0.0,0.35752857693875073,12.0,11.430624010814876,3.2561815607750377,21.0,13.0,20.0,15.0,236.7198699929068,2322.4583457881504,17.242493067188004
-4.098522325476461,4.098522325476461,295,1.826863131959667,0.3875377497314874,0.7013432825950369,0.28174255598433345,0.0,0.4103618390289534,12.0,10.81519394136104,3.3125775837522875,20.0,15.0,21.0,13.0,242.75100055310529,2482.7659615262464,14.487815577558765
-4.101532264152252,4.101532264152252,169,1.8256017472485744,0.37431945130783784,0.49758886683671366,0.09573730430670456,0.0,0.3818274223975465,12.0,10.630546184848718,3.263906713996462,20.0,15.0,22.0,13.0,239.04336943624833,2249.1442318528534,25.988157303073756
-4.1020923949074914,4.1020923949074914,206,1.8137721781745528,0.3483890922825815,0.6307557551718729,0.138909237266125,0.0,0.5360537032640343,12.0,8.67644383792046,3.358380444915787,21.0,12.0,18.0,12.0,245.4087077802791,2105.4983529426827,38.22979153759636
-4.102671638587454,4.102671638587454,287,1.7878305738963554,0.38199789414119284,0.8000550034918593,0.10102122027712179,0.0,0.4266077104003053,12.0,9.946705204147094,3.3160526590901442,20.0,15.0,20.0,15.0,246.7395813431576,2486.6447040379244,22.28865748744109
-4.104978398513243,4.104978398513243,239,1.7935727861261046,0.37255598897891334,0.6633887591287443,0.18440203071905414,0.0,0.42240807245268863,12.0,7.106494953177502,3.376635978817299,22.0,13.0,21.0,13.0,235.8311758407658,1942.622373972763,29.22091689671715
-4.1073547906226215,4.1073547906226215,246,1.8189589720132995,0.35290185648704336,0.5927664012083832,0.2703400184734721,0.0,0.3381769870920183,12.0,8.186769817521416,3.2831460069380785,20.0,12.0,20.0,13.0,259.30440342909964,2272.3278521213047,34.06523006700861
-4.107369547432635,4.107369547432635,105,1.8237572736373866,0.36247361952863394,0.46806863719783304,0.25500802215926965,0.0,0.39744085580783206,12.0,6.2665996925336644,3.303812405771066,20.0,15.0,20.0,15.0,262.8427150050843,2198.9925251210225,11.153707744791074
-4.107369547432635,4.107369547432635,161,1.8237572736373866,0.36247361952863394,0.46806863719783304,0.25500802215926965,0.0,0.39744085580783206,12.0,6.2665996925336644,3.3038124057710663,20.0,15.0,20.0,15.0,262.8427150050843,2198.9925251210225,11.153707744791074
-4.107883530522665,4.107883530522665,244,1.8043801318780164,0.3607746913533329,0.7682621557132298,0.13812443417310677,0.0,0.44820181257407504,12.0,10.778199219935539,3.2987750314667044,20.0,15.0,25.0,12.5,253.73755845108295,2111.7090320586763,16.744741009008496
-4.10833526638331,4.10833526638331,247,1.8199903168087475,0.3373495256570954,0.7154266421706288,0.24181693998590884,0.0,0.5280197105689872,12.0,5.516143216680559,3.283078937644788,20.0,15.0,20.0,13.0,246.6599360808566,2208.9602305227168,38.262978015204126
-4.111090903669032,4.111090903669032,249,1.8220101419791432,0.372554225967477,0.46902257089333266,0.21954698745170717,0.0,0.41059802507771714,12.0,5.454142352628134,3.352327063192498,22.0,13.0,20.0,15.0,234.53535783423018,2144.963592679833,23.368692971673735
-4.111418553670159,4.111418553670159,247,1.8240564879257868,0.3620413276325605,0.5311206872133273,0.19571384778745765,0.0,0.45344121892758765,12.0,6.575228625579416,3.3452041540713697,22.0,13.0,21.0,12.0,236.62918247330978,2237.5852554279277,17.152714734530306
-4.117590078755293,4.117590078755293,130,1.8091420503968365,0.39960944584129576,0.8327821746451248,0.22780165776558314,0.0,0.400700567752009,12.0,9.520305144577298,3.3443644103528767,20.0,15.0,20.0,15.0,236.74601721062996,2369.2718324494926,24.709963480941042
-4.118461849239315,4.118461849239315,189,1.8104293278491115,0.3796039146760477,0.5157094362402802,0.13306870514864888,0.0,0.5373963971682993,12.0,10.979981572357858,3.313988263754287,20.0,15.0,20.0,13.0,245.17980531375596,2075.4009717048098,19.31914752047845
-4.119191967810171,4.119191967810171,300,1.7977889462980436,0.3799615943647135,0.7831818905260921,0.11863714849593665,0.0,0.44455925012323905,12.0,5.2700303081844755,3.3497303100473657,20.0,15.0,17.0,12.0,245.00518103724727,2227.2450150496993,20.688452753110326
-4.1205504564315705,4.1205504564315705,102,1.7843021532801218,0.390351263603821,0.5578766649856937,0.16387256902683964,0.0,0.35281912514045943,12.0,9.092071923298333,3.2339781571049713,20.0,13.0,21.0,13.5,263.0905088453043,2266.506654812243,14.608196787652975
-4.12092005289537,4.12092005289537,188,1.7923586822144437,0.35119933907633916,0.6631298282815585,0.13483837930750253,0.0,0.46206349312712336,12.0,8.409610380181089,3.3559997500433303,20.0,15.0,18.0,12.0,256.6193878682878,2279.78235050998,14.161902977957524
-4.121294362035123,4.121294362035123,281,1.8286594533930032,0.39192983610796056,0.6494154155144843,0.12434772605366014,0.0,0.3834658436952155,12.0,9.349206180811747,3.329918747601229,20.0,12.0,21.0,13.5,257.24600011294615,2156.068226197739,12.640884326477767
-4.1235236938280835,4.1235236938280835,64,1.791408631114182,0.35370428298264617,0.8327165475181814,0.11876948386861214,0.0,0.42493194582486765,12.0,9.25088225257927,3.3544005542348163,20.0,15.0,21.0,13.5,249.64293986266892,2369.9712551918883,23.07432926673595
-4.124772611576823,4.124772611576823,163,1.7949802073047847,0.3816929731711256,0.7638001506457401,0.1292010304988171,0.0,0.4528924462119114,12.0,10.391682596412288,3.3336026139923396,20.0,15.0,21.0,13.5,249.52863176482202,2304.9835821804345,12.583894817360314
-4.125382959694909,4.125382959694909,233,1.8011247459896218,0.3824612033134669,0.7380517974614774,0.08207033310024545,0.0,0.5333002771167293,12.0,2.9535445638487214,3.288970210743853,22.0,13.0,18.0,12.0,229.97375103613604,2197.656382875777,35.46827816057354
-4.125382959694909,4.125382959694909,291,1.8011247459896218,0.3824612033134669,0.7380517974614774,0.08207033310024545,0.0,0.5333002771167293,12.0,2.9535445638487214,3.2889702107438534,22.0,13.0,18.0,12.0,229.97375103613604,2197.656382875777,35.46827816057354
-4.125458070300224,4.125458070300224,1,1.810113784877263,0.37482964963770643,0.6816105726268371,0.08094890513513633,0.0,0.5321394808232747,12.0,4.674842966563513,3.317270364189672,21.0,13.0,20.0,15.0,242.82662327584163,2341.661312152341,24.22800251388827
-4.127407040468183,4.127407040468183,282,1.7956485030879654,0.37502036152003076,0.7110624783588212,0.14804411956229008,0.0,0.4854899902594431,12.0,6.687455684817111,3.3583487648349912,20.0,15.0,20.0,15.0,244.77252020999418,2566.7026763413005,34.705710876848244
-4.127510249233284,4.127510249233284,242,1.818046800917927,0.3730978675896953,0.5036548953051668,0.25353370794329655,0.0,0.4275311172719384,12.0,2.634541352165474,3.305311326795352,22.0,13.0,20.0,15.0,231.3579413646454,2145.370852921885,35.66125558482297
-4.128100374726316,4.128100374726316,285,1.8026404731170707,0.3912423300743134,0.7566120413602953,0.1174063437898624,0.0,0.41262564103531163,12.0,8.96368910499019,3.2725082354113915,20.0,13.0,20.0,15.0,263.7878649900023,2305.5532317086345,28.122699790796837
-4.128254013707059,4.128254013707059,250,1.8225601189279936,0.33669334344044766,0.5812549206012774,0.13190130713388154,0.0,0.36809190027260774,12.0,4.317495965309635,3.3732473157114153,20.0,15.0,20.0,15.0,258.0308021520393,2113.9753665646094,38.97218207287984
-4.128536810513287,4.128536810513287,47,1.8021329258589018,0.39124233007431336,0.7350118759379021,0.18992807988878196,0.0,0.41704032803109115,12.0,8.96368910499019,3.2196646449141015,20.0,13.0,21.0,13.5,266.2367687825156,2305.5532317086345,13.434303644020652
-4.128536810513287,4.128536810513287,101,1.8021329258589018,0.3912423300743134,0.7350118759379021,0.18992807988878196,0.0,0.41704032803109115,12.0,8.96368910499019,3.2196646449141015,20.0,13.0,21.0,13.5,266.2367687825156,2305.5532317086345,13.434303644020652
-4.129187079061184,4.129187079061184,165,1.8231044580168985,0.3507901865001533,0.7573438620163149,0.1742381851486887,0.0,0.4988089126089782,12.0,6.783327053963176,3.3278598947961457,20.0,15.0,20.0,13.0,249.98434790715484,2512.157943133347,22.46412593349859
-4.1312603439336515,4.1312603439336515,162,1.8175039462835847,0.3861035973129621,0.7120045609368405,0.17353664454965947,0.0,0.38508656929499235,12.0,11.519179232883133,3.309136963341775,20.0,15.0,21.0,13.5,238.6224378293773,2343.7697893243812,25.287853614407155
-4.1320545621136056,4.1320545621136056,179,1.7798878573405597,0.3786088090560018,0.7106923426200709,0.17585600399595533,0.0,0.5323894491935804,12.0,4.7468623363204765,3.2866300458139763,20.0,15.0,20.0,12.0,245.79123641819223,2081.307804797904,30.879336450657057
-4.1335792496457735,4.1335792496457735,250,1.8270952657323356,0.37011110987665186,0.4032031316746947,0.10015901975530485,0.0,0.4223371168441511,12.0,4.9824652755985595,3.3550421550057115,22.0,12.0,20.0,15.0,236.35235990501008,2370.8696592628157,23.8136526109994
-4.134292094675471,4.134292094675471,240,1.8228290699704313,0.35110539793334494,0.7127698094145665,0.13077040778238877,0.0,0.48737779766677813,12.0,8.032319561882534,3.3281193505638784,20.0,13.0,20.0,13.0,262.76723355086756,2518.9804813952633,39.025184421140665
-4.135515768598581,4.135515768598581,41,1.7967485357599102,0.3777429270017334,0.5975122631526993,0.1311038877612119,0.0,0.42064206396449566,12.0,5.543610858019519,3.2941091320456803,22.0,13.0,24.0,12.0,237.45768708425288,2480.699152125864,34.528807598968754
-4.1367627870272665,4.1367627870272665,50,1.7930853500415367,0.3984848611996023,0.6014081606737305,0.108535510522162,0.0,0.5991450314977586,12.0,11.550701133223779,3.238001789896111,22.0,13.0,21.0,13.5,241.06633133604888,2342.073237455659,13.606878020504475
-4.138752308198457,4.138752308198457,296,1.7777152597431618,0.378201979659442,0.763565945984469,0.2853860952995096,0.0,0.4707792314924293,12.0,0.5816867438048163,3.3667439581453444,22.0,13.0,17.0,12.0,234.66928426721995,2496.6504854602304,38.106312527238366
-4.140741562069033,4.140741562069033,180,1.8106187525848454,0.3729112621503475,0.7470721503143197,0.106956905018371,0.0,0.5086547303119598,12.0,4.925180457323511,3.343545361819697,20.0,15.0,21.0,13.5,240.63697052195224,2065.9869593705516,28.72341611419057
-4.140741562069033,4.140741562069033,231,1.8106187525848454,0.3729112621503475,0.7470721503143197,0.106956905018371,0.0,0.5086547303119598,12.0,4.925180457323511,3.3435453618196975,20.0,15.0,21.0,13.5,240.63697052195224,2065.9869593705516,28.72341611419057
-4.141976417503598,4.141976417503598,246,1.8225386966760477,0.34831598565238964,0.696633020203562,0.27429622407998633,0.0,0.5328039684940643,12.0,8.434596711174226,3.357224328352395,20.0,13.0,20.0,15.0,262.7373520950036,2436.0627456683396,29.441531024782975
-4.142050657317934,4.142050657317934,245,1.8032592854644554,0.38975300357906756,0.7332297867794824,0.2932666189048665,0.0,0.4173534591599401,12.0,4.626966789576762,3.3447267015782396,22.0,12.0,21.0,13.5,237.42934607441808,2304.141912196752,31.42490193309097
-4.143037693628055,4.143037693628055,277,1.8225180421177032,0.3719405771278711,0.6149971535112402,0.13001732934409027,0.0,0.4724224540900003,12.0,7.457556896691963,3.3057323011919104,22.0,13.0,20.0,12.0,229.37945428470152,2230.874409148224,26.504894006020294
-4.143268501228475,4.143268501228475,50,1.7924513123971062,0.3873302015860298,0.49761066770923024,0.13827853904334164,0.0,0.43930104979636037,12.0,6.035236505744515,3.2541358822266098,21.0,12.0,20.0,15.0,240.77492865194148,2149.848020501114,31.057308888650816
-4.144034253206097,4.144034253206097,103,1.8198531299991665,0.3899750558591583,0.7354355176009513,0.17552002378912218,0.0,0.5869779333768902,12.0,8.197589205708654,3.183168848996977,20.0,15.0,20.0,15.0,240.20007244786234,2127.913890530951,21.06438360180471
-4.144034253206097,4.144034253206097,161,1.8198531299991665,0.3899750558591583,0.7354355176009513,0.17552002378912218,0.0,0.5869779333768902,12.0,8.197589205708653,3.183168848996977,20.0,15.0,20.0,15.0,240.20007244786234,2127.913890530951,21.06438360180471
-4.14420729477776,4.14420729477776,117,1.7973554189252627,0.36225148119275513,0.6823447075072372,0.2017783589227993,0.0,0.5202938791788289,12.0,7.838778426727435,3.3685420124612255,20.0,15.0,20.0,13.0,248.97450570602643,2513.304440915755,30.249394794173632
-4.146041660841771,4.146041660841771,34,1.8133555126298015,0.3632936932443133,0.8137250111449501,0.14506463155509475,0.0,0.42645359257039034,12.0,5.636525816949615,3.242767903012883,22.0,13.0,16.0,12.0,236.89518088487148,2000.7744918267472,28.619805267347374
-4.147048307832538,4.147048307832538,280,1.8080964431762168,0.3752917750301559,0.6461210485748019,0.13396565187324075,0.0,0.4869713797360331,12.01469544934195,5.596816963298682,3.2764066782395456,22.0,13.0,17.0,12.0,234.837181240741,2328.181891624905,20.80961979700161
-4.147762572083692,4.147762572083692,245,1.8177380553093794,0.3527827158045868,0.7140937736417053,0.10149268577549499,0.0,0.4496033867604113,12.0,11.88547836914543,3.296830287434335,20.0,15.0,20.0,15.0,251.99456587167276,2034.8927123566998,24.430840158699336
-4.149202441890608,4.149202441890608,110,1.7905916322133653,0.341383705185244,0.8276656602633463,0.2740862458316929,0.0,0.43433171026510853,12.0,9.89802016228636,3.2299688694593156,21.0,13.5,20.0,15.0,252.7477217573397,2414.264383254081,21.908843103331066
