generation,island,estimated_completed_candidates,elapsed_seconds,estimated_candidates_per_second,eta_seconds,convergence,feasible_population_fraction,finite_energy_relative_std,best_objective,best_score,global_best_score,wing_span,wing_chord,tail_arm,nose_length,extra_shipping_containers,sensor_length_m,sensor_weight_kg,mission3_sensor_weight_kg,batt_capacity,prop_diameter_in,prop_pitch_in,mission3_prop_diameter_in,mission3_prop_pitch_in,motor_kv,motor_max_power,takeoff_flap_deflection_deg
1,0,1024,51.82704130000002,19.758025430635563,9950.791929600004,nan,0.986328125,0.21865647558554852,10.154377274861062,-10.154377274861062,-10.154377274861062,1.7838576654114424,0.28349436449075943,0.6890679459241662,0.13162270718811256,0.0,0.3956455191136793,11.410258781535145,6.265625170838431,2.4444576678425856,12.0,6.0,11.0,8.0,566.7510678297751,2045.1279245316982,27.286031730831223
2,0,1536,61.89113859999998,24.817769308254423,7901.435361266664,nan,0.990234375,0.22489220021185297,10.154377274861062,-10.154377274861062,-10.154377274861062,1.7838576654114424,0.28349436449075943,0.6890679459241662,0.13162270718811256,0.0,0.3956455191136793,11.410258781535145,6.265625170838431,2.4444576678425856,12.0,6.0,11.0,8.0,566.7510678297751,2045.1279245316982,27.286031730831223
3,0,2048,71.43617899999981,28.668946585175075,6822.155094499982,nan,0.994140625,0.22526145367260048,10.154377274861062,-10.154377274861062,-10.154377274861062,1.7838576654114424,0.28349436449075943,0.6890679459241662,0.13162270718811256,0.0,0.3956455191136793,11.410258781535145,6.265625170838431,2.4444576678425856,12.0,6.0,11.0,8.0,566.7510678297751,2045.1279245316982,27.286031730831223
4,0,2560,82.2832057999999,31.112059564407527,6269.980281959993,nan,0.994140625,0.23945707996572074,8.591964826802185,-8.591964826802185,-8.591964826802185,1.7289389849122556,0.3615418231074337,0.6347702878082663,0.18083174446677283,0.0,0.450289664336775,11.814440381675752,5.58538198045554,3.139171249816392,14.0,7.0,17.0,7.0,554.9237925154083,2172.4019583423274,31.186766701243613
5,0,3072,100.32707459999983,30.61985024728315,6354.048057999989,nan,0.994140625,0.28188798476235377,7.02481544288816,-7.02481544288816,-7.02481544288816,1.6734835372676855,0.3410821298344208,0.6220773948356509,0.24614176392555237,0.0,0.4700816097346243,11.869364451311549,3.810383202453891,3.2864345378700897,22.0,10.0,19.0,12.0,306.6638040356338,2502.95398675477,24.647566378116608
6,0,3584,118.25784709999971,30.306656918668097,6402.817721557127,nan,0.994140625,0.2907945323415495,7.02481544288816,-7.02481544288816,-7.02481544288816,1.6734835372676855,0.3410821298344208,0.6220773948356509,0.24614176392555237,0.0,0.4700816097346243,11.869364451311549,3.810383202453891,3.2864345378700897,22.0,10.0,19.0,12.0,306.6638040356338,2502.95398675477,24.647566378116608
7,0,4096,146.69417750000002,27.922035283234056,6931.299886875001,nan,0.99609375,0.31443153135449364,5.910981849068774,-5.910981849068774,-5.910981849068774,1.7733075959133735,0.33132658795528735,0.7057414110604138,0.25804893881417695,0.0,0.5478761940738451,11.083365814689806,3.7353336740843943,3.3637755504952214,20.0,12.0,21.0,13.0,324.6550457869852,2629.911062030801,39.15968672805745
8,0,4608,168.23200999999972,27.390744484358283,7047.051974444433,nan,0.998046875,0.320061360897584,5.910981849068774,-5.910981849068774,-5.910981849068774,1.7733075959133735,0.33132658795528735,0.7057414110604138,0.25804893881417695,0.0,0.5478761940738451,11.083365814689806,3.7353336740843943,3.3637755504952214,20.0,12.0,21.0,13.0,324.6550457869852,2629.911062030801,39.15968672805745
9,0,5120,192.29390190000004,26.625909347154387,7230.250711440001,nan,0.998046875,0.3285604432307331,5.910981849068774,-5.910981849068774,-5.910981849068774,1.7733075959133735,0.33132658795528735,0.7057414110604138,0.25804893881417695,0.0,0.5478761940738451,11.083365814689806,3.7353336740843943,3.3637755504952214,20.0,12.0,21.0,13.0,324.6550457869852,2629.911062030801,39.15968672805745
10,0,5632,219.4043861,25.669495948148686,7479.694980681818,nan,0.998046875,0.3354772878987541,5.490006940204883,-5.490006940204883,-5.490006940204883,1.7504781728458152,0.34948122716807134,0.7070980153590649,0.22907798866519943,0.0,0.4658851978821888,11.136901324566443,3.231765836017267,2.712644485981585,21.0,12.0,22.0,13.0,236.07075424409942,2378.003637206252,25.008361350420046
11,1,6656,268.3105421999999,24.80707595543744,7698.448633892304,nan,0.98828125,0.21659966250788706,7.332283029653556,-7.332283029653556,-5.490006940204883,1.7780315881996052,0.33145590252479123,0.7864667730737203,0.2001279963606734,0.0,0.31255887586919073,11.18925875232557,5.918391481451801,2.721349516092862,17.0,7.0,13.0,6.5,369.3133286786311,1639.2722560671423,23.300823957548946
12,1,7168,282.1389543999999,25.405921047816868,7496.8350740571395,nan,0.990234375,0.2319367521095898,7.332283029653556,-7.332283029653556,-5.490006940204883,1.7780315881996052,0.33145590252479123,0.7864667730737203,0.2001279963606734,0.0,0.31255887586919073,11.18925875232557,5.918391481451801,2.721349516092862,17.0,7.0,13.0,6.5,369.3133286786311,1639.2722560671423,23.300823957548946
13,1,7680,299.1369341999998,25.673860770616955,7398.653505879995,nan,0.99609375,0.24787381054568544,7.332283029653556,-7.332283029653556,-5.490006940204883,1.7780315881996052,0.33145590252479123,0.7864667730737203,0.2001279963606734,0.0,0.31255887586919073,11.18925875232557,5.918391481451801,2.721349516092862,17.0,7.0,13.0,6.5,369.3133286786311,1639.2722560671423,23.300823957548946
14,1,8192,311.81863299999986,26.271682103102556,7210.805888124996,nan,0.99609375,0.2513663356646181,7.332283029653556,-7.332283029653556,-5.490006940204883,1.7780315881996052,0.33145590252479123,0.7864667730737203,0.2001279963606734,0.0,0.31255887586919073,11.18925875232557,5.918391481451801,2.721349516092862,17.0,7.0,13.0,6.5,369.3133286786311,1639.2722560671423,23.300823957548946
15,1,8704,323.17984879999995,26.932372276052632,7014.903776894116,nan,0.998046875,0.25941214823169056,7.332283029653556,-7.332283029653556,-5.490006940204883,1.7780315881996052,0.33145590252479123,0.7864667730737203,0.2001279963606734,0.0,0.31255887586919073,11.18925875232557,5.918391481451801,2.721349516092862,17.0,7.0,13.0,6.5,369.3133286786311,1639.2722560671423,23.300823957548946
16,1,9216,333.3805861999999,27.64408121374886,6815.780873422221,nan,0.998046875,0.2648793419989345,7.332283029653556,-7.332283029653556,-5.490006940204883,1.7780315881996052,0.33145590252479123,0.7864667730737203,0.2001279963606734,0.0,0.31255887586919073,11.18925875232557,5.918391481451801,2.721349516092862,17.0,7.0,13.0,6.5,369.3133286786311,1639.2722560671423,23.300823957548946
17,1,9728,346.0276669,28.113358932109136,6683.797565910526,nan,0.998046875,0.2736583745516357,7.332283029653556,-7.332283029653556,-5.490006940204883,1.7780315881996052,0.33145590252479123,0.7864667730737203,0.2001279963606734,0.0,0.31255887586919073,11.18925875232557,5.918391481451801,2.721349516092862,17.0,7.0,13.0,6.5,369.3133286786311,1639.2722560671423,23.300823957548946
18,1,10240,356.8770976999999,28.693351481489596,6530.850887909998,nan,0.998046875,0.2853948290846268,7.332283029653556,-7.332283029653556,-5.490006940204883,1.7780315881996052,0.33145590252479123,0.7864667730737203,0.2001279963606734,0.0,0.31255887586919073,11.18925875232557,5.918391481451801,2.721349516092862,17.0,7.0,13.0,6.5,369.3133286786311,1639.2722560671423,23.300823957548946
19,1,10752,372.2964936999997,28.880207527992653,6470.867628595232,nan,0.998046875,0.28820553374974134,7.332283029653556,-7.332283029653556,-5.490006940204883,1.7780315881996052,0.33145590252479123,0.7864667730737203,0.2001279963606734,0.0,0.31255887586919073,11.18925875232557,5.918391481451801,2.721349516092862,17.0,7.0,13.0,6.5,369.3133286786311,1639.2722560671423,23.300823957548946
20,1,11264,385.76106919999984,29.199421350006993,6382.592235854542,nan,0.998046875,0.29685032360930985,7.332283029653556,-7.332283029653556,-5.490006940204883,1.7780315881996052,0.33145590252479123,0.7864667730737203,0.2001279963606734,0.0,0.31255887586919073,11.18925875232557,5.918391481451801,2.721349516092862,17.0,7.0,13.0,6.5,369.3133286786311,1639.2722560671423,23.300823957548946
21,2,12288,446.6994335999998,27.508429775631587,6737.716456799997,nan,0.986328125,0.2254691344393321,9.570332749300427,-9.570332749300427,-5.490006940204883,1.7134102307937804,0.3433826003968716,0.8682455274448676,0.08446677325293424,0.0,0.5616884230568159,11.300443779564867,3.944630391706646,3.1620494650183293,17.0,10.0,15.0,8.0,316.6795251205076,2032.7265430632006,2.913633863906103
22,2,12800,469.12540869999975,27.2848150251982,6774.1709016279965,nan,0.9921875,0.2464504654403504,7.523494424725616,-7.523494424725616,-5.490006940204883,1.8024662747222742,0.37079130470701593,0.6027122346252318,0.09679487273019904,0.0,0.45649702413722343,11.454793476907565,5.7736968636392145,3.3547029434215387,18.0,10.0,15.0,8.0,434.892072295912,2369.0724016828412,30.87518935605162
23,2,13312,483.07415939999964,27.556845550451545,6688.7191301538405,nan,0.9921875,0.2585043333333044,7.523494424725616,-7.523494424725616,-5.490006940204883,1.8024662747222742,0.37079130470701593,0.6027122346252318,0.09679487273019904,0.0,0.45649702413722343,11.454793476907565,5.7736968636392145,3.3547029434215387,18.0,10.0,15.0,8.0,434.892072295912,2369.0724016828412,30.87518935605162
24,2,13824,509.40916319999997,27.137321035139166,6773.255169955555,nan,0.99609375,0.2904875016629896,7.523494424725616,-7.523494424725616,-5.490006940204883,1.8024662747222742,0.37079130470701593,0.6027122346252318,0.09679487273019904,0.0,0.45649702413722343,11.454793476907565,5.7736968636392145,3.3547029434215387,18.0,10.0,15.0,8.0,434.892072295912,2369.0724016828412,30.87518935605162
25,2,14336,531.8505189999996,26.954942202472516,6800.088778642852,nan,0.99609375,0.3130311292676385,6.807104183201235,-6.807104183201235,-5.490006940204883,1.7955150702938807,0.36027723017179536,0.8061329679704574,0.14104706961661578,0.0,0.5336049118536987,11.132181026950931,3.4054235994222175,3.243639619222116,22.0,10.0,16.0,12.0,328.1815057436384,2868.8409290817267,28.610276989638805
26,2,14848,546.7548308999999,27.156595901601943,6730.740504527585,nan,0.99609375,0.31579540754834995,6.807104183201235,-6.807104183201235,-5.490006940204883,1.7955150702938807,0.36027723017179536,0.8061329679704574,0.14104706961661578,0.0,0.5336049118536987,11.132181026950931,3.4054235994222175,3.243639619222116,22.0,10.0,16.0,12.0,328.1815057436384,2868.8409290817267,28.610276989638805
27,2,15360,570.4418361999997,26.92649631436694,6769.243122906662,nan,0.998046875,0.33319069125778855,6.120267230715154,-6.120267230715154,-5.490006940204883,1.7416376426526479,0.3176006173998505,0.6061673366276086,0.20961128675109725,0.0,0.4521608360569828,11.24450021692538,5.9857149387420785,3.260960529328856,20.0,13.0,13.0,10.0,311.23853337480864,2936.6547872082497,35.17579825114042
28,2,15872,593.5352003999997,26.741463672758453,6796.935359419352,nan,0.998046875,0.3435683508026965,5.990479549527749,-5.990479549527749,-5.490006940204883,1.8005229375896838,0.2878580928593874,0.7728707686475487,0.2060940198654861,0.0,0.375340232204876,11.112777367342968,5.404640286706503,3.3537157590907487,16.0,10.0,13.0,8.0,426.11154210511137,2596.9115802602405,21.712646515226773
29,2,16384,612.7572750999998,26.738156633597193,6778.627355793748,nan,0.998046875,0.34541096887134937,5.990479549527749,-5.990479549527749,-5.490006940204883,1.8005229375896838,0.2878580928593874,0.7728707686475487,0.2060940198654861,0.0,0.375340232204876,11.112777367342968,5.404640286706503,3.3537157590907487,16.0,10.0,13.0,8.0,426.11154210511137,2596.9115802602405,21.712646515226773
30,2,16896,631.3587662999998,26.76132953537166,6753.625591027271,nan,0.998046875,0.355910761367325,5.990479549527749,-5.990479549527749,-5.490006940204883,1.8005229375896838,0.2878580928593874,0.7728707686475487,0.2060940198654861,0.0,0.375340232204876,11.112777367342968,5.404640286706503,3.3537157590907487,16.0,10.0,13.0,8.0,426.11154210511137,2596.9115802602405,21.712646515226773
31,3,17920,684.7435551999997,26.17038139886681,6866.99965357714,nan,0.986328125,0.21389526279517032,10.859400029409228,-10.859400029409228,-5.490006940204883,1.745006268531084,0.3417992684617639,0.806083864864051,0.1516174120583818,0.0,0.5713150002350651,11.74195811192759,3.237520308988885,2.520074007881654,18.0,10.0,13.0,6.5,306.6095916104191,1470.7150262071498,23.989902589847087
32,3,18432,701.4310215,26.277708619991508,6819.468264583334,nan,0.98828125,0.2248730204557045,10.859400029409228,-10.859400029409228,-5.490006940204883,1.745006268531084,0.3417992684617639,0.806083864864051,0.1516174120583818,0.0,0.5713150002350651,11.74195811192759,3.237520308988885,2.520074007881654,18.0,10.0,13.0,6.5,306.6095916104191,1470.7150262071498,23.989902589847087
33,3,18944,722.0682019999999,26.235748849663377,6810.859526972972,nan,0.98828125,0.23982340224431997,10.51500781153107,-10.51500781153107,-5.490006940204883,1.8110863756890434,0.3188309956701396,0.5185852800142374,0.22042820738535562,0.0,0.4949446939204754,11.463611355562612,1.9292886848166226,1.98018136519838,22.0,12.0,21.0,13.0,219.28246586941114,1820.0919346270234,34.97224502903676
34,3,19456,749.7737606999999,25.94916096001491,6866.349176936841,nan,0.9921875,0.26042632215291484,10.51500781153107,-10.51500781153107,-5.490006940204883,1.8110863756890434,0.3188309956701396,0.5185852800142374,0.22042820738535562,0.0,0.4949446939204754,11.463611355562612,1.9292886848166226,1.98018136519838,22.0,12.0,21.0,13.0,219.28246586941114,1820.0919346270234,34.97224502903676
35,3,19968,772.3581359999998,25.85329145804454,6872.007004923075,nan,0.99609375,0.26370392449280466,7.3243050888763666,-7.3243050888763666,-5.490006940204883,1.6991239972832448,0.3765844843265442,0.8124090766534209,0.24706965451641816,0.0,0.3821067813863439,11.086175165891381,1.7364401719609575,2.7030289837686254,22.0,13.0,16.0,12.0,211.0248170655372,2411.8208427925106,27.74862032387704
36,3,20480,791.7280524999996,25.867467920747963,6848.447654124997,nan,0.99609375,0.28261879456945554,6.400077303038019,-6.400077303038019,-5.490006940204883,1.773518100895123,0.3950247341647649,0.508430158160627,0.15879035972892006,0.0,0.5632996638788689,11.081069193738207,0.8744450258280931,2.700310576119349,20.0,15.0,16.0,12.0,217.7970904407683,2064.67148698815,18.805466129766128
37,3,20992,811.9105921999999,25.855063601422987,6831.930592902439,nan,0.998046875,0.29446771639082914,6.400077303038019,-6.400077303038019,-5.490006940204883,1.773518100895123,0.3950247341647649,0.508430158160627,0.15879035972892006,0.0,0.5632996638788689,11.081069193738207,0.8744450258280931,2.700310576119349,20.0,15.0,16.0,12.0,217.7970904407683,2064.67148698815,18.805466129766128
38,3,21504,833.4213562,25.80207459291406,6826.117774590476,nan,0.998046875,0.3066764306491538,5.136680347309145,-5.136680347309145,-5.136680347309145,1.771824536177406,0.3954439042284307,0.7212060724076443,0.1385186135335027,0.0,0.5706118300189023,11.234345897785674,2.224764236621537,2.9774517613748293,20.0,15.0,16.0,12.0,236.76407980202157,2659.5329511569967,14.883623625140693
39,3,22016,855.2284614,25.742828955855888,6821.938657213954,nan,0.998046875,0.3124854667191123,5.136680347309145,-5.136680347309145,-5.136680347309145,1.771824536177406,0.3954439042284307,0.7212060724076443,0.1385186135335027,0.0,0.5706118300189023,11.234345897785674,2.224764236621537,2.9774517613748293,20.0,15.0,16.0,12.0,236.76407980202157,2659.5329511569967,14.883623625140693
40,3,22528,877.3197511999997,25.678209078487242,6819.167157054543,nan,0.998046875,0.33086921356529986,5.136680347309145,-5.136680347309145,-5.136680347309145,1.771824536177406,0.3954439042284307,0.7212060724076443,0.1385186135335027,0.0,0.5706118300189023,11.234345897785674,2.224764236621537,2.9774517613748293,20.0,15.0,16.0,12.0,236.76407980202157,2659.5329511569967,14.883623625140693
41,4,23552,933.6251024999997,25.226399693982103,6900.707279347824,nan,0.984375,0.2175901771834191,9.344018295164851,-9.344018295164851,-5.136680347309145,1.818632536765933,0.3233726036548614,0.3729062363505363,0.14882925080135465,0.0,0.38112325535696834,12.020433438880627,5.578733442733497,2.518412663324459,17.0,10.0,20.0,15.0,322.24134099669755,2660.3641230612993,27.636320516467094
42,4,24064,947.6779143999997,25.392593447991835,6835.378999608509,nan,0.98828125,0.2309879839368684,9.344018295164851,-9.344018295164851,-5.136680347309145,1.818632536765933,0.3233726036548614,0.3729062363505363,0.14882925080135465,0.0,0.38112325535696834,12.020433438880627,5.578733442733497,2.518412663324459,17.0,10.0,20.0,15.0,322.24134099669755,2660.3641230612993,27.636320516467094
43,4,24576,961.3200846,25.564846083732807,6769.295595725,nan,0.990234375,0.23586831281772802,5.598656756974229,-5.598656756974229,-5.136680347309145,1.6108524051179964,0.3900300773430482,0.43565613419470917,0.26178109221939194,0.0,0.3574742048733168,11.123063512917883,0.4825987075549385,3.2672801885007576,17.0,10.0,24.0,12.0,341.18112030913875,2048.832586700959,18.072956827295144
44,4,25088,976.9470013,25.680001030369098,6719.00284567551,nan,0.990234375,0.23946537287158196,5.598656756974229,-5.598656756974229,-5.136680347309145,1.6108524051179964,0.3900300773430482,0.43565613419470917,0.26178109221939194,0.0,0.3574742048733168,11.123063512917883,0.4825987075549385,3.2672801885007576,17.0,10.0,24.0,12.0,341.18112030913875,2048.832586700959,18.072956827295144
45,4,25600,989.9058525999999,25.86104520218896,6652.167329471999,nan,0.9921875,0.24881958013677435,5.598656756974229,-5.598656756974229,-5.136680347309145,1.6108524051179964,0.3900300773430482,0.43565613419470917,0.26178109221939194,0.0,0.3574742048733168,11.123063512917883,0.4825987075549385,3.2672801885007576,17.0,10.0,24.0,12.0,341.18112030913875,2048.832586700959,18.072956827295144
46,4,26112,1006.0988914999998,25.953711131784907,6608.688797107842,nan,0.9921875,0.26308486789262714,5.598656756974229,-5.598656756974229,-5.136680347309145,1.6108524051179964,0.3900300773430482,0.43565613419470917,0.26178109221939194,0.0,0.3574742048733168,11.123063512917883,0.4825987075549385,3.2672801885007576,17.0,10.0,24.0,12.0,341.18112030913875,2048.832586700959,18.072956827295144
47,4,26624,1019.1301592,26.12423914615518,6545.951407169231,nan,0.9921875,0.2717719592796882,5.598656756974229,-5.598656756974229,-5.136680347309145,1.6108524051179964,0.3900300773430482,0.43565613419470917,0.26178109221939194,0.0,0.3574742048733168,11.123063512917883,0.4825987075549385,3.2672801885007576,17.0,10.0,24.0,12.0,341.18112030913875,2048.832586700959,18.072956827295144
48,4,27136,1039.3942119999997,26.107515018565458,6530.533445207545,nan,0.99609375,0.28440448233127036,5.598656756974229,-5.598656756974229,-5.136680347309145,1.6108524051179964,0.3900300773430482,0.43565613419470917,0.26178109221939194,0.0,0.3574742048733168,11.123063512917883,0.4825987075549385,3.2672801885007576,17.0,10.0,24.0,12.0,341.18112030913875,2048.832586700959,18.072956827295144
49,4,27648,1056.0014066999997,26.181783305005144,6492.4530930444425,nan,0.99609375,0.2912526587902926,5.598656756974229,-5.598656756974229,-5.136680347309145,1.6108524051179964,0.3900300773430482,0.43565613419470917,0.26178109221939194,0.0,0.3574742048733168,11.123063512917883,0.4825987075549385,3.2672801885007576,17.0,10.0,24.0,12.0,341.18112030913875,2048.832586700959,18.072956827295144
50,4,28160,1071.497605,26.280973348512525,6448.467404636363,nan,0.998046875,0.2974860199748077,5.598656756974229,-5.598656756974229,-5.136680347309145,1.6108524051179964,0.3900300773430482,0.43565613419470917,0.26178109221939194,0.0,0.3574742048733168,11.123063512917883,0.4825987075549385,3.2672801885007576,17.0,10.0,24.0,12.0,341.18112030913875,2048.832586700959,18.072956827295144
51,5,29184,1132.7687984,25.76342148655708,6538.262011817543,nan,0.982421875,0.211265229920443,8.576985567980756,-8.576985567980756,-5.136680347309145,1.7456560163706505,0.3920707768859153,0.7513663801470437,0.26829852787346997,0.0,0.4316058738908999,11.347602135250222,8.073205720147536,2.9593671265119106,16.0,8.0,14.0,6.0,495.7413370255381,2255.6442115455866,20.970545121445245
52,5,29696,1147.8097066999999,25.871884360846906,6491.061789613792,nan,0.984375,0.24811078523779012,8.576985567980756,-8.576985567980756,-5.136680347309145,1.7456560163706505,0.3920707768859153,0.7513663801470437,0.26829852787346997,0.0,0.4316058738908999,11.347602135250222,8.073205720147536,2.9593671265119106,16.0,8.0,14.0,6.0,495.7413370255381,2255.6442115455866,20.970545121445245
53,5,30208,1159.4268739999998,26.05425204246215,6425.9760643728805,nan,0.986328125,0.25283869777219076,8.576985567980756,-8.576985567980756,-5.136680347309145,1.7456560163706505,0.3920707768859153,0.7513663801470437,0.26829852787346997,0.0,0.4316058738908999,11.347602135250222,8.073205720147536,2.9593671265119106,16.0,8.0,14.0,6.0,495.7413370255381,2255.6442115455866,20.970545121445245
54,5,30720,1173.9824435,26.16734191391679,6378.637943016667,nan,0.98828125,0.26110523122094487,8.576985567980756,-8.576985567980756,-5.136680347309145,1.7456560163706505,0.3920707768859153,0.7513663801470437,0.26829852787346997,0.0,0.4316058738908999,11.347602135250222,8.073205720147536,2.9593671265119106,16.0,8.0,14.0,6.0,495.7413370255381,2255.6442115455866,20.970545121445245
55,5,31232,1189.4547155,26.2574098811919,6337.2587301229505,nan,0.9921875,0.2755502375424539,7.420015225071889,-7.420015225071889,-5.136680347309145,1.638021965071234,0.38805766123711755,0.7748422044071084,0.19221856997999118,0.0,0.4470998400929498,11.902268824693651,7.755052639762132,3.345014977633796,15.0,8.0,12.0,6.0,444.93203315813236,2506.523213291796,12.706311715249434
56,5,31744,1204.3821887999998,26.35708190904791,6293.868212438709,nan,0.9921875,0.2957306987833606,6.686591933830737,-6.686591933830737,-5.136680347309145,1.6079272613523556,0.37417921954591826,0.5242519735058797,0.20021428261457228,0.0,0.3160690654223125,11.032162456719036,8.045916851255384,3.31558711045838,14.0,8.5,14.0,7.0,443.6567999129864,2381.9743567754103,23.560191774969176
57,5,32256,1214.0626376,26.5686456373987,6224.479872139683,nan,0.9921875,0.29094488045312256,6.686591933830737,-6.686591933830737,-5.136680347309145,1.6079272613523556,0.37417921954591826,0.5242519735058797,0.20021428261457228,0.0,0.3160690654223125,11.032162456719036,8.045916851255384,3.31558711045838,14.0,8.5,14.0,7.0,443.6567999129864,2381.9743567754103,23.560191774969176
58,5,32768,1226.3563258,26.719803462198605,6170.10526418125,nan,0.9921875,0.30026388177111757,6.686591933830737,-6.686591933830737,-5.136680347309145,1.6079272613523556,0.37417921954591826,0.5242519735058797,0.20021428261457228,0.0,0.3160690654223125,11.032162456719036,8.045916851255384,3.31558711045838,14.0,8.5,14.0,7.0,443.6567999129864,2381.9743567754103,23.560191774969176
59,5,33280,1236.6479605999998,26.91145828102375,6107.13839004,nan,0.9921875,0.30562693549892944,6.686591933830737,-6.686591933830737,-5.136680347309145,1.6079272613523556,0.37417921954591826,0.5242519735058797,0.20021428261457228,0.0,0.3160690654223125,11.032162456719036,8.045916851255384,3.31558711045838,14.0,8.5,14.0,7.0,443.6567999129864,2381.9743567754103,23.560191774969176
60,5,33792,1247.9082565999997,27.07891371122771,6050.464274424241,nan,0.994140625,0.31108350427719467,6.686591933830737,-6.686591933830737,-5.136680347309145,1.6079272613523556,0.37417921954591826,0.5242519735058797,0.20021428261457228,0.0,0.3160690654223125,11.032162456719036,8.045916851255384,3.31558711045838,14.0,8.5,14.0,7.0,443.6567999129864,2381.9743567754103,23.560191774969176
61,0,34816,1338.9530747999997,26.002404905190936,6261.574673329411,nan,0.998046875,0.3557767711595489,4.640437741287817,-4.640437741287817,-4.640437741287817,1.8077913031149337,0.3734129212407683,0.8937301683992627,0.17647243519120032,0.0,0.3580870749661552,11.558909037394322,3.958228898437568,3.173135535309589,17.0,12.0,21.0,13.5,313.29475024280043,1940.7100459503015,14.57436286336387
62,0,35328,1357.7323625,26.01985558843892,6237.697955253623,nan,0.998046875,0.3654823033294381,4.640437741287817,-4.640437741287817,-4.640437741287817,1.8077913031149337,0.3734129212407683,0.8937301683992627,0.17647243519120032,0.0,0.3580870749661552,11.558909037394322,3.958228898437568,3.173135535309589,17.0,12.0,21.0,13.5,313.29475024280043,1940.7100459503015,14.57436286336387
63,0,35840,1382.2054595999998,25.92957490586952,6239.6703604799995,nan,0.998046875,0.38007524362319955,4.640437741287817,-4.640437741287817,-4.640437741287817,1.8077913031149337,0.3734129212407683,0.8937301683992627,0.17647243519120032,0.0,0.3580870749661552,11.558909037394322,3.958228898437568,3.173135535309589,17.0,12.0,21.0,13.5,313.29475024280043,1940.7100459503015,14.57436286336387
64,0,36352,1400.9761402999998,25.94762248571608,6215.5983689366185,nan,0.998046875,0.38215689814211934,4.640437741287817,-4.640437741287817,-4.640437741287817,1.8077913031149337,0.3734129212407683,0.8937301683992627,0.17647243519120032,0.0,0.3580870749661552,11.558909037394322,3.958228898437568,3.173135535309589,17.0,12.0,21.0,13.5,313.29475024280043,1940.7100459503015,14.57436286336387
65,0,36864,1421.4450487999998,25.934171729762618,6199.0797961555545,2.5735226817884014e-05,1.0,0.38857244471809976,4.640437741287817,-4.640437741287817,-4.640437741287817,1.8077913031149337,0.3734129212407683,0.8937301683992627,0.17647243519120032,0.0,0.3580870749661552,11.558909037394322,3.958228898437568,3.173135535309589,17.0,12.0,21.0,13.5,313.29475024280043,1940.7100459503015,14.57436286336387
66,0,37376,1445.7183625999996,25.852891522234312,6198.765034161642,2.567271235253144e-05,1.0,0.38951863997393144,4.640437741287817,-4.640437741287817,-4.640437741287817,1.8077913031149337,0.3734129212407683,0.8937301683992627,0.17647243519120032,0.0,0.3580870749661552,11.558909037394322,3.958228898437568,3.173135535309589,17.0,12.0,21.0,13.5,313.29475024280043,1940.7100459503015,14.57436286336387
67,0,37888,1466.4958328999996,25.835736556493565,6183.063511686485,2.5560964301668283e-05,1.0,0.39122154712087004,4.640437741287817,-4.640437741287817,-4.640437741287817,1.8077913031149337,0.3734129212407683,0.8937301683992627,0.17647243519120032,0.0,0.3580870749661552,11.558909037394322,3.958228898437568,3.173135535309589,17.0,12.0,21.0,13.5,313.29475024280043,1940.7100459503015,14.57436286336387
68,0,38400,1486.0353836999998,25.84056908819351,6162.0933910759995,2.5875741601840042e-05,1.0,0.3864623535771005,4.56475333756035,-4.56475333756035,-4.56475333756035,1.7934984356554708,0.33832202045680176,0.8907356565473052,0.19416919803402732,0.0,0.39477006074751864,11.209962478015159,5.927178755841003,3.069025171615018,20.0,13.0,15.0,10.0,281.7318776714452,2552.40475046105,34.0837924643769
69,0,38912,1503.8513186,25.874898348478265,6134.1303785,2.5873865276390843e-05,1.0,0.3864903791210781,4.56475333756035,-4.56475333756035,-4.56475333756035,1.7934984356554708,0.33832202045680176,0.8907356565473052,0.19416919803402732,0.0,0.39477006074751864,11.209962478015159,5.927178755841003,3.069025171615018,20.0,13.0,15.0,10.0,281.7318776714452,2552.40475046105,34.0837924643769
70,0,39424,1530.742135,25.754827739160653,6142.848307987013,2.4906770998449914e-05,1.0,0.40149724750038257,-6.298463463720765,6.298463463720765,6.298463463720765,1.7745978623458163,0.3693996138650905,0.7685520713800689,0.1815408257924882,0.0,0.4177078083099902,11.625125404455845,6.2009010156192454,3.2700779376719047,21.0,13.5,20.0,11.0,247.94528080674274,2516.8205643290385,28.42458620349012
71,1,40448,1603.1620106999999,25.230138769530164,6230.009332720253,nan,0.998046875,0.3075581728231249,7.332283029653556,-7.332283029653556,6.298463463720765,1.778031588199605,0.33145590252479123,0.7864667730737203,0.2001279963606734,0.0,0.31255887586919073,11.18925875232557,5.918391481451801,2.721349516092862,17.0,7.0,13.0,6.5,369.3133286786311,1639.2722560671423,23.300823957548946
72,1,40960,1620.0251985999998,25.283557339353106,6196.5963846449995,nan,0.998046875,0.31795739293684927,7.2579587606183456,-7.2579587606183456,6.298463463720765,1.811988114967944,0.38596663363237516,0.8377051570026156,0.2250797636763543,0.0,0.3872950810742158,11.403051537395594,9.161933600704105,2.9202411226139686,15.0,8.0,16.0,8.0,376.6327291659439,2049.671825498179,35.61285704349261
73,1,41472,1641.6055816999997,25.263071996290844,6181.354350845678,nan,0.998046875,0.3338959330444018,5.141602256428248,-5.141602256428248,6.298463463720765,1.7959864408468347,0.3549007177593344,0.5961923340129688,0.1799706346926317,0.0,0.3330749590847076,11.213551568671782,7.962467476360853,3.2717556892169863,20.0,11.0,16.0,8.0,333.03164269933217,2514.795638742579,18.101353683662754
74,1,41984,1665.5959057999999,25.206594140752724,6174.892138575608,2.9471812618421676e-05,1.0,0.33930726044822185,5.141602256428248,-5.141602256428248,6.298463463720765,1.7959864408468347,0.3549007177593344,0.5961923340129688,0.1799706346926317,0.0,0.3330749590847076,11.213551568671782,7.962467476360853,3.2717556892169863,20.0,11.0,16.0,8.0,333.03164269933217,2514.795638742579,18.101353683662754
75,1,42496,1691.6343712999997,25.121267763874034,6175.4845120951795,2.8710407856120657e-05,1.0,0.34830574508429124,5.141602256428248,-5.141602256428248,6.298463463720765,1.7959864408468347,0.3549007177593344,0.5961923340129688,0.1799706346926317,0.0,0.3330749590847076,11.213551568671782,7.962467476360853,3.2717556892169863,20.0,11.0,16.0,8.0,333.03164269933217,2514.795638742579,18.101353683662754
76,1,43008,1714.1362329999997,25.090187799559807,6162.727885309523,2.858125110566704e-05,1.0,0.3498797153080962,5.141602256428248,-5.141602256428248,6.298463463720765,1.7959864408468347,0.3549007177593344,0.5961923340129688,0.1799706346926317,0.0,0.3330749590847076,11.213551568671782,7.962467476360853,3.2717556892169863,20.0,11.0,16.0,8.0,333.03164269933217,2514.795638742579,18.101353683662754
77,1,43520,1736.4213031,25.063041971614016,6148.9742615658815,2.8430717826800476e-05,1.0,0.3517322376775659,5.141602256428248,-5.141602256428248,6.298463463720765,1.7959864408468347,0.3549007177593344,0.5961923340129688,0.1799706346926317,0.0,0.3330749590847076,11.213551568671782,7.962467476360853,3.2717556892169863,20.0,11.0,16.0,8.0,333.03164269933217,2514.795638742579,18.101353683662754
78,1,44032,1771.6924472,24.853072027026247,6180.322490232558,2.6918237084255116e-05,1.0,0.3714953534549685,4.3687728630374965,-4.3687728630374965,6.298463463720765,1.709378777587912,0.3887736951823512,0.711638495241277,0.14876083499807413,0.0,0.37472166369638193,11.514426320922993,6.312706558497778,3.2673236838453352,20.0,11.0,20.0,11.0,289.24169100203653,2430.3903151853647,22.825180531678747
79,1,44544,1807.4865047999997,24.64416740136538,6211.936378565516,2.6085289964641225e-05,1.0,0.38335782402860225,3.7547690921333094,-3.7547690921333094,6.298463463720765,1.79959553959073,0.36148321069071593,0.8991139674559236,0.13149912662282837,0.0,0.33555316797031465,11.816449840539981,9.84732556630289,3.364216930051141,24.0,12.0,20.0,11.0,235.1881269032561,2301.9253760655433,23.044108041116775
80,1,45056,1835.1541494999997,24.55161601126304,6214.4992789886355,2.6079703774341903e-05,1.0,0.38343993806549037,3.7547690921333094,-3.7547690921333094,6.298463463720765,1.79959553959073,0.36148321069071593,0.8991139674559236,0.13149912662282837,0.0,0.33555316797031465,11.816449840539981,9.84732556630289,3.364216930051141,24.0,12.0,20.0,11.0,235.1881269032561,2301.9253760655433,23.044108041116775
81,2,46080,1914.4972715999997,24.068981807161123,6296.568804373333,2.805691437844049e-05,1.0,0.3564183810492076,5.990479549527749,-5.990479549527749,6.298463463720765,1.8005229375896838,0.2878580928593874,0.7728707686475487,0.2060940198654861,0.0,0.375340232204876,11.112777367342968,5.404640286706503,3.3537157590907487,16.0,10.0,13.0,8.0,426.11154210511137,2596.9115802602405,21.712646515226773
82,2,46592,1941.0424303999998,24.0035968664521,6292.3902963516475,2.6606204140712675e-05,1.0,0.37585218647172774,5.223597389674909,-5.223597389674909,6.298463463720765,1.7751446752376907,0.3982293374940738,0.5634549062329204,0.1360698732705769,0.0,0.3630880853069306,12.244786086608105,6.840678393073068,3.101055908664161,18.0,10.0,15.0,10.0,331.18669276857133,2036.900482423482,9.700019963081877
83,2,47104,1972.6288875,23.878794586495683,6303.835792663043,2.6152289644475288e-05,1.0,0.38237569772834445,5.223597389674909,-5.223597389674909,6.298463463720765,1.7751446752376907,0.3982293374940738,0.5634549062329204,0.1360698732705769,0.0,0.3630880853069306,12.244786086608105,6.840678393073068,3.101055908664161,18.0,10.0,15.0,10.0,331.18669276857133,2036.900482423482,9.700019963081877
84,2,47616,2002.7171381999997,23.775699069912722,6309.6357149741925,2.5941261065478498e-05,1.0,0.38548627126333346,5.134868371057738,-5.134868371057738,6.298463463720765,1.6652271382515729,0.3940739795473941,0.5809790538012154,0.21175379073687223,0.0,0.3549873333848138,11.426799627551464,5.625740612965766,3.041589560980876,20.0,15.0,18.0,8.0,241.52209786323843,2223.825918115275,12.675463027108023
85,2,48128,2022.38899,23.797597909193524,6282.314734893616,2.6133260925527013e-05,1.0,0.3826541214468945,5.134868371057738,-5.134868371057738,6.298463463720765,1.6652271382515729,0.3940739795473941,0.5809790538012154,0.21175379073687223,0.0,0.3549873333848138,11.426799627551464,5.625740612965766,3.041589560980876,20.0,15.0,18.0,8.0,241.52209786323843,2223.825918115275,12.675463027108023
86,2,48640,2049.4007944,23.733766539424153,6277.638222846316,2.6288850058374998e-05,1.0,0.3803894037888597,5.134868371057738,-5.134868371057738,6.298463463720765,1.6652271382515729,0.3940739795473941,0.5809790538012154,0.21175379073687223,0.0,0.3549873333848138,11.426799627551464,5.625740612965766,3.041589560980876,20.0,15.0,18.0,8.0,241.52209786323843,2223.825918115275,12.675463027108023
87,2,49152,2072.8239203,23.712578535318247,6261.655592572916,2.6339073258908054e-05,1.0,0.3796640793585221,4.158656687180699,-4.158656687180699,6.298463463720765,1.816896847713638,0.38245139393821664,0.7797832392513545,0.1288851676834084,0.0,0.3483916072942521,11.213513548548752,10.28311454257431,3.3619286921423246,20.0,15.0,17.0,10.0,293.11107416436977,2548.7820815091527,8.763967315683077
88,2,49664,2097.5971972,23.676614397795017,6249.542164853609,2.6141434651438372e-05,1.0,0.38253447575991273,4.158656687180699,-4.158656687180699,6.298463463720765,1.816896847713638,0.38245139393821664,0.7797832392513545,0.1288851676834084,0.0,0.3483916072942521,11.213513548548752,10.28311454257431,3.3619286921423246,20.0,15.0,17.0,10.0,293.11107416436977,2548.7820815091527,8.763967315683077
89,2,50176,2117.8932106999996,23.691468364174973,6224.012700832652,2.6051752157730425e-05,1.0,0.38385134095606926,4.158656687180699,-4.158656687180699,6.298463463720765,1.816896847713638,0.38245139393821664,0.7797832392513545,0.1288851676834084,0.0,0.3483916072942521,11.213513548548752,10.28311454257431,3.3619286921423246,20.0,15.0,17.0,10.0,293.11107416436977,2548.7820815091527,8.763967315683077
90,2,50688,2145.060145,23.63010665139182,6218.507693080808,2.578524112919212e-05,1.0,0.387818750652626,4.158656687180699,-4.158656687180699,6.298463463720765,1.816896847713638,0.38245139393821664,0.7797832392513545,0.1288851676834084,0.0,0.3483916072942521,11.213513548548752,10.28311454257431,3.3619286921423246,20.0,15.0,17.0,10.0,293.11107416436977,2548.7820815091527,8.763967315683077
91,3,51712,2223.3460347999994,23.258637742663275,6273.798217009899,nan,0.998046875,0.3409375200369834,5.136680347309145,-5.136680347309145,6.298463463720765,1.771824536177406,0.3954439042284307,0.7212060724076443,0.1385186135335027,0.0,0.5706118300189023,11.234345897785674,2.224764236621537,2.9774517613748293,20.0,15.0,16.0,12.0,236.76407980202157,2659.5329511569967,14.883623625140693
92,3,52224,2241.2561994000002,23.30121831407794,6240.360398329412,nan,0.998046875,0.35301742286447585,5.136680347309145,-5.136680347309145,6.298463463720765,1.771824536177406,0.3954439042284307,0.7212060724076443,0.1385186135335027,0.0,0.5706118300189023,11.234345897785674,2.224764236621537,2.9774517613748293,20.0,15.0,16.0,12.0,236.76407980202157,2659.5329511569967,14.883623625140693
93,3,52736,2260.2501505999994,23.33193075377115,6210.201870095144,nan,0.998046875,0.3609892091056384,5.136680347309145,-5.136680347309145,6.298463463720765,1.771824536177406,0.3954439042284307,0.7212060724076443,0.1385186135335027,0.0,0.5706118300189023,11.234345897785674,2.224764236621537,2.9774517613748293,20.0,15.0,16.0,12.0,236.76407980202157,2659.5329511569967,14.883623625140693
94,3,53248,2282.4039052000003,23.329788333557044,6188.825973715385,nan,0.998046875,0.36339327698855967,5.136680347309145,-5.136680347309145,6.298463463720765,1.771824536177406,0.3954439042284307,0.7212060724076443,0.1385186135335027,0.0,0.5706118300189023,11.234345897785674,2.224764236621537,2.9774517613748293,20.0,15.0,16.0,12.0,236.76407980202157,2659.5329511569967,14.883623625140693
95,3,53760,2301.3351216999995,23.36035264620105,6158.8111352161895,2.7097610844539506e-05,1.0,0.3690362245354599,-6.210033795941259,6.210033795941259,6.298463463720765,1.7778175491723212,0.396950305623069,0.5672528038911938,0.2472481623859094,0.0,0.524960828212548,11.203685991482178,4.022872866406988,3.2515170939178524,22.0,13.0,16.0,12.0,238.02978807496527,2791.9840329739454,18.0294672248708
96,3,54272,2329.3382619,23.29932105083411,6152.968993698112,2.701992801488655e-05,1.0,0.37009721100998216,-6.210033795941259,6.210033795941259,6.298463463720765,1.7778175491723212,0.396950305623069,0.5672528038911938,0.2472481623859094,0.0,0.524960828212548,11.203685991482178,4.022872866406988,3.2515170939178524,22.0,13.0,16.0,12.0,238.02978807496527,2791.9840329739454,18.0294672248708
97,3,54784,2355.6577753999995,23.25634927624301,6142.322610622428,2.661306811627587e-05,1.0,0.37575524762153417,-6.210033795941259,6.210033795941259,6.298463463720765,1.7778175491723212,0.396950305623069,0.5672528038911938,0.2472481623859094,0.0,0.524960828212548,11.203685991482178,4.022872866406988,3.2515170939178524,22.0,13.0,16.0,12.0,238.02978807496527,2791.9840329739454,18.0294672248708
98,3,55296,2380.4052115,23.229658434983644,6127.339340712962,2.674431701500016e-05,1.0,0.373911212404163,-6.210033795941259,6.210033795941259,6.298463463720765,1.7778175491723212,0.396950305623069,0.5672528038911938,0.2472481623859094,0.0,0.524960828212548,11.203685991482178,4.022872866406988,3.2515170939178524,22.0,13.0,16.0,12.0,238.02978807496527,2791.9840329739454,18.0294672248708
99,3,55808,2416.9067653999996,23.090671431325877,6142.047468034861,2.6487332530841766e-05,1.0,0.37753896087331656,-6.210033795941259,6.210033795941259,6.298463463720765,1.7778175491723212,0.396950305623069,0.5672528038911938,0.2472481623859094,0.0,0.524960828212548,11.203685991482178,4.022872866406988,3.2515170939178524,22.0,13.0,16.0,12.0,238.02978807496527,2791.9840329739454,18.0294672248708
100,3,56320,2453.8979643999996,22.9512395450276,6157.053074312726,2.5507281925496164e-05,1.0,0.39204490816421933,-6.210033795941259,6.210033795941259,6.298463463720765,1.7778175491723212,0.396950305623069,0.5672528038911938,0.2472481623859094,0.0,0.524960828212548,11.203685991482178,4.022872866406988,3.2515170939178524,22.0,13.0,16.0,12.0,238.02978807496527,2791.9840329739454,18.0294672248708
101,4,57344,2537.6193749,22.597557603476194,6208.104542166071,nan,0.998046875,0.30449841642835224,5.598656756974229,-5.598656756974229,6.298463463720765,1.6108524051179964,0.3900300773430482,0.43565613419470917,0.26178109221939194,0.0,0.3574742048733168,11.123063512917884,0.4825987075549385,3.2672801885007576,17.0,10.0,24.0,12.0,341.18112030913875,2048.832586700959,18.072956827295144
102,4,57856,2558.0058514999996,22.61761831626522,6179.961039464601,3.155997304010238e-05,1.0,0.31685705140791065,5.598656756974229,-5.598656756974229,6.298463463720765,1.6108524051179964,0.3900300773430482,0.43565613419470917,0.26178109221939194,0.0,0.3574742048733168,11.123063512917884,0.4825987075549385,3.2672801885007576,17.0,10.0,24.0,12.0,341.18112030913875,2048.832586700959,18.072956827295144
103,4,58368,2576.0103194999997,22.658294323653625,6146.270235999999,3.0992411368757184e-05,1.0,0.3226596304823441,5.598656756974229,-5.598656756974229,6.298463463720765,1.6108524051179964,0.3900300773430482,0.43565613419470917,0.26178109221939194,0.0,0.3574742048733168,11.123063512917884,0.4825987075549385,3.2672801885007576,17.0,10.0,24.0,12.0,341.18112030913875,2048.832586700959,18.072956827295144
104,4,58880,2605.2177847999997,22.60079765443493,6139.252345050434,2.933442061534224e-05,1.0,0.3408964550937774,5.096828407231262,-5.096828407231262,6.298463463720765,1.8040274341183578,0.38128498091704455,0.35292582650022053,0.21001217260862884,0.0,0.3684950723254701,11.778740362031854,6.55114081962399,3.3035452721387655,20.0,11.0,22.0,10.0,307.5588138869025,2143.830725367665,27.105999647422262
105,4,59392,2630.8730479,22.575015562764435,6123.5838183879305,2.8569507011835233e-05,1.0,0.35002354068823743,4.781813292486246,-4.781813292486246,6.298463463720765,1.7441545110411942,0.38448534013603775,0.5678809736653945,0.2255344148352282,0.0,0.4335895249384555,11.000436752610916,0.22187981287467196,3.2879391309487307,18.0,12.0,20.0,11.0,294.4677246929224,2064.2820558277895,29.262345207217884
106,4,59904,2655.5845447999995,22.557745381257128,6105.574722659828,2.8728083115076728e-05,1.0,0.34809144626680344,4.781813292486246,-4.781813292486246,6.298463463720765,1.7441545110411942,0.38448534013603775,0.5678809736653945,0.2255344148352282,0.0,0.4335895249384555,11.000436752610916,0.22187981287467196,3.2879391309487307,18.0,12.0,20.0,11.0,294.4677246929224,2064.2820558277895,29.262345207217884
107,4,60416,2688.0429473,22.475831370434296,6105.046693867796,2.7609529541523084e-05,1.0,0.36219378475683883,4.629347545572756,-4.629347545572756,6.298463463720765,1.7769572841904684,0.3823771452475376,0.6116820592797055,0.24313363472994767,0.0,0.4643765292375642,12.394652277981518,5.255378546640627,3.32167957594408,21.0,13.5,22.0,10.0,246.37641912742174,2004.1308007257117,34.38356654786881
108,4,60928,2723.830106,22.36850230335181,6111.450742033613,2.7631650335642015e-05,1.0,0.3619038268988593,4.629347545572756,-4.629347545572756,6.298463463720765,1.7769572841904684,0.3823771452475376,0.6116820592797055,0.24313363472994767,0.0,0.4643765292375642,12.394652277981518,5.255378546640627,3.32167957594408,21.0,13.5,22.0,10.0,246.37641912742174,2004.1308007257117,34.38356654786881
109,4,61440,2756.7880957,22.286805466054233,6110.8802788016665,2.7243991243846292e-05,1.0,0.3670534141086517,4.51312790586888,-4.51312790586888,6.298463463720765,1.8239005854358503,0.38478100830861384,0.5106237162553795,0.1925567333219905,0.0,0.5588943464230165,11.354043053892806,1.4393313381836936,2.9644789638979416,20.0,11.0,17.0,10.0,258.3416351398584,1893.5127859244476,27.465930942484494
110,4,61952,2800.7700738999997,22.119630803443084,6133.917930442149,2.787166893846117e-05,1.0,0.35878726968518976,4.51312790586888,-4.51312790586888,6.298463463720765,1.8239005854358503,0.38478100830861384,0.5106237162553795,0.1925567333219905,0.0,0.5588943464230165,11.354043053892806,1.4393313381836936,2.9644789638979416,20.0,11.0,17.0,10.0,258.3416351398584,1893.5127859244476,27.465930942484494
111,5,62976,2867.5032913,21.961962586431575,6131.328175706504,nan,0.994140625,0.31946939154216747,6.649920624499739,-6.649920624499739,6.298463463720765,1.7408003787394533,0.38853885646255537,0.4255618475152809,0.1337753275529988,0.0,0.4174584011222383,11.850562739849536,6.9628557320937325,3.2585688741328194,17.0,10.0,13.0,6.5,400.72369228835976,2713.3869291446726,25.473292319691303
112,5,63488,2895.3447326,21.927613415134925,6117.583225332258,nan,0.994140625,0.3364186213887375,5.332534705327836,-5.332534705327836,6.298463463720765,1.6331974092814134,0.3371328538118177,0.5162437909987286,0.09360136509485775,0.0,0.3962187244361772,11.018878276890742,5.435123084270048,3.3150041926328275,16.0,12.0,14.0,6.0,376.23549025856306,2733.5273397379374,26.056794043156756
113,5,64000,2913.18194,21.969105026100774,6082.72389072,nan,0.99609375,0.3512501567477718,5.332534705327836,-5.332534705327836,6.298463463720765,1.6331974092814134,0.3371328538118177,0.5162437909987286,0.09360136509485775,0.0,0.3962187244361772,11.018878276890742,5.435123084270048,3.3150041926328275,16.0,12.0,14.0,6.0,376.23549025856306,2733.5273397379374,26.056794043156756
114,5,64512,2932.0061622,22.002682269806044,6050.171445809523,nan,0.998046875,0.35996647460643894,5.332534705327836,-5.332534705327836,6.298463463720765,1.6331974092814134,0.3371328538118177,0.5162437909987286,0.09360136509485775,0.0,0.3962187244361772,11.018878276890742,5.435123084270048,3.3150041926328275,16.0,12.0,14.0,6.0,376.23549025856306,2733.5273397379374,26.056794043156756
115,5,65024,2951.4719124,22.03104143624579,6019.143506390551,nan,0.998046875,0.37259041235240387,5.332534705327836,-5.332534705327836,6.298463463720765,1.6331974092814134,0.3371328538118177,0.5162437909987286,0.09360136509485775,0.0,0.3962187244361772,11.018878276890742,5.435123084270048,3.3150041926328275,16.0,12.0,14.0,6.0,376.23549025856306,2733.5273397379374,26.056794043156756
116,5,65536,2970.4030837999994,22.06299890995286,5987.218715784374,nan,0.998046875,0.37827647655725216,5.332534705327836,-5.332534705327836,6.298463463720765,1.6331974092814134,0.3371328538118177,0.5162437909987286,0.09360136509485775,0.0,0.3962187244361772,11.018878276890742,5.435123084270048,3.3150041926328275,16.0,12.0,14.0,6.0,376.23549025856306,2733.5273397379374,26.056794043156756
117,5,66048,2987.2094211999997,22.110267707132394,5951.262180220154,nan,0.998046875,0.3805589402780232,5.332534705327836,-5.332534705327836,6.298463463720765,1.6331974092814134,0.3371328538118177,0.5162437909987286,0.09360136509485775,0.0,0.3962187244361772,11.018878276890742,5.435123084270048,3.3150041926328275,16.0,12.0,14.0,6.0,376.23549025856306,2733.5273397379374,26.056794043156756
118,5,66560,3006.6304385,22.137739027616114,5920.7491712,nan,0.998046875,0.3882349413083663,5.332534705327836,-5.332534705327836,6.298463463720765,1.6331974092814134,0.3371328538118177,0.5162437909987286,0.09360136509485775,0.0,0.3962187244361772,11.018878276890742,5.435123084270048,3.3150041926328275,16.0,12.0,14.0,6.0,376.23549025856306,2733.5273397379374,26.056794043156756
119,5,67072,3025.4355536,22.169369934253027,5889.2066119694655,nan,0.998046875,0.3915735033175502,5.332534705327836,-5.332534705327836,6.298463463720765,1.6331974092814134,0.3371328538118177,0.5162437909987286,0.09360136509485775,0.0,0.3962187244361772,11.018878276890742,5.435123084270048,3.3150041926328275,16.0,12.0,14.0,6.0,376.23549025856306,2733.5273397379374,26.056794043156756
120,5,67584,3045.8798302,22.188662641875226,5861.011188415152,nan,0.998046875,0.39089684398105456,5.231113064682319,-5.231113064682319,6.298463463720765,1.7568379710978559,0.3872743310693094,0.7547630416734293,0.23553586048521094,0.0,0.3773194404505207,11.497131982684188,6.983005466630708,3.3136897868914676,15.0,10.0,14.0,10.0,394.44795735038605,2582.3617339577404,25.357507109124214
121,0,68608,3148.7368876999994,21.78905461043931,5921.505191794028,2.420771136569604e-05,1.0,0.41309150827742724,-6.298463463720765,6.298463463720765,6.298463463720765,1.7745978623458163,0.3693996138650905,0.7685520713800689,0.1815408257924882,0.0,0.4177078083099902,11.625125404455845,6.200901015619245,3.2700779376719047,21.0,13.5,20.0,11.0,247.94528080674274,2516.8205643290385,28.42458620349012
122,0,69120,3180.2929062,21.7338471765447,5912.989033008888,2.443595270886302e-05,1.0,0.40923307223347816,-6.298463463720765,6.298463463720765,6.298463463720765,1.7745978623458163,0.3693996138650905,0.7685520713800689,0.1815408257924882,0.0,0.4177078083099902,11.625125404455845,6.200901015619245,3.2700779376719047,21.0,13.5,20.0,11.0,247.94528080674274,2516.8205643290385,28.42458620349012
123,0,69632,3229.4454800999997,21.561596388319845,5936.480661948529,2.2740401998474784e-05,1.0,0.4397459640630233,-6.306038873652623,6.306038873652623,6.306038873652623,1.801283840208164,0.37079245291972546,0.7787758933184448,0.22719558850247815,0.0,0.39837578993342077,11.595073983306559,4.683430544478821,3.3341154758048965,21.0,13.5,18.0,12.0,236.19836241813462,2325.0905572294264,31.08213142750669
124,0,70144,3270.800775,21.445512834697183,5944.74009470803,2.17772670788787e-05,1.0,0.459194441790117,-6.306038873652623,6.306038873652623,6.306038873652623,1.801283840208164,0.37079245291972546,0.7787758933184448,0.22719558850247815,0.0,0.39837578993342077,11.595073983306559,4.683430544478821,3.3341154758048965,21.0,13.5,18.0,12.0,236.19836241813462,2325.0905572294264,31.08213142750669
125,0,70656,3308.238589,21.35758897043686,5945.240362840579,2.226312101464083e-05,1.0,0.4491733209114627,-6.306038873652623,6.306038873652623,6.306038873652623,1.801283840208164,0.37079245291972546,0.7787758933184448,0.22719558850247815,0.0,0.39837578993342077,11.595073983306559,4.683430544478821,3.3341154758048965,21.0,13.5,18.0,12.0,236.19836241813462,2325.0905572294264,31.08213142750669
126,0,71168,3350.4196325999997,21.24151831834034,5953.623375915107,2.221409521430661e-05,1.0,0.45016463211878494,-6.306038873652623,6.306038873652623,6.306038873652623,1.801283840208164,0.37079245291972546,0.7787758933184448,0.22719558850247815,0.0,0.39837578993342077,11.595073983306559,4.683430544478821,3.3341154758048965,21.0,13.5,18.0,12.0,236.19836241813462,2325.0905572294264,31.08213142750669
127,0,71680,3393.9998150999995,21.11962401444269,5963.742532247143,2.0980835854507928e-05,1.0,0.47662543424605286,-6.306038873652623,6.306038873652623,6.306038873652623,1.801283840208164,0.37079245291972546,0.7787758933184448,0.22719558850247815,0.0,0.39837578993342077,11.595073983306559,4.683430544478821,3.3341154758048965,21.0,13.5,18.0,12.0,236.19836241813462,2325.0905572294264,31.08213142750669
128,0,72192,3441.9725808999997,20.974019491207972,5980.732498726949,2.0706274155771755e-05,1.0,0.48294540701870087,-6.306038873652623,6.306038873652623,6.306038873652623,1.801283840208164,0.37079245291972546,0.7787758933184448,0.22719558850247815,0.0,0.39837578993342077,11.595073983306559,4.683430544478821,3.3341154758048965,21.0,13.5,18.0,12.0,236.19836241813462,2325.0905572294264,31.08213142750669
129,0,72704,3501.8332287999997,20.76169687410101,6017.23456216338,1.7552127716809026e-05,1.0,0.5697314970209204,-6.347578641949436,6.347578641949436,6.347578641949436,1.8181358877172211,0.3678815574437203,0.5017992365691932,0.16844119356784218,0.0,0.48127717085582833,11.736062415768558,5.819825081925542,3.3454294387821615,22.0,13.0,20.0,11.0,239.56678475463065,2092.4338737377198,23.534911203109097
130,0,73216,3563.3616654,20.546889952519383,6055.2229698755245,1.6698201262378496e-05,1.0,0.5988668984682961,-6.347578641949436,6.347578641949436,6.347578641949436,1.8181358877172211,0.3678815574437203,0.5017992365691932,0.16844119356784218,0.0,0.48127717085582833,11.736062415768558,5.819825081925542,3.3454294387821615,22.0,13.0,20.0,11.0,239.56678475463065,2092.4338737377198,23.534911203109097
131,1,74240,3657.9505388000002,20.295517725713868,6079.766067936553,2.592523546063617e-05,1.0,0.3857245584204468,3.7547690921333094,-3.7547690921333094,6.347578641949436,1.79959553959073,0.36148321069071593,0.8991139674559236,0.13149912662282837,0.0,0.33555316797031465,11.816449840539981,9.84732556630289,3.364216930051141,24.0,12.0,20.0,11.0,235.1881269032561,2301.9253760655433,23.044108041116775
132,1,74752,3688.8425162999997,20.264351126319728,6063.850711726027,2.5777355864069726e-05,1.0,0.38793738398664435,3.7547690921333094,-3.7547690921333094,6.347578641949436,1.79959553959073,0.36148321069071593,0.8991139674559236,0.13149912662282837,0.0,0.33555316797031465,11.816449840539981,9.84732556630289,3.364216930051141,24.0,12.0,20.0,11.0,235.1881269032561,2301.9253760655433,23.044108041116775
133,1,75264,3716.4599487,20.251529961012224,6042.407671695918,2.5562844228006188e-05,1.0,0.3911927761561124,3.7547690921333094,-3.7547690921333094,6.347578641949436,1.79959553959073,0.36148321069071593,0.8991139674559236,0.13149912662282837,0.0,0.33555316797031465,11.816449840539981,9.84732556630289,3.364216930051141,24.0,12.0,20.0,11.0,235.1881269032561,2301.9253760655433,23.044108041116775
134,1,75776,3745.5502363,20.23093943998318,6023.24970432027,2.5241003051145922e-05,1.0,0.39618076903429567,3.7547690921333094,-3.7547690921333094,6.347578641949436,1.79959553959073,0.36148321069071593,0.8991139674559236,0.13149912662282837,0.0,0.33555316797031465,11.816449840539981,9.84732556630289,3.364216930051141,24.0,12.0,20.0,11.0,235.1881269032561,2301.9253760655433,23.044108041116775
135,1,76288,3770.7866318,20.231322386857943,5997.828400916778,2.5443716884892232e-05,1.0,0.3930243385917297,3.7547690921333094,-3.7547690921333094,6.347578641949436,1.79959553959073,0.36148321069071593,0.8991139674559236,0.13149912662282837,0.0,0.33555316797031465,11.816449840539981,9.84732556630289,3.364216930051141,24.0,12.0,20.0,11.0,235.1881269032561,2301.9253760655433,23.044108041116775
136,1,76800,3801.6426312,20.201793658800025,5981.251073088,2.4962596506648993e-05,1.0,0.40059935260886875,3.7547690921333094,-3.7547690921333094,6.347578641949436,1.79959553959073,0.36148321069071593,0.8991139674559236,0.13149912662282837,0.0,0.33555316797031465,11.816449840539981,9.84732556630289,3.364216930051141,24.0,12.0,20.0,11.0,235.1881269032561,2301.9253760655433,23.044108041116775
137,1,77312,3839.1494814000002,20.137793637513454,5974.8352856225165,2.491991922401667e-05,1.0,0.4012854098805608,3.7547690921333094,-3.7547690921333094,6.347578641949436,1.79959553959073,0.36148321069071593,0.8991139674559236,0.13149912662282837,0.0,0.33555316797031465,11.816449840539981,9.84732556630289,3.364216930051141,24.0,12.0,20.0,11.0,235.1881269032561,2301.9253760655433,23.044108041116775
138,1,77824,3867.9455301000003,20.120241971966955,5954.600355548685,2.4744040741808994e-05,1.0,0.4041377115542574,3.7547690921333094,-3.7547690921333094,6.347578641949436,1.79959553959073,0.36148321069071593,0.8991139674559236,0.13149912662282837,0.0,0.33555316797031465,11.816449840539981,9.84732556630289,3.364216930051141,24.0,12.0,20.0,11.0,235.1881269032561,2301.9253760655433,23.044108041116775
139,1,78336,3900.6241416,20.08293984661319,5940.166176423529,2.3967825615621777e-05,1.0,0.4172259995701147,3.7547690921333094,-3.7547690921333094,6.347578641949436,1.79959553959073,0.36148321069071593,0.8991139674559236,0.13149912662282837,0.0,0.33555316797031465,11.816449840539981,9.84732556630289,3.364216930051141,24.0,12.0,20.0,11.0,235.1881269032561,2301.9253760655433,23.044108041116775
140,1,78848,3934.7083055,20.039096644034572,5927.612512181818,2.3923621868411205e-05,1.0,0.4179969092892249,3.7547690921333094,-3.7547690921333094,6.347578641949436,1.79959553959073,0.36148321069071593,0.8991139674559236,0.13149912662282837,0.0,0.33555316797031465,11.816449840539981,9.84732556630289,3.364216930051141,24.0,12.0,20.0,11.0,235.1881269032561,2301.9253760655433,23.044108041116775
141,2,79872,4026.4200182,19.836976678778424,5936.388488371796,2.6129390689926882e-05,1.0,0.3827107994468117,3.8095585022310923,-3.8095585022310923,6.347578641949436,1.7813671862241887,0.3735809852503788,0.5922735697965715,0.09851651996740257,0.0,0.35060520523404426,11.268457705687613,5.826031914806653,2.9742108961904203,20.0,15.0,20.0,12.0,248.0495529804572,2349.5906287509824,10.17321681898604
142,2,80384,4057.3249745999997,19.812068420258804,5918.009039384712,2.6675343722694836e-05,1.0,0.37487801859108566,3.8095585022310923,-3.8095585022310923,6.347578641949436,1.7813671862241887,0.3735809852503788,0.5922735697965715,0.09851651996740257,0.0,0.35060520523404426,11.268457705687613,5.826031914806653,2.9742108961904203,20.0,15.0,20.0,12.0,248.0495529804572,2349.5906287509824,10.17321681898604
143,2,80896,4084.7649592000002,19.80432186625579,5894.470953782278,2.7299057332536753e-05,1.0,0.36631301506815617,3.8095585022310923,-3.8095585022310923,6.347578641949436,1.7813671862241887,0.3735809852503788,0.5922735697965715,0.09851651996740257,0.0,0.35060520523404426,11.268457705687613,5.826031914806653,2.9742108961904203,20.0,15.0,20.0,12.0,248.0495529804572,2349.5906287509824,10.17321681898604
144,2,81408,4116.6138954,19.77547617253277,5877.17832865283,2.6380870727353343e-05,1.0,0.37906254510513054,-6.1691633176544105,6.1691633176544105,6.347578641949436,1.7267628733420883,0.39023255572991056,0.5365925548442549,0.22588330854099714,0.0,0.335771677016192,11.112795002294817,3.9682988426219916,3.0839048140764973,21.0,13.5,16.0,10.0,247.78211557057423,2376.1028923263816,4.23469403216207
145,2,81920,4156.8443136000005,19.70725719315041,5871.5425929600015,2.5332315761780056e-05,1.0,0.3947526982545915,-6.1935176764770565,6.1935176764770565,6.347578641949436,1.805630824862577,0.3798047710161016,0.5261258899267216,0.21595212811197798,0.0,0.37486322278428125,11.733968698651164,2.7527336094382218,3.3189822623685954,20.0,12.0,16.0,8.0,279.57470615491343,2593.234839069314,19.849046878303586
146,2,82432,4189.5078455,19.67581946135778,5854.9022685559,2.4650253131042504e-05,1.0,0.4056753473012744,-6.1935176764770565,6.1935176764770565,6.347578641949436,1.805630824862577,0.3798047710161016,0.5261258899267216,0.21595212811197798,0.0,0.37486322278428125,11.733968698651164,2.7527336094382218,3.3189822623685954,20.0,12.0,16.0,8.0,279.57470615491343,2593.234839069314,19.849046878303586
147,2,82944,4217.531976300001,19.66647804120882,5831.649152414816,2.4608289300241067e-05,1.0,0.4063671341795398,-6.1935176764770565,6.1935176764770565,6.347578641949436,1.805630824862577,0.3798047710161016,0.5261258899267216,0.21595212811197798,0.0,0.37486322278428125,11.733968698651164,2.7527336094382218,3.3189822623685954,20.0,12.0,16.0,8.0,279.57470615491343,2593.234839069314,19.849046878303586
148,2,83456,4261.0131865,19.585952060512355,5829.4842980950925,2.389670469389846e-05,1.0,0.4184677397194975,-6.1935176764770565,6.1935176764770565,6.347578641949436,1.805630824862577,0.3798047710161016,0.5261258899267216,0.21595212811197798,0.0,0.37486322278428125,11.733968698651164,2.7527336094382218,3.3189822623685954,20.0,12.0,16.0,8.0,279.57470615491343,2593.234839069314,19.849046878303586
149,2,83968,4301.3368157,19.521372912140812,5822.54129930122,2.3390035087155306e-05,1.0,0.42753249247973635,-6.1935176764770565,6.1935176764770565,6.347578641949436,1.805630824862577,0.3798047710161016,0.5261258899267216,0.21595212811197798,0.0,0.37486322278428125,11.733968698651164,2.7527336094382218,3.3189822623685954,20.0,12.0,16.0,8.0,279.57470615491343,2593.234839069314,19.849046878303586
150,2,84480,4347.726990499999,19.43084287136543,5823.319181215151,2.2542629306949198e-05,1.0,0.4436039764410846,-6.241944096901075,6.241944096901075,6.347578641949436,1.7862655017925215,0.37884311594106446,0.39971918642668963,0.28828193942386005,0.0,0.3535677348848087,11.21271218136797,4.883553436337662,3.1735687768549212,21.0,13.5,18.0,8.0,254.0635475129762,2279.221475736833,21.777659072896284
151,3,85504,4448.9641051,19.218855890966584,5834.270293514371,2.6010173216827912e-05,1.0,0.38446495210305837,-6.210033795941259,6.210033795941259,6.347578641949436,1.7778175491723212,0.396950305623069,0.5672528038911938,0.2472481623859094,0.0,0.524960828212548,11.203685991482178,4.022872866406988,3.2515170939178524,22.0,13.0,16.0,12.0,238.02978807496527,2791.9840329739454,18.0294672248708
152,3,86016,4482.9146390999995,19.187516810997938,5817.115424546429,2.6283273304493334e-05,1.0,0.38047011436320666,-6.210033795941259,6.210033795941259,6.347578641949436,1.7778175491723212,0.396950305623069,0.5672528038911938,0.2472481623859094,0.0,0.524960828212548,11.203685991482178,4.022872866406988,3.2515170939178524,22.0,13.0,16.0,12.0,238.02978807496527,2791.9840329739454,18.0294672248708
153,3,86528,4507.4213475,19.196785330040637,5787.635694718935,2.6353539668680315e-05,1.0,0.37945566803249686,-6.210033795941259,6.210033795941259,6.347578641949436,1.7778175491723212,0.396950305623069,0.5672528038911938,0.2472481623859094,0.0,0.524960828212548,11.203685991482178,4.022872866406988,3.2515170939178524,22.0,13.0,16.0,12.0,238.02978807496527,2791.9840329739454,18.0294672248708
154,3,87040,4536.119397500001,19.188207446208427,5763.539940352943,2.6378973150319148e-05,1.0,0.379089813049793,-6.210033795941259,6.210033795941259,6.347578641949436,1.7778175491723212,0.396950305623069,0.5672528038911938,0.2472481623859094,0.0,0.524960828212548,11.203685991482178,4.022872866406988,3.2515170939178524,22.0,13.0,16.0,12.0,238.02978807496527,2791.9840329739454,18.0294672248708
155,3,87552,4567.7098004,19.167592475409222,5743.026942023392,2.5946646465203308e-05,1.0,0.3854062610137637,-6.210033795941259,6.210033795941259,6.347578641949436,1.7778175491723212,0.396950305623069,0.5672528038911938,0.2472481623859094,0.0,0.524960828212548,11.203685991482178,4.022872866406988,3.2515170939178524,22.0,13.0,16.0,12.0,238.02978807496527,2791.9840329739454,18.0294672248708
156,3,88064,4602.4544035,19.13413850075962,5726.309548540698,2.584000359236135e-05,1.0,0.38699685022319924,-6.210033795941259,6.210033795941259,6.347578641949436,1.7778175491723212,0.396950305623069,0.5672528038911938,0.2472481623859094,0.0,0.524960828212548,11.203685991482178,4.022872866406988,3.2515170939178524,22.0,13.0,16.0,12.0,238.02978807496527,2791.9840329739454,18.0294672248708
157,3,88576,4642.71012,19.078511841269126,5716.169107283236,2.4876638295844426e-05,1.0,0.40198357515494637,-6.210033795941259,6.210033795941259,6.347578641949436,1.7778175491723212,0.396950305623069,0.5672528038911938,0.2472481623859094,0.0,0.524960828212548,11.203685991482178,4.022872866406988,3.2515170939178524,22.0,13.0,16.0,12.0,238.02978807496527,2791.9840329739454,18.0294672248708
158,3,89088,4679.6503562,19.03731971812138,5701.642962726436,2.3862021932034655e-05,1.0,0.41907597053102363,-6.221564126777132,6.221564126777132,6.347578641949436,1.7796807296755697,0.393426009933571,0.6981545450175703,0.1929918486767966,0.0,0.48540306349426837,11.074428475672189,4.099271402191473,3.34231305268077,20.0,15.0,16.0,12.0,265.36733102490587,2628.39518882842,9.74457872928669
159,3,89600,4712.088828800001,19.014921673880647,5681.432816438858,2.3272582688523713e-05,1.0,0.4296901694942196,-6.258866314192863,6.258866314192863,6.347578641949436,1.7935854844254433,0.3278875914222884,0.4269724691720217,0.1893849010075858,0.0,0.4152348906079378,11.189289117329992,5.866256701081798,3.37784426412943,20.0,13.0,19.0,12.0,265.9321331882587,2372.8303156569973,27.77714532966314
160,3,90112,4740.0208588000005,19.010886805003018,5655.7067065227275,2.3060725330568437e-05,1.0,0.43363770465382406,-6.258866314192863,6.258866314192863,6.347578641949436,1.7935854844254433,0.3278875914222884,0.4269724691720217,0.1893849010075858,0.0,0.4152348906079378,11.189289117329992,5.866256701081798,3.37784426412943,20.0,13.0,19.0,12.0,265.9321331882587,2372.8303156569973,27.77714532966314
161,4,91136,4840.9484137,18.826063037995393,5656.838595784269,2.7809179180787613e-05,1.0,0.3595934973481218,4.51312790586888,-4.51312790586888,6.347578641949436,1.8239005854358503,0.38478100830861384,0.5106237162553795,0.1925567333219905,0.0,0.5588943464230165,11.354043053892806,1.4393313381836936,2.9644789638979416,20.0,11.0,17.0,10.0,258.3416351398584,1893.5127859244476,27.465930942484494
162,4,91648,4873.5648162,18.80512591016682,5635.910150577653,2.793658061274169e-05,1.0,0.3579536142457986,4.51312790586888,-4.51312790586888,6.347578641949436,1.8239005854358503,0.38478100830861384,0.5106237162553795,0.1925567333219905,0.0,0.5588943464230165,11.354043053892806,1.4393313381836936,2.9644789638979416,20.0,11.0,17.0,10.0,258.3416351398584,1893.5127859244476,27.465930942484494
163,4,92160,4914.5564412,18.752455303473337,5624.436816040001,2.846125067820351e-05,1.0,0.3513549040084278,4.51312790586888,-4.51312790586888,6.347578641949436,1.8239005854358503,0.38478100830861384,0.5106237162553795,0.1925567333219905,0.0,0.5588943464230165,11.354043053892806,1.4393313381836936,2.9644789638979416,20.0,11.0,17.0,10.0,258.3416351398584,1893.5127859244476,27.465930942484494
164,4,92672,4952.4220231,18.712460199825898,5609.096766494475,2.857031922778594e-05,1.0,0.3500135899872809,4.51312790586888,-4.51312790586888,6.347578641949436,1.8239005854358503,0.38478100830861384,0.5106237162553795,0.1925567333219905,0.0,0.5588943464230165,11.354043053892806,1.4393313381836936,2.9644789638979416,20.0,11.0,17.0,10.0,258.3416351398584,1893.5127859244476,27.465930942484494
165,4,93184,4986.649516199999,18.686695284534345,5589.431325850549,2.903651145554965e-05,1.0,0.34439398876509075,4.51312790586888,-4.51312790586888,6.347578641949436,1.8239005854358503,0.38478100830861384,0.5106237162553795,0.1925567333219905,0.0,0.5588943464230165,11.354043053892806,1.4393313381836936,2.9644789638979416,20.0,11.0,17.0,10.0,258.3416351398584,1893.5127859244476,27.465930942484494
166,4,93696,5028.5520376,18.632799123765,5578.120566299454,2.9587061803527844e-05,1.0,0.3379855717477034,4.51312790586888,-4.51312790586888,6.347578641949436,1.8239005854358503,0.38478100830861384,0.5106237162553795,0.1925567333219905,0.0,0.5588943464230165,11.354043053892806,1.4393313381836936,2.9644789638979416,20.0,11.0,17.0,10.0,258.3416351398584,1893.5127859244476,27.465930942484494
167,4,94208,5086.883416500001,18.519787517524676,5584.5133159402185,3.1541179202892144e-05,1.0,0.3170458509389862,4.51312790586888,-4.51312790586888,6.347578641949436,1.8239005854358503,0.38478100830861384,0.5106237162553795,0.1925567333219905,0.0,0.5588943464230165,11.354043053892806,1.4393313381836936,2.9644789638979416,20.0,11.0,17.0,10.0,258.3416351398584,1893.5127859244476,27.465930942484494
168,4,94720,5123.2784438,18.488161640838907,5566.372795696216,3.248137227893117e-05,1.0,0.3078687659537842,4.51312790586888,-4.51312790586888,6.347578641949436,1.8239005854358503,0.38478100830861384,0.5106237162553795,0.1925567333219905,0.0,0.5588943464230165,11.354043053892806,1.4393313381836936,2.9644789638979416,20.0,11.0,17.0,10.0,258.3416351398584,1893.5127859244476,27.465930942484494
169,4,95232,5171.4170689,18.415068583949385,5560.663514946236,3.25141080563798e-05,1.0,0.30755879825028226,4.51312790586888,-4.51312790586888,6.347578641949436,1.8239005854358503,0.38478100830861384,0.5106237162553795,0.1925567333219905,0.0,0.5588943464230165,11.354043053892806,1.4393313381836936,2.9644789638979416,20.0,11.0,17.0,10.0,258.3416351398584,1893.5127859244476,27.465930942484494
170,4,95744,5224.5342777999995,18.32584397174572,5559.798509530481,3.12475215846844e-05,1.0,0.3200253809857795,-6.051285979681378,6.051285979681378,6.347578641949436,1.8094673138761332,0.35716352447124317,0.5401358927719314,0.16885567557751552,0.0,0.5746113972120759,11.112692651118532,1.7820242652159468,3.1142857579347334,18.0,12.0,17.0,12.0,301.8833117831957,1913.854714816397,21.47206714189975
171,5,96768,5297.468746099999,18.266837359114326,5521.7002274164015,2.4872626377722943e-05,1.0,0.4020484145155033,4.714299834491685,-4.714299834491685,6.347578641949436,1.809297133249976,0.3617748910866888,0.382016725474319,0.185410798197033,0.0,0.3553416405686753,11.523478257267339,5.0137982175963876,3.1295744472175313,16.0,10.0,13.0,10.0,351.4774809315104,2109.827051072075,25.903414391759362
172,5,97280,5320.15122,18.285194532496767,5488.155995368421,2.425838473599994e-05,1.0,0.412228600907619,4.245963307766145,-4.245963307766145,6.347578641949436,1.73030763544454,0.3829969670726902,0.4106478355760874,0.14849051347700232,0.0,0.4230709586763207,11.741416712893542,7.67122774873085,3.332598295079063,17.0,12.0,22.0,10.0,322.753901335063,2292.5461117237887,28.70867644024017
173,5,97792,5343.825013,18.30000042331102,5455.737578717277,2.4309083635762965e-05,1.0,0.4113688590584396,4.245963307766145,-4.245963307766145,6.347578641949436,1.73030763544454,0.3829969670726902,0.4106478355760874,0.14849051347700232,0.0,0.4230709586763207,11.741416712893542,7.67122774873085,3.332598295079063,17.0,12.0,22.0,10.0,322.753901335063,2292.5461117237887,28.70867644024017
174,5,98304,5377.822650599999,18.279516895008115,5433.841636543749,2.450738468496282e-05,1.0,0.40804027555562755,4.245963307766145,-4.245963307766145,6.347578641949436,1.73030763544454,0.3829969670726902,0.4106478355760874,0.14849051347700232,0.0,0.4230709586763207,11.741416712893542,7.67122774873085,3.332598295079063,17.0,12.0,22.0,10.0,322.753901335063,2292.5461117237887,28.70867644024017
175,5,98816,5400.4843483,18.297618070332145,5400.4843483,2.4973669382950216e-05,1.0,0.4004217340535108,4.245963307766145,-4.245963307766145,6.347578641949436,1.73030763544454,0.3829969670726902,0.4106478355760874,0.14849051347700232,0.0,0.4230709586763207,11.741416712893542,7.67122774873085,3.332598295079063,17.0,12.0,22.0,10.0,322.753901335063,2292.5461117237887,28.70867644024017
176,5,99328,5427.9253456999995,18.299441070737572,5371.96735244536,2.527958325981261e-05,1.0,0.395576141316268,4.245963307766145,-4.245963307766145,6.347578641949436,1.73030763544454,0.3829969670726902,0.4106478355760874,0.14849051347700232,0.0,0.4230709586763207,11.741416712893542,7.67122774873085,3.332598295079063,17.0,12.0,22.0,10.0,322.753901335063,2292.5461117237887,28.70867644024017
177,5,99840,5460.476680399999,18.284118007200494,5348.466902340512,2.6014511610301363e-05,1.0,0.3844008355721021,4.245963307766145,-4.245963307766145,6.347578641949436,1.73030763544454,0.3829969670726902,0.4106478355760874,0.14849051347700232,0.0,0.4230709586763207,11.741416712893542,7.67122774873085,3.332598295079063,17.0,12.0,22.0,10.0,322.753901335063,2292.5461117237887,28.70867644024017
178,5,100352,5488.877937699999,18.282789513452077,5320.851062056121,2.6561942417167513e-05,1.0,0.37647849102845715,4.245963307766145,-4.245963307766145,6.347578641949436,1.73030763544454,0.3829969670726902,0.4106478355760874,0.14849051347700232,0.0,0.4230709586763207,11.741416712893542,7.67122774873085,3.332598295079063,17.0,12.0,22.0,10.0,322.753901335063,2292.5461117237887,28.70867644024017
179,5,100864,5516.5148797,18.28400760254728,5292.493970879696,2.6505093074132512e-05,1.0,0.3772859794165158,4.245963307766145,-4.245963307766145,6.347578641949436,1.73030763544454,0.3829969670726902,0.4106478355760874,0.14849051347700232,0.0,0.4230709586763207,11.741416712893542,7.67122774873085,3.332598295079063,17.0,12.0,22.0,10.0,322.753901335063,2292.5461117237887,28.70867644024017
180,5,101376,5541.174229,18.2950392480792,5261.316944707071,2.6184724394177298e-05,1.0,0.3819020528710891,4.245963307766145,-4.245963307766145,6.347578641949436,1.73030763544454,0.3829969670726902,0.4106478355760874,0.14849051347700232,0.0,0.4230709586763207,11.741416712893542,7.67122774873085,3.332598295079063,17.0,12.0,22.0,10.0,322.753901335063,2292.5461117237887,28.70867644024017
181,0,102400,5674.949834999999,18.044212367914263,5277.70334655,1.6616440420094232e-05,1.0,0.6018136103269757,-6.347578641949436,6.347578641949436,6.347578641949436,1.8181358877172211,0.3678815574437203,0.5017992365691932,0.16844119356784218,0.0,0.48127717085582833,11.736062415768558,5.819825081925542,3.3454294387821615,22.0,13.0,20.0,11.0,239.56678475463065,2092.4338737377198,23.534911203109097
182,0,102912,5730.8011556,17.95769861940453,5274.617979034826,1.5974602103587366e-05,1.0,0.6259936826692121,-6.347578641949436,6.347578641949436,6.347578641949436,1.8181358877172211,0.3678815574437203,0.5017992365691932,0.16844119356784218,0.0,0.48127717085582833,11.736062415768558,5.819825081925542,3.3454294387821615,22.0,13.0,20.0,11.0,239.56678475463065,2092.4338737377198,23.534911203109097
183,0,103424,5792.3261458,17.85534816180758,5276.178271421782,1.446242410642463e-05,1.0,0.6914470165176325,-6.347578641949436,6.347578641949436,6.347578641949436,1.8181358877172211,0.3678815574437203,0.5017992365691932,0.16844119356784218,0.0,0.48127717085582833,11.736062415768558,5.819825081925542,3.3454294387821615,22.0,13.0,20.0,11.0,239.56678475463065,2092.4338737377198,23.534911203109097
184,0,103936,5841.2746308999995,17.793376714422,5265.779593372906,1.412664963393878e-05,1.0,0.7078819294827946,-6.347578641949436,6.347578641949436,6.347578641949436,1.8181358877172211,0.3678815574437203,0.5017992365691932,0.16844119356784218,0.0,0.48127717085582833,11.736062415768558,5.819825081925542,3.3454294387821615,22.0,13.0,20.0,11.0,239.56678475463065,2092.4338737377198,23.534911203109097
185,0,104448,5896.494499299999,17.71357541542683,5260.598033689214,1.3619951795783682e-05,1.0,0.7342169891596598,-6.347578641949436,6.347578641949436,6.347578641949436,1.8181358877172211,0.3678815574437203,0.5017992365691932,0.16844119356784218,0.0,0.48127717085582833,11.736062415768558,5.819825081925542,3.3454294387821615,22.0,13.0,20.0,11.0,239.56678475463065,2092.4338737377198,23.534911203109097
186,0,104960,5963.7514145000005,17.59966046619665,5265.556126948781,1.2793251707193699e-05,1.0,0.7816621003694437,-6.362198196935985,6.362198196935985,6.362198196935985,1.8271049149874743,0.39219052966966966,0.577662030397433,0.16090540686265134,0.0,0.42291986614173066,11.687244085231253,5.717782932841736,3.36165141717827,20.0,15.0,20.0,10.0,243.7251315359061,2417.402343285058,24.344883231784106
187,0,105472,6010.944897199999,17.546658936955264,5252.281949009707,1.2386592214155288e-05,1.0,0.8073245511846339,-6.362198196935985,6.362198196935985,6.362198196935985,1.8271049149874743,0.39219052966966966,0.577662030397433,0.16090540686265134,0.0,0.42291986614173066,11.687244085231253,5.717782932841736,3.36165141717827,20.0,15.0,20.0,10.0,243.7251315359061,2417.402343285058,24.344883231784106
188,0,105984,6063.6398613,17.47861060753661,5243.437367984058,1.1933356579605399e-05,1.0,0.8379871944068454,-6.362198196935985,6.362198196935985,6.362198196935985,1.8271049149874743,0.39219052966966966,0.577662030397433,0.16090540686265134,0.0,0.42291986614173066,11.687244085231253,5.717782932841736,3.36165141717827,20.0,15.0,20.0,10.0,243.7251315359061,2417.402343285058,24.344883231784106
189,0,106496,6108.9323926,17.43283329326135,5227.836374436539,1.0599062962383745e-05,1.0,0.9434796298021975,-6.381559322504905,6.381559322504905,6.381559322504905,1.822367660662104,0.3990094370473991,0.7404410501201522,0.16475550911880843,0.0,0.3514187131220654,11.776100531023234,5.897291989185236,3.3457997988170076,21.0,13.5,17.0,10.0,243.76754082669487,2089.4118368392046,27.060602702268234
190,0,107008,6160.1425041,17.371026713875334,5216.962790553589,9.695859024318158e-06,1.0,1.0313681309638503,-6.409421577901195,6.409421577901195,6.409421577901195,1.7909488359425758,0.38651003959603547,0.6560413629949501,0.1998196773301849,0.0,0.3448645550966045,11.982406407656484,6.2401697262181886,3.311774651892664,21.0,13.5,19.0,10.0,250.43197681194945,2086.089092661247,31.74458519053466
191,1,108032,6248.3984024,17.289550544425126,5182.32094985782,2.4217522790630582e-05,1.0,0.4129241494455764,3.7547690921333094,-3.7547690921333094,6.409421577901195,1.79959553959073,0.36148321069071593,0.8991139674559236,0.13149912662282837,0.0,0.33555316797031465,11.816449840539981,9.84732556630289,3.364216930051141,24.0,12.0,20.0,11.0,235.1881269032561,2301.9253760655433,23.044108041116775
192,1,108544,6279.960493699999,17.284185164682228,5154.307197659433,2.443825277809242e-05,1.0,0.4091945562067538,3.7547690921333094,-3.7547690921333094,6.409421577901195,1.79959553959073,0.36148321069071593,0.8991139674559236,0.13149912662282837,0.0,0.33555316797031465,11.816449840539981,9.84732556630289,3.364216930051141,24.0,12.0,20.0,11.0,235.1881269032561,2301.9253760655433,23.044108041116775
193,1,109056,6311.116735199999,17.279984601099923,5125.930493847886,2.2756880678230656e-05,1.0,0.43942753584703925,-6.221549515490305,6.221549515490305,6.409421577901195,1.8254507684804193,0.3129743212176812,0.8321145746842974,0.11588385126638301,0.0,0.33366620849416256,11.074300607341655,5.491757698779857,3.3109286121269035,22.0,13.0,20.0,11.0,247.82386602542138,2567.3491817260992,19.565520859467647
194,1,109568,6336.784612699999,17.290788104176208,5093.1166046,2.2961388797710582e-05,1.0,0.43551372646052966,-6.221549515490305,6.221549515490305,6.409421577901195,1.8254507684804193,0.3129743212176812,0.8321145746842974,0.11588385126638301,0.0,0.33366620849416256,11.074300607341655,5.491757698779857,3.3109286121269035,22.0,13.0,20.0,11.0,247.82386602542138,2567.3491817260992,19.565520859467647
195,1,110080,6365.150322199999,17.294171296484453,5062.514907424185,2.293764205600169e-05,1.0,0.43596460244628643,-6.221549515490305,6.221549515490305,6.409421577901195,1.8254507684804193,0.3129743212176812,0.8321145746842974,0.11588385126638301,0.0,0.33366620849416256,11.074300607341655,5.491757698779857,3.3109286121269035,22.0,13.0,20.0,11.0,247.82386602542138,2567.3491817260992,19.565520859467647
196,1,110592,6392.4427746,17.30042863104397,5031.08922075,2.307546619534658e-05,1.0,0.4333606920590235,-6.221549515490305,6.221549515490305,6.409421577901195,1.8254507684804193,0.3129743212176812,0.8321145746842974,0.11588385126638301,0.0,0.33366620849416256,11.074300607341655,5.491757698779857,3.3109286121269035,22.0,13.0,20.0,11.0,247.82386602542138,2567.3491817260992,19.565520859467647
197,1,111104,6420.974145799999,17.303293468744748,5000.666500646082,2.335931086469276e-05,1.0,0.4280948208585572,-6.221549515490305,6.221549515490305,6.409421577901195,1.8254507684804193,0.3129743212176812,0.8321145746842974,0.11588385126638301,0.0,0.33366620849416256,11.074300607341655,5.491757698779857,3.3109286121269035,22.0,13.0,20.0,11.0,247.82386602542138,2567.3491817260992,19.565520859467647
198,1,111616,6448.0789769,17.309961680038366,4969.161780363303,2.351910762732303e-05,1.0,0.425186200023279,-6.221549515490305,6.221549515490305,6.409421577901195,1.8254507684804193,0.3129743212176812,0.8321145746842974,0.11588385126638301,0.0,0.33366620849416256,11.074300607341655,5.491757698779857,3.3109286121269035,22.0,13.0,20.0,11.0,247.82386602542138,2567.3491817260992,19.565520859467647
199,1,112128,6481.1539211,17.300622908361557,4942.249793715526,2.263029845250652e-05,1.0,0.4418854669984435,-6.2521136109168065,6.2521136109168065,6.409421577901195,1.6732618393188752,0.3775559160473065,0.8890290771969898,0.1378194383408071,0.0,0.3311101939926064,11.248653512209152,5.554812528505658,3.332592686880096,20.0,15.0,18.0,12.0,255.90178908005964,2496.5506757498442,24.674984145470795
200,1,112640,6504.6414699,17.316865275547876,4908.047654560909,2.248706031540865e-05,1.0,0.44470019023108,-6.2521136109168065,6.2521136109168065,6.409421577901195,1.6732618393188752,0.3775559160473065,0.8890290771969898,0.1378194383408071,0.0,0.3311101939926064,11.248653512209152,5.554812528505658,3.332592686880096,20.0,15.0,18.0,12.0,255.90178908005964,2496.5506757498442,24.674984145470795
201,2,113664,6600.1773410999995,17.221355446345708,4875.806684416216,2.2752902780834272e-05,1.0,0.4395043611061098,-6.241944096901075,6.241944096901075,6.409421577901195,1.7862655017925215,0.37884311594106446,0.39971918642668963,0.28828193942386005,0.0,0.3535677348848087,11.21271218136797,4.883553436337662,3.1735687768549212,21.0,13.5,18.0,8.0,254.0635475129762,2279.221475736833,21.777659072896284
202,2,114176,6640.1747607,17.194728168263406,4853.580654682062,2.099169375771492e-05,1.0,0.4763789008842972,-6.241944096901075,6.241944096901075,6.409421577901195,1.7862655017925215,0.37884311594106446,0.39971918642668963,0.28828193942386005,0.0,0.3535677348848087,11.21271218136797,4.883553436337662,3.1735687768549212,21.0,13.5,18.0,8.0,254.0635475129762,2279.221475736833,21.777659072896284
203,2,114688,6675.0550014,17.18158127175668,4827.495134941071,2.1207363021921777e-05,1.0,0.47153434350433504,-6.241944096901075,6.241944096901075,6.409421577901195,1.7862655017925215,0.37884311594106446,0.39971918642668963,0.28828193942386005,0.0,0.3535677348848087,11.21271218136797,4.883553436337662,3.1735687768549212,21.0,13.5,18.0,8.0,254.0635475129762,2279.221475736833,21.777659072896284
204,2,115200,6706.284301599999,17.177917728974798,4798.718989144889,1.9169968764951406e-05,1.0,0.5216492589327046,-6.241944096901075,6.241944096901075,6.409421577901195,1.7862655017925215,0.37884311594106446,0.39971918642668963,0.28828193942386005,0.0,0.3535677348848087,11.21271218136797,4.883553436337662,3.1735687768549212,21.0,13.5,18.0,8.0,254.0635475129762,2279.221475736833,21.777659072896284
205,2,115712,6745.940214999999,17.15283508482739,4775.886877876105,1.7657711952507972e-05,1.0,0.5663247892419986,-6.241944096901075,6.241944096901075,6.409421577901195,1.7862655017925215,0.37884311594106446,0.39971918642668963,0.28828193942386005,0.0,0.3535677348848087,11.21271218136797,4.883553436337662,3.1735687768549212,21.0,13.5,18.0,8.0,254.0635475129762,2279.221475736833,21.777659072896284
206,2,116224,6776.3724336999985,17.15135954186922,4746.44588968414,1.7453501187539275e-05,1.0,0.5729509450596297,-6.241944096901075,6.241944096901075,6.409421577901195,1.7862655017925215,0.37884311594106446,0.39971918642668963,0.28828193942386005,0.0,0.3535677348848087,11.21271218136797,4.883553436337662,3.1735687768549212,21.0,13.5,18.0,8.0,254.0635475129762,2279.221475736833,21.777659072896284
207,2,116736,6809.639582099999,17.142757497306523,4718.960763034209,1.7074927331420697e-05,1.0,0.585654029788949,-6.241944096901075,6.241944096901075,6.409421577901195,1.7862655017925215,0.37884311594106446,0.39971918642668963,0.28828193942386005,0.0,0.3535677348848087,11.21271218136797,4.883553436337662,3.1735687768549212,21.0,13.5,18.0,8.0,254.0635475129762,2279.221475736833,21.777659072896284
208,2,117248,6842.780834199999,17.13455433410906,4691.338825193886,1.658174905934142e-05,1.0,0.6030726893895697,-6.241944096901075,6.241944096901075,6.409421577901195,1.7862655017925215,0.37884311594106446,0.39971918642668963,0.28828193942386005,0.0,0.3535677348848087,11.21271218136797,4.883553436337662,3.1735687768549212,21.0,13.5,18.0,8.0,254.0635475129762,2279.221475736833,21.777659072896284
209,2,117760,6872.8597264,17.134061320597127,4661.591814427827,1.6466132503394133e-05,1.0,0.6073071498689031,-6.265931726965601,6.265931726965601,6.409421577901195,1.8199395938144542,0.3752581339634534,0.5783435754096288,0.21839267574546994,0.0,0.5340041415465259,11.257385883873154,5.118504059741384,3.2834942038169714,20.0,13.0,19.0,10.0,273.7108437552288,2328.864725920472,28.533204590372655
210,2,118272,6905.979301399999,17.12602874092362,4633.882215225108,1.608840260073773e-05,1.0,0.621565748208057,-6.265931726965601,6.265931726965601,6.409421577901195,1.8199395938144542,0.3752581339634534,0.5783435754096288,0.21839267574546994,0.0,0.5340041415465259,11.257385883873154,5.118504059741384,3.2834942038169714,20.0,13.0,19.0,10.0,273.7108437552288,2328.864725920472,28.533204590372655
211,3,119296,7000.897012699999,17.040102115998952,4597.155549112017,2.2852760776774274e-05,1.0,0.43758389184046415,-6.258866314192863,6.258866314192863,6.409421577901195,1.7935854844254433,0.3278875914222884,0.4269724691720217,0.1893849010075858,0.0,0.4152348906079378,11.189289117329992,5.866256701081798,3.37784426412943,20.0,13.0,19.0,12.0,265.9321331882587,2372.8303156569973,27.77714532966314
212,3,119808,7033.401131699999,17.034148594201106,4568.70500862564,2.268501151605958e-05,1.0,0.4408197012781156,-6.258866314192863,6.258866314192863,6.409421577901195,1.7935854844254433,0.3278875914222884,0.4269724691720217,0.1893849010075858,0.0,0.4152348906079378,11.189289117329992,5.866256701081798,3.37784426412943,20.0,13.0,19.0,12.0,265.9321331882587,2372.8303156569973,27.77714532966314
213,3,120320,7060.5888839,17.04107149962537,4536.803921144256,2.217791211486684e-05,1.0,0.45089907238366916,-6.258866314192863,6.258866314192863,6.409421577901195,1.7935854844254433,0.3278875914222884,0.4269724691720217,0.1893849010075858,0.0,0.4152348906079378,11.189289117329992,5.866256701081798,3.37784426412943,20.0,13.0,19.0,12.0,265.9321331882587,2372.8303156569973,27.77714532966314
214,3,120832,7092.8386414,17.035774547967147,4508.1601534322035,2.2000520630060086e-05,1.0,0.4545346979805852,-6.258866314192863,6.258866314192863,6.409421577901195,1.7935854844254433,0.3278875914222884,0.4269724691720217,0.1893849010075858,0.0,0.4152348906079378,11.189289117329992,5.866256701081798,3.37784426412943,20.0,13.0,19.0,12.0,265.9321331882587,2372.8303156569973,27.77714532966314
215,3,121344,7125.221947099999,17.03020634317049,4479.5699161092825,2.1436728772539067e-05,1.0,0.46648908544340134,-6.258866314192863,6.258866314192863,6.409421577901195,1.7935854844254433,0.3278875914222884,0.4269724691720217,0.1893849010075858,0.0,0.4152348906079378,11.189289117329992,5.866256701081798,3.37784426412943,20.0,13.0,19.0,12.0,265.9321331882587,2372.8303156569973,27.77714532966314
216,3,121856,7162.9192559,17.012058302853106,4454.252310391597,2.042450786596475e-05,1.0,0.48960788018123674,-6.258866314192863,6.258866314192863,6.409421577901195,1.7935854844254433,0.3278875914222884,0.4269724691720217,0.1893849010075858,0.0,0.4152348906079378,11.189289117329992,5.866256701081798,3.37784426412943,20.0,13.0,19.0,12.0,265.9321331882587,2372.8303156569973,27.77714532966314
217,3,122368,7192.920006799999,17.012284285702673,4424.09724267615,2.0388877256959087e-05,1.0,0.49046349506993175,-6.258866314192863,6.258866314192863,6.409421577901195,1.7935854844254433,0.3278875914222884,0.4269724691720217,0.1893849010075858,0.0,0.4152348906079378,11.189289117329992,5.866256701081798,3.37784426412943,20.0,13.0,19.0,12.0,265.9321331882587,2372.8303156569973,27.77714532966314
218,3,122880,7225.0048207,17.007601108852228,4395.211265925833,1.8542020186386067e-05,1.0,0.5393155599810102,-6.2899533680076285,6.2899533680076285,6.409421577901195,1.8082959831240752,0.39122546038470174,0.5798522147867992,0.1475331851938548,0.0,0.38343427300561084,11.16511146234311,5.577561332679597,3.350772260039215,20.0,15.0,17.0,12.0,243.8543510918136,2571.094231291734,35.927281783053616
219,3,123392,7249.944055599999,17.019717539018746,4361.99953552697,1.817227789003722e-05,1.0,0.5502887453356854,-6.2899533680076285,6.2899533680076285,6.409421577901195,1.8082959831240752,0.39122546038470174,0.5798522147867992,0.1475331851938548,0.0,0.38343427300561084,11.16511146234311,5.577561332679597,3.350772260039215,20.0,15.0,17.0,12.0,243.8543510918136,2571.094231291734,35.927281783053616
220,3,123904,7276.750341899999,17.02738092944494,4329.967145593388,1.615397070583278e-05,1.0,0.619042846003754,-6.348534648114167,6.348534648114167,6.409421577901195,1.7937504359168681,0.38531592746473664,0.3475915372248854,0.25715821822876883,0.0,0.3733252231205808,11.607420129097754,5.879917920789588,3.298340890382805,22.0,13.0,19.0,12.0,247.62752755082764,2186.7333678616374,19.004932235752694
221,4,124928,7359.478589599999,16.9751156252484,4282.975244767213,3.092631026687653e-05,1.0,0.3233492748958948,-6.051285979681378,6.051285979681378,6.409421577901195,1.8094673138761332,0.35716352447124317,0.5401358927719314,0.16885567557751552,0.0,0.5746113972120759,11.112692651118532,1.7820242652159468,3.1142857579347334,18.0,12.0,17.0,12.0,301.8833117831957,1913.854714816397,21.47206714189975
222,4,125440,7394.7558668,16.963372727852175,4255.757458035919,2.8749191002056773e-05,1.0,0.34783587473068633,-6.118145466813882,6.118145466813882,6.409421577901195,1.824210253136736,0.37011828443397016,0.47563798276738245,0.1557701895893183,0.0,0.5087953818803532,11.290678293680518,2.301328188978287,3.106992011220017,18.0,12.0,17.0,12.0,293.71980872290123,2054.611557024438,32.328911347721125
223,4,125952,7422.701538699999,16.96848503786925,4224.301688691056,2.900541839543132e-05,1.0,0.3447631702349485,-6.118145466813882,6.118145466813882,6.409421577901195,1.824210253136736,0.37011828443397016,0.47563798276738245,0.1557701895893183,0.0,0.5087953818803532,11.290678293680518,2.301328188978287,3.106992011220017,18.0,12.0,17.0,12.0,293.71980872290123,2054.611557024438,32.328911347721125
224,4,126464,7449.7507835,16.975601422815032,4192.369874115385,2.8657473882259005e-05,1.0,0.34894910978844856,-6.118145466813882,6.118145466813882,6.409421577901195,1.824210253136736,0.37011828443397016,0.47563798276738245,0.1557701895893183,0.0,0.5087953818803532,11.290678293680518,2.301328188978287,3.106992011220017,18.0,12.0,17.0,12.0,293.71980872290123,2054.611557024438,32.328911347721125
225,4,126976,7484.7170525,16.964702754874114,4164.8828759879025,2.6649512861890687e-05,1.0,0.37524138065203383,-6.243194265545231,6.243194265545231,6.409421577901195,1.8200906254670044,0.38611415335842175,0.5997917318770146,0.15724158343273104,0.0,0.4461035628577854,11.073550519578365,4.989224874840734,3.2125457222296023,21.0,12.0,17.0,12.0,272.7959561230186,2479.4425614023357,19.993329682473533
226,4,127488,7523.0233847,16.946378268513637,4139.173508851004,2.550091848753487e-05,1.0,0.39214273810914324,-6.243194265545231,6.243194265545231,6.409421577901195,1.8200906254670044,0.38611415335842175,0.5997917318770146,0.15724158343273104,0.0,0.4461035628577854,11.073550519578365,4.989224874840734,3.2125457222296023,21.0,12.0,17.0,12.0,272.7959561230186,2479.4425614023357,19.993329682473533
227,4,128000,7574.5351522,16.898726777025097,4120.5471227968,2.3160777354471742e-05,1.0,0.43176443721865215,-6.243194265545231,6.243194265545231,6.409421577901195,1.8200906254670044,0.38611415335842175,0.5997917318770146,0.15724158343273104,0.0,0.4461035628577854,11.073550519578365,4.989224874840734,3.2125457222296023,21.0,12.0,17.0,12.0,272.7959561230186,2479.4425614023357,19.993329682473533
228,4,128512,7619.219443,16.866819621276,4097.986553007968,2.2539991618517722e-05,1.0,0.4436558881319414,-6.243194265545231,6.243194265545231,6.409421577901195,1.8200906254670044,0.38611415335842175,0.5997917318770146,0.15724158343273104,0.0,0.4461035628577854,11.073550519578365,4.989224874840734,3.2125457222296023,21.0,12.0,17.0,12.0,272.7959561230186,2479.4425614023357,19.993329682473533
229,4,129024,7665.2813073,16.83225896447199,4075.9829173738094,2.0832195407901814e-05,1.0,0.4800262192340476,-6.267895550596612,6.267895550596612,6.409421577901195,1.7364890223065645,0.3962835406198846,0.5156626765220096,0.2063508715613872,0.0,0.40984273890905937,11.39254746996028,5.29641638679322,3.366064815685533,22.0,13.0,16.0,12.0,250.41914160954906,2833.4680826236113,10.505624797181666
230,4,129536,7705.046111599999,16.811839685810924,4050.4787859399203,2.0840227833575455e-05,1.0,0.4798412032659791,-6.267895550596612,6.267895550596612,6.409421577901195,1.7364890223065645,0.3962835406198846,0.5156626765220096,0.2063508715613872,0.0,0.40984273890905937,11.39254746996028,5.29641638679322,3.366064815685533,22.0,13.0,16.0,12.0,250.41914160954906,2833.4680826236113,10.505624797181666
231,5,130560,7781.509105499999,16.778236487279788,3997.5595796882353,2.630641005778093e-05,1.0,0.3801354870556421,4.1790808201414045,-4.1790808201414045,6.409421577901195,1.8220648331605063,0.3970204396173358,0.46308706752985906,0.24600168859359625,0.0,0.4048545497916674,11.77054241191826,6.12709599123996,3.299154398365231,17.0,12.0,20.0,11.0,334.2777021382125,2288.1178028086965,29.407661056139084
232,5,131072,7810.860362699999,16.780737833430173,3966.4525279335935,2.744425496342265e-05,1.0,0.3643749853412988,3.7314196852372676,-3.7314196852372676,6.409421577901195,1.8092150884724447,0.3951955750199935,0.7323555808514357,0.25107121133440286,0.0,0.44500052730086037,11.422730484264747,7.105790540942744,3.3667594667353287,16.0,12.0,16.0,10.0,339.97857972351477,2310.643187005527,33.64781829155712
233,5,131584,7828.141693599999,16.809097886868635,3929.300694452918,2.7394299852232507e-05,1.0,0.36503944448082115,3.7314196852372676,-3.7314196852372676,6.409421577901195,1.8092150884724447,0.3951955750199935,0.7323555808514357,0.25107121133440286,0.0,0.44500052730086037,11.422730484264747,7.105790540942744,3.3667594667353287,16.0,12.0,16.0,10.0,339.97857972351477,2310.643187005527,33.64781829155712
234,5,132096,7845.254246099999,16.837695230293782,3892.2191608558137,2.92728158796328e-05,1.0,0.34161387278624306,3.7314196852372676,-3.7314196852372676,6.409421577901195,1.8092150884724447,0.3951955750199935,0.7323555808514357,0.25107121133440286,0.0,0.44500052730086037,11.422730484264747,7.105790540942744,3.3667594667353287,16.0,12.0,16.0,10.0,339.97857972351477,2310.643187005527,33.64781829155712
235,5,132608,7860.8889227,16.86933899003025,3854.567155146332,3.0178761292685042e-05,1.0,0.3313588620492475,3.7314196852372676,-3.7314196852372676,6.409421577901195,1.8092150884724447,0.3951955750199935,0.7323555808514357,0.25107121133440286,0.0,0.44500052730086037,11.422730484264747,7.105790540942744,3.3667594667353287,16.0,12.0,16.0,10.0,339.97857972351477,2310.643187005527,33.64781829155712
236,5,133120,7879.8213746,16.89378396686784,3818.6826661523082,3.06449627022172e-05,1.0,0.32631790409314093,3.7314196852372676,-3.7314196852372676,6.409421577901195,1.8092150884724447,0.3951955750199935,0.7323555808514357,0.25107121133440286,0.0,0.44500052730086037,11.422730484264747,7.105790540942744,3.3667594667353287,16.0,12.0,16.0,10.0,339.97857972351477,2310.643187005527,33.64781829155712
237,5,133632,7898.311777299999,16.919058625168816,3782.7163684386974,3.1277565317039436e-05,1.0,0.31971797992064876,3.7314196852372676,-3.7314196852372676,6.409421577901195,1.8092150884724447,0.3951955750199935,0.7323555808514357,0.25107121133440286,0.0,0.44500052730086037,11.422730484264747,7.105790540942744,3.3667594667353287,16.0,12.0,16.0,10.0,339.97857972351477,2310.643187005527,33.64781829155712
238,5,134144,7915.1772657,16.947693715124473,3746.1144310946565,3.2068501700057656e-05,1.0,0.31183246705854095,3.632716981732032,-3.632716981732032,6.409421577901195,1.7083508399567988,0.364773537398543,0.8365386609036958,0.2390765341571979,0.0,0.34711474235533574,11.124498168252925,8.71346884823462,3.1916627638815047,18.0,12.0,21.0,13.0,295.1717250262715,2160.2515184460744,21.491010298793146
239,5,134656,7937.2072732,16.965161090685676,3712.0779262494298,3.124225548047685e-05,1.0,0.3200793235382429,3.632716981732032,-3.632716981732032,6.409421577901195,1.7083508399567988,0.364773537398543,0.8365386609036958,0.2390765341571979,0.0,0.34711474235533574,11.124498168252925,8.71346884823462,3.1916627638815047,18.0,12.0,21.0,13.0,295.1717250262715,2160.2515184460744,21.491010298793146
240,5,135168,7963.1890009,16.974104216881365,3679.958553446212,3.00465144377136e-05,1.0,0.3328173063378112,-6.210988262966742,6.210988262966742,6.409421577901195,1.8159732790117618,0.37854901600570623,0.5530702244846276,0.09619127376565795,0.0,0.44557627814256767,11.461596090771504,3.374764534406679,3.1620364542559543,21.0,13.5,20.0,13.0,248.4817056108623,2185.214734556093,18.609693760594475
241,0,136192,8104.2714275,16.8049652850796,3656.062298120301,8.238296949250308e-06,1.0,1.213843111216088,-6.409421577901195,6.409421577901195,6.409421577901195,1.7909488359425758,0.38651003959603547,0.6560413629949501,0.1998196773301849,0.0,0.3448645550966045,11.982406407656484,6.240169726218189,3.311774651892664,21.0,13.5,19.0,10.0,250.43197681194945,2086.089092661247,31.744585190534664
242,0,136704,8153.546449199999,16.7662011680099,3633.9776309168537,7.708595370479205e-06,1.0,1.297253198461544,-6.409421577901195,6.409421577901195,6.409421577901195,1.7909488359425758,0.38651003959603547,0.6560413629949501,0.1998196773301849,0.0,0.3448645550966045,11.982406407656484,6.240169726218189,3.311774651892664,21.0,13.5,19.0,10.0,250.43197681194945,2086.089092661247,31.744585190534664
243,0,137216,8201.1769229,16.731257146380322,3610.965958590298,7.195365046306429e-06,1.0,1.389783553112884,-6.409421577901195,6.409421577901195,6.409421577901195,1.7909488359425758,0.38651003959603547,0.6560413629949501,0.1998196773301849,0.0,0.3448645550966045,11.982406407656484,6.240169726218189,3.311774651892664,21.0,13.5,19.0,10.0,250.43197681194945,2086.089092661247,31.744585190534664
244,0,137728,8248.320594499999,16.697702086390457,3587.559515079925,6.64776991271279e-06,1.0,1.5042638555941306,-6.414743974251742,6.414743974251742,6.414743974251742,1.823308461986361,0.395471143737508,0.7208003100776388,0.15728246714365854,0.0,0.35520119534943373,11.913440862964528,6.186444498980238,3.3703936315011958,20.0,15.0,16.0,12.0,260.53537383152695,2220.833749626355,24.713979395349675
245,0,138240,8288.6832571,16.678161743191847,3561.063917865185,5.881665309220267e-06,1.0,1.7001987488685752,-6.414743974251742,6.414743974251742,6.414743974251742,1.823308461986361,0.395471143737508,0.7208003100776388,0.15728246714365854,0.0,0.35520119534943373,11.913440862964528,6.186444498980238,3.3703936315011958,20.0,15.0,16.0,12.0,260.53537383152695,2220.833749626355,24.713979395349675
246,0,138752,8332.9392264,16.651027474244966,3536.118121904059,5.054576105590456e-06,1.0,1.9784052690273695,-6.414743974251742,6.414743974251742,6.414743974251742,1.823308461986361,0.395471143737508,0.7208003100776388,0.15728246714365854,0.0,0.35520119534943373,11.913440862964528,6.186444498980238,3.3703936315011958,20.0,15.0,16.0,12.0,260.53537383152695,2220.833749626355,24.713979395349675
247,0,139264,8372.554518199999,16.63339422840093,3509.0853495397055,4.691690447849829e-06,1.0,2.1314279173262456,-6.414743974251742,6.414743974251742,6.414743974251742,1.823308461986361,0.395471143737508,0.7208003100776388,0.15728246714365854,0.0,0.35520119534943373,11.913440862964528,6.186444498980238,3.3703936315011958,20.0,15.0,16.0,12.0,260.53537383152695,2220.833749626355,24.713979395349675
248,0,139776,8411.3795412,16.617488167708935,3481.6332899472527,4.173705959240826e-06,1.0,2.39595220594288,-6.414743974251742,6.414743974251742,6.414743974251742,1.823308461986361,0.395471143737508,0.7208003100776388,0.15728246714365854,0.0,0.35520119534943373,11.913440862964528,6.186444498980238,3.3703936315011958,20.0,15.0,16.0,12.0,260.53537383152695,2220.833749626355,24.713979395349675
249,0,140288,8451.234447199999,16.599705152716382,3454.5191900963496,3.996919925551687e-06,1.0,2.501926529994148,-6.414743974251742,6.414743974251742,6.414743974251742,1.823308461986361,0.395471143737508,0.7208003100776388,0.15728246714365854,0.0,0.35520119534943373,11.913440862964528,6.186444498980238,3.3703936315011958,20.0,15.0,16.0,12.0,260.53537383152695,2220.833749626355,24.713979395349675
250,0,140800,8491.2554724,16.58176467044911,3427.379481586909,3.6936377058726764e-06,1.0,2.7073581104342104,-6.414743974251742,6.414743974251742,6.414743974251742,1.823308461986361,0.395471143737508,0.7208003100776388,0.15728246714365854,0.0,0.35520119534943373,11.913440862964528,6.186444498980238,3.3703936315011958,20.0,15.0,16.0,12.0,260.53537383152695,2220.833749626355,24.713979395349675
251,1,141824,8576.8498869,16.53567473725025,3375.0059121736463,2.20792983478704e-05,1.0,0.4529129432668099,-6.2521136109168065,6.2521136109168065,6.414743974251742,1.6732618393188752,0.3775559160473065,0.8890290771969898,0.1378194383408071,0.0,0.3311101939926064,11.248653512209152,5.554812528505658,3.332592686880096,20.0,15.0,18.0,12.0,255.90178908005964,2496.5506757498442,24.674984145470795
252,1,142336,8608.9204522,16.533548055218258,3344.4726936604316,2.255496368049496e-05,1.0,0.4433613878371162,-6.2521136109168065,6.2521136109168065,6.414743974251742,1.6732618393188752,0.3775559160473065,0.8890290771969898,0.1378194383408071,0.0,0.3311101939926064,11.248653512209152,5.554812528505658,3.332592686880096,20.0,15.0,18.0,12.0,255.90178908005964,2496.5506757498442,24.674984145470795
253,1,142848,8638.520978499999,16.536164044230205,3312.9811637974904,2.2671569804561726e-05,1.0,0.44108105818009585,-6.2521136109168065,6.2521136109168065,6.414743974251742,1.6732618393188752,0.3775559160473065,0.8890290771969898,0.1378194383408071,0.0,0.3311101939926064,11.248653512209152,5.554812528505658,3.332592686880096,20.0,15.0,18.0,12.0,255.90178908005964,2496.5506757498442,24.674984145470795
254,1,143360,8668.457636,16.53812085377538,3281.630390771428,2.1994397155200067e-05,1.0,0.45466124529063195,-6.254842950602848,6.254842950602848,6.414743974251742,1.786681598314833,0.35939477293541006,0.5252619261970736,0.19298756120096291,0.0,0.41253458966089246,11.244465948348314,5.391368026955012,3.306494545600372,22.0,13.0,20.0,15.0,231.02247782324667,2243.038635485584,28.660739754514605
255,1,143872,8701.318726399999,16.53450523120008,3251.38244224911,2.1201212583672612e-05,1.0,0.47167113487184004,-6.254842950602848,6.254842950602848,6.414743974251742,1.786681598314833,0.35939477293541006,0.5252619261970736,0.19298756120096291,0.0,0.41253458966089246,11.244465948348314,5.391368026955012,3.306494545600372,22.0,13.0,20.0,15.0,231.02247782324667,2243.038635485584,28.660739754514605
256,1,144384,8740.640043899999,16.518698776614656,3223.498455906383,1.9439429298136446e-05,1.0,0.5144183940090589,-6.329459053188625,6.329459053188625,6.414743974251742,1.7209420530711024,0.38732866837193314,0.5986431858497422,0.2501373166820918,0.0,0.35126078407281447,11.439385914504488,7.1525242868539225,3.3088416131767984,21.0,13.5,18.0,12.0,248.48628439690364,2421.248630061317,18.593236734216674
257,1,144896,8774.929921699999,16.5124965433261,3193.7024096646637,1.9192277081218028e-05,1.0,0.5210429152143812,-6.329459053188625,6.329459053188625,6.414743974251742,1.7209420530711024,0.38732866837193314,0.5986431858497422,0.2501373166820918,0.0,0.35126078407281447,11.439385914504488,7.1525242868539225,3.3088416131767984,21.0,13.5,18.0,12.0,248.48628439690364,2421.248630061317,18.593236734216674
258,1,145408,8805.977900599999,16.51241936345225,3162.7103727507038,1.9137740721813025e-05,1.0,0.5225277186769537,-6.329459053188625,6.329459053188625,6.414743974251742,1.7209420530711024,0.38732866837193314,0.5986431858497422,0.2501373166820918,0.0,0.35126078407281447,11.439385914504488,7.1525242868539225,3.3088416131767984,21.0,13.5,18.0,12.0,248.48628439690364,2421.248630061317,18.593236734216674
259,1,145920,8841.9920759,16.503068397643553,3133.4778935645613,1.839882943337814e-05,1.0,0.5435128379340562,-6.329459053188625,6.329459053188625,6.414743974251742,1.7209420530711024,0.38732866837193314,0.5986431858497422,0.2501373166820918,0.0,0.35126078407281447,11.439385914504488,7.1525242868539225,3.3088416131767984,21.0,13.5,18.0,12.0,248.48628439690364,2421.248630061317,18.593236734216674
260,1,146432,8881.0772089,16.488089964273254,3105.271751363636,1.7824561737161602e-05,1.0,0.5610236115456045,-6.329459053188625,6.329459053188625,6.414743974251742,1.7209420530711024,0.38732866837193314,0.5986431858497422,0.2501373166820918,0.0,0.35126078407281447,11.439385914504488,7.1525242868539225,3.3088416131767984,21.0,13.5,18.0,12.0,248.48628439690364,2421.248630061317,18.593236734216674
261,2,147456,9021.226690399999,16.345448912941777,3069.7229710388883,1.513102465140272e-05,1.0,0.6608937749019494,-6.274606689712336,6.274606689712336,6.414743974251742,1.814782246922585,0.35875884163492394,0.5325114333259192,0.21336526422914534,0.0,0.41859705151734405,11.918598050957634,3.8465687581914265,3.3505087803028757,20.0,12.0,15.0,10.0,269.0600148798876,2223.0554647742424,35.8998870179293
262,2,147968,9058.763872399999,16.334237439483875,3040.4847599404843,1.474883398081182e-05,1.0,0.6780197006088726,-6.34154715745974,6.34154715745974,6.414743974251742,1.7934869072101496,0.3596346429820341,0.6018720158066814,0.23134612018208559,0.0,0.33036450725524996,11.576564860394953,6.125295210803047,3.0903622931413177,20.0,15.0,18.0,12.0,244.82597207441285,2387.3600741816495,33.10251361410386
263,2,148480,9083.781167399999,16.34561613316568,3007.0448002427584,1.4502839344976429e-05,1.0,0.6895201527184986,-6.34154715745974,6.34154715745974,6.414743974251742,1.7934869072101496,0.3596346429820341,0.6018720158066814,0.23134612018208559,0.0,0.33036450725524996,11.576564860394953,6.125295210803047,3.0903622931413177,20.0,15.0,18.0,12.0,244.82597207441285,2387.3600741816495,33.10251361410386
264,2,148992,9120.3924082,16.336139206690675,2977.4476933986252,1.391892296143291e-05,1.0,0.7184463932811744,-6.34154715745974,6.34154715745974,6.414743974251742,1.7934869072101496,0.3596346429820341,0.6018720158066814,0.23134612018208559,0.0,0.33036450725524996,11.576564860394953,6.125295210803047,3.0903622931413177,20.0,15.0,18.0,12.0,244.82597207441285,2387.3600741816495,33.10251361410386
265,2,149504,9164.535236599999,16.31332044018255,2950.2270967136983,1.2509567075998333e-05,1.0,0.7993881754058977,-6.34154715745974,6.34154715745974,6.414743974251742,1.7934869072101496,0.3596346429820341,0.6018720158066814,0.23134612018208559,0.0,0.33036450725524996,11.576564860394953,6.125295210803047,3.0903622931413177,20.0,15.0,18.0,12.0,244.82597207441285,2387.3600741816495,33.10251361410386
266,2,150016,9196.5944444,16.312125201013718,2919.0555745023894,1.1858134197958217e-05,1.0,0.8433029878951648,-6.34154715745974,6.34154715745974,6.414743974251742,1.7934869072101496,0.3596346429820341,0.6018720158066814,0.23134612018208559,0.0,0.33036450725524996,11.576564860394953,6.125295210803047,3.0903622931413177,20.0,15.0,18.0,12.0,244.82597207441285,2387.3600741816495,33.10251361410386
267,2,150528,9224.103207099999,16.318984796715547,2886.4540648068023,1.170842233658643e-05,1.0,0.8540860341834475,-6.34154715745974,6.34154715745974,6.414743974251742,1.7934869072101496,0.3596346429820341,0.6018720158066814,0.23134612018208559,0.0,0.33036450725524996,11.576564860394953,6.125295210803047,3.0903622931413177,20.0,15.0,18.0,12.0,244.82597207441285,2387.3600741816495,33.10251361410386
268,2,151040,9252.1102385,16.32492438011497,2854.040785435593,1.1518256462059945e-05,1.0,0.8681869545915268,-6.34154715745974,6.34154715745974,6.414743974251742,1.7934869072101496,0.3596346429820341,0.6018720158066814,0.23134612018208559,0.0,0.33036450725524996,11.576564860394953,6.125295210803047,3.0903622931413177,20.0,15.0,18.0,12.0,244.82597207441285,2387.3600741816495,33.10251361410386
269,2,151552,9283.9223732,16.32413476845593,2822.814235094594,1.0866515109415685e-05,1.0,0.9202582336019701,-6.34154715745974,6.34154715745974,6.414743974251742,1.7934869072101496,0.3596346429820341,0.6018720158066814,0.23134612018208559,0.0,0.33036450725524996,11.576564860394953,6.125295210803047,3.0903622931413177,20.0,15.0,18.0,12.0,244.82597207441285,2387.3600741816495,33.10251361410386
270,2,152064,9319.640237,16.316509664856927,2792.7541450942763,1.0437952015176814e-05,1.0,0.9580423425457377,-6.34154715745974,6.34154715745974,6.414743974251742,1.7934869072101496,0.3596346429820341,0.6018720158066814,0.23134612018208559,0.0,0.33036450725524996,11.576564860394953,6.125295210803047,3.0903622931413177,20.0,15.0,18.0,12.0,244.82597207441285,2387.3600741816495,33.10251361410386
271,3,153088,9447.8398095,16.203492341822606,2749.0370014264213,1.5509335573376124e-05,1.0,0.644772946764164,-6.348534648114167,6.348534648114167,6.414743974251742,1.7937504359168681,0.38531592746473664,0.3475915372248854,0.25715821822876883,0.0,0.3733252231205808,11.607420129097754,5.879917920789588,3.298340890382805,22.0,13.0,19.0,12.0,247.62752755082764,2186.7333678616374,19.004932235752694
272,3,153600,9502.8739004,16.163531328510484,2724.157184781333,1.4238264486947544e-05,1.0,0.7023327884635916,-6.379174401383299,6.379174401383299,6.414743974251742,1.8032883830767439,0.3791490123420329,0.6489359460248543,0.16734262372043043,0.0,0.40150653622947224,11.744164514115745,7.2005139709398165,3.2892461102884427,20.0,12.0,18.0,12.0,268.1075633556826,1960.2933241523535,22.777986066271954
273,3,154112,9536.937970199999,16.15948436296353,2693.155240754152,1.4001110440767842e-05,1.0,0.7142290636378683,-6.379174401383299,6.379174401383299,6.414743974251742,1.8032883830767439,0.3791490123420329,0.6489359460248543,0.16734262372043043,0.0,0.40150653622947224,11.744164514115745,7.2005139709398165,3.2892461102884427,20.0,12.0,18.0,12.0,268.1075633556826,1960.2933241523535,22.777986066271954
274,3,154624,9588.1270797,16.12661145547082,2666.896273823841,1.2246705954831127e-05,1.0,0.8165461012032513,-6.379174401383299,6.379174401383299,6.414743974251742,1.8032883830767439,0.3791490123420329,0.6489359460248543,0.16734262372043043,0.0,0.40150653622947224,11.744164514115745,7.2005139709398165,3.2892461102884427,20.0,12.0,18.0,12.0,268.1075633556826,1960.2933241523535,22.777986066271954
275,3,155136,9619.8363153,16.126677722495323,2635.1366804287127,1.2017833101262417e-05,1.0,0.8320967611831408,-6.379174401383299,6.379174401383299,6.414743974251742,1.8032883830767439,0.3791490123420329,0.6489359460248543,0.16734262372043043,0.0,0.40150653622947224,11.744164514115745,7.2005139709398165,3.2892461102884427,20.0,12.0,18.0,12.0,268.1075633556826,1960.2933241523535,22.777986066271954
276,3,155648,9654.6918014,16.1214882050849,2604.2260780092106,1.1636282333263737e-05,1.0,0.8593810044823142,-6.379174401383299,6.379174401383299,6.414743974251742,1.8032883830767439,0.3791490123420329,0.6489359460248543,0.16734262372043043,0.0,0.40150653622947224,11.744164514115745,7.2005139709398165,3.2892461102884427,20.0,12.0,18.0,12.0,268.1075633556826,1960.2933241523535,22.777986066271954
277,3,156160,9690.7942506,16.11426225361574,2573.6207681921314,1.0969715093492177e-05,1.0,0.9116007038261672,-6.379174401383299,6.379174401383299,6.414743974251742,1.8032883830767439,0.3791490123420329,0.6489359460248543,0.16734262372043043,0.0,0.40150653622947224,11.744164514115745,7.2005139709398165,3.2892461102884427,20.0,12.0,18.0,12.0,268.1075633556826,1960.2933241523535,22.777986066271954
278,3,156672,9735.5519715,16.092770133490525,2545.242345490196,1.0277143978242392e-05,1.0,0.9730329769798758,-6.379174401383299,6.379174401383299,6.414743974251742,1.8032883830767439,0.3791490123420329,0.6489359460248543,0.16734262372043043,0.0,0.40150653622947224,11.744164514115745,7.2005139709398165,3.2892461102884427,20.0,12.0,18.0,12.0,268.1075633556826,1960.2933241523535,22.777986066271954
279,3,157184,9771.5566091,16.085871093825375,2514.50479517557,9.985662658850078e-06,1.0,1.0014357926599107,-6.379174401383299,6.379174401383299,6.414743974251742,1.8032883830767439,0.3791490123420329,0.6489359460248543,0.16734262372043043,0.0,0.40150653622947224,11.744164514115745,7.2005139709398165,3.2892461102884427,20.0,12.0,18.0,12.0,268.1075633556826,1960.2933241523535,22.777986066271954
280,3,157696,9820.678022099999,16.05754711081335,2487.054823778571,8.775319620368251e-06,1.0,1.139559632311188,-6.379174401383299,6.379174401383299,6.414743974251742,1.8032883830767439,0.3791490123420329,0.6489359460248543,0.16734262372043043,0.0,0.40150653622947224,11.744164514115745,7.2005139709398165,3.2892461102884427,20.0,12.0,18.0,12.0,268.1075633556826,1960.2933241523535,22.777986066271954
281,4,158720,9916.036639,16.00639507278045,2431.0283373032257,2.0867217981631496e-05,1.0,0.47922056542479985,-6.267895550596612,6.267895550596612,6.414743974251742,1.7364890223065645,0.3962835406198846,0.5156626765220096,0.2063508715613872,0.0,0.40984273890905937,11.392547469960281,5.29641638679322,3.366064815685533,22.0,13.0,16.0,12.0,250.41914160954906,2833.4680826236113,10.505624797181666
282,4,159232,9950.456728399999,16.00248152886586,2399.6278283922825,2.0536170945114466e-05,1.0,0.48694569336836313,-6.267895550596612,6.267895550596612,6.414743974251742,1.7364890223065645,0.3962835406198846,0.5156626765220096,0.2063508715613872,0.0,0.40984273890905937,11.392547469960281,5.29641638679322,3.366064815685533,22.0,13.0,16.0,12.0,250.41914160954906,2833.4680826236113,10.505624797181666
283,4,159744,9979.6583024,16.00696087576298,2366.9702383897434,2.0443209752380782e-05,1.0,0.4891599763992742,-6.267895550596612,6.267895550596612,6.414743974251742,1.7364890223065645,0.3962835406198846,0.5156626765220096,0.2063508715613872,0.0,0.40984273890905937,11.392547469960281,5.29641638679322,3.366064815685533,22.0,13.0,16.0,12.0,250.41914160954906,2833.4680826236113,10.505624797181666
284,4,160256,10010.044738999999,16.009518856157435,2334.6110733130986,1.9627321388573354e-05,1.0,0.5094938734646595,-6.267895550596612,6.267895550596612,6.414743974251742,1.7364890223065645,0.3962835406198846,0.5156626765220096,0.2063508715613872,0.0,0.40984273890905937,11.392547469960281,5.29641638679322,3.366064815685533,22.0,13.0,16.0,12.0,250.41914160954906,2833.4680826236113,10.505624797181666
285,4,160768,10044.944278699999,16.004867278448092,2303.299325052229,1.929619513212606e-05,1.0,0.5182368820136508,-6.267895550596612,6.267895550596612,6.414743974251742,1.7364890223065645,0.3962835406198846,0.5156626765220096,0.2063508715613872,0.0,0.40984273890905937,11.392547469960281,5.29641638679322,3.366064815685533,22.0,13.0,16.0,12.0,250.41914160954906,2833.4680826236113,10.505624797181666
286,4,161280,10073.7120046,16.009987175169794,2270.5827057987303,1.8634516327575213e-05,1.0,0.5366385595531704,-6.267895550596612,6.267895550596612,6.414743974251742,1.7364890223065645,0.3962835406198846,0.5156626765220096,0.2063508715613872,0.0,0.40984273890905937,11.392547469960281,5.29641638679322,3.366064815685533,22.0,13.0,16.0,12.0,250.41914160954906,2833.4680826236113,10.505624797181666
287,4,161792,10104.146394899999,16.012436249108923,2238.260277351266,1.859982153731252e-05,1.0,0.5376395671291421,-6.267895550596612,6.267895550596612,6.414743974251742,1.7364890223065645,0.3962835406198846,0.5156626765220096,0.2063508715613872,0.0,0.40984273890905937,11.392547469960281,5.29641638679322,3.366064815685533,22.0,13.0,16.0,12.0,250.41914160954906,2833.4680826236113,10.505624797181666
288,4,162304,10140.565036599999,16.005419758583635,2207.2523265785485,1.709235723928976e-05,1.0,0.5850568098947321,-6.267895550596612,6.267895550596612,6.414743974251742,1.7364890223065645,0.3962835406198846,0.5156626765220096,0.2063508715613872,0.0,0.40984273890905937,11.392547469960281,5.29641638679322,3.366064815685533,22.0,13.0,16.0,12.0,250.41914160954906,2833.4680826236113,10.505624797181666
289,4,162816,10168.0914261,16.01244453625537,2174.3088584113207,1.6756477397628716e-05,1.0,0.5967841427945436,-6.267895550596612,6.267895550596612,6.414743974251742,1.7364890223065645,0.3962835406198846,0.5156626765220096,0.2063508715613872,0.0,0.40984273890905937,11.392547469960281,5.29641638679322,3.366064815685533,22.0,13.0,16.0,12.0,250.41914160954906,2833.4680826236113,10.505624797181666
290,4,163328,10211.2724944,15.994872342264031,2144.6873264100313,1.646249685282782e-05,1.0,0.6074412702640707,-6.267895550596612,6.267895550596612,6.414743974251742,1.7364890223065645,0.3962835406198846,0.5156626765220096,0.2063508715613872,0.0,0.40984273890905937,11.392547469960281,5.29641638679322,3.366064815685533,22.0,13.0,16.0,12.0,250.41914160954906,2833.4680826236113,10.505624797181666
291,5,164352,10298.3090545,15.959124855374577,2085.3273786370714,2.8621922407656847e-05,1.0,0.34938254173048927,-6.265849226662112,6.265849226662112,6.414743974251742,1.8184283991466499,0.36299431240078145,0.8093640237080295,0.2043391784890611,0.0,0.4806282731319443,11.025568378042575,5.663965548400571,3.356669830218485,20.0,15.0,21.0,13.0,237.9965090178853,1942.4970611346619,18.42086965015731
292,5,164864,10331.7570667,15.957014759025702,2053.5169325118013,2.791000032404504e-05,1.0,0.35829451393394607,-6.265849226662112,6.265849226662112,6.414743974251742,1.8184283991466499,0.36299431240078145,0.8093640237080295,0.2043391784890611,0.0,0.4806282731319443,11.025568378042575,5.663965548400571,3.356669830218485,20.0,15.0,21.0,13.0,237.9965090178853,1942.4970611346619,18.42086965015731
293,5,165376,10359.6544789,15.963466767818284,2020.6137218907122,2.684709746718872e-05,1.0,0.37247974430835706,-6.265849226662112,6.265849226662112,6.414743974251742,1.8184283991466499,0.36299431240078145,0.8093640237080295,0.2043391784890611,0.0,0.4806282731319443,11.025568378042575,5.663965548400571,3.356669830218485,20.0,15.0,21.0,13.0,237.9965090178853,1942.4970611346619,18.42086965015731
294,5,165888,10386.9510195,15.97080795784723,1987.6264296574075,2.5570032112061146e-05,1.0,0.3910828096020688,-6.265849226662112,6.265849226662112,6.414743974251742,1.8184283991466499,0.36299431240078145,0.8093640237080295,0.2043391784890611,0.0,0.4806282731319443,11.025568378042575,5.663965548400571,3.356669830218485,20.0,15.0,21.0,13.0,237.9965090178853,1942.4970611346619,18.42086965015731
295,5,166400,10412.523016699999,15.98075699166488,1954.3504739036923,2.503730150759046e-05,1.0,0.3994040650494357,-6.265849226662112,6.265849226662112,6.414743974251742,1.8184283991466499,0.36299431240078145,0.8093640237080295,0.2043391784890611,0.0,0.4806282731319443,11.025568378042575,5.663965548400571,3.356669830218485,20.0,15.0,21.0,13.0,237.9965090178853,1942.4970611346619,18.42086965015731
296,5,166912,10434.563790499999,15.996068772128517,1920.4718632822085,2.4940107419190877e-05,1.0,0.4009605825636986,-6.265849226662112,6.265849226662112,6.414743974251742,1.8184283991466499,0.36299431240078145,0.8093640237080295,0.2043391784890611,0.0,0.4806282731319443,11.025568378042575,5.663965548400571,3.356669830218485,20.0,15.0,21.0,13.0,237.9965090178853,1942.4970611346619,18.42086965015731
297,5,167424,10461.9314425,16.003163557339477,1887.6267740290518,2.4479602229378623e-05,1.0,0.40850336971565365,-6.265849226662112,6.265849226662112,6.414743974251742,1.8184283991466499,0.36299431240078145,0.8093640237080295,0.2043391784890611,0.0,0.4806282731319443,11.025568378042575,5.663965548400571,3.356669830218485,20.0,15.0,21.0,13.0,237.9965090178853,1942.4970611346619,18.42086965015731
298,5,167936,10492.137044899999,16.005890819128222,1855.3169164762191,2.401934184380993e-05,1.0,0.41633114117059433,-6.265849226662112,6.265849226662112,6.414743974251742,1.8184283991466499,0.36299431240078145,0.8093640237080295,0.2043391784890611,0.0,0.4806282731319443,11.025568378042575,5.663965548400571,3.356669830218485,20.0,15.0,21.0,13.0,237.9965090178853,1942.4970611346619,18.42086965015731
299,5,168448,10532.176144699999,15.993655792090639,1824.7235265893617,2.178874569800131e-05,1.0,0.45895253166947103,-6.275385039939998,6.275385039939998,6.414743974251742,1.822699332096784,0.3760293326721189,0.4149800057377214,0.25150128995271864,0.0,0.512112674431338,11.652763370105726,5.4351443774026675,3.3225551818130827,20.0,15.0,21.0,12.0,248.27894828065533,2270.768208679593,28.912205139432537
300,5,168960,10558.339989799999,16.002515562410917,1791.7183012993937,2.0634566335235858e-05,1.0,0.48462370555972695,-6.275385039939998,6.275385039939998,6.414743974251742,1.822699332096784,0.3760293326721189,0.4149800057377214,0.25150128995271864,0.0,0.512112674431338,11.652763370105726,5.4351443774026675,3.3225551818130827,20.0,15.0,21.0,12.0,248.27894828065533,2270.768208679593,28.912205139432537
301,0,169984,10687.597485,15.904790598501847,1738.344169246988,3.405807796128914e-06,1.0,2.9361609928094388,-6.414743974251742,6.414743974251742,6.414743974251742,1.823308461986361,0.395471143737508,0.7208003100776388,0.15728246714365854,0.0,0.35520119534943373,11.913440862964528,6.186444498980239,3.3703936315011958,20.0,15.0,16.0,12.0,260.53537383152695,2220.833749626355,24.713979395349675
302,0,170496,10731.062073,15.888082543942993,1707.9468164234233,3.0589397566182983e-06,1.0,3.2691065518253763,-6.414743974251742,6.414743974251742,6.414743974251742,1.823308461986361,0.395471143737508,0.7208003100776388,0.15728246714365854,0.0,0.35520119534943373,11.913440862964528,6.186444498980239,3.3703936315011958,20.0,15.0,16.0,12.0,260.53537383152695,2220.833749626355,24.713979395349675
303,0,171008,10778.694390699999,15.86537235414597,1678.1200847796406,2.122023328901857e-06,1.0,4.71248353578421,-6.430078142161691,6.430078142161691,6.430078142161691,1.8249559325365707,0.3962999976631776,0.635624599191433,0.19080326579692325,0.0,0.3419041618745047,11.850187706785595,6.475439738166755,3.3354813192309773,21.0,13.0,16.0,12.0,258.76819688665455,2087.1306695223084,33.068772009091816
304,0,171520,10824.031508999999,15.846221424742161,1647.8376327134326,1.6897877396755744e-06,1.0,5.917903039064492,-6.430078142161691,6.430078142161691,6.430078142161691,1.8249559325365707,0.3962999976631776,0.635624599191433,0.19080326579692325,0.0,0.3419041618745047,11.850187706785595,6.475439738166755,3.3354813192309773,21.0,13.0,16.0,12.0,258.76819688665455,2087.1306695223084,33.068772009091816
305,0,172032,10863.054723399999,15.836429474061985,1616.5260005059522,1.5273478274220404e-06,1.0,6.547297099232902,-6.430078142161691,6.430078142161691,6.430078142161691,1.8249559325365707,0.3962999976631776,0.635624599191433,0.19080326579692325,0.0,0.3419041618745047,11.850187706785595,6.475439738166755,3.3354813192309773,21.0,13.0,16.0,12.0,258.76819688665455,2087.1306695223084,33.068772009091816
306,0,172544,10913.4218817,15.810256569420055,1586.8180184074183,8.245865632073777e-07,1.0,12.127289536592984,-6.430078142161691,6.430078142161691,6.430078142161691,1.8249559325365707,0.3962999976631776,0.635624599191433,0.19080326579692325,0.0,0.3419041618745047,11.850187706785595,6.475439738166755,3.3354813192309773,21.0,13.0,16.0,12.0,258.76819688665455,2087.1306695223084,33.068772009091816
307,0,173056,10957.5965688,15.79324434089399,1556.108388468639,2.6943366485761885e-07,1.0,37.11488690652099,-6.430078142161691,6.430078142161691,6.430078142161691,1.8249559325365707,0.3962999976631776,0.635624599191433,0.19080326579692325,0.0,0.3419041618745047,11.850187706785595,6.475439738166755,3.3354813192309773,21.0,13.0,16.0,12.0,258.76819688665455,2087.1306695223084,33.068772009091816
308,0,173568,11002.6370331,15.775127315192103,1525.4393526716813,3.74339355826343e-08,1.0,267.137287179578,-6.430078142161691,6.430078142161691,6.430078142161691,1.8249559325365707,0.3962999976631776,0.635624599191433,0.19080326579692325,0.0,0.3419041618745047,11.850187706785595,6.475439738166755,3.3354813192309773,21.0,13.0,16.0,12.0,258.76819688665455,2087.1306695223084,33.068772009091816
309,0,174080,11048.527370799999,15.755945942630657,1494.8007619317646,5.274299840625279e-07,1.0,18.959862545119314,-6.430078142161691,6.430078142161691,6.430078142161691,1.8249559325365707,0.3962999976631776,0.635624599191433,0.19080326579692325,0.0,0.3419041618745047,11.850187706785595,6.475439738166755,3.3354813192309773,21.0,13.0,16.0,12.0,258.76819688665455,2087.1306695223084,33.068772009091816
310,1,175104,11149.5620238,15.705011517602282,1434.4465761614035,1.663676342440109e-05,1.0,0.6010784516736607,-6.329459053188625,6.329459053188625,6.430078142161691,1.7209420530711024,0.38732866837193314,0.5986431858497422,0.2501373166820918,0.0,0.35126078407281447,11.439385914504488,7.1525242868539225,3.3088416131767984,21.0,13.5,18.0,12.0,248.48628439690364,2421.248630061317,18.593236734216674
311,1,175616,11183.5972838,15.702997483143331,1402.0253154618076,1.6270392209860325e-05,1.0,0.6146133339022836,-6.329459053188625,6.329459053188625,6.430078142161691,1.7209420530711024,0.38732866837193314,0.5986431858497422,0.2501373166820918,0.0,0.35126078407281447,11.439385914504488,7.1525242868539225,3.3088416131767984,21.0,13.5,18.0,12.0,248.48628439690364,2421.248630061317,18.593236734216674
312,1,176128,11217.3297969,15.701419427703232,1369.5577077610465,1.5755664188985953e-05,1.0,0.6346923798357247,-6.329459053188625,6.329459053188625,6.430078142161691,1.7209420530711024,0.38732866837193314,0.5986431858497422,0.2501373166820918,0.0,0.35126078407281447,11.439385914504488,7.1525242868539225,3.3088416131767984,21.0,13.5,18.0,12.0,248.48628439690364,2421.248630061317,18.593236734216674
313,1,176640,11260.828665199999,15.6862345793326,1338.2434065889854,1.4760693414292547e-05,1.0,0.6774749477769896,-6.329459053188625,6.329459053188625,6.430078142161691,1.7209420530711024,0.38732866837193314,0.5986431858497422,0.2501373166820918,0.0,0.35126078407281447,11.439385914504488,7.1525242868539225,3.3088416131767984,21.0,13.5,18.0,12.0,248.48628439690364,2421.248630061317,18.593236734216674
314,1,177152,11309.8314749,15.663540203331488,1307.4949681965318,1.366193952037701e-05,1.0,0.731960493975605,-6.4384979715462505,6.4384979715462505,6.4384979715462505,1.819952562252229,0.3842279734495779,0.5313521141280053,0.20546271036824268,0.0,0.44905827803180576,12.115209013458887,6.444667214772661,3.359048380242122,22.0,13.0,18.0,12.0,252.54727309951224,2441.685279678679,19.230783082951355
315,1,177664,11346.817728999999,15.65760588062761,1275.290753403458,1.3564582464573309e-05,1.0,0.7372139928462266,-6.4384979715462505,6.4384979715462505,6.4384979715462505,1.819952562252229,0.3842279734495779,0.5313521141280053,0.20546271036824268,0.0,0.44905827803180576,12.115209013458887,6.444667214772661,3.359048380242122,22.0,13.0,18.0,12.0,252.54727309951224,2441.685279678679,19.230783082951355
316,1,178176,11384.2234909,15.651133355070314,1243.1048639488506,1.3399189206120467e-05,1.0,0.7463138139307869,-6.4384979715462505,6.4384979715462505,6.4384979715462505,1.819952562252229,0.3842279734495779,0.5313521141280053,0.20546271036824268,0.0,0.44905827803180576,12.115209013458887,6.444667214772661,3.359048380242122,22.0,13.0,18.0,12.0,252.54727309951224,2441.685279678679,19.230783082951355
317,1,178688,11429.056700899999,15.634536136821243,1211.6764983762175,1.266962139345233e-05,1.0,0.7892895682871791,-6.4384979715462505,6.4384979715462505,6.4384979715462505,1.819952562252229,0.3842279734495779,0.5313521141280053,0.20546271036824268,0.0,0.44905827803180576,12.115209013458887,6.444667214772661,3.359048380242122,22.0,13.0,18.0,12.0,252.54727309951224,2441.685279678679,19.230783082951355
318,1,179200,11463.5166887,15.632201257808076,1179.1045736948572,1.2191254711082952e-05,1.0,0.820260115713036,-6.4384979715462505,6.4384979715462505,6.4384979715462505,1.819952562252229,0.3842279734495779,0.5313521141280053,0.20546271036824268,0.0,0.44905827803180576,12.115209013458887,6.444667214772661,3.359048380242122,22.0,13.0,18.0,12.0,252.54727309951224,2441.685279678679,19.230783082951355
319,2,180224,11566.512262999999,15.581533646621962,1117.219934494318,1.0137581423808733e-05,1.0,0.9864285752136485,-6.34154715745974,6.34154715745974,6.4384979715462505,1.7934869072101496,0.3596346429820341,0.6018720158066814,0.23134612018208559,0.0,0.33036450725524996,11.576564860394953,6.125295210803047,3.0903622931413177,20.0,15.0,18.0,12.0,244.82597207441285,2387.3600741816495,33.10251361410386
320,2,180736,11602.5114886,15.577317047053254,1084.6540485093483,8.976054839697867e-06,1.0,1.1140751898900607,-6.34154715745974,6.34154715745974,6.4384979715462505,1.7934869072101496,0.3596346429820341,0.6018720158066814,0.23134612018208559,0.0,0.33036450725524996,11.576564860394953,6.125295210803047,3.0903622931413177,20.0,15.0,18.0,12.0,244.82597207441285,2387.3600741816495,33.10251361410386
321,2,181248,11632.7186043,15.580880632064995,1051.5451845694915,8.661975243705727e-06,1.0,1.1544710898667778,-6.34154715745974,6.34154715745974,6.4384979715462505,1.7934869072101496,0.3596346429820341,0.6018720158066814,0.23134612018208559,0.0,0.33036450725524996,11.576564860394953,6.125295210803047,3.0903622931413177,20.0,15.0,18.0,12.0,244.82597207441285,2387.3600741816495,33.10251361410386
322,2,181760,11668.7189657,15.576688455200644,1018.9585575681691,7.025841256336043e-06,1.0,1.4233170997112696,-6.348433251229501,6.348433251229501,6.4384979715462505,1.816896847713638,0.3722380362284832,0.6691370184155632,0.1589761323410106,0.0,0.32480247770291926,11.213513548548752,6.564745069145518,3.3619286921423246,20.0,15.0,20.0,10.0,249.22347236504095,2028.0494998046938,9.485777057049095
323,2,182272,11702.031516,15.576098880846667,986.1262513483144,6.5662287395559815e-06,1.0,1.5229442038408512,-6.348433251229501,6.348433251229501,6.4384979715462505,1.816896847713638,0.3722380362284832,0.6691370184155632,0.1589761323410106,0.0,0.32480247770291926,11.213513548548752,6.564745069145518,3.3619286921423246,20.0,15.0,20.0,10.0,249.22347236504095,2028.0494998046938,9.485777057049095
324,2,182784,11736.419694799999,15.574085177014014,953.3786306700279,6.348190643332292e-06,1.0,1.5752519988515656,-6.348433251229501,6.348433251229501,6.4384979715462505,1.816896847713638,0.3722380362284832,0.6691370184155632,0.1589761323410106,0.0,0.32480247770291926,11.213513548548752,6.564745069145518,3.3619286921423246,20.0,15.0,20.0,10.0,249.22347236504095,2028.0494998046938,9.485777057049095
325,2,183296,11789.9050052,15.546859785482269,922.1154752670391,5.19343213897921e-06,1.0,1.925508937518444,-6.348433251229501,6.348433251229501,6.4384979715462505,1.816896847713638,0.3722380362284832,0.6691370184155632,0.1589761323410106,0.0,0.32480247770291926,11.213513548548752,6.564745069145518,3.3619286921423246,20.0,15.0,20.0,10.0,249.22347236504095,2028.0494998046938,9.485777057049095
326,2,183808,11828.820036199999,15.538997079800717,889.6327046724233,4.821268527723924e-06,1.0,2.0741429236925133,-6.348433251229501,6.348433251229501,6.4384979715462505,1.816896847713638,0.3722380362284832,0.6691370184155632,0.1589761323410106,0.0,0.32480247770291926,11.213513548548752,6.564745069145518,3.3619286921423246,20.0,15.0,20.0,10.0,249.22347236504095,2028.0494998046938,9.485777057049095
327,3,184832,11955.471610699999,15.460034201794068,827.9412472783932,8.389247967058186e-06,1.0,1.1920019576565988,-6.379174401383299,6.379174401383299,6.4384979715462505,1.8032883830767439,0.3791490123420329,0.6489359460248543,0.16734262372043043,0.0,0.40150653622947224,11.744164514115745,7.2005139709398165,3.2892461102884427,20.0,12.0,18.0,12.0,268.1075633556826,1960.2933241523535,22.777986066271954
328,3,185344,11993.1210571,15.454192375576435,795.1240479845303,8.021761551813242e-06,1.0,1.2466089817565813,-6.379174401383299,6.379174401383299,6.4384979715462505,1.8032883830767439,0.3791490123420329,0.6489359460248543,0.16734262372043043,0.0,0.40150653622947224,11.744164514115745,7.2005139709398165,3.2892461102884427,20.0,12.0,18.0,12.0,268.1075633556826,1960.2933241523535,22.777986066271954
329,3,185856,12036.3671155,15.441203995901832,762.6348310096419,7.675281292806717e-06,1.0,1.302883844709641,-6.415277231056731,6.415277231056731,6.4384979715462505,1.8137712257090175,0.38605775503982076,0.8052662231896387,0.13161134513158682,0.0,0.4069754877218614,11.943909311308218,6.273758044312419,3.2915766754698774,19.0,12.0,16.0,12.0,298.9276846729774,2334.1973297172467,16.948429954706757
330,3,186368,12070.7555271,15.43963006968255,729.5511582313187,7.525117203077592e-06,1.0,1.328882956920623,-6.415277231056731,6.415277231056731,6.4384979715462505,1.8137712257090175,0.38605775503982076,0.8052662231896387,0.13161134513158682,0.0,0.4069754877218614,11.943909311308218,6.273758044312419,3.2915766754698774,19.0,12.0,16.0,12.0,298.9276846729774,2334.1973297172467,16.948429954706757
331,3,186880,12106.4907102,15.436347697566005,696.5378216827397,7.396907948065722e-06,1.0,1.3519162425990419,-6.415277231056731,6.415277231056731,6.4384979715462505,1.8137712257090175,0.38605775503982076,0.8052662231896387,0.13161134513158682,0.0,0.4069754877218614,11.943909311308218,6.273758044312419,3.2915766754698774,19.0,12.0,16.0,12.0,298.9276846729774,2334.1973297172467,16.948429954706757
332,3,187392,12154.021360499999,15.418106850545387,664.154172704918,6.879302167048481e-06,1.0,1.45363581322238,-6.415277231056731,6.415277231056731,6.4384979715462505,1.8137712257090175,0.38605775503982076,0.8052662231896387,0.13161134513158682,0.0,0.4069754877218614,11.943909311308218,6.273758044312419,3.2915766754698774,19.0,12.0,16.0,12.0,298.9276846729774,2334.1973297172467,16.948429954706757
333,3,187904,12195.905683899999,15.407137843649853,631.3956621092642,6.410363500798245e-06,1.0,1.5599739388811191,-6.415277231056731,6.415277231056731,6.4384979715462505,1.8137712257090175,0.38605775503982076,0.8052662231896387,0.13161134513158682,0.0,0.4069754877218614,11.943909311308218,6.273758044312419,3.2915766754698774,19.0,12.0,16.0,12.0,298.9276846729774,2334.1973297172467,16.948429954706757
334,3,188416,12243.135803699999,15.389521362905963,598.8490338766304,5.576542859095659e-06,1.0,1.7932257050063607,-6.415277231056731,6.415277231056731,6.4384979715462505,1.8137712257090175,0.38605775503982076,0.8052662231896387,0.13161134513158682,0.0,0.4069754877218614,11.943909311308218,6.273758044312419,3.2915766754698774,19.0,12.0,16.0,12.0,298.9276846729774,2334.1973297172467,16.948429954706757
335,4,189440,12365.5843357,15.31993918419837,534.7279712735135,1.6153869839034608e-05,1.0,0.6190467113852651,-6.3066097893837645,6.3066097893837645,6.4384979715462505,1.804212969399714,0.3725974315340602,0.7700031615793705,0.10003375560684946,0.0,0.35075117100983383,11.874812374487352,4.857000532530633,3.248568229667144,20.0,15.0,20.0,15.0,256.1556908821028,2245.847922159323,16.650646403431892
336,4,189952,12402.8318898,15.315212016718148,501.462205787062,1.4344024099782845e-05,1.0,0.6971544338210773,-6.3066097893837645,6.3066097893837645,6.4384979715462505,1.804212969399714,0.3725974315340602,0.7700031615793705,0.10003375560684946,0.0,0.35075117100983383,11.874812374487352,4.857000532530633,3.248568229667144,20.0,15.0,20.0,15.0,256.1556908821028,2245.847922159323,16.650646403431892
337,4,190464,12433.389683,15.318750948538094,467.92326763978497,1.3673868845945386e-05,1.0,0.7313219186657056,-6.367992207122414,6.367992207122414,6.4384979715462505,1.8017577425090956,0.3915808248827056,0.8580270319619743,0.18442231430859454,0.0,0.34794683986487024,11.897667925925237,5.592933790892256,3.3117046503122536,20.0,15.0,20.0,13.0,246.29757683072694,2162.460047328861,23.43463636194414
338,4,190976,12467.2697075,15.318189505847746,434.5161024061662,1.2265617354572918e-05,1.0,0.8152871323897738,-6.367992207122414,6.367992207122414,6.4384979715462505,1.8017577425090956,0.3915808248827056,0.8580270319619743,0.18442231430859454,0.0,0.34794683986487024,11.897667925925237,5.592933790892256,3.3117046503122536,20.0,15.0,20.0,13.0,246.29757683072694,2162.460047328861,23.43463636194414
339,4,191488,12497.2654763,15.322391955515444,400.9817799882353,1.1949367649737062e-05,1.0,0.8368643674814074,-6.367992207122414,6.367992207122414,6.4384979715462505,1.8017577425090956,0.3915808248827056,0.8580270319619743,0.18442231430859454,0.0,0.34794683986487024,11.897667925925237,5.592933790892256,3.3117046503122536,20.0,15.0,20.0,13.0,246.29757683072694,2162.460047328861,23.43463636194414
340,4,192000,12529.2588014,15.324130744154333,367.52492484106665,1.1483615103155253e-05,1.0,0.8708059187086813,-6.367992207122414,6.367992207122414,6.4384979715462505,1.8017577425090956,0.3915808248827056,0.8580270319619743,0.18442231430859454,0.0,0.34794683986487024,11.897667925925237,5.592933790892256,3.3117046503122536,20.0,15.0,20.0,13.0,246.29757683072694,2162.460047328861,23.43463636194414
341,4,192512,12563.9159516,15.322611257637696,334.1467008404255,1.1046517029357217e-05,1.0,0.9052627152453578,-6.367992207122414,6.367992207122414,6.4384979715462505,1.8017577425090956,0.3915808248827056,0.8580270319619743,0.18442231430859454,0.0,0.34794683986487024,11.897667925925237,5.592933790892256,3.3117046503122536,20.0,15.0,20.0,13.0,246.29757683072694,2162.460047328861,23.43463636194414
342,4,193024,12596.740697,15.32332883902024,300.71794767374,1.0421478970377167e-05,1.0,0.9595567028849539,-6.367992207122414,6.367992207122414,6.4384979715462505,1.8017577425090956,0.3915808248827056,0.8580270319619743,0.18442231430859454,0.0,0.34794683986487024,11.897667925925237,5.592933790892256,3.3117046503122536,20.0,15.0,20.0,13.0,246.29757683072694,2162.460047328861,23.43463636194414
343,5,194048,12689.1485958,15.292436567747993,234.36422208601581,1.9058737403224192e-05,1.0,0.5246937290981449,-6.275385039939998,6.275385039939998,6.4384979715462505,1.822699332096784,0.3760293326721189,0.4149800057377214,0.25150128995271864,0.0,0.512112674431338,11.652763370105726,5.4351443774026675,3.3225551818130827,20.0,15.0,21.0,12.0,248.27894828065533,2270.768208679593,28.912205139432537
344,5,194560,12720.267651299999,15.295275644621846,200.84633133631576,1.8772694303654235e-05,1.0,0.5326885868510323,-6.275385039939998,6.275385039939998,6.4384979715462505,1.822699332096784,0.3760293326721189,0.4149800057377214,0.25150128995271864,0.0,0.512112674431338,11.652763370105726,5.4351443774026675,3.3225551818130827,20.0,15.0,21.0,12.0,248.27894828065533,2270.768208679593,28.912205139432537
345,5,195072,12761.267748299999,15.286255554506852,167.4707053582677,1.6435087822244785e-05,1.0,0.6084543087421207,-6.30572322046268,6.30572322046268,6.4384979715462505,1.7651560819247618,0.38104256525275526,0.43694218970056387,0.2460553388676598,0.0,0.4819852524097506,11.506687675794897,5.602977428840182,3.290349646958431,20.0,13.0,17.0,12.0,251.86932975954232,2526.339611972543,35.635538123504176
346,5,195584,12785.250348099999,15.297627709657286,133.8769669958115,1.634749800348216e-05,1.0,0.611714404116759,-6.308090893182232,6.308090893182232,6.4384979715462505,1.7969047921922836,0.38087069028006976,0.6888978319685228,0.2530156377646201,0.0,0.41947359690239105,11.675744960836697,5.226735564878595,3.24928832764925,22.0,13.0,20.0,15.0,240.76051767685965,2274.0727263435465,26.72728536753338
347,5,196096,12816.180753999999,15.300658110552739,100.38783880417753,1.4948557754818702e-05,1.0,0.6689608565599898,-6.308090893182232,6.308090893182232,6.4384979715462505,1.7969047921922836,0.38087069028006976,0.6888978319685228,0.2530156377646201,0.0,0.41947359690239105,11.675744960836697,5.226735564878595,3.24928832764925,22.0,13.0,20.0,15.0,240.76051767685965,2274.0727263435465,26.72728536753338
348,5,196608,12842.773716,15.308842493663073,66.8894464375,1.471576816763679e-05,1.0,0.6795431870143345,-6.308090893182232,6.308090893182232,6.4384979715462505,1.7969047921922836,0.38087069028006976,0.6888978319685228,0.2530156377646201,0.0,0.41947359690239105,11.675744960836697,5.226735564878595,3.24928832764925,22.0,13.0,20.0,15.0,240.76051767685965,2274.0727263435465,26.72728536753338
349,5,197120,12878.6595244,15.305940779514751,33.45106369974026,1.2806115169603306e-05,1.0,0.7808769378973004,-6.340931695570151,6.340931695570151,6.4384979715462505,1.7931618924020247,0.38481822388533904,0.7432275167530165,0.22925061297890062,0.0,0.42540200433329056,11.664985419647778,6.653690870874794,3.3561918173036553,22.0,13.0,17.0,12.0,244.72532556798336,2380.3122490000565,30.044743123350433
350,5,197632,12912.9391958,15.304958615795297,0.0,1.2725058823823514e-05,1.0,0.7858509841446285,-6.340931695570151,6.340931695570151,6.4384979715462505,1.7931618924020247,0.38481822388533904,0.7432275167530165,0.22925061297890062,0.0,0.42540200433329056,11.664985419647778,6.653690870874794,3.3561918173036553,22.0,13.0,17.0,12.0,244.72532556798336,2380.3122490000565,30.044743123350433
