ducks_num,pucks_num,score,objective,generation,population_index,wing_span,wing_chord,tail_arm,nose_length,banner_length,batt_capacity,prop_diameter_in,prop_pitch_in,motor_kv,motor_max_power,cruise_throttle,mission3_cruise_throttle
4,1,0.8333333333333334,-0.8333333333333334,1,50,1.2460108487440424,0.3509458474442363,0.5590046961273863,0.2461079320300195,4.74285182973773,2.743642076881728,24.986749873496592,16.864106571301818,302.4931739402619,1453.7167083472013,0.5071697225794196,0.6676304028369486
5,1,-7.792032455883839,7.792032455883839,1,83,1.0427076458428055,0.21628958754241467,0.8698299625888467,0.09532042840495707,3.4578508134000003,1.4208747055381536,12.881341283209622,10.128861792385578,470.06683154031634,1880.0761327147484,0.7867784476839006,0.9682755949907005
10,2,0.3697460474611401,-0.3697460474611401,4,138,1.1079043487520568,0.2600682299365057,0.402447714459546,0.20799975162710332,1.349539218771146,3.381821029819548,19.144289655702604,8.925487237982452,338.7311999133654,2404.606286503864,0.6164359398866451,0.9309472336060269
12,1,4.452699620687046,-4.452699620687046,40,177,1.4796450184367644,0.3882717937228384,0.8874518845654997,0.0862579131099299,3.0026477063224326,2.7624554823271787,12.622474989091417,5.941854540220771,343.5162444649624,2118.2628024700916,0.9999899708854415,0.7577641533842812
12,4,-5.119172639457241,5.119172639457241,7,38,1.2554060153297288,0.2199591629750856,0.4557691490215491,0.2823568039887814,3.2408907492485,1.5134913933654237,19.160974738840856,10.721591143714113,323.5209315583858,1159.7475827882681,0.6621550729954615,0.9858666487065044
13,3,0.30864197530864196,-0.30864197530864196,2,114,1.2619453865775723,0.16361679523648115,0.31540769495768595,0.1594693002745551,4.934571349464003,3.823237170502072,17.51672066142533,13.66072372268059,310.34890454391143,1684.8763371583345,0.5018439960461034,0.9379293510484561
14,3,2.3296484837579845,-2.3296484837579845,28,245,1.2542492431468046,0.2426917298399156,0.45634293423685035,0.196355041862446,1.137692176333831,3.822514751818313,11.567708270474398,8.555192753648395,471.7501058642824,1898.3425763690416,0.8341598477917364,0.9037725772723282
15,3,2.8526296532411424,-2.8526296532411424,6,114,1.0467109743439411,0.14688304004297037,0.3445143225515371,0.09826028126381468,4.158500098562349,2.8970520160056252,18.855918539985062,13.66072372268059,220.61427916801267,1229.922736964405,0.9011010169394188,0.9379293510484561
15,4,4.697372132480958,-4.697372132480958,9,85,1.4439822036560768,0.3167984861290997,0.7534878870331316,0.2107144168093556,1.134704337246877,3.3819158876742117,11.052971654571593,8.533147415690808,413.31395929355347,1223.422298843825,0.8020215541638787,0.9396498383703207
15,5,-1.7870134255448935,1.7870134255448935,6,18,1.4684776705056501,0.24603134966987134,0.4848100821170233,0.18842236853223007,1.1514961042952503,3.0404674455813736,19.293210677416045,10.842086213488203,329.51547212433,2452.487649321612,0.520415206989649,0.8991410341170082
16,2,-6.214809842500448,6.214809842500448,4,57,1.3872715679803573,0.23236720898235294,0.3121066391444134,0.16456934840088885,4.969230349582492,3.204212805721909,15.45453185460168,11.266046730577315,459.5508031560471,1568.1358972414073,0.7497545761352177,0.9099241570917542
16,5,0.24509803921568626,-0.24509803921568626,7,130,1.086535252645339,0.16560251962743255,0.7485022136941553,0.1361919811123213,3.7614115143302835,2.028696844087811,16.020557850022847,10.811031098334837,223.23464067681988,1098.8626351485966,0.7381382997985098,0.642952544094197
17,1,-0.5864331043472202,0.5864331043472202,5,248,1.4014177988583365,0.3894498267484904,0.6499762677389865,0.2698584036835807,0.963238958735019,1.5343053329237253,16.02097819184919,7.758343328225403,489.4812672656775,1244.194807695695,0.5738135521098324,0.8121279584444159
17,2,0.1403316375305529,-0.1403316375305529,8,199,1.1305563658075037,0.23899634882149473,0.40094712879613903,0.2194451415217752,0.6020761350154773,2.8280324304714255,18.851613453524855,10.09311472106729,462.5999600821566,1436.9250577865723,0.9025117719572285,0.5346263144509589
18,1,1.2218882092427,-1.2218882092427,12,161,1.1985450106233029,0.38626099618687293,0.8386242121176225,0.2715515577630404,1.875358169211633,3.2299422486866067,12.039092300413206,7.727154458490176,404.19889164149265,2050.9006444301735,0.7458000031050135,0.7889506890036851
18,2,-8.329509623621256,8.329509623621256,6,111,0.924700213673916,0.37116188934886035,0.8195600987089661,0.2506637078584643,2.2561549168943875,2.2799280673140103,18.048122473992407,9.103091861223206,356.98009351768764,2927.253846079111,0.5400343163418047,0.6817066679403332
18,3,3.887874530463211,-3.887874530463211,24,242,1.1868151493733523,0.18473870259798064,0.4958428025341258,0.29555523345053847,0.9967375050889062,2.8096734546181508,14.604850269693442,11.54691608669083,360.28986740096155,1176.4311089386656,0.8412609871592805,0.8613154432448418
19,3,4.601287615389716,-4.601287615389716,23,157,1.4496345101100148,0.3723136373405194,0.8888325955245036,0.15256052149037702,0.7752316468811546,2.297481647051539,12.035515265578358,6.104396247586986,450.33568066510895,1385.5992304834501,0.8478808340858683,0.8791718129354168
19,6,0.4603589263123897,-0.4603589263123897,7,253,1.4569106922331918,0.27499003158755336,0.5624864183709928,0.25097404115446026,3.0744853704951187,2.3994836784891858,13.008530958526535,9.15729918327028,366.9430600230494,2308.9391954767316,0.6968016774951241,0.7273213001418649
20,2,0.22123893805309736,-0.22123893805309736,5,63,1.1373473897737827,0.23530387881906117,0.6695340757247327,0.19284035571517824,2.231040538121214,3.00390139498717,23.360419278056114,17.88688473380662,371.48030127868174,1103.5154886129785,0.6922670470027921,0.6719779843547893
20,6,0.2,-0.2,4,36,1.3269704709927992,0.2250612363714776,0.46442808968144916,0.2096486344513752,0.5640940324648316,2.652560854419406,19.848995362365542,13.923938744701445,469.5073674233696,1413.767297741613,0.6558855887653778,0.8186566600386688
21,1,4.535005332541471,-4.535005332541471,14,8,1.2648635527440424,0.3370297596058474,0.8556409165598216,0.11724611807573673,1.0808791320068316,3.5341611102142774,15.412322215832749,9.593045340230276,397.55727615591763,1160.0151188053546,0.8686494483079401,0.7153691287065956
21,2,-14.728429485034379,14.728429485034379,6,91,1.5181603703136766,0.2831801923723075,0.41348126661032436,0.14213490002713405,4.10583266383037,1.6272694312614342,21.860324242152274,9.324625984741893,386.88298294519586,1168.7875008253995,0.915367835039594,0.8053817772937593
21,3,4.411756000407571,-4.411756000407571,21,200,1.360185164107365,0.39535195848210986,0.6551302605538436,0.23390521537519623,2.066906877135438,4.0409769012950285,16.053505405746552,9.97081615403996,272.7630366684225,2206.6017126224697,0.9769739920115517,0.7319368666491842
21,4,0.20161290322580644,-0.20161290322580644,6,231,1.199017907842994,0.23787052140991796,0.6027188594419854,0.08967384333759523,2.000298960134387,1.5682758252932534,16.347232526168227,8.242077488452196,233.59780906138036,1054.9407405089362,0.7220822755397172,0.6638053194512363
21,5,0.1968503937007874,-0.1968503937007874,5,8,1.270345303771115,0.2027156416826491,0.6708343177604714,0.11724611807573673,2.2708980733678876,2.229013465557202,17.96107538955339,9.013504668358838,213.72539917315868,1564.3061758109789,0.9022338170844892,0.7633357199981039
21,6,2.176425680183934,-2.176425680183934,18,158,1.4489388533284129,0.255323466746281,0.5921905639286302,0.20018568643843648,1.4565585900325584,1.90766765403419,10.092577319898684,7.950392383982695,291.9006692916555,1220.602197572589,0.9830215185849301,0.8245505006780628
21,7,4.357296327917918,-4.357296327917918,19,150,1.0679425253519945,0.374640080136734,0.8052629570255556,0.2831738393138526,4.389257409703118,3.7704598311223214,13.561929296488184,9.7927273084698,488.7360883939525,1391.3683493031388,0.9422206034815249,0.6987336646823086
22,2,0.2032520325203252,-0.2032520325203252,8,214,1.2560491949274308,0.2628053529086551,0.37073892378224416,0.2952231523291537,0.700197438195985,2.382489010970535,15.977246632073062,6.845399986514336,291.05965357791473,2301.292159751249,0.5914300471032249,0.8408591351572823
22,6,-11.371662976371374,11.371662976371374,4,116,1.4293497119519443,0.2548180099820251,0.3538341842930095,0.1410456781117962,4.336953376891636,2.2951156679991565,20.30678308571444,13.009404525987723,418.169878672951,2821.8042010295158,0.6779037691765806,0.7780501207949254
23,2,4.514084868548012,-4.514084868548012,31,91,1.0258459811910279,0.36155287845408857,0.8633891054010908,0.14213490002713405,1.1449789834196429,3.3685188007453237,16.576063352574657,11.457682404063824,327.9521275879265,1601.8544487487077,0.7949241671486,0.9578683657350058
23,7,0.17482517482517482,-0.17482517482517482,7,126,1.477573651090107,0.16342122282309035,0.698653727853527,0.21693728509631371,2.432228097152494,1.6657969568766697,13.393432993310647,6.357193036646806,325.53936167767915,1450.7090525564126,0.5523446587269416,0.5356622031945724
24,2,4.400740181141558,-4.400740181141558,21,166,1.3424866371328665,0.3835052420056043,0.889393463161723,0.2771336861102236,4.311412751814954,3.5426064566671305,11.654948258353237,7.999114318152113,383.87291199228446,1499.0106396339495,0.9007382991267491,0.8748153066418953
24,3,-5.614979842623632,5.614979842623632,7,221,1.414412752360598,0.28819711931176206,0.47281841072168806,0.11118018159589851,4.348437633531381,4.113171792115973,24.124144466830494,10.933366255819786,298.9655751909902,1504.6477891872091,0.5233308984147752,0.8635655010178737
24,5,-2.6621754432156797,2.6621754432156797,7,88,1.4873276194519647,0.2070652227919245,0.4630025864288275,0.24461645417583744,2.5687785746778307,2.4874363726737667,16.762036185324547,11.549060667127122,371.263116360902,2678.190850669982,0.5899230439699191,0.8248157939413285
24,6,1.5899847282516726,-1.5899847282516726,32,210,1.3387925734897783,0.2798928320984963,0.8578430914679835,0.2572658392292918,1.5536008630347349,3.63457436012615,16.80320708373045,12.706195426681965,373.7534756912564,1558.9767640321516,0.8154000765130024,0.8964070876455775
24,7,-18.336008430433328,18.336008430433328,6,88,0.9942397300618457,0.127658880938298,0.4630025864288275,0.2801946717613127,2.5687785746778307,1.1052623071863716,22.490381278452233,16.038668776845608,489.5585401133476,1265.488754121126,0.5912202894633095,0.6910643276857716
24,8,-1.763803153750227,1.763803153750227,6,17,1.2876151623329777,0.18657637985052344,0.35954167540188037,0.13376889280372511,1.8407955097102628,3.4869926270097946,18.87761776499458,12.13646949212133,373.9493910719773,1013.9511985070228,0.7765546072991594,0.9476487062479395
25,4,0.1736111111111111,-0.1736111111111111,7,247,1.1436757987234742,0.2017580601936175,0.8298430071700552,0.2811216970649306,4.969200835886897,2.7278222469612956,13.686808957429895,7.019256061000596,289.3830803276327,2428.7019714459493,0.7193972376666063,0.5640973723493516
25,5,3.310337024132676,-3.310337024132676,8,92,1.4105445927776372,0.17594330988547174,0.4708111101492697,0.1619431037353181,1.638689901374998,3.5798315693457825,10.778847952957532,8.462351668542835,425.44744735620645,2157.96376724999,0.7308119418945633,0.5606684513596976
25,6,0.42608273002393116,-0.42608273002393116,13,196,1.1133118587564603,0.28433941573060917,0.7070043073177501,0.26176690536701697,2.84750325195711,2.964556227232639,13.937314034112822,11.066003478487485,464.9125156241771,1324.0524107627239,0.6097643272367317,0.6852267619465702
25,8,-5.563308885746693,5.563308885746693,9,41,1.268608650601787,0.32751946374038343,0.7683846326637297,0.2549174745216182,3.0918298786797886,3.1197151516636317,16.7840469574828,10.16722310840809,263.9427568040945,1219.252292837181,0.6950802481325717,0.9007161984179295
26,4,4.486358207434242,-4.486358207434242,16,156,1.3814297473826047,0.25053452778185487,0.8671124412506521,0.20294498218991203,4.202292603268335,1.930459859315306,15.090706972814829,10.090104365626297,416.7494918000944,1803.4916847513066,0.7756533932012226,0.5431811900501163
26,5,-1.9679789133050356,1.9679789133050356,6,182,1.4086049215356151,0.2761693840430771,0.4637635188706595,0.2097648070009134,1.067026381000961,3.4260186627315754,14.665390766609397,11.179199509091614,455.344377644633,1612.7908634845883,0.662597961932048,0.7886095242915541
26,6,0.16129032258064516,-0.16129032258064516,17,62,1.480485399705968,0.306612943913649,0.8353184543822008,0.2901979451933029,2.9256744778331907,3.781342483868465,17.251283350961817,7.801407748171213,217.44697208150626,1727.4264145453415,0.9553218058110565,0.6147705324843239
26,8,2.552724438984806,-2.552724438984806,3,0,1.491901093559109,0.2312693653683744,0.45445895097421435,0.23884044746640326,0.7425415682712337,2.9568907590582967,17.084092369540485,11.303138809819028,498.73405802673403,1592.1573761639409,0.5666698970242531,0.9297556726841558
27,1,1.74050384052192,-1.74050384052192,8,31,1.4917345036010419,0.2268554131673012,0.6466516134772694,0.236019449756094,0.8066296315755896,3.2811261048345983,15.433720590410664,11.707754681818187,288.0690164303659,1129.7846032035097,0.8183534462823643,0.7238852693041611
27,3,0.16556291390728478,-0.16556291390728478,7,245,1.402679049635924,0.16503635348119264,0.47121003312285115,0.21536538191892252,3.8402278293942778,1.5995323869946965,11.410974012320622,8.47181690919129,286.01996726665453,1898.3425763690416,0.7427647308651882,0.7486595825579242
27,4,4.463364815762267,-4.463364815762267,19,159,1.4068454216384285,0.31834395431341006,0.881917204263326,0.15887511672735186,4.187835947592946,3.0096135516708356,12.042304598508561,7.957706940125357,446.7721776265069,1083.5085064054424,0.8978082555533928,0.6228179250726394
27,5,0.1592356687898089,-0.1592356687898089,7,84,1.3154718805885375,0.2544104775791968,0.6228106207712336,0.1308062303500093,4.468651372055913,2.3540717033881973,14.40042480699824,7.914722988999877,252.79740225616413,1948.493928004867,0.5891684683660723,0.7007551708977813
27,6,-0.6965488224648908,0.6965488224648908,5,151,1.2820381689741673,0.20969298621440804,0.6309906260130628,0.12182039808021973,1.4485351511231612,2.3825774702735933,18.508048153906543,9.03395459367458,335.74425217309494,1651.2099091997284,0.7292968507100863,0.660263270170126
27,9,0.14792899408284024,-0.14792899408284024,7,219,1.356074603155561,0.18959434711841439,0.49034987110644573,0.2101875713493203,4.327395910403345,4.417579154825299,14.003240261874119,8.92788789201529,227.63049120719734,1282.9388471139987,0.6618607659292777,0.7353974063231351
28,2,0.4214729633079646,-0.4214729633079646,7,54,1.3662127664087214,0.3131789867207408,0.5287768538911721,0.24738004327439178,4.3221260743746095,1.8028461066203023,11.24330388042091,8.771832303144038,493.36696226667937,1613.3779967978703,0.6314555231758536,0.6581010457164603
28,3,0.16025641025641027,-0.16025641025641027,6,115,1.3112864821945402,0.26715014929513065,0.5035769119120823,0.21382678790932172,3.705330543526095,1.096073215947067,14.90021525387114,6.150515266257211,349.6018882431869,1505.3938258671358,0.6568062662802576,0.5262664235848713
28,4,1.3260402810431149,-1.3260402810431149,2,104,1.5137563150833937,0.21566088767463554,0.4362399308010935,0.19211388907532545,2.1831445368006825,3.392423664785678,20.31370829448739,15.651636138004129,219.6000423282385,2521.1128387600183,0.7618360550329107,0.7271372023821456
28,5,3.3631996944763793,-3.3631996944763793,9,112,1.5118007399799132,0.3047001648428165,0.7317189880218313,0.20436661044511684,1.1238602348449793,2.6789089996238,11.79865189241044,9.002079794962818,480.8404319856868,1810.3098442747348,0.8057585688762202,0.7485539752376023
28,8,3.02698889055269,-3.02698889055269,4,0,1.4138513383148656,0.17531753371902886,0.45570493447531335,0.22682179537111774,4.3904024897248135,2.4383362701452778,16.476294075254845,10.128861792385578,352.42347673479185,1275.0131885426267,0.6529403600059004,0.730114890031596
28,9,4.62442512892946,-4.62442512892946,17,60,1.5234645890205463,0.3401019666165185,0.6898369149593284,0.22682179537111774,2.2798620427034493,3.0223956734243034,16.476294075254845,10.128861792385578,352.42347673479185,1100.9226443774724,0.9685450836877891,0.6079907655738248
29,3,-1.1137966962859078,1.1137966962859078,4,49,1.484198138165035,0.16324568322650418,0.6421130522964487,0.16329649613268366,2.9294481188990176,3.452812604449917,16.594260154870334,13.225792155601084,332.73148638482354,1627.0136291238823,0.5220543477063471,0.9032555320300162
29,4,-1.1701840340719292,1.1701840340719292,12,28,1.4581653775747057,0.16351392435054785,0.7231322154668398,0.161440414956086,3.2154896598672726,3.527479094779856,15.773756502028101,7.242656191458326,423.92153695613877,2404.401884212375,0.7370428659244521,0.6656435390712168
29,5,-4.07068996095224,4.07068996095224,5,18,1.2779967284109461,0.24603134966987134,0.45707442068299325,0.09319676751201945,2.407938238284702,3.0404674455813736,18.586746348644656,12.300722317708775,329.51547212433,1684.18753387944,0.9282557721424896,0.8991410341170082
29,9,0.13966480446927373,-0.13966480446927373,6,135,1.1743042567940034,0.1537136894226715,0.8515376077973713,0.27691765105459254,1.1848144140094519,3.0415761540933475,16.79490365854999,10.038407768516462,318.70553285704585,1372.7999937087598,0.5884314558184662,0.6096237118022196
30,3,-2.9663692228722427,2.9663692228722427,4,242,1.397755385531883,0.21730834051926928,0.6394561342173355,0.29555523345053847,1.833156728806109,2.1040218924528307,18.558354966227327,7.681222876468535,415.2938676253104,1551.4931911780266,0.6382205070848849,0.6811045299395316
30,5,3.145588064361655,-3.145588064361655,8,107,1.258205495716893,0.17034232792210796,0.5070284542296566,0.289628582869456,0.8663340092747285,3.053757524076831,15.701445144379063,12.124295152744068,353.6249770660347,1517.9073579585474,0.7508417751310719,0.7847646592708366
30,6,0.14285714285714285,-0.14285714285714285,5,177,0.9736916098791426,0.2211323354685263,0.7244224721565843,0.2626647878090107,2.023242383264005,3.689436391530485,17.839221796020865,11.33370626902954,301.37860337272286,2118.2628024700916,0.6065354016128891,0.6215976434263797
30,9,1.043641438725452,-1.043641438725452,8,244,0.9331262995265426,0.3457463076142933,0.31676914120922783,0.2800105475588381,1.4986127850993902,2.2901283290856695,20.239354512391177,8.849397458605097,338.21691161503196,1087.5503905117512,0.7897877539508045,0.7500665436292532
30,10,4.6501746921739855,-4.6501746921739855,37,104,1.3700734813045468,0.3116535917492033,0.8938903954237795,0.2386125196557874,3.9112529500513666,2.1179521760817908,14.51093856117514,9.77371857764202,417.1921734078843,1931.6314631387784,0.7456380449073059,0.6729887063223279
31,6,0.1388888888888889,-0.1388888888888889,8,157,1.4623090388289914,0.2706246306432664,0.4054246055961944,0.15256052149037702,1.0445346001974876,3.2037925163553695,12.035515265578358,6.104396247586986,454.9198087086136,1437.3198465386645,0.6999791762750861,0.6930653607197113
31,7,-2.7502360746614265,2.7502360746614265,4,73,1.4397556867413224,0.33434528822198584,0.8886117164386252,0.2784298376469641,3.853465953499876,3.97640833094035,15.61810496263206,10.811317518912428,463.495864626101,1941.6625761029138,0.6967833348691246,0.8513771928150062
31,9,-1.2448658920130358,1.2448658920130358,3,140,1.4911710114497554,0.33916664734482765,0.6781996628506574,0.24694992579496547,1.5587200453186334,3.8775112573427912,16.81341007957808,12.898517558922672,437.28020943496716,2367.246740502188,0.6109566268125417,0.9487464327405968
31,10,-5.537774008837327,5.537774008837327,7,239,1.1785190890875425,0.13022559754550456,0.5188279660630596,0.27938264878466723,3.6042675911309323,2.7190832923299855,16.91973549688092,12.288015451411223,309.3134736893087,1233.0543200929294,0.526984214822907,0.5964740739715537
32,1,-2.4983562085401854,2.4983562085401854,6,24,1.4137837049488384,0.1268778912535389,0.7635911506737292,0.11107928477158797,3.1684728763634062,2.4212598642348175,17.649783913736034,8.025560056984599,455.7818344119636,1335.0353724726156,0.8517460788560255,0.5795217498154843
32,2,-5.45551664555692,5.45551664555692,4,24,1.4137837049488384,0.1872875243741286,0.46231684457457933,0.24570554876396417,3.1684728763634062,2.6357971907394715,17.649783913736034,10.539695224603886,398.15753829198536,1335.0353724726156,0.8517460788560255,0.9749012642359136
32,4,0.13966480446927373,-0.13966480446927373,8,236,1.4989071958442184,0.17613088395260534,0.4644230082715636,0.11905401568853737,3.848106876255379,1.5659918805092552,12.67316051479231,6.764304408037248,379.4027395283145,1245.2832053615784,0.6319855491272273,0.5826866259762022
32,5,0.13736263736263737,-0.13736263736263737,18,82,1.4056884547067898,0.25534642955506326,0.7736365127296899,0.16000815345400174,3.245857325580881,3.584660835398867,12.307564773445716,7.458259710766213,268.0165540356149,1400.1492838779982,0.9404138978333403,0.78848263908619
32,8,-4.278916764154806,4.278916764154806,3,75,1.4611497228432144,0.2691600472871866,0.5654991218326381,0.2854490700392321,2.962088424452703,2.3639577425349962,16.53371679416513,10.955869059678676,391.7069846940658,2389.1055876860396,0.5639379690119266,0.9669775227996156
32,9,-4.4202596789460085,4.4202596789460085,9,209,1.2385378674745455,0.3543907190661758,0.5614509477997653,0.27455778422968147,0.8043925537053749,3.5497117764579476,19.19489146265032,10.57440029449151,477.88678214849426,1220.7660046811566,0.7423563939356688,0.9410978803662444
32,10,4.775069284843988,-4.775069284843988,9,66,1.3899768930683123,0.3391415966782791,0.7969226098117275,0.14178583641737516,0.7884680234959882,3.2629934310313433,20.895334476770955,10.058451567937652,437.32449648743415,1441.3207425958649,0.5402254369553836,0.6314766039897036
33,4,0.1358695652173913,-0.1358695652173913,4,188,1.5057729344506683,0.24586599970580084,0.8577502140328056,0.22324505067539946,2.5074658608121103,2.7159853122619992,15.261876583716287,11.954375683496277,231.45494280661757,1765.0618181411955,0.6196322538369674,0.8249976243808619
33,5,0.9610150241282085,-0.9610150241282085,9,88,1.437749456721373,0.20239907993851738,0.4630025864288275,0.16963883284507192,1.4226797938005815,2.700407198598517,16.930713561080886,11.549060667127122,371.263116360902,1108.638402747872,0.5796788918364055,0.918731751737704
33,6,3.6366225775217416,-3.6366225775217416,7,0,1.475489084492303,0.18214368673435644,0.4051327871600855,0.28072398574842533,0.7867455876358149,2.7536646343378868,11.221561980626607,8.41787073739725,393.0499559734591,1521.6535019251216,0.7595895309456553,0.6452575954608619
33,10,-3.5089375328313004,3.5089375328313004,6,192,1.228289052487143,0.21337146322974432,0.8923910615330017,0.20960282002265487,1.9957278596656944,2.6079414028645367,22.01455472564849,13.588282740298055,280.0095809497624,1424.4747778277635,0.8219816128553359,0.7120315483120876
34,2,0.1366120218579235,-0.1366120218579235,5,214,1.2560491949274308,0.17252910052756992,0.7184983475133777,0.28073506231708434,4.859598432474426,2.382489010970535,15.977246632073062,6.845399986514336,291.05965357791473,1050.7005657068667,0.8865635074719558,0.8408591351572823
34,4,-10.833145508686528,10.833145508686528,2,214,1.4233632059370356,0.1716292138306103,0.7184983475133777,0.16917032130062581,3.5733734450344663,4.221637234760385,21.488562150885333,12.847821145318449,435.2688654039177,1272.674674168229,0.500052515791936,0.7878188578623675
34,5,1.7757458888928097,-1.7757458888928097,12,198,1.190078115414814,0.3230729686368427,0.5671866670782622,0.12079003280654714,1.499339726912402,3.488371729411329,14.8454200499864,9.922793963115728,396.2039849019888,1802.273406107021,0.7028834141412391,0.6123192740001825
34,7,4.036423304262627,-4.036423304262627,9,234,1.4093954893184595,0.3398990269856335,0.6730076631490176,0.22328325420724798,1.2769085638774225,3.7343733742175793,19.39564745884407,8.44773634923029,417.43746756119776,1240.3808599776257,0.9406111919541036,0.8734899278786865
34,8,-1.3806407936725975,1.3806407936725975,7,137,1.4546948422193038,0.14403427726393697,0.8996333245884588,0.19934809263022815,4.8044423801083695,2.1529216565621914,19.375266050155783,10.156640705985007,429.34972094537875,1242.3980775554664,0.5885242877525655,0.5287021523590941
34,9,0.12254901960784313,-0.12254901960784313,6,141,1.4981987253393998,0.3446185491216729,0.41572334747761486,0.20980905265789102,0.8217251794412732,4.2788203496076935,20.074564704634852,9.161948046509789,295.98732766335013,1535.5543723383134,0.5841877865601635,0.7458265762491705
34,10,2.3313833305636527,-2.3313833305636527,8,241,1.4195519866922006,0.3141416183801814,0.3655158575396834,0.2904995827467711,1.94206596327043,3.05159583612289,11.658160155349357,8.596132069880603,357.6976872459745,1783.985473176316,0.9718968802780694,0.5822563736522259
34,11,-9.681352788000668,9.681352788000668,6,106,0.9692417408074934,0.15413006647946648,0.5810389481061048,0.299227099490865,0.5381202306852484,2.6206913663245954,13.101754673948474,9.617492235608523,396.47417335111874,1734.4270369792919,0.9200075516400321,0.7542636479770393
35,3,-8.739655609410654,8.739655609410654,6,149,1.306501360243041,0.1900960390304232,0.8109152695323466,0.18377746441933476,3.565216487952831,3.4837745084976515,21.256692696068374,16.853947885066688,318.2715627462469,1906.30425845474,0.7022651935959265,0.7342358440446082
35,6,2.5845018897340433,-2.5845018897340433,20,113,1.1572764513095375,0.3617850015401457,0.7638091593358349,0.22222487486690637,0.5367574301628988,1.4352220686292227,15.859041017336517,9.99397527076544,389.13847302903616,2003.928208310131,0.6965889820671058,0.7870107924904225
35,8,0.5976720016762966,-0.5976720016762966,9,212,1.4550910064702076,0.3108780526901641,0.439168031115755,0.16959819955651365,1.834532475047785,3.7821926527906173,14.940650260758098,10.319761902583938,395.9509057293847,1157.207850277698,0.7844706164386882,0.7830839904316792
35,10,0.1179245283018868,-0.1179245283018868,1,51,0.9863951688874514,0.23355923034250736,0.7914454858750105,0.2566999273747206,2.522448251955211,3.992930455133319,15.379838705994189,7.028133075684309,356.7020499147475,1613.2168881595135,0.5086062848567963,0.8455430162139237
35,11,1.8028967075098494,-1.8028967075098494,27,36,1.202178243683421,0.3537062077895401,0.365475397660175,0.28513834804859245,1.67763258754908,3.115445137412566,14.687192873772531,11.06733509342419,305.6095184584648,1831.5825561371346,0.7104318169503014,0.8186566600386688
36,4,2.0728550408913526,-2.0728550408913526,4,159,1.4064785641231443,0.18729386669210857,0.4773529779166144,0.15887511672735186,4.890564731296497,2.88026494374001,18.261135501716904,13.177313004105422,288.3738554150515,1331.2483338805225,0.7487692672733517,0.8370861651345203
36,7,3.135159925170144,-3.135159925170144,8,74,1.228197029947051,0.20450512767810336,0.4336548503063995,0.2980311477746623,3.747850657514824,2.9807997898957526,12.203539855335224,8.742489083055197,435.6086496091518,1563.0134058145986,0.6882424192762964,0.666856612287355
36,8,-2.763461305159785,2.763461305159785,8,100,1.4139297011911423,0.20725201075188632,0.6635476835810148,0.26211728594914047,0.846078317786422,2.5702593856231757,21.451594585127364,11.44231867680541,345.4420088637192,1577.1048725541355,0.6335479629034386,0.6634012778432942
36,10,0.5235156908452971,-0.5235156908452971,9,250,1.4586788721520068,0.35620572934254446,0.5010776401458717,0.21242944929591026,1.545225209220494,3.1917013112154335,11.677148511511797,7.379688177046668,481.6800508953747,2143.6496671382506,0.8672313290218496,0.7406433656724614
37,3,1.3106869321475312,-1.3106869321475312,40,72,1.3749868572148016,0.3849936439206806,0.8550515680246924,0.11632174210874134,3.4120369273018376,3.8850312577395703,15.824456393604818,9.853676394727827,323.0981259323738,2177.208326897105,0.7744264186265816,0.8992574379865421
37,4,0.12254901960784313,-0.12254901960784313,18,4,1.1432962625711311,0.21627445893125755,0.6632190782110128,0.2812521377817436,1.2708726794057918,2.5227977191131292,13.213055483613612,6.566888933859753,320.18351907304617,1997.7916768293612,0.9486642179603055,0.6848502870980362
37,5,-6.561219305883167,6.561219305883167,4,110,1.4238490799335994,0.1764570104446543,0.4396582569172196,0.2957825027230304,0.7883678199617943,2.964082132836856,18.78116366138655,13.674051166185627,462.184600274522,1059.202574584885,0.6249179695734468,0.9136176239006668
37,6,0.11904761904761904,-0.11904761904761904,7,254,1.3460143726704568,0.2776057793687595,0.6087690110383188,0.2111608123272162,4.816775319532569,1.5584397452129222,11.903849422984175,6.879663888337506,419.14187752653527,1151.9709810400968,0.5465115923403387,0.9392025514136473
37,7,0.11737089201877934,-0.11737089201877934,2,34,1.274320681836456,0.30819667824285213,0.47067074328854175,0.21757068953328915,4.250116020906717,3.7912621742693697,20.38104057701963,16.301759094931185,478.05288871750236,1115.8951648237808,0.581444190666663,0.9936774782713143
37,9,0.7665053161141966,-0.7665053161141966,4,223,1.232356517431835,0.18853217132389544,0.435002988579185,0.21648202233263403,1.6597893422881895,2.857382809557821,11.711750810807633,8.819724491284529,482.1589663960822,1549.2261897190056,0.5782461291438591,0.6857528740437964
37,11,-4.956640616867771,4.956640616867771,9,110,1.3811748702650433,0.3145603489285028,0.4396582569172196,0.2957825027230304,1.1906007363993303,2.964082132836856,18.993645718312045,13.674051166185627,462.184600274522,1059.202574584885,0.6113144606886481,0.9124202304945082
38,1,-0.425929502178394,0.425929502178394,1,31,1.0832783228969756,0.2735156816057539,0.5281170576810836,0.12150457245913035,3.178131860371581,3.359990732627466,21.620862694542215,11.707754681818187,266.13132869824767,1243.23915937318,0.8183534462823643,0.7147550922818482
38,3,-7.99402030393532,7.99402030393532,9,147,1.4816421032398233,0.32820959969697233,0.835978247184561,0.2719241551829154,1.1892946419299462,2.1654282319330944,19.539031953577897,12.712380407660541,489.5145889413506,1887.472367335673,0.8863275212253613,0.8869330862246292
38,7,0.2684941900401343,-0.2684941900401343,8,234,1.1546146831795574,0.1832186108281892,0.4839742484219145,0.16734622898459692,2.779370866615707,3.649644948755787,17.179072315885545,8.44773634923029,389.1891352296002,1389.3121658482291,0.7185438668324204,0.5862366388252913
38,8,4.672659457563859,-4.672659457563859,32,193,1.4433855874681532,0.33457977658573174,0.7443042623422937,0.23278782696583816,1.6095522268149143,3.159728175960365,16.912377214266364,13.244171606902986,345.0136195331586,1428.3700975888821,0.8394622904048268,0.7757736556954422
38,9,2.7827111576280097,-2.7827111576280097,17,143,1.2652023518185977,0.18531251706315158,0.5147961164304543,0.27555678907674364,4.830842395683222,2.4722990284202684,13.118980638492776,6.373246942258074,415.85472706267865,1489.8216908976672,0.9004738043308136,0.8400422748568592
38,11,1.6982382751256888,-1.6982382751256888,9,39,1.4358900398187044,0.3322731679330754,0.5692466442488157,0.1188327851227052,2.057819902826513,4.415322243119435,17.30268527213279,12.233091777845388,237.60928714923722,1271.9103044720227,0.8850263021966552,0.8385466409921172
38,12,-1.6932755903629149,1.6932755903629149,5,5,1.306857933111195,0.18340165474644082,0.7507527501052048,0.1687782038886619,2.6709513146677706,1.7010448289518594,18.202105147031283,7.789910638268826,339.7332566673438,2178.8115537429308,0.8399519402704445,0.6888331490577531
39,4,2.1614627518607654,-2.1614627518607654,17,236,1.401122007873149,0.33464467801234615,0.8307115676774959,0.291801097078769,3.848106876255379,4.29411842890049,10.205637771111377,7.585602966407533,392.55189951160025,1245.2832053615784,0.807211663496409,0.8275238992282271
39,8,-5.826611108655708,5.826611108655708,5,21,1.3059276724486382,0.13552283632404377,0.520764379864485,0.15811122083736845,0.5826802188003861,2.251267008898844,19.765167882213138,11.495913497509731,390.1764449556835,1652.9059158053255,0.7616027470460847,0.8194469131967985
39,11,0.1775071264773853,-0.1775071264773853,7,179,1.4264607724235707,0.22352722717416568,0.7331384889988435,0.2599815927809178,4.5695388463736775,2.591015700065677,16.037325871457647,10.049709062641396,413.22223396685405,1184.98266153464,0.7018769475509724,0.759096198591352
39,12,0.10504201680672269,-0.10504201680672269,1,196,1.1133118587564603,0.2835570597654467,0.6509287224986396,0.20822832939331107,3.3687635216875877,4.305172083321013,11.81453399119675,5.875383149936722,233.43330110051875,1581.8802470945798,0.5691457835851672,0.8841782762197086
39,13,-7.800573525723243,7.800573525723243,9,90,1.4689776117071478,0.14546652589551734,0.47330722656714386,0.10324014131683297,1.6683116600334489,2.8981349390789872,11.499619173498814,5.741743486393698,235.9533600114258,1121.4491927837921,0.8562510056748917,0.9217453030641335
40,2,1.4356095906900372,-1.4356095906900372,7,95,1.4391664888604139,0.1245689559178847,0.6133930150198083,0.08920145361230275,2.8706913157586813,3.224941062546691,13.352535015490519,9.77297202797042,326.2371243059304,2631.395198087983,0.7087140753380563,0.7884436414202054
40,3,4.499084626509324,-4.499084626509324,13,167,1.1580883093504328,0.36562734829356847,0.8930407189313034,0.19303611471080034,2.8712305281002535,2.8406521311129342,12.741944357203609,8.393753077059513,409.8106470108925,1525.0779512813158,0.866298102696358,0.7544980082675944
40,5,0.11261261261261261,-0.11261261261261261,11,111,1.4636073987722102,0.20926912576498452,0.8195600987089661,0.2475433575995664,2.2561549168943875,3.837403056560029,11.111433746940262,8.470096617572453,356.98009351768764,1966.487446686246,0.7308566496545019,0.6614655717187404
40,7,2.444341959797474,-2.444341959797474,4,50,1.4941769349255136,0.2541112201192771,0.4884234500363783,0.22469230162733012,4.74285182973773,2.696118669593486,14.453109419178434,9.806539270486667,455.13562065277364,2397.755445160756,0.5789136991712445,0.7594336204473535
40,10,-0.1865921060915916,0.1865921060915916,15,154,1.2534145506754366,0.29415101394524223,0.8642733354070851,0.28049849460535314,3.2007381897830642,2.962034524723908,15.372039332410372,11.591067124330927,390.4088096129491,1548.4361502146928,0.9050254881774734,0.7532566949539319
40,11,-2.687472505939067,2.687472505939067,9,100,1.4735674411981001,0.35321801517321005,0.7145049843993936,0.2766834996167542,1.2337022840838046,3.1629120025815607,21.451594585127364,11.44231867680541,388.56616698638186,2440.697263569193,0.5147635322106858,0.8427751393705605
40,12,0.102880658436214,-0.102880658436214,1,54,1.447124036099762,0.3131789867207408,0.659160134755075,0.12094899898394944,1.5082361828535795,4.381287747062743,11.079930691048503,8.771832303144038,284.44490088149905,1572.4087990820408,0.7401482141576707,0.7671872512437403
41,2,0.11467889908256881,-0.11467889908256881,7,22,1.4408882882475615,0.146147467937546,0.7544095492263754,0.203974996936237,3.2524107671826865,2.4785222974137224,13.42869930437349,6.478649216930745,406.51938301742274,2572.822781101444,0.6413355606518659,0.9474851162495533
41,3,0.11312217194570136,-0.11312217194570136,4,179,1.3188087341124293,0.1467234390368736,0.5302377538821113,0.20581989491018626,4.5695388463736775,3.331473528672034,14.260407988913357,10.124368461212077,241.24592174054274,2132.273253794759,0.6581484728090704,0.7211684519841077
41,4,0.11160714285714286,-0.11160714285714286,5,136,1.287577318482216,0.2490739232612135,0.5923556956025761,0.26919334817657065,0.841891354546519,1.7517420940279533,11.958866415313974,7.312850918447698,323.3484035803552,1553.6390466710093,0.668060626330129,0.624653853156701
41,5,2.2176232282897668,-2.2176232282897668,8,190,1.4419171987415518,0.2346648930918035,0.5360344710284771,0.17507748345656537,1.4813754830701011,3.9272828898968357,19.127502947428322,14.034423211785871,325.76162444293465,2180.3427162541907,0.7143234597446654,0.6537485040354978
41,6,0.10869565217391304,-0.10869565217391304,5,250,1.3148014309418519,0.24711880025236144,0.4807600106415252,0.19995981451752665,4.514105943955858,3.3633641748511867,15.315301649044681,7.044692696758345,441.84966858815415,2143.6496671382506,0.5787367274379042,0.6783872719069084
41,9,0.10460251046025104,-0.10460251046025104,17,171,1.5060523617023764,0.2863923280774886,0.7973420338999928,0.12737894188822788,2.9113915492456757,4.129053080980577,11.796310634057512,7.672962780956737,489.3638363340939,1329.4421771586733,0.5008426276464109,0.5655432682706066
41,10,0.10330578512396695,-0.10330578512396695,1,87,1.1652960716336966,0.18528816871345044,0.45902838986366984,0.22916103661060333,4.389167540706694,4.196743801701814,22.9209700319916,15.110397673211992,307.38423811271787,1030.8083463460207,0.9600493004545569,0.5993553134612739
41,12,2.2416380632157717,-2.2416380632157717,14,64,1.3898460413662386,0.35584617121614226,0.7730462841980528,0.1920267370385632,4.476108837935045,2.3756139057480006,12.763948932184661,7.417447425155352,459.38843075704847,1542.5460205291602,0.658159612482358,0.5006413363460847
41,13,-12.540298612097667,12.540298612097667,3,188,0.9593258416378572,0.1746349649643461,0.8577502140328056,0.27547705980399323,3.3044871902747115,3.5689077085750585,15.261876583716287,9.907690723057863,460.8107327550934,1916.490311755212,0.6072719097523807,0.7821027538537779
42,2,0.11210762331838565,-0.11210762331838565,6,3,1.4654471391940467,0.2750122829607274,0.6426531737976375,0.24489591543457345,3.734886848988457,2.4732100609552337,16.991637547259916,10.399661620964036,215.74998999386472,2366.7540411465247,0.8845989205243262,0.5931084267607376
42,8,4.803890843666851,-4.803890843666851,17,124,1.4868208265088583,0.3838533395621962,0.8162066198265583,0.19395461821398838,1.1227801192626181,4.228793180076221,16.511538593311126,9.579797230088179,359.11274135087103,1061.2980902773932,0.8489956080721469,0.7155574294921423
42,10,0.10121457489878542,-0.10121457489878542,6,184,1.048739468852808,0.1234209541442555,0.8398373069241643,0.20573503183200956,0.7795106133299401,2.6229621299522266,17.564483384098427,7.93147167704869,235.48231352761235,1552.5125060230494,0.7383550346098463,0.9372693430469051
42,11,4.710305528127648,-4.710305528127648,12,163,1.4993037526020472,0.3132804378853236,0.6662089304017915,0.14915339955451393,4.534907468974657,2.9772381343839522,16.10231686204478,7.9185264071323385,430.48685515827674,2691.487653057364,0.8158503214641954,0.7630985283081625
42,12,0.09881422924901186,-0.09881422924901186,16,12,1.406353242192223,0.20324026806382994,0.6258394229933715,0.23934953954990273,3.4284044506025553,1.8946627929520505,20.118812974957017,10.728225899396342,218.04359596316726,1040.8879822878334,0.7212759158786984,0.7738557808023401
42,14,-0.6906082460825127,0.6906082460825127,5,180,1.3801787113449242,0.2210187713924835,0.8074213717445565,0.2826556898721722,3.911946739258777,2.0565321065871824,19.446500024005573,13.071208365585857,225.4134191200137,2799.210923651501,0.9527743710204959,0.8649565101699683
43,6,0.10416666666666667,-0.10416666666666667,1,219,1.3168967327445884,0.22178758032619955,0.49034987110644573,0.24483630350238944,4.327395910403345,4.417579154825299,14.003240261874119,8.16629668171783,357.84002691250197,2377.135917544365,0.7288832162338976,0.9709516945295036
43,7,0.102880658436214,-0.102880658436214,15,171,1.0304376530665202,0.2106410550917817,0.7973420338999928,0.18624353104445152,3.1155766269563916,2.5294668171347974,11.796310634057512,5.927345480223431,486.13700310532454,1507.8417450107684,0.6736850335400935,0.5302599513571727
43,8,-9.898373983739837,9.898373983739837,1,194,1.3882032962789481,0.3096395075325974,0.8988207099777026,0.2937761697413148,2.651761152781546,3.7118052347337356,14.077702115055999,5.724183483980596,429.1192013770342,1339.954685419798,0.7135795995005566,0.7996757847223566
43,9,0.10040160642570281,-0.10040160642570281,9,218,1.3689545213891468,0.39845518432417043,0.5017820011610234,0.28134019454131914,0.7635993029248926,3.4430763603977894,23.900824987185796,12.501111931919148,459.4272496772911,1131.9063339182562,0.7486283346919422,0.799727026617292
43,10,4.6787686350374535,-4.6787686350374535,18,108,1.3463793590490916,0.3073662396022387,0.6271612061321974,0.2185571890958612,4.270462753158716,1.8761889609390108,15.622856849557772,6.803691140568686,436.96933269922226,1470.394204174965,0.8411009889129011,0.6073750488393188
43,12,4.698328195781439,-4.698328195781439,36,2,1.4858367213969315,0.3788927714733037,0.7272989588850217,0.20136112897846828,4.925414258085402,4.008207295959962,15.394536563363564,8.747646054544617,398.88963400621054,2930.208115305202,0.977004580901047,0.8732070298660499
43,13,4.963329443651704,-4.963329443651704,10,218,1.3267460665045905,0.39845518432417043,0.6984529894120534,0.21327123729251662,0.7635993029248926,2.928267007541865,14.55670126276916,8.230404062918243,447.5877918793201,1131.9063339182562,0.8508499402726815,0.799727026617292
44,3,4.536176287542339,-4.536176287542339,15,46,1.2751446302712535,0.2686458436141189,0.6228407471510636,0.28613274417583223,2.8886832424253575,2.3414494508916257,14.507824819947723,10.877174982052681,366.86547702525945,2030.3491499520035,0.843153752032765,0.6445273586972389
44,4,0.10460251046025104,-0.10460251046025104,18,165,1.4227070119653569,0.253279056172714,0.6444272802499625,0.21482701864967893,2.641977228352296,3.3055934611936655,15.653136650440548,6.87285893902108,241.4658347769708,1127.0288232668581,0.8486243939025024,0.8864468877827147
44,7,-3.0240072760112415,3.0240072760112415,5,217,1.047937579400976,0.14928584230081068,0.6206997522537169,0.12377317702333243,3.1103702836142815,3.3973339883888722,16.2332822565034,9.776704217556231,246.7715827026597,2541.2381377163197,0.9325904356777321,0.5490310500456811
44,9,1.9971706361097956,-1.9971706361097956,2,47,1.4007368661035335,0.26998111181086915,0.7624435222065913,0.29162290357746545,1.9503158358857036,3.104971460568741,13.436115286519087,9.287646260453947,449.8178485654786,2644.620768725872,0.8560569579713047,0.7510826669393817
44,10,2.5416827251969476,-2.5416827251969476,18,219,1.4431116425685553,0.3101391648421004,0.7068621714437454,0.22708353493465933,0.5737270049118872,2.099141287538257,14.791024441719456,10.600561843053521,319.3022057503667,1210.8257670702178,0.7477284502119558,0.69448839550827
44,12,4.697259002636082,-4.697259002636082,18,97,1.324980513928882,0.32410433987393594,0.5960117405174794,0.22014303809058253,4.849635501724472,1.131254096917722,17.438017368355457,10.52005119980317,389.4017688251581,1204.3471435974657,0.6433958307264988,0.7076888212619531
45,1,0.004453332341574523,-0.004453332341574523,9,132,1.4874705812584852,0.19357849660017215,0.7308685057855352,0.19703946418068344,0.7574172058430086,3.453371708069078,14.534103716084468,9.015447425851018,471.3420885230485,1260.1957043151383,0.8093780467502781,0.7558379387575556
45,2,0.10504201680672269,-0.10504201680672269,8,144,1.496696760337796,0.1681090793402234,0.636134284831713,0.15382884691949136,4.774408726637234,3.8406824956526417,18.309880816675093,12.110650785938775,390.21923688257925,1118.3375889660088,0.8814466261552777,0.7991386227997088
45,3,-10.53932641544035,10.53932641544035,2,147,1.3437783636410805,0.22805056057870388,0.5826438255017189,0.24966550770421175,3.954017767117241,1.5375331101652354,18.356926294210037,12.712380407660541,492.7421891301233,1645.373762372778,0.5402730651934066,0.915674726009799
45,6,2.5557968934827446,-2.5557968934827446,9,145,1.42844813749514,0.23134286879459967,0.5469842577090748,0.21741264619771683,1.0471216453212817,2.3607813727887206,14.747756498343408,8.695949705093813,421.04282146209414,1397.1630707383156,0.7221971349081544,0.8300338790826209
45,9,2.691943728082948,-2.691943728082948,14,189,1.3766839596550724,0.3240945490541318,0.751400172913407,0.27078849365360036,1.0757882125958187,4.366808898652328,15.571231862365853,11.455042035585734,431.0478826502325,1019.4448295733873,0.7334877842204612,0.6631571255132859
45,10,3.4702638071933323,-3.4702638071933323,7,134,1.386494674775401,0.22132827360932986,0.6585033996071425,0.25030836086867797,4.01534779666269,1.8911322265104946,12.952055620593406,10.15202353976353,421.8903699752669,1954.5120821547239,0.9260624344395372,0.5967662785487642
45,13,4.698438348415497,-4.698438348415497,19,71,1.4215769070651156,0.3882945035544702,0.8806430913261958,0.1455442744095169,4.421445191822439,3.5423140073430255,16.17723230677359,11.93634241616613,325.11387078804125,1128.5771512338815,0.7595408519096735,0.6727127258869762
45,14,4.719992405659445,-4.719992405659445,40,21,1.399055631708356,0.31870575589129035,0.766006893756999,0.2883364106390708,4.621725755659878,3.565187372226507,15.169386184343013,11.458380238252074,366.1366446910181,1452.4628095119467,0.7016457516912583,0.7992642375744513
45,15,-0.4434038125725621,0.4434038125725621,4,68,1.2839051697221777,0.33853539853739306,0.8314021781086922,0.21463809622531557,0.9916984479109592,3.8620882978047364,21.847652795036318,12.461490362945392,361.986657621085,1761.6655288652228,0.808464446105063,0.8801579913138962
46,1,1.7129613905558978,-1.7129613905558978,8,186,1.4939416855504102,0.13564476665801994,0.5929349311647812,0.27950424812342983,2.5591472560272344,3.582916669191193,15.03626905114531,10.89412705948761,423.0887284660131,1251.9681588526246,0.6456926070535176,0.7349790814523065
46,5,-9.90079365079365,9.90079365079365,1,99,1.015048600776121,0.14765064062586494,0.6618315863560569,0.2071015395456252,2.5465651276835115,2.6436646073125303,19.357791701331735,12.241898026044494,449.45842949435416,2592.5545335847364,0.9812441123438534,0.5335949037579342
46,8,0.90435008313273,-0.90435008313273,9,119,1.377522828392032,0.14882564599849396,0.534738339238837,0.17573189684780258,1.5880101356306957,2.7938096235653465,13.26070261787979,9.16606711748553,459.5297002172383,1184.2177751052652,0.6621922649292553,0.9241782482969243
46,9,4.3560366124205165,-4.3560366124205165,30,38,1.4414010212390933,0.2292736620000658,0.5805938987811496,0.13943945955540205,4.797237055132996,2.4201528452987726,13.82692795690079,7.323195422366789,399.5224797665951,1413.5302490697673,0.8481377159965979,0.8005586134921945
46,10,2.474368702984934,-2.474368702984934,15,219,1.3256515571470935,0.2808527463521554,0.49034987110644573,0.22708353493465933,0.5737270049118872,1.2591986013788217,14.791024441719456,9.339118764826587,409.9249052431503,2960.7657163735694,0.7477284502119558,0.69448839550827
46,12,0.09157509157509157,-0.09157509157509157,9,10,1.082327921972963,0.14867808535306426,0.8820148905096683,0.291427760730256,2.9056880760454753,3.95290165946417,15.543094577911683,6.805479533894106,306.12980818469583,1323.3157167272198,0.9515240997600645,0.8212987625957857
46,13,5.034701094678583,-5.034701094678583,28,75,1.4703145768672925,0.38058735406965644,0.707517511626585,0.2721534889551208,0.8474180858514622,3.873033956778377,15.387667430848932,10.703111173979453,477.19328331258544,1222.7605764716873,0.7842422424498227,0.7745351071890976
46,14,4.864274740043225,-4.864274740043225,38,153,1.4585065316216257,0.37300515876589624,0.7000793534680234,0.2938496575954242,3.6704899631880186,1.8689992386918781,16.227944246987807,10.255642447020401,362.12453480327565,1167.1968948342815,0.8360217105276571,0.6043301784141671
46,15,2.047356867114382,-2.047356867114382,17,109,0.9911166376534332,0.3093322573124176,0.8471013785404401,0.22312787058239936,0.6658011366631773,4.020941526025421,18.807379562366727,8.10412410467762,419.14546057501684,1207.7354161642859,0.9794742350396333,0.5529709396241369
47,7,-12.087903312569468,12.087903312569468,7,234,1.0964683712446837,0.15985772598212467,0.6696092414286854,0.16734622898459692,3.1155160102706345,3.649644948755787,24.264939785908716,16.116795594187185,391.76194234090667,2084.4837266510567,0.5009655781151596,0.9797758826616341
47,9,0.09293680297397769,-0.09293680297397769,4,64,1.5066774627201471,0.2519930747997396,0.5004258884275375,0.1577265869267285,2.3885097837307385,2.874726458304435,10.79657465685159,6.399086259305477,276.95903999855193,1576.938822212121,0.7529566517561163,0.8992709769282783
47,10,0.09191176470588236,-0.09191176470588236,18,203,1.0955801899917799,0.1723237201406,0.872748428972812,0.2520800962630977,2.9591556812653685,1.1192471613176167,18.068641923578838,9.1101315888068,232.08549905007948,1366.9003960432406,0.5757147806507047,0.8923264135544375
47,13,0.08896797153024912,-0.08896797153024912,7,229,1.242352124759265,0.25362632803735663,0.6781053940871484,0.2673952780535891,0.6053660668999004,1.990879558275223,17.78578760729461,8.37870613958335,264.80876573868636,1548.1996015201025,0.6596304467806527,0.5958179154517187
47,14,0.0880281690140845,-0.0880281690140845,13,194,1.4680966567135523,0.38511793687057067,0.8988207099777026,0.09225364176870365,2.651761152781546,1.875189165608452,14.077702115055999,5.724183483980596,332.71726920230907,2310.620134538362,0.5281586570761803,0.8315732616570303
47,15,-15.787302772467132,15.787302772467132,6,127,0.9318263032561644,0.195869755664173,0.7709864651014744,0.22113967099895876,1.4852438124465002,1.661592300368547,20.216450278103252,8.434965402531326,441.8466612355197,1254.655724350116,0.715803861618042,0.9981453039504994
48,2,0.09881422924901186,-0.09881422924901186,1,135,1.2018186730854215,0.2519431345537305,0.6742634894326329,0.24950074253603816,1.1848144140094519,1.8134843464940786,10.675263260491192,7.033171387389302,249.05014159157872,2062.345342710614,0.971567596308887,0.8272046144120395
48,8,3.6641493990434446,-3.6641493990434446,24,17,1.4922776030754563,0.348870473354962,0.8741312260327267,0.23325454430598944,1.0238817746151072,3.4869926270097946,15.597760526905923,12.13646949212133,396.37128634202895,1559.20512547093,0.8533927695541244,0.8783876820637625
48,9,4.722867772321629,-4.722867772321629,39,143,1.2652023518185977,0.3540014560215029,0.8707256594469246,0.2547073866453945,4.830842395683222,3.5304826722341356,15.418249205002688,10.385784992232956,426.1848916050642,1621.7432083973126,0.9004738043308136,0.5367728633670075
48,13,2.1443642197196766,-2.1443642197196766,9,144,1.4384265698613268,0.1681090793402234,0.5926632603482358,0.21566856239562285,4.774408726637234,2.3152365969553537,12.886906009842654,6.957367199118469,443.255008565084,1442.1219895231416,0.7532977284381642,0.739795660461385
48,14,4.789553283627933,-4.789553283627933,36,144,1.294852887929251,0.31346381259018097,0.6257066412330946,0.1737619885993789,3.595924941254227,2.3152365969553537,18.34995179770996,13.440602011512029,324.43650004804977,1226.447396819489,0.6982476181341802,0.5583398981795182
49,1,-13.490693296982636,13.490693296982636,9,122,1.126260916477064,0.13166829142404143,0.5179028144927034,0.23879205897108405,0.8153264469042878,3.0541338332012504,18.743745614774525,12.896434714633788,416.03842994011757,1618.2775905817398,0.6574739065020029,0.7511997569768383
49,5,-2.4242852959365297,2.4242852959365297,16,122,1.083214729732069,0.29110429950601363,0.6001999053538024,0.23879205897108405,0.8153264469042878,3.8567330905508515,13.977006754435614,9.448367904796251,487.5918824111443,1618.2775905817398,0.6574739065020029,0.6971245410710531
49,8,2.5608498161568014,-2.5608498161568014,8,75,1.3619459154723506,0.2691600472871866,0.5654991218326381,0.2609004018847313,0.8474180858514622,2.3639577425349962,16.53371679416513,12.43085427198511,391.8333350388734,1670.8003363590726,0.6317837648943374,0.5902457332661983
49,9,-0.47585550575550517,0.47585550575550517,18,122,1.439172855746908,0.29110429950601363,0.6452474233365416,0.22580449253609214,3.518351907750256,3.822304141383895,16.047009024290244,9.448367904796251,499.5326228403683,1455.3843662297681,0.6574739065020029,0.6373618369861141
49,10,4.655571890443813,-4.655571890443813,11,71,1.32388594213744,0.3882945035544702,0.8806430913261958,0.2696884965850123,3.573568775602336,2.190960488782471,16.94536549878443,11.93634241616613,325.11387078804125,1128.5771512338815,0.9554012562446956,0.5336464791013802
49,11,0.08771929824561403,-0.08771929824561403,9,193,1.3819099420058507,0.14636221492943705,0.6217994272191676,0.25248554745768326,1.0284658413157786,1.9160119117244783,19.091920683797504,11.029408497541828,479.06676022344215,1428.3700975888821,0.8392030705203988,0.9513694112694094
49,13,3.1041529906141943,-3.1041529906141943,14,75,1.3254313440285694,0.39610734251723645,0.8621721077079096,0.2609004018847313,0.8474180858514622,3.9967778459984458,15.387667430848932,10.703111173979453,391.8333350388734,1043.4271344476185,0.6317837648943374,0.7745351071890976
49,14,-0.8705245125404373,0.8705245125404373,18,249,1.2337173453871482,0.2989492444593136,0.7488794728647372,0.15884084164785445,2.489102871243163,2.9741263418689345,11.460653091263914,8.213281966513549,375.42500029160533,1364.8154727180836,0.849083678811854,0.6367387241374981
49,15,-1.1298015655104419,1.1298015655104419,4,146,1.248376487254561,0.15950560452808818,0.8847584404442386,0.2915378965087325,4.973355021291989,2.5187522683485084,21.776952047479412,11.180060717230974,488.47225183216506,1641.9549635758747,0.6793434137960945,0.7792690573258365
50,9,4.707219302790742,-4.707219302790742,19,60,1.2349392121116334,0.3181104894003714,0.6898369149593284,0.24095872140607413,4.232888913661423,3.0223956734243034,14.457558758482802,10.618354475197968,434.14032297400615,2554.543729865359,0.8309775355142595,0.6079907655738248
50,10,2.9498295447741048,-2.9498295447741048,9,213,1.4141387763655966,0.3411191078379673,0.7277766846301462,0.22630066803739252,0.7994595038997652,2.509489540425919,15.869753050494634,10.991435691079488,395.46885103631007,2045.0073847721392,0.7718359050636361,0.8476357172490465
50,11,-3.252905703232579,3.252905703232579,4,61,1.3745320102810483,0.23551860624573284,0.6937058066949249,0.17299080847170467,1.4253514613078417,3.5347005459541174,20.607944343267707,9.784384243190289,290.92484426892406,1705.6642729201399,0.8166588446934201,0.8194063226692379
50,13,0.08445945945945946,-0.08445945945945946,15,99,1.3389282027199403,0.28941385982329026,0.637152917382881,0.2282130981114333,4.51283475837689,3.6234283969859478,15.99725025949384,8.114593115364105,273.2233338301207,1360.6316275676095,0.66665433642962,0.8960606033186002
50,14,-3.4163879598662206,3.4163879598662206,9,240,1.3257361434639319,0.3832518475287601,0.7841657572198559,0.24553734695542967,2.638703330273742,2.691436124326768,12.542367768683224,9.968445800678639,350.94283102964164,1196.9809488095411,0.6519360218159609,0.8713502263512117
50,15,4.672346747818904,-4.672346747818904,11,25,1.5106732520989212,0.27088660733733483,0.8287765229505297,0.1579800876515427,4.837149890250095,3.809230890913663,14.391646405194818,8.110942747733121,399.16638657820545,1133.028143457491,0.8867462534216973,0.5008590058108066
51,2,0.9986339627190395,-0.9986339627190395,4,95,1.488568671779067,0.24397601146109987,0.5791366192983803,0.2514320358895567,1.9925653796204645,2.5791339742352473,17.7262566738475,9.77297202797042,458.6597404448489,2166.4356775245633,0.5316994024577363,0.5372190969144455
51,3,0.09225092250922509,-0.09225092250922509,5,186,1.5114634686124897,0.223305861302191,0.7980164387337048,0.09137435316220016,4.190972324185575,3.582916669191193,18.003169981209425,7.6066832161749485,267.57516008226594,1988.8445794561394,0.6456926070535176,0.7785682418974792
51,9,0.08650519031141868,-0.08650519031141868,9,235,1.1681746621920102,0.18677071089867414,0.7613203070691525,0.24291702850933025,2.3409139645579735,4.2448771653012125,11.104999350080638,5.72692333219683,203.61897145697313,2774.9184699604343,0.8519027018001843,0.9336783622281796
51,11,2.460931721244047,-2.460931721244047,12,255,1.384714781531763,0.21599188637793293,0.5226060933988412,0.12961034763604404,2.1576157593323955,3.6940692650305125,18.453619251530387,13.36389892248409,268.96227822225956,2064.544715900859,0.7055209409274044,0.8900125976463363
51,13,4.755713142089766,-4.755713142089766,38,206,1.408997212051168,0.3289039787439039,0.6542845671535716,0.19164403327785842,1.4794371261242651,2.987879383583569,18.861340017971916,11.701079528564913,276.1713525857754,1438.492952407733,0.9430181397891956,0.6795429879130247
51,14,0.08223684210526316,-0.08223684210526316,3,3,1.0027543623615056,0.19653601799160242,0.7706922508445478,0.2880592030425191,3.734886848988457,3.1006847719030666,18.30903465359835,10.399661620964036,215.74998999386472,1364.4879683852196,0.5653404166027548,0.60783055827932
51,15,2.554124547937486,-2.554124547937486,13,222,1.4818773930894003,0.2791076818588273,0.5504227710831597,0.14315696345005438,1.2946752699045414,2.8172768258736633,18.603008876513094,7.830734212809983,446.3862433129568,1508.879645509053,0.800636496711264,0.662672127426957
52,1,0.107110763880919,-0.107110763880919,16,248,1.4956904380969382,0.2911335187805817,0.706370541974463,0.21322093368667208,4.334874934828508,3.876819263106227,16.02097819184919,10.581449105304825,397.4058713970959,1244.194807695695,0.7766894585788807,0.840399460147222
52,5,4.8413550922671575,-4.8413550922671575,39,92,1.4922269536094672,0.39904840023703175,0.6366874964988893,0.1868509452942793,0.7374051920348519,3.5506015864841527,17.776216126395276,12.44847537444271,365.90433272296804,1337.318937717494,0.7431869259818984,0.7586728532911563
52,7,-9.637907807524002,9.637907807524002,8,224,1.335295970070246,0.21632001038374982,0.7177957675197826,0.179828449246665,3.3490329047834497,2.121403759105128,15.674462857349832,10.059131983339988,476.0525144975078,1486.537195167959,0.9169031547329073,0.6493020193597516
52,9,0.08503401360544217,-0.08503401360544217,6,203,1.0955801899917799,0.2102719246486674,0.5691062941404315,0.22195884888991713,4.197924429098151,1.1192471613176167,19.672274418698002,13.646170673601114,232.08549905007948,1107.5760805218142,0.7263357854996341,0.9997471261347637
52,10,4.757977799084678,-4.757977799084678,15,208,1.368679683085666,0.2856964634569884,0.6859224813743444,0.13160175778426675,2.454413319965645,2.746974706324471,12.418119898126658,9.841211357372925,438.1704206847678,1948.0050111642192,0.8898475288255234,0.5473837768347148
52,12,2.819083662695192,-2.819083662695192,36,172,1.5099887921513777,0.3767244870655405,0.6245861047353671,0.24575305437232692,1.1875638517656535,3.808772138013543,24.98622258156837,16.76229435172429,275.094866041692,1495.8327211784972,0.859510377755236,0.5916570257134386
52,15,2.7980900865291196,-2.7980900865291196,26,149,1.4938020298022026,0.25733569548064794,0.7472745829611913,0.22561232953422375,0.6517369417140921,3.8046307511733524,14.92080316079751,10.39928115420068,443.65978561069176,1162.2453754767912,0.7810798906946561,0.7918268869817369
52,17,3.247603450773216,-3.247603450773216,18,180,1.2737816536700355,0.3323697782778044,0.6472706176154716,0.29774017966216854,4.753127745854042,1.831661734813094,11.099486513852945,8.843270016474994,489.2736253511473,1741.6980061780482,0.9527743710204959,0.7736384927187568
53,9,2.314636248352943,-2.314636248352943,8,143,1.382741187966042,0.18531251706315158,0.55922465750319,0.2669284332755024,2.9850174256503803,2.4722990284202684,13.118980638492776,8.785228425762837,450.85715359742795,1489.8216908976672,0.9447963804628552,0.5175140718562411
53,13,4.81249506074021,-4.81249506074021,30,94,1.2239479244110232,0.36240732445932683,0.8258160234065117,0.2736542746939552,4.35424669053751,3.403392494871551,16.612035908348442,9.676419071466317,447.114999594944,1215.6022589637387,0.8476903724080971,0.7148862291892542
54,6,4.626093727124166,-4.626093727124166,13,240,1.514781528709712,0.34771613887882286,0.812759101323081,0.18945789638472785,3.880623325885161,2.4988252549946752,15.438383225732096,10.425133351818046,422.92785906697117,1196.9809488095411,0.6418204622660901,0.5097516168916076
54,8,2.7103241405481837,-2.7103241405481837,12,139,1.4440735079113023,0.3025541115483698,0.6018328323070546,0.19557281069004967,4.476947366494985,1.497424770745,12.849066487494099,10.26754361330794,358.52267665224576,1004.130453747403,0.8460128592739335,0.7901552618429942
54,10,0.08143322475570032,-0.08143322475570032,4,184,1.048739468852808,0.26432465303382174,0.8398373069241643,0.20573503183200956,0.7795106133299401,2.6229621299522266,21.06819371706894,12.193972439240131,480.266137304778,1552.5125060230494,0.6421009934025113,0.9372693430469051
54,12,4.832524664346121,-4.832524664346121,17,56,1.5053906914352264,0.2668053291531807,0.848017725041537,0.12874954889989476,1.7968125096314216,2.5707602877560163,12.966851978469155,9.017750941045751,446.12176702513926,2364.01089598753,0.927611585598213,0.5536883955691565
54,13,4.761912271995446,-4.761912271995446,11,29,1.5155154082129851,0.3210092815430821,0.6928928265510365,0.29708622916155175,3.355786533758563,3.2697690263495867,11.269101085550451,6.858768733191083,447.463954438211,2152.042628274066,0.9642029621106709,0.6886210795181249
54,14,-12.184855967902417,12.184855967902417,5,246,0.9868964976571876,0.2660221265675556,0.5344831841412394,0.22947866070844383,1.0511236394854764,1.9679116188208061,17.345598003652878,8.21343583994228,482.0070744371772,1704.8361844054566,0.7293525384467424,0.8328063968027412
54,16,-11.923206337445144,11.923206337445144,6,100,1.1961661674637702,0.20725201075188632,0.6635476835810148,0.23543964193888633,2.8432332896517836,3.973447610706973,21.451594585127364,16.880121045261713,386.90604588541436,1340.6968974866577,0.5843764471100062,0.8770549083769961
54,17,2.6072490960922994,-2.6072490960922994,14,180,1.3887147936319135,0.3323697782778044,0.5081582958674816,0.2267653120163481,4.665360449487953,3.111386200583207,14.811848499111521,11.2577927342455,334.9427366169926,1105.6633367380746,0.9527743710204959,0.7736384927187568
54,18,2.353196726242022,-2.353196726242022,19,140,1.5034982907649839,0.2606886703984801,0.7945534915145194,0.292211967908303,3.4044409395550987,4.476875143690945,14.084237392860185,8.723412030242521,433.14314502250335,1548.5660863091302,0.9795425324274593,0.6978690593937642
55,3,-9.914089347079038,9.914089347079038,7,147,1.3567141339918884,0.24747855008656475,0.7379497954687863,0.2719241551829154,3.954017767117241,1.5375331101652354,19.539031953577897,12.712380407660541,489.5145889413506,1017.4159799249622,0.8863275212253613,0.915674726009799
55,6,2.261066270773078,-2.261066270773078,39,116,1.3072191582446724,0.3299391866072004,0.8707950749719359,0.08782407464912552,1.7246690232647057,3.0661611588375925,10.14488570380096,7.596333073730335,418.169878672951,1628.7463472699071,0.8559456914919172,0.7680549741906146
55,7,1.887959050395763,-1.887959050395763,40,217,1.352773898202155,0.3905225816149927,0.8477728668563853,0.12377317702333243,2.6617720046772524,2.2995433170581943,16.534354008731196,7.966977456583868,313.2207100933621,2468.5698593343195,0.9197400962601225,0.9605121131240002
55,11,4.888522544562908,-4.888522544562908,28,148,1.42898612224758,0.3904161685154678,0.7083981280225803,0.15700662003451782,1.3221850628056007,3.0826758322556977,15.167208719528457,7.207036010831466,465.96965670416137,1138.6868561971735,0.6465148761375715,0.6562016188845102
55,12,0.07861635220125786,-0.07861635220125786,9,197,1.0985253841655784,0.3919578464858837,0.5520519233888471,0.12706888955064058,1.583267430367883,3.400202613655587,12.231691405619813,6.018833756641889,431.00899126969745,1092.9451737432898,0.6056825876978065,0.6822524849557394
55,13,3.070840057407146,-3.070840057407146,10,25,1.408199725347084,0.28869711911403495,0.8230144552553229,0.2978055336114057,3.3769742263207423,2.7449147280887574,18.07063192855931,14.309546791517013,317.77742759967407,1897.573469879502,0.8867462534216973,0.5008590058108066
55,14,2.3638251921748443,-2.3638251921748443,26,131,1.490889429744532,0.20118626926235492,0.6984203851535514,0.25781930562936267,0.755159334096855,2.788141561549292,20.0446006622055,15.356030705313287,412.91142876273886,1010.4355930717115,0.5988442681718744,0.7782048802509609
55,16,0.07575757575757576,-0.07575757575757576,9,53,1.4403128792089945,0.39216539404009165,0.7241010829677754,0.19145820473030054,4.985833510756493,2.6550447011789915,17.104839780353867,9.356771345946262,266.06178074928556,1940.9105826793173,0.8591867264224644,0.7556570744080837
55,17,2.785266858594402,-2.785266858594402,17,179,1.3609488840296173,0.30934342959533223,0.7445307078290877,0.22385190272832678,4.249807959910581,3.004554668473579,17.08464074262306,12.131326811024067,413.22223396685405,1148.4203339678465,0.8580937657701919,0.6043247182721884
56,9,4.729720670849342,-4.729720670849342,16,13,1.3101709055928328,0.32070975735768675,0.5843169238120309,0.24728207070918157,3.7811028988276965,2.0037130826149823,10.174667756752,7.3937754497070305,484.0303417972606,1789.3423050519807,0.8212884930008858,0.6847106203057032
56,11,4.965291813081464,-4.965291813081464,19,186,1.2330847278297115,0.3917542890206459,0.7342686628581572,0.27950424812342983,0.9807496410043979,2.9469932272288757,13.367040074178275,9.78826855638664,465.4104809635055,1057.8218022381143,0.6456926070535176,0.6646541207651797
56,14,2.409192524679317,-2.409192524679317,10,40,1.053202995683576,0.35935401759965535,0.6891568837422364,0.2681136700314761,3.3187064202304706,4.393945530522545,13.699792640160592,8.980197373869244,478.4763149558536,1716.4850999140358,0.9088498735798882,0.6324629266746342
56,15,-1.9241757492357325,1.9241757492357325,1,222,1.06478746140722,0.18477730011099502,0.5666440257802605,0.2479374159636576,4.961781140405776,2.8172768258736633,17.005809742963518,7.830734212809983,312.86072678281494,1437.9308987408876,0.800636496711264,0.9741537757640716
56,17,4.910058852211044,-4.910058852211044,40,58,1.414385116598358,0.395925757770754,0.8055832274527026,0.24299178417473727,2.82297970275042,3.846106175215308,15.986310590822281,10.451677137929433,390.4701963989728,1841.9877976314772,0.8823799767371727,0.5468538599639952
56,18,2.634520480448183,-2.634520480448183,36,192,1.3278958396861849,0.3869554915775174,0.8319595162967813,0.24557468734428234,0.5984869655357126,3.9452395756040666,13.760547084349481,9.507534564025832,453.60911180670166,2615.954664143933,0.7203520961331478,0.6068896512467459
57,5,4.203629322392072,-4.203629322392072,9,173,1.4172531938708806,0.32372482802585967,0.6038383859195697,0.24835501959187659,1.9352612061082954,3.840828340353798,16.559357908202795,10.640242004213171,476.70854098988036,1225.1971553384649,0.637833492466213,0.5461060827663905
57,9,2.6917943714055426,-2.6917943714055426,13,198,1.3493694025963392,0.3230729686368427,0.5671866670782622,0.12079003280654714,3.9583289738104446,3.1603471237008756,14.8454200499864,9.943732521668226,396.2039849019888,1544.04622825982,0.7457679467115119,0.6123192740001825
57,10,1.5032459972317476,-1.5032459972317476,25,235,1.1681746621920102,0.3789067817480359,0.8604285018860998,0.24144196925400588,2.232588096243192,3.799938408827658,13.314729926599927,9.932172970911402,420.8152436972879,1994.1481204903541,0.839721196150865,0.7028463266568731
57,11,4.69626554842574,-4.69626554842574,16,47,1.4870521503302534,0.26998111181086915,0.7850942410118066,0.29801304740795487,3.947822018080303,3.104971460568741,12.543690302185784,7.711716760902494,436.12529472233194,2644.620768725872,0.8560569579713047,0.7510826669393817
57,12,0.07621951219512195,-0.07621951219512195,4,71,1.32388594213744,0.28170023189306004,0.6478543950502407,0.16886026567809945,1.715141122576868,3.3401945118523875,16.94536549878443,11.93634241616613,208.57920960085403,2088.001657040976,0.5049243247945483,0.7063138726551673
57,16,4.858518541691472,-4.858518541691472,19,32,1.4041294802807822,0.3667123331247565,0.8239458507046604,0.10383634318676739,4.689347667358536,3.089446389219226,15.759082053961121,11.070591633616695,360.4644489128213,2174.6694534920753,0.7913681550752425,0.7956888014144916
57,18,2.6533485512435186,-2.6533485512435186,31,235,1.2043886640592751,0.3404971343222352,0.8604285018860998,0.15184943659418507,1.58803452364007,3.799938408827658,16.58287905708974,12.21965583469332,399.2100596768349,1202.286112013519,0.7847542851376238,0.756248056838777
58,5,4.8450418272307445,-4.8450418272307445,40,111,1.506042765968365,0.389862986292443,0.7361272739770756,0.24707109568320412,1.2058588154906509,2.86838171743567,13.802678769379856,8.811349684916012,345.4351680897839,2062.24318195739,0.8963098560375267,0.90225632461541
58,8,-0.49582020271231286,0.49582020271231286,13,52,1.4606842623629999,0.22255876356520501,0.6750734704787666,0.15807383058981186,2.6622415288141315,3.123816637828436,12.015177662136526,9.548940964805182,437.2147163756764,2554.4954011569253,0.6621698468647209,0.7040001124637408
58,9,-9.852548229175257,9.852548229175257,4,131,1.3318650008760091,0.2209442160660566,0.8426128274056849,0.20695450551088684,2.181435935015151,2.874455928065747,17.48882010768912,10.972191597652296,496.33882969846707,1732.028076050903,0.9899558564045285,0.8611617828362965
58,13,2.498823244606999,-2.498823244606999,15,241,1.3826086414185503,0.3141416183801814,0.76801549886929,0.20353481914332958,1.94206596327043,3.05159583612289,12.334063424803425,7.566751305535899,357.6976872459745,1463.7367753573747,0.9718968802780694,0.5822563736522259
58,14,-9.701037348289832,9.701037348289832,12,26,1.4188106838080954,0.19430285481955462,0.80321353792332,0.2277680972472014,2.391222415115479,3.8746239815727703,24.234447171911597,14.622970212250948,324.12182800860904,1923.9980410103854,0.6577886693804536,0.9768872074755179
58,16,2.587271018775221,-2.587271018775221,22,169,1.5230524066288136,0.37443089335605007,0.7697560869429645,0.1692382551161081,2.180819668244143,4.244488751156949,17.765846480343505,9.793046516672778,395.34922652193865,2040.8049143416965,0.7955272013207515,0.9190490618783702
58,17,-5.107590570013156,5.107590570013156,5,168,1.1765159078503478,0.2107272860059961,0.5611442389613588,0.2535644764503476,3.371592906782678,2.8906744001283986,16.552252245468498,12.443070554063567,357.6143870567549,2301.7019131017355,0.7902034861375792,0.616008790478073
59,3,0.08038585209003216,-0.08038585209003216,15,165,1.453678276488125,0.24872603031896626,0.6444272802499625,0.28069543122038987,2.641977228352296,3.3055934611936655,15.653136650440548,7.072742027855211,241.4658347769708,1645.9969692775267,0.8833187654525946,0.8864468877827147
59,4,-2.2188611409007777,2.2188611409007777,1,2,1.2872335595507176,0.37029638316482305,0.5761045656809898,0.23397726226598026,4.81199113053701,1.1998214699252538,14.76762163452804,11.052121896093524,456.54409329448663,2384.327229559268,0.8671144046409887,0.8637587380315543
59,11,-14.274500327726805,14.274500327726805,1,61,1.2844706103354693,0.1203987517207861,0.6937058066949249,0.27625815764069556,2.680653753152293,2.5658053730553214,18.28643008135259,9.784384243190289,465.4165013693273,1163.877435028553,0.6041429598313252,0.8194063226692379
59,12,0.07396449704142012,-0.07396449704142012,9,180,1.2840323255677895,0.20560267209026412,0.8074213717445565,0.2567637390711457,3.788297776137912,4.439757140318978,11.157180690869971,6.859862819153948,225.4134191200137,1342.4740300761705,0.9527743710204959,0.7736384927187568
59,13,0.7585414906069694,-0.7585414906069694,1,201,1.2149403193335673,0.24123245127499104,0.586621987992084,0.2921048352033013,1.97450616542138,4.3589411740091535,13.848442700691521,9.315400182335578,324.15240556001663,2477.022690156935,0.7434541268046839,0.6713925977237523
59,14,4.845825528416839,-4.845825528416839,40,145,1.382923863576901,0.32842580707436353,0.7244637678981058,0.29502544560721133,4.927206726043136,4.031855188972325,14.95780826460864,10.537707230854295,362.856852989011,1500.5136642373313,0.919903903794549,0.9570603923059686
59,15,-5.969264165467983,5.969264165467983,10,165,1.14384331802382,0.25747082304974417,0.6900686900263606,0.23430101345138127,2.641977228352296,3.3055934611936655,13.679748760900775,10.320741642092717,448.574759431731,1726.544078944757,0.7658473820889302,0.8864468877827147
59,18,3.709471845657124,-3.709471845657124,14,145,1.4292718136416869,0.32842580707436353,0.5469842577090748,0.2430256244860088,4.927206726043136,2.586970274711112,12.1883885723313,8.36317740724008,384.51267486406476,1397.1630707383156,0.7221971349081544,0.7657337322934752
60,3,0.07911392405063292,-0.07911392405063292,5,167,1.2559194288604822,0.17962330378592015,0.8820164441644023,0.17209191136148866,3.443323314090395,2.870919230487195,17.895694317270877,9.58688597843301,399.5998675759828,1907.2907920473137,0.5456336418926491,0.5163195051416611
60,4,-14.139469407406576,14.139469407406576,4,38,1.2554060153297288,0.2199591629750856,0.5600764189629905,0.22545597411828894,1.4525117630072435,1.5134913933654237,20.475707090627175,11.368652811273932,492.9017804279669,1424.9397772483521,0.6621550729954615,0.9858666487065044
60,5,0.07763975155279502,-0.07763975155279502,5,82,1.4056884547067898,0.25534642955506326,0.753095593788803,0.16000815345400174,3.245857325580881,1.9160846878564388,17.654691813577234,13.707636607631443,268.0165540356149,1796.3673767708879,0.6215485889208898,0.674642182778232
60,7,-4.88156361366026,4.88156361366026,2,73,1.4397556867413224,0.20233244311362572,0.8886117164386252,0.2784298376469641,2.254738890087845,4.128746265079826,15.61810496263206,10.811317518912428,463.495864626101,1217.4731188797177,0.7572359764017165,0.8075997081196913
60,8,4.774735715493392,-4.774735715493392,13,76,1.4619748973974864,0.2882101033913102,0.662519301834388,0.1958675245421739,1.3710523882149768,2.403940287466425,17.302598950267203,11.05144867160061,310.08634672571054,1171.309150082871,0.9413319231002348,0.6464025743137637
60,10,4.563676045415146,-4.563676045415146,19,81,1.0290759983272266,0.3903337799581793,0.8738655849201018,0.20675486090429862,4.484092212702468,4.420202804694549,14.406017400875818,8.70203404506478,448.98380020909667,1084.8416835929233,0.9256219842364535,0.5374232861171961
60,11,5.010943492483627,-5.010943492483627,39,136,1.384664339153598,0.3423340035772449,0.7984024212068959,0.15150236995700095,0.7435842429423363,3.0660911615891586,16.075597888439574,9.479362221838809,374.682784729108,1801.8287902864238,0.9776252203825785,0.8895742303816323
60,12,0.7565831974909036,-0.7565831974909036,13,181,0.9258636909303477,0.218512463922619,0.8218018572615309,0.23731244863636966,2.2203527205231666,3.1630731786085686,16.11624198500067,10.475797815383336,276.86995545869706,1336.645594104316,0.7996142969026055,0.7544238410338993
60,13,4.856122777614712,-4.856122777614712,15,252,1.4035106738960763,0.3241871483745461,0.8796255399651546,0.21417136556203406,1.653703633405547,1.9941966977839152,14.926923394796598,11.103597875867603,368.7771219334602,1203.8748338627324,0.7393615934495501,0.5449977969147682
60,15,4.567340337744673,-4.567340337744673,19,220,1.4964365150509653,0.29220283216054943,0.618900148451026,0.29616733511411153,4.837746036510067,4.177300852399767,11.674337240801798,8.214736356541097,456.48793145584784,1982.053665517633,0.9609121408828345,0.7279621351534151
60,16,-2.6411233426002334,2.6411233426002334,12,58,1.5144720145562665,0.18144519307208046,0.6926967612003281,0.13366356005110358,0.5606016829124623,3.446784820174419,20.74827911820175,8.619496646064174,390.4701963989728,1167.9094258506998,0.9329443972710111,0.505699415737071
60,17,4.856476661705298,-4.856476661705298,17,25,1.5106732520989212,0.35025240227111143,0.8506686506249426,0.2680122649235372,4.303122027198231,3.9756707298755307,15.334930625531065,8.110942747733121,399.16638657820545,1209.8009135175366,0.8867462534216973,0.7834108003395224
60,18,5.260237123959728,-5.260237123959728,40,7,1.4747853512379658,0.39558515275183004,0.6882639376741891,0.11227296641416545,1.4710615381800807,2.845523788896056,16.453340699621652,11.057282723338547,295.2319698793973,1958.6509725783753,0.8792983581285572,0.9836000198799553
60,19,2.5460397194324367,-2.5460397194324367,19,59,1.4347089536327473,0.3261479245820867,0.5437393815124504,0.25711533166832934,2.938373213391105,3.147677608314591,12.743342993944697,9.190468923899894,400.9523695264555,1092.955892520473,0.919903259915871,0.6868121161492046
61,7,0.9887671464573233,-0.9887671464573233,25,6,1.1155798137986959,0.24793050869499458,0.6410263940258445,0.2936668338480121,3.7325966168781344,2.2636484523136957,10.781360571824461,6.807793381813559,327.8831582825257,2111.909677547514,0.9318004666392177,0.8197532780460792
61,11,2.0552885847945217,-2.0552885847945217,19,174,1.1139989621972104,0.3638154681455978,0.8486261906530881,0.2262465019568131,4.850116037986645,3.316815855374049,14.432851615654013,9.963411987510671,448.6176014778364,2127.12785309058,0.6250399492226673,0.65882309363717
61,12,4.750805159376019,-4.750805159376019,30,37,1.3160489780796465,0.3432072347870507,0.8963065531618915,0.10853378929196414,0.9720165270490995,3.922200320458973,24.902837217378675,14.624080425219752,244.76256207737384,2212.65999281395,0.7879297158674323,0.908493299490351
61,13,2.8909615813330527,-2.8909615813330527,38,64,1.3898460413662386,0.37170639137717026,0.727108846090054,0.18691295788682932,1.3049371271996457,3.621843989680422,20.861271004972366,14.202279976452125,328.5727024113053,1141.0474099423238,0.7118976587688584,0.6031642534498374
61,14,2.8551252069577115,-2.8551252069577115,13,141,1.5171772929961602,0.37392544382568127,0.717687757022925,0.20980905265789102,0.8217251794412732,4.2788203496076935,20.074564704634852,9.161948046509789,420.8234412500906,1079.2029120304996,0.5612701662221289,0.6696062110776811
61,15,1.1502144006869521,-1.1502144006869521,40,6,1.1155798137986959,0.3219729190312533,0.6410263940258445,0.2936668338480121,1.6814063930334606,3.797373686509035,10.781360571824461,6.807793381813559,367.6608244759423,1809.7798138539,0.9318004666392177,0.694716858232642
61,16,4.925407610858087,-4.925407610858087,19,246,1.4379233526844457,0.36427539285380084,0.5947315292565226,0.28341247448632323,4.224213878651195,3.610358295874256,17.0597225690749,11.478438185068313,396.21189790117484,2751.2550783892475,0.781463140903746,0.667557096250353
61,19,-9.932249322493226,9.932249322493226,4,254,1.2260308873455605,0.22668064656718112,0.6726022830709765,0.16732397053058465,1.737427083288003,1.3312394735170279,21.063377780862915,15.09447291935333,419.14187752653527,2746.062409424472,0.8923782905863928,0.8012988735811083
61,20,2.784312416625539,-2.784312416625539,18,198,1.3493694025963392,0.362167158207166,0.7739789708401937,0.2924123064619317,4.242482238739527,2.878866542400998,14.8454200499864,10.760044365245804,326.2790820466519,1544.04622825982,0.838422064223068,0.9046613262469166
62,6,4.937437232843675,-4.937437232843675,33,83,1.4425243966516048,0.3007627026441243,0.7942489623244005,0.1755556557133518,1.2228118832753323,3.1070620160158136,15.65281691282774,11.160266427200035,352.51316861865047,2593.4560403105947,0.7314989971701893,0.9446511872042304
62,9,2.5637986427352817,-2.5637986427352817,30,228,1.262538307581408,0.37395643443895643,0.6980724654202888,0.2173049832775425,2.0948257233778413,1.4152407375463272,12.442273099177111,7.778365299547047,383.78992933055605,1747.185656867018,0.8560768198813893,0.686229689165446
62,10,5.032639767751077,-5.032639767751077,38,228,1.4101836986223923,0.2921225027409111,0.6980724654202888,0.0932565552274234,0.8018511319586827,2.635328925204741,17.71310240551739,11.236115637817662,346.27421344177964,1291.0508284909197,0.9283935883416781,0.8725532483075604
62,13,4.883491021645797,-4.883491021645797,14,57,1.3872715679803573,0.34135964281669284,0.6745586798597811,0.17610379852296112,4.969230349582492,3.204212805721909,14.99791798872323,11.4488058683116,435.08717436409495,2992.4633446682483,0.7497545761352177,0.9099241570917542
62,14,2.355695972967664,-2.355695972967664,19,48,1.1919214397131048,0.34118015923588063,0.7585324957132121,0.27646581372136825,4.535505693926447,4.127297949743714,13.455375241721,9.442525742265603,353.22640008360054,1122.654400050037,0.9126672749122846,0.7044539209588921
62,15,2.5331305929676917,-2.5331305929676917,16,224,1.4181738223046114,0.23714788595186487,0.8047347146541579,0.1723559720058138,3.3490329047834497,3.483818321813745,13.553551054767288,10.059131983339988,452.56911207158225,2330.536425835152,0.9293214270025503,0.6493020193597516
62,18,4.846340160421654,-4.846340160421654,35,215,1.5001379157008372,0.31893696118934656,0.7619152009960699,0.26737464827927815,3.4656398429330726,2.8794855051776755,13.897871326321276,8.054001904550717,346.4400096754065,1068.7466126329905,0.9716444644655791,0.7707195741526358
63,3,4.554448960570145,-4.554448960570145,18,49,1.484198138165035,0.33711824536459345,0.768712885998032,0.16997990152124542,3.827777074601461,4.224609718693498,15.986109575437219,7.525265108988775,412.4961226163119,1592.854525118909,0.7399366076102077,0.6989527892654968
63,5,0.07418397626112759,-0.07418397626112759,6,77,1.130479320222799,0.24384591244857823,0.7171294458210469,0.2590523247512303,3.911836451153438,3.5003187010755594,11.779269308293102,7.859088508947927,395.7945645310659,1895.604743346098,0.5010266926098543,0.7561163607572146
63,7,0.0728862973760933,-0.0728862973760933,9,149,1.3180406952528234,0.39821411658087835,0.8109152695323466,0.15717865027116584,0.5989389728811778,3.4837745084976515,19.103338131415377,10.192288691339215,213.2765203200317,1162.2453754767912,0.8651399980257303,0.8085961508049756
63,8,4.753490563593294,-4.753490563593294,14,152,1.4375099021787057,0.3167181700522854,0.7149075492022459,0.19086833184921034,3.2662260277909887,1.9382073576714305,19.454519639709297,14.196756188414437,233.64225708006808,1357.151012085395,0.8120952872144674,0.6778595531671612
63,15,1.7921175743277171,-1.7921175743277171,16,77,1.130479320222799,0.35863083457126427,0.6705464346457971,0.18463282353663282,3.150963429908183,3.5003187010755594,11.406624761358142,7.069624201558371,444.9244813976829,1014.7161002186838,0.798398015760948,0.771111724447797
63,17,3.674903779741616,-3.674903779741616,24,67,1.4931453366225806,0.3408740987032123,0.836681986421973,0.26149350129034943,0.642168524663238,3.0602049478824407,13.755560943501633,9.455792297936569,489.25755592713256,1188.0164308813555,0.758518436694036,0.9279108309494328
63,18,2.1591522884320655,-2.1591522884320655,39,184,1.447199501966071,0.3649205963755886,0.8064432480409744,0.12721852258068894,3.1603181738321133,3.2757610482148225,16.954746066144157,11.539480270256353,235.48231352761235,1811.7597807461057,0.8667586255951575,0.6860300877403678
64,5,0.07309941520467836,-0.07309941520467836,6,92,1.348056958545973,0.35683650196394334,0.7863736725674314,0.2577133538866921,3.984525238597355,3.5798315693457825,12.74748604685691,8.462351668542835,360.12415261896354,1016.9204372724474,0.6278856021733481,0.5606684513596976
64,8,1.6074033914494468,-1.6074033914494468,14,52,1.4606842623629999,0.3578555340472152,0.7436836521989438,0.2747106618116524,3.5185039599692045,4.282863750740989,14.47278744981142,9.673139060803836,437.2147163756764,2554.4954011569253,0.7754121325232475,0.7928919813875487
64,11,-6.087419620771045,6.087419620771045,14,160,1.5126660500637745,0.39799409096935345,0.8687516314296599,0.21691232883134798,2.6389985395630537,3.45710699563346,20.935660706952504,13.576255398181704,484.6648683664739,1569.9095454434032,0.7476590453739835,0.7020356406207634
64,12,4.811428946707406,-4.811428946707406,14,32,1.4375508508073709,0.3667123331247565,0.8239458507046604,0.23873025857324245,4.8402576366982295,3.03452463775849,15.759082053961121,11.070591633616695,360.4644489128213,1235.347940508484,0.7630834633815634,0.7956888014144916
64,14,-2.0100928068438257,2.0100928068438257,6,73,1.4397556867413224,0.1253589710427798,0.8842959028996079,0.2244823059564173,4.161736572121792,2.1161724803193094,16.03970408788783,10.811317518912428,423.06035497425853,1941.6625761029138,0.621743320205433,0.7084203816041555
64,15,2.988391180778133,-2.988391180778133,14,33,1.418678070713578,0.34331124909259514,0.5736883458766654,0.14530910854760518,4.147208679317687,2.49512487026204,15.700400755612588,10.267206856218454,462.09298151793257,1018.0967926044918,0.7394626145107858,0.6219255482217214
64,16,5.24101850729363,-5.24101850729363,34,241,1.484851571740437,0.35492575117717634,0.76801549886929,0.1226373492011185,1.6210608374313709,2.5565012440797386,13.341654460617512,9.007856849641144,397.40732019517145,1199.9186451319702,0.8363937580317433,0.9454990597636691
64,19,0.06510416666666667,-0.06510416666666667,21,164,1.3511958481772424,0.3707933957109273,0.868134552582009,0.21232952737803096,3.7725019128869928,2.337370301028945,14.284669513257894,7.428572227643081,439.06727776058153,1642.1401087432018,0.6000415784466768,0.7433167482017928
65,1,4.371310758592301,-4.371310758592301,15,161,1.1373582971459841,0.38626099618687293,0.8386242121176225,0.2715515577630404,4.0479401896215785,3.2299422486866067,12.791947255593215,9.836354719676173,470.3311614957331,2050.9006444301735,0.7458000031050135,0.6226776401257863
65,2,0.07396449704142012,-0.07396449704142012,5,254,1.4873095298366377,0.21118552899952564,0.7106995520422422,0.08730579054609638,2.718842965699151,3.753650635064715,10.96505058668021,6.065530509744351,419.14187752653527,1344.7001954519988,0.7010424177087126,0.5888378571629331
65,5,2.1451670038175923,-2.1451670038175923,19,18,1.4932887426769226,0.31595841765191557,0.7787586327930474,0.20443663085073735,1.8916810855559008,3.0404674455813736,14.055006619288708,7.135405059791452,445.41434597156416,2768.1724886289003,0.9600396608949897,0.7946168921635477
65,9,-1.0649116354649637,1.0649116354649637,5,13,1.3972457087420513,0.20042400701291438,0.7911633289128946,0.291769734123169,3.996830200064263,2.0037130826149823,12.983221209622691,9.680899002026187,471.9985832202936,1532.9437026622568,0.550097217794489,0.7175542499238599
65,10,-0.645497413098215,0.645497413098215,9,118,1.3311034614344612,0.208924099601489,0.7331410838459885,0.24277744899788914,2.205758935963768,3.0995931140492656,12.060794198920313,8.323972850354117,440.5357761774628,1137.069498607042,0.8039620302259631,0.5615012920083713
65,14,1.8946089834169602,-1.8946089834169602,17,84,1.187640477059448,0.33215409962581277,0.7511859558907927,0.29316527440150825,0.7044686538102849,3.0095295777863917,16.393893114507954,12.821848985326108,377.41542559698206,1526.1788994151539,0.8633706891426276,0.709146062978698
65,15,2.5009695182681946,-2.5009695182681946,32,39,1.341097187492763,0.2505326904158273,0.7535548531835501,0.2743489846477279,1.5262423164586592,3.4632041156642304,14.055616475140516,10.80399025242267,425.9792450937858,1271.9103044720227,0.8945335629004365,0.7857591718215142
65,16,3.003296321091562,-3.003296321091562,40,247,1.3151746934606316,0.39752157743356425,0.7402367390124228,0.2369422022660051,2.0810107184770077,3.354675422227423,14.653621982895118,9.642090505737839,386.0905558439558,1469.6728146506011,0.9499377425851965,0.913484171287946
65,17,-4.686368629607201,4.686368629607201,13,189,1.0825821665849755,0.3240945490541318,0.7997223658154304,0.27078849365360036,1.0757882125958187,3.3429343282328903,22.21306839097945,11.101898126299721,431.0478826502325,1083.8498898044268,0.9216653726990535,0.6631571255132859
65,21,0.06329113924050633,-0.06329113924050633,10,32,1.218938114212179,0.3735255517461743,0.8239458507046604,0.1338494729576111,4.177899093648598,2.4942167676835885,13.149251175259256,6.353010965684434,327.8071166738642,1032.680332731196,0.6674101811377785,0.7956888014144916
66,2,-9.927113702623906,9.927113702623906,1,123,1.0544777438017972,0.24024372261772325,0.8282520873035925,0.2775722490913225,3.253060342087053,2.21550415093503,24.288297414534625,14.357053375098449,322.9665523394942,2890.2672448076937,0.5451875650323927,0.9437215751968324
66,9,-2.612147121588075,2.612147121588075,6,123,1.0544777438017972,0.1386833331696532,0.6887409878703711,0.2775722490913225,3.253060342087053,2.21550415093503,23.23766624376615,12.04828895039854,402.25414877110666,1124.9179236879572,0.5451875650323927,0.695390552746824
66,13,0.29375980821116165,-0.29375980821116165,19,38,1.2413572333467848,0.37836854330838576,0.7789800144706474,0.13943945955540205,1.7101068124377106,2.7386888733357106,13.82692795690079,10.721591143714113,462.91291588718775,2328.5037565801977,0.8481377159965979,0.7040060900380498
66,14,2.630696675047539,-2.630696675047539,11,21,1.2821077557407485,0.31870575589129035,0.7777337711041293,0.23448377153512315,4.621725755659878,3.328845483782543,14.758089583123137,11.495913497509731,313.92173217812996,1652.9059158053255,0.8524012510373151,0.7992642375744513
66,16,1.134794409307256,-1.134794409307256,19,127,1.349566014027079,0.2838222488363749,0.731765048954078,0.27402964977565974,3.8130853173976877,3.7614025948844168,11.129144114436672,8.899845045582715,486.06379344826905,2989.0998552565784,0.5542561833187342,0.6103466504312933
66,17,4.825009520129444,-4.825009520129444,18,199,1.4230735211231542,0.38387046451512513,0.7164924554240126,0.2194451415217752,2.1551932355482553,3.799273980541363,14.280490310351846,9.269052506745366,365.5083612588132,1484.8306463446022,0.803538299432542,0.5793188499285549
66,18,-1.78575706366912,1.78575706366912,18,221,1.414412752360598,0.3984381551469604,0.7597746225639095,0.29958214133960337,0.9736473245548001,3.10163288358346,14.841205833365658,9.886524798731914,468.6617694814191,1284.7920238054155,0.5233308984147752,0.9485998680374972
66,19,2.9741044523875613,-2.9741044523875613,38,227,1.3475387516635202,0.3618966656493556,0.8327684465799379,0.24986523345421607,4.874935048259451,1.6300158777225602,17.147373362214353,11.568208955183339,316.2842087068658,1743.42410989162,0.9058428214829792,0.6442492894134602
67,3,2.7076740394531975,-2.7076740394531975,37,115,1.4976698650359646,0.3085537711444488,0.8973465773222971,0.0966494232691928,0.7918631072822271,3.356116005340491,12.541561900248734,9.174062200888741,388.43146850827134,1713.2951372862858,0.8973324575024515,0.8437876736849099
67,6,0.06944444444444445,-0.06944444444444445,5,43,1.408890607625838,0.27637940588621956,0.8243887681987786,0.15611656580670333,4.864968271564964,3.74499805376525,17.617645870592465,9.999242707672199,213.77162136540676,2456.959278180595,0.7446535368552163,0.9829998608976924
67,12,4.958846224299968,-4.958846224299968,33,99,1.3389282027199403,0.28941385982329026,0.7686828674684822,0.12017032494026261,0.5298165206928696,3.265614122266543,19.23479822705882,13.20857452384149,429.9742351519036,1003.482589915378,0.66665433642962,0.8960606033186002
67,13,2.5795094912994827,-2.5795094912994827,19,236,1.401122007873149,0.27136023108087487,0.7123387832796982,0.291801097078769,4.871456906777038,4.20921136702834,13.8488464640817,10.210964726191401,392.55189951160025,1245.2832053615784,0.8366494256693373,0.8275238992282271
67,14,4.286088581614772,-4.286088581614772,19,27,1.4415806071005357,0.3264215380161266,0.8318640338809835,0.296297666063789,4.901758817026092,3.168198442245811,15.012426104970647,9.152288233926722,444.5862628742116,1478.8830040820221,0.9712161765040747,0.6479990321465295
67,18,0.06313131313131314,-0.06313131313131314,17,45,1.1423102534288705,0.39712328950455034,0.8977726456343754,0.10889934253000257,4.102968920257151,2.666310630043056,12.566274513758623,5.546914473765436,263.68913811103937,1388.7416624323314,0.8284122872422095,0.7568917980054604
67,20,-0.8763398642771865,0.8763398642771865,12,233,1.5043153115236851,0.21563358388013867,0.8427758214130596,0.18326879594493747,3.7067710120841504,4.205884143521737,12.481765515915352,6.551745764450059,468.18802002009664,1286.3530700698318,0.9148006087252079,0.8368648871126072
68,4,1.9488987631288648,-1.9488987631288648,28,28,1.2941939546144348,0.38018498531817213,0.7231322154668398,0.16794763298569132,2.311449678732317,4.153933132467818,19.090668085688606,13.139132511956475,323.77146456247254,1550.5321155987733,0.862912433932836,0.8117985781185896
68,8,4.649198078323366,-4.649198078323366,13,212,1.372456566280752,0.30432369511077556,0.706123874252402,0.16959819955651365,4.782049200604016,3.9246097690503783,16.322472430670835,10.924346721176759,395.9509057293847,1157.207850277698,0.6347460673030363,0.6651751670123616
68,9,2.647659180624246,-2.647659180624246,38,254,1.378676481011465,0.38086030659352693,0.8327566515174516,0.17238399929852619,1.373596619184123,3.4226169955486787,16.87480985649797,12.603747492126567,286.12684439222187,2272.7485524110957,0.9161752162816488,0.7135283596776434
68,13,2.775172008617379,-2.775172008617379,29,249,1.312489371449087,0.32188600026535213,0.8430093450772186,0.2819267045173831,1.3094071854954166,3.008802905415849,15.04929469338559,10.778522199208378,463.6615341284011,1338.8858660933852,0.6336439284028424,0.6498286360459402
68,14,0.41198835511263976,-0.41198835511263976,40,135,1.4039177987871594,0.3436530355014863,0.8405097682471301,0.25726538776134933,1.3839276755037495,2.982454475512641,17.98630426227289,13.098914482533731,225.0268354207288,1841.4440979741794,0.8604660207569934,0.9208450056353799
68,19,4.916085679937508,-4.916085679937508,39,227,1.3475387516635202,0.35432731284922797,0.8327684465799379,0.2962217366312721,3.935835091763017,4.398611303224135,17.147373362214353,11.568208955183339,340.26617271206146,1406.2762188659315,0.9058428214829792,0.6362121129203654
69,8,4.895423391434577,-4.895423391434577,38,17,1.4922776030754563,0.3333556088200348,0.8823487938813276,0.25542236994370526,1.0238817746151072,3.144082229573494,15.511237723422997,8.939897610977795,317.13941456787194,1804.4245811274739,0.9663633840073478,0.8783876820637625
69,14,2.5227992221279627,-2.5227992221279627,19,206,1.354377052180244,0.30793982690828586,0.6920798489438166,0.29860570448996226,4.1981967016351,2.987879383583569,15.368820725951407,11.701079528564913,409.2028497996002,1337.8857138103663,0.9430181397891956,0.6795429879130247
69,16,3.836345287250709,-3.836345287250709,26,142,1.483740060662262,0.3264119806837173,0.703716090258061,0.11311577521885172,1.3641579398109052,2.8579239001932826,18.198390815200675,12.992519860653882,313.4645631970108,1444.4605326145515,0.8273763992007239,0.8766946391923507
69,17,2.6059673316427427,-2.6059673316427427,35,192,1.3278958396861849,0.27337114465964,0.8319595162967813,0.21323219588038023,2.8856994836846157,3.60133698406743,13.760547084349481,9.507534564025832,459.0083486218601,1263.9246418234995,0.8021150862817759,0.6208193033327005
69,18,5.275267214960842,-5.275267214960842,24,157,1.4496345101100148,0.2934184152420792,0.8888325955245036,0.2782279403969141,0.7752316468811546,3.2030517214071743,13.85562373700874,10.630907949565888,450.33568066510895,1385.5992304834501,0.8478808340858683,0.8531210969696208
69,19,2.0363086559703643,-2.0363086559703643,19,192,1.4591787984625813,0.3402442258593074,0.8117884483140614,0.28407683825049557,2.8856994836846157,4.259900912483552,15.660458246395528,11.114696355769615,439.60536571307546,1708.3620619165458,0.8985571787264395,0.6976433530354397
69,21,1.910407229054842,-1.910407229054842,25,254,1.3678503826845072,0.36902858939314737,0.8774053820548104,0.1865326605925771,4.927575208134436,3.1313597034614897,23.104971502077802,9.455628470716483,244.89729916198974,1211.1191624644916,0.8873181026372992,0.7053685873455545
69,22,2.24299874470044,-2.24299874470044,11,204,1.3371338329491755,0.3387459409991894,0.6807822249439854,0.2862753989022217,4.97356187676859,3.5720580046319963,23.63341822544563,12.00168363859626,298.683145819741,1445.082036922155,0.8213348509824145,0.7430415576517531
70,1,2.1649627846637536,-2.1649627846637536,10,98,1.1688876001555457,0.39017906802391916,0.8323501320692043,0.24534424394923868,4.678602208700983,2.926743369242408,16.514500607549607,11.195147313119593,265.60484902380966,1711.593310587841,0.9338941180401384,0.992546836199804
70,9,0.06510416666666667,-0.06510416666666667,1,207,1.1061895535476507,0.19816959593445063,0.7432788480073214,0.10186758134514094,4.960419098380953,4.494966624304652,15.71160248015076,10.434809094294906,286.8274792097509,2446.3309105485678,0.7027424038387835,0.9856991400010884
70,12,4.867178396324494,-4.867178396324494,14,112,1.5118007399799132,0.3047001648428165,0.7317189880218313,0.2730317875704308,4.259259010359012,2.6789089996238,13.582394550635575,9.002079794962818,407.2607007579555,1810.3098442747348,0.8088735867489889,0.7485539752376023
70,13,4.997712397189023,-4.997712397189023,27,89,1.3534878192124282,0.3808922191491312,0.8944352373912206,0.2925737564085153,1.118146050733109,4.478363320601588,13.580428546347676,9.190744085248413,406.08450401502256,1075.769795971274,0.9425513416986435,0.7954808965878992
70,14,3.8552490392007632,-3.8552490392007632,10,153,1.4106817298583079,0.33612867026446547,0.8190538465976716,0.2156405966542661,1.290695409240158,1.7456453712657094,17.2813709611263,12.685201131878244,353.784667301364,1942.2615314457507,0.6904441905708574,0.6043301784141671
70,17,5.026221811702406,-5.026221811702406,19,137,1.4583982565609312,0.382294756295637,0.7838040130503603,0.2766103234273462,4.770415769203247,3.500923075855976,14.161961692637487,10.173497511260754,412.3092191342133,1355.3237987128045,0.9252372030606375,0.6804149089844727
70,18,-0.1748210175350824,0.1748210175350824,19,94,1.2239479244110232,0.3402474834211051,0.7107712106449079,0.2736542746939552,4.35424669053751,4.2246227976226205,12.405934262635931,9.676419071466317,447.114999594944,1041.1907287411022,0.7393084074875816,0.5253282345428463
70,19,-0.538841115603856,0.538841115603856,11,69,1.0419778314351487,0.35126873253798996,0.8199835539257613,0.10135438786819578,0.8793782815337181,4.348773113917559,18.789913328134272,13.230371240681299,348.8333131792859,1151.0944377817618,0.5622173929587007,0.8921812156163209
70,20,0.05995203836930456,-0.05995203836930456,17,106,1.3798982334120227,0.3169139558161058,0.8103058235727973,0.21327187168824296,3.353321584366056,3.2839357989589226,11.73509823759585,5.942269457485501,383.80442510385507,1402.16532745569,0.6824034380218246,0.70829578638087
70,23,2.3041898670501686,-2.3041898670501686,16,137,1.4583982565609312,0.3347158817432426,0.6725693605819762,0.2978112219703827,4.8044423801083695,4.4122414829923065,10.361373786757904,8.254348551092427,451.69982569466686,1355.3237987128045,0.9095020993555702,0.6804149089844727
71,11,0.06329113924050633,-0.06329113924050633,1,174,0.9801916344450137,0.2853206695564104,0.7747510246908446,0.21343734303489328,0.9507196894846857,4.077947867568582,21.421030868865312,9.683398453046632,240.76014791247857,2902.966633439064,0.6250399492226673,0.767517429180657
71,12,1.5388881666054277,-1.5388881666054277,13,78,1.425535719777904,0.3592909660102459,0.7720472237885,0.22318054630861534,3.0940445997596817,3.5628800660348507,16.30053294906239,10.874542754856675,403.01412145692655,1874.2551672014697,0.8396656414515196,0.6869892017178971
71,13,4.947248759326719,-4.947248759326719,19,57,1.191648631753219,0.3799790756119554,0.6745586798597811,0.27231942250883046,4.838993788604341,3.204212805721909,14.519151335251511,10.384996456732832,396.2707986331801,1349.5533135711537,0.9327953272570252,0.7129237478342966
71,15,4.967876826500094,-4.967876826500094,16,112,1.4635070859635437,0.3757336386725753,0.8224615488739714,0.24390266681915174,4.580180815363622,3.7483943404261257,13.582394550635575,9.624461287361818,419.29911433891704,1810.3098442747348,0.88851523967523,0.7377074948559645
71,16,1.378394384865385,-1.378394384865385,14,120,1.2644420201236388,0.3697385237995297,0.8566185888148758,0.23105787395208077,0.9873953123347463,1.9083352599724002,12.227462632798852,8.77374464554527,412.3970982481152,2738.258052681612,0.7083617759805609,0.6344469449388811
71,17,0.06053268765133172,-0.06053268765133172,20,122,1.439172855746908,0.3114243149936352,0.778306857271529,0.17367294471352615,0.5934522224667749,1.5814845367795929,16.047009024290244,9.448367904796251,220.41502752530388,1106.0824330847977,0.6574739065020029,0.845880702520325
71,19,0.059665871121718374,-0.059665871121718374,15,170,1.436004430175423,0.2978866028703118,0.7229252782524915,0.2420554669397969,4.501662101520541,3.1582055519864056,12.2986565201724,6.823625754549946,272.502535976492,2005.9733036905527,0.8889798355143328,0.8126449896027675
71,21,0.058823529411764705,-0.058823529411764705,14,79,1.152118955600785,0.37358387585410857,0.832021404825851,0.26421113531902957,2.128073417103883,1.4879141406545786,20.29842542023331,8.24637172556535,271.5359864619961,2505.868926741537,0.6259538230068863,0.7777282377378243
72,9,4.883427926621819,-4.883427926621819,19,69,1.4757007444769008,0.366059324082239,0.8108688289624301,0.28293863762044247,3.886010451609036,3.7964690323970585,14.063083401230822,7.667298676014109,476.98973181380165,1201.1596436069694,0.9888991109123676,0.5707458072426634
72,15,5.219739949239514,-5.219739949239514,23,133,1.4403293998049351,0.3919045204864883,0.8087683656119624,0.22341820532544276,1.0579169480922834,3.0529804730694257,16.162449215517277,12.159221290784119,379.5504759733812,1246.0867818698412,0.8767790258086479,0.6086673767971695
72,16,4.993169060377836,-4.993169060377836,19,168,1.4328271070596235,0.32136375560899105,0.8653636987287472,0.2668926522916838,4.537553979565191,3.864498368797838,13.371797209413218,8.739805754593416,475.616995198692,1436.4250487103382,0.8941597823281121,0.686795620670823
72,17,4.8258358490628055,-4.8258358490628055,13,69,1.4757007444769008,0.38396107826211434,0.8108688289624301,0.2606650374257631,4.217647787786333,4.4123572716,14.063083401230822,7.667298676014109,348.8333131792859,1056.9060500528578,0.9566613201638012,0.8002131467141704
72,18,2.6007485166122266,-2.6007485166122266,21,99,1.3389282027199403,0.28941385982329026,0.637152917382881,0.26226462443773946,0.5616533992227781,3.6234283969859478,17.463746498246262,13.20857452384149,429.9742351519036,1003.482589915378,0.66665433642962,0.8960606033186002
72,19,3.201592286932281,-3.201592286932281,21,48,1.1966098813439068,0.3384296742821003,0.8829452793878307,0.23911792040784927,0.6174285286675092,4.0472401755435765,13.455375241721,9.442525742265603,443.0295762676011,1152.9945521487384,0.9126672749122846,0.8308447844503413
72,20,5.058548009367682,-5.058548009367682,21,243,1.4982876912070995,0.37078533994543283,0.847677994774379,0.26372604861550397,3.0840374517319895,3.9652864452097205,15.146989093884851,9.85769301549181,416.7143706766372,1161.4995033719906,0.8529715676649112,0.5166778859062238
72,21,0.05813953488372093,-0.05813953488372093,1,241,1.4833302515055986,0.3141416183801814,0.7876498376905356,0.258422881347752,2.4084657104429126,2.020627153106034,11.197572825476527,5.760222977869181,266.0998446647038,1783.985473176316,0.61701489522017,0.6048502507709752
72,22,1.4398183341921662,-1.4398183341921662,14,67,1.1121872672591842,0.3975014839798057,0.7441885345501138,0.26149350129034943,2.155665594466667,3.643752350186311,12.29289952555354,9.541718919308936,489.25755592713256,2656.6162051858746,0.6563179718946471,0.6380920292598774
72,23,-1.9211185849029715,1.9211185849029715,8,11,1.0295125417120095,0.23992349987106976,0.747343881197454,0.2643547077509879,2.0866630074966936,3.5493506325605972,13.06267815250907,6.5469754374141385,317.40759634321284,1026.3461161312532,0.6745113827537601,0.5653848114202294
72,24,-6.679935111801861,6.679935111801861,13,116,1.2519956573311026,0.3071897789301135,0.8707950749719359,0.22862222749520847,1.7246690232647057,3.822671655567616,20.30678308571444,13.009404525987723,418.169878672951,2821.8042010295158,0.6779037691765806,0.7186823609069042
73,4,-1.1549694142781917,1.1549694142781917,19,185,1.1077919982483064,0.25078033768640207,0.8144203724763086,0.2475709857111627,1.0800688162861372,4.138571876749271,14.532717322209683,8.416330132426976,366.102553996964,1591.9507194946877,0.8937522061152694,0.5771554686817497
73,9,0.06265664160401002,-0.06265664160401002,12,123,1.4364392803479151,0.3771996530338953,0.7814185948568371,0.2775722490913225,3.253060342087053,1.9294343331959318,12.610909588490975,7.187449905369964,262.84898747939724,1124.9179236879572,0.5042750227361945,0.695390552746824
73,11,0.06172839506172839,-0.06172839506172839,2,153,1.4027118268758059,0.2582912848771235,0.8190538465976716,0.2156405966542661,4.8024641144943665,1.7456453712657094,15.901217383868161,7.551672759465873,353.784667301364,1942.2615314457507,0.6448749250424038,0.7121102451346815
73,13,-3.3876560673462954,3.3876560673462954,6,191,1.404041357121844,0.1815912844736679,0.6671312957679381,0.16339701280331093,0.7493024177616849,2.5090408629812258,17.90042165369169,9.345669468946667,325.22755867132844,1388.6927406099694,0.9486217822354132,0.7994064506005643
73,17,2.704338411098376,-2.704338411098376,34,43,1.4326989458175758,0.3651761955506052,0.7832028070661406,0.25946920446472693,1.9833944951291187,4.482919661901423,18.471982021332675,9.985929041172833,354.40007487821106,1349.0572456120658,0.7325351579199507,0.8186962278132914
73,19,-8.629639623821623,8.629639623821623,8,154,1.2534145506754366,0.23929182611446245,0.6248474587549963,0.28049849460535314,2.761496606790129,2.962034524723908,20.630673509286968,10.98626947092936,390.4088096129491,1378.086720854054,0.9050254881774734,0.7532566949539319
74,9,-9.938118811881187,9.938118811881187,2,209,1.4608116677179934,0.20420924309641122,0.899934440664947,0.27455778422968147,3.636863185694678,3.082246392908218,23.370575627218745,12.9335501631292,420.11165004223585,1178.8504905998707,0.6875574941532149,0.9874593286589053
74,10,4.766728072425848,-4.766728072425848,25,79,1.390264627855934,0.34601475864092057,0.8437686733941404,0.2851871013298043,4.637156455650461,4.41242463573135,16.042630500202794,10.212471653866363,337.57574867904765,1141.5550188686707,0.8329287180260491,0.7943061103486344
74,11,-6.045867824063091,6.045867824063091,4,126,1.477573651090107,0.16342122282309035,0.698653727853527,0.18456734455245216,2.155644827150215,3.791234907740182,13.89646811330081,10.874145691196786,484.05125252822324,1378.6057764650532,0.9372688058364278,0.7926834064588248
74,12,0.06053268765133172,-0.06053268765133172,5,22,1.0189559946270526,0.14133688437497927,0.7901793723712176,0.23493210119545552,0.6546788662988452,1.0937495045665981,15.21176524405877,6.321575317486044,406.51938301742274,1748.2363883306884,0.6413355606518659,0.6582134714365244
74,15,4.92495972039612,-4.92495972039612,19,90,1.437100267887887,0.33953056168557544,0.8409014401777198,0.09963034017445327,4.218162442300653,3.4798674154965985,12.158076499752497,9.60058185361413,367.03115351406774,2637.5221444305616,0.9551044793791579,0.7832166691804571
74,16,4.984212510100584,-4.984212510100584,26,169,1.4829375869842032,0.3455204621588819,0.7697560869429645,0.21569829270367197,0.6812907570390396,4.244488751156949,20.438544356522165,11.984343266320609,395.34922652193865,1059.0539450112974,0.7256553557893586,0.8530408986863155
74,17,4.924936015617477,-4.924936015617477,19,243,1.4982876912070995,0.37078533994543283,0.8932261479131001,0.28307955213173913,2.0703612217949043,4.322174228842936,14.153390644885341,9.85769301549181,410.9625476526672,1161.4995033719906,0.8046069989219622,0.5166778859062238
74,18,5.057151801323494,-5.057151801323494,14,0,1.4364354013949752,0.3458337883936965,0.8351859593666611,0.27944557667426767,4.309184592065789,3.8666887877741205,13.64690664300177,9.815538439499646,447.66598510335405,1158.1073602405845,0.9512619956132142,0.6954896459573945
74,19,2.7590514338368735,-2.7590514338368735,14,199,1.1305563658075037,0.38387046451512513,0.8158991848707672,0.2194451415217752,0.6020761350154773,3.799273980541363,16.58523431735321,11.81739995929745,365.5083612588132,1177.4828129920334,0.8889504278403798,0.7449764876898595
74,20,1.0274719539875359,-1.0274719539875359,24,79,1.152118955600785,0.30617080305136946,0.8016654012782641,0.16873508906609372,4.637156455650461,4.383082486917157,14.39956394831977,10.212471653866363,352.9470092516918,2173.776595463018,0.7062161359705621,0.6649990335127949
74,23,5.056053811659193,-5.056053811659193,27,81,1.4359934187177634,0.34882277276667406,0.8738655849201018,0.20675486090429862,4.484092212702468,3.6435977998153803,12.96418849542165,8.000223136289275,498.77083820205826,2029.5787466608658,0.8651319792319794,0.859918542711252
75,7,4.854132677598299,-4.854132677598299,17,156,1.4255355845791116,0.36878035140627696,0.8551620050720945,0.18047749491722856,3.7211100481206256,3.737259852260993,14.362837004172658,11.309183601724841,449.56195151088934,1803.4916847513066,0.7756533932012226,0.51305044966179
75,9,2.866705476475722,-2.866705476475722,13,13,1.3477902170358147,0.32070975735768675,0.7911633289128946,0.24728207070918157,0.9461963703620657,2.0037130826149823,10.847926754041184,8.189636995412796,484.0303417972606,1532.9437026622568,0.8565621527336902,0.7447026679509785
75,12,-9.174266617534027,9.174266617534027,7,10,1.3255267151044245,0.14867808535306426,0.7244490935606239,0.291427760730256,2.433625244123797,1.8966889026688531,15.530800837341525,6.644196053414994,306.12980818469583,1599.0327205870317,0.9925218187808529,0.7767293113283813
75,13,-6.213173907226633,6.213173907226633,9,125,0.9668503982910119,0.3970986639453288,0.8012739601382608,0.2605332840192459,3.3081067497612704,2.862301663615226,17.767310940826842,11.914134995998642,369.9539784082277,1029.6004104004942,0.674784414906296,0.9563815666722839
75,14,2.4746583914019964,-2.4746583914019964,14,226,1.4318671289287646,0.34101917777033297,0.8961578125472514,0.24953898943169134,3.100658010081311,4.019879580019019,11.219156693719102,7.275997117428226,440.32587110693896,1686.9920991994934,0.8588986176762545,0.7699979661431972
75,15,2.5280474170351437,-2.5280474170351437,11,227,1.0225770767772178,0.3496076254913655,0.7375825129614648,0.24986523345421607,4.874935048259451,2.922033017368853,17.152777136047817,10.909790964241447,408.3402470518778,1201.6126452187018,0.9409018881758017,0.6442492894134602
75,16,4.945925866952197,-4.945925866952197,38,96,1.2995663624211893,0.37542978521791287,0.862903276521384,0.2562533041775257,4.565844685651863,3.641950778408632,16.768146427696603,8.775998552760317,340.05390727608204,1176.3345596223555,0.9888676777776624,0.7809602203364947
75,17,2.9470891055932102,-2.9470891055932102,37,179,1.3609488840296173,0.35521402314296435,0.8926868602406386,0.22385190272832678,1.0596055183055162,3.2296195408431814,13.675950313884131,9.468440100590051,470.4738959908503,1148.4203339678465,0.8580937657701919,0.6043247182721884
75,22,0.05580357142857143,-0.05580357142857143,20,216,1.3674890934549109,0.37343619333415173,0.6901796405878406,0.201757235039914,3.3420284155558897,4.467630074809915,15.897226956395297,7.288517969936016,247.41026322290088,1475.496213236276,0.5947533340764466,0.7509005134839364
75,23,3.0848610629069935,-3.0848610629069935,12,225,0.9955400743915954,0.3981805330915583,0.8897402523618845,0.1928594243975595,4.155084696492866,3.9927920435609234,14.91576141309249,10.678044255212743,479.3189402162834,1628.0906304885475,0.8746521178076442,0.6748856584996957
75,24,5.198762370745785,-5.198762370745785,32,156,1.4255355845791116,0.36305263024350176,0.8551620050720945,0.18047749491722856,0.5192181751322047,3.8322823941067714,15.756151822387693,11.466297944595937,381.4971195593612,1310.128897736222,0.848599223237946,0.8631397911467835
75,25,2.36704132951065,-2.36704132951065,19,96,1.320700455332963,0.32923572939803125,0.8361399368529093,0.2528274212879157,4.565844685651863,1.4892887252754148,16.231445437947134,12.072258741990701,285.3547407607739,1722.1115407596988,0.8571487042717798,0.6740656036283137
76,5,4.781713877948672,-4.781713877948672,13,107,1.258205495716893,0.3530640076894307,0.8334541796611274,0.289628582869456,4.382952841999562,3.053757524076831,15.701445144379063,10.472243108159052,353.6249770660347,1277.2112008535278,0.9865864220760954,0.7847646592708366
76,6,2.80552292600481,-2.80552292600481,31,62,1.3763934590770115,0.3394714391751019,0.8290832560988007,0.2810882208026605,1.656856908417281,4.06586038559815,18.678856232134006,14.097083560806103,295.3004984272474,2380.3366498537107,0.7614451361070844,0.8371975732631884
76,9,2.4501327467417613,-2.4501327467417613,19,26,1.5150914389072947,0.32518221133846636,0.80321353792332,0.2277680972472014,2.356493566505649,3.0035104099207146,14.88080572389794,9.527629671986322,432.31869585198353,1175.8727562213314,0.6577886693804536,0.7847178471626555
76,12,-1.3683709501805978,1.3683709501805978,18,155,1.4647335724060888,0.37815414567844585,0.7751088606569807,0.25466006667281055,1.3936652802330811,2.5695935366730778,15.609512936686716,10.733374558421769,498.80223656511646,1725.4531550758925,0.6648759376802036,0.6723114271114863
76,13,2.230675365539157,-2.230675365539157,33,191,1.463792951572897,0.3793821012897616,0.8025288390655886,0.2767664132961051,0.9573592468921786,2.5090408629812258,14.98203061910198,8.753575771815138,325.22755867132844,1388.6927406099694,0.7805749382161218,0.6687528601291519
76,14,4.79094595874548,-4.79094595874548,14,87,1.1652960716336966,0.3943335608246832,0.8184045746797252,0.2655306630069835,4.583862441907146,4.0617060808999,14.620817434997347,10.004654843674489,415.7391171130181,1008.4908810853918,0.8091241400462129,0.6233826196212077
76,16,0.05747126436781609,-0.05747126436781609,19,233,1.4455757622874361,0.2559022090363447,0.8783595741979867,0.14626480377089057,4.957375058419287,2.956406043124928,13.914296493679997,8.222993435204067,277.6904046988873,1867.7087364538454,0.8544440265083965,0.7378719187279554
76,17,0.05707762557077625,-0.05707762557077625,14,26,1.2138538406358843,0.3678968831543567,0.80321353792332,0.2277680972472014,2.356493566505649,2.81500244301285,16.747741249997926,12.647143044917517,214.06831601448673,1923.9980410103854,0.6577886693804536,0.5098849393649035
76,18,1.7405284997405395,-1.7405284997405395,19,171,1.5175329898735925,0.2664183470979975,0.8722662600198547,0.15500161249240801,2.6321746128258594,3.788891737332472,12.725930648098814,8.842029771081542,492.45061334385707,2014.5996080246637,0.8978234371582908,0.7138789259912764
76,19,4.996846398165347,-4.996846398165347,25,87,1.4993167385840385,0.3943335608246832,0.8184045746797252,0.2655306630069835,4.583862441907146,4.0617060808999,15.130242786444375,10.004654843674489,426.16333628027525,1008.4908810853918,0.7825769678964822,0.7359520678476726
76,20,2.6615094907800807,-2.6615094907800807,38,155,1.2843117603663012,0.32175251033040353,0.7968670836937409,0.25466006667281055,1.435807313076784,2.3696255713779104,19.77553038702029,13.201489137671553,262.733641492329,1359.29866457673,0.9683732443984084,0.8176873383049654
76,21,2.6289261128515813,-2.6289261128515813,40,201,1.4568435797712191,0.346823571164543,0.836927586519275,0.08182125010914792,2.878053780784267,1.28881550529699,15.080419374971537,9.315400182335578,358.7113188284009,2191.135844523925,0.7828379853725385,0.6376274844719602
76,25,-9.557720423150247,9.557720423150247,3,155,1.5090313288615207,0.21182047393533326,0.7594881556192075,0.18941985825730234,3.309867884431423,3.5357641621237788,11.612976848795515,7.539466164556893,425.56765048043553,2415.3714980528703,0.8879552441649139,0.8218592746238165
77,3,4.712409158229395,-4.712409158229395,19,93,1.4530633195158749,0.3810469003267857,0.8858508058903449,0.27644006909908553,3.758218794736906,3.630971397584025,14.306186594478454,8.434208852905147,460.4728383157733,2074.689171699618,0.8486091759075917,0.6241047238428192
77,9,2.2463164057175082,-2.2463164057175082,13,123,1.392619110119205,0.2749240353520933,0.8063044548884105,0.12241582570869626,0.9224267760106242,1.9294343331959318,20.189000038479588,14.371606914905183,262.84898747939724,2966.306915709542,0.8485997556181475,0.6654998311395868
77,14,4.925233799320801,-4.925233799320801,14,102,1.4521394135829975,0.33263345808970574,0.8553951779886091,0.2938652358844381,2.7769581772780705,3.4069548633521087,12.685238557786919,8.422196737555648,421.111828893459,1593.7548609946618,0.8256788544827984,0.7215121630587856
77,15,3.7777362772828917,-3.7777362772828917,11,133,1.1642681429975763,0.3442857097498858,0.8133300559636464,0.2806843608960018,1.0579169480922834,3.537418210687115,13.856622657885737,7.842274734743928,476.5356774510019,1310.9682214181048,0.8767790258086479,0.5182599752314149
77,16,1.3578665378214283,-1.3578665378214283,21,122,1.007995738603382,0.36122530023961064,0.8973744761427875,0.10305403983716761,0.5934522224667749,2.6835369959303734,14.568761930303644,10.940126195886283,422.43851408761526,1106.0824330847977,0.6761224604327349,0.699857727620933
77,17,2.909278683715231,-2.909278683715231,10,20,1.4988314449743787,0.36373140398970794,0.7572112904414423,0.2576598982674556,1.4268581482085572,3.242103173711259,20.28930614677426,12.36793665318051,278.5388868575526,2386.242064109184,0.7882709319657146,0.7115238465295097
77,18,4.974425216592448,-4.974425216592448,21,98,1.4429981164172512,0.39017906802391916,0.7202947264689724,0.22509551981867407,0.7152560757224107,4.1733002752639,16.14105751525107,11.678236640310672,396.21734966124075,1022.877102557161,0.6977756524955118,0.992546836199804
77,19,0.0556792873051225,-0.0556792873051225,16,230,1.2392105202009391,0.2513199430927492,0.7453873711881147,0.26547724161505043,3.3171087465435933,3.7464120580739424,10.662789589853844,7.041664221325661,352.8758343226202,1465.0806706010976,0.7684237149471198,0.6207470623507387
77,21,4.4176925877247815,-4.4176925877247815,27,30,1.4227100196009312,0.3840702789507451,0.7339560059311305,0.19914569956459088,1.2570073480174553,3.242698402417642,18.06996435409635,13.774670909588547,416.45338251308124,1128.9395107295516,0.6939533139592386,0.6034130872975307
78,3,4.724412174052789,-4.724412174052789,15,129,1.4224024092777432,0.29942100696784774,0.7262357173284448,0.2906671649117407,4.827759708883885,3.1873764190749236,13.876928849207095,9.1249994180906,395.8358136135572,1498.0312749982081,0.9005199844775247,0.695199969756007
78,5,-6.123383662466244,6.123383662466244,8,232,1.2519575072919293,0.14946084582586372,0.7489634452119992,0.29656790204480915,0.8779092763931589,3.207727559732699,15.18159238114833,6.428452028479376,419.4200944094828,1925.2341762636595,0.8160108319777881,0.7732549380858008
78,10,4.67908936381073,-4.67908936381073,36,40,1.3259464774802183,0.3339489474577012,0.8974729506491681,0.18495967821919804,4.877069432639811,4.393945530522545,17.652935794704995,11.857608883946678,283.21541697900636,1716.4850999140358,0.8640580065582608,0.7446163829028453
78,14,4.985947101411671,-4.985947101411671,19,129,1.4224024092777432,0.3344740065029206,0.8588235399921269,0.2848258287241218,3.8587325698344106,3.851411958966068,14.307922532903854,9.1249994180906,395.8358136135572,2137.6230044381164,0.9754335435160613,0.5761438360533382
78,18,0.05543237250554324,-0.05543237250554324,19,221,1.4712553327984412,0.3624595826474515,0.7597746225639095,0.2544710923814828,0.9736473245548001,3.10163288358346,10.993829741879026,7.864674257084161,237.04860323958917,1284.7920238054155,0.9785573678635813,0.7937675009557194
78,20,0.05470459518599562,-0.05470459518599562,16,239,1.3900359040851218,0.3043528361803699,0.7248932778747988,0.27508419766635234,4.847411063241768,2.1702708530513264,19.07091128753413,12.713511545824655,423.1836664683351,1380.3571788689674,0.8477067973900994,0.6284189403009237
78,21,4.591252058204027,-4.591252058204027,11,211,1.4804036415814001,0.3458337883936965,0.8351859593666611,0.1924305291792026,1.0615569966127405,3.4306744342490463,15.095632327824767,11.963564314567364,400.2731622686805,1236.5475426795974,0.9699183497105939,0.7858845620618635
78,25,-9.947033898305085,9.947033898305085,1,247,1.1436757987234742,0.16752598214894532,0.6226779464632273,0.1696781251206994,4.091560063883662,2.7278222469612956,13.08441516943276,5.455342042259872,457.89069421589375,1596.6979414224625,0.6436029546894133,0.5640973723493516
79,5,4.796523848538236,-4.796523848538236,14,232,1.2519575072919293,0.3445424308398818,0.763829155391167,0.2176272692639908,4.7543891183901685,3.207727559732699,15.18159238114833,9.880005406834595,419.4200944094828,1152.4973820106486,0.8160108319777881,0.6745508868865202
79,6,2.682365620890651,-2.682365620890651,40,210,1.337980410024021,0.3857277123634568,0.8578430914679835,0.2572658392292918,0.997503003420084,3.1420322696822023,20.10270527595214,11.158757348526164,273.75767393652296,1481.2636532466615,0.7359973552198312,0.929119207971056
79,8,4.8191271297626255,-4.8191271297626255,19,77,1.130479320222799,0.36648283382325025,0.8360742957384547,0.18463282353663282,4.629679569816596,3.8211636317948217,12.644839286825379,9.966418100921324,444.9244813976829,2427.3923406371896,0.8298909274295923,0.6325068232621427
79,14,0.05630630630630631,-0.05630630630630631,12,195,1.4383500322678784,0.3050482153125266,0.8145274728885752,0.298716980343908,4.8913458946678094,3.8419414572624806,17.006594659760594,9.700976237556686,272.03625375404954,1279.9562353533747,0.5801797555346659,0.7916504493914545
79,16,5.208528785662713,-5.208528785662713,38,24,1.381406018306377,0.3632557335677344,0.8235611339297191,0.20098673968905792,1.0194760448278515,3.478198202341451,14.030577760379117,9.3983542223564,376.2009579026811,1135.0675988438566,0.9359219245307067,0.9363954375192001
79,17,1.4066348543363674,-1.4066348543363674,24,228,1.2569001656510084,0.3272529102056934,0.6980724654202888,0.2173049832775425,3.8886523089720315,1.4152407375463272,12.442273099177111,7.778365299547047,383.78992933055605,1645.9693665563955,0.8560768198813893,0.686229689165446
79,18,0.05482456140350877,-0.05482456140350877,10,70,1.3974056429654726,0.36587209277630905,0.8456642575950787,0.2612753801949929,4.598044455887888,1.552820138435392,12.77122061409455,9.496862086930129,269.17776240273037,1331.6738513457478,0.846534904430857,0.6097617720487435
79,19,5.05446623093682,-5.05446623093682,26,151,1.4268931515454557,0.3680078602202867,0.7640739556406693,0.11719731040616245,1.4485351511231612,2.6480746773951966,17.03656608414013,12.286654966388141,328.06963963371896,1379.645744093989,0.8736980927533129,0.579656537584341
79,21,4.31553152352382,-4.31553152352382,15,147,1.38764305420269,0.36133239720306987,0.835978247184561,0.10001839945270433,4.560286405089431,2.85393623508555,10.123806332906762,7.670027683281913,369.8559572615714,1067.418524162459,0.8894948435694754,0.5800551979913918
79,26,-7.80228055520985,7.80228055520985,26,37,1.0679694681959009,0.3432072347870507,0.6728297750934336,0.20403225153521484,1.4483497214230947,4.031005870354711,18.445307786148515,14.624080425219752,347.2674460539349,2587.239632257916,0.7879297158674323,0.908493299490351
80,5,0.05924170616113744,-0.05924170616113744,5,77,1.22808950551413,0.12094584387833471,0.7171294458210469,0.14654923967615613,1.3464859665233229,1.2700972082093358,16.739647704628435,7.859088508947927,395.7945645310659,1490.8286920379242,0.5010266926098543,0.5654387330248818
80,9,-2.2427492742567576,2.2427492742567576,13,127,0.9318263032561644,0.2838222488363749,0.6944514994883134,0.24473520696838377,4.18496517731366,3.1937455911712362,13.678317867590849,7.926701654142705,381.62105009986163,1292.4610973567467,0.8367652505463048,0.6292789984329241
80,11,4.880190168985753,-4.880190168985753,9,7,1.3800067169169146,0.3755792079545641,0.7571546708046591,0.13739019147905948,3.457926103542921,3.304312105317319,20.57703469328303,9.973033270178089,391.8533459253981,1570.2866010609619,0.6596689112170684,0.5186138325370848
80,15,4.296411915913963,-4.296411915913963,17,136,1.384664339153598,0.3450712977962966,0.7984024212068959,0.11163160690833257,4.882894940387812,1.7517420940279533,12.090798289322876,9.479362221838809,478.787972044645,1351.5796623969022,0.5659790216469425,0.9061954785993447
80,17,1.0766498609416528,-1.0766498609416528,17,196,0.9560439329313781,0.31337309142849423,0.7870897252035141,0.2910623278139962,2.84750325195711,3.549022593042043,13.937314034112822,10.142711000510506,421.11037556407973,1589.2313979222276,0.6097643272367317,0.5797807333894853
80,18,1.2938818158427141,-1.2938818158427141,15,243,1.0304884637921943,0.37078533994543283,0.7982127872658503,0.20511694152686716,3.2395477220333433,4.322174228842936,14.153390644885341,7.190621213048344,457.33711470573326,1070.489475668985,0.6884424248638217,0.5166778859062238
80,19,2.7906645360597975,-2.7906645360597975,29,170,1.4988529938258268,0.27642899931184595,0.7085932716884562,0.2420554669397969,4.872941422781106,3.6466633567718025,12.2986565201724,6.823625754549946,481.34548443482487,1092.7667593198858,0.9728649382458743,0.9549858919417753
80,20,0.771768171886209,-0.771768171886209,24,105,1.2441658280115653,0.29158716815183616,0.8851524143298607,0.12509953309110844,0.6409247130005724,2.963694258783559,17.353226535354775,13.103378974010829,349.2157884300494,1205.256559355154,0.9002710225981945,0.6901835756793571
80,21,-1.451872247199657,1.451872247199657,13,175,1.2451557275718719,0.2242692576539212,0.8630013676058792,0.2843712555514574,4.031003934846476,1.8897710577001408,16.156030548645564,8.891155496335497,455.04387442298776,1066.6609331965446,0.6260825619188689,0.6905076155460648
80,22,-22.27758817933001,22.27758817933001,11,28,1.5074050759040847,0.16351392435054785,0.7231322154668398,0.2604408746037834,3.2154896598672726,3.527479094779856,16.08560404856281,9.382944309528202,372.25386293762386,1423.4378530335985,0.7370428659244521,0.7676433178875259
80,23,-4.977463311686244,4.977463311686244,14,27,1.4415806071005357,0.35209112078748933,0.8063201301657368,0.1969790479356079,4.818899780492734,3.744959021973657,16.612906187960363,11.059111899153848,444.60514940052127,1297.323768718108,0.7867787379871338,0.7380459732115956
80,24,-26.818658915316682,26.818658915316682,11,249,1.4139438440870649,0.153047774181409,0.8817390695800987,0.20801555123743964,2.921745612274338,2.3365939485835487,19.34012785641312,15.1629724447453,459.95317816544707,2882.1656681905156,0.7209710267392798,0.9468807683772313
80,26,1.1870579656009626,-1.1870579656009626,7,7,1.4685140188505155,0.288648987410434,0.8975456608459353,0.28756299663335083,0.9393488767515599,3.7235846517150746,17.315834429258103,8.958043905112678,342.74121466205,1733.8972259312868,0.6866356224554621,0.5186138325370848
81,5,2.7996193783259344,-2.7996193783259344,27,183,1.432513105866218,0.37500390985886944,0.7744771709670843,0.28868268144310116,1.2801801487899618,3.0147426604811756,15.702105208673752,12.453696889387315,327.6556240306039,1089.8643030022463,0.7388847642210106,0.7022362557867671
81,8,3.822166362624657,-3.822166362624657,19,52,1.1746874497686892,0.2975381614908882,0.7436836521989438,0.18688468180618156,4.169285603384776,3.326549388965345,14.47278744981142,9.673139060803836,437.2147163756764,2392.636323084705,0.8877044269122711,0.624995938413458
81,10,0.7808243848630152,-0.7808243848630152,14,184,1.048739468852808,0.1234209541442555,0.8348834425161239,0.24204186141095518,4.468795405795897,3.5126322973608977,14.920387048309085,11.539480270256353,235.48231352761235,1207.402863464576,0.8696693240582909,0.7930685155653492
81,12,-1.3797964714706161,1.3797964714706161,5,128,1.4142946097748228,0.14108411210667382,0.7613138119177094,0.2754246454127133,4.202206587368427,1.682301458662053,14.25469040257739,8.410501645469216,480.211503341597,1648.8821246247549,0.7031892884356384,0.9278023853235666
81,14,2.277706320212874,-2.277706320212874,38,11,1.1647980088666803,0.3265361496342606,0.8813703123333337,0.23326939668215751,4.027379956318473,2.672670289595183,15.117401297873506,6.5469754374141385,461.877141202455,1988.1259547491015,0.8769290054092029,0.7587761493500913
81,17,5.320815899493764,-5.320815899493764,37,0,1.4241066346786595,0.37154007350428786,0.8704769603790687,0.23938522297880277,1.271318027040638,3.10163288358346,17.615729199801812,11.223221134559273,283.9905240082476,1284.7920238054155,0.9460261292683494,0.920422153413786
81,22,5.052301255230125,-5.052301255230125,40,98,1.4877923640104913,0.3443916877243023,0.8494896633166776,0.253663973640342,0.7152560757224107,3.8612334082891024,16.14105751525107,11.678236640310672,393.8572505300154,1054.0239474783475,0.7421774892262916,0.9964630279593909
81,23,5.365925993936591,-5.365925993936591,38,0,1.444123103306999,0.3981805330915583,0.831452256180192,0.24414482766592616,1.4223934673036192,3.4381155779839148,15.198006626151338,10.678044255212743,348.87233231650964,1628.0906304885475,0.8746521178076442,0.9513818310974052
81,24,-3.705449387567058,3.705449387567058,11,89,1.2706488050290776,0.3687483684918366,0.7781229801347538,0.2596713784073908,3.6729481570039235,3.1107015314984143,18.22770417499624,12.866933082024799,255.99241583628407,1398.4282923020105,0.8281578798633382,0.9436806297510397
81,26,1.3730280754984134,-1.3730280754984134,27,128,1.378058922696712,0.3239811920506925,0.7274556118125326,0.18947035320948588,2.536334342892374,3.9169541724694774,12.495764864808223,8.098663386941992,429.0940812956769,1268.766609425867,0.7309683315302539,0.7287700539428408
82,5,4.551946702651934,-4.551946702651934,26,9,1.1720627404256119,0.3361021311973246,0.8810573147765788,0.26710234794658855,1.1259657022693152,3.8473735797925945,15.768355726163222,10.629550467009622,351.5019296342921,2659.1232027199762,0.969188055023551,0.5234246554639066
82,11,4.712666851408333,-4.712666851408333,19,160,0.9814575381381371,0.36509902593696897,0.8878330388870814,0.2580512065031571,4.197313368591992,3.5344084193261374,13.96713170480114,9.440945686263966,481.0265610839308,1267.0171330027429,0.9068203805619304,0.5511145456640378
82,17,5.166960376736381,-5.166960376736381,24,138,1.3905563771182323,0.39282758278326185,0.815285327185287,0.22894054193596178,0.548804752939323,3.653404472595329,16.730157918172637,11.911666789749683,361.8178961745953,1272.4689147483941,0.7873045531426068,0.8665140591537834
82,18,5.221108108289444,-5.221108108289444,24,186,1.3714863333538492,0.3917542890206459,0.8697084197189163,0.27967686743331915,0.7520889621295868,3.6741706123474582,14.422737604792587,9.78826855638664,465.4104809635055,1683.2829742037975,0.7889887445470127,0.6646541207651797
82,19,5.2888104037063695,-5.2888104037063695,24,0,1.5126839976418087,0.2863690943929398,0.7393959643732639,0.2790283217690267,1.0648589679672678,3.5644744083788398,17.10404037928392,13.237350203052557,349.21396371556193,1067.7153098165609,0.7775989544734934,0.8550869517483801
82,21,5.052083333333333,-5.052083333333333,14,138,1.3905563771182323,0.39282758278326185,0.818876711363282,0.1694053424787831,4.9697503844030955,3.3884143977613714,16.730157918172637,13.138591952419917,338.7311999133654,1272.4689147483941,0.8863081532320218,0.7672191456235959
82,22,-0.1148527380031199,0.1148527380031199,17,175,1.3307579333892452,0.25069064595892504,0.7638102616386967,0.20105682453517323,4.737467671531055,4.0593248314729315,11.933303063240658,7.9005502983068014,433.3800995517113,2849.9876687387223,0.6476637616729107,0.7711290949464458
82,24,5.051124744376278,-5.051124744376278,40,93,1.4530633195158749,0.3781225735283096,0.837171858758063,0.2157384293899571,3.758218794736906,4.247642956707978,14.939359957717972,10.558819920470075,394.9815117194074,1624.8931869007336,0.9136795711100086,0.6241047238428192
83,9,0.7528602182286468,-0.7528602182286468,22,79,1.152118955600785,0.3429796622444189,0.7490765039301224,0.24721761013210428,4.637156455650461,3.4649075413367694,15.795837434513015,9.995886164746628,497.3844743526321,2050.926152554083,0.9015937237772602,0.6649990335127949
83,11,4.9544824900959386,-4.9544824900959386,16,23,1.522229061560132,0.27368624071571207,0.7717211255707519,0.26861832252834394,4.027243841024446,3.701039011465489,14.005148111477608,9.328917871207972,492.5007150607845,1767.0224885190405,0.8454547135295656,0.548443888295105
83,14,-1.3160605616390013,1.3160605616390013,1,195,0.9985662707276644,0.25915632847696546,0.7841384712606668,0.290387273337692,4.68127060495317,4.274946685880423,17.006594659760594,12.556304237805307,272.03625375404954,2629.8699118196964,0.99147988576442,0.7916504493914545
83,15,5.053533190578158,-5.053533190578158,18,68,1.3855867285522347,0.34088493507103856,0.8314021781086922,0.10709212260091525,2.847498758018958,3.675408712878753,13.661889294489026,9.354410857282975,479.46126374057974,1971.0750232103794,0.8430215624994861,0.5507298559258716
83,16,4.950651151960126,-4.950651151960126,10,53,1.4731513178124944,0.38233485881970686,0.8870761138803956,0.19145820473030054,4.985833510756493,4.483855947768781,17.611124853390727,11.326109685851169,277.6863219418418,2186.6746553496464,0.8591867264224644,0.8151610808519941
83,17,5.052854122621564,-5.052854122621564,14,212,1.372456566280752,0.30432369511077556,0.8923668550655132,0.1925713629855575,4.782049200604016,3.910778750423585,16.311082754587623,10.769074174234099,419.2763392093792,1070.9731757828035,0.8376262328405176,0.6890637536523011
83,18,-4.226134920951523,4.226134920951523,13,23,1.4444480135744824,0.2021649855364187,0.7717211255707519,0.27359143745502545,1.5724753399313642,3.5275684939229204,16.474003529130297,9.934801205082048,492.5007150607845,1456.3874708778026,0.7911453075115691,0.548443888295105
83,20,2.816048099889085,-2.816048099889085,39,155,1.4174583786222472,0.3830917901020748,0.8451224540947357,0.25466006667281055,1.9988839663170217,3.0678377866901405,16.072100623601607,10.114729344319754,363.6370492724959,2688.2978538669754,0.793003238501556,0.8176873383049654
83,21,4.7653851843866875,-4.7653851843866875,21,238,1.3401891846333025,0.3539954967409381,0.8752265742456263,0.2863352780017304,0.6013470211550342,4.375327647222098,15.735759543526909,11.239256898029863,467.3372195615997,1556.7586364018591,0.8242908892296072,0.7286211747959044
83,22,2.873197325523188,-2.873197325523188,24,224,1.522954418785262,0.2874705852085805,0.7191644068334394,0.19429358920342132,0.5693070821260893,3.539977871723204,16.61325722028301,9.333331076173115,452.56911207158225,1304.642943331653,0.8121070046450161,0.7313328743195533
83,25,0.844688600474691,-0.844688600474691,3,142,1.0032864836166726,0.2782861376164267,0.7175861006575595,0.29518612050508486,4.229264314286411,2.775265345389871,15.789203259083568,12.019317606740225,272.9305630332079,1444.4605326145515,0.8762888135261113,0.8981130231896803
84,16,2.463445523810358,-2.463445523810358,31,44,1.2917578510111911,0.382004670568871,0.7391034165876028,0.22114554833337066,1.2065451736526271,3.1531984976321477,19.11225572285494,13.677198737346044,348.5784652918007,1315.5284318361587,0.8087389019893929,0.7303160062412808
84,17,2.8899598196151493,-2.8899598196151493,14,56,1.5053906914352264,0.33524030223196394,0.848017725041537,0.2641944865989374,1.7968125096314216,3.122733668831688,12.966851978469155,9.323408492112772,446.12176702513926,1314.2033935464021,0.927611585598213,0.7954127374105155
84,18,5.051975051975052,-5.051975051975052,11,197,1.5061764631533796,0.3165195305531438,0.7389065546806846,0.2834561030693575,4.972276251076629,2.8710486914128257,12.817705534221028,6.9294687723350705,449.3596262082056,1092.9451737432898,0.9164154492515459,0.6822524849557394
84,19,5.051652892561983,-5.051652892561983,38,132,1.507317348426911,0.38973088681936263,0.8597593886466566,0.23048331896773544,4.459779298256448,3.846674560227734,18.678444529753442,9.699757403669578,319.3323713999474,1371.2603093419834,0.934567441934082,0.6720718329454889
84,20,0.0513347022587269,-0.0513347022587269,21,185,0.9216181498795567,0.3323713079440603,0.801783537941144,0.2475709857111627,0.6312787303392389,4.138571876749271,13.749233292745563,9.701958315221278,231.07494602518904,1165.190890647428,0.8937522061152694,0.5771554686817497
84,21,2.673624916709828,-2.673624916709828,38,195,1.4642709743763946,0.35505374641148424,0.809917297070105,0.25326580544740784,1.7892848359491054,3.3420229654523723,17.02604563190541,10.695047006640372,278.3105794225575,1300.7730313861623,0.89190953120193,0.642789777633967
84,22,2.518992993510854,-2.518992993510854,14,117,1.2205344512002099,0.3951013271342387,0.6990412766268701,0.19428302319492893,1.7681103357456345,3.193600574675361,15.85099779058969,9.886232212246341,487.71437157813136,1196.4868468718767,0.7225246283128012,0.6375557535609664
84,23,-13.507457355134882,13.507457355134882,1,111,0.924700213673916,0.19092991105568957,0.8923376065999895,0.2506637078584643,2.2561549168943875,3.1265771894964436,18.048122473992407,13.374445015564561,267.38473798173555,2927.253846079111,0.5400343163418047,0.9540288333996475
84,24,5.050100200400801,-5.050100200400801,39,71,1.5175110198265438,0.378016724297336,0.8429353266224198,0.14978656171605947,4.421445191822439,2.580820078443505,13.72737920642046,8.406569853115949,410.9213770009312,2160.3889616229876,0.8175935654562675,0.7287623544795412
85,5,4.702775143141263,-4.702775143141263,14,130,1.5039228339304884,0.29700981124746195,0.8228789724552716,0.24475946624174982,3.7614115143302835,3.2996684066749373,16.020557850022847,10.516758497151468,435.80894743301917,1098.8626351485966,0.8985662716599069,0.5713267551432274
85,7,-12.341448620098422,12.341448620098422,7,224,1.335295970070246,0.17751929243379722,0.7177957675197826,0.179828449246665,3.3490329047834497,2.9125335297079804,18.533781519764204,13.842256519272667,375.91508600092493,1486.537195167959,0.8839997833904976,0.6493020193597516
85,15,0.05241090146750524,-0.05241090146750524,2,133,1.2299286309565463,0.3339939215502613,0.8133300559636464,0.21904573248699308,4.605797906875879,3.537418210687115,23.841249424320925,17.625434347310748,483.4246577045652,1466.3886111229658,0.8410485442727804,0.9118639209257965
85,21,5.027813824405962,-5.027813824405962,27,84,1.4325482313792612,0.33215409962581277,0.8206203417729848,0.29316527440150825,3.645924883604654,4.033164818971683,13.13872388480403,9.359983563048237,452.06946745214464,1570.3144669382925,0.9351834015978147,0.754445155557237
85,23,1.9972940263671761,-1.9972940263671761,32,172,1.5099887921513777,0.39308013308156997,0.8885291513171737,0.2841121055957124,1.1875638517656535,3.808772138013543,19.442723229537087,13.871801381029982,327.4199421354909,1495.8327211784972,0.8682074225370124,0.9491324487206853
85,25,-18.27179508621429,18.27179508621429,15,96,1.3421646676880594,0.19600249665225022,0.7676362688969617,0.28529192210972054,3.1688669117172,1.4892887252754148,19.26926389599413,13.953775071504879,285.3547407607739,1722.1115407596988,0.9088993129481122,0.7858698026843456
86,10,2.192604804673171,-2.192604804673171,16,154,1.2534145506754366,0.3600522869105396,0.8225651714703976,0.2568885860392315,1.8136130029796815,2.962034524723908,15.372039332410372,11.446642262016873,390.4088096129491,1368.6548378173202,0.9227371962678582,0.7861224412224603
86,11,-0.49210244043560536,0.49210244043560536,18,100,1.4735674411981001,0.30391614475023165,0.8353090693732603,0.2200938119821429,1.2337022840838046,3.57712458603567,21.451594585127364,10.884906965535352,366.71775614852834,1544.3921205317456,0.9332317835704329,0.8813372237936568
86,15,0.05186721991701245,-0.05186721991701245,13,68,1.3855867285522347,0.22235077929580804,0.8314021781086922,0.18066531604032657,4.816355806404909,3.8620882978047364,19.211676704653982,11.25392755264843,479.46126374057974,1087.8828599693043,0.7736071696208382,0.6562844681047317
86,16,0.17069343746301158,-0.17069343746301158,19,3,1.3939294385181733,0.38458193794937856,0.8984913031950523,0.18873507044264046,4.276737050931793,1.0297130550913571,13.511592971178933,10.677097208011222,363.921686034576,1853.8058228148266,0.948945029965048,0.6665439744571158
86,18,5.05091649694501,-5.05091649694501,17,126,1.477573651090107,0.3892772731994316,0.8500902117835083,0.15192313869085292,4.705943499558679,3.1007841181530638,13.016394034039838,6.792091189453696,498.89819601394123,1117.0503129492338,0.9545350787900135,0.7178673642435885
86,19,4.177660118545937,-4.177660118545937,32,48,1.1966098813439068,0.3384296742821003,0.8493443458326191,0.11062104431975635,0.6123953176426653,3.8378614452770465,14.92452403374904,11.47634340081532,443.0295762676011,1274.3230333270385,0.8893957955234575,0.9048567562970036
86,21,4.949473778082332,-4.949473778082332,35,121,1.2782295606251446,0.35214972991771165,0.7592445036048101,0.23039791088143097,4.789248798061612,3.4791754134873165,18.03046477966868,13.16817396565881,332.36190846593655,1009.5845089598772,0.7780569194424208,0.824259037896259
86,25,-3.7109908482170724,3.7109908482170724,13,238,1.2232298880721848,0.31809566815406504,0.7294151905252427,0.10287209284951362,3.0340180945821222,4.3842177770197495,19.882786439084143,10.388405918691028,467.3372195615997,1015.3151325871578,0.7164430037669622,0.8399853654433034
86,26,-9.154479655494,9.154479655494,6,163,1.3011265286000029,0.1719362042246908,0.8568648629815583,0.2455221015734832,1.6334170927115996,3.6422634355321533,15.05706702424442,9.933831501505008,342.7352056218727,2180.5811430969957,0.7111343407160566,0.6357935304138093
87,10,1.8438031762970475,-1.8438031762970475,35,203,1.341902884464249,0.30315587345161327,0.8671579873578779,0.17234036769569325,1.082381251799589,3.6641089149155395,17.647458365978657,13.720136673719917,392.5162215366221,1366.9003960432406,0.7409243099991822,0.730788386482484
87,13,4.97844003462653,-4.97844003462653,32,71,1.5175110198265438,0.31995584433258073,0.8222979985781561,0.2984209278774895,4.421445191822439,3.2236033226506278,12.529462877454275,8.589731867193755,467.2110794129054,2160.3889616229876,0.7595408519096735,0.7535820438024254
87,16,5.020313983121206,-5.020313983121206,36,185,1.4012197794646761,0.3144262976407474,0.8366814915914018,0.15849334562346,4.323245016892374,3.598124513221994,14.165699114876723,8.698143461291192,469.4165704377076,2815.954592977187,0.8392539285032251,0.645053307970945
87,17,3.0066133391438,-3.0066133391438,40,175,1.4814270257644762,0.31804149974210943,0.8110253809125698,0.13261835315116138,1.6718875353564173,3.178618521735898,16.04711583693459,12.685870959635942,363.23279391340407,1036.2351869975544,0.7150813409193312,0.7918927360828147
87,19,4.016538262595236,-4.016538262595236,21,188,1.5224350675647924,0.35551515097258307,0.8513567911160418,0.2652284678461406,0.8959222801555957,2.4920823280287157,15.261876583716287,8.266578620404596,418.5015126718092,1765.0618181411955,0.804588315861777,0.9671632124041472
87,21,-4.489978784818777,4.489978784818777,11,117,1.4983254555472718,0.2647706599712367,0.818725985055841,0.19428302319492893,1.9544811218281022,3.193600574675361,18.942495857482395,7.997809440924502,487.71437157813136,2763.750950273647,0.9589506969918484,0.594077463635346
87,22,1.1018561096031299,-1.1018561096031299,14,24,0.919420030933793,0.3809270110822399,0.7635911506737292,0.11107928477158797,3.5827469354272883,4.2713522677917695,14.030577760379117,8.025560056984599,455.7818344119636,1196.065949054026,0.7223988778316703,0.531397649737378
87,23,1.1863813552899174,-1.1863813552899174,25,45,0.9546241049202091,0.33030498721222296,0.8887180625109015,0.17547351466072525,2.950830539865777,3.368089014478953,14.007915699346682,8.570495925523225,284.68825292258873,1719.827810818296,0.9996431492565215,0.9765925259093966
87,24,5.121714558181275,-5.121714558181275,35,43,1.4584619140374577,0.3577367303457479,0.8624967546666256,0.202102411162427,1.5993857923011578,3.0724213451665907,16.682018230214464,12.836534967944894,315.94944816249784,1086.9254287612616,0.8074102318414991,0.9451711534189995
87,25,0.9625450816369074,-0.9625450816369074,24,45,0.9546241049202091,0.35078481761514196,0.8887180625109015,0.17547351466072525,0.522102684808111,4.03558271228958,14.007915699346682,11.003218809205155,426.03848287705716,1568.5538941519158,0.7032848881207582,0.9765925259093966
87,29,-1.879612373446327,1.879612373446327,22,228,1.293599718026308,0.30797159126437457,0.8600346927057645,0.26196079471671646,4.7845950678755,4.463550951038156,15.817716030947054,8.401540501107016,383.78992933055605,1170.9145301058563,0.8146517057498375,0.7778575380394817
88,5,-5.79311435641448,5.79311435641448,7,19,1.4446635431488923,0.2339488970514656,0.7630062484758837,0.1536354952272276,1.285151917840108,2.143200287632225,18.603308754895874,12.331816961124513,430.54625716018126,1708.1212547765774,0.7486968100327435,0.5000828146003187
88,7,4.899258801949075,-4.899258801949075,18,1,1.3401018138337109,0.38311331530773773,0.8984133301541855,0.2625414161717088,4.671702534415737,3.5021792663280973,18.018446201352717,12.650956351974315,344.4262809337784,1092.0726542591283,0.8232112553131358,0.6551663588250247
88,10,4.91832230500155,-4.91832230500155,11,251,1.0989903650992314,0.3179438498129168,0.8605745935717306,0.19531663281276818,3.6851830806449755,3.6091303208455185,13.192455877049394,9.727299234764283,457.8397926188733,1401.827599024522,0.9397189511468662,0.6347916781286623
88,11,2.7095713741616363,-2.7095713741616363,12,19,1.330745787216297,0.3331612670171907,0.7944268271304595,0.20246824408018563,4.427011982089601,2.143200287632225,11.989172515507422,7.152466748003174,430.54625716018126,1296.0198350701776,0.8935491871500134,0.5000828146003187
88,15,5.050671885014762,-5.050671885014762,17,209,1.2385378674745455,0.3659791477193587,0.8381427406224671,0.14400936990470348,4.749517798346371,3.5497117764579476,19.19489146265032,8.7725852000931,477.88678214849426,1148.01983521171,0.7562210694565525,0.9410978803662444
88,16,2.865530473916427,-2.865530473916427,36,3,1.3939294385181733,0.3274223513482989,0.8679083652497852,0.2789760337919846,3.6779965730856183,1.3414847065159194,13.620682850105403,10.619324513920063,363.921686034576,2379.9163679875137,0.8222844244229117,0.8235112812341294
88,17,0.7001337999643038,-0.7001337999643038,24,233,1.4455757622874361,0.2559022090363447,0.8037368620090949,0.14626480377089057,4.957375058419287,3.611309427326815,13.49732540627756,8.412489188873288,477.2403100906505,1255.1728741350164,0.8544440265083965,0.9767870198372193
88,22,0.04873294346978557,-0.04873294346978557,21,80,1.5231233840440979,0.3412540603351037,0.8938490110731632,0.1858896163280752,4.8210951225830465,4.295904137332963,20.65915122413484,10.938660626897677,473.69884838231616,1198.3224811446469,0.7156921707402024,0.636260024404171
88,23,-7.446301494739643,7.446301494739643,19,15,1.214393211187409,0.35866564048446975,0.8832338635420387,0.28998446655611676,4.605397331519172,4.046332222743455,19.09726918591899,9.712114389021524,401.17200742697617,1392.4890361095058,0.8650673731832228,0.8435700581966188
88,25,0.2774944224290836,-0.2774944224290836,13,1,1.4736154812434292,0.269364142980435,0.8632728017163037,0.16455979971148874,4.408450924840762,1.8457334800399372,17.002670977157432,10.818861299115694,344.4262809337784,1092.0726542591283,0.8232112553131358,0.580599492718106
89,5,0.05353319057815846,-0.05353319057815846,18,182,1.2793031716127288,0.3311992269364821,0.8765838748990906,0.2097648070009134,2.7043297962294166,3.5767251479961444,20.51183688659184,12.963043839001696,275.73525708570105,2173.2062040146066,0.6316570997909952,0.610886136265664
89,13,5.196499006898113,-5.196499006898113,37,198,1.3493694025963392,0.3703868329221134,0.8191372936573188,0.2924123064619317,0.6936194638917432,3.040136962647235,17.602820695504636,10.760044365245804,346.88768056947356,1617.556515640405,0.8720103923935141,0.8995253948589287
89,14,5.271428603448521,-5.271428603448521,26,162,1.4669740548656307,0.3810679308681401,0.8453533907375469,0.17759854950457563,1.4289575656424023,4.265735972795657,19.820098044143197,14.527224020049768,273.9021532626657,1762.7987587831826,0.7193605009642782,0.8625782772941395
89,19,4.973600640822051,-4.973600640822051,14,205,1.3060256472743024,0.37160341599888885,0.8737929138633671,0.23853711121454138,4.894429946239004,4.145522284473174,15.013540467578132,9.530480275851687,446.2363931964574,1210.3948692923261,0.765959863056876,0.6542616294621612
89,21,1.624992015876932,-1.624992015876932,14,195,1.4642709743763946,0.27547071471626905,0.8625681343130964,0.19818844056701024,4.935556927151718,3.3420229654523723,13.667559232762617,10.695047006640372,272.03625375404954,1279.9562353533747,0.8184569163421223,0.5416981782575321
89,25,0.4572953194874039,-0.4572953194874039,27,106,1.3798982334120227,0.3169139558161058,0.8748109305148298,0.22400181036319544,1.6841075866695976,3.2839357989589226,17.542544768032798,13.38338159249881,347.68714718493123,1402.16532745569,0.8202348612161579,0.70829578638087
90,3,4.721203629907806,-4.721203629907806,20,49,1.4359040689209033,0.3564067150385664,0.8250189086115338,0.16997990152124542,3.827777074601461,4.224609718693498,14.377800112764469,7.525265108988775,394.6362242847036,1051.9336603819258,0.9535604240132315,0.8664828761886478
90,5,-4.903770005649184,4.903770005649184,3,25,1.3628548019923814,0.18855803927265913,0.8230144552553229,0.2954042402381608,2.764835005308762,3.6584575034095304,18.500004301488705,14.487851725324832,236.5481425811019,1731.4176137624102,0.7873234500748827,0.8720552653049145
90,7,0.22414655784279702,-0.22414655784279702,23,149,1.4938020298022026,0.30754682527300425,0.7590482352442891,0.16392846181771947,0.5989389728811778,3.5229518933996373,14.92080316079751,10.77855482410159,376.4992982470743,1162.2453754767912,0.6029175258197672,0.8085961508049756
90,12,2.966393303242289,-2.966393303242289,25,88,1.389790327241922,0.356626035606141,0.8435428916854657,0.2771601804244739,0.6447951375532535,2.700407198598517,18.69708689409675,11.549060667127122,371.263116360902,1095.1701398800508,0.9065295275693085,0.8183183526369778
90,15,4.31386509072779,-4.31386509072779,11,90,1.437100267887887,0.3911417182301961,0.8312714899108817,0.24920620393014384,1.6683116600334489,2.9654566822362174,11.499619173498814,5.741743486393698,367.03115351406774,1398.5895432531088,0.9551044793791579,0.7832166691804571
90,19,4.3001407949784065,-4.3001407949784065,17,121,1.2782295606251446,0.35214972991771165,0.8828439181695814,0.2518003463394118,4.789248798061612,2.7548833902975725,13.969163816199245,6.284101514311822,357.7924063391496,1009.5845089598772,0.982396395964862,0.7253977020678812
90,21,1.7532098343118516,-1.7532098343118516,14,254,1.3460143726704568,0.2776057793687595,0.7999757442767359,0.1865326605925771,4.927575208134436,3.2147450415268968,11.903849422984175,9.455628470716483,332.63612243161333,1179.7028920261796,0.9229038448014504,0.6835608413662053
90,22,-9.952198852772467,9.952198852772467,2,254,1.2260308873455605,0.3493090818449855,0.8131339084357023,0.25673955817271815,3.325668776849133,2.667331444872309,21.61653654853964,15.09447291935333,422.07343174921715,1633.3174180301967,0.8923782905863928,0.8629289347239546
90,27,2.494013084060206,-2.494013084060206,39,123,1.4813397472057903,0.35869955508368967,0.8536386829612026,0.12241582570869626,3.5375782874453088,3.803077743267606,13.013240396175197,7.717161927075891,442.24941547754895,2966.306915709542,0.9250889215569198,0.8344491301654952
91,2,-3.0834958805442767,3.0834958805442767,6,211,1.4154321962991014,0.23238146154201716,0.814794940092922,0.22414882774748407,1.0615569966127405,3.315744750706337,17.969245979152888,13.322253592312336,400.2731622686805,1236.5475426795974,0.5733750204951988,0.6796394815662804
91,9,5.301429939585326,-5.301429939585326,27,180,1.4846456707860705,0.39938134011547644,0.8641689793180083,0.29774017966216854,1.128385557630843,3.898943396882274,14.693357943105623,10.8766612401217,438.8468685406442,2277.860754074009,0.8769238027079022,0.7910229567773394
91,10,5.047744068352788,-5.047744068352788,13,65,1.4812894219803676,0.3183010602371654,0.8712195407282268,0.2506845372626731,0.525020759938045,4.127929177847823,19.699493942946425,14.632791569144185,370.10774290403515,1713.316470226703,0.7406081159557778,0.7266692271745253
91,15,0.04930966469428008,-0.04930966469428008,12,1,1.4736154812434292,0.269364142980435,0.8212305264135745,0.16455979971148874,4.737288461767225,1.8457334800399372,17.002670977157432,8.670630216449254,344.4262809337784,1664.090830653256,0.512597139099628,0.5540934421033397
91,23,2.9676792567334678,-2.9676792567334678,24,194,1.5103578878580524,0.37438858619536536,0.8988207099777026,0.25958751600305463,1.7347224498425318,2.984918798361951,12.827895516129775,8.351591343093206,449.5644839801055,2310.620134538362,0.7912015985423122,0.8515940328160818
91,27,-11.825016185104932,11.825016185104932,2,211,1.4682984443150289,0.26282534772158705,0.8898649062319416,0.22414882774748407,4.408957108123419,3.315744750706337,17.969245979152888,13.322253592312336,475.69826466568765,2333.40110629797,0.5899299411500778,0.7705375826340931
91,28,-2.642744589728074,2.642744589728074,17,27,1.4415806071005357,0.27165086896542284,0.8818979151903117,0.21404099304969443,1.5994231821170086,3.168198442245811,14.234307267574621,9.032279876874327,444.5862628742116,1908.0195797057445,0.8784998944748171,0.6913554172229691
92,9,5.072354005380918,-5.072354005380918,32,26,1.5150914389072947,0.3723106938258969,0.8988354347000973,0.09124602424985204,0.626054544148456,3.208292837786149,16.71053201132067,9.527629671986322,406.17247559987385,1358.2119382818605,0.6577886693804536,0.7847178471626555
92,14,2.898644126404232,-2.898644126404232,29,140,1.5034982907649839,0.30949635902929185,0.7945534915145194,0.1678705043478066,3.4044409395550987,1.9288756954732382,14.829373443547144,9.554976794429916,296.16946897300375,1446.1523798713374,0.9795425324274593,0.6978690593937642
92,19,1.5288292011628433,-1.5288292011628433,31,41,1.366626277341901,0.31384208289595944,0.8366493757776162,0.2963452539281184,1.4924344368052178,3.764020262679946,18.874349299536814,12.973693503904894,364.45924564272025,1219.252292837181,0.8226825442358743,0.9007161984179295
92,20,1.9718029672465427,-1.9718029672465427,32,78,1.2242162926347204,0.3401717681783873,0.8295934673086328,0.28122393058257106,1.5319300494032317,3.5628800660348507,16.30053294906239,11.335885691617644,403.01412145692655,1005.9079538333848,0.8266889018398276,0.7984540447351168
93,9,2.82872074113638,-2.82872074113638,31,36,1.202178243683421,0.3661464539469482,0.8151571016115786,0.2294102834138395,1.2837214679484747,3.732710844611854,14.687192873772531,11.06733509342419,412.676557791282,2429.7785827152684,0.8252524524504337,0.8186566600386688
93,20,-0.2778897330750736,0.2778897330750736,16,233,1.2457842051025774,0.2559022090363447,0.7913473889424356,0.17378075804886017,4.64496621913653,2.160728374811034,15.345283161131853,11.329643636311859,324.4485716698625,1286.3530700698318,0.8544440265083965,0.8368648871126072
93,21,1.7090842005608868,-1.7090842005608868,19,63,1.1268547376414189,0.3429334604061006,0.8943693893152002,0.23104539483018094,4.933457206564891,3.7156568517334585,14.092227509593378,10.854379616385842,371.48030127868174,1392.93847844117,0.6922670470027921,0.6719779843547893
93,22,5.0464684014869885,-5.0464684014869885,27,56,1.5053906914352264,0.2668053291531807,0.848017725041537,0.12874954889989476,3.5293924786134125,2.950070142012115,15.419433680165284,10.654652367601742,405.3180924348312,1010.6282532535471,0.927611585598213,0.6629953445406221
94,1,4.817560646560864,-4.817560646560864,17,161,1.4668043439269496,0.38626099618687293,0.8386242121176225,0.2715515577630404,4.0479401896215785,2.865643444601054,12.791947255593215,9.603563882445204,470.3311614957331,1037.4595432035221,0.7431737389544943,0.5143693966698347
94,7,0.050200803212851405,-0.050200803212851405,15,9,1.4164205220210009,0.36333842429441887,0.8816155588990684,0.2820459085475756,3.802149811759591,4.222185608601487,11.329472265181703,5.748099924009499,333.8887365031949,1369.0792685442775,0.969188055023551,0.7722320535274438
94,11,2.6495040497048175,-2.6495040497048175,16,101,1.1942823996888285,0.32179596069035243,0.8749087257867645,0.19600623785257326,4.228448907812639,3.3434180484961527,15.269151818252228,8.45644156621712,404.99348389727913,1780.6548533869409,0.9175448246090654,0.72144337126664
94,13,5.0484496124031,-5.0484496124031,14,229,1.5138826407280819,0.3417193284836044,0.867746758824205,0.27523395702386233,4.259369285877165,3.859765929367745,16.473844601777962,11.162836347893276,474.8326357489643,1548.1996015201025,0.6596304467806527,0.508156563389137
94,17,5.047348484848484,-5.047348484848484,28,137,1.4583982565609312,0.382294756295637,0.8540013835476654,0.2766103234273462,0.5377880637000048,3.5306052626227293,10.723425488487955,7.88002129649203,412.3092191342133,1172.7352188240461,0.9875583593676689,0.5611696534166869
94,18,-1.9890066851408843,1.9890066851408843,17,94,1.171320374779507,0.27444922970432084,0.8650612898747454,0.2736542746939552,3.0975965095518827,4.267931949549297,14.225492486872692,8.607193137810986,416.3773706716876,1346.440875320086,0.7393084074875816,0.7588858409989923
94,20,4.261897703812708,-4.261897703812708,40,22,1.4408882882475615,0.366408126313409,0.8105295180636177,0.21322168942648723,3.2524107671826865,2.240134906010165,14.008960852573912,6.478649216930745,357.26624562023204,2572.822781101444,0.8784090291717407,0.9474851162495533
94,21,5.046296296296296,-5.046296296296296,13,138,1.4381259542796305,0.39003635864898323,0.818876711363282,0.20799975162710332,4.754760492939035,3.3884143977613714,16.730157918172637,11.380548212809494,338.7311999133654,1713.7402538688655,0.8863081532320218,0.7672191456235959
94,26,2.6064669619093053,-2.6064669619093053,15,101,1.410989620844938,0.32179596069035243,0.8749087257867645,0.23692740276027266,4.679632776807254,3.3434180484961527,15.47349340434322,10.356935359661696,363.5875409349928,1780.6548533869409,0.9175448246090654,0.7172002146201611
95,9,4.88937673379645,-4.88937673379645,36,38,1.1773711981739499,0.3924032427851306,0.8142860818795089,0.13943945955540205,0.8497472506867925,3.6914160781109735,16.324115498768272,12.56303197583496,308.37533984753014,1209.743714149593,0.8481377159965979,0.5994030218561801
95,13,-3.095494861019774,3.095494861019774,16,108,1.2014273875818877,0.15181645506524594,0.8054117986130409,0.2185571890958612,3.076799301773243,4.1101306467143655,11.737195606767564,5.326266124715973,400.90803146755036,1892.9792881563014,0.8411009889129011,0.6749252577470194
95,22,0.5499873902255104,-0.5499873902255104,31,185,1.4065409014559944,0.29583048548467406,0.8754711766066259,0.15849334562346,0.6312787303392389,4.138571876749271,14.165699114876723,10.91800187430231,469.4165704377076,2815.954592977187,0.9038752313354983,0.6634337653299331
95,24,1.6614739967288643,-1.6614739967288643,24,149,1.4938020298022026,0.30754682527300425,0.8426416866191965,0.2840389598306744,4.4759531608295955,3.8046307511733524,14.92080316079751,10.39928115420068,376.4992982470743,1162.2453754767912,0.6029175258197672,0.7639074226009864
96,16,5.046728971962617,-5.046728971962617,30,127,1.349566014027079,0.3727055579482573,0.8658727757660591,0.19401638024230847,4.055480221199244,3.7614025948844168,11.129144114436672,8.899845045582715,486.06379344826905,2989.0998552565784,0.8351716051418945,0.7669171677520941
96,22,-0.2357271480294525,0.2357271480294525,18,80,1.0600347334765832,0.3412540603351037,0.8592024037965456,0.22022068574256687,4.8210951225830465,4.464446907083494,14.799912399209136,10.938660626897677,352.25984972342,1436.5294246088627,0.9646717525784645,0.5844325045660578
96,24,5.231486203737539,-5.231486203737539,19,0,1.521186909013192,0.3414610077835301,0.8416412369492134,0.255074150459788,0.6232667317918241,3.9443253534467657,14.76762163452804,10.915566047510245,452.13567477022855,1038.1387107912233,0.7847960206535866,0.8940425495430486
97,21,2.840767009912592,-2.840767009912592,19,187,1.509519687715476,0.3773269536902025,0.8568428885440051,0.2470878922256459,1.2742919837990836,4.297889222035697,13.29679133154535,8.5853897145934,443.51927183720744,1074.0923575221098,0.9242100193996061,0.7123428319130478
97,22,2.942776209019577,-2.942776209019577,39,114,1.3596353756112611,0.3862299107997146,0.8854028425419926,0.09826028126381468,4.158500098562349,2.8970520160056252,15.470569525299119,10.973008309847847,418.71127041347586,2284.448390087203,0.880293270516963,0.6153801619739787
98,17,2.2855853059897115,-2.2855853059897115,38,54,1.3577306551529231,0.39434562179991695,0.8891133706093257,0.11803611246742154,0.5203502963921189,1.2653686879332802,18.876038250482964,12.780254070241092,224.05148937105258,1542.4183993341999,0.8562611024948091,0.5826935309947634
98,19,1.4350247018046263,-1.4350247018046263,27,230,1.2392105202009391,0.2513199430927492,0.8262683760240065,0.23676438059764193,3.8718795024940302,3.4553733594226155,14.15097582647742,10.407482030213178,364.21465940585836,1465.0806706010976,0.7112774068529202,0.6207470623507387
98,22,1.3387770912661887,-1.3387770912661887,36,184,1.4389472955342966,0.3441284293489101,0.894374700958298,0.15732297643104906,3.1603181738321133,3.7619656503406205,16.954746066144157,11.539480270256353,235.48231352761235,1013.8276904158556,0.9192053915843728,0.7930685155653492
98,25,3.228734686092697,-3.228734686092697,33,78,1.4112352491511473,0.34092116964947694,0.8295934673086328,0.29112938392396204,1.221520212748565,3.5628800660348507,14.467202430790628,11.335885691617644,417.9541992916298,1561.384363044519,0.7769928875798778,0.9440701583655924
98,28,-1.5137611630129548,1.5137611630129548,14,192,1.1612571675578376,0.3402442258593074,0.8923910615330017,0.20960282002265487,1.9957278596656944,2.6079414028645367,13.825588583971577,10.012264688390038,439.60536571307546,1042.6321465173316,0.8202506262420775,0.6976433530354397
98,30,0.1348344840244664,-0.1348344840244664,22,164,1.4703064193126276,0.3707933957109273,0.8089908312381737,0.278106978456903,3.37441605561882,2.337370301028945,14.618967052295375,7.428572227643081,409.2766720980624,2452.4369199353087,0.8618955696710608,0.7665578166082421
99,8,1.1901610001591658,-1.1901610001591658,11,41,1.1794934127216554,0.31816598909290084,0.8797856573767505,0.2549174745216182,3.0918298786797886,3.8857937635763453,15.948685481903441,12.23506163598947,364.45924564272025,1219.252292837181,0.9274855047927558,0.9007161984179295
99,10,1.4807228609194798,-1.4807228609194798,16,110,1.0901097274172369,0.3396163262503647,0.8568663599852131,0.2957825027230304,4.84416525332878,4.120960794792295,10.603867323923179,7.633889174740296,445.2186499017752,1242.3920455916104,0.7454725074436959,0.8473240963550759
99,17,1.514550124043824,-1.514550124043824,22,196,0.9560439329313781,0.3590503718893398,0.8255321203917383,0.19376386101786963,1.6885909669398216,3.549022593042043,12.348781653775792,8.150352374867115,364.2967326502225,1465.087376703999,0.9072223298011386,0.7948215072725395
99,23,5.303449619902961,-5.303449619902961,26,0,1.4426552091487657,0.3298895735894577,0.8955764788874622,0.289813056205391,1.2989467892811242,3.6519474081110896,16.516347994189083,12.48437198492626,385.3381691642102,1001.5372804907176,0.8211508251948485,0.8335249568799186
99,24,5.243749142408705,-5.243749142408705,29,183,1.4358018283927494,0.33875926647956056,0.8601534431234518,0.258237392776148,1.2801801487899618,2.4249665749331877,15.702105208673752,12.463117230206766,308.25104038760503,1040.5534359853086,0.9168265286059986,0.9799662203910808
99,25,1.3842967981160417,-1.3842967981160417,32,182,1.223453319619756,0.297940403398425,0.8781874827930625,0.2991883565451091,2.7043297962294166,3.0752384288886505,15.860779728502143,12.670311650805155,224.89264293023427,1130.60516634727,0.8531308248808018,0.788809617814611
99,28,1.5179101418714076,-1.5179101418714076,28,35,1.0180768494171006,0.36080050272038633,0.7450995050478746,0.29298789572137274,4.847857022511997,1.4398478365169658,11.881275367112094,7.708787163622211,461.5593961898577,1062.1396515628358,0.6595993149034278,0.8703448313956244
99,29,2.9593952887588113,-2.9593952887588113,23,100,1.4735674411981001,0.33139429493242645,0.8353090693732603,0.29716350384344986,1.5322586263027995,4.171591073685828,12.782562449131266,10.123372271478893,485.5377374020272,1544.3921205317456,0.9332317835704329,0.8813372237936568
100,7,-3.9770195301390006,3.9770195301390006,20,131,1.2834326251008823,0.31748579228360935,0.8709669123884156,0.0998972674128413,3.299876335151155,2.874455928065747,17.48882010768912,7.88891639782456,318.5260674166064,1366.1825833425246,0.9467526497855644,0.99168711187917
100,18,3.592066595147559,-3.592066595147559,11,121,1.2235749139807863,0.2990763712580984,0.8739803887670037,0.20614898961895786,4.789248798061612,2.7548833902975725,14.306470278106877,11.253498629551881,339.43328452004863,1009.5845089598772,0.7563932618466477,0.584653007806784
100,19,1.6423854506447082,-1.6423854506447082,37,244,1.3887717905341161,0.26925790919063175,0.8769764816752446,0.24879247793299453,3.987901725176359,1.7625025063673605,11.843837635421941,7.175142465998941,453.53746004277497,1087.5503905117512,0.8101170801845402,0.7500665436292532
100,20,0.04409171075837742,-0.04409171075837742,3,1,1.4571790875149238,0.24540409264787874,0.8212305264135745,0.24320381054481846,3.9327614473668726,1.8457334800399372,16.26168346150638,8.670630216449254,213.01684126946222,1664.090830653256,0.512597139099628,0.8994108209677595
100,23,5.208303750019315,-5.208303750019315,24,15,1.436138878864396,0.37245342314885505,0.8390454469792115,0.23483540679012982,0.5426275471860054,3.6519474081110896,16.396113823845848,12.48437198492626,401.17200742697617,1001.5372804907176,0.7604047593285047,0.8435700581966188
101,21,0.043478260869565216,-0.043478260869565216,12,89,1.2761151465001979,0.3808922191491312,0.8942478963977865,0.1957260373709375,3.6729481570039235,2.1586606580593752,11.652142366249587,5.533000406057005,255.99241583628407,1682.7572248914494,0.5522539877197047,0.5389657916438718
101,22,2.3446490715080266,-2.3446490715080266,32,175,1.4814270257644762,0.32944274864165224,0.8665263719607006,0.2903438511299031,1.3098945307901113,2.6215251147098435,13.956164626395324,7.3738514595019495,363.23279391340407,1192.2786634280042,0.960861490919647,0.7711290949464458
102,17,4.343286950944088,-4.343286950944088,29,42,1.4481160266379576,0.32640039135367,0.8979249543379025,0.206632625588423,3.2267062041190333,2.7536646343378868,11.221561980626607,8.73121610632229,389.38423400506343,1776.0158058510804,0.7595895309456553,0.9104380481564407
103,23,5.211358179852522,-5.211358179852522,32,124,1.5112735314133352,0.3838533395621962,0.8922382085088799,0.2702660444616645,1.1227801192626181,3.239690952006869,15.086026742566375,9.579797230088179,460.939998514117,2936.272258356355,0.8949300802053717,0.6904707821106866
104,1,-0.5737438567749473,0.5737438567749473,6,30,1.4244885817950983,0.30076491624116897,0.8656960744410753,0.2883568148103919,1.9005702487750025,2.517592835016329,15.728083784140082,11.711063552976281,443.8146096713317,1257.8558804677955,0.6723335399015338,0.5280101132581505
104,7,0.04562043795620438,-0.04562043795620438,7,30,1.3437586154777774,0.12549922226562168,0.8786960152568425,0.2883568148103919,4.1402353221592625,1.5060909492824468,10.550819509106306,5.913927133101829,443.8146096713317,1193.098438556199,0.5361562240438189,0.7744146786220162
104,21,1.9353138873825686,-1.9353138873825686,37,254,1.3341075331044645,0.3548589198278262,0.8774053820548104,0.2448308251012199,1.8051606808354972,3.4226169955486787,16.87480985649797,12.603747492126567,244.89729916198974,1274.938366655943,0.8873181026372992,0.7135283596776434
105,27,-6.6451960904607965,6.6451960904607965,14,202,1.216512103642429,0.2774146005716596,0.8409358963564302,0.1808269988554425,0.6333606343863165,3.3689348286280145,16.604051969597236,12.18508744576508,496.5606360048346,1821.0791696622016,0.7924463212806876,0.6108048428261571
107,24,5.191661629696146,-5.191661629696146,35,138,1.46287270154519,0.2943045744049878,0.8915155255810938,0.2343645382991972,0.548804752939323,3.3565341185779642,16.438616753281952,12.892435973570638,370.54213116316544,1030.7950539666715,0.9224627873881908,0.8665140591537834
107,25,1.6550519141263296,-1.6550519141263296,24,54,1.3993025337921632,0.27454943486879385,0.8891133706093257,0.11803611246742154,4.3221260743746095,2.4685847868016326,15.72249680202918,12.188040956901563,384.3131963429393,1070.255781909893,0.6535158311358962,0.5826935309947634
108,27,3.1203607792465218,-3.1203607792465218,35,14,1.4230990577636835,0.37547325458343106,0.8969104924902066,0.2061732058288028,1.386694259520368,2.6676426222583967,14.377462219783403,10.992030145016123,407.24115528997606,1442.852784839876,0.833899948816491,0.778150374038997
