row_index,source_id,manufacturer,motor,motor_kv,motor_max_power,motor_no_load_current_a,motor_resistance_ohm,motor_mass_kg,m12_prop,m3_prop,m12_diameter_in,m12_pitch_in,m3_diameter_in,m3_pitch_in,feasible,propulsion_feasible,score,raw_score,penalty_total,penalty_mechanical,penalty_aero_m2,penalty_aero_m3,penalty_propulsion,penalty_overweight,max_takeoff_mass_kg,m1_lap_time_s,m1_feasible,m1_limiting_constraint,m1_cruise_speed_mps,m1_takeoff_distance_m,m1_climb_rate_mps,m1_required_energy_wh,m1_energy_margin_wh,m1_maximum_propeller_rpm,m2_lap_time_s,m2_feasible,m2_limiting_constraint,m2_cruise_speed_mps,m2_takeoff_distance_m,m2_climb_rate_mps,m2_required_energy_wh,m2_energy_margin_wh,m2_maximum_propeller_rpm,m3_lap_time_s,m3_feasible,m3_limiting_constraint,m3_cruise_speed_mps,m3_takeoff_distance_m,m3_climb_rate_mps,m3_required_energy_wh,m3_energy_margin_wh,m3_maximum_propeller_rpm,rank
440,440,T-Motor,V3115-400 (400),400.0,1980.0,0.59,0.1454,0.113,11x12E,11x12E,11.0,12.0,11.0,12.0,True,True,4.804573525680197,4.804573525680197,0.0,0.0,0.0,0.0,0.0,0.0,4.694679929680487,19.125799390789695,True,none,49.84707077689458,5.22563951478294,6.00963210977712,29.914039643975745,48.96256035602424,10100.0,20.281915607220853,True,none,49.7312743762722,10.13345111958045,4.819033783526917,58.21670223029556,20.659897769704422,10100.0,24.70507677252617,True,none,36.222106687364764,9.212125026293872,4.959203856445665,75.41490927153268,3.4616907284673033,10100.0,1
391,391,T-Motor,MN4110-400 (400),400.0,770.0,1.0,0.085,0.152,12x12E,12x12E,12.0,12.0,12.0,12.0,True,True,4.804444047510121,4.804444047510121,0.0,0.0,0.0,0.0,0.0,0.0,4.737631065180487,23.230955061174676,True,none,37.41717295845355,6.442070901991884,4.673254920175973,21.45745091790723,57.41914908209275,8500.0,20.300243925486406,True,none,49.80560417894064,12.761555928855689,3.544047974524923,60.022773090534514,18.853826909465468,10000.0,24.68945907541061,True,none,36.3363802818125,11.599736664623954,3.661052351089658,77.67980170502668,1.1967982949733056,10000.0,2
294,294,T-Motor,Antigravity 4014-330 (330),330.0,750.0,1.1,0.085,0.149,14x14E,14x14E,14.0,14.0,14.0,14.0,True,True,4.804314798753084,4.804314798753084,0.0,0.0,0.0,0.0,0.0,0.0,4.745404705180487,23.308816848356745,True,none,37.256675587285514,6.387571638350725,4.703135959387752,21.31307953622154,57.563520463778445,6800.0,20.318370774769846,True,none,49.75878510257167,12.698099069420904,3.507707216137679,60.43978795032006,18.436812049679922,8200.0,24.700097632148825,True,none,36.32792474793363,11.501088940846044,3.625013963057775,78.5702755885719,0.3063244114280792,8200.0,3
477,477,T-Motor,MN4014-11² (330),330.0,750.0,1.1,0.085,0.149,14x14E,14x14E,14.0,14.0,14.0,14.0,True,True,4.804314798753084,4.804314798753084,0.0,0.0,0.0,0.0,0.0,0.0,4.745404705180487,23.308816848356745,True,none,37.256675587285514,6.387571638350725,4.703135959387752,21.31307953622154,57.563520463778445,6800.0,20.318370774769846,True,none,49.75878510257167,12.698099069420904,3.507707216137679,60.43978795032006,18.436812049679922,8200.0,24.700097632148825,True,none,36.32792474793363,11.501088940846044,3.625013963057775,78.5702755885719,0.3063244114280792,8200.0,4
38,38,Cobra,CM-4510/28 (420),420.0,780.0,0.68,0.058,0.211,11x12E,11x12E,11.0,12.0,11.0,12.0,True,True,4.80374311966301,4.80374311966301,0.0,0.0,0.0,0.0,0.0,0.0,4.792679929680487,19.22071540540093,True,none,49.85460761855265,6.977233574986261,4.473616413505179,31.465898417975502,47.41070158202448,10200.0,20.397573702059887,True,none,49.60040935987047,13.721703113565034,3.399055986654876,60.80160227369597,18.074997726304012,10200.0,24.795261746329935,True,none,36.210673194094106,12.444261547825237,3.511002051831152,78.87031488912402,0.006285110875964506,10200.0,5
79,79,Planet-Hobby,Joker 5050-8 V2 (575),575.0,1250.0,1.68,0.022,0.285,8x8E,8x8E,8.0,8.0,8.0,8.0,True,True,4.803700424447297,4.803700424447297,0.0,0.0,0.0,0.0,0.0,0.0,4.859264369180487,19.267297620814503,True,none,49.92976699313909,6.995765453558568,4.869955362525508,30.63630277618734,48.24029722381265,16300.0,20.403016501593733,True,none,49.80579050291549,13.322244114528843,3.870293313208155,59.749411054104385,19.127188945895597,16300.0,24.799210273683727,True,none,36.32547271832119,12.139073297032303,3.9890596286636812,76.86897927663614,2.007620723363843,16300.0,6
21,21,Cobra,C-4120/22 (430),430.0,1330.0,1.14,0.04,0.293,11x10E,11x10E,11.0,10.0,11.0,10.0,True,True,4.803572489326822,4.803572489326822,0.0,0.0,0.0,0.0,0.0,0.0,4.874679929680487,19.299017118394676,True,none,49.86132610640543,4.44094254747153,7.757059000098302,30.195489921207734,48.681110078792244,11900.0,20.422687240904935,True,none,49.77841109655876,8.276900740856352,6.344662352743112,59.095706079279495,19.780893920720487,11900.0,24.82457596150714,True,none,36.29910112574405,7.570192646109223,6.511774972556789,76.93353189967544,1.9430681003245382,11900.0,7
80,80,Planet-Hobby,Joker 5050-9 V2 (500),500.0,1250.0,1.32,0.027,0.285,9x9E,9x9E,9.0,9.0,9.0,9.0,True,True,4.803501511661119,4.803501511661119,0.0,0.0,0.0,0.0,0.0,0.0,4.861105322680487,19.30127085375929,True,none,49.79849169152739,5.8966949063586025,5.741921409127895,30.224637904988036,48.651962095011946,14100.0,20.432706373282116,True,none,49.69152966145072,11.145707979196878,4.6186369805806216,59.098343980625735,19.778256019374247,14100.0,24.838287208415203,True,none,36.244475676526534,10.163936900102533,4.752238905628664,75.50918406217333,3.3674159378266495,14100.0,8
592,592,Turnigy,NTM PropDrive v2 4258-500 (500),500.0,1300.0,1.6,0.028,0.3,9x9E,9x9E,9.0,9.0,9.0,9.0,True,True,4.803402259570509,4.803402259570509,0.0,0.0,0.0,0.0,0.0,0.0,4.876105322680487,19.316073951891994,True,none,49.79747978065105,5.990519868381346,5.725191055448759,30.525570947614888,48.351029052385094,14100.0,20.44557838262432,True,none,49.69037836526522,11.296458496421131,4.607293702474967,59.49795692290489,19.37864307709509,14100.0,24.84928281940882,True,none,36.24839972520412,10.312941074143314,4.740335670185422,76.3117382880349,2.5648617119650794,14100.0,9
90,90,Scorpion,A-3017-560 (560),560.0,710.0,0.77,0.0832,0.136,9x9E,9x9E,9.0,9.0,9.0,9.0,True,True,4.803402259570509,4.803402259570509,0.0,0.0,0.0,0.0,0.0,0.0,4.712105322680487,19.249078179101293,True,none,49.41883140798273,7.7390379949079735,3.8916932339298476,30.408459815257576,48.46814018474241,13900.0,20.445632011987428,True,none,49.13466728484914,15.61109945599107,2.843863267086652,59.037027122474065,19.839572877525917,13900.0,24.87725635311682,True,none,35.88727274397201,14.086565514675234,2.94781519163903,76.46107412975115,2.4155258702488283,13900.0,10
622,622,Turnigy,SK3-4250-350 (350),350.0,1190.0,1.3,0.033,0.266,12x12E,12x12E,12.0,12.0,12.0,12.0,True,True,4.803388091795,4.803388091795,0.0,0.0,0.0,0.0,0.0,0.0,4.851631065180487,19.320474159596028,True,none,49.683179366276825,4.705957673085328,7.370100237672848,29.512774665479284,49.3638253345207,9800.0,20.448257209077518,True,none,49.59647606411086,8.780036784671335,5.86793076424442,57.965911734922386,20.910688265077596,9800.0,24.11463679084336,True,none,37.854959988318555,8.025890907532109,6.024563003899949,78.82174420538679,0.054855794613189346,9800.0,11
426,426,T-Motor,U5-400 (400),400.0,850.0,0.3,0.116,0.156,10x12WE,10x12WE,10.0,12.0,10.0,12.0,True,True,4.803246566322033,4.803246566322033,0.0,0.0,0.0,0.0,0.0,0.0,4.734540929180487,19.31374356448793,True,none,49.24935385955515,6.5632295742976225,4.865471837548079,28.96815956599152,49.90844043400846,10500.0,20.468652660010875,True,none,49.119204480116494,12.792169670663654,3.8569367356948026,56.87226299676745,22.004337003232536,10500.0,24.166034113599306,True,none,37.50039647752999,11.621360463242986,3.976340245342905,76.34422319603043,2.532376803969555,10500.0,12
481,481,T-Motor,U5-400² (400),400.0,850.0,0.3,0.116,0.156,10x12WE,10x12WE,10.0,12.0,10.0,12.0,True,True,4.803246566322033,4.803246566322033,0.0,0.0,0.0,0.0,0.0,0.0,4.734540929180487,19.31374356448793,True,none,49.24935385955515,6.5632295742976225,4.865471837548079,28.96815956599152,49.90844043400846,10500.0,20.468652660010875,True,none,49.119204480116494,12.792169670663654,3.8569367356948026,56.87226299676745,22.004337003232536,10500.0,24.166034113599306,True,none,37.50039647752999,11.621360463242986,3.976340245342905,76.34422319603043,2.532376803969555,10500.0,13
531,531,T-Motor,MT2826-8² (550),550.0,700.0,0.9,0.042,0.187,9x9E,9x9E,9.0,9.0,9.0,9.0,True,True,4.803077100411168,4.803077100411168,0.0,0.0,0.0,0.0,0.0,0.0,4.763105322680487,19.301661405480736,True,none,49.41008578223336,8.031794592165836,3.7604372605489575,30.587730683722842,48.28886931627714,13900.0,20.49161938504865,True,none,49.12436816347962,16.062642094101328,2.813913548035627,59.334975940711885,19.541624059288097,13900.0,24.917714551515335,True,none,35.89517237853678,14.523961374562715,2.9165763874611303,76.5668718988176,2.3097281011823867,13900.0,14
354,354,T-Motor,CINE77-477 (477),477.0,2745.0,0.96,0.084,0.135,10x12WE,10x12WE,10.0,12.0,10.0,12.0,True,True,4.8030629961682045,4.8030629961682045,0.0,0.0,0.0,0.0,0.0,0.0,4.713540929180486,19.337788135182585,True,none,49.07159649865099,4.706224852146039,6.938221007152301,30.829793443407382,48.0468065565926,11900.0,20.49461794842921,True,none,48.94624168939221,8.98777603543936,5.636323930032785,60.15361481275585,18.722985187244134,11900.0,24.963923187081022,True,none,35.70771100901833,8.192799882447478,5.789288192082413,78.71533419785341,0.16126580214657338,11900.0,15
359,359,T-Motor,MN501-S KV360 (360),360.0,1000.0,1.4,0.045,0.17,14x12E,14x12E,14.0,12.0,14.0,12.0,True,True,4.803020699951597,4.803020699951597,0.0,0.0,0.0,0.0,0.0,0.0,4.766404705180487,19.33911285970482,True,none,49.273484780533245,4.41136054196372,6.94368186109817,30.58342810705164,48.293171892948344,9600.0,20.49985736809878,True,none,49.10284569079403,8.565169461535989,5.3745817176423,59.85280525310787,19.023794746892115,9600.0,24.945056456423487,True,none,35.843481931165215,7.788506395769631,5.53251577177939,78.76636446840062,0.11023553159935773,9600.0,16
427,427,T-Motor,U7-490 V2 (490),490.0,1300.0,1.1,0.021,0.258,9x9E,9x9E,9.0,9.0,9.0,9.0,True,True,4.80289395972402,4.80289395972402,0.0,0.0,0.0,0.0,0.0,0.0,4.834105322680487,19.381850856848615,True,none,49.36756578941706,5.992241748838235,5.671755175059906,29.39936249279814,49.47723750720184,13900.0,20.5178663716301,True,none,49.25841135632172,11.35296697625029,4.552096678968578,57.56588776407422,21.310712235925763,13900.0,24.200939241478203,True,none,37.6182788647626,10.355394291499952,4.685124608228798,78.13088610545009,0.745713894549894,13900.0,17
482,482,T-Motor,U7-V2.0-490² (490),490.0,1300.0,1.1,0.021,0.258,9x9E,9x9E,9.0,9.0,9.0,9.0,True,True,4.80289395972402,4.80289395972402,0.0,0.0,0.0,0.0,0.0,0.0,4.834105322680487,19.381850856848615,True,none,49.36756578941706,5.992241748838235,5.671755175059906,29.39936249279814,49.47723750720184,13900.0,20.5178663716301,True,none,49.25841135632172,11.35296697625029,4.552096678968578,57.56588776407422,21.310712235925763,13900.0,24.200939241478203,True,none,37.6182788647626,10.355394291499952,4.685124608228798,78.13088610545009,0.745713894549894,13900.0,18
546,546,T-Motor,U7-490² (490),490.0,1300.0,1.1,0.021,0.258,9x9E,9x9E,9.0,9.0,9.0,9.0,True,True,4.80289395972402,4.80289395972402,0.0,0.0,0.0,0.0,0.0,0.0,4.834105322680487,19.381850856848615,True,none,49.36756578941706,5.992241748838235,5.671755175059906,29.39936249279814,49.47723750720184,13900.0,20.5178663716301,True,none,49.25841135632172,11.35296697625029,4.552096678968578,57.56588776407422,21.310712235925763,13900.0,24.200939241478203,True,none,37.6182788647626,10.355394291499952,4.685124608228798,78.13088610545009,0.745713894549894,13900.0,19
428,428,T-Motor,U7-420 V2 (420),420.0,1180.0,0.9,0.033,0.255,11x10E,11x10E,11.0,10.0,11.0,10.0,True,True,4.802865825421913,4.802865825421913,0.0,0.0,0.0,0.0,0.0,0.0,4.8366799296804865,19.391535704534483,True,none,49.3388960278568,4.450511738772585,7.650109529291163,29.210734049920024,49.66586595007996,11800.0,20.52116801762449,True,none,49.253899431664884,8.340459729693857,6.241587847150903,57.266978577731265,21.609621422268717,11800.0,24.207748903233707,True,none,37.6075986562365,7.622190198541199,6.407917991077884,78.52570400800593,0.35089599199405086,11800.0,20
483,483,T-Motor,U7-V2.0-420² (420),420.0,1180.0,0.9,0.033,0.255,11x10E,11x10E,11.0,10.0,11.0,10.0,True,True,4.802865825421913,4.802865825421913,0.0,0.0,0.0,0.0,0.0,0.0,4.8366799296804865,19.391535704534483,True,none,49.3388960278568,4.450511738772585,7.650109529291163,29.210734049920024,49.66586595007996,11800.0,20.52116801762449,True,none,49.253899431664884,8.340459729693857,6.241587847150903,57.266978577731265,21.609621422268717,11800.0,24.207748903233707,True,none,37.6075986562365,7.622190198541199,6.407917991077884,78.52570400800593,0.35089599199405086,11800.0,21
547,547,T-Motor,U7-420² (420),420.0,1180.0,0.9,0.033,0.255,11x10E,11x10E,11.0,10.0,11.0,10.0,True,True,4.802865825421913,4.802865825421913,0.0,0.0,0.0,0.0,0.0,0.0,4.8366799296804865,19.391535704534483,True,none,49.3388960278568,4.450511738772585,7.650109529291163,29.210734049920024,49.66586595007996,11800.0,20.52116801762449,True,none,49.253899431664884,8.340459729693857,6.241587847150903,57.266978577731265,21.609621422268717,11800.0,24.207748903233707,True,none,37.6075986562365,7.622190198541199,6.407917991077884,78.52570400800593,0.35089599199405086,11800.0,22
399,399,T-Motor,MN4120-400 (400),400.0,1050.0,1.2,0.03,0.253,12x12E,12x12E,12.0,12.0,12.0,12.0,True,True,4.802711282593909,4.802711282593909,0.0,0.0,0.0,0.0,0.0,0.0,4.838631065180487,19.405999259513184,True,none,49.288781751183734,4.603279648242864,7.029541477437058,30.525454879328283,48.3511451206717,10500.0,20.543139363022995,True,none,49.17313237179625,8.746599912441114,5.569663647746397,59.69356729722719,19.183032702772792,10500.0,24.983007728078,True,none,35.89455685805521,7.977576119411138,5.7210292764645505,78.64252553411029,0.23407446588969094,10500.0,23
36,36,Cobra,CM-4012/20 (450),450.0,670.0,1.04,0.057,0.141,10x10E,10x10E,10.0,10.0,10.0,10.0,True,True,4.802683219452029,4.802683219452029,0.0,0.0,0.0,0.0,0.0,0.0,4.719540929180487,19.355884430989587,True,none,49.02365252930183,7.163030538433711,4.1802713504682725,28.902587300021363,49.974012699978616,12300.0,20.547420613578694,True,none,48.75954597613783,14.33910778985419,3.151711262784124,56.688484195547446,22.188115804452536,12200.0,24.244778041167784,True,none,37.28990922978472,12.983347385334316,3.2613232325269204,76.73646067814786,2.140139321852118,12200.0,24
116,116,Scorpion,SII-4020-420 (420),420.0,1950.0,1.11,0.0321,0.288,11x10E,11x10E,11.0,10.0,11.0,10.0,True,True,4.802669191977899,4.802669191977899,0.0,0.0,0.0,0.0,0.0,0.0,4.869679929680487,19.4240679505135,True,none,49.33712071473564,4.527244741721218,7.603988049586767,29.51001090518264,49.36658909481734,11800.0,20.549409542861156,True,none,49.25189216024791,8.448443814879594,6.2106214073944885,57.73585123851498,21.140748761485,11800.0,24.984724909065932,True,none,35.94716109007766,7.725384922811842,6.37538122660559,74.82544684586466,4.051153154135321,11800.0,25
292,292,Scorpion,S3032-12² (687),687.0,1200.0,2.06,0.039,0.223,7x7E,7x7E,7.0,7.0,7.0,7.0,True,True,4.802585084438234,4.802585084438234,0.0,0.0,0.0,0.0,0.0,0.0,4.795909327680487,19.409645334450687,True,none,49.10853871720463,8.40522681586509,3.9190394606677645,30.27235670896962,48.60424329103036,19200.0,20.562868545970307,True,none,48.95290488426628,16.385883739492332,3.0443321587158887,58.654872183226075,20.221727816773907,19200.0,25.01617195337045,True,none,35.747492638010314,14.883253734269688,3.1482965324563383,76.24168765342615,2.6349123465738273,19200.0,26
25,25,Cobra,C-4130/20 (300),300.0,1920.0,0.77,0.046,0.398,14x14E,14x14E,14.0,14.0,14.0,14.0,True,True,4.80248708296742,4.80248708296742,0.0,0.0,0.0,0.0,0.0,0.0,4.994404705180487,19.46915667789149,True,none,49.63799928613871,4.284956332299892,8.618306960046299,30.49486842875896,48.38173157124102,8300.0,20.575355015562444,True,none,49.56443697116742,7.810117869171423,6.936550283333276,59.56647097262985,19.31012902737013,8300.0,24.976285181817307,True,none,36.19108648929871,7.152206395182389,7.1082522732709315,76.28116359646961,2.595436403530371,8300.0,27
386,386,T-Motor,MN3515-400 (400),400.0,900.0,0.3,0.116,0.183,10x12WE,10x12WE,10.0,12.0,10.0,12.0,True,True,4.802347311982562,4.802347311982562,0.0,0.0,0.0,0.0,0.0,0.0,4.761540929180486,19.44554742712753,True,none,48.83445921511032,6.673145857909766,4.838393387901985,28.714456060417,50.16214393958298,10400.0,20.59573099382935,True,none,48.71048692798557,12.956408675430852,3.838723910887108,56.27125409339821,22.60534590660177,10400.0,24.313735244694982,True,none,37.21575852806008,11.77624689775172,3.9572199444751655,76.43016073460588,2.4464392653941047,10400.0,28
195,195,Scorpion,MII-4010-400² (400),400.0,1480.0,0.38,0.135,0.152,10x12WE,10x12WE,10.0,12.0,10.0,12.0,True,True,4.802333349812524,4.802333349812524,0.0,0.0,0.0,0.0,0.0,0.0,4.730540929180487,19.440938723637363,True,none,48.73299690534548,6.814294809867059,4.747522372677203,28.58170717315903,50.29489282684095,10300.0,20.59797279736746,True,none,48.599460038712046,13.24520608153265,3.7545386393589664,56.04141357320049,22.835186426799496,10300.0,24.32373840919685,True,none,37.132239316975316,12.0415602775876,3.8721117656885458,75.16595999569056,3.7106400043094254,10300.0,29
234,234,Scorpion,M-4010-400² (400),400.0,1480.0,0.38,0.135,0.152,10x12WE,10x12WE,10.0,12.0,10.0,12.0,True,True,4.802333349812524,4.802333349812524,0.0,0.0,0.0,0.0,0.0,0.0,4.730540929180487,19.440938723637363,True,none,48.73299690534548,6.814294809867059,4.747522372677203,28.58170717315903,50.29489282684095,10300.0,20.59797279736746,True,none,48.599460038712046,13.24520608153265,3.7545386393589664,56.04141357320049,22.835186426799496,10300.0,24.32373840919685,True,none,37.132239316975316,12.0415602775876,3.8721117656885458,75.16595999569056,3.7106400043094254,10300.0,30
534,534,T-Motor,MT3515-15 ² (400),400.0,900.0,0.3,0.116,0.188,10x12WE,10x12WE,10.0,12.0,10.0,12.0,True,True,4.8023193903535875,4.8023193903535875,0.0,0.0,0.0,0.0,0.0,0.0,4.766540929180487,19.450567831841497,True,none,48.834076721413595,6.693617083911666,4.83340958881837,28.742549249231605,50.13405075076838,10400.0,20.600085402454454,True,none,48.7100483253501,12.986965333155634,3.8353660549580244,56.31285959814149,22.56374040185849,10400.0,24.31759767982683,True,none,37.21679924528971,11.80506714553605,3.953695432531325,76.47960779464869,2.396992205351296,10400.0,31
85,85,Planet-Hobby,Joker 5060-9 V2 (345),345.0,1650.0,1.05,0.035,0.377,14x12E,14x12E,14.0,12.0,14.0,12.0,True,True,4.8023193903535875,4.8023193903535875,0.0,0.0,0.0,0.0,0.0,0.0,4.973404705180487,19.494968930345923,True,none,49.4532750182057,3.2722181054393804,9.558363033564527,31.21877280178321,47.65782719821677,9500.0,20.600745553273757,True,none,49.39252137547802,5.971744594235471,9.087544356720857,60.3173234971972,18.55927650280278,9500.0,25.016924989385515,True,none,36.06611264031072,5.479684022658557,9.304032192852224,77.95262219593427,0.9239778040657143,9500.0,32
558,558,T-Motor,AT3530-570² (570),570.0,1800.0,0.9,0.028,0.289,8x8E,8x8E,8.0,8.0,8.0,8.0,True,True,4.8022775282354875,4.8022775282354875,0.0,0.0,0.0,0.0,0.0,0.0,4.863264369180487,19.46794770333999,True,none,49.13785191082361,7.197653951621589,4.713617986696828,29.506721366051686,49.3698786339483,16100.0,20.605364886232785,True,none,49.00900742790502,13.740557411150146,3.7358543948019713,57.56328863050549,21.313311369494492,16100.0,24.29614578254585,True,none,37.45592788545411,12.51506387300749,3.852086884741002,77.65114610384305,1.2254538961569352,16100.0,33
40,40,Cobra,CM-4515/18 (435),435.0,1200.0,0.95,0.034,0.273,10x10E,10x10E,10.0,10.0,10.0,10.0,True,True,4.802263579613062,4.802263579613062,0.0,0.0,0.0,0.0,0.0,0.0,4.851540929180487,19.475818693194196,True,none,49.06166992185157,5.762899503240149,5.959298084602788,28.97109494223376,49.90550505776622,12200.0,20.6083366108029,True,none,48.9585426945338,10.859833953020946,4.8063305387734365,56.70806550413678,22.1685344958632,12200.0,24.306771651701034,True,none,37.408453149299255,9.91308608779552,4.943255412130288,76.40004166258666,2.476558337413323,12200.0,34
56,56,Planet-Hobby,Joker 5050-11 V3 (350),350.0,1500.0,0.7,0.045,0.28,12x12E,12x12E,12.0,12.0,12.0,12.0,True,True,4.802124242152473,4.802124242152473,0.0,0.0,0.0,0.0,0.0,0.0,4.865631065180486,19.499832793781003,True,none,49.020939767128176,4.857543845922912,6.994585323968192,28.827976951504677,50.0486230484953,9700.0,20.62714233869916,True,none,48.931154782734886,9.088155168296824,5.701037824607045,56.53945426541131,22.337145734588674,9700.0,24.32756375339003,True,none,37.38839976122037,8.2963464473234,5.854179811191954,76.134750328239,2.7418496717609884,9700.0,35
182,182,Scorpion,HK-4525-370 spec Ed² (370),370.0,5400.0,1.1,0.023,0.49,10x12WE,10x12WE,10.0,12.0,10.0,12.0,True,True,4.802082493586206,4.802082493586206,0.0,0.0,0.0,0.0,0.0,0.0,5.068540929180487,19.52629268679211,True,none,49.69157940150173,7.797164179956812,4.781909220304083,31.018627872077758,47.857972127922224,10500.0,20.63347272940321,True,none,49.57685816731579,14.399307496491097,3.843801025700063,59.52130636787856,19.355293632121423,10500.0,25.01861388562698,True,none,36.23399117289614,13.174695433311404,3.9563493098188776,76.39578694025093,2.480813059749053,10500.0,36
295,295,T-Motor,Antigravity 5006-450 (450),450.0,650.0,0.9,0.06,0.106,10x10E,10x10E,10.0,10.0,10.0,10.0,True,True,4.802026866584627,4.802026866584627,0.0,0.0,0.0,0.0,0.0,0.0,4.6845409291804865,19.438932152326473,True,none,48.56354262190637,7.252612494042536,4.104942295985201,28.22536679040851,50.65123320959147,12100.0,20.641891695951756,True,none,48.279314571909616,14.646579324378898,2.98722230732725,55.01159128395152,23.865008716048465,12100.0,24.365390247637023,True,none,36.94848215889293,13.225373557337479,3.1893379592140088,74.96481945410642,3.9117805458935635,12100.0,37
400,400,T-Motor,MN5006-450 (450),450.0,650.0,0.9,0.06,0.106,10x10E,10x10E,10.0,10.0,10.0,10.0,True,True,4.802026866584627,4.802026866584627,0.0,0.0,0.0,0.0,0.0,0.0,4.6845409291804865,19.438932152326473,True,none,48.56354262190637,7.252612494042536,4.104942295985201,28.22536679040851,50.65123320959147,12100.0,20.641891695951756,True,none,48.279314571909616,14.646579324378898,2.98722230732725,55.01159128395152,23.865008716048465,12100.0,24.365390247637023,True,none,36.94848215889293,13.225373557337479,3.1893379592140088,74.96481945410642,3.9117805458935635,12100.0,38
60,60,Planet-Hobby,Joker 6350-7 V3 (430),430.0,2400.0,1.8,0.0115,0.51,10x10E,10x10E,10.0,10.0,10.0,10.0,True,True,4.801832511169676,4.801832511169676,0.0,0.0,0.0,0.0,0.0,0.0,5.088540929180486,19.56852406532941,True,none,49.597129549460774,6.464683309814732,5.82155087868321,31.221353413818093,47.65524658618189,12300.0,20.670297703473757,True,none,49.49477583760325,11.802955212550035,4.735148913579263,60.38011689623784,18.496483103762145,12300.0,25.05955696633756,True,none,36.1818942815664,10.817929738675652,4.865310713686161,78.26702243498116,0.6095775650188244,12300.0,39
628,628,Turnigy,SK3-5055-430 (430),430.0,1750.0,2.4,0.019,0.376,10x10E,10x10E,10.0,10.0,10.0,10.0,True,True,4.801652509174188,4.801652509174188,0.0,0.0,0.0,0.0,0.0,0.0,4.954540929180487,19.57703023347917,True,none,49.054806412416596,6.10698748032987,5.8433429454957855,30.3090314673127,48.56756853268728,12200.0,20.696423022084318,True,none,48.9508636828774,11.354505248059208,4.727466210200191,58.85726929797213,20.01933070202785,12200.0,25.136830187976486,True,none,35.778522686867475,10.382748597955775,4.860518574972721,76.87348965570973,2.003110344290249,12200.0,40
77,77,Planet-Hobby,Joker 4260-6 V2 (566),566.0,1100.0,2.11,0.023,0.283,8x8E,8x8E,8.0,8.0,8.0,8.0,True,True,4.801652509174188,4.801652509174188,0.0,0.0,0.0,0.0,0.0,0.0,4.857264369180487,19.556915342291873,True,none,48.765227142463694,7.219672941021034,4.719452271679684,29.835815661947873,49.040784338052106,16000.0,20.69625963849305,True,none,48.63391050185602,13.768691379564224,3.675940709586642,58.00394682123371,20.87265317876627,16000.0,25.165674157158747,True,none,35.545631138989805,12.54492874358807,3.791365459855121,75.34116217573603,3.5354378242639513,16000.0,41
249,249,Scorpion,S-4020-16² (415),415.0,1500.0,0.94,0.03,0.305,11x10E,11x10E,11.0,10.0,11.0,10.0,True,True,4.801638681597957,4.801638681597957,0.0,0.0,0.0,0.0,0.0,0.0,4.886679929680486,19.57409969440383,True,none,48.809520734399854,4.624827478035636,7.420709996985632,28.997058716488034,49.87954128351195,11700.0,20.6983416779208,True,none,48.72173599903355,8.644600720909276,6.056171915659326,56.658195766120954,22.218404233879028,11700.0,24.408281009580733,True,none,37.24506421395957,7.898678828508368,6.217625687564334,77.72092435385254,1.1556756461474436,11700.0,42
282,282,Scorpion,HK4035-560² (560),560.0,3800.0,1.74,0.012,0.435,8x8E,8x8E,8.0,8.0,8.0,8.0,True,True,4.801624856693722,4.801624856693722,0.0,0.0,0.0,0.0,0.0,0.0,5.009264369180487,19.58089585910998,True,none,49.246710716519075,7.896622352881438,4.5755362033471965,30.76812803854885,48.10847196145113,16000.0,20.699935219155083,True,none,49.116062286135765,14.764460095027712,3.641032642228973,59.570829070819435,19.305770929180547,16000.0,25.11911299381047,True,none,35.91325495754293,13.485972053676708,3.7531758369337442,76.69979173306638,2.1768082669336053,16000.0,43
686,686,Turnigy,TR5065-06² (410),410.0,1560.0,2.0,0.02,0.31,11x10E,11x10E,11.0,10.0,11.0,10.0,True,True,4.8016110344607075,4.8016110344607075,0.0,0.0,0.0,0.0,0.0,0.0,4.891679929680487,19.57900979597568,True,none,48.809238177259054,4.662529982412727,7.413926729123627,29.484757444157015,49.39184255584297,11600.0,20.70260971730188,True,none,48.72142076442214,8.68692738970152,6.051598096392531,57.468239850780684,21.4083601492193,11600.0,25.16833324705793,True,none,35.601115737484506,7.945558585564223,6.21282220682653,75.13372520812763,3.742874791872353,11600.0,44
322,322,T-Motor,AT4120-560 (Long Shaft) (560),560.0,1800.0,2.4,0.016,0.3,8x8E,8x8E,8.0,8.0,8.0,8.0,True,True,4.801555772225382,4.801555772225382,0.0,0.0,0.0,0.0,0.0,0.0,4.874264369180486,19.573782192914102,True,none,48.763801436119614,7.396340354253512,4.629431705138826,30.00289580666084,48.87370419333914,15900.0,20.710942945520035,True,none,48.63230811900067,14.092194568219195,3.6648022864365424,58.228531891036965,20.648068108963017,15900.0,25.178184648605317,True,none,35.54981654749223,12.841359203813225,3.7797389835490423,76.01801248501154,2.858587514988443,15900.0,45
31,31,Cobra,CM-3520/20 (480),480.0,710.0,0.68,0.104,0.234,11x10E,11x10E,11.0,10.0,11.0,10.0,True,True,4.80145916597695,4.80145916597695,0.0,0.0,0.0,0.0,0.0,0.0,4.815679929680487,19.526588952564893,True,none,48.72546197751252,7.863553960936073,3.894505902479805,30.668556357486093,48.208043642513886,11500.0,20.723581378734224,True,none,48.39324820493591,15.648698331648768,2.88811084467061,59.204015254038076,19.672584745961906,11500.0,25.182631159332555,True,none,35.4369221565597,14.184752600002513,2.9941289571867493,77.86609537419739,1.0105046258025965,11500.0,46
394,394,T-Motor,MN4112-420 (420),420.0,1210.0,1.4,0.06,0.172,11x10E,11x10E,11.0,10.0,11.0,10.0,True,True,4.801445375738292,4.801445375738292,0.0,0.0,0.0,0.0,0.0,0.0,4.753679929680486,19.580599569828955,True,none,48.28213801798049,4.536306866980406,7.280432438656187,28.25351126830494,50.62308873169504,11500.0,20.72533336119524,True,none,48.18578232949423,8.610471455123193,5.75863007100054,55.3674512339878,23.50914876601218,11500.0,24.477554087294262,True,none,36.83211400472207,7.854029207470548,6.061718972404388,76.52887257285477,2.347727427145216,11500.0,47
621,621,Turnigy,SK3-4250-410 (410),410.0,1310.0,1.5,0.026,0.266,11x12E,11x12E,11.0,12.0,11.0,12.0,True,True,4.801431588160814,4.801431588160814,0.0,0.0,0.0,0.0,0.0,0.0,4.847679929680487,19.594044601630916,True,none,48.584698191667876,4.145582910428271,8.410799026349068,30.255158605052188,48.621441394947794,11100.0,20.728368922805068,True,none,48.478564538375515,7.701175562198011,6.773487242923793,58.819885168620125,20.056714831379857,11100.0,25.21288303775514,True,none,35.43115063115883,7.044824091603869,6.9451164873246185,77.00971009052277,1.8668899094772087,11100.0,48
577,577,Turnigy,ACK-4015CQ-480 (480),480.0,850.0,1.1,0.0366,0.14,9x9E,9x9E,9.0,9.0,9.0,9.0,True,True,4.801404020986321,4.801404020986321,0.0,0.0,0.0,0.0,0.0,0.0,4.7161053226804865,19.573349038629523,True,none,48.168082513915714,5.984807803487572,5.3973576509022685,27.582402031747932,51.29419796825205,13500.0,20.73147745301229,True,none,48.04103183816275,11.574205202616582,4.289963460782799,54.16385364170672,24.71274635829326,13500.0,23.787695653648974,True,none,38.35533285418058,10.528546973010592,4.4209371124710435,78.15475445323808,0.721845546761898,13500.0,49
701,701,Turnigy,TR42-50B² (600),600.0,700.0,2.9,0.038,0.195,7x9E,7x9E,7.0,9.0,7.0,9.0,True,True,4.801348918537633,4.801348918537633,0.0,0.0,0.0,0.0,0.0,0.0,4.767909327680487,19.56977860872083,True,none,48.37730266074362,11.435303755583703,2.801375187903787,30.142679956140263,48.73392004385972,16900.0,20.73980883515534,True,none,48.17664311843539,23.1237178825699,2.049903154445844,58.37310966762438,20.503490332375605,16900.0,25.239521261799197,True,none,35.236095219123094,20.864868354173367,2.1342305894612497,76.39131387684489,2.485286123155092,16900.0,50
82,82,Planet-Hobby,Joker 5050-13 V2 (350),350.0,1250.0,0.79,0.051,0.285,12x12E,12x12E,12.0,12.0,12.0,12.0,True,True,4.80133514956687,4.80133514956687,0.0,0.0,0.0,0.0,0.0,0.0,4.870631065180487,19.613242632348413,True,none,48.596705603005475,4.974780674478796,6.988151476351193,28.475225008655556,50.401374991344426,9700.0,20.741538494514337,True,none,48.50212937136491,9.284328597601235,5.696697691665847,55.79205519966107,23.08454480033891,9700.0,24.464181040490928,True,none,37.08735905975806,8.483812913409867,5.849628602480651,76.31366489933424,2.56293510066574,9700.0,51
55,55,Planet-Hobby,Joker 5050-9 V3 (430),430.0,1320.0,0.9,0.0292,0.28,10x10E,10x10E,10.0,10.0,10.0,10.0,True,True,4.80133514956687,4.80133514956687,0.0,0.0,0.0,0.0,0.0,0.0,4.858540929180487,19.609688909758567,True,none,48.56502199359623,5.84374482221379,5.8354550300716825,28.479766679162907,50.396833320837075,12100.0,20.74249221087169,True,none,48.45931757485591,11.036373973974566,4.700617894513457,55.69103846421809,23.185561535781893,12100.0,24.46710800682048,True,none,37.05746060131878,10.067658711348724,4.835448235133714,76.0130849369236,2.8635150630763775,12100.0,52
176,176,Scorpion,MIII-4015-310 (310),310.0,1251.0,0.48,0.1117,0.208,14x14E,14x14E,14.0,14.0,14.0,14.0,True,True,4.80133514956687,4.80133514956687,0.0,0.0,0.0,0.0,0.0,0.0,4.804404705180486,19.60493840056568,True,none,48.37983350721935,4.268116705111398,7.948136505621353,28.488274210918863,50.38832578908112,8100.0,20.741171492182453,True,none,48.28932487421202,8.012503502245469,6.29848918223516,55.92465249798416,22.95194750201582,8100.0,24.483143620536012,True,none,36.917254653199215,7.3138625965593915,6.464783768647661,76.48562490651386,2.3909750934861194,8100.0,53
476,476,T-Motor,MN4014-9² (400),400.0,900.0,1.3,0.067,0.149,12x12E,12x12E,12.0,12.0,12.0,12.0,True,True,4.801238841069314,4.801238841069314,0.0,0.0,0.0,0.0,0.0,0.0,4.734631065180487,19.589963773074093,True,none,48.174648416531284,5.287448613957761,5.79206400267772,29.197246359005696,49.679353640994286,10100.0,20.756038270386636,True,none,48.00781221378477,10.325067500951839,4.491541343160255,57.13276614881942,21.74383385118056,10000.0,25.276699661212373,True,none,35.102235031271086,9.392854420160713,4.626313708184045,75.19679110137525,3.679808898624728,10000.0,54
442,442,T-Motor,V3120-500 (500),500.0,3240.0,0.95,0.0764,0.147,9x9E,9x9E,9.0,9.0,9.0,9.0,True,True,4.801170128790441,4.801170128790441,0.0,0.0,0.0,0.0,0.0,0.0,4.723105322680487,19.60983057602365,True,none,48.055890491696964,6.012390646787974,5.287389668237712,27.749911767591854,51.12668823240813,13600.0,20.76616660533405,True,none,47.93253294325834,11.679887686619455,4.196677989346259,54.449544932034755,24.427055067965227,13600.0,23.82751212463357,True,none,38.27408554594026,10.625000794813307,4.325737715572671,78.5009627544011,0.375637245598881,13600.0,55
309,309,T-Motor,AM480-600 (600),600.0,960.0,1.35,0.035,0.145,7x11E,7x11E,7.0,11.0,7.0,11.0,True,True,4.801074042703607,4.801074042703607,0.0,0.0,0.0,0.0,0.0,0.0,4.717909327680487,19.578330620658654,True,none,48.15593073413163,11.198644500117533,2.8100406115904293,30.969459631145575,47.90714036885441,16800.0,20.779167979476192,True,none,47.86693207682928,22.759000243081182,2.0963179168506336,59.45638749558806,19.42021250441192,16800.0,25.29069122098362,True,none,35.04472205734227,20.54519598677591,2.1813928858223846,77.61981712400902,1.2567828759909645,16800.0,56
248,248,Scorpion,S-4020-14² (484),484.0,1500.0,1.19,0.024,0.305,9x9E,9x9E,9.0,9.0,9.0,9.0,True,True,4.80106032668783,4.80106032668783,0.0,0.0,0.0,0.0,0.0,0.0,4.881105322680487,19.649561039908782,True,none,48.49554947710369,6.357510606071918,5.420018185411157,28.988315128747548,49.88828487125244,13700.0,20.781826661416275,True,none,48.38085551449346,12.001316308039092,4.343553965889827,56.07191030507973,22.80468969492025,13700.0,24.507095714348182,True,none,37.01086406703685,10.948556982729322,4.471701914499513,76.43723255206322,2.4393674479367604,13700.0,57
53,53,Planet-Hobby,Joker 5050-7 V3 (560),560.0,1400.0,1.3,0.022,0.28,8x8E,8x8E,8.0,8.0,8.0,8.0,True,True,4.800991786189597,4.800991786189597,0.0,0.0,0.0,0.0,0.0,0.0,4.854264369180487,19.65048801889251,True,none,48.391708178458906,7.3141823306006035,4.574921846784427,28.954088418840122,49.92251158115986,15900.0,20.79142497227287,True,none,48.25781755341959,14.01753903402291,3.6140017348967004,56.10123399165515,22.775366008344832,15900.0,24.52338676900403,True,none,36.92292861833624,12.75680142584293,3.7285294582842354,76.64821388649929,2.22838611350069,15900.0,58
157,157,Scorpion,HK5-4030-355 (355),355.0,6900.0,2.45,0.0335,0.42,11x12E,11x12E,11.0,12.0,11.0,12.0,True,True,4.800978086000751,4.800978086000751,0.0,0.0,0.0,0.0,0.0,0.0,5.001679929680487,19.681343977864156,True,none,48.82203850640194,6.040028281918873,5.9553062131085746,30.62945088599362,48.24714911400636,9900.0,20.79419463270457,True,none,48.721403021678015,11.184997054987306,4.8388139625822895,58.68246629181199,20.19413370818799,9900.0,25.243320803399065,True,none,35.63905653181761,10.229320163651487,4.97202357573969,77.44356481757161,1.4330351824283696,9900.0,59
418,418,T-Motor,P60-340 (340),340.0,1550.0,2.0,0.035,0.379,14x12E,14x12E,14.0,12.0,14.0,12.0,True,True,4.8009096245687,4.8009096245687,0.0,0.0,0.0,0.0,0.0,0.0,4.975404705180487,19.69751368640269,True,none,48.66126048735161,3.3798700540572058,9.56091389729112,31.038384465240604,47.83821553475938,9300.0,20.804026945718523,True,none,48.598603245279065,6.157057796313304,8.856748787115777,59.83100219281097,19.04559780718901,9300.0,25.26982503288619,True,none,35.53793057379062,5.644020061057668,9.069057433767783,78.20355011050067,0.6730498894993104,9300.0,60
587,587,Turnigy,L5055A-400 (400),400.0,1400.0,1.4,0.03,0.293,12x10E,12x10E,12.0,10.0,12.0,10.0,True,True,4.800854902792107,4.800854902792107,0.0,0.0,0.0,0.0,0.0,0.0,4.878631065180487,19.689827130438303,True,none,48.3315131419142,3.8100464610732288,9.163663436226775,28.934316711789428,49.942283288210554,11200.0,20.812614241244177,True,none,48.2550038770086,7.0464779793924475,7.531524015560089,56.49457949339158,22.3820205066084,11200.0,25.31182703060898,True,none,35.28251008424243,6.449265279637668,7.724031396317026,73.85039493716039,5.026205062839594,11200.0,61
119,119,Scorpion,SII-4025-330 (330),330.0,2600.0,0.92,0.0362,0.353,14x12E,14x12E,14.0,12.0,14.0,12.0,True,True,4.8007592408445205,4.8007592408445205,0.0,0.0,0.0,0.0,0.0,0.0,4.949404705180487,19.715665750110322,True,none,48.494568606153145,3.478098610362094,9.527699399193592,29.787851162741795,49.08874883725819,9200.0,20.826755347144385,True,none,48.42741808252118,6.3792275778921645,8.429666630533438,57.77048204674735,21.106117953252635,9200.0,24.549111966458675,True,none,37.04697127601088,5.849261355220914,8.635999557363473,78.78890318465466,0.08769681534532481,9200.0,62
656,656,Turnigy,SK4260-04² (600),600.0,1350.0,1.8,0.014,0.295,7x9E,7x9E,7.0,9.0,7.0,9.0,True,True,4.8007592408445205,4.8007592408445205,0.0,0.0,0.0,0.0,0.0,0.0,4.867909327680486,21.984366878767467,True,none,40.863865698206,11.637614323212262,2.8730530633289004,24.270236374941796,54.60636362505819,17200.0,20.82691928621266,True,none,48.16617319958024,23.052045073167584,2.1634418673140305,57.93330156198253,20.94329843801745,17200.0,24.782198238813663,True,none,36.378371151819636,20.879797980626748,2.2485076905237045,77.34124736569889,1.5353526343010913,17200.0,63
685,685,Turnigy,TR5055-08² (400),400.0,1450.0,1.6,0.031,0.31,12x10E,12x10E,12.0,10.0,12.0,10.0,True,True,4.800745585350178,4.800745585350178,0.0,0.0,0.0,0.0,0.0,0.0,4.895631065180487,19.706500184127798,True,none,48.33067044594997,3.8518797141069077,9.136032678066892,29.133497028393162,49.74310297160682,11200.0,20.82709778115021,True,none,48.25407011059086,7.110326142281259,7.345582983158118,56.83157691791262,22.04502308208736,11200.0,25.323994595499883,True,none,35.28726689491052,6.505421638468981,7.534122867935527,74.47889719446279,4.397702805537193,11200.0,64
221,221,Scorpion,HKIII-4035-560² (560),560.0,4200.0,2.24,0.014,0.439,8x8E,8x8E,8.0,8.0,8.0,8.0,True,True,4.80073193247811,4.80073193247811,0.0,0.0,0.0,0.0,0.0,0.0,5.013264369180487,19.71036100769512,True,none,48.75181615750999,7.966270010593589,4.499692975786336,30.769325179702598,48.107274820297384,16000.0,20.83013695040937,True,none,48.61898656738998,14.934404106074876,3.5755976405804524,59.39343206464566,19.483167935354324,16000.0,25.27973877577294,True,none,35.5835886000016,13.640102180200863,3.6865461160336523,77.2574807714479,1.61911922855208,16000.0,65
34,34,Cobra,CM-4010/20 (550),550.0,660.0,0.95,0.054,0.124,9x9E,9x9E,9.0,9.0,9.0,9.0,True,True,4.800718282227561,4.800718282227561,0.0,0.0,0.0,0.0,0.0,0.0,4.7001053226804865,19.620498056194553,True,none,47.92938587549597,8.38689341816887,3.4685183582275587,29.07506863322352,49.80153136677646,13500.0,20.832174922727845,True,none,47.61196508083032,17.095031536945978,2.551909211720824,56.33366585517237,22.542934144827612,13400.0,24.585779204875017,True,none,36.4910164297067,15.42952742133376,2.650870574344998,78.24987954935528,0.6267204506446973,13500.0,66
659,659,Turnigy,SK5045-09² (600),600.0,1320.0,1.6,0.023,0.23,7x9E,7x9E,7.0,9.0,7.0,9.0,True,True,4.800718282227561,4.800718282227561,0.0,0.0,0.0,0.0,0.0,0.0,4.802909327680487,19.684149132039625,True,none,48.07204677783752,11.342559035004983,2.870675956113183,29.189131257235104,49.68746874276488,17100.0,20.83201489638785,True,none,47.939547592174925,22.699283878247023,2.15342279785467,56.67781627840605,22.198783721593934,17100.0,24.806703755103158,True,none,36.205006082628344,20.532889189096764,2.2391873048257525,75.88311554773922,2.993484452260759,17100.0,67
125,125,Scorpion,SII-4035-450 (450),450.0,3848.0,1.75,0.0805,0.435,10x10E,10x10E,10.0,10.0,10.0,10.0,True,True,4.800718282227561,4.800718282227561,0.0,0.0,0.0,0.0,0.0,0.0,5.013540929180487,19.715913831617776,True,none,48.731201276769085,6.5742791102581455,5.438609186610726,30.52059324384308,48.3560067561569,12100.0,20.831586990532564,True,none,48.61425115255456,12.188984576311322,4.387113396076776,59.11579822596559,19.76080177403439,12100.0,25.283654220586225,True,none,35.57594094591944,11.152464689877377,4.512817898881086,76.68018206888107,2.1964179311189156,12100.0,68
563,563,T-Motor,HT4035-5² (560),560.0,4000.0,2.7,0.013,0.45,8x8E,8x8E,8.0,8.0,8.0,8.0,True,True,4.800663707425462,4.800663707425462,0.0,0.0,0.0,0.0,0.0,0.0,5.024264369180487,19.72107006752762,True,none,48.75084406135016,8.006813677427438,4.489700280374378,31.11341203813776,47.76318796186222,16000.0,20.839505018248417,True,none,48.617915676343,14.992350213547416,3.5686766154698693,59.95459512025086,18.922004879749124,16000.0,25.28772026721414,True,none,35.58622758114899,13.695541608109794,3.6793016107314385,78.4825750688515,0.39402493114847914,16000.0,69
193,193,Scorpion,HKIV-4035-560² (560),560.0,5225.0,2.81,0.013,0.456,8x8E,8x8E,8.0,8.0,8.0,8.0,True,True,4.800636435733914,4.800636435733914,0.0,0.0,0.0,0.0,0.0,0.0,5.030264369180487,19.72690534884714,True,none,48.750312437075834,8.044910933325545,4.484266114530985,31.214937832561567,47.661662167438415,16000.0,20.844610948832063,True,none,48.617330526304926,15.049954656071083,3.5649098477777077,60.11709794934097,18.75950205065901,16000.0,25.292070452428554,True,none,35.58766497897031,13.741935122902401,3.6753591350507047,78.80650552996465,0.07009447003532898,16000.0,70
663,663,Turnigy,SK5065-05² (410),410.0,1750.0,1.6,0.017,0.43,11x10E,11x10E,11.0,10.0,11.0,10.0,True,True,4.800581923739679,4.800581923739679,0.0,0.0,0.0,0.0,0.0,0.0,5.011679929680486,19.7432576955867,True,none,48.61804597562603,4.963315702818388,7.411984791468662,29.931376948070696,48.94522305192929,11600.0,20.851385204010768,True,none,48.531669392203916,9.06489867622929,6.080409731001303,58.05825657076299,20.81834342923699,11600.0,25.31317882592289,True,none,35.51150722419585,8.308793207734015,6.23886845237417,75.47229385178315,3.4043061482168326,11600.0,71
605,605,Turnigy,RotorStar 4956-600 / RS600 (600),600.0,3400.0,1.95,0.0163,0.375,7x9E,7x9E,7.0,9.0,7.0,9.0,True,True,4.800554683424953,4.800554683424953,0.0,0.0,0.0,0.0,0.0,0.0,4.947909327680486,22.04609615049469,True,none,40.906312194837035,12.370548565481666,2.7706344470233413,24.837992214641083,54.0386077853589,17200.0,20.85602105844937,True,none,48.31032413014108,24.334151127031028,2.0840858078457436,59.07864612585928,19.797953874140703,17200.0,25.266691691687335,True,none,35.49627484539544,22.061644498135426,2.1666773055787085,76.68153396953929,2.195066030460694,17200.0,72
392,392,T-Motor,MN4110-340 (340),340.0,700.0,0.9,0.112,0.152,14x14E,14x14E,14.0,14.0,14.0,14.0,True,True,4.800541067185557,4.800541067185557,0.0,0.0,0.0,0.0,0.0,0.0,4.748404705180487,19.633064201667253,True,none,48.062613874685645,7.2474164092964735,4.138005037406181,29.53852944215297,49.33807055784701,7900.0,20.857420885766487,True,none,47.67116855992274,14.561102319678984,3.047962362953823,57.82810796566209,21.04849203433789,7900.0,25.36109824275009,True,none,34.95636719971002,13.162946167422884,3.156641352530828,76.29186144259843,2.5847385574015505,7900.0,73
310,310,T-Motor,AM600 3D-555 (555),555.0,1700.0,3.4,0.012,0.36,8x8E,8x8E,8.0,8.0,8.0,8.0,True,True,4.8005274535571365,4.8005274535571365,0.0,0.0,0.0,0.0,0.0,0.0,4.934264369180487,19.729648484523622,True,none,48.384763091453564,7.7801307372895785,4.499699091923302,30.623786534154597,48.252813465845385,15800.0,20.86041001243732,True,none,48.250079305808484,14.720733819126952,3.5625037532301573,58.80943873841767,20.067161261582314,15800.0,25.343691043417177,True,none,35.31415038713483,13.425359712548058,3.6746925110417212,77.95959196577802,0.9170080342219649,15800.0,74
574,574,Turnigy,ACK-5310CP-350 (350),350.0,910.0,0.49,0.079,0.216,12x12E,12x12E,12.0,12.0,12.0,12.0,True,True,4.8005002341302205,4.8005002341302205,0.0,0.0,0.0,0.0,0.0,0.0,4.801631065180487,19.7200937619667,True,none,47.931452137518725,5.0366850860747725,6.538139952942219,27.52768998284115,51.34891001715883,9500.0,20.863536442307876,True,none,47.81695332645322,9.543463532504633,5.290399103700505,53.87093268831962,25.005667311680362,9500.0,23.925551578619316,True,none,38.201715988497924,8.709803470031497,5.437611348650418,77.66977166954412,1.2068283304558634,9500.0,75
123,123,Scorpion,SII-4035-330 (330),330.0,2400.0,1.41,0.031,0.435,14x12E,14x12E,14.0,12.0,14.0,12.0,True,True,4.800337136491727,4.800337136491727,0.0,0.0,0.0,0.0,0.0,0.0,5.031404705180487,19.78728955554878,True,none,48.52020983222293,3.613174919719335,9.632063813714002,30.58251726876536,48.294082731234624,9200.0,20.887926915345872,True,none,48.45358202207556,6.524541123576186,8.562363853515349,59.08312088829891,19.793479111701075,9200.0,25.354730724539692,True,none,35.45993461590975,5.98863075214987,8.767771583893596,76.27392502416296,2.6026749758370187,9200.0,76
256,256,Scorpion,S-4035-330² (330),330.0,2880.0,1.41,0.031,0.435,14x12E,14x12E,14.0,12.0,14.0,12.0,True,True,4.800337136491727,4.800337136491727,0.0,0.0,0.0,0.0,0.0,0.0,5.031404705180487,19.78728955554878,True,none,48.52020983222293,3.613174919719335,9.632063813714002,30.58251726876536,48.294082731234624,9200.0,20.887926915345872,True,none,48.45358202207556,6.524541123576186,8.562363853515349,59.08312088829891,19.793479111701075,9200.0,25.354730724539692,True,none,35.45993461590975,5.98863075214987,8.767771583893596,76.27392502416296,2.6026749758370187,9200.0,77
42,42,Cobra,CM-4520/14 (400),400.0,1330.0,1.45,0.032,0.342,12x10E,12x10E,12.0,10.0,12.0,10.0,True,True,4.800201507819707,4.800201507819707,0.0,0.0,0.0,0.0,0.0,0.0,4.927631065180487,19.790998195553627,True,none,48.12604025409072,3.923196639803437,8.891547326308396,29.228350997414083,49.6482490025859,11200.0,20.90736326548916,True,none,48.05046947169286,7.243888657599161,7.311540002208473,57.05490258249342,21.821697417506563,11200.0,24.651599483180505,True,none,36.77663659778829,6.628198830249878,7.4983545087822545,78.17669443771369,0.6999055622862898,11200.0,78
202,202,Scorpion,HKIV-4035-330² (330),330.0,3462.0,1.79,0.0345,0.456,14x12E,14x12E,14.0,12.0,14.0,12.0,True,True,4.800160869801616,4.800160869801616,0.0,0.0,0.0,0.0,0.0,0.0,5.052404705180487,19.81503850862909,True,none,48.48994751703991,3.677860578421081,9.658609907563058,30.843717600700796,48.03288239929918,9200.0,20.913355942461912,True,none,48.422361784027586,6.6578529981852705,8.310736218746872,59.612676240771535,19.263923759228447,9200.0,25.379138184497435,True,none,35.44594134938909,6.108140672488625,8.5114239101164,77.37713084272255,1.4994691572774315,9200.0,79
625,625,Turnigy,SK3-5045-660 (660),660.0,1450.0,3.0,0.014,0.28,7x7E,7x7E,7.0,7.0,7.0,7.0,True,True,4.800079663676963,4.800079663676963,0.0,0.0,0.0,0.0,0.0,0.0,4.852909327680487,19.776117929930646,True,none,47.90890943235299,9.056900076627258,3.7111043970113053,29.76181223862755,49.11478776137243,18800.0,20.92501219509338,True,none,47.748563142451715,17.605501072730398,2.8286845289308293,57.52534337548543,21.351256624514555,18800.0,25.44778327919578,True,none,34.96290433179948,15.982130209284243,2.927725930517004,75.87144088205724,3.005159117942739,18800.0,80
20,20,Cobra,C-4120/20 (480),480.0,1420.0,1.87,0.036,0.293,9x9E,9x9E,9.0,9.0,9.0,9.0,True,True,4.800012063017374,4.800012063017374,0.0,0.0,0.0,0.0,0.0,0.0,4.869105322680487,19.798956443127768,True,none,47.8821640551194,6.566366465999529,5.232669389412676,28.678451231972943,50.19814876802704,13500.0,20.935830598456377,True,none,47.758976363776114,12.452034431888835,4.092003115036777,55.716956678930174,23.159643321069808,13500.0,24.695502753567318,True,none,36.56979962391794,11.343745195866882,4.215853762098149,76.61756225858157,2.2590377414184104,13500.0,81
662,662,Turnigy,SK5055-07² (400),400.0,1560.0,1.6,0.027,0.33,12x10E,12x10E,12.0,10.0,12.0,10.0,True,True,4.799985040832034,4.799985040832034,0.0,0.0,0.0,0.0,0.0,0.0,4.915631065180487,19.82186955862047,True,none,47.96536608091214,3.8648701091468514,9.103756398765766,28.87903753369782,49.99756246630216,11200.0,20.939798401062802,True,none,47.89022352823371,7.123212561787805,7.491367856389825,56.241494202475806,22.635105797524176,11200.0,24.69427942342571,True,none,36.65969435534422,6.523680110444429,7.6818305708302255,78.42390361415056,0.4526963858494213,11200.0,82
535,535,T-Motor,MT3520-11² (400),400.0,1140.0,1.2,0.032,0.188,11x10E,11x10E,11.0,10.0,11.0,10.0,True,True,4.799958028968384,4.799958028968384,0.0,0.0,0.0,0.0,0.0,0.0,4.769679929680486,19.79987016195245,True,none,47.5162320083785,4.690313714882384,7.09584324227146,27.012390601279716,51.86420939872026,11300.0,20.943309625366183,True,none,47.41963593755416,8.885528901484133,5.744163402184125,52.927989069112755,25.948610930887227,11300.0,24.029358525184602,True,none,37.88983110069029,8.106070460659039,5.903357572486171,77.00055702047165,1.8760429795283358,11300.0,83
15,15,Cobra,C-3525/18 (430),430.0,1120.0,0.84,0.087,0.253,11x10E,11x10E,11.0,10.0,11.0,10.0,True,True,4.799850084612501,4.799850084612501,0.0,0.0,0.0,0.0,0.0,0.0,4.834679929680487,19.825607940732215,True,none,47.657074528382076,4.858600756427512,7.00918899951508,28.333356983354754,50.54324301664523,11500.0,20.96095940408729,True,none,47.55752592148149,9.145259180045576,5.559776644342854,54.700274989388625,24.176325010611357,11500.0,24.73920096566758,True,none,36.409991379515226,8.342064262414207,5.713698148289873,75.68564144949482,3.190958550505158,11500.0,84
397,397,T-Motor,MN4116-340 (340),340.0,910.0,1.2,0.059,0.212,12x12E,12x12E,12.0,12.0,12.0,12.0,True,True,4.799728844031257,4.799728844031257,0.0,0.0,0.0,0.0,0.0,0.0,4.797631065180487,19.83415848931059,True,none,47.49089118269521,5.119874172996502,6.543132357017361,27.184449665410558,51.69215033458943,9400.0,20.97706353123301,True,none,47.38244497771887,9.69804075716982,5.293739011067131,53.12976343643187,25.74683656356811,9400.0,24.06077479227626,True,none,37.872611322050766,8.849134245178572,5.4411204222905845,76.85580259637186,2.020797403628123,9400.0,85
536,536,T-Motor,MT3520-14² (300),300.0,990.0,1.0,0.107,0.188,14x14E,14x14E,14.0,14.0,14.0,14.0,True,True,4.799580943351832,4.799580943351832,0.0,0.0,0.0,0.0,0.0,0.0,4.784404705180487,19.86982290105539,True,none,47.311625272525816,4.37485328396683,7.495978884956201,27.363452458509432,51.513147541490554,8000.0,20.999792781971607,True,none,47.2578563609589,8.298436083853213,6.109515661271845,53.64137695086359,25.235223049136394,8000.0,24.27178052948194,True,none,37.35645292863262,7.5770792232893545,6.273397132414416,78.23979744414217,0.6368025558578125,8000.0,86
629,629,Turnigy,SK3-5055-320 (320),320.0,1630.0,1.8,0.027,0.376,14x12E,14x12E,14.0,12.0,14.0,12.0,True,True,4.799513818163545,4.799513818163545,0.0,0.0,0.0,0.0,0.0,0.0,4.9724047051804865,19.900413705548686,True,none,47.87488929642559,3.6401037146094946,9.557087346383943,29.088193778552554,49.78840622144743,9000.0,21.009716238647243,True,none,47.80520158734563,6.648794580016395,8.173809657743925,56.523345687817226,22.353254312182756,9000.0,24.763516902527158,True,none,36.61320652735,6.09265985299362,8.375029839122837,78.44931238763077,0.42728761236921287,9000.0,87
610,610,Turnigy,RotorStar 4962-480 / RS700 (480),480.0,3400.0,1.5,0.023,0.448,9x9E,9x9E,9.0,9.0,9.0,9.0,True,True,4.7994467568431824,4.7994467568431824,0.0,0.0,0.0,0.0,0.0,0.0,5.024105322680486,19.903730247527456,True,none,48.048388172564906,7.018069057673662,5.173118425621123,29.374752092825034,49.50184790717495,13600.0,21.01936233186271,True,none,47.92989249131501,13.021938879028738,4.156157081370489,56.87967517831552,21.99692482168446,13600.0,24.753996361064697,True,none,36.73034297658001,11.910030482850313,4.277888516626615,77.70565940142362,1.1709405985763652,13600.0,88
175,175,Scorpion,MII-4010-360 (360),360.0,1443.0,0.38,0.1559,0.152,14x12E,14x12E,14.0,12.0,14.0,12.0,True,True,4.799433352235241,4.799433352235241,0.0,0.0,0.0,0.0,0.0,0.0,4.748404705180487,19.87385910735719,True,none,47.16714739388414,3.7954824316671756,8.395254231994201,27.956104766990347,50.92049523300963,8900.0,21.021405225109945,True,none,47.06758811840592,7.234779400906143,6.82663128553407,54.68129887542537,24.195301124574613,8900.0,24.837011193724774,True,none,36.039453233511495,6.59373844701075,7.011467307174215,75.25867520793628,3.617924792063704,8900.0,89
220,220,Scorpion,HKIII-4025-550² (550),550.0,3900.0,1.65,0.023,0.354,8x8E,8x8E,8.0,8.0,8.0,8.0,True,True,4.799393153710566,4.799393153710566,0.0,0.0,0.0,0.0,0.0,0.0,4.928264369180487,19.893969719876363,True,none,47.74024357070796,8.003997015357038,4.359290841474047,28.91137371666806,49.96522628333192,15600.0,21.02803036921176,True,none,47.59971451522322,15.187875808432945,3.43947160826337,55.981502915885194,22.895097084114788,15600.0,24.787789020368315,True,none,36.47810866849017,13.845292147531918,3.549567604828629,76.78233651340847,2.0942634865915153,15600.0,90
320,320,T-Motor,AT3520-550 (Long Shaft) (550),550.0,1100.0,1.1,0.031,0.22,8x8E,8x8E,8.0,8.0,8.0,8.0,True,True,4.799286069710606,4.799286069710606,0.0,0.0,0.0,0.0,0.0,0.0,4.794264369180487,19.89225132216557,True,none,47.26483342767514,7.4911960469705114,4.409618705289148,27.31015904400958,51.5664409559904,15600.0,21.044968473935473,True,none,47.12329921318456,14.492942755734314,3.460434413085525,53.25084079539264,25.62575920460734,15600.0,24.136125507656562,True,none,37.68938719100153,13.179497301857683,3.5734619872042392,76.96260870103038,1.9139912989696057,15600.0,91
57,57,Planet-Hobby,Joker 5060-5.5 V3 (470),470.0,1800.0,1.5,0.0164,0.38,9x9E,9x9E,9.0,9.0,9.0,9.0,True,True,4.799286069710606,4.799286069710606,0.0,0.0,0.0,0.0,0.0,0.0,4.956105322680487,19.919510121582125,True,none,47.7447476630155,6.911061283968744,5.143170775566161,28.704503065273954,50.17209693472603,13400.0,21.04482914389725,True,none,47.62347783400993,12.955872413892397,4.031584712570759,55.62043653674935,23.25616346325063,13400.0,24.803125995942835,True,none,36.49616267231129,11.819828287353126,4.152511212633054,75.9913911236026,2.8852088763973853,13400.0,92
69,69,Planet-Hobby,Joker 3548-6 V2 (720),720.0,650.0,1.41,0.046,0.165,7x7E,7x7E,7.0,7.0,7.0,7.0,True,True,4.799286069710606,4.799286069710606,0.0,0.0,0.0,0.0,0.0,0.0,4.7379093276804864,19.84429987523189,True,none,47.23730614169527,9.218428122187323,3.2860396867175536,28.72290003060944,50.153699969390544,18900.0,21.043189826225493,True,none,46.95625606625626,18.681274730466846,2.4042188021175215,55.51750084818306,23.35909915181692,18900.0,24.83621809166265,True,none,36.02178474582495,16.86008820948481,2.4975959706876547,76.80964742901213,2.0669525709878513,18900.0,93
473,473,T-Motor,MN4012-9² (480),480.0,870.0,1.3,0.057,0.132,9x9E,9x9E,9.0,9.0,9.0,9.0,True,True,4.799259324148661,4.799259324148661,0.0,0.0,0.0,0.0,0.0,0.0,4.7081053226804865,19.88644044377869,True,none,46.976469887073115,6.199695946479581,5.098921850636314,26.744549597477686,52.132050402522296,13300.0,21.047585046119014,True,none,46.848757887567324,12.094488296630395,4.031207101911774,52.33534892177071,26.541251078229273,13300.0,24.160985331505014,True,none,37.45914590138826,10.994908144766878,4.157507974311546,75.72500576424758,3.1515942357523983,13300.0,94
59,59,Planet-Hobby,Joker 5060-9 V3 (290),290.0,2080.0,0.8,0.0388,0.38,14x14E,14x14E,14.0,14.0,14.0,14.0,True,True,4.7992325887503355,4.7992325887503355,0.0,0.0,0.0,0.0,0.0,0.0,4.976404705180487,19.940388689356176,True,none,47.73935920303091,4.43732170055776,8.17616431986833,28.402917588572407,50.473682411427575,8000.0,21.05104500654724,True,none,47.66313665419606,8.120416546236802,6.7507656664504205,55.35749481651656,23.519105183483425,8000.0,24.811371934789836,True,none,36.515664923461145,7.443809090971486,6.919727903428659,74.89899645135874,3.977603548641241,8000.0,95
363,363,T-Motor,MN505-S KV320 (320),320.0,1300.0,1.8,0.038,0.225,14x12E,14x12E,14.0,12.0,14.0,12.0,True,True,4.7992325887503355,4.7992325887503355,0.0,0.0,0.0,0.0,0.0,0.0,4.821404705180487,19.92124185772689,True,none,47.25591536490567,3.4510705272663063,9.362464043257678,27.86516338947494,51.01143661052504,8900.0,21.051156148177462,True,none,47.1843267454585,6.428866087715009,8.117246740195364,54.261952582218626,24.614647417781356,8900.0,24.856360103479673,True,none,36.132563435121355,5.880032670044366,8.323216080849258,75.20286535609895,3.673734643901028,8900.0,96
554,554,T-Motor,AT2826-500² (550),550.0,880.0,0.7,0.045,0.169,8x8E,8x8E,8.0,8.0,8.0,8.0,True,True,4.79921922486072,4.79921922486072,0.0,0.0,0.0,0.0,0.0,0.0,4.743264369180487,19.891553674375825,True,none,47.08419993641088,7.382879556510794,4.308309572574023,26.724208074491095,52.15239192550889,15400.0,21.05306312562133,True,none,46.93702484656919,14.469222485710166,3.3640592032467493,52.24474855255499,26.631851447444994,15400.0,24.15623658702038,True,none,37.540477970295235,13.142425272742223,3.4762984661259666,75.24700415587881,3.6295958441211695,15400.0,97
403,403,T-Motor,MN5008-340 (340),340.0,760.0,1.1,0.055,0.135,11x12E,11x12E,11.0,12.0,11.0,12.0,True,True,4.799205863509837,4.799205863509837,0.0,0.0,0.0,0.0,0.0,0.0,4.716679929680486,19.90712230172538,True,none,46.932427513656584,5.718025274631889,5.528261185005192,26.172846639232667,52.703753360767315,9500.0,21.05656614320319,True,none,46.84275633869794,11.095646532461778,4.409429762667796,51.29373934989038,27.582860650109602,9500.0,23.650464077931566,True,none,38.69062023365043,10.083510025123362,4.541324374293208,78.07359697585908,0.8030030241409065,9500.0,98
366,366,T-Motor,MN605-S KV320 (320),320.0,1400.0,2.2,0.021,0.316,14x12E,14x12E,14.0,12.0,14.0,12.0,True,True,4.799179148421375,4.799179148421375,0.0,0.0,0.0,0.0,0.0,0.0,4.912404705180487,19.943976618496787,True,none,47.497393800927135,3.4740871110114444,9.480231982729366,29.024738247814152,49.851861752185826,9000.0,21.06045614298295,True,none,47.430592681307104,6.370372676615672,8.473235301788565,56.12885643765252,22.74774356234746,9000.0,24.84221341338007,True,none,36.33049166459572,5.837245063831128,8.681580850049132,78.5181755568152,0.35842444318478783,9000.0,99
260,260,Scorpion,HK4025-550² (550),550.0,2850.0,0.9,0.035,0.326,8x8E,8x8E,8.0,8.0,8.0,8.0,True,True,4.799032396644289,4.799032396644289,0.0,0.0,0.0,0.0,0.0,0.0,4.900264369180487,19.94204126228131,True,none,47.461213808852605,7.996940828102112,4.3115096591490865,28.014139630598496,50.86246036940149,15500.0,21.081588894747192,True,none,47.31543210267807,15.275154330951862,3.329819131351816,54.42383463293261,24.45276536706737,15500.0,24.154754234380675,True,none,37.85825993538886,13.899828368295548,3.4384578363578964,78.49457450101406,0.3820254989859251,15500.0,100
194,194,Scorpion,M-4215-320² (320),320.0,1110.0,0.49,0.062,0.223,14x12E,14x12E,14.0,12.0,14.0,12.0,True,True,4.799032396644289,4.799032396644289,0.0,0.0,0.0,0.0,0.0,0.0,4.819404705180487,19.946105983372732,True,none,47.157879131784114,3.642878689855663,9.327545688563434,27.063052320438764,51.81354767956122,8800.0,21.081115923052373,True,none,47.06903082323972,6.799714924796052,7.6543635162446675,53.04071844717643,25.83588155282355,8800.0,24.180950649401847,True,none,37.63539942556178,6.217269311587891,7.851917875710812,76.76465355230826,2.1119464476917216,8800.0,101
606,606,Turnigy,RotorStar 4956-550 / RS600 (550),550.0,3100.0,1.8,0.0186,0.395,8x8E,8x8E,8.0,8.0,8.0,8.0,True,True,4.798965792493957,4.798965792493957,0.0,0.0,0.0,0.0,0.0,0.0,4.969264369180487,19.96352891123696,True,none,47.62757089930559,8.138112748776361,4.322303950455912,29.029018959025848,49.847581040974134,15700.0,21.09251019995469,True,none,47.487166732935655,15.39225334951954,3.413983356745221,56.09621064059906,22.78038935940092,15700.0,24.854249469439107,True,none,36.40899139442384,14.034036644966868,3.52287396763956,77.04488595320176,1.8317140467982256,15700.0,102
678,678,Turnigy,TR4250-07² (600),600.0,1030.0,2.5,0.036,0.21,7x9E,7x9E,7.0,9.0,7.0,9.0,True,True,4.798965792493957,4.798965792493957,0.0,0.0,0.0,0.0,0.0,0.0,4.782909327680486,19.93883300508195,True,none,47.05424397381835,11.546541504540368,2.790847732477089,28.95348402561357,49.92311597438641,16900.0,21.09207919985954,True,none,46.917589444347726,23.255463493234352,2.0820696195741673,55.88696776669255,22.989632233307432,16900.0,25.12880170153364,True,none,35.489779127027106,21.01662853774936,2.1667900645196876,76.32956932444722,2.5470306755527616,16900.0,103
568,568,T-Motor,MT3515-15² (400),400.0,610.0,0.3,0.116,0.188,10x12WE,10x12WE,10.0,12.0,10.0,12.0,True,True,4.798806199916121,4.798806199916121,0.0,0.0,0.0,0.0,0.0,0.0,4.766540929180487,19.919653023137187,True,none,47.06546656811849,8.617354943042155,3.6047410092908434,27.680886193432926,51.195713806567056,10100.0,21.1161672372002,True,none,46.780920786610906,17.24526692924301,2.6807917936565784,53.446887311800324,25.429712688199658,10000.0,24.203046597895263,True,none,37.478907184634195,15.618198386769851,2.77764965679078,77.12436684847842,1.7522331515215654,10000.0,104
573,573,Turnigy,ACK-4012CP-480 (480),480.0,980.0,0.48,0.0699,0.152,11x10E,11x10E,11.0,10.0,11.0,10.0,True,True,4.798806199916121,4.798806199916121,0.0,0.0,0.0,0.0,0.0,0.0,4.733679929680487,19.957078814135123,True,none,46.813035569930875,4.832469011307669,6.403183148843981,28.17648083485654,50.70011916514344,12100.0,21.116377941969535,True,none,46.68015550784071,9.378623346998438,5.011037237478901,54.89974937029194,23.97685062970804,12100.0,24.950417988012585,True,none,35.77263582488412,8.539275124889247,5.157603144108359,75.8083560478388,3.0682439521611826,12100.0,105
298,298,T-Motor,Antigravity 5008-340 (340),340.0,760.0,0.9,0.055,0.135,11x12E,11x12E,11.0,12.0,11.0,12.0,True,True,4.798753082977225,4.798753082977225,0.0,0.0,0.0,0.0,0.0,0.0,4.716679929680486,19.976280785562565,True,none,46.68386232669919,5.718025274631889,5.679990532272108,25.67542378515356,53.20117621484643,9500.0,21.124492594681087,True,none,46.599525907681965,11.063635495961353,4.409429762667796,50.40508789427781,28.47151210572217,9500.0,23.729277626024345,True,none,38.4980450639023,10.05318474608047,4.541324374293208,76.39276359668382,2.483836403316161,9500.0,106
300,300,T-Motor,Antigravity 6007-320 (320),320.0,935.0,1.4,0.05,0.18,14x14E,14x14E,14.0,14.0,14.0,14.0,True,True,4.798753082977225,4.798753082977225,0.0,0.0,0.0,0.0,0.0,0.0,4.776404705180487,19.9675478864306,True,none,46.92708603228458,4.726064568916017,6.5436432346655975,27.852194865759174,51.02440513424081,8300.0,21.124899789835432,True,none,46.77958824599219,9.144098800173314,5.104562010531252,54.44620077103109,24.430399228968895,8200.0,24.946113465647016,True,none,35.859457947959626,8.325657415137897,5.250130399450575,78.24340776920145,0.633192230798528,8300.0,107
408,408,T-Motor,MN6007-320 (320),320.0,935.0,1.4,0.05,0.18,14x14E,14x14E,14.0,14.0,14.0,14.0,True,True,4.798753082977225,4.798753082977225,0.0,0.0,0.0,0.0,0.0,0.0,4.776404705180487,19.9675478864306,True,none,46.92708603228458,4.726064568916017,6.5436432346655975,27.852194865759174,51.02440513424081,8300.0,21.124899789835432,True,none,46.77958824599219,9.144098800173314,5.104562010531252,54.44620077103109,24.430399228968895,8200.0,24.946113465647016,True,none,35.859457947959626,8.325657415137897,5.250130399450575,78.24340776920145,0.633192230798528,8300.0,108
196,196,Scorpion,MII-4015-340² (340),340.0,1260.0,0.47,0.108,0.194,14x12E,14x12E,14.0,12.0,14.0,12.0,True,True,4.798726539592103,4.798726539592103,0.0,0.0,0.0,0.0,0.0,0.0,4.790404705180487,19.988909589607967,True,none,46.89959006441291,3.6824235519833746,8.836158353508873,27.02513729369436,51.851462706305625,8900.0,21.127430934821856,True,none,46.813074741571704,6.94656786388092,7.220333480478966,53.16182205345361,25.71477794654637,8900.0,24.95505994922233,True,none,35.86605203459271,6.337015327464891,7.410968715538408,74.30211058955477,4.57448941044521,8900.0,109
236,236,Scorpion,M-4015-340² (340),340.0,1730.0,0.47,0.108,0.194,14x12E,14x12E,14.0,12.0,14.0,12.0,True,True,4.798726539592103,4.798726539592103,0.0,0.0,0.0,0.0,0.0,0.0,4.790404705180487,19.988909589607967,True,none,46.89959006441291,3.6824235519833746,8.836158353508873,27.02513729369436,51.851462706305625,8900.0,21.127430934821856,True,none,46.813074741571704,6.94656786388092,7.220333480478966,53.16182205345361,25.71477794654637,8900.0,24.95505994922233,True,none,35.86605203459271,6.337015327464891,7.410968715538408,74.30211058955477,4.57448941044521,8900.0,110
91,91,Scorpion,A-3017-600 (600),600.0,962.0,1.15,0.0506,0.136,7x9E,7x9E,7.0,9.0,7.0,9.0,True,True,4.798700006255583,4.798700006255583,0.0,0.0,0.0,0.0,0.0,0.0,4.7089093276804865,19.96843964155796,True,none,46.68434409084393,11.171879444122194,2.7972496223627648,27.29473107316586,51.58186892683412,16800.0,21.13292297677345,True,none,46.54594703733959,22.769435772728333,2.0783783741279835,53.1191681963789,25.75743180362108,16800.0,24.433302870922073,True,none,36.844193624486266,20.54604478718143,2.164046572211521,75.36950295879704,3.5070970412029396,16800.0,111
406,406,T-Motor,MN5212-420 (420),420.0,940.0,1.3,0.053,0.205,10x10E,10x10E,10.0,10.0,10.0,10.0,True,True,4.798660225079456,4.798660225079456,0.0,0.0,0.0,0.0,0.0,0.0,4.783540929180487,19.988913430011934,True,none,46.87528466405807,6.107454802804816,5.336154609377906,26.781232036069657,52.09536796393033,11700.0,21.137738055352322,True,none,46.75521059751622,11.74966578811445,4.253176159289859,52.19951955000962,26.677080449990363,11700.0,24.250721090908595,True,none,37.40301550502106,10.691263999069308,4.381372422486451,75.52409246088706,3.3525075391129207,11700.0,112
308,308,T-Motor,AM480-650 (650),650.0,1150.0,1.55,0.032,0.145,7x7E,7x7E,7.0,7.0,7.0,7.0,True,True,4.798646969705538,4.798646969705538,0.0,0.0,0.0,0.0,0.0,0.0,4.717909327680487,19.966378864365176,True,none,46.72365269812943,8.88984194438227,3.5608195595469416,26.986212015295507,51.890387984704475,18400.0,21.139104655368612,True,none,46.551258469769685,17.69388948922736,2.7237694961296084,52.61522280135202,26.261377198647963,18400.0,24.258716326974177,True,none,37.254915987110515,16.025795949967147,2.8231192311207556,76.17772022057522,2.6988797794247574,18400.0,113
219,219,Scorpion,HKIII-4025-650² (650),650.0,3700.0,1.78,0.016,0.354,7x7E,7x7E,7.0,7.0,7.0,7.0,True,True,4.798646969705538,4.798646969705538,0.0,0.0,0.0,0.0,0.0,0.0,4.9269093276804865,19.998196117017944,True,none,47.34892679457625,9.858481358724934,3.4961347923468984,28.837760833531732,50.03883916646825,18600.0,21.140880250431476,True,none,47.17981537489829,19.023706409451627,2.6983240947238394,55.68009734838455,23.196502651615432,18600.0,24.920014672413245,True,none,36.18927641551675,17.297824119123863,2.7938300812214294,76.61752375301002,2.259076246989963,18600.0,114
51,51,Planet-Hobby,Joker 4250-6 V3 (680),680.0,1100.0,1.3,0.024,0.21,7x9E,7x9E,7.0,9.0,7.0,9.0,True,True,4.798633716839495,4.798633716839495,0.0,0.0,0.0,0.0,0.0,0.0,4.782909327680486,19.964925800500474,True,none,46.95966394736447,8.477572159840445,3.8877468755343783,29.1962636816701,49.68033631832988,19100.0,21.14178464752091,True,none,46.738787530190855,16.542057300086174,3.0284806528861945,56.00119845243591,22.875401547564074,19100.0,24.95264250291745,True,none,35.8575217202358,15.023569333673356,3.1305880546007994,78.06237993504023,0.8142200649597555,19100.0,115
235,235,Scorpion,M-4010-360² (360),360.0,1550.0,0.34,0.152,0.152,14x12E,14x12E,14.0,12.0,14.0,12.0,True,True,4.798567490102506,4.798567490102506,0.0,0.0,0.0,0.0,0.0,0.0,4.748404705180487,20.004402047459415,True,none,46.69549394274664,3.765491702389971,8.632975988431681,27.462728524160855,51.41387147583913,8900.0,21.151561389698742,True,none,46.59929147821674,7.144582244600876,6.82663128553407,53.72058019000575,25.156019809994234,8900.0,24.9947661594807,True,none,35.706438986458366,6.519560394527073,7.011467307174215,75.52985968667525,3.34674031332473,8900.0,116
688,688,Turnigy,TR5065-08² (320),320.0,1700.0,1.9,0.034,0.31,14x12E,14x12E,14.0,12.0,14.0,12.0,True,True,4.798448439643737,4.798448439643737,0.0,0.0,0.0,0.0,0.0,0.0,4.906404705180487,20.05131370083593,True,none,47.082394242598944,3.55860582288525,9.472512150235543,28.303211436558335,50.57338856344165,8900.0,21.169668554306064,True,none,47.01276571076284,6.580385960316864,8.019269202247646,54.96420369797575,23.912396302024234,8900.0,24.975303231402847,True,none,36.033718028439836,6.027909621937159,8.220190885016109,76.23728460490524,2.639315395094741,8900.0,117
154,154,Scorpion,HK5-4026-545 (545),545.0,4218.0,2.77,0.0173,0.37,8x8E,8x8E,8.0,8.0,8.0,8.0,True,True,4.798408801133099,4.798408801133099,0.0,0.0,0.0,0.0,0.0,0.0,4.944264369180487,20.041577865290243,True,none,47.2509536653455,8.208403288042527,4.2718952255483185,29.12918831423145,49.74741168576853,15500.0,21.17505273919091,True,none,47.107963437495904,15.562225752395705,3.3661666822339824,56.147932111717715,22.728667888282267,15500.0,24.960245065738576,True,none,36.134561225954606,14.187697652434977,3.474657502017335,78.61349101127138,0.2631089887286038,15500.0,118
576,576,Turnigy,ACK-4012CQ-650 (650),650.0,800.0,1.2,0.053,0.126,8x8E,8x8E,8.0,8.0,8.0,8.0,True,True,4.798408801133099,4.798408801133099,0.0,0.0,0.0,0.0,0.0,0.0,4.700264369180487,19.998887102148064,True,none,46.545216880125736,6.96390842448708,4.349115869886145,28.207952134952063,50.668647865047916,16300.0,21.176151354963075,True,none,46.366776306002166,13.902037132419906,3.261699688611555,54.90478471998412,23.97181528001586,16200.0,25.024262049028344,True,none,35.55799048431166,12.577647406619077,3.439033521773397,76.59280832681733,2.283791673182648,16200.0,119
172,172,Scorpion,M-3011-760 (760),760.0,634.0,0.66,0.2201,0.087,7x7E,7x7E,7.0,7.0,7.0,7.0,True,True,4.798395593287374,4.798395593287374,0.0,0.0,0.0,0.0,0.0,0.0,4.659909327680487,19.96033065325203,True,none,46.539338152170686,9.298684313540035,3.1469855413618837,27.84669338037042,51.02990661962956,18400.0,21.177737801620925,True,none,46.23971558893323,19.18469414289256,2.2726057142551257,54.26884091473244,24.60775908526754,18400.0,25.01608234637096,True,none,35.502048398574615,17.276723039862148,2.3647136438426966,74.85295566658984,4.023644333410147,18400.0,120
14,14,Cobra,C-3525/14 (560),560.0,1000.0,1.18,0.055,0.253,8x8E,8x8E,8.0,8.0,8.0,8.0,True,True,4.79838238793605,4.79838238793605,0.0,0.0,0.0,0.0,0.0,0.0,4.827264369180487,20.029806124720334,True,none,46.882151800667486,7.6768714517300145,4.304578262905056,27.46179306133439,51.41480693866559,15500.0,21.179647686724213,True,none,46.737369735918485,14.850690214525379,3.3752801784777104,53.36026173825097,25.516338261749013,15500.0,24.286082005491693,True,none,37.40818314113709,13.500866753123631,3.48610575101035,77.25874533402998,1.6178546659700004,15500.0,121
398,398,T-Motor,MN4120-465 (465),465.0,1200.0,1.4,0.024,0.253,9x9E,9x9E,9.0,9.0,9.0,9.0,True,True,4.79838238793605,4.79838238793605,0.0,0.0,0.0,0.0,0.0,0.0,4.829105322680487,20.035454611600727,True,none,46.86826654000954,6.651199697128421,4.97268927235486,26.948718784558142,51.92788121544184,13200.0,21.1798924059702,True,none,46.74205227137252,12.755651549314297,3.94601995282425,52.543153061933424,26.333446938066558,13200.0,24.2888194919978,True,none,37.40552571645113,11.621510998109414,4.068068302874564,76.26124275681278,2.615357243187205,13200.0,122
117,117,Scorpion,SII-4020-540 (540),540.0,2405.0,1.67,0.0202,0.288,8x8E,8x8E,8.0,8.0,8.0,8.0,True,True,4.7983691850784185,4.7983691850784185,0.0,0.0,0.0,0.0,0.0,0.0,4.862264369180487,20.036451674954307,True,none,46.98124769974789,7.94249432549039,4.272514519233521,27.63332917852802,51.24327082147197,15400.0,21.18174989758503,True,none,46.835548365079646,15.239942403019452,3.353372966775277,53.61856840460981,25.25803159539017,15400.0,24.280570758560653,True,none,37.489835635972305,13.872420198194993,3.4631399296546923,77.78950791100917,1.0870920889908149,15400.0,123
559,559,T-Motor,AT4120-550² (550),550.0,2100.0,1.3,0.036,0.286,8x8E,8x8E,8.0,8.0,8.0,8.0,True,True,4.798197774534272,4.798197774534272,0.0,0.0,0.0,0.0,0.0,0.0,4.860264369180487,20.06279642503558,True,none,46.87904798646457,7.861410162017508,4.274335551827159,27.552638865360052,51.32396113463993,15500.0,21.208367889027787,True,none,46.73394382577055,15.122438233274128,3.3546192716069365,53.47340749611149,25.40319250388849,15500.0,24.31227872478528,True,none,37.41294510166452,13.765227568441938,3.464446219851515,77.43323511576169,1.4433648842382922,15500.0,124
93,93,Scorpion,A-4220-540 (V2) (540),540.0,2553.0,1.91,0.0168,0.288,8x8E,8x8E,8.0,8.0,8.0,8.0,True,True,4.798184606514304,4.798184606514304,0.0,0.0,0.0,0.0,0.0,0.0,4.862264369180487,20.064791441460365,True,none,46.878858797552766,7.9421039869042085,4.272514519233521,27.74942211401432,51.12717788598566,15400.0,21.210105696864822,True,none,46.73373541066507,15.239211532565129,3.353372966775277,53.77833732830164,25.098262671698343,15400.0,24.313863725192792,True,none,37.41323254272632,13.871752502512487,3.4631399296546923,78.27894315659312,0.5976568434068668,15400.0,125
655,655,Turnigy,SK4250-06² (650),650.0,1150.0,1.2,0.032,0.23,7x7E,7x7E,7.0,7.0,7.0,7.0,True,True,4.798158277923043,4.798158277923043,0.0,0.0,0.0,0.0,0.0,0.0,4.802909327680487,20.052713044591894,True,none,46.714325733322106,9.36468582916379,3.491075559634329,27.268435559492545,51.60816444050744,18400.0,21.214173070901033,True,none,46.540841838799075,18.430237236874554,2.6763979381363523,52.961542025709456,25.915057974290526,18400.0,24.32747001059744,True,none,37.26567552042796,16.712735446099828,2.773463829791022,76.33483225079611,2.5417677492038706,18400.0,126
252,252,Scorpion,S-4025-14² (390),390.0,2000.0,0.95,0.028,0.35,12x10E,12x10E,12.0,10.0,12.0,10.0,True,True,4.79813195925867,4.79813195925867,0.0,0.0,0.0,0.0,0.0,0.0,4.935631065180487,20.101435660634642,True,none,47.002653128431135,4.091276100491378,8.686219375818826,27.619869524165008,51.25673047583497,11000.0,21.218867622127263,True,none,46.92300775714524,7.527993940387683,7.136318243481986,53.927982816727805,24.948617183272177,11000.0,24.317255522372584,True,none,37.54941532672214,6.892496988177634,7.3197198631882845,78.81651328592928,0.06008671407070665,11000.0,127
24,24,Cobra,C-4130/16 (390),390.0,1630.0,1.12,0.032,0.398,12x10E,12x10E,12.0,10.0,12.0,10.0,True,True,4.79813195925867,4.79813195925867,0.0,0.0,0.0,0.0,0.0,0.0,4.983631065180487,20.106753396942707,True,none,47.150563605071575,4.2232985259332345,8.421283806319993,28.41146131020952,50.465138689790464,10900.0,21.21814194999047,True,none,47.070235862745,7.766523348563299,6.920446145287635,55.11827695873001,23.758323041269975,10900.0,25.010256618817436,True,none,36.09880117793667,7.111582160936633,7.098764624372443,76.15561987214122,2.720980127858766,10900.0,128
368,368,T-Motor,MN701-S KV280 (280),280.0,1600.0,2.0,0.023,0.355,14x14E,14x14E,14.0,14.0,14.0,14.0,True,True,4.798118803647314,4.798118803647314,0.0,0.0,0.0,0.0,0.0,0.0,4.951404705180487,20.10523917468068,True,none,47.04380981771976,4.524856747234955,7.97660867184443,28.088182608701654,50.788417391298324,7900.0,21.220448267162723,True,none,46.96478200803218,8.305890737285392,6.570935106290743,54.59035153071731,24.286248469282675,7900.0,25.022321054261415,True,none,36.01495608601947,7.609418832757987,6.737453648290152,76.4739261667418,2.402673833258177,7900.0,129
253,253,Scorpion,S-4025-16² (332),332.0,2000.0,0.83,0.034,0.35,12x12E,12x12E,12.0,12.0,12.0,12.0,True,True,4.798105650515574,4.798105650515574,0.0,0.0,0.0,0.0,0.0,0.0,4.935631065180487,20.099001022564543,True,none,47.01147814907526,5.448386012973912,6.374931842659229,27.065256322082035,51.81134367791795,9400.0,21.222062326084988,True,none,46.91147188156186,10.151720184761416,5.180635875785975,52.64986265925916,26.22673734074082,9400.0,24.31806306013396,True,none,37.547547645994385,9.272810900104579,5.322377366932241,76.77707398180033,2.0995260181996542,9400.0,130
247,247,Scorpion,S-4020-12² (542),542.0,1500.0,1.32,0.02,0.305,8x8E,8x8E,8.0,8.0,8.0,8.0,True,True,4.798092499862752,4.798092499862752,0.0,0.0,0.0,0.0,0.0,0.0,4.879264369180487,20.08172892972811,True,none,46.877245797342916,7.979177563850024,4.25708982860932,27.50640149720419,51.37019850279579,15500.0,21.224864169304816,True,none,46.731960266665595,15.295783768950384,3.342806234446093,53.35935967511404,25.51724032488594,15500.0,24.327323934762948,True,none,37.41567045140064,13.92725927064383,3.4520657701206083,77.17323569816044,1.7033643018395423,15500.0,131
405,405,T-Motor,MN5208-340 (340),340.0,850.0,0.9,0.093,0.145,12x12E,12x12E,12.0,12.0,12.0,12.0,True,True,4.798053062770777,4.798053062770777,0.0,0.0,0.0,0.0,0.0,0.0,4.730631065180487,20.072256283649914,True,none,46.391964361273814,5.21593747591715,6.121333941318725,25.80593497820383,53.07066502179615,9200.0,21.229701251546217,True,none,46.26944636145131,10.06692257715763,4.914298537150457,50.61491923590558,28.2616807640944,9200.0,23.708592007645862,True,none,38.57794174008597,9.15894850176588,5.056412825854534,77.07737033731034,1.7992296626896405,9200.0,132
407,407,T-Motor,MN5212-340 (340),340.0,840.0,1.1,0.069,0.205,12x12E,12x12E,12.0,12.0,12.0,12.0,True,True,4.797987383797139,4.797987383797139,0.0,0.0,0.0,0.0,0.0,0.0,4.790631065180487,20.104047263699236,True,none,46.48858274305336,5.187984525036393,6.37129560885553,26.261646691685584,52.6149533083144,9400.0,21.2391835820831,True,none,46.41542789766626,9.87966162554312,5.143809328050795,51.27211388758556,27.60448611241442,9400.0,23.848866292020745,True,none,38.36330390271297,9.003549659924788,5.288611451281652,78.02449677569112,0.8521032243088627,9400.0,133
206,206,Scorpion,A-4220-540² (540),540.0,2553.0,1.54,0.0182,0.288,8x8E,8x8E,8.0,8.0,8.0,8.0,True,True,4.797974255423065,4.797974255423065,0.0,0.0,0.0,0.0,0.0,0.0,4.862264369180487,20.09607452319538,True,none,46.7663529476362,7.94249432549039,4.272514519233521,27.47938037610645,51.397219623893534,15400.0,21.241156692941345,True,none,46.6227517676599,15.239942403019452,3.353372966775277,53.29167013675662,25.58492986324336,15400.0,24.35044649754049,True,none,37.329420170396816,13.872420198194993,3.4631399296546923,77.31726515821435,1.5593348417856276,15400.0,134
533,533,T-Motor,MT3515-9² (650),650.0,650.0,1.2,0.049,0.188,7x7E,7x7E,7.0,7.0,7.0,7.0,True,True,4.797816907544579,4.797816907544579,0.0,0.0,0.0,0.0,0.0,0.0,4.760909327680487,20.1746565732607,True,none,46.432415009701096,9.383248560207896,3.4198989262498607,26.83216548008954,52.04443451991044,18200.0,21.265086190421435,True,none,46.23558430112383,18.624322671310644,2.608978466852789,52.15547008369517,26.72112991630481,18200.0,24.392621561716847,True,none,37.03615919505123,16.873853579006376,2.7054718334632275,75.56400727326675,3.3125927267332287,18200.0,135
325,325,T-Motor,AT4125-540 (Long Shaft) (540),540.0,2000.0,2.6,0.014,0.355,8x8E,8x8E,8.0,8.0,8.0,8.0,True,True,4.797803811251107,4.797803811251107,0.0,0.0,0.0,0.0,0.0,0.0,4.929264369180487,20.13133786644146,True,none,46.87245200727253,8.249772150940458,4.212275528539549,28.57438871030833,50.302211289691655,15400.0,21.268138717523904,True,none,46.72670179270013,15.698991509497223,3.31200302236829,55.098738604023794,23.77786139597619,15400.0,25.07605798001955,True,none,35.86132815541038,14.306159585932543,3.4197951028418485,76.76931179350632,2.1072882064936636,15400.0,136
585,585,Turnigy,L3040A-480G (480),480.0,1000.0,0.8,0.082,0.194,9x9E,9x9E,9.0,9.0,9.0,9.0,True,True,4.797790717420502,4.797790717420502,0.0,0.0,0.0,0.0,0.0,0.0,4.770105322680487,20.113720017640397,True,none,46.3830521431366,6.743635148655977,4.846444598365325,26.270933995521112,52.60566600447887,13100.0,21.270662580253763,True,none,46.24338390975389,13.034744582491815,3.8258447747866007,51.30442869874643,27.572171301253555,13100.0,23.74557337384954,True,none,38.57105632764493,11.858111420281377,3.946941046250428,78.31534317092168,0.5612568290783031,13100.0,137
19,19,Cobra,C-4120/18 (540),540.0,1600.0,1.5,0.03,0.293,8x8E,8x8E,8.0,8.0,8.0,8.0,True,True,4.797777626052068,4.797777626052068,0.0,0.0,0.0,0.0,0.0,0.0,4.867264369180487,20.125136052705287,True,none,46.679663427634175,8.09734700920238,4.194294733038935,27.468761766038853,51.40783823396113,15300.0,21.271970123847588,True,none,46.5280391036599,15.59219837386797,3.222611161825376,53.00163295760136,25.874967042398623,15300.0,24.384172401364566,True,none,37.262216910251105,14.175253417523596,3.3299098141926096,77.2579135704014,1.6186864295985828,15300.0,138
356,356,T-Motor,F1000-545 (545),545.0,2400.0,2.5,0.03,0.42,8x8E,8x8E,8.0,8.0,8.0,8.0,True,True,4.797777626052068,4.797777626052068,0.0,0.0,0.0,0.0,0.0,0.0,4.994264369180486,20.141803861274447,True,none,47.05993136241729,8.605190633135017,4.082793674832955,29.23892646566606,49.63767353433392,15400.0,21.271130842314133,True,none,46.91023055751729,16.314330289943133,3.2095524855061592,56.23244661382109,22.644153386178893,15400.0,25.061118615850333,True,none,36.00947393948293,14.880572956828757,3.3143762952696894,77.77329526453211,1.1033047354678729,15400.0,139
364,364,T-Motor,MN601-S KV320 (320),320.0,1200.0,1.6,0.039,0.246,14x12E,14x12E,14.0,12.0,14.0,12.0,True,True,4.797764537145112,4.797764537145112,0.0,0.0,0.0,0.0,0.0,0.0,4.842404705180487,20.159537471175007,True,none,46.47124823146548,3.4997939604176835,9.389772361261453,27.438190219662104,51.43840978033788,8900.0,21.273515395510675,True,none,46.44849636583299,6.495527272787844,8.092817940094847,53.29033593539829,25.586264064601693,8900.0,25.350197142009087,True,none,35.141458605449046,5.9432078704319,8.297519539511464,73.84350188095215,5.033098119047835,8900.0,140
22,22,Cobra,C-4130/12 (540),540.0,1920.0,1.85,0.019,0.398,8x8E,8x8E,8.0,8.0,8.0,8.0,True,True,4.797751450698939,4.797751450698939,0.0,0.0,0.0,0.0,0.0,0.0,4.972264369180487,20.145413600337555,True,none,46.97062986252801,8.481602196849984,4.17437889648286,28.401230994498757,50.47536900550122,15400.0,21.27684099211058,True,none,46.82390258615944,16.042726134208504,3.2858351440797975,54.73361190016727,24.142988099832714,15400.0,25.07447534017966,True,none,35.94168612201001,14.62963526170485,3.392394258636712,75.57990379479031,3.2966962052096704,15400.0,141
153,153,Scorpion,HK5-4026-385 (385),385.0,4050.0,1.53,0.0348,0.368,12x10E,12x10E,12.0,10.0,12.0,10.0,True,True,4.797620721427774,4.797620721427774,0.0,0.0,0.0,0.0,0.0,0.0,4.9536310651804865,20.179673787533588,True,none,46.78278901902997,4.3189694788642665,8.273957224049704,27.99800316747578,50.8785968325242,10800.0,21.29649021016855,True,none,46.697870720001646,7.93819380077983,6.784054976815752,54.32039510874412,24.55620489125586,10800.0,25.11240084886026,True,none,35.82827325577462,7.2712013934765025,6.961263005473555,74.773362284397,4.103237715602987,10800.0,142
225,225,Scorpion,HKIII-4035-330² (330),330.0,2650.0,1.33,0.031,0.439,12x12E,12x12E,12.0,12.0,12.0,12.0,True,True,4.797607662004479,4.797607662004479,0.0,0.0,0.0,0.0,0.0,0.0,5.024631065180487,20.18571758883488,True,none,47.00548975433403,5.8402118687315,6.270964525887436,27.744484800657755,51.13211519934222,9300.0,21.297711907346272,True,none,46.90496595838051,10.731971162866397,5.109844440939803,53.84835878303149,25.02824121696849,9300.0,25.091695292815572,True,none,35.998817880603276,9.824367760167227,5.248235939431901,74.39503110830329,4.481568891696696,9300.0,143
43,43,Cobra,CM-4520/18 (310),310.0,1000.0,0.99,0.044,0.34,14x12E,14x12E,14.0,12.0,14.0,12.0,True,True,4.797594605033658,4.797594605033658,0.0,0.0,0.0,0.0,0.0,0.0,4.936404705180487,20.1896420804983,True,none,46.68780339644362,4.063796398969638,8.3417287204376,27.16317289531402,51.71342710468596,8700.0,21.300723299050944,True,none,46.63151035908774,7.582317812563951,6.6350192382136965,52.95979046881378,25.916809531186203,8700.0,24.590255471861155,True,none,36.92989787568554,6.927626788151795,6.810038473055267,76.36219583296759,2.5144041670323958,8700.0,144
591,591,Turnigy,NTM PropDrive v2 4248-650 (650),650.0,1295.0,2.1,0.033,0.231,7x7E,7x7E,7.0,7.0,7.0,7.0,True,True,4.797542401661301,4.797542401661301,0.0,0.0,0.0,0.0,0.0,0.0,4.803909327680487,20.145144353334988,True,none,46.38922609471677,9.398407417062064,3.490268115091346,27.634507796765416,51.24209220323456,18400.0,21.308024438416012,True,none,46.21269824010273,18.47819956101375,2.6307045146496666,53.487518760170175,25.389081239829807,18400.0,24.43657855714544,True,none,37.020696424393996,16.761020861905294,2.7269130459718256,78.25572259338064,0.6208774066193428,18400.0,145
471,471,T-Motor,MN4010-11² (475),475.0,540.0,0.8,0.098,0.112,9x9E,9x9E,9.0,9.0,9.0,9.0,True,True,4.797516314672018,4.797516314672018,0.0,0.0,0.0,0.0,0.0,0.0,4.688105322680487,20.552868465271644,True,none,44.61680228938908,9.013112428630063,3.2257113831476447,24.69095106201787,54.18564893798211,12900.0,21.312200165150628,True,none,45.856013853339064,18.589580331668856,2.347850164818568,50.5640262715343,28.31257372846568,12900.0,23.771213418661997,True,none,38.33633209223002,16.71026338827432,2.443162174084467,77.42038225459767,1.4562177454023129,12900.0,146
632,632,Turnigy,SK3-5065-275 (275),275.0,2050.0,2.2,0.017,0.531,14x14E,14x14E,14.0,14.0,14.0,14.0,True,True,4.797477202543701,4.797477202543701,0.0,0.0,0.0,0.0,0.0,0.0,5.127404705180487,20.22384429867046,True,none,47.21984547096046,5.044130266677513,7.508518266700457,29.012055649229435,49.864544350770544,7800.0,21.317514285404677,True,none,47.13950963303425,9.10053307907063,6.207334488417032,55.85271916675605,23.02388083324393,7800.0,25.089791955608174,True,none,36.18652495139654,8.360122361185859,6.36316373093374,78.30988494182192,0.5667150581780618,7800.0,147
665,665,Turnigy,SK5065-07² (320),320.0,1885.0,1.6,0.03,0.43,14x12E,14x12E,14.0,12.0,14.0,12.0,True,True,4.797464170059669,4.797464170059669,0.0,0.0,0.0,0.0,0.0,0.0,5.026404705180487,20.216971602384973,True,none,46.89855974989315,3.790613076910282,9.625732524668175,28.314335955751616,50.562264044248366,8900.0,21.320276867441326,True,none,46.8289385821122,6.857268493619678,8.112667885919144,54.895624114423185,23.980975885576797,8900.0,25.12270317417618,True,none,35.93617821164571,6.2920936986523,8.310828306258113,77.10225551368548,1.7743444863145044,8900.0,148
387,387,T-Motor,MN3520-400 (400),400.0,1140.0,1.2,0.082,0.192,12x10E,12x10E,12.0,10.0,12.0,10.0,True,True,4.797438112425586,4.797438112425586,0.0,0.0,0.0,0.0,0.0,0.0,4.777631065180487,20.181297777272114,True,none,46.17163863498073,4.101660395350136,7.952687011199123,26.512590231195034,52.36400976880495,10700.0,21.324606372104576,True,none,46.07712453057517,7.78927101946819,6.45560805421846,51.765650321701166,27.110949678298816,10700.0,25.195192818399107,True,none,35.34380115898208,7.1030630328766815,6.632889155242509,72.29830848971062,6.578291510289361,10700.0,149
389,389,T-Motor,MN4010-475 (475),475.0,540.0,0.8,0.098,0.137,9x9E,9x9E,9.0,9.0,9.0,9.0,True,True,4.7973599981456845,4.7973599981456845,0.0,0.0,0.0,0.0,0.0,0.0,4.713105322680486,20.578969736597156,True,none,44.612673882306176,9.160341224163695,3.205687649595758,24.8566958724955,54.01990412750448,12900.0,21.33537036243668,True,none,45.8497403832783,18.828171371160416,2.2665825316021024,50.8070907179402,28.069509282059784,12900.0,23.793566423195326,True,none,38.33488613210457,16.953904038745122,2.429033818514401,77.90449701210852,0.9721029878914607,12900.0,150
562,562,T-Motor,HT4025-7² (650),650.0,2850.0,1.8,0.026,0.361,7x7E,7x7E,7.0,7.0,7.0,7.0,True,True,4.797281971683973,4.797281971683973,0.0,0.0,0.0,0.0,0.0,0.0,4.933909327680487,20.203136173946625,True,none,46.63104196462363,10.041203069792855,3.439202806790641,28.40751692335438,50.4690830766456,18500.0,21.34726389591672,True,none,46.458719292429635,19.382904933329655,2.6499863297170783,54.670326321311265,24.206273678688717,18500.0,25.16591617432004,True,none,35.680988504257435,17.62280692304759,2.744518443957668,75.36385164349616,3.5127483565038204,18500.0,151
362,362,T-Motor,MN505-S KV380 (380),380.0,1200.0,2.0,0.028,0.225,12x10E,12x10E,12.0,10.0,12.0,10.0,True,True,4.797255982352965,4.797255982352965,0.0,0.0,0.0,0.0,0.0,0.0,4.810631065180487,20.215079716813317,True,none,46.166639051959706,3.989303666245649,8.491685751656629,26.546762115203876,52.329837884796106,10700.0,21.35104825470176,True,none,46.08222919103654,7.470799355870685,6.761459471566833,51.92210398822836,26.954496011771624,10700.0,24.500052192498362,True,none,36.89144212248209,6.826213870529163,6.94272231262416,77.63574581958461,1.2408541804153685,10700.0,152
255,255,Scorpion,S-4035-380² (380),380.0,3100.0,1.52,0.025,0.435,12x10E,12x10E,12.0,10.0,12.0,10.0,True,True,4.797242991338673,4.797242991338673,0.0,0.0,0.0,0.0,0.0,0.0,5.020631065180487,20.244721245247696,True,none,46.778947068202676,4.481071402277365,8.175940254802072,28.179280149950845,50.69731985004914,10700.0,21.353206220888474,True,none,46.69371263050506,8.16580422573061,6.717258227196509,54.54208604262904,24.334513957370945,10700.0,25.161720886523625,True,none,35.84347836424556,7.4879744038411715,6.891399234661326,75.20572950745688,3.670870492543102,10700.0,153
229,229,Scorpion,HK-4530-540 Ltd Ed² (540),540.0,11000.0,2.11,0.01,0.565,8x8E,8x8E,8.0,8.0,8.0,8.0,True,True,4.797113214910698,4.797113214910698,0.0,0.0,0.0,0.0,0.0,0.0,5.139264369180487,20.264020604715096,True,none,47.11377150432818,9.190261712889349,4.103546460660986,29.719446309342846,49.15715369065714,15500.0,21.373701442265443,True,none,46.970632734453275,17.011389121317883,3.2490342650963644,56.8517796996719,22.02482030032808,15500.0,25.145771736989403,True,none,36.087724945331516,15.556164585145204,3.3521115456883477,78.77523690272554,0.1013630972744437,15500.0,154
687,687,Turnigy,TR5065-07² (380),380.0,1605.0,2.0,0.027,0.31,12x10E,12x10E,12.0,10.0,12.0,10.0,True,True,4.797074329328242,4.797074329328242,0.0,0.0,0.0,0.0,0.0,0.0,4.895631065180487,20.254157014359983,True,none,46.31949399017518,4.191780402748029,8.360827483920355,27.396716452935976,51.479883547064006,10700.0,21.379279488290443,True,none,46.23325991512007,7.758296043413127,6.842892405808323,53.16186853794962,25.71473146205036,10700.0,24.51320740459272,True,none,37.024966141828344,7.099454942169117,7.022737132059574,78.70797699095367,0.1686230090463141,10700.0,155
664,664,Turnigy,SK5065-06² (380),380.0,1820.0,1.6,0.024,0.43,12x10E,12x10E,12.0,10.0,12.0,10.0,True,True,4.797048417729558,4.797048417729558,0.0,0.0,0.0,0.0,0.0,0.0,5.015631065180487,20.274690590645985,True,none,46.65462964247379,4.456621197132339,8.183170844495415,27.842366379151283,51.034233620848696,10700.0,21.383259766427166,True,none,46.57176018078583,8.13301833036294,6.722200578278563,53.94500092007206,24.93159907992792,10700.0,25.199593407525832,True,none,35.75501581567816,7.453278743425754,6.896585189654164,75.36216286649798,3.5144371335019997,10700.0,156
594,594,Turnigy,NTM PropDrive v2 5060-380 (380),380.0,2665.0,2.0,0.022,0.438,12x10E,12x10E,12.0,10.0,12.0,10.0,True,True,4.797009568502358,4.797009568502358,0.0,0.0,0.0,0.0,0.0,0.0,5.023631065180487,20.28242296697233,True,none,46.65417912998047,4.445940481888608,8.171608313964187,28.109309726428187,50.767290273571795,10800.0,21.390008107179575,True,none,46.571274069443604,8.118069648323747,6.714296067876548,54.38919464690908,24.4874053530909,10800.0,25.205453921473207,True,none,35.75683529199924,7.438596507749545,6.888291203742422,76.37475955419634,2.501840445803637,10800.0,157
311,311,T-Motor,AM600 3D-525 (525),525.0,1700.0,3.4,0.012,0.36,9x7.5E,9x7.5E,9.0,7.5,9.0,7.5,True,True,4.7969319353956905,4.7969319353956905,0.0,0.0,0.0,0.0,0.0,0.0,4.936105322680487,20.275369473858145,True,none,46.382251059376564,5.6439570805790815,6.195730538079362,28.59240149305162,50.28419850694836,15000.0,21.40216821616987,True,none,46.271557362374665,10.53364959851535,4.987843205144383,55.146095155367064,23.730504844632918,15000.0,25.240607119600057,True,none,35.52953532103958,9.624303212733953,5.131425797833796,78.4352943411002,0.441305658899779,15000.0,158
13,13,Cobra,C-3525/12 (650),650.0,1150.0,1.48,0.045,0.253,7x7E,7x7E,7.0,7.0,7.0,7.0,True,True,4.796802740164028,4.796802740164028,0.0,0.0,0.0,0.0,0.0,0.0,4.8259093276804865,20.2602846046023,True,none,46.06102297129145,9.699455732396729,3.3681739917833386,27.14408077078487,51.732519229215114,18300.0,21.421918422634846,True,none,45.88112717903068,19.111423573428304,2.573623615207676,52.51424070674993,26.36235929325005,18200.0,24.56427738562543,True,none,36.77770793790684,17.334969287773745,2.668498491164695,76.29658827747143,2.5800117225285533,18200.0,159
484,484,T-Motor,U7-V2.0-280² (280),280.0,900.0,0.4,0.066,0.255,14x14E,14x14E,14.0,14.0,14.0,14.0,True,True,4.796738232970391,4.796738232970391,0.0,0.0,0.0,0.0,0.0,0.0,4.851404705180487,20.31072758654036,True,none,45.97208879744584,4.6436702218515755,7.404059689527226,25.651792949791222,53.22480705020876,7700.0,21.432822593293466,True,none,45.9176127231934,8.682859705527243,6.047863478870676,50.17433040715354,28.70226959284644,7700.0,24.062247519628468,True,none,37.97805592511031,7.936942749838734,6.208654680811319,76.92609921385645,1.950500786143536,7700.0,160
86,86,Planet-Hobby,Joker 5060-10 V2 (305),305.0,1650.0,0.99,0.041,0.377,16x12E,16x12E,16.0,12.0,16.0,12.0,True,True,4.79666090375371,4.79666090375371,0.0,0.0,0.0,0.0,0.0,0.0,4.988731777180487,20.338680735612428,True,none,46.336794414692555,2.719426300880421,9.577894323217087,28.894829092742878,49.9817709072571,8400.0,21.44471054143991,True,none,46.27577841476374,4.918928414299193,10.79489684378797,54.3035707257673,24.57302927423268,8400.0,25.284224441759765,True,none,35.53141080195252,4.515535765534971,10.83765799414059,78.04868620721955,0.8279137927804356,8400.0,161
161,161,Scorpion,HK5-4035-395 (395),395.0,7280.0,2.21,0.0222,0.475,11x10E,11x10E,11.0,10.0,11.0,10.0,True,True,4.796557932658842,4.796557932658842,0.0,0.0,0.0,0.0,0.0,0.0,5.056679929680487,20.352809130516285,True,none,46.515168820078124,5.538305871756425,6.72773703385347,28.33068899406559,50.54591100593439,11200.0,21.46030514136683,True,none,46.418648421040544,10.116362565589423,5.3718847890769705,54.63609796970589,24.240502030294095,11200.0,25.278734813207105,True,none,35.66156519982849,9.273737438436363,5.516549769556275,76.1783703141144,2.698229685885579,11200.0,162
579,579,Turnigy,AX-4008Q-620 (620),620.0,800.0,0.8,0.129,0.088,9x9E,9x9E,9.0,9.0,9.0,9.0,True,True,4.7965104182236065,4.7965104182236065,0.0,0.0,0.0,0.0,0.0,0.0,4.664105322680487,22.567727025000508,True,none,38.82357276505723,7.279204093729708,4.022333194596563,23.664964352155494,55.21163564784449,12600.0,20.19316427084995,True,none,49.98646950041819,14.71178541039637,3.0221303726213153,62.75030039793675,16.126299602063234,14100.0,25.464709096002487,True,none,37.45489380371959,13.299835313943206,3.130037650522862,77.26803165067736,1.6085683493226242,12600.0,163
254,254,Scorpion,S-4035-460² (460),460.0,3360.0,1.7,0.02,0.435,9x9E,9x9E,9.0,9.0,9.0,9.0,True,True,4.796480805045262,4.796480805045262,0.0,0.0,0.0,0.0,0.0,0.0,5.0111053226804865,20.348194371649292,True,none,46.37844275685137,7.54613995448935,4.7932854061105035,27.7064955203291,51.17010447967088,13100.0,21.471134609967102,True,none,46.248054885096245,14.072154768870307,3.7443438793931376,53.51436607230294,25.36223392769704,13100.0,24.58810942545484,True,none,37.076501216092495,12.858638315054762,3.859083417280024,77.80880433758182,1.0677956624181633,13100.0,164
84,84,Planet-Hobby,Joker 5060-8 V2 (377),377.0,1650.0,1.35,0.026,0.377,12x10E,12x10E,12.0,10.0,12.0,10.0,True,True,4.796416597856787,4.796416597856787,0.0,0.0,0.0,0.0,0.0,0.0,4.962631065180487,20.364651007150243,True,none,46.15809901692612,4.396030684037188,8.06859190718908,26.99723288933341,51.87936711066657,10700.0,21.481034522479852,True,none,46.07295846776976,8.103693290300406,6.6082052413766705,52.401007743374684,26.475592256625298,10700.0,25.33170833899831,True,none,35.38798512681343,7.417382315193316,6.782239782448743,72.78904785172786,6.087552148272124,10700.0,165
619,619,Turnigy,SK3-4240-530 (530),530.0,795.0,1.54,0.023,0.194,8x8E,8x8E,8.0,8.0,8.0,8.0,True,True,4.796390931716026,4.796390931716026,0.0,0.0,0.0,0.0,0.0,0.0,4.7682643691804865,20.324715041499115,True,none,45.64398793358103,7.878149827136159,4.1355007429125505,25.843808573234426,53.032791426765556,15100.0,21.486738395399428,True,none,45.492323331496465,15.372802598319268,3.2192309471773473,50.2447613148832,28.631838685116783,15100.0,23.989783988820914,True,none,37.98036787628616,13.962430267328406,3.328295732205057,77.29438366603179,1.5822163339681907,15100.0,166
572,572,Turnigy,ACK-4010CP-580 (580),580.0,550.0,0.6,0.044,0.119,8x8E,8x8E,8.0,8.0,8.0,8.0,True,True,4.796378102228968,4.796378102228968,0.0,0.0,0.0,0.0,0.0,0.0,4.693264369180487,20.25795250067586,True,none,45.61861680282284,9.704851960485723,2.9795058898639155,26.096698313746653,52.779901686253325,15100.0,21.487177410969906,True,none,45.27510952684395,20.07469842367297,2.1559450632227,50.88859392042691,27.98800607957307,15000.0,23.970777705482064,True,none,37.871739717657164,18.07498023977931,2.246189760877156,77.79525914794228,1.081340852057707,15000.0,167
62,62,Planet-Hobby,Joker 6350-10 V3 (300),300.0,2560.0,1.1,0.0218,0.51,16x12E,16x12E,16.0,12.0,16.0,12.0,True,True,4.79635245041816,4.79635245041816,0.0,0.0,0.0,0.0,0.0,0.0,5.121731777180487,20.404584851086454,True,none,46.54896478556869,2.8027304581901076,9.745732872484199,30.00612451991272,48.870475480087265,8400.0,21.492484442449246,True,none,46.493757028493974,4.999990963407474,11.175649653185024,56.45306364638432,22.42353635361566,8400.0,25.304909773581763,True,none,35.72038028471574,4.595741962821652,10.986267808180559,78.43107602146459,0.44552397853539105,8400.0,168
596,596,Turnigy,RotoMax 1.20 (280),280.0,1920.0,1.55,0.027,0.622,14x14E,14x14E,14.0,14.0,14.0,14.0,True,True,4.796301175431125,4.796301175431125,0.0,0.0,0.0,0.0,0.0,0.0,5.218404705180487,20.416661257344437,True,none,46.82812369437594,5.253115527886962,7.620617966611703,28.746749289590984,50.129850710409,7900.0,21.49950526375646,True,none,46.74942713455579,9.321530924854551,6.326898308959119,55.43377614264241,23.442823857357574,7900.0,25.283559696978127,True,none,35.93393188355098,8.576217107317039,6.482335208105416,78.18853684224693,0.6880631577530494,7900.0,169
272,272,Scorpion,HK5035-410² (410),410.0,7000.0,2.12,0.014,0.67,10x10E,10x10E,10.0,10.0,10.0,10.0,True,True,4.79628836264602,4.79628836264602,0.0,0.0,0.0,0.0,0.0,0.0,5.2485409291804865,20.412912338989866,True,none,46.94216916287968,7.804280761319265,5.09491598804983,29.602430206048716,49.274169793951266,11700.0,21.50231485509275,True,none,46.82693300099635,14.052793185690007,4.127964420637722,56.56365989063576,22.31294010936422,11700.0,25.274174280128705,True,none,36.00649700336881,12.900475419205888,4.244501628142236,78.16726337384004,0.7093366261599385,11700.0,170
618,618,Turnigy,SK3-4240-620 (620),620.0,830.0,1.8,0.017,0.194,8x8E,8x8E,8.0,8.0,8.0,8.0,True,True,4.796237135332255,4.796237135332255,0.0,0.0,0.0,0.0,0.0,0.0,4.7682643691804865,20.34514316040997,True,none,45.5742792614613,6.717781697028975,4.658324193597661,27.595651399406854,51.28094860059313,16500.0,21.510619833409567,True,none,45.411391672235766,13.161776627613856,3.606132824643486,53.344112300589636,25.532487699410346,16500.0,24.68355656879084,True,none,36.40670147474902,11.93726680350201,3.7221576185668193,78.83135543093803,0.045244569061949846,16500.0,171
163,163,Scorpion,HK5-4035-535 (535),535.0,8200.0,3.18,0.0128,0.475,8x8E,8x8E,8.0,8.0,8.0,8.0,True,True,4.796237135332255,4.796237135332255,0.0,0.0,0.0,0.0,0.0,0.0,5.049264369180487,20.385978922688782,True,none,46.372959691021165,9.018929658885277,4.036052934188014,29.24549182209485,49.63110817790513,15300.0,21.50927844323646,True,none,46.224769780489126,16.918553756429056,3.1770384440367225,55.868889281229315,23.007710718770667,15300.0,25.33223300092999,True,none,35.53742478939465,15.444009343448062,3.2803580517634274,78.4659243621282,0.4106756378717762,15300.0,172
11,11,Cobra,C-3520/18 (550),550.0,800.0,0.93,0.075,0.21,8x8E,8x8E,8.0,8.0,8.0,8.0,True,True,4.7962115359620645,4.7962115359620645,0.0,0.0,0.0,0.0,0.0,0.0,4.7842643691804865,20.351153952313265,True,none,45.60740230485876,8.03920519250061,4.05157879663656,25.92473027743288,52.9518697225671,15100.0,21.514045256736203,True,none,45.445688376560405,15.693027284224117,3.149452188787222,50.38858451037878,28.488015489621205,15100.0,24.016419602388158,True,none,37.95003596798558,14.254424261187026,3.256926619803895,77.4291373038851,1.4474626961148829,15100.0,173
188,188,Scorpion,HKIII-5035-410² (410),410.0,7000.0,1.53,0.012,0.742,10x10E,10x10E,10.0,10.0,10.0,10.0,True,True,4.796160365768514,4.796160365768514,0.0,0.0,0.0,0.0,0.0,0.0,5.320540929180487,20.44079457743787,True,none,47.08103169140164,8.11020269547202,5.02776282379341,29.71014080684698,49.166459193153,11700.0,21.522367556555967,True,none,46.96381261722721,14.48705648648905,4.080701456045526,56.746096444171016,22.130503555828966,11700.0,25.27871088419398,True,none,36.1226223017289,13.312902097685942,4.195124401953263,78.63142127715687,0.24517872284310727,11700.0,174
61,61,Planet-Hobby,Joker 6350-8 V3 (380),380.0,2160.0,1.6,0.015,0.51,12x10E,12x10E,12.0,10.0,12.0,10.0,True,True,4.796160365768514,4.796160365768514,0.0,0.0,0.0,0.0,0.0,0.0,5.095631065180487,20.423556283678007,True,none,46.39485329963195,4.538856648779268,8.257785616072319,28.285880737877257,50.590719262122725,10800.0,21.521894356802804,True,none,46.31433990925822,8.202529391619898,6.808539997074771,54.56948839690724,24.307111603092743,10800.0,25.344031132349432,True,none,35.59341984798985,7.531770256247134,6.981950957981811,76.41164001125455,2.4649599887454343,10800.0,175
388,388,T-Motor,MN4010-580 (580),580.0,575.0,1.3,0.042,0.137,8x8E,8x8E,8.0,8.0,8.0,8.0,True,True,4.796109233602046,4.796109233602046,0.0,0.0,0.0,0.0,0.0,0.0,4.711264369180487,20.307183427743546,True,none,45.51183542198266,9.695073538516311,3.0310248751598636,26.65515373941801,52.22144626058197,15100.0,21.53085710518491,True,none,45.18011594441847,19.954507461821088,2.202723402190996,51.43229781231086,27.444302187689125,15000.0,24.69081664529341,True,none,36.28395497789415,17.977395642493228,2.2936299086044953,75.44492089049056,3.4316791095094175,15100.0,176
124,124,Scorpion,SII-4035-380 (380),380.0,3380.0,1.5,0.0289,0.435,12x10E,12x10E,12.0,10.0,12.0,10.0,True,True,4.796109233602046,4.796109233602046,0.0,0.0,0.0,0.0,0.0,0.0,5.020631065180487,20.420960756393495,True,none,46.15474511921504,4.499692863831993,8.175940254802072,27.430796208284498,51.445803791715484,10700.0,21.530142057383692,True,none,46.0693437099023,8.198453617072337,6.551419637996608,53.102698851972065,25.773901148027917,10700.0,25.37423249677483,True,none,35.401129445398226,7.5124746178044255,6.7226428168308585,73.8867030527906,4.989896947209388,10700.0,177
222,222,Scorpion,HKIII-4035-530² (530),530.0,3400.0,2.15,0.015,0.439,8x8E,8x8E,8.0,8.0,8.0,8.0,True,True,4.796096456497193,4.796096456497193,0.0,0.0,0.0,0.0,0.0,0.0,5.013264369180487,20.401987158933853,True,none,46.1966021449457,8.98066601427897,3.9943057109460396,28.057809694733326,50.81879030526666,15200.0,21.531518601598627,True,none,46.043363053807155,16.944462238402107,3.0724917141170023,53.955952459769655,24.920647540230327,15200.0,25.36805963884275,True,none,35.401079469751046,15.455787771203832,3.174574995173513,75.22558780827319,3.6510121917267924,15200.0,178
564,564,T-Motor,HT4035-5.5² (530),530.0,3440.0,2.5,0.016,0.45,8x8E,8x8E,8.0,8.0,8.0,8.0,True,True,4.796045371804998,4.796045371804998,0.0,0.0,0.0,0.0,0.0,0.0,5.024264369180487,20.4127740982975,True,none,46.1954566441417,9.100111131553108,3.9129185872403403,28.36157417322258,50.5150258267774,15200.0,21.54096754328353,True,none,46.042121379034015,17.213442679873356,3.066121734611878,54.41689783129841,24.459702168701575,15200.0,25.376347571794113,True,none,35.403061373884555,15.700863170020549,3.1679111476907194,76.19308430640922,2.6835156935907634,15200.0,179
470,470,T-Motor,MN4010-9² (580),580.0,580.0,1.3,0.042,0.112,8x8E,8x8E,8.0,8.0,8.0,8.0,True,True,4.796019843685977,4.796019843685977,0.0,0.0,0.0,0.0,0.0,0.0,4.686264369180487,20.31727210800405,True,none,45.393450003196016,9.40609194475553,3.115744743432079,26.430405487579925,52.44619451242006,15100.0,21.544017240005967,True,none,45.06483561367642,19.45011713392121,2.215666051980631,51.066276523099404,27.810323476900578,15100.0,24.03882335371017,True,none,37.69809370816565,17.516014762522964,2.307195637288389,78.60847029935105,0.2681297006489274,15100.0,180
647,647,Turnigy,NTM4258-500² (500),500.0,1300.0,1.6,0.144,0.319,9x9E,9x9E,9.0,9.0,9.0,9.0,True,True,4.795968815875686,4.795968815875686,0.0,0.0,0.0,0.0,0.0,0.0,4.895105322680487,20.40609204662243,True,none,45.78911125741927,7.6709863578233435,4.44661654927029,27.65959345632576,51.21700654367422,13000.0,21.551738883680507,True,none,45.634848846776876,14.650237154356972,3.422886982251017,52.964288654070835,25.912311345929147,13000.0,24.704453941876636,True,none,36.59885121402544,13.340974868369845,3.6151754528274833,78.10124419488315,0.7753558051168312,13000.0,181
560,560,T-Motor,AT4130-275² (275),275.0,2800.0,0.5,0.045,0.387,14x14E,14x14E,14.0,14.0,14.0,14.0,True,True,4.79586687381848,4.79586687381848,0.0,0.0,0.0,0.0,0.0,0.0,4.983404705180487,20.45212482023085,True,none,45.92303738474375,4.8975809950802365,7.229708506745965,26.24466073065735,52.63193926934263,7700.0,21.567384003960672,True,none,45.83359029508052,9.03814639168418,5.929729823585849,51.05758782503152,27.819012174968464,7700.0,24.0531868926547,True,none,38.26715874725942,8.267921457734932,6.084635204789244,78.24774733895487,0.6288526610451157,7700.0,182
97,97,Scorpion,A-5025-310 (310),310.0,3850.0,1.92,0.0173,0.523,14x12E,14x12E,14.0,12.0,14.0,12.0,True,True,4.79586687381848,4.79586687381848,0.0,0.0,0.0,0.0,0.0,0.0,5.119404705180487,20.47480146091958,True,none,46.29303496672101,4.081798318902512,9.369413612687536,28.12923424376505,50.74736575623493,8800.0,21.568074820951416,True,none,46.220572389904035,7.311763911425835,7.783791457728497,54.31145081993293,24.565149180067053,8800.0,25.39389859153666,True,none,35.53107324225429,6.720938400475208,7.972978740420664,76.02160364124417,2.8549963587558125,8800.0,183
191,191,Scorpion,HKIV-4025-520² (520),520.0,3995.0,1.81,0.022,0.347,9x7.5E,9x7.5E,9.0,7.5,9.0,7.5,True,True,4.795841411932506,4.795841411932506,0.0,0.0,0.0,0.0,0.0,0.0,4.923105322680486,20.439819299474074,True,none,45.7660483900557,5.8112648825730195,6.002760878733303,26.994066832929303,51.882533167070676,14800.0,21.571173416531785,True,none,45.64840009161603,10.87175116656014,4.8180363721844985,52.255937916872746,26.620662083127236,14800.0,24.726432451954423,True,none,36.602901024733704,9.932190765849889,4.958902024923536,76.85140880758912,2.0251911924108583,14800.0,184
118,118,Scorpion,SII-4020-630 (630),630.0,1950.0,2.28,0.0152,0.288,7x7E,7x7E,7.0,7.0,7.0,7.0,True,True,4.795841411932506,4.795841411932506,0.0,0.0,0.0,0.0,0.0,0.0,4.860909327680487,20.414183170223204,True,none,45.64774885846288,10.163865191511896,3.2888781397237943,27.201866442792298,51.67473355720769,18000.0,21.572651858900315,True,none,45.46609089315078,19.918089960758557,2.5097933069135685,52.413954364977435,26.462645635022547,18000.0,24.732174222131654,True,none,36.47423072327068,18.072065194521915,2.6031496788178226,76.9413372813438,1.9352627186561762,18000.0,185
240,240,Scorpion,SII-3026-890² (890),890.0,1025.0,1.9,0.014,0.205,8x8E,8x8E,8.0,8.0,8.0,8.0,True,True,4.795816516928393,4.795816516928393,0.0,0.0,0.0,0.0,0.0,0.0,4.779264369180487,21.777015068292535,True,none,41.1974766919782,7.98501690078462,3.847753866649145,29.84664609600121,49.02995390399877,15500.0,20.290199784421027,True,none,49.99097054886512,15.849518618647132,2.9127193010647154,71.4274980216319,7.449101978368077,16500.0,27.133357398669986,True,none,31.775692221243823,14.36958917581511,3.015755290630811,77.71250106986804,1.1640989301319422,15500.0,186
111,111,Scorpion,SII-3020-780 (V2) (780),780.0,1040.0,1.66,0.0303,0.166,7x11E,7x11E,7.0,11.0,7.0,11.0,True,True,4.795802130467846,4.795802130467846,0.0,0.0,0.0,0.0,0.0,0.0,4.738909327680487,23.134633517269243,True,none,37.64264233441828,8.731434436343546,3.6292119451833877,27.015844425806325,51.86075557419366,18800.0,20.291602202493465,True,none,49.845225445206204,17.30043073338208,2.8035827018805173,70.26236701610449,8.61423298389549,18800.0,26.42640158390554,True,none,32.929262748931734,15.675016025715548,2.901534364173842,78.00466038991577,0.8719396100842118,18800.0,187
246,246,Scorpion,S-4020-10² (630),630.0,1500.0,1.6,0.016,0.305,7x7E,7x7E,7.0,7.0,7.0,7.0,True,True,4.795739658744312,4.795739658744312,0.0,0.0,0.0,0.0,0.0,0.0,4.877909327680487,20.431273177944014,True,none,45.64570864950204,10.271429029924757,3.2758419561866696,26.82913818977415,52.04746181022583,18100.0,21.587574608042306,True,none,45.46386045325566,20.08452875492535,2.5007857608714192,51.77903331820685,27.097566681793133,18100.0,24.74578521811074,True,none,36.47622325152358,18.228103851394405,2.593765756939562,75.43223672587332,3.4443632741266583,18100.0,188
29,29,Cobra,CM-3515/20 (650),650.0,630.0,0.78,0.087,0.199,7x9E,7x9E,7.0,9.0,7.0,9.0,True,True,4.795726950199987,4.795726950199987,0.0,0.0,0.0,0.0,0.0,0.0,4.771909327680487,20.406601344909507,True,none,45.37794623720011,10.324445460067473,3.0867649976934057,27.199278365480687,51.677321634519295,17600.0,21.590864364759433,True,none,45.151880595387304,20.675844843323677,2.3359151714113184,52.23846823375222,26.63813176624776,17600.0,24.765793212394534,True,none,36.235547129123226,18.71511841966366,2.425490495169604,76.17229269726161,2.7043073027383713,17600.0,189
302,302,T-Motor,Antigravity 6007II-320 (320),320.0,1040.0,1.0,0.0475,0.161,12x12E,12x12E,12.0,12.0,12.0,12.0,True,True,4.795701540173603,4.795701540173603,0.0,0.0,0.0,0.0,0.0,0.0,4.746631065180487,20.440708625846117,True,none,45.179484931375455,5.395761708116469,6.10203655580688,24.47642734823653,54.400172651763455,9000.0,21.59395802076807,True,none,45.06992980677996,10.316284925728592,4.901441306332054,47.917980883647914,30.958619116352068,9000.0,24.122365983334518,True,none,37.62571337867751,9.399185479736754,5.042898986762384,73.96894880327946,4.907651196720522,9000.0,190
121,121,Scorpion,SII-4025-520 (520),520.0,2600.0,1.81,0.0171,0.353,9x7.5E,9x7.5E,9.0,7.5,9.0,7.5,True,True,4.795701540173603,4.795701540173603,0.0,0.0,0.0,0.0,0.0,0.0,4.929105322680487,20.464406400123217,True,none,45.701507354402985,5.73880449104143,6.099989240445121,26.99721238855012,51.87938761144986,14800.0,21.59441467040198,True,none,45.58615085838106,10.71717251972764,4.813245765145288,52.25518606922154,26.621413930778445,14800.0,24.752542843745395,True,none,36.55677280053436,9.793303599459112,4.953876122578351,76.87906287460075,1.9975371253992336,14800.0,191
183,183,Scorpion,HK-4526-520² (520),520.0,10200.0,2.1,0.011,0.485,9x7.5E,9x7.5E,9.0,7.5,9.0,7.5,True,True,4.795625366545493,4.795625366545493,0.0,0.0,0.0,0.0,0.0,0.0,5.061105322680487,20.49428892008325,True,none,46.03292213090657,6.114892034662946,5.9469643648384025,28.178891176060784,50.697708823939195,14900.0,21.606801460086437,True,none,45.9191534646546,11.265684115571798,4.798764875904298,54.13920884854603,24.73739115145395,14900.0,25.450765010861012,True,none,35.313833114999426,10.31001803939768,4.9359459210975345,75.4711747888539,3.405425211146081,14900.0,192
227,227,Scorpion,HK-4525-520-F3C² (520),520.0,10200.0,2.1,0.011,0.485,9x7.5E,9x7.5E,9.0,7.5,9.0,7.5,True,True,4.795625366545493,4.795625366545493,0.0,0.0,0.0,0.0,0.0,0.0,5.061105322680487,20.49428892008325,True,none,46.03292213090657,6.114892034662946,5.9469643648384025,28.178891176060784,50.697708823939195,14900.0,21.606801460086437,True,none,45.9191534646546,11.265684115571798,4.798764875904298,54.13920884854603,24.73739115145395,14900.0,25.450765010861012,True,none,35.313833114999426,10.31001803939768,4.9359459210975345,75.4711747888539,3.405425211146081,14900.0,193
410,410,T-Motor,MN6007II-320 (320),320.0,1040.0,1.0,0.0475,0.18,12x12E,12x12E,12.0,12.0,12.0,12.0,True,True,4.795599994135722,4.795599994135722,0.0,0.0,0.0,0.0,0.0,0.0,4.765631065180487,20.45983870240139,True,none,45.17813519383566,5.458286738222176,6.079277369450614,24.56443483201994,54.31216516798004,9000.0,21.61053202952167,True,none,45.0684568212108,10.407353968274714,4.886248769154571,48.0478136744168,30.82878632558318,9000.0,24.13777119625749,True,none,37.62809808551087,9.485414166116795,5.026933843366228,74.1501871600458,4.726412839954179,9000.0,194
553,553,T-Motor,AT2826-900² (870),870.0,1000.0,1.6,0.034,0.167,8x8E,8x8E,8.0,8.0,8.0,8.0,True,True,4.79557233217264,4.79557233217264,0.0,0.0,0.0,0.0,0.0,0.0,4.741264369180487,19.1435703650714,True,none,49.963076129948945,7.745257107252765,3.9507965472853055,35.905293648909336,42.97130635109065,16600.0,20.324525775498884,True,none,49.71952000224403,15.47186253204477,2.935052270415374,69.31314637545171,9.563453624548274,16500.0,26.456596199513093,True,none,32.87925885199565,13.987738676125229,3.100562827959798,77.764531765692,1.1120682343079835,16500.0,195
32,32,Cobra,CM-3520/28 (350),350.0,570.0,0.43,0.176,0.234,12x12E,12x12E,12.0,12.0,12.0,12.0,True,True,4.795549277484275,4.795549277484275,0.0,0.0,0.0,0.0,0.0,0.0,4.819631065180487,20.88724903215792,True,none,43.95822497091903,8.349039517296717,3.6053732993513674,24.698802654808784,54.177797345191195,9000.0,21.6180468986921,True,none,45.19596116365347,16.739878954594683,2.6356388301268865,50.32867284799581,28.54792715200417,9000.0,24.10309511302428,True,none,37.81762887575886,15.137374598792785,2.7348895634769144,77.10107534343702,1.7755246565629648,9000.0,196
396,396,T-Motor,MN4116-450 (450),450.0,1210.0,1.4,0.032,0.212,9x9E,9x9E,9.0,9.0,9.0,9.0,True,True,4.795523933232175,4.795523933232175,0.0,0.0,0.0,0.0,0.0,0.0,4.788105322680487,20.465523548262063,True,none,45.23311812351342,7.108078091079053,4.641627882199951,25.26997801230215,53.606621987697835,12800.0,21.62247290291548,True,none,45.09212429651419,13.724214017154331,3.6524616047832272,49.0898648761191,29.78673512388088,12800.0,24.14224750805253,True,none,37.66277564741347,12.48297474560802,3.7699709632528418,75.61028227312127,3.266317726878711,12800.0,197
439,439,T-Motor,V3115-640 (640),640.0,1925.0,1.1,0.0671,0.113,7x7E,7x7E,7.0,7.0,7.0,7.0,True,True,4.795511264622254,4.795511264622254,0.0,0.0,0.0,0.0,0.0,0.0,4.685909327680487,20.436106990782783,True,none,44.994114668026256,9.482029317079864,3.277380624052034,25.19640667602726,53.68019332397272,17800.0,21.624253273436388,True,none,44.79811125274392,19.127460102000903,2.4319717395214933,49.03854018427764,29.83805981572234,17800.0,23.528356150021665,True,none,38.92615618752867,17.280780153009374,2.526635084200873,78.87392481646818,0.002675183531806624,17800.0,198
384,384,T-Motor,MN3510-700 (700),700.0,555.0,0.5,0.05,0.097,7x7E,7x7E,7.0,7.0,7.0,7.0,True,True,4.7954732728491996,4.7954732728491996,0.0,0.0,0.0,0.0,0.0,0.0,4.669909327680487,20.40119717316102,True,none,45.057175468010804,10.009449138362264,2.890424534092748,25.8699742867802,53.00662571321978,18000.0,21.630366264079356,True,none,44.73298640683408,20.803070075753162,2.0995152888510047,50.25322469696483,28.623375303035154,18000.0,24.139956443382406,True,none,37.43097162524432,18.737974071906944,2.1881880670921077,76.73242229081485,2.1441777091851293,18000.0,199
543,543,T-Motor,MN3510-13² (700),700.0,555.0,0.5,0.05,0.097,7x7E,7x7E,7.0,7.0,7.0,7.0,True,True,4.7954732728491996,4.7954732728491996,0.0,0.0,0.0,0.0,0.0,0.0,4.669909327680487,20.40119717316102,True,none,45.057175468010804,10.009449138362264,2.890424534092748,25.8699742867802,53.00662571321978,18000.0,21.630366264079356,True,none,44.73298640683408,20.803070075753162,2.0995152888510047,50.25322469696483,28.623375303035154,18000.0,24.139956443382406,True,none,37.43097162524432,18.737974071906944,2.1881880670921077,76.73242229081485,2.1441777091851293,18000.0,200
607,607,Turnigy,RotorStar 4956-520 / RS600 (520),520.0,2900.0,1.6,0.0214,0.395,9x7.5E,9x7.5E,9.0,7.5,9.0,7.5,True,True,4.7954732728491996,4.7954732728491996,0.0,0.0,0.0,0.0,0.0,0.0,4.971105322680486,20.505664384524582,True,none,45.69823843936102,5.968334870345718,5.94676988157462,27.13519981204179,51.74140018795819,14800.0,21.630405288066633,True,none,45.58261900277884,11.099452831634917,4.779929791458095,52.34075817564489,26.53584182435509,14800.0,24.785012924595353,True,none,36.56358849360789,10.148288917594549,4.918932825398719,76.76245951419051,2.1141404858094717,14800.0,201
158,158,Scorpion,HK5-4030-475 (475),475.0,6900.0,2.45,0.0189,0.423,10x8E,10x8E,10.0,8.0,10.0,8.0,True,True,4.795384707292869,4.795384707292869,0.0,0.0,0.0,0.0,0.0,0.0,5.001540929180487,20.52765659054817,True,none,45.72248214642289,5.344399863737948,6.746719644122713,27.70627410046366,51.17032589953632,13500.0,21.644775368327288,True,none,45.61969104482287,9.843078694578054,5.472334463354513,53.31054159454371,25.566058405456275,13500.0,24.796794036154512,True,none,36.594106198226044,9.011949781430495,5.624222331440029,78.87329927714758,0.00330072285240135,13500.0,202
677,677,Turnigy,TR4250-06² (800),800.0,980.0,3.5,0.027,0.21,8x8E,8x8E,8.0,8.0,8.0,8.0,True,True,4.795300384816288,4.795300384816288,0.0,0.0,0.0,0.0,0.0,0.0,4.7842643691804865,19.18745668152541,True,none,49.9567548662914,7.933375709870744,3.9128039369361427,36.02170097992667,42.85489902007331,16600.0,20.36285055223798,True,none,49.71205558342877,15.735090945762737,2.9697512963008963,69.27425957883969,9.602340421160292,16500.0,27.493380013575063,True,none,31.19724606715819,14.280598530607705,3.073793503407229,75.4695229744673,3.4070770255326863,16500.0,203
595,595,Turnigy,NTM PropDrive v2 5060-270 (270),270.0,2400.0,1.3,0.036,0.438,14x14E,14x14E,14.0,14.0,14.0,14.0,True,True,4.795258383636543,4.795258383636543,0.0,0.0,0.0,0.0,0.0,0.0,5.034404705180487,20.554425101332313,True,none,45.737866208005656,5.195794757745608,7.164611688372468,26.75909840719443,52.11750159280555,7600.0,21.6630814961499,True,none,45.64995589612888,9.46322998099735,5.885222371907311,51.79738793962598,27.079212060374005,7600.0,24.812861719526033,True,none,36.61955279845278,8.676912182335247,6.037956330948984,76.21332087717195,2.6632791228280297,7600.0,204
475,475,T-Motor,MN4012-13² (340),340.0,660.0,0.9,0.133,0.132,12x12E,12x12E,12.0,12.0,12.0,12.0,True,True,4.795233146889105,4.795233146889105,0.0,0.0,0.0,0.0,0.0,0.0,4.717631065180487,22.757580623219376,True,none,38.48872970839205,6.356114396849062,4.6933631540072405,20.282135232399916,58.594464767600066,8600.0,21.66812272119123,True,none,44.74293492048939,12.634995448355316,3.557355365476165,48.34248306501481,30.53411693498517,9200.0,23.923014036149258,True,none,38.03467406045692,11.437657569790527,3.675024265267226,75.83844910091386,3.0381508990861192,9200.0,205
297,297,T-Motor,Antigravity 5008-400 (400),400.0,800.0,1.1,0.05,0.132,10x10E,10x10E,10.0,10.0,10.0,10.0,True,True,4.795207919457557,4.795207919457557,0.0,0.0,0.0,0.0,0.0,0.0,4.710540929180487,20.506466101735107,True,none,44.842262895117486,6.4191698070383545,4.9428628569324635,24.202491425270924,54.67410857472906,11200.0,21.672488034279503,True,none,44.70876803947632,12.52630756922445,3.8990216549283563,47.314027649242156,31.562572350757826,11200.0,23.589061975820776,True,none,38.82879540932845,11.376121993325498,4.022260883532339,77.13854394548088,1.738056054519106,11200.0,206
402,402,T-Motor,MN5008-400 (400),400.0,800.0,1.1,0.05,0.132,10x10E,10x10E,10.0,10.0,10.0,10.0,True,True,4.795207919457557,4.795207919457557,0.0,0.0,0.0,0.0,0.0,0.0,4.710540929180487,20.506466101735107,True,none,44.842262895117486,6.4191698070383545,4.9428628569324635,24.202491425270924,54.67410857472906,11200.0,21.672488034279503,True,none,44.70876803947632,12.52630756922445,3.8990216549283563,47.314027649242156,31.562572350757826,11200.0,23.589061975820776,True,none,38.82879540932845,11.376121993325498,4.022260883532339,77.13854394548088,1.738056054519106,11200.0,207
261,261,Scorpion,HK4025-630² (630),630.0,2520.0,1.1,0.024,0.326,7x7E,7x7E,7.0,7.0,7.0,7.0,True,True,4.795182701336742,4.795182701336742,0.0,0.0,0.0,0.0,0.0,0.0,4.898909327680487,20.52032781582193,True,none,45.41198893023109,10.540018560549846,3.2111468551693436,26.557611484876055,52.31898851512393,18000.0,21.67588754996271,True,none,45.22530975914715,20.58799055996962,2.4474907102191445,51.062399167821056,27.814200832178926,18000.0,24.17664352920857,True,none,37.80415966178181,18.687027352113063,2.5392365643803894,77.95293104281355,0.923668957186436,18000.0,208
26,26,Cobra,CM-2820/16 (740),740.0,600.0,0.92,0.111,0.146,7x7E,7x7E,7.0,7.0,7.0,7.0,True,True,4.795182701336742,4.795182701336742,0.0,0.0,0.0,0.0,0.0,0.0,4.718909327680487,20.452948452265517,True,none,45.047096128782776,10.25993822401345,2.9011850248588873,27.064047584874885,51.8125524151251,18100.0,21.67566883372807,True,none,44.72174191220754,21.19860883625999,2.0750156201140078,52.16523072527406,26.711369274725925,18000.0,24.85887613578528,True,none,35.938665303326914,19.08997962433621,2.162516090163723,76.69421609326957,2.182383906730408,18000.0,209
283,283,Scorpion,HK4035-630² (630),630.0,3600.0,1.6,0.014,0.435,7x7E,7x7E,7.0,7.0,7.0,7.0,True,True,4.795170095766249,4.795170095766249,0.0,0.0,0.0,0.0,0.0,0.0,5.007909327680487,20.537620278835213,True,none,45.709122340378144,11.109028375674981,3.178715606749249,27.723069542135526,51.153530457864456,18100.0,21.678074764709084,True,none,45.5242035109654,21.378531763482552,2.4331919650130778,52.94783595592738,25.9287640440726,18100.0,24.822277663746608,True,none,36.54996234104156,19.43958420523034,2.5231735433477818,77.0330197538618,1.8435802461381883,18100.0,210
174,174,Scorpion,MII-3011-875 (875),875.0,955.0,1.24,0.0463,0.09,8x8E,8x8E,8.0,8.0,8.0,8.0,True,True,4.7951576619268845,4.7951576619268845,0.0,0.0,0.0,0.0,0.0,0.0,4.664264369180486,19.183243573721306,True,none,49.4919349513973,7.800643636492791,3.738048192722233,35.01782147196546,43.85877852803452,16300.0,20.382942286755885,True,none,49.221062860520405,15.834243636276703,2.798744542795542,67.27592825000346,11.600671749996522,16300.0,26.566986318023126,True,none,32.56768898746235,14.312188205508994,2.9016768782190088,75.70455355880415,3.172046441195832,16300.0,211
608,608,Turnigy,RotorStar 4962-530 / RS700 (530),530.0,3900.0,1.8,0.019,0.452,8x8E,8x8E,8.0,8.0,8.0,8.0,True,True,4.795132293006701,4.795132293006701,0.0,0.0,0.0,0.0,0.0,0.0,5.0262643691804865,20.554103731122648,True,none,45.71246062313136,9.173912342670095,3.9112590375318717,27.591225031888207,51.285374968111775,15100.0,21.68366582731367,True,none,45.55680464436545,17.31764814005831,3.06496548858423,52.973487875926104,25.90311212407388,15100.0,24.82900044623784,True,none,36.569077311888506,15.795993280472448,3.16670164112955,77.39090677848478,1.4856932215152057,15100.0,212
0,0,Castle,Vertigo 600-3538² (530),530.0,2500.0,2.2,0.021,0.421,8x8E,8x8E,8.0,8.0,8.0,8.0,True,True,4.795132293006701,4.795132293006701,0.0,0.0,0.0,0.0,0.0,0.0,4.995264369180487,20.551327753926078,True,none,45.62100799065175,9.038440545282434,3.937113566992709,27.51723790108132,51.359362098918666,15100.0,21.68436802006897,True,none,45.46728673655729,17.11568427458915,3.082954300626278,52.85103007199434,26.025569928005645,15100.0,24.836923852137723,True,none,36.49460176565138,15.60422118097312,3.1855218945931516,77.82446399312694,1.0521360068730417,15100.0,213
81,81,Planet-Hobby,Joker 5050-10 V2 (450),450.0,1250.0,1.22,0.033,0.285,9x9E,9x9E,9.0,9.0,9.0,9.0,True,True,4.795119696735352,4.795119696735352,0.0,0.0,0.0,0.0,0.0,0.0,4.861105322680487,20.538808456809946,True,none,45.22633572347834,7.432598324889129,4.570852767521343,25.50739186543051,53.369208134569476,12800.0,21.686226941463868,True,none,45.08473944253255,14.206195639579231,3.6042850610806414,49.50992703170655,29.36667296829343,12800.0,24.201770786383882,True,none,37.67009369717919,12.939081347100892,3.7194383330140286,76.11728645657416,2.7593135434258187,12800.0,214
327,327,T-Motor,AT4130-450 (Long Shaft) (450),450.0,1800.0,2.5,0.0168,0.408,9x9E,9x9E,9.0,9.0,9.0,9.0,True,True,4.795119696735352,4.795119696735352,0.0,0.0,0.0,0.0,0.0,0.0,4.984105322680486,20.556116264174356,True,none,45.56835275086022,7.810711310164066,4.546666531616216,27.280635193172635,51.59596480682735,12900.0,21.68551358732504,True,none,45.43205999638011,14.689164129378657,3.6041441772754634,52.40194319809376,26.47465680190622,12900.0,24.843292119758544,True,none,36.46015322467004,13.408907956528163,3.716918677772528,77.31584774040385,1.5607522595961285,12900.0,215
250,250,Scorpion,S-4025-10² (515),515.0,2000.0,1.48,0.016,0.35,9x7.5E,9x7.5E,9.0,7.5,9.0,7.5,True,True,4.795069334875308,4.795069334875308,0.0,0.0,0.0,0.0,0.0,0.0,4.9261053226804865,20.562721644314884,True,none,45.35737455239921,5.8224198493304815,5.999232135696037,26.432058550802545,52.44454144919744,14700.0,21.694363547794907,True,none,45.23955463960313,10.887546724378524,4.725460407680059,50.863346263686715,28.013253736313267,14700.0,24.203287596183397,True,none,37.7959208392158,9.947124079542064,4.864590397193363,78.73192005939308,0.14467994060690614,14700.0,216
624,624,Turnigy,SK3-5035-450 (450),450.0,1260.0,2.0,0.025,0.275,9x9E,9x9E,9.0,9.0,9.0,9.0,True,True,4.795069334875308,4.795069334875308,0.0,0.0,0.0,0.0,0.0,0.0,4.851105322680487,20.545393080983942,True,none,45.171695467774484,7.2513518147224945,4.580433989759447,25.935080153053097,52.94151984694689,12800.0,21.69329707669137,True,none,45.03320640429767,13.904514785128091,3.610828321663984,50.21973468350531,28.656865316494674,12800.0,24.21201988356086,True,none,37.62637058594374,12.663836746996635,3.7262991675474724,77.81013088136258,1.0664691186374,12800.0,217
627,627,Turnigy,SK3-5045-450 (450),450.0,1250.0,1.8,0.025,0.275,9x9E,9x9E,9.0,9.0,9.0,9.0,True,True,4.795069334875308,4.795069334875308,0.0,0.0,0.0,0.0,0.0,0.0,4.851105322680487,20.545393080983942,True,none,45.171695467774484,7.2513518147224945,4.672914617334878,25.792089988179765,53.084510011820214,12800.0,21.69329707669137,True,none,45.03320640429767,13.869541579577817,3.610828321663984,50.00855970673667,28.868040293263313,12800.0,24.21201988356086,True,none,37.62637058594374,12.624028435147732,3.7262991675474724,77.34044468779712,1.5361553122028653,12800.0,218
224,224,Scorpion,HKIII-4035-450² (450),450.0,3300.0,1.85,0.02,0.439,9x9E,9x9E,9.0,9.0,9.0,9.0,True,True,4.795069334875308,4.795069334875308,0.0,0.0,0.0,0.0,0.0,0.0,5.015105322680487,20.56729907456621,True,none,45.631010320295154,7.985916254018257,4.518104223717483,27.04108141539781,51.83551858460217,12800.0,21.6936464763728,True,none,45.49152308654579,14.94328556151205,3.5843740270180637,52.08940691529562,26.787193084704363,12800.0,24.8454142607415,True,none,36.51257170708453,13.647652662211351,3.6962191964407354,76.29777306424404,2.5788269357559415,12800.0,219
5,5,Cobra,C-2826/12 (760),760.0,620.0,1.1,0.068,0.171,7x7E,7x7E,7.0,7.0,7.0,7.0,True,True,4.795044167871508,4.795044167871508,0.0,0.0,0.0,0.0,0.0,0.0,4.743909327680487,20.479240756879122,True,none,45.04188785432809,10.439869259267056,2.8828086180059436,27.69104005013917,51.18555994986082,18100.0,21.698714329755056,True,none,44.71595561422415,21.490095807525552,2.06263770125039,53.16631030214934,25.71028969785064,18000.0,24.880344062520525,True,none,35.93911380712527,19.345637485321618,2.1495514374137588,78.44117742631359,0.43542257368639525,18000.0,220
680,680,Turnigy,TR4260-06² (500),500.0,1350.0,4.3,0.023,0.28,12x12E,12x12E,12.0,12.0,12.0,12.0,True,True,4.794986763751404,4.794986763751404,0.0,0.0,0.0,0.0,0.0,0.0,4.865631065180486,19.272669767128953,True,none,49.93308227636693,4.789416575917242,6.816212131890727,36.47210391857543,42.404496081424554,10600.0,20.40648920559409,True,none,49.81341546549093,9.079256025909249,5.392044515654431,69.36335390286722,9.513246097132765,10600.0,27.527626812284794,True,none,31.2541890449733,8.288535970729292,5.539405808985251,77.47320729221514,1.403392707784846,10600.0,221
146,146,Scorpion,HKIV-4035-450 (450),450.0,4329.0,2.43,0.0187,0.456,9x9E,9x9E,9.0,9.0,9.0,9.0,True,True,4.794981290938989,4.794981290938989,0.0,0.0,0.0,0.0,0.0,0.0,5.032105322680486,20.583928411992517,True,none,45.62938927263653,8.064784465632421,4.50257430162888,27.492163834204323,51.38443616579566,12800.0,21.708206140598094,True,none,45.489773705906266,15.058973155480592,3.5736000794323095,52.82394447537525,26.052655524624733,12800.0,24.858591837724852,True,none,36.51500750213587,13.757011551481295,3.6849416123568646,77.85070773921063,1.0258922607893481,12800.0,222
617,617,Turnigy,SK3-4240-740 (740),740.0,870.0,2.7,0.013,0.194,8x8E,8x8E,8.0,8.0,8.0,8.0,True,True,4.794944102000808,4.794944102000808,0.0,0.0,0.0,0.0,0.0,0.0,4.7682643691804865,19.23028887098389,True,none,49.718167908711244,8.187305399562296,3.787780763135718,34.22845715744465,44.64814284255533,16400.0,20.412190459053846,True,none,49.45837925581352,16.331613999655623,2.798975378000501,65.76488630277099,13.111713697228993,16400.0,25.64679067414723,True,none,34.42627700140637,14.786847166506838,2.90009407997339,76.64811974775967,2.228480252240317,16400.0,223
143,143,Scorpion,HKII-4525-370 (370),370.0,5724.0,1.54,0.0234,0.515,12x10E,12x10E,12.0,10.0,12.0,10.0,True,True,4.794918471909531,4.794918471909531,0.0,0.0,0.0,0.0,0.0,0.0,5.100631065180487,20.61750816556098,True,none,45.736116576988266,4.913659603620241,7.684830674565141,27.6349373682007,51.24166263179929,10500.0,21.718966811179854,True,none,45.645134456688545,8.878862132454394,6.310024588152735,52.63040738099559,26.24619261900439,10500.0,24.862698005781624,True,none,36.631849029257815,8.148007972534828,6.4746523169245584,78.03521220760214,0.841387792397839,10500.0,224
437,437,T-Motor,V2812-925 (925),925.0,1013.0,1.16,0.067,0.078,8x8E,8x8E,8.0,8.0,8.0,8.0,True,True,4.794901465323237,4.794901465323237,0.0,0.0,0.0,0.0,0.0,0.0,4.652264369180487,19.21624764633786,True,none,49.311780914395534,7.6395507241975,3.819307986787316,35.56561082734021,43.310989172659774,16300.0,20.41769091465431,True,none,49.04269592128071,15.51232729857767,2.8665988713662376,68.68403532053782,10.192564679462166,16300.0,26.619451396469607,True,none,32.458518250183246,14.004099312100289,2.971037072964739,78.1085518136505,0.768048186349489,16300.0,225
691,691,Turnigy,TR5065-09² (270),270.0,1820.0,1.5,0.042,0.31,14x14E,14x14E,14.0,14.0,14.0,14.0,True,True,4.794868258322438,4.794868258322438,0.0,0.0,0.0,0.0,0.0,0.0,4.906404705180487,20.598195134553887,True,none,45.17430686548548,4.845164658001982,7.093780850812104,25.789155907075735,53.087444092924244,7500.0,21.725171684128163,True,none,45.081441660036916,9.050450203179187,5.792783353802231,49.904146494117846,28.972453505882136,7500.0,24.245469592601346,True,none,37.65832766095037,8.279763458038696,5.947375041154309,77.35528750888598,1.5213124911140028,7500.0,226
41,41,Cobra,CM-4515/24 (325),325.0,890.0,0.59,0.054,0.273,12x12E,12x12E,12.0,12.0,12.0,12.0,True,True,4.794843165393664,4.794843165393664,0.0,0.0,0.0,0.0,0.0,0.0,4.858631065180487,20.591243801542234,True,none,45.043077348870646,5.647703967575882,5.970153599959892,24.950022670398678,53.9265773296013,9100.0,21.729618604401512,True,none,44.933634026606974,10.688402557185912,4.812859940501056,48.06061266748398,30.815987332516002,9100.0,23.63687452291112,True,none,39.027342784667894,9.746882347535287,4.950052671677602,77.99608771757582,0.8805122824241636,9100.0,227
268,268,Scorpion,HK-5020-450² (450),450.0,5320.0,1.21,0.018,0.468,9x9E,9x9E,9.0,9.0,9.0,9.0,True,True,4.7948055433171195,4.7948055433171195,0.0,0.0,0.0,0.0,0.0,0.0,5.044105322680487,20.614846060171367,True,none,45.56276292800435,8.026027214752997,4.491668115242854,26.803056695600755,52.07354330439922,12900.0,21.736910555769324,True,none,45.42602843518211,15.015927824809769,3.5660235542891585,51.56356199424274,27.313038005757242,12900.0,24.8897743788491,True,none,36.468893862903506,13.71088492238492,3.677012100881645,74.97640317200988,3.9001968279901007,12900.0,228
267,267,Scorpion,HK5020-520² (520),520.0,5800.0,1.72,0.015,0.468,9x7.5E,9x7.5E,9.0,7.5,9.0,7.5,True,True,4.7948055433171195,4.7948055433171195,0.0,0.0,0.0,0.0,0.0,0.0,5.044105322680487,20.62166859447254,True,none,45.539540936079604,6.129748934494678,5.966273288404632,27.367486136934133,51.50911386306585,14900.0,21.736835241069258,True,none,45.426283380339335,11.27933718154179,4.812033224954703,52.63829038759909,26.23830961240089,14900.0,24.893028762518195,True,none,36.46179507124429,10.326404860488019,4.949848217429638,77.84727914247311,1.0293208575268693,14900.0,229
265,265,Scorpion,HK4525-520² (520),520.0,10200.0,1.77,0.014,0.47,9x7.5E,9x7.5E,9.0,7.5,9.0,7.5,True,True,4.794793007240152,4.794793007240152,0.0,0.0,0.0,0.0,0.0,0.0,5.046105322680487,20.623609563574405,True,none,45.53938521982617,6.131366358074621,5.963995510702023,27.40721660332484,51.46938339667514,14900.0,21.7385334374249,True,none,45.426115999871456,11.281496026304382,4.810469124297305,52.70292013516423,26.173679864835755,14900.0,24.89455833388324,True,none,36.46211793685785,10.328697307753714,4.948209259208004,77.9835602153474,0.8930397846525864,14900.0,230
197,197,Scorpion,HKIII-5020-450² (450),450.0,4901.0,2.22,0.0179,0.501,9x9E,9x9E,9.0,9.0,9.0,9.0,True,True,4.794617744060633,4.794617744060633,0.0,0.0,0.0,0.0,0.0,0.0,5.077105322680487,20.646966571005077,True,none,45.559654062911335,8.25741823916059,4.461912401298401,27.607010000337677,51.2695899996623,12900.0,21.765062704072385,True,none,45.42267939559599,15.341720612776186,3.545309007622374,52.86903514335189,26.007564856648095,12900.0,24.915229454293588,True,none,36.47365430432861,14.02513874831011,3.6553374490646613,77.7156748741273,1.16092512587268,12900.0,231
137,137,Scorpion,HKII-4225-500 Ltd Ed (500),500.0,4615.0,2.51,0.0171,0.393,9x9E,9x9E,9.0,9.0,9.0,9.0,True,True,4.794575414749227,4.794575414749227,0.0,0.0,0.0,0.0,0.0,0.0,4.969105322680487,21.474991323191098,True,none,42.59683108543231,6.178950240080234,5.820907779224643,25.763868602171943,53.11273139782804,14000.0,20.46333197974554,True,none,49.93403412881305,11.461645091726094,4.6237638613531535,61.827648142300674,17.048951857699308,14100.0,25.65554115454473,True,none,34.7458464760432,10.482770494685028,4.755066992683368,69.81289285802458,9.0637071419754,14100.0,232
584,584,Turnigy,DT38-620 (620),620.0,1750.0,1.87,0.0327,0.365,7x11E,7x11E,7.0,11.0,7.0,11.0,True,True,4.794561271885304,4.794561271885304,0.0,0.0,0.0,0.0,0.0,0.0,4.937909327680487,22.80234817401206,True,none,38.90682297982598,11.93214599090205,2.890951132313455,26.017492607958964,52.85910739204102,17300.0,20.466495049218402,True,none,49.81522218109578,23.352842018482672,2.192883035411714,66.64512454309451,12.231475456905471,17300.0,25.648180495596336,True,none,34.708147731732765,21.186384010774706,2.2767813990981645,75.60922143209069,3.26737856790929,17300.0,233
144,144,Scorpion,HKII-4525-450 (450),450.0,5724.0,2.0,0.018,0.515,9x9E,9x9E,9.0,9.0,9.0,9.0,True,True,4.794555259296994,4.794555259296994,0.0,0.0,0.0,0.0,0.0,0.0,5.0911053226804865,20.66055519541723,True,none,45.558327932224145,8.314496494460354,4.4493921657908215,27.534843603298306,51.341756396701676,12900.0,21.77698141344137,True,none,45.42125180377453,15.423726568141749,3.536574085233807,52.73455815436098,26.142041845639,12900.0,24.92600524117124,True,none,36.47566387662248,14.103159135252472,3.6461998456414415,77.53139025110745,1.345209748892529,12900.0,234
620,620,Turnigy,SK3-4250-500 (500),500.0,1350.0,1.8,0.018,0.269,12x12E,12x12E,12.0,12.0,12.0,12.0,True,True,4.794504728060488,4.794504728060488,0.0,0.0,0.0,0.0,0.0,0.0,4.854631065180487,19.34114367212714,True,none,49.61139928225062,4.4543513753152,7.3660699193784565,34.465445404171625,44.41115459582836,10700.0,20.473720571352306,True,none,49.50407557672889,8.423348444315486,5.865267942045812,66.75193097178973,12.12466902821025,10700.0,25.71505054370799,True,none,34.43792234495564,7.694185634421822,6.021765901891151,78.54283995505872,0.33376004494125766,10700.0,235
210,210,Scorpion,SII-3032-690 (V2)² (690),690.0,1025.0,2.17,0.022,0.275,10x10E,10x10E,10.0,10.0,10.0,10.0,True,True,4.794490599007955,4.794490599007955,0.0,0.0,0.0,0.0,0.0,0.0,4.853540929180487,19.29995193212953,True,none,49.77396472637891,7.8548831206725325,4.058307388936007,37.423760563408045,41.45283943659194,12400.0,20.475919002305133,True,none,49.49155764183337,15.447040941046206,2.978364071237923,71.2109955345761,7.665604465423883,12300.0,27.603650108006114,True,none,31.11641033183053,14.003979644735415,3.082323963390774,77.06812578874329,1.8084742112566943,12300.0,236
244,244,Scorpion,SII-3032-690² (690),690.0,1025.0,2.17,0.022,0.275,10x10E,10x10E,10.0,10.0,10.0,10.0,True,True,4.794490599007955,4.794490599007955,0.0,0.0,0.0,0.0,0.0,0.0,4.853540929180487,19.29995193212953,True,none,49.77396472637891,7.8548831206725325,4.058307388936007,37.423760563408045,41.45283943659194,12400.0,20.475919002305133,True,none,49.49155764183337,15.447040941046206,2.978364071237923,71.2109955345761,7.665604465423883,12300.0,27.603650108006114,True,none,31.11641033183053,14.003979644735415,3.082323963390774,77.06812578874329,1.8084742112566943,12300.0,237
474,474,T-Motor,MN4012-11² (400),400.0,750.0,1.0,0.075,0.132,11x12E,11x12E,11.0,12.0,11.0,12.0,True,True,4.794448228406221,4.794448228406221,0.0,0.0,0.0,0.0,0.0,0.0,4.713679929680487,19.29600289964752,True,none,49.23776037344203,6.683162096618222,4.550032982286247,29.74051713973415,49.13608286026583,10100.0,20.48138240488506,True,none,48.9987797517127,13.311314032719732,3.449775695611685,58.22907541462014,20.64752458537984,10100.0,25.662918567069827,True,none,37.44898228291163,12.028891399115741,3.5642281349083165,72.70082756964037,6.175772430359615,10100.0,238
264,264,Scorpion,HK4225-610² (610),610.0,3000.0,1.79,0.017,0.39,7x11E,7x11E,7.0,11.0,7.0,11.0,True,True,4.7944058826213185,4.7944058826213185,0.0,0.0,0.0,0.0,0.0,0.0,4.962909327680487,22.81801617082392,True,none,38.927497261100356,12.116711800152416,2.8739017015131756,25.892393135188733,52.98420686481125,17300.0,20.48851572606344,True,none,49.81027622800852,23.658159640605348,2.1401913315265717,66.41833368632318,12.458266313676802,17300.0,25.666734165242858,True,none,34.71333251047072,21.456433430207802,2.222827791363228,75.04458843922788,3.832011560772102,17300.0,239
74,74,Planet-Hobby,Joker 4250-10 V2 (510),510.0,900.0,1.5,0.042,0.2,10x12WE,10x12WE,10.0,12.0,10.0,12.0,True,True,4.7944058826213185,4.7944058826213185,0.0,0.0,0.0,0.0,0.0,0.0,4.778540929180487,19.314941370616467,True,none,49.417705205077056,7.417028278236996,4.2510889387286355,33.32332703165827,45.55327296834171,10600.0,20.488149006202363,True,none,49.18999454119458,14.582410179035143,3.24060189778379,64.52120748156173,14.35539251843825,10600.0,25.74583807956365,True,none,34.251846486052145,13.24452548306114,3.3476724132543256,75.10390628941227,3.772693710587717,10600.0,240
23,23,Cobra,C-4130/14 (450),450.0,1780.0,1.46,0.024,0.398,9x9E,9x9E,9.0,9.0,9.0,9.0,True,True,4.7944055297521855,4.7944055297521855,0.0,0.0,0.0,0.0,0.0,0.0,4.9741053226804866,20.66745444275262,True,none,45.160230248809654,7.800664439115577,4.555947988029647,26.262403164928088,52.614196835071894,12800.0,21.79978604604809,True,none,45.02079929123025,14.670642328581335,3.6105560055526094,50.57820841366278,28.298391586337203,12800.0,24.311326627921684,True,none,37.638684948431276,13.389872585363827,3.7236333445174825,77.9321737962168,0.9444262037831805,12800.0,241
228,228,Scorpion,HK-4525-520 Ultimate² (520),520.0,10200.0,1.75,0.012,0.503,8x8E,8x8E,8.0,8.0,8.0,8.0,True,True,4.794343239698544,4.794343239698544,0.0,0.0,0.0,0.0,0.0,0.0,5.077264369180487,20.68480614951623,True,none,45.43168216806708,9.692685354413237,3.735938685441336,27.441071786101205,51.43552821389878,14900.0,21.809888970581298,True,none,45.271907277050936,18.267921506766655,2.9193875420879793,52.58047280770085,26.29612719229913,14900.0,24.964147915789585,True,none,36.367499799669176,16.669197946609643,3.017760291368131,76.38454680893216,2.492053191067825,14900.0,242
58,58,Planet-Hobby,Joker 5060-7 V3 (375),375.0,1920.0,1.1,0.0252,0.38,12x12E,12x12E,12.0,12.0,12.0,12.0,True,True,4.794268566991953,4.794268566991953,0.0,0.0,0.0,0.0,0.0,0.0,4.965631065180487,20.696825608483508,True,none,45.035180751138675,4.371515485065919,8.31480596399725,27.16210314124722,51.71449685875277,10300.0,21.821584923800703,True,none,44.92512054933171,7.995242940326892,6.87261761219527,51.62358625231652,27.25301374768346,10300.0,25.009835258308822,True,none,36.067217937403015,7.328566802862669,7.043939843069694,77.23201922702624,1.6445807729737396,10300.0,243
9,9,Cobra,C-3520/12 (820),820.0,1040.0,1.45,0.039,0.21,9x9E,9x9E,9.0,9.0,9.0,9.0,True,True,4.794236747214458,4.794236747214458,0.0,0.0,0.0,0.0,0.0,0.0,4.786105322680487,19.325274816747527,True,none,49.4060691755494,8.061710894864845,3.8263307878551887,37.281197272208004,41.59540272779198,13900.0,20.512293124062467,True,none,49.11968390010764,16.069213375951417,2.80054139173616,71.1310910996036,7.745508900396388,13900.0,27.69056802370089,True,none,30.888050934220235,14.54724775605714,2.977822385201711,78.15308717608391,0.7235128239160673,13900.0,244
50,50,Planet-Hobby,Joker 4250-5 V3 (820),820.0,1040.0,1.7,0.0187,0.21,9x9E,9x9E,9.0,9.0,9.0,9.0,True,True,4.794236747214458,4.794236747214458,0.0,0.0,0.0,0.0,0.0,0.0,4.786105322680487,19.325274816747527,True,none,49.4060691755494,8.148056009052185,3.740595931651357,37.475010556952626,41.40158944304736,13900.0,20.512293124062467,True,none,49.11968390010764,16.243428697679082,2.80054139173616,71.3965523417536,7.480047658246377,13900.0,27.69056802370089,True,none,30.888050934220235,14.693691400494476,2.9026344732596905,78.83789717568544,0.03870282431454086,13900.0,245
18,18,Cobra,C-4120/16 (610),610.0,1380.0,1.51,0.024,0.293,7x11E,7x11E,7.0,11.0,7.0,11.0,True,True,4.794124209989993,4.794124209989993,0.0,0.0,0.0,0.0,0.0,0.0,4.865909327680487,19.354498594371687,True,none,49.601714295497004,11.585057581376244,2.8932392204365565,33.479940631682275,45.39665936831771,17200.0,20.527350355466076,True,none,49.32719375851253,22.919904442550482,2.1863170678713355,64.04488679677374,14.831713203226244,17200.0,25.754157840143606,True,none,34.38069894613614,20.764464499616416,2.271045977168262,72.51456010196848,6.362039898031497,17200.0,246
666,666,Turnigy,SK5065-08² (270),270.0,2100.0,1.6,0.038,0.43,14x14E,14x14E,14.0,14.0,14.0,14.0,True,True,4.794069840689428,4.794069840689428,0.0,0.0,0.0,0.0,0.0,0.0,5.026404705180487,20.743382525009288,True,none,45.07316218338162,5.172633485388097,7.174742589905231,26.382522220857755,52.49407777914223,7600.0,21.854415516574566,True,none,44.98318564598223,9.430597873939163,5.89216328591363,50.13512317180365,28.741476828196333,7600.0,24.37126647492844,True,none,37.601846444887926,8.645872912078941,6.045234231605849,78.69197247812554,0.18462752187444664,7600.0,247
358,358,T-Motor,F1000-300 (300),300.0,4548.0,2.05,0.0383,0.4,14x12E,14x12E,14.0,12.0,14.0,12.0,True,True,4.794057439617143,4.794057439617143,0.0,0.0,0.0,0.0,0.0,0.0,4.9964047051804865,20.742647087035582,True,none,44.98064167003168,4.286875460961677,8.515746104494351,26.458641057745073,52.41795894225491,8400.0,21.856606436823206,True,none,44.89372367921071,7.819091029936696,7.004264645806672,51.16436333653066,27.71223666346932,8400.0,25.047071285081664,True,none,36.0432241699569,7.168779345031745,7.183917338464245,75.74540824357658,3.131191756423405,8400.0,248
184,184,Scorpion,HK-4530-450 Ltd Ed² (450),450.0,9600.0,1.71,0.013,0.565,9x9E,9x9E,9.0,9.0,9.0,9.0,True,True,4.79393355360795,4.79393355360795,0.0,0.0,0.0,0.0,0.0,0.0,5.141105322680486,20.766455561132677,True,none,45.35848009361841,8.425736936414122,4.494158633078014,27.557844621745765,51.31875537825422,12900.0,21.876645132620375,True,none,45.223349585154445,15.504563496525355,3.5833444320554464,52.36152243457616,26.515077565423823,12900.0,25.031205144474836,True,none,36.33746386305339,14.19077184355799,3.692888526593326,76.40114842656408,2.4754515734359046,12900.0,249
631,631,Turnigy,SK3-5065-320 (320),320.0,2220.0,2.5,0.014,0.531,12x12E,12x12E,12.0,12.0,12.0,12.0,True,True,4.793921177464715,4.793921177464715,0.0,0.0,0.0,0.0,0.0,0.0,5.116631065180487,20.774513605459738,True,none,45.254097737523814,6.362158208859764,5.994080049170117,27.286393787845494,51.590206212154484,9100.0,21.877916837657004,True,none,45.15206216511571,11.552804746385196,4.8873683527857406,52.27294787738394,26.60365212261604,9100.0,25.042607825393603,True,none,36.26880578519959,10.59546119094826,5.020159381742735,77.08862514355984,1.7879748564401439,9100.0,250
7,7,Cobra,C-3515/18 (740),740.0,790.0,1.01,0.065,0.178,8x8E,8x8E,8.0,8.0,8.0,8.0,True,True,4.7938996610067,4.7938996610067,0.0,0.0,0.0,0.0,0.0,0.0,4.7522643691804864,19.36726207505122,True,none,49.106459223655,8.57463026384729,3.522691714633711,32.56036959190162,46.31623040809836,16100.0,20.5609773961093,True,none,48.815327726232354,17.247695654897186,2.6275955442182006,62.73266672277173,16.14393327722825,16100.0,25.83988261749324,True,none,34.028629086545685,15.608164606893995,2.725798594894615,71.96443627474407,6.912163725255908,16100.0,251
186,186,Scorpion,HKIII-5025-520 F3S Ed² (520),520.0,11840.0,2.2,0.009,0.595,8x8E,8x8E,8.0,8.0,8.0,8.0,True,True,4.793859330674372,4.793859330674372,0.0,0.0,0.0,0.0,0.0,0.0,5.169264369180487,20.7741363919377,True,none,45.42143039381369,10.157740750515256,3.7296127675870236,28.212228411840933,50.66437158815905,15000.0,21.88843809709804,True,none,45.26085997341175,18.865396263882815,2.92617061813703,53.78553253447876,25.09106746552122,15000.0,25.035364069954866,True,none,36.37909656790738,17.241249235860757,3.023245455932474,78.66906626426098,0.20753373573900546,15000.0,252
653,653,Turnigy,SK4240-09² (750),750.0,820.0,0.8,0.035,0.155,8x8E,8x8E,8.0,8.0,8.0,8.0,True,True,4.793857635866337,4.793857635866337,0.0,0.0,0.0,0.0,0.0,0.0,4.729264369180487,19.37594189560541,True,none,48.98256569259081,8.073018241560387,3.751719747766766,32.17466070291271,46.70193929708727,16200.0,20.56626999706666,True,none,48.71837234700379,16.244331663870916,2.7611331519943247,62.48308865601804,16.39351134398194,16200.0,25.860399630584478,True,none,33.951982061976885,14.67797613168488,2.9236853962521208,71.68528616827486,7.191313831725125,16200.0,253
385,385,T-Motor,MN3510-630 (630),630.0,495.0,0.5,0.065,0.097,7x7E,7x7E,7.0,7.0,7.0,7.0,True,True,4.7937975403702735,4.7937975403702735,0.0,0.0,0.0,0.0,0.0,0.0,4.669909327680487,20.569787806479162,True,none,44.50262878397669,10.198436923648206,2.8431445119393217,24.310557051757158,54.566042948242824,17600.0,21.898656370214866,True,none,44.17614185373024,21.290441186811755,2.0182385346162937,47.314294023998414,31.562305976001568,17600.0,23.704047048075324,True,none,38.46040008230777,19.141568643700545,2.1052648267472653,75.66480055623181,3.2117994437681716,17600.0,254
544,544,T-Motor,MN3510-15² (630),630.0,495.0,0.5,0.065,0.097,7x7E,7x7E,7.0,7.0,7.0,7.0,True,True,4.7937975403702735,4.7937975403702735,0.0,0.0,0.0,0.0,0.0,0.0,4.669909327680487,20.569787806479162,True,none,44.50262878397669,10.198436923648206,2.8431445119393217,24.310557051757158,54.566042948242824,17600.0,21.898656370214866,True,none,44.17614185373024,21.290441186811755,2.0182385346162937,47.314294023998414,31.562305976001568,17600.0,23.704047048075324,True,none,38.46040008230777,19.141568643700545,2.1052648267472653,75.66480055623181,3.2117994437681716,17600.0,255
87,87,Planet-Hobby,Joker 6350-10 V2 (370),370.0,2000.0,1.4,0.024,0.47,12x10E,12x10E,12.0,10.0,12.0,10.0,True,True,4.7937975403702735,4.7937975403702735,0.0,0.0,0.0,0.0,0.0,0.0,5.055631065180487,20.790114506318414,True,none,45.0098565375184,4.795631360135016,7.746280071894802,26.51274761419021,52.36385238580977,10500.0,21.897702701432365,True,none,44.91959717201505,8.713171988586643,6.3523233592140755,51.10411185510717,27.77248814489281,10500.0,25.080955658791016,True,none,36.07712532392635,7.990657177339195,6.519001872252986,75.65403889170567,3.2225611082943146,10500.0,256
570,570,Turnigy,ACK-3510CP-630 (630),630.0,495.0,0.57,0.077,0.092,7x7E,7x7E,7.0,7.0,7.0,7.0,True,True,4.793698793182095,4.793698793182095,0.0,0.0,0.0,0.0,0.0,0.0,4.664909327680487,20.583565912141268,True,none,44.44173376557312,10.238050400544479,2.799525927121392,24.30559250974059,54.57100749025939,17500.0,21.914176670137373,True,none,44.11266312696476,21.368642170974212,2.020709991488157,47.118144103693034,31.75845589630695,17500.0,23.72128300258562,True,none,38.408052368186794,19.22278455115685,2.1078549026003635,75.71779315946014,3.158806840539839,17500.0,257
132,132,Scorpion,HK-3536-510 (510),510.0,4150.0,1.24,0.028,0.365,9x7.5E,9x7.5E,9.0,7.5,9.0,7.5,True,True,4.793661800151871,4.793661800151871,0.0,0.0,0.0,0.0,0.0,0.0,4.941105322680487,20.787525916607837,True,none,44.65832826611967,6.176036193142504,5.669038318474289,25.766557775898605,53.11004222410138,14500.0,21.91998743954166,True,none,44.53518690893291,11.560543041480074,4.533559973045966,49.47546164311937,29.401138356880615,14500.0,24.45566119009706,True,none,37.242560646444986,10.559991024266871,4.66889057353431,76.93957274769006,1.9370272523099175,14500.0,258
187,187,Scorpion,HKIII-5035-380² (380),380.0,6650.0,1.44,0.013,0.744,11x10E,11x10E,11.0,10.0,11.0,10.0,True,True,4.79363714938059,4.79363714938059,0.0,0.0,0.0,0.0,0.0,0.0,5.325679929680486,20.844576553911494,True,none,45.67328762877236,6.817683319466292,6.003327190152493,28.228163718761017,50.648436281238965,10900.0,21.92427155377363,True,none,45.56739554297781,12.081232044622006,4.916773206600748,53.922813936915404,24.95378606308458,10900.0,25.050158093165706,True,none,36.627779048717315,11.115303506103652,5.048190996957205,78.49128855682781,0.3853114431721707,10900.0,259
575,575,Turnigy,ACK-4006CQ-550 (550),550.0,500.0,0.56,0.133,0.068,8x8E,8x8E,8.0,8.0,8.0,8.0,True,True,4.793600190084661,4.793600190084661,0.0,0.0,0.0,0.0,0.0,0.0,4.642264369180487,20.583727737198764,True,none,44.36794415651475,9.965959485528426,2.826380148312187,24.50432808342724,54.37227191657274,14700.0,21.9307122414719,True,none,43.997386263323776,20.938644880063897,2.0214047641509283,47.453555583902045,31.423044416097937,14600.0,23.73482609976322,True,none,38.32751699201071,18.83641512176271,2.11004200057101,76.45185616863523,2.4247438313647507,14700.0,260
10,10,Cobra,C-3520/14 (700),700.0,1020.0,1.33,0.048,0.21,10x10E,10x10E,10.0,10.0,10.0,10.0,True,True,4.793550199161038,4.793550199161038,0.0,0.0,0.0,0.0,0.0,0.0,4.788540929180487,19.426745528277984,True,none,49.01249105411301,7.4860116205588,4.116700756419176,35.950677573209724,42.92592242679026,12300.0,20.60934490566817,True,none,48.74657530719425,14.839395587631069,3.1092163731349283,68.30809263382467,10.56850736617531,12200.0,26.809257616649447,True,none,32.33544416345866,13.439447955272984,3.2167422807467356,78.29514999725659,0.5814500027433951,12200.0,261
657,657,Turnigy,SK4260-05² (500),500.0,1420.0,1.6,0.019,0.295,12x12E,12x12E,12.0,12.0,12.0,12.0,True,True,4.793438729202006,4.793438729202006,0.0,0.0,0.0,0.0,0.0,0.0,4.880631065180487,19.49834208107119,True,none,49.08423564727946,4.2205083293968535,7.8653538760859725,33.99935410923571,44.87724589076427,10800.0,20.62646415005132,True,none,48.98329055420426,7.92805564560512,6.30502744064093,65.75162623495225,13.124973765047727,10700.0,25.902397796962404,True,none,34.11963299492188,7.247501127505085,6.468751877590757,76.8066426480549,2.069957351945078,10700.0,262
198,198,Scorpion,HKIII-5020-520² (520),520.0,5200.0,2.44,0.0147,0.498,8x8E,8x8E,8.0,8.0,8.0,8.0,True,True,4.793415696550067,4.793415696550067,0.0,0.0,0.0,0.0,0.0,0.0,5.072264369180487,20.83331676795154,True,none,44.918719309453586,9.7672694134285,3.7399300479872815,27.403379136932003,51.47322086306798,14900.0,21.9603292917898,True,none,44.75818817601829,18.37351889574537,2.9221845730385207,52.26464736557932,26.61195263442066,14900.0,25.139962257156085,True,none,35.981128087358634,16.763800964318065,3.0206842571030363,77.05129691481794,1.8253030851820427,14900.0,263
203,203,Scorpion,HKII-4525-520 Ultimate² (520),520.0,5785.0,2.74,0.0114,0.516,8x8E,8x8E,8.0,8.0,8.0,8.0,True,True,4.793391135491282,4.793391135491282,0.0,0.0,0.0,0.0,0.0,0.0,5.0902643691804865,20.839802706887216,True,none,44.95346876392069,9.834882871697234,3.7255932028701833,27.703421099300414,51.17317890069957,14900.0,21.964204646552545,True,none,44.79407152720029,18.479980787656707,2.912131773616296,52.8423408769891,26.034259123010884,14900.0,25.140683369724098,True,none,36.01156963982709,16.860131685678745,3.010175925829555,78.15896522965241,0.7176347703475727,14900.0,264
357,357,T-Motor,F1000-510 (510),510.0,4000.0,3.04,0.0248,0.404,9x7.5E,9x7.5E,9.0,7.5,9.0,7.5,True,True,4.793366583376801,4.793366583376801,0.0,0.0,0.0,0.0,0.0,0.0,4.980105322680487,20.840455558491257,True,none,44.607488851188215,6.3180101706723715,5.625400892733023,26.897866606658084,51.9787333933419,14500.0,21.96845712991402,True,none,44.483039992756645,11.766029251097253,4.503771594271905,51.56642048968913,27.310179510310853,14500.0,25.17522468821961,True,none,35.743325811390335,10.754593874912686,4.637656703585321,77.20033437922591,1.6762656207740747,14500.0,265
73,73,Planet-Hobby,Joker 4250-7 V2 (720),720.0,900.0,1.97,0.024,0.2,9x9E,9x9E,9.0,9.0,9.0,9.0,True,True,4.793327432047872,4.793327432047872,0.0,0.0,0.0,0.0,0.0,0.0,4.776105322680487,19.445231625516254,True,none,48.89181953416163,8.484390814398727,3.5774904650756447,35.01359725117175,43.86300274882823,13700.0,20.64159471064675,True,none,48.58038955144447,17.06500201815146,2.658008830977269,66.90760108479354,11.968998915206441,13700.0,26.850278502481274,True,none,32.24693427928625,15.414073380665219,2.7576730560748213,75.69751719579479,3.179082804205194,13700.0,266
328,328,T-Motor,AT4130-300 (Long Shaft) (300),300.0,3200.0,1.8,0.032,0.405,14x12E,14x12E,14.0,12.0,14.0,12.0,True,True,4.79330524218988,4.79330524218988,0.0,0.0,0.0,0.0,0.0,0.0,5.001404705180486,20.865034494412598,True,none,44.59361901757907,4.189331511332662,8.508276766253875,25.866772268656923,53.00982773134306,8400.0,21.977073027386513,True,none,44.51239684107355,7.6859659145225,6.9991737868015615,50.04450672791757,28.83209327208241,8400.0,25.18691959573147,True,none,35.75647462172217,7.047738293474181,7.178573927210954,75.32847917231499,3.548120827684997,8400.0,267
556,556,T-Motor,AT3520-730² (730),730.0,1200.0,0.8,0.032,0.206,11x10E,11x10E,11.0,10.0,11.0,10.0,True,True,4.793271848147118,4.793271848147118,0.0,0.0,0.0,0.0,0.0,0.0,4.787679929680487,19.473763427388512,True,none,48.82460359428826,6.495574620906128,4.671488171215925,37.12348868719647,41.75311131280351,11800.0,20.650199029641463,True,none,48.585022560336206,12.785746415533708,3.5421516985368147,71.30798974511094,7.5686102548890375,11800.0,27.88658847072294,True,none,30.58636346919122,11.599945118066099,3.6604357395195204,78.28516456339293,0.5914354366070569,11800.0,268
251,251,Scorpion,S-4025-12² (440),440.0,2000.0,0.85,0.022,0.35,11x10E,11x10E,11.0,10.0,11.0,10.0,True,True,4.7931827271253935,4.7931827271253935,0.0,0.0,0.0,0.0,0.0,0.0,4.931679929680487,20.8663814613076,True,none,44.372539956979026,4.205687195662932,8.471528666791649,26.102799725019892,52.77380027498009,12100.0,21.997670897553082,True,none,44.258608509755675,7.737552418293687,6.979871382595648,50.4994082203067,28.377191779693284,12100.0,24.546688782773302,True,none,37.01860996192959,7.084125597823147,7.156943571600908,78.76829053727556,0.10830946272442077,12100.0,269
76,76,Planet-Hobby,Joker 4260-5 V2 (680),680.0,1100.0,2.97,0.017,0.283,9x9E,9x9E,9.0,9.0,9.0,9.0,True,True,4.793174679881587,4.793174679881587,0.0,0.0,0.0,0.0,0.0,0.0,4.859105322680486,19.517345085879946,True,none,48.92710432018781,6.508702518043535,4.9422810796742604,34.78109407450861,44.09550592549137,14500.0,20.664040824726463,True,none,48.76527451769614,12.552323488151199,3.8453990858348175,66.37327485781061,12.503325142189368,14500.0,26.864904845214667,True,none,32.343910152576,11.420642651025286,3.9649791038597995,75.59513457582804,3.281465424171941,14500.0,270
88,88,Planet-Hobby,Joker 6360-8.5 V2 (295),295.0,2400.0,1.9,0.0175,0.63,14x14E,14x14E,14.0,14.0,14.0,14.0,True,True,4.793160809447865,4.793160809447865,0.0,0.0,0.0,0.0,0.0,0.0,5.226404705180487,21.66451715543397,True,none,42.75415478127009,4.705099599277873,8.549328894102883,26.234648766343973,52.64195123365601,8200.0,20.665978404501203,True,none,49.96834749323692,8.31320896270447,7.142015053206411,62.57302501148102,16.30357498851896,8300.0,25.818735002310248,True,none,34.848124108717656,7.651161880758452,7.310324313027634,70.67392056141969,8.20267943858029,8300.0,271
98,98,Scorpion,A-5025-415 (415),415.0,3441.0,2.89,0.011,0.523,11x10E,11x10E,11.0,10.0,11.0,10.0,True,True,4.7931330766329205,4.7931330766329205,0.0,0.0,0.0,0.0,0.0,0.0,5.104679929680487,19.575313409170548,True,none,49.631056090522385,5.022337476272086,7.601973299033414,32.14510301039001,46.73149698960997,11800.0,20.670128540970587,True,none,49.548709198080026,9.051203149469494,6.1331605222359915,62.10994871979268,16.7666512802073,11800.0,25.870533936433425,True,none,34.546628358732164,8.310699864316607,6.290165211253283,71.01208338999822,7.864516610001758,11800.0,272
52,52,Planet-Hobby,Joker 4250-8 V3 (510),510.0,1150.0,1.2,0.0416,0.21,9x7.5E,9x7.5E,9.0,7.5,9.0,7.5,True,True,4.793109324960361,4.793109324960361,0.0,0.0,0.0,0.0,0.0,0.0,4.786105322680487,20.853833611428417,True,none,43.960089012900035,5.804636759303353,5.636007679284471,24.25571850223896,54.62088149776102,14400.0,22.00932477979306,True,none,43.83235427202188,11.133746940265947,4.4717543023498445,47.14851331090122,31.72808668909876,14400.0,23.952256423173502,True,none,38.10601219741882,10.135808255786936,4.609208457970419,76.98238025037001,1.8942197496299684,14400.0,273
120,120,Scorpion,SII-4025-440 (440),440.0,2600.0,1.45,0.0227,0.353,9x9E,9x9E,9.0,9.0,9.0,9.0,True,True,4.79307265388418,4.79307265388418,0.0,0.0,0.0,0.0,0.0,0.0,4.929105322680487,20.87418602751292,True,none,44.33935617110299,7.965716228292047,4.323627835714575,25.210433402885005,53.66616659711498,12600.0,22.01581232047758,True,none,44.1935117474768,15.17277343883428,3.4015216687677508,48.65835243166997,30.218247568330014,12600.0,24.562768791170875,True,none,36.977594747920186,13.819996322820334,3.5117115175804843,74.8439278614811,4.032672138518876,12600.0,274
578,578,Turnigy,AX-4008CQ-600 (600),600.0,550.0,0.7,0.084,0.082,8x8E,8x8E,8.0,8.0,8.0,8.0,True,True,4.7930237901968855,4.7930237901968855,0.0,0.0,0.0,0.0,0.0,0.0,4.656264369180486,20.681316788297423,True,none,44.099691594012675,10.000815120024694,2.8764809924423664,25.400275801407812,53.47632419859217,14700.0,22.023972827020575,True,none,43.74137559370024,20.936115527098487,2.0143651419666195,49.00952638068867,29.867073619311313,14600.0,24.472140757959973,True,none,36.65645683591435,18.806660428880896,2.1026998047775014,75.58381825553703,3.292781744462957,14600.0,275
565,565,T-Motor,HT4035-6² (510),510.0,3360.0,2.3,0.019,0.45,9x7.5E,9x7.5E,9.0,7.5,9.0,7.5,True,True,4.792901786143687,4.792901786143687,0.0,0.0,0.0,0.0,0.0,0.0,5.026105322680487,20.922794174592955,True,none,44.48214875219009,6.376869188508775,5.677755119639903,26.616219924218537,52.26038007578144,14500.0,22.04435288742409,True,none,44.360629702773565,11.794357096955524,4.558313586234605,51.118533904729226,27.758066095270756,14500.0,25.253474679303643,True,none,35.66073936057198,10.790171413686455,4.692098520216343,75.96586999520747,2.910730004792512,14500.0,276
27,27,Cobra,CM-2820/24 (490),490.0,520.0,0.53,0.166,0.146,9x9E,9x9E,9.0,9.0,9.0,9.0,True,True,4.792865228085623,4.792865228085623,0.0,0.0,0.0,0.0,0.0,0.0,4.722105322680487,20.71123517417909,True,none,44.21356284416427,9.936664549615807,2.9626835588211935,24.847334441981513,54.029265558018466,12600.0,22.050807334869333,True,none,43.8361936145818,20.597924469616373,2.0586339836685648,48.35686717441616,30.519732825583823,12500.0,23.85662976883551,True,none,38.20216358388247,18.52547128920015,2.1479829443991143,77.82269968536417,1.0539003146358112,12500.0,277
95,95,Scorpion,A-4225-500 (V2) (500),500.0,3108.0,2.23,0.0132,0.398,9x7.5E,9x7.5E,9.0,7.5,9.0,7.5,True,True,4.792816514945602,4.792816514945602,0.0,0.0,0.0,0.0,0.0,0.0,4.9741053226804866,20.928981726845837,True,none,44.30190750817419,6.4003546525324815,5.528330523110814,26.122806012985194,52.75379398701479,14300.0,22.05878745733743,True,none,44.17580295586059,11.945433625681781,4.418590539286343,49.83334263172612,29.043257368273864,14300.0,24.60657235513869,True,none,36.964837016469566,10.914008272201475,4.551047307150975,78.02801045978906,0.8485895402109236,14300.0,278
207,207,Scorpion,A-4225-500² (500),500.0,3108.0,1.54,0.014,0.398,9x7.5E,9x7.5E,9.0,7.5,9.0,7.5,True,True,4.792816514945602,4.792816514945602,0.0,0.0,0.0,0.0,0.0,0.0,4.9741053226804866,20.928981726845837,True,none,44.30190750817419,6.396142223217305,5.528330523110814,25.69533041476168,53.1812695852383,14300.0,22.05878745733743,True,none,44.17580295586059,11.939019738589561,4.418590539286343,49.11534526089383,29.76125473910615,14300.0,24.60657235513869,True,none,36.964837016469566,10.907505482775651,4.551047307150975,76.40337631819398,2.4732236818060045,14300.0,279
651,651,Turnigy,SK3548-05² (790),790.0,850.0,2.1,0.048,0.171,8x8E,8x8E,8.0,8.0,8.0,8.0,True,True,4.792801118130961,4.792801118130961,0.0,0.0,0.0,0.0,0.0,0.0,4.745264369180487,19.518470219007263,True,none,48.48885816839873,8.835172076276331,3.393887494141398,33.74383780860935,45.13276219139063,15900.0,20.71721700749638,True,none,48.1894624063372,17.86216300309567,2.5199400950446007,64.60643206019155,14.270167939808431,15900.0,26.04217102070365,True,none,33.63741925210099,16.13571884904367,2.616251920644933,76.55770669086857,2.3188933091314112,15900.0,280
159,159,Scorpion,HK5-4030-565 (565),565.0,6900.0,3.13,0.0145,0.423,8x8E,8x8E,8.0,8.0,8.0,8.0,True,True,4.792787319904137,4.792787319904137,0.0,0.0,0.0,0.0,0.0,0.0,4.9972643691804866,19.59972125253895,True,none,49.12662000379113,7.781245686578321,4.586612372092976,31.600449996972163,47.27615000302782,16100.0,20.72030102857356,True,none,48.996448867732035,14.599786386082098,3.648688920387147,60.940140347056136,17.936459652943846,16100.0,25.971438946894285,True,none,34.176784305126276,13.333150217403713,3.7611566710877744,69.58798037432211,9.288619625677867,16100.0,281
54,54,Planet-Hobby,Joker 5050-8 V3 (500),500.0,1440.0,1.1,0.025,0.28,9x7.5E,9x7.5E,9.0,7.5,9.0,7.5,True,True,4.79274351145189,4.79274351145189,0.0,0.0,0.0,0.0,0.0,0.0,4.856105322680487,20.924082770603093,True,none,43.95412759181713,6.08373897925799,5.55553283595213,24.358876977083067,54.51772302291691,14300.0,22.07039572270498,True,none,43.825929057319186,11.542016040249454,4.417732787829757,47.25027448002653,31.62632551997345,14300.0,24.010495464095744,True,none,38.11048085066837,10.524360937019313,4.552487546134713,77.0063974618773,1.8702025381226832,14300.0,282
626,626,Turnigy,SK3-5045-500 (500),500.0,1350.0,2.2,0.022,0.28,9x7.5E,9x7.5E,9.0,7.5,9.0,7.5,True,True,4.79274351145189,4.79274351145189,0.0,0.0,0.0,0.0,0.0,0.0,4.856105322680487,20.924082770603093,True,none,43.95412759181713,6.08220482953885,5.55553283595213,25.03915387169904,53.83744612830094,14300.0,22.07039572270498,True,none,43.825929057319186,11.53997334947691,4.417732787829757,48.394762737244086,30.481837262755896,14300.0,24.640113597791313,True,none,36.66718850296381,10.521748741044302,4.552487546134713,75.80509852187987,3.071501478120112,14300.0,283
323,323,T-Motor,AT4120-500 (Long Shaft) (500),500.0,1700.0,2.0,0.021,0.305,9x7.5E,9x7.5E,9.0,7.5,9.0,7.5,True,True,4.7926098776952735,4.7926098776952735,0.0,0.0,0.0,0.0,0.0,0.0,4.881105322680487,20.949020091616944,True,none,43.95197245383192,6.159487835260305,5.527306791940455,25.073984356926047,53.802615643073935,14300.0,22.09211107862258,True,none,43.823611089896595,11.653122178552225,4.398691342437487,48.3498132221534,30.52678677784658,14300.0,24.660239435425673,True,none,36.66991199888534,10.630379877943977,4.532505291973854,75.56112255289783,3.315477447102154,14300.0,284
679,679,Turnigy,TR4260-05² (600),600.0,1300.0,4.7,0.017,0.28,7x11E,7x11E,7.0,11.0,7.0,11.0,True,True,4.792443227868317,4.792443227868317,0.0,0.0,0.0,0.0,0.0,0.0,4.852909327680487,19.590385236134452,True,none,48.61858855769076,12.031785936676595,2.7618221499527102,34.55788137620447,44.31871862379551,16900.0,20.770824364407993,True,none,48.33228067235875,23.974852702993,2.071143761366308,65.59663255012686,13.279967449873126,16900.0,26.070293380241083,True,none,33.75764343142484,21.69682077559225,2.1539482974686033,77.99383201157652,0.8827679884234669,16900.0,285
360,360,T-Motor,MN501-S KV300 (300),300.0,1000.0,1.1,0.063,0.17,14x12E,14x12E,14.0,12.0,14.0,12.0,True,True,4.792428078190345,4.792428078190345,0.0,0.0,0.0,0.0,0.0,0.0,4.766404705180487,20.9745595461713,True,none,43.520437262301535,3.955827681528005,8.367035393363835,23.90672800548374,54.96987199451624,8300.0,22.121935189278847,True,none,43.42858749127785,7.4717779785735985,6.807835819666773,46.48603432560909,32.39056567439089,8300.0,24.085070765812794,True,none,37.752463589356125,6.8178117594527095,6.991689897836021,75.50610647023814,3.370493529761845,8300.0,286
30,30,Cobra,CM-3515/34 (385),385.0,530.0,0.38,0.2,0.199,10x12WE,10x12WE,10.0,12.0,10.0,12.0,True,True,4.792403875504739,4.792403875504739,0.0,0.0,0.0,0.0,0.0,0.0,4.7775409291804865,20.902001193791616,True,none,43.781459162664255,10.052961419125683,2.997296266329722,24.86328847356206,54.01331152643792,9400.0,22.126561280543104,True,none,43.44348480513239,20.48293525850802,2.1683670708442273,48.13811286089886,30.738487139101125,9400.0,24.047418234380864,True,none,37.86329858249539,18.468885137492876,2.2558437121535593,78.02765049130124,0.8489495086987375,9400.0,287
634,634,Turnigy,SK3-6354-260 (260),260.0,2360.0,2.5,0.023,0.489,14x14E,14x14E,14.0,14.0,14.0,14.0,True,True,4.792391777443211,4.792391777443211,0.0,0.0,0.0,0.0,0.0,0.0,5.085404705180487,21.022578715167548,True,none,44.34085231227092,5.636599920014251,6.638669981133762,25.944363652220993,52.93223634777899,7400.0,22.128533397488603,True,none,44.24681822642059,10.257446086468637,5.437952429886321,49.75627302729042,29.120326972709563,7400.0,24.670665897322817,True,none,37.030885564322,9.400858105561076,5.581564783759893,78.30235933239828,0.5742406676016998,7400.0,288
1,1,Castle,Vertigo 700-4540² (490),490.0,4000.0,1.8,0.012,0.694,9x9E,9x9E,9.0,9.0,9.0,9.0,True,True,4.792388326823118,4.792388326823118,0.0,0.0,0.0,0.0,0.0,0.0,5.270105322680487,19.69521213187247,True,none,49.7689243433042,7.543604754596152,5.316795939985641,32.88331873171612,45.99328126828386,14000.0,20.77734215009825,True,none,49.65881907284316,13.520488173583688,4.324705918107717,63.06508897057448,15.811511029425503,14000.0,25.93981788308532,True,none,34.67928308346118,12.418616986030614,4.444624098176332,70.46497889658953,8.411621103410454,14000.0,289
139,139,Scorpion,HKII-4225-610 Ltd Ed (610),610.0,5770.0,2.33,0.013,0.393,7x7E,7x7E,7.0,7.0,7.0,7.0,True,True,4.792355496376613,4.792355496376613,0.0,0.0,0.0,0.0,0.0,0.0,4.965909327680487,20.979431984380227,True,none,44.11501584373162,11.648652935873802,2.9682964650772816,26.469790089433303,52.40680991056668,17500.0,22.13351041244307,True,none,43.916334206594655,22.70502486963418,2.2449244497327365,50.58315885962464,28.293441140375343,17500.0,24.681454578970012,True,none,36.782366169422005,20.609466035094464,2.3320801480471296,78.24591371756563,0.630686282434354,17500.0,290
329,329,T-Motor,AT4130-230 (Long Shaft) (230),230.0,2500.0,1.4,0.06,0.408,20x22.5EP(CD),20x22.5EP(CD),20.0,22.5,20.0,22.5,True,True,4.79231975993905,4.79231975993905,0.0,0.0,0.0,0.0,0.0,0.0,5.067525929180487,19.695277728943203,True,none,49.01260806665971,2.3157557711815224,9.67767954932055,39.763332379949006,39.113267620050976,5300.0,20.78812418436544,True,none,48.95777661984648,4.141209980824728,11.116353602159867,72.17740542189271,6.699194578107267,5300.0,27.945658421690485,True,none,30.862891970323226,3.805436856156468,10.925944013703468,77.86250247906412,1.014097520935863,5300.0,291
395,395,T-Motor,MN4112-320 (320),320.0,910.0,1.1,0.094,0.172,12x12E,12x12E,12.0,12.0,12.0,12.0,True,True,4.792246771100111,4.792246771100111,0.0,0.0,0.0,0.0,0.0,0.0,4.757631065180487,20.991729615133412,True,none,43.44039172826881,5.876951235320961,5.442088005724044,23.167268043462204,55.70933195653778,8700.0,22.151404698269204,True,none,43.31467829187981,11.371448912813701,4.334428072540024,45.15953287596711,33.71706712403287,8700.0,23.522692097472035,True,none,39.09573197013037,10.339517854660855,4.465717462103637,78.67129233463147,0.2053076653685082,8700.0,292
83,83,Planet-Hobby,Joker 5060-6 V2 (500),500.0,1650.0,1.95,0.017,0.377,9x7.5E,9x7.5E,9.0,7.5,9.0,7.5,True,True,4.792234701419843,4.792234701419843,0.0,0.0,0.0,0.0,0.0,0.0,4.953105322680487,21.0204032649811,True,none,43.945692203099476,6.3290389628751935,5.551509524110305,25.399427463024157,53.47717253697583,14300.0,22.154375043011974,True,none,43.81686708397942,11.840272110380715,4.434427311024346,48.84990566172053,30.026694338279455,14300.0,24.717928950061246,True,none,36.677665412195715,10.815942945435308,4.56758867271058,76.27757340291326,2.59902659708672,14300.0,293
370,370,T-Motor,MN705-S KV260 (260),260.0,2000.0,2.8,0.016,0.45,14x14E,14x14E,14.0,14.0,14.0,14.0,True,True,4.792077993654057,4.792077993654057,0.0,0.0,0.0,0.0,0.0,0.0,5.046404705180487,21.06891420563845,True,none,44.07415229520055,5.3980738739187855,6.917271770553336,25.8310765453398,53.045523454660184,7400.0,22.17909421936015,True,none,43.98297826736171,9.830569412148137,5.672375564125459,49.67307992880228,29.2035200711977,7400.0,24.735089922237513,True,none,36.813812527226084,9.013635478324078,5.821062989809192,78.61183620496342,0.2647637950365578,7400.0,294
133,133,Scorpion,HK-4530-500 (500),500.0,6240.0,2.92,0.0109,0.565,9x7.5E,9x7.5E,9.0,7.5,9.0,7.5,True,True,4.791945681449768,4.791945681449768,0.0,0.0,0.0,0.0,0.0,0.0,5.141105322680486,21.091539847898503,True,none,44.28723684489357,7.013231955841208,5.350125202351352,27.412216085166246,51.46438391483373,14300.0,22.201205772639682,True,none,44.160079809795064,12.82771173961437,4.295167471981561,51.88090881728027,26.99569118271971,14300.0,25.408951073389396,True,none,35.53727307650426,11.752930011692523,4.422439147456825,77.99343375214815,0.8831662478518325,14300.0,295
230,230,Scorpion,HK-4530-500 Ltd Ed² (500),500.0,11000.0,1.85,0.0107,0.565,9x7.5E,9x7.5E,9.0,7.5,9.0,7.5,True,True,4.791945681449768,4.791945681449768,0.0,0.0,0.0,0.0,0.0,0.0,5.141105322680486,21.091539847898503,True,none,44.28723684489357,6.921170038508169,5.350125202351352,26.740110795510905,52.13648920448908,14400.0,22.201205772639682,True,none,44.160079809795064,12.698213115154381,4.295167471981561,50.75556208725879,28.121037912741194,14400.0,25.408951073389396,True,none,35.53727307650426,11.623938717504691,4.422439147456825,75.39085417010699,3.4857458298929913,14400.0,296
281,281,Scorpion,HK4035-500² (500),500.0,3360.0,1.9,0.02,0.435,9x7.5E,9x7.5E,9.0,7.5,9.0,7.5,True,True,4.791933666068873,4.791933666068873,0.0,0.0,0.0,0.0,0.0,0.0,5.0111053226804865,21.07744476093679,True,none,43.940556567172415,6.616255642584926,5.3846868021440075,25.644866835854184,53.231733164145794,14300.0,22.204238884414483,True,none,43.81136080618211,12.324554554517391,4.301139658413845,49.20021337963911,29.676386620360873,14300.0,24.76411172704126,True,none,36.683814131521686,11.261699822325928,4.430843809287085,76.92716507270083,1.9494349272991514,14300.0,297
393,393,T-Motor,MN4110-300 (300),300.0,535.0,0.9,0.135,0.152,14x14E,14x14E,14.0,14.0,14.0,14.0,True,True,4.791861619214368,4.791861619214368,0.0,0.0,0.0,0.0,0.0,0.0,4.748404705180487,21.315651735434912,True,none,42.433397979881676,9.021086007643426,3.2555586676767394,24.47408268380263,54.40251731619735,7200.0,22.215022054641224,True,none,43.39443864912751,18.647715970349893,2.2850458675683925,48.37160128837373,30.50499871162625,7200.0,24.00732158956446,True,none,37.89841262864892,16.775878207828843,2.3799259967467545,78.76620194414349,0.11039805585649276,7200.0,298
609,609,Turnigy,RotorStar 4962-500 / RS700 (500),500.0,3500.0,1.75,0.019,0.448,9x7.5E,9x7.5E,9.0,7.5,9.0,7.5,True,True,4.791861619214368,4.791861619214368,0.0,0.0,0.0,0.0,0.0,0.0,5.024105322680486,21.090174458351473,True,none,43.93939638547951,6.6108889853083985,5.3707942595045575,25.609007316235722,53.26759268376426,14300.0,22.215379920544684,True,none,43.810117638636356,12.318413116815526,4.291539656434003,49.2354590773907,29.64114092260928,14300.0,24.77442820751823,True,none,36.68518044262506,11.25496285772731,4.420879042265858,76.68829390533223,2.1883060946677517,14300.0,299
113,113,Scorpion,SII-3026-710 (V2) (710),710.0,1300.0,1.82,0.0282,0.205,9x9E,9x9E,9.0,9.0,9.0,9.0,True,True,4.7918280190203815,4.7918280190203815,0.0,0.0,0.0,0.0,0.0,0.0,4.781105322680487,19.711221473071745,True,none,47.88906022865775,5.046640946604704,6.3632740136149355,33.03068526448815,45.84591473551183,15000.0,20.859590633131376,True,none,47.76668095784015,9.701078861697184,4.9492602572740765,63.70901973570064,15.167580264299339,15000.0,26.240147870565615,True,none,33.33027450828605,8.83141688758591,5.186303481487557,76.15668135477334,2.7199186452266417,15000.0,300
192,192,Scorpion,HKIV-4035-500² (500),500.0,4615.0,2.31,0.016,0.456,9x7.5E,9x7.5E,9.0,7.5,9.0,7.5,True,True,4.791825624966383,4.791825624966383,0.0,0.0,0.0,0.0,0.0,0.0,5.032105322680486,21.097998125588603,True,none,43.93868079827436,6.623879581118532,5.46522684662004,26.026843994013973,52.84975600598601,14300.0,22.22222956473251,True,none,43.80935097473847,12.267648371004151,4.375165360179597,49.84987378765529,29.02672621234469,14300.0,24.780770529009413,True,none,36.68601909559081,11.220737408556467,4.50574606531558,78.06542873998089,0.8111712600190941,14300.0,301
204,204,Scorpion,HKII-4530-500² (500),500.0,11000.0,2.12,0.012,0.598,9x7.5E,9x7.5E,9.0,7.5,9.0,7.5,True,True,4.791777662860326,4.791777662860326,0.0,0.0,0.0,0.0,0.0,0.0,5.174105322680487,21.12328008156055,True,none,44.284276493113175,7.136262495601128,5.316138932538068,27.059502315349217,51.81709768465076,14400.0,22.229102753410785,True,none,44.15691011512318,13.008660095743071,4.271393069727983,51.25750489306937,27.619095106930615,14400.0,25.433951149588616,True,none,35.54217638337379,11.924678343134165,4.397676063280114,76.32670269490059,2.5498973050993925,14400.0,302
269,269,Scorpion,HK5025-440² (440),440.0,5700.0,1.69,0.016,0.546,9x9E,9x9E,9.0,9.0,9.0,9.0,True,True,4.791765677727176,4.791765677727176,0.0,0.0,0.0,0.0,0.0,0.0,5.122105322680487,21.114840559943534,True,none,44.15537861572194,8.826541606328174,4.2431064883500005,26.091843411476557,52.78475658852342,12600.0,22.232533484492883,True,none,44.01068714487211,16.347240797571928,3.36163086321002,49.92382831912322,28.952771680876765,12600.0,24.774759174846714,True,none,36.86630092102432,14.948192346808856,3.4676906437839397,77.48485986465991,1.391740135340072,12600.0,303
313,313,T-Motor,AM670 3D-480 (480),480.0,2700.0,3.5,0.012,0.416,9x9E,9x9E,9.0,9.0,9.0,9.0,True,True,4.791719203898101,4.791719203898101,0.0,0.0,0.0,0.0,0.0,0.0,4.992105322680486,19.758440527883025,True,none,48.48719444216471,6.7851626249729255,5.303747073074494,30.926788617754262,47.94981138224572,13700.0,20.876743842625423,True,none,48.37160353647158,12.618681278467967,4.264055130187934,59.211907717404145,19.664692282595837,13700.0,26.1764121521283,True,none,33.78035311509406,11.53705948141059,4.3883578505069565,68.7286808132775,10.147919186722476,13700.0,304
571,571,Turnigy,ACK-4008CP-620 (620),620.0,510.0,0.5,0.061,0.099,7x7E,7x7E,7.0,7.0,7.0,7.0,True,True,4.7916579084872035,4.7916579084872035,0.0,0.0,0.0,0.0,0.0,0.0,4.671909327680487,21.050033431603378,True,none,43.00129473504126,9.945406347368976,3.0368972859301278,23.028139836224625,55.84846016377536,17400.0,22.24987353289199,True,none,42.792997901272635,20.348853928158963,2.1797610381529298,44.81571517509366,34.060884824906324,17400.0,23.68870586382447,True,none,38.501907080726426,18.335892060576455,2.3140364261972928,75.45831301399886,3.418286986001121,17400.0,305
199,199,Scorpion,HKIII-5025-440² (440),440.0,5460.0,1.97,0.0151,0.566,9x9E,9x9E,9.0,9.0,9.0,9.0,True,True,4.7916579084872035,4.7916579084872035,0.0,0.0,0.0,0.0,0.0,0.0,5.142105322680487,21.13421566501882,True,none,44.15334645937357,8.927008330111981,4.225900020950734,26.415557983451553,52.46104201654843,12600.0,22.249566905767345,True,none,44.00850672411874,16.49443995899883,3.3496076239359605,50.36210128110285,28.51449871889713,12600.0,24.790570894031188,True,none,36.86812175703195,15.08733726216487,3.4551212423557534,78.34574387602869,0.5308561239712901,12600.0,306
223,223,Scorpion,HKIII-4035-500² (500),500.0,3500.0,2.02,0.016,0.439,9x7.5E,9x7.5E,9.0,7.5,9.0,7.5,True,True,4.79159811199766,4.79159811199766,0.0,0.0,0.0,0.0,0.0,0.0,5.015105322680487,21.135878991175726,True,none,43.76821360665346,6.559773179433335,5.483585500935184,25.687252519289803,53.18934748071018,14300.0,22.26094049775685,True,none,43.64388409168736,12.174893384295823,4.387850797778267,49.323415697503535,29.553184302496447,14300.0,24.82819105476115,True,none,36.55027698381631,11.13286245740531,4.518964558232555,77.13780446295208,1.7387955370479062,14300.0,307
630,630,Turnigy,SK3-5055-280 (280),280.0,1630.0,1.6,0.031,0.376,17x12E,17x12E,17.0,12.0,17.0,12.0,True,True,4.791442892266881,4.791442892266881,0.0,0.0,0.0,0.0,0.0,0.0,4.997374702680487,21.195824885131223,True,none,43.52809017582476,2.545763881606246,9.58889046242674,27.237684838074827,51.638915161925155,7800.0,22.285348944699443,True,none,43.522107884892506,4.601193277321568,11.03914200693758,50.84493824971234,28.03166175028764,7800.0,25.014593587620908,True,none,36.114319694909334,4.224074706043181,10.847377168314182,78.75511077401842,0.12148922598156275,7800.0,308
271,271,Scorpion,HK5035-500² (500),500.0,7100.0,1.03,0.012,0.67,9x7.5E,9x7.5E,9.0,7.5,9.0,7.5,True,True,4.791419044448216,4.791419044448216,0.0,0.0,0.0,0.0,0.0,0.0,5.246105322680487,21.192108783159718,True,none,44.2777502404427,7.336009445478627,5.2433154911300495,26.745850342427747,52.13074965757224,14400.0,22.28969558871889,True,none,44.149922649258855,13.301930659583993,4.220215926906872,50.68839984544283,28.18820015455715,14400.0,24.820521421548726,True,none,36.99337348038967,12.1960798700086,4.3441530569067925,78.37007721434142,0.5065227856585608,14400.0,309
162,162,Scorpion,HK5-4035-455 (455),455.0,8200.0,2.37,0.0171,0.475,10x8E,10x8E,10.0,8.0,10.0,8.0,True,True,4.791383288764232,4.791383288764232,0.0,0.0,0.0,0.0,0.0,0.0,5.053540929180487,21.17842073298171,True,none,43.749151531254235,5.9332182909094335,6.066340513011064,25.84814154194176,53.028458458058225,13000.0,22.295952608390913,True,none,43.633597680393976,10.950429404816619,4.892083624524637,49.46736560346582,29.40923439653416,13000.0,24.862317899379256,True,none,36.54622101775364,10.027698325792958,5.032557652555267,78.06185621661345,0.8147437833865325,13000.0,310
296,296,T-Motor,Antigravity 5006-300 (300),300.0,500.0,0.6,0.125,0.108,14x12E,14x12E,14.0,12.0,14.0,12.0,True,True,4.791347552319248,4.791347552319248,0.0,0.0,0.0,0.0,0.0,0.0,4.704404705180487,21.58813752112455,True,none,41.520002624722046,8.38544394703402,3.378154052425626,22.39986870383354,56.47673129616644,8200.0,22.302408446652812,True,none,42.718791543423464,17.43773270242822,2.34066049749739,45.156159216455066,33.720440783544916,8200.0,23.783445862870366,True,none,38.34105059326834,15.683477617001625,2.4436143552081053,76.19030376087345,2.686296239126534,8200.0,311
401,401,T-Motor,MN5006-300 (300),300.0,500.0,0.6,0.125,0.108,14x12E,14x12E,14.0,12.0,14.0,12.0,True,True,4.791347552319248,4.791347552319248,0.0,0.0,0.0,0.0,0.0,0.0,4.704404705180487,21.58813752112455,True,none,41.520002624722046,8.38544394703402,3.378154052425626,22.39986870383354,56.47673129616644,8200.0,22.302408446652812,True,none,42.718791543423464,17.43773270242822,2.34066049749739,45.156159216455066,33.720440783544916,8200.0,23.783445862870366,True,none,38.34105059326834,15.683477617001625,2.4436143552081053,76.19030376087345,2.686296239126534,8200.0,312
238,238,Scorpion,SII-3020-890² (890),890.0,800.0,1.42,0.02,0.166,7x7E,7x7E,7.0,7.0,7.0,7.0,True,True,4.791312628480619,4.791312628480619,0.0,0.0,0.0,0.0,0.0,0.0,4.738909327680487,19.739577304710146,True,none,47.62744239129401,9.05684460202919,3.335047294799348,31.847433461135108,47.02916653886487,19100.0,20.935367759222437,True,none,47.35263735402531,18.315681813213946,2.446673288687394,61.41889467004769,17.45770532995229,19000.0,25.48045472918356,True,none,34.70249011794847,16.546485580776807,2.5844475203433643,75.12178194397576,3.75481805602422,19000.0,313
429,429,T-Motor,U7-280 V2 (280),280.0,800.0,0.5,0.071,0.255,16x12E,16x12E,16.0,12.0,16.0,12.0,True,True,4.791169158136608,4.791169158136608,0.0,0.0,0.0,0.0,0.0,0.0,4.866731777180487,21.219101625915002,True,none,43.070002113243746,4.9375420360599405,6.407735359413716,24.450178627893965,54.42642137210602,8000.0,22.331990810766257,True,none,43.044023450336866,9.527208201440246,4.805364753723589,47.44311500044979,31.433484999550195,7900.0,24.652151188578856,True,none,36.66068086268068,8.669154777949947,4.963316302251072,75.9146733208636,2.9619266791363827,7900.0,314
148,148,Scorpion,HKIV-5035-410 (410),410.0,6061.0,3.77,0.0115,0.778,11x10E,11x10E,11.0,10.0,11.0,10.0,True,True,4.791164134106841,4.791164134106841,0.0,0.0,0.0,0.0,0.0,0.0,5.359679929680487,19.8916469447025,True,none,49.30838633916477,5.954893570798154,6.98013940761943,33.734742107142836,45.141857892857146,11700.0,20.958621098809513,True,none,49.22043835371412,10.4522686488714,5.781203081340953,64.4328190075164,14.443780992483582,11700.0,26.13989264607325,True,none,34.43065289665421,9.627072829844572,5.925771110310007,75.05802939258555,3.818570607414429,11700.0,315
72,72,Planet-Hobby,Joker 4250-6 V2 (840),840.0,900.0,2.51,0.018,0.2,7x9E,7x9E,7.0,9.0,7.0,9.0,True,True,4.79111021341777,4.79111021341777,0.0,0.0,0.0,0.0,0.0,0.0,4.772909327680487,19.789578007520433,True,none,47.566167443221445,9.03571394352222,3.4825735586071276,33.38078230719164,45.495817692808345,19000.0,20.966736414439353,True,none,47.34344252177509,18.009933240130998,2.6331726825826536,63.85180010773239,15.024799892267595,19000.0,26.363946557592428,True,none,33.093475862188924,16.300296200582906,2.728229520362923,75.96590280761501,2.9106971923849727,19000.0,316
702,702,Turnigy,TR42-60C² (500),500.0,900.0,4.3,0.023,0.28,10x12WE,10x12WE,10.0,12.0,10.0,12.0,True,True,4.791096739674429,4.791096739674429,0.0,0.0,0.0,0.0,0.0,0.0,4.858540929180487,19.793044482913963,True,none,47.86582699479381,8.622061167264716,3.746694501692768,34.19445100363227,44.682148996367715,10300.0,20.968390667982852,True,none,47.60446100727041,16.961396181979786,2.818075697967361,65.37487219189514,13.501727808104846,10200.0,27.251274541780553,True,none,31.693388777293002,15.34485034211291,2.9159776792228858,76.02313186841965,2.8534681315803283,10200.0,317
92,92,Scorpion,A-3017-920 (920),920.0,962.0,1.86,0.025,0.136,7x9E,7x9E,7.0,9.0,7.0,9.0,True,True,4.791069799897307,4.791069799897307,0.0,0.0,0.0,0.0,0.0,0.0,4.7089093276804865,19.787458539318482,True,none,47.34047752185372,8.632468564873008,3.53432322845199,33.953918870118414,44.92268112988157,19000.0,20.972678639186096,True,none,47.122511719633366,17.324407833588385,2.668002736342866,64.63334076817951,14.243259231820474,19000.0,26.398678004764665,True,none,32.932263117243494,15.683699895085727,2.764738079239741,77.71042223795828,1.1661777620416984,19000.0,318
6,6,Cobra,C-3515/14 (950),950.0,970.0,1.39,0.044,0.178,7x9E,7x9E,7.0,9.0,7.0,9.0,True,True,4.790989042189526,4.790989042189526,0.0,0.0,0.0,0.0,0.0,0.0,4.750909327680486,19.803616657977614,True,none,47.43401673235857,8.963891415101553,3.50022259023475,34.54252474780108,44.3340752521989,18900.0,20.983247112841624,True,none,47.2144493755051,17.916980490035808,2.600682374017755,66.03498710578276,12.84161289421722,18900.0,26.394633306399456,True,none,33.00442515096745,16.218483819098935,2.6954832291955357,78.74669312473438,0.12990687526560407,18900.0,319
700,700,Turnigy,TR42-50A² (700),700.0,700.0,3.4,0.0327,0.195,7x7E,7x7E,7.0,7.0,7.0,7.0,True,True,4.790921814622619,4.790921814622619,0.0,0.0,0.0,0.0,0.0,0.0,4.767909327680487,19.803285374009207,True,none,47.497138649584286,9.180667478667903,3.3616400469168393,30.044204802319534,48.83239519768045,19100.0,20.993925340323806,True,none,47.2281688386694,18.476991472130337,2.474088958632442,57.74623474173487,21.130365258265115,19000.0,25.54450689685574,True,none,34.62568668630895,16.7067202205489,2.5681975033828217,71.12165340566551,7.75494659433447,19000.0,320
49,49,Planet-Hobby,Joker 3548-5.5 V3 (720),720.0,750.0,1.1,0.0433,0.167,7x9E,7x9E,7.0,9.0,7.0,9.0,True,True,4.790881508815077,4.790881508815077,0.0,0.0,0.0,0.0,0.0,0.0,4.739909327680487,19.819294369603128,True,none,47.33627573774097,8.787579835383111,3.560693788757991,29.92682226520779,48.94977773479219,19000.0,21.00039840284837,True,none,47.11773681658416,17.571515340896614,2.651057375685591,57.604203477751916,21.272396522248066,19000.0,25.570461884550806,True,none,34.52728198284652,15.900464320485035,2.746972746272182,69.82430604339497,9.052293956605013,19000.0,321
443,443,T-Motor,V505-260 (260),260.0,2500.0,1.5,0.058,0.225,14x14E,14x14E,14.0,14.0,14.0,14.0,True,True,4.790872897222982,4.790872897222982,0.0,0.0,0.0,0.0,0.0,0.0,4.821404705180487,21.236074425608237,True,none,42.88486581114631,5.173074281950541,6.487499352549169,23.061064684912758,55.815535315087224,7200.0,22.381261890607753,True,none,42.779997955794684,9.791346801031219,5.2467891013726815,44.793909096564214,34.08269090343577,7200.0,24.361390415210177,True,none,37.224665486674496,8.937497298309632,5.393777624616873,73.20506738620713,5.671532613792849,7200.0,322
588,588,Turnigy,NTM PropDrive v2 3536-910 (910),910.0,910.0,1.4,0.043,0.121,8x8E,8x8E,8.0,8.0,8.0,8.0,True,True,4.790747322306427,4.790747322306427,0.0,0.0,0.0,0.0,0.0,0.0,4.695264369180487,19.80355131665063,True,none,47.231738597478106,9.030207592379133,3.239174163348603,34.31800790310135,44.55859209689863,15500.0,21.02061750588956,True,none,46.90644244784523,18.508237708729833,2.379225831518751,65.53601655737386,13.340583442626126,15500.0,27.38705288389636,True,none,31.24396366785996,16.707583998366204,2.473701005797235,75.7032948961941,3.1733051038058875,15500.0,323
583,583,Turnigy,D3548-6 (790),790.0,715.0,1.8,0.04,0.159,7x7E,7x7E,7.0,7.0,7.0,7.0,True,True,4.790626772586233,4.790626772586233,0.0,0.0,0.0,0.0,0.0,0.0,4.731909327680487,19.838081306449237,True,none,47.23835645331272,9.254349470707188,3.240941120904729,30.148532372441586,48.728067627558396,18900.0,21.03775410292912,True,none,46.9574497730513,18.780823356548183,2.4074013698853016,57.99180442458256,20.88479557541742,18800.0,25.997897305268282,True,none,37.60351169847814,16.949517416099653,2.500931356143843,78.30133321051278,0.5752667894872019,18900.0,324
650,650,Turnigy,SK3548-04² (900),900.0,835.0,2.9,0.035,0.171,7x7E,7x7E,7.0,7.0,7.0,7.0,True,True,4.790559889611906,4.790559889611906,0.0,0.0,0.0,0.0,0.0,0.0,4.743909327680487,19.85051408991675,True,none,47.236253271057315,9.325658552455776,3.2315383989770794,32.80824464920271,46.06835535079727,18900.0,21.04862278853381,True,none,46.955060717120936,18.894457634427226,2.401041321591747,62.59895248847908,16.277647511520904,18800.0,25.61831763970763,True,none,34.44068868662518,17.05552322878234,2.494266146133369,78.501363389069,0.37523661093098326,18900.0,325
612,612,Turnigy,SK3-3548-840 (840),840.0,750.0,1.6,0.025,0.174,7x7E,7x7E,7.0,7.0,7.0,7.0,True,True,4.7905331542135805,4.7905331542135805,0.0,0.0,0.0,0.0,0.0,0.0,4.746909327680487,19.853619567059514,True,none,47.23572588157386,9.344352538238265,3.229194299504139,30.948682086698692,47.927917913301286,18900.0,21.051338236221415,True,none,46.954462426799765,18.93959974525653,2.399454484212076,59.39290844548738,19.483691554512603,18800.0,25.620675182562998,True,none,34.441155729481416,17.094891745138124,2.492603313706099,72.68053305188081,6.196066948119167,18900.0,326
317,317,T-Motor,AT2826-900 (Long Shaft) (900),900.0,820.0,2.2,0.024,0.175,7x7E,7x7E,7.0,7.0,7.0,7.0,True,True,4.7905331542135805,4.7905331542135805,0.0,0.0,0.0,0.0,0.0,0.0,4.747909327680487,19.854654484851803,True,none,47.23554994425661,9.269068552999673,3.278147944395334,32.34349147467138,46.5331085253286,18900.0,21.052243232532156,True,none,46.95426290548207,18.770222259482114,2.398925819851573,61.857490353514656,17.019109646485326,18900.0,25.621460894577115,True,none,34.441311308808636,16.947703363620732,2.492049343815822,76.89989813772262,1.9767018622773662,18900.0,327
155,155,Scorpion,HK5-4026-655 (655),655.0,4050.0,3.81,0.0135,0.368,7x7E,7x7E,7.0,7.0,7.0,7.0,True,True,4.790453008942413,4.790453008942413,0.0,0.0,0.0,0.0,0.0,0.0,4.940909327680487,19.924926111334038,True,none,47.6700707631623,9.80181285787258,3.5365459668411536,30.590009259103464,48.286590740896514,18700.0,21.064480783951485,True,none,47.50360735773502,18.86068664463655,2.735255250805422,58.64263182815723,20.233968171842754,18700.0,25.590400877725877,True,none,34.82776686967409,17.156798511323863,2.8312059845199355,71.90458925319534,6.972010746804642,18700.0,328
226,226,Scorpion,HKII-4235-550 Ltd Ed² (550),550.0,5770.0,1.77,0.016,0.519,8x8E,8x8E,8.0,8.0,8.0,8.0,True,True,4.79043966027435,4.79043966027435,0.0,0.0,0.0,0.0,0.0,0.0,5.093264369180487,19.953923933714876,True,none,48.106119696037254,8.673603825642036,4.28507181712212,30.239708313754136,48.636891686245846,15700.0,21.066491214296104,True,none,47.96688186580386,16.103873098017196,3.4009247830871483,58.20063655010644,20.675963449893544,15700.0,25.545999736144584,True,none,35.17456450573353,14.721416850719459,3.5073965328760632,69.10763130992183,9.768968690078154,15700.0,329
675,675,Turnigy,TR3548-06² (790),790.0,790.0,1.3,0.054,0.17,7x9E,7x9E,7.0,9.0,7.0,9.0,True,True,4.790359621463049,4.790359621463049,0.0,0.0,0.0,0.0,0.0,0.0,4.742909327680487,19.89053045027697,True,none,47.08664622904035,9.320440465483525,3.3032602814170335,31.24956798035306,47.62703201964692,18600.0,21.07787243935281,True,none,46.846448600037675,18.738670659798046,2.476613504866142,60.07722988843136,18.79937011156862,18600.0,25.661946643112778,True,none,34.35432722264126,16.955751586775534,2.5692280318861602,73.45088288494593,5.425717115054056,18600.0,330
115,115,Scorpion,SII-3032-690 (V2) (690),690.0,1333.0,3.29,0.0284,0.275,7x9E,7x9E,7.0,9.0,7.0,9.0,True,True,4.790319636223083,4.790319636223083,0.0,0.0,0.0,0.0,0.0,0.0,4.847909327680487,19.917642970977198,True,none,47.36399653944613,8.70964018060958,3.886550028336099,31.32740808893495,47.54919191106504,19200.0,21.083928438002573,True,none,47.14618501138944,16.82664158170897,2.991126357581767,59.990221112987584,18.8863788870124,19200.0,25.637793316274944,True,none,34.57759564720877,15.301547943459271,3.1386977742967868,74.25571554917505,4.620884450824931,19200.0,331
498,498,T-Motor,U10 Plus 170² (170),170.0,1700.0,1.9,0.021,0.5,20x22.5EP(CD),20x22.5EP(CD),20.0,22.5,20.0,22.5,True,True,4.790279673734322,4.790279673734322,0.0,0.0,0.0,0.0,0.0,0.0,5.159525929180487,20.008990113283545,True,none,48.13295840134784,3.0772013195813988,9.79290213774292,33.725294210815996,45.151305789183986,4800.0,21.090269563588656,True,none,48.081939642524944,5.426992633028287,10.855627308871323,62.537795078031344,16.338804921968638,4800.0,25.56510249732834,True,none,35.24782399047887,4.999326352202307,11.028132362764568,76.19837843448342,2.6782215655165658,4800.0,332
445,445,T-Motor,V605-210 (210),210.0,3200.0,1.6,0.048,0.32,20x22.5EP(CD),20x22.5EP(CD),20.0,22.5,20.0,22.5,True,True,4.790239733977351,4.790239733977351,0.0,0.0,0.0,0.0,0.0,0.0,4.979525929180487,19.990101103513457,True,none,47.56529770413169,2.2806215406897365,9.56616809277716,35.41526379876036,43.461336201239625,5200.0,21.09581493479765,True,none,47.50646422507047,4.129194009422781,11.019410507290448,64.68726111493875,14.189338885061233,5200.0,26.47040670792555,True,none,33.21961581113892,3.7950245639359266,10.827296204986409,78.42093787994372,0.4556621200562603,5200.0,333
170,170,Scorpion,HK5-6528-295 (295),295.0,11440.0,3.45,0.0122,1.07,14x14E,14x14E,14.0,14.0,14.0,14.0,True,True,4.790226425773184,4.790226425773184,0.0,0.0,0.0,0.0,0.0,0.0,5.6664047051804864,20.068005644422172,True,none,49.70242436194889,5.738296870099224,7.982777354126971,35.911103567375434,42.96549643262455,8300.0,21.097459028234848,True,none,49.633504287954885,9.71911110062578,6.743382200142332,67.990319280707,10.886280719292984,8300.0,26.20357443115359,True,none,34.788451939917195,9.003716264628707,6.894514079891786,78.26469215623752,0.6119078437624665,8300.0,334
96,96,Scorpion,A-5025-215 (215),215.0,4000.0,1.05,0.035,0.523,20x22.5EP(CD),20x22.5EP(CD),20.0,22.5,20.0,22.5,True,True,4.790146629503616,4.790146629503616,0.0,0.0,0.0,0.0,0.0,0.0,5.182525929180486,20.03064842102489,True,none,48.132144173702976,2.320841168763317,9.821496575595189,38.1672837876544,40.709316212345584,5400.0,21.109228902388082,True,none,48.08106365984725,4.073775332247617,11.241780594431798,68.8278612672637,10.048738732736282,5400.0,27.314036164619445,True,none,32.04277371372981,3.748662508202667,11.053531838994873,77.2336657973186,1.6429342026813885,5400.0,335
654,654,Turnigy,SK4250-05² (950),950.0,980.0,1.9,0.024,0.23,7x9E,7x9E,7.0,9.0,7.0,9.0,True,True,4.790133338944571,4.790133338944571,0.0,0.0,0.0,0.0,0.0,0.0,4.802909327680487,19.93705093035795,True,none,47.13207220198197,9.31279555558097,3.407602238605606,35.00680540703134,43.869794592968645,18900.0,21.112394809958168,True,none,46.905315681305495,18.49671859405916,2.5728945016384417,66.6225135664385,12.254086433561483,18900.0,27.473476887765713,True,none,31.25476868777837,16.754361722015428,2.6663703207420206,77.00873828295632,1.8678617170436667,18900.0,336
185,185,Scorpion,HK-4535-500 Ltd Ed² (500),500.0,13000.0,2.06,0.01,0.664,8x8E,8x8E,8.0,8.0,8.0,8.0,True,True,4.790120466626311,4.790120466626311,0.0,0.0,0.0,0.0,0.0,0.0,5.238264369180487,21.39296804658317,True,none,43.61843581355057,11.691402980547071,3.283973209569342,26.667955424565037,52.208644575434946,14400.0,22.509012205523742,True,none,43.43997718094718,21.769138704261337,2.544937497193998,50.54363294852679,28.33296705147319,14400.0,25.06234133806208,True,none,36.444301696226695,19.884649368395902,2.6345574317999003,78.50842557768978,0.36817442231020436,14400.0,337
138,138,Scorpion,HKII-4225-550 Ltd Ed (550),550.0,4615.0,3.2,0.0146,0.393,8x8E,8x8E,8.0,8.0,8.0,8.0,True,True,4.790093482371774,4.790093482371774,0.0,0.0,0.0,0.0,0.0,0.0,4.967264369180487,19.988759588572623,True,none,47.52677440077479,8.06375737866929,4.324095680762223,29.855426307093225,49.02117369290676,15700.0,21.11747974325891,True,none,47.38885736207075,15.262787417348935,3.4152203236447534,57.44287137465745,21.433728625342532,15700.0,25.65152712759815,True,none,34.750714056529056,13.910806527745478,3.5241691646017372,69.7015634720258,9.175036527974186,15700.0,338
239,239,Scorpion,SII-3020-780² (780),780.0,780.0,1.21,0.03,0.166,8x8E,8x8E,8.0,8.0,8.0,8.0,True,True,4.790027105055348,4.790027105055348,0.0,0.0,0.0,0.0,0.0,0.0,4.740264369180487,19.91864867765249,True,none,46.97514197929948,9.381865813767092,3.203607663237386,31.68886732829815,47.18773267170183,15500.0,21.12834570708015,True,none,46.65741125700785,19.1242479114217,2.2994367026858415,61.091717646305696,17.784882353694286,15400.0,25.712081831770462,True,none,34.25312597020945,17.25067472868077,2.4485650118124926,75.57772408286813,3.298875917131852,15500.0,339
603,603,Turnigy,RotorStar 2820-930 / RS380 (930),930.0,900.0,1.0,0.043,0.142,7x9E,7x9E,7.0,9.0,7.0,9.0,True,True,4.789682953399295,4.789682953399295,0.0,0.0,0.0,0.0,0.0,0.0,4.714909327680487,19.98706809881696,True,none,46.63906451980118,9.296786740996014,3.2762865471318965,33.186939447855615,45.68966055214437,18500.0,21.180519967186626,True,none,46.39546483522687,18.797550709431242,2.4492938964655426,63.1404284992564,15.73617150074358,18500.0,25.79813245517823,True,none,34.046425786246715,16.997455457304085,2.5418397737778364,78.80784357531954,0.06875642468044418,18500.0,340
37,37,Cobra,CM-4012/30 (300),300.0,490.0,0.69,0.124,0.141,14x12E,14x12E,14.0,12.0,14.0,12.0,True,True,4.789654527559946,4.789654527559946,0.0,0.0,0.0,0.0,0.0,0.0,4.737404705180487,21.071125421877596,True,none,43.13498960164826,8.915473553631264,3.176414680483406,23.827676147652674,55.04892385234731,8100.0,22.590864911653945,True,none,42.530651958306905,18.513062918134928,2.1713045774321973,45.607932484834095,33.26866751516589,8000.0,23.702591139123484,True,none,38.606950326923474,16.628844643523816,2.27135899164823,78.58793879991106,0.2886612000889244,8000.0,341
593,593,Turnigy,NTM PropDrive v2 5050-580 (580),580.0,2000.0,2.5,0.014,0.331,8x8E,8x8E,8.0,8.0,8.0,8.0,True,True,4.789654527559946,4.789654527559946,0.0,0.0,0.0,0.0,0.0,0.0,4.905264369180487,21.427184412693986,True,none,42.55649951533892,6.941535258437829,4.981191694104328,25.668326907444694,53.20827309255529,16400.0,22.590939615685137,True,none,42.365945556217454,13.126740049943107,3.9748987404820904,48.84936862563946,30.027231374360525,16400.0,25.208918539995544,True,none,35.54089141513991,11.97710807246883,4.094653461711728,77.62962503683057,1.2469749631694071,16400.0,342
166,166,Scorpion,HK5-5024-475 (475),475.0,12000.0,3.99,0.0113,0.598,9x9E,9x9E,9.0,9.0,9.0,9.0,True,True,4.789643352304655,4.789643352304655,0.0,0.0,0.0,0.0,0.0,0.0,5.174105322680487,20.08862778772622,True,none,47.88328575538697,7.679597381271709,5.0267724798644435,31.63186220830316,47.24473779169682,13500.0,21.186221755516527,True,none,47.765187882069995,13.97308619446366,4.0544849345339555,60.35739069523568,18.519209304764303,13500.0,25.670490580309178,True,none,35.05867457813834,12.809699466391063,4.1714860765771755,73.81171911262618,5.064880887373803,13500.0,343
589,589,Turnigy,NTM PropDrive v2 3548-900 (900),900.0,815.0,2.4,0.023,0.178,7x7E,7x7E,7.0,7.0,7.0,7.0,True,True,4.789537858963211,4.789537858963211,0.0,0.0,0.0,0.0,0.0,0.0,4.750909327680486,20.000851941777082,True,none,46.71704030980121,9.467164067950105,3.2260729105210624,32.06558886087506,46.81101113912492,18800.0,21.201117260713435,True,none,46.43095600711961,19.217405858527734,2.3544105705902765,61.51272813991079,17.36387186008919,18700.0,25.80411823793974,True,none,34.094464232192756,17.335686017366605,2.446658840387287,76.78024011202703,2.0963598879729517,18700.0,344
63,63,Planet-Hobby,Joker 6360-8 V3 (280),280.0,3200.0,1.4,0.0178,0.64,14x14E,14x14E,14.0,14.0,14.0,14.0,True,True,4.789445682813591,4.789445682813591,0.0,0.0,0.0,0.0,0.0,0.0,5.236404705180487,20.136291636244152,True,none,47.921571141162794,5.156368466232836,7.824349505433126,29.797501220771856,49.079098779228126,7900.0,21.215822913360487,True,none,47.843765943052716,9.120673190280677,6.509803662011034,57.53838344784825,21.338216552151735,7900.0,25.691736204110015,True,none,35.11961823423851,8.395042992387019,6.66755240287739,67.96812342585295,10.90847657414703,7900.0,345
266,266,Scorpion,HK4535-550² (550),550.0,13000.0,2.23,0.009,0.635,8x8E,8x8E,8.0,8.0,8.0,8.0,True,True,4.789406215978819,4.789406215978819,0.0,0.0,0.0,0.0,0.0,0.0,5.209264369180487,20.123784740064888,True,none,47.874028055276106,9.120331679942678,4.186528073776908,30.9977332342629,47.87886676573709,15800.0,21.222392034621524,True,none,47.736767860101594,16.76854738717219,3.3317709370817914,59.21461917713908,19.661980822860905,15800.0,25.701265671224157,True,none,35.0552126340247,15.343903217800236,3.43511634845882,71.13782420196996,7.738775798030019,15800.0,346
257,257,Scorpion,S-4035-250² (250),250.0,3200.0,0.69,0.037,0.435,20x15E,20x15E,20.0,15.0,20.0,15.0,True,True,4.789366771454299,4.789366771454299,0.0,0.0,0.0,0.0,0.0,0.0,5.094525929180487,20.14046629545467,True,none,47.41261036162266,1.9790600249688275,9.711636602774968,33.67347730585742,45.203122694142564,6700.0,21.227753636400926,True,none,47.369662815578494,3.5217761575732647,11.145928469771999,61.780669505404404,17.095930494595578,6700.0,25.758585575811892,True,none,34.75041238639603,3.2411861161917632,10.956032887665312,75.45777982865727,3.418820171342716,6700.0,347
39,39,Cobra,CM-4510/40 (310),310.0,490.0,0.31,0.113,0.211,12x12E,12x12E,12.0,12.0,12.0,12.0,True,True,4.789295688450927,4.789295688450927,0.0,0.0,0.0,0.0,0.0,0.0,4.796631065180486,21.474465407071605,True,none,42.10691334986051,8.555209297378237,3.4831053268243166,22.137561463087593,56.73903853691239,8700.0,22.6520557831213,True,none,41.921795154502,17.267528113212723,2.52610798102603,42.95353214820486,35.923067851795125,8600.0,23.620698776199113,True,none,38.935035755112764,15.606425927875016,2.62372161252132,75.60970687115011,3.2668931288498726,8600.0,348
674,674,Turnigy,TR3548-05² (900),900.0,770.0,1.5,0.04,0.17,7x7E,7x7E,7.0,7.0,7.0,7.0,True,True,4.789196102527792,4.789196102527792,0.0,0.0,0.0,0.0,0.0,0.0,4.742909327680487,20.047154009589146,True,none,46.523806006970496,9.78437411015946,3.082889798522848,31.293378737101946,47.583221262898036,18600.0,21.253639391767983,True,none,46.222112102479905,19.924321293633135,2.229705389311056,60.18407081680875,18.692529183191233,18500.0,25.86905142651183,True,none,33.95798663189851,17.98732798366747,2.3197496623392984,74.67348327569572,4.203116724304266,18600.0,349
307,307,T-Motor,AM480-900 (900),900.0,800.0,2.45,0.018,0.145,7x7E,7x7E,7.0,7.0,7.0,7.0,True,True,4.7891567766723915,4.7891567766723915,0.0,0.0,0.0,0.0,0.0,0.0,4.717909327680487,20.05108781005629,True,none,46.4222498927553,9.563347816019718,3.101985529960897,31.724297600638828,47.152302399361155,18600.0,21.26076631950725,True,none,46.12275390684917,19.52663563272767,2.285607299000153,60.64710062798646,18.22949937201352,18500.0,25.88657643021384,True,none,33.88398267867451,17.629070100318927,2.377071783311115,76.10524061186854,2.771359388131444,18600.0,350
214,214,Scorpion,SII-5525-210² (210),210.0,3150.0,1.11,0.026,0.708,20x22.5EP(CD),20x22.5EP(CD),20.0,22.5,20.0,22.5,True,True,4.7891567766723915,4.7891567766723915,0.0,0.0,0.0,0.0,0.0,0.0,5.367525929180487,20.202679858296634,True,none,48.12543493376427,2.536172298237866,10.048536309312617,38.649308155274646,40.227291844725336,5400.0,21.260278707996115,True,none,48.07387665522106,4.338148910153459,11.440669469418712,69.68502690670137,9.191573093298615,5400.0,27.425609580393214,True,none,32.11041535297822,4.012269205711016,11.25574755806203,77.34617185406455,1.5304281459354314,5400.0,351
136,136,Scorpion,HK-4540-400 Ultimate (400),400.0,13000.0,2.28,0.0124,0.719,12x12E,12x12E,12.0,12.0,12.0,12.0,True,True,4.789117473007824,4.789117473007824,0.0,0.0,0.0,0.0,0.0,0.0,5.304631065180486,20.19089978061099,True,none,47.952541642686846,4.505750502175622,9.166638380972595,32.85694434803149,46.01965565196849,11000.0,21.266409252771645,True,none,47.8604519153244,7.875412199624845,7.708277026184621,62.64875702764858,16.227842972351404,11000.0,25.730221422023867,True,none,35.15498914739479,7.262510324707274,7.883641868976357,76.26575589081091,2.610844109189074,11000.0,352
321,321,T-Motor,AT3530-580 (Long Shaft) (580),580.0,1400.0,1.9,0.018,0.298,8x8E,8x8E,8.0,8.0,8.0,8.0,True,True,4.78907672410116,4.78907672410116,0.0,0.0,0.0,0.0,0.0,0.0,4.8722643691804866,21.52029179332409,True,none,42.18823746945901,6.860537080434513,5.014334649913002,24.851687288936617,54.024912711063365,16400.0,22.68939848259719,True,none,41.997903967053794,13.004905269055245,3.9974256813994793,47.47340328386218,31.4031967161378,16400.0,24.679386942634917,True,none,36.611121543644224,11.859195931265369,4.118273210642358,78.63898552139047,0.23761447860951534,16400.0,353
330,330,T-Motor,AT5220-A-380 (380),380.0,2200.0,4.0,0.011,0.465,12x10E,12x10E,12.0,10.0,12.0,10.0,True,True,4.789065102608357,4.789065102608357,0.0,0.0,0.0,0.0,0.0,0.0,5.050631065180487,20.17147703777838,True,none,47.14691668943743,4.38401233215002,8.322668432091781,30.087741096925505,48.78885890307448,10800.0,21.274615319725136,True,none,47.06628845345289,7.985332083540296,6.8530910710750765,57.8660343878441,21.01056561215588,10800.0,25.826295998416764,True,none,34.54477220631752,7.327406330123203,7.028452416433156,72.15446275269186,6.722137247308126,10800.0,354
332,332,T-Motor,AT5220-B-380 (380),380.0,2200.0,4.0,0.011,0.465,12x10E,12x10E,12.0,10.0,12.0,10.0,True,True,4.789065102608357,4.789065102608357,0.0,0.0,0.0,0.0,0.0,0.0,5.050631065180487,20.17147703777838,True,none,47.14691668943743,4.38401233215002,8.322668432091781,30.087741096925505,48.78885890307448,10800.0,21.274615319725136,True,none,47.06628845345289,7.985332083540296,6.8530910710750765,57.8660343878441,21.01056561215588,10800.0,25.826295998416764,True,none,34.54477220631752,7.327406330123203,7.028452416433156,72.15446275269186,6.722137247308126,10800.0,355
324,324,T-Motor,AT4120-250 (Long Shaft) (250),250.0,2100.0,1.0,0.076,0.305,20x15E,20x15E,20.0,15.0,20.0,15.0,True,True,4.7890258506494146,4.7890258506494146,0.0,0.0,0.0,0.0,0.0,0.0,4.964525929180486,20.1729362513516,True,none,46.844550578762984,2.183527297249684,9.547030530707229,31.984688330503033,46.89191166949695,6500.0,21.28048985025558,True,none,46.78768678446475,3.9801848731901592,11.002800911730217,58.67741336008268,20.1991866399173,6500.0,25.866625625580802,True,none,34.325290685804234,3.646702422602127,10.810391439975765,72.20962472864133,6.666975271358652,6500.0,356
684,684,Turnigy,TR5055-06² (580),580.0,1390.0,2.3,0.02,0.31,8x8E,8x8E,8.0,8.0,8.0,8.0,True,True,4.789019223748147,4.789019223748147,0.0,0.0,0.0,0.0,0.0,0.0,4.884264369180487,21.5324516175763,True,none,42.18668495309418,6.924667105985286,4.9237315634933045,25.176276733380337,53.70032326661965,16300.0,22.70003608698562,True,none,41.99623349190665,13.161420828132075,3.9213541915171257,48.004664019021945,30.871935980978037,16300.0,25.33534801867823,True,none,35.244335167910776,11.994720849049944,4.040574081115296,76.17039031020033,2.7062096897996497,16300.0,357
337,337,T-Motor,AT7215-270 (270),270.0,4800.0,2.4,0.017,0.56,16x12E,16x12E,16.0,12.0,16.0,12.0,True,True,4.788996237789552,4.788996237789552,0.0,0.0,0.0,0.0,0.0,0.0,5.1717317771804865,21.615674884524616,True,none,42.74830222140282,3.3825851066788193,9.808087273870402,25.965050295142795,52.91154970485719,7700.0,22.70460835540972,True,none,42.680851030744854,6.050632429651522,9.230898877130034,49.171335516486,29.70526448351398,7700.0,25.3090916062186,True,none,35.798682368733125,5.5589014492882,9.456738895023081,77.97237696564119,0.9042230343587931,7700.0,358
100,100,Scorpion,A-5524-315 (V2) (315),315.0,4662.0,3.49,0.0133,0.655,14x12E,14x12E,14.0,12.0,14.0,12.0,True,True,4.788934348767478,4.788934348767478,0.0,0.0,0.0,0.0,0.0,0.0,5.251404705180486,20.21780989686128,True,none,47.66803014128877,4.184562832278715,9.675022796347173,31.309841336837085,47.5667586631629,8900.0,21.293327038302053,True,none,47.59953770141844,7.370681374254049,7.867414931420277,60.08213820388813,18.794461796111854,8900.0,25.78381104315418,True,none,34.959016586481255,6.780210602457403,8.053667410620626,73.43716786555215,5.439432134447827,8900.0,359
94,94,Scorpion,A-4225-250 (V2) (250),250.0,3108.0,0.74,0.0486,0.35,14x14E,14x14E,14.0,14.0,14.0,14.0,True,True,4.788858491944749,4.788858491944749,0.0,0.0,0.0,0.0,0.0,0.0,4.946404705180487,21.59667380488997,True,none,42.17410371283979,5.819359807921286,6.133531910427454,22.36851407657507,56.508085923424915,7000.0,22.72872982831212,True,none,42.06347805398762,10.803908164493045,4.967564760591282,43.31317052229642,35.563429477703565,7000.0,24.128486616635342,True,none,38.01280107139953,9.880505277369693,5.106307061888014,75.46596008105817,3.4106399189418113,7000.0,360
590,590,Turnigy,NTM PropDrive v2 4248-750 (750),750.0,785.0,2.5,0.029,0.231,7x9E,7x9E,7.0,9.0,7.0,9.0,True,True,4.788829922405738,4.788829922405738,0.0,0.0,0.0,0.0,0.0,0.0,4.803909327680487,20.128364581280806,True,none,46.44853641370419,9.716597185577864,3.2562735727468692,31.16972148839057,47.70687851160941,18600.0,21.30905906657994,True,none,46.209073908471765,19.392984982872367,2.444803416131432,59.591364330492404,19.28523566950758,18600.0,25.927859214888137,True,none,33.9463545928612,17.542183450251787,2.5359056866634773,74.0171520631139,4.859447936886085,18600.0,361
667,667,Turnigy,SK6354-13² (250),250.0,2450.0,1.7,0.053,0.558,20x15E,20x15E,20.0,15.0,20.0,15.0,True,True,4.788790802936556,4.788790802936556,0.0,0.0,0.0,0.0,0.0,0.0,5.2175259291804865,20.241366315764232,True,none,47.46429726108335,2.275896490299438,9.86485082043594,34.4421132595498,44.43448674045018,6700.0,21.316080803333406,True,none,47.41378691976598,3.9924228416801757,11.279677196550042,63.150412367354406,15.726187632645576,6700.0,26.655729897167173,True,none,33.243604789553544,3.6779972241888204,11.09207162078847,76.34483350940462,2.531766490595359,6700.0,362
661,661,Turnigy,SK5055-05² (580),580.0,1530.0,1.6,0.017,0.33,8x8E,8x8E,8.0,8.0,8.0,8.0,True,True,4.7887439257682205,4.7887439257682205,0.0,0.0,0.0,0.0,0.0,0.0,4.904264369180487,21.583380810830434,True,none,42.0946556406499,6.97718764826814,4.982190089719578,24.818011321721695,54.058588678278284,16400.0,22.747692914032285,True,none,41.906974591559866,13.179147964590168,3.975578435555591,47.28604707306151,31.59055292693847,16400.0,24.739837742107476,True,none,36.538341319303534,12.021907996436092,4.095366004868007,78.1653807841273,0.7112192158726884,16400.0,363
552,552,T-Motor,AT2820-830² (830),830.0,800.0,1.1,0.055,0.132,7x9E,7x9E,7.0,9.0,7.0,9.0,True,True,4.788673576553092,4.788673576553092,0.0,0.0,0.0,0.0,0.0,0.0,4.704909327680487,20.137789820005832,True,none,46.07280971178483,9.425940338586765,3.2351323064167365,30.844890793548835,48.03170920645115,18300.0,21.334428733571464,True,none,45.82887994102262,19.134318800628613,2.3702944724434603,59.219311861704476,19.657288138295506,18300.0,25.992022720011356,True,none,33.665523027513885,17.277137719889584,2.5044308469561383,73.03147435936125,5.845125640638727,18300.0,364
287,287,Scorpion,S3020-16² (812),812.0,800.0,1.66,0.056,0.154,7x9E,7x9E,7.0,9.0,7.0,9.0,True,True,4.788543556801918,4.788543556801918,0.0,0.0,0.0,0.0,0.0,0.0,4.726909327680487,20.160570430118355,True,none,46.0694249069731,9.557198563399886,3.218127730672443,31.05262970633734,47.82397029366264,18300.0,21.35428822399455,True,none,45.825087252964444,19.33513831988108,2.3589383176619227,59.52594552293385,19.35065447706613,18300.0,26.009007353966084,True,none,33.669476015956946,17.466521915410876,2.4924263998717406,73.78836196847186,5.088238031528121,18300.0,365
48,48,Planet-Hobby,Joker 3548-4.5 V3 (850),850.0,720.0,1.7,0.0269,0.167,7x7E,7x7E,7.0,7.0,7.0,7.0,True,True,4.788517582072341,4.788517582072341,0.0,0.0,0.0,0.0,0.0,0.0,4.739909327680487,20.145371016722102,True,none,46.16730576616263,10.088108202952094,2.985454650241065,30.391904572526546,48.48469542747344,18400.0,21.357828429010894,True,none,45.851020108252975,20.655784963783255,2.1452797676223208,58.47211722555674,20.404482774443245,18300.0,25.996231854406393,True,none,33.7142530473963,18.651114068332465,2.2337925862911745,72.25153358499507,6.625066415004909,18400.0,366
65,65,Planet-Hobby,Joker 6360-11 V3 (205),205.0,3400.0,0.8,0.043,0.64,20x22.5EP(CD),20x22.5EP(CD),20.0,22.5,20.0,22.5,True,True,4.788491617070216,4.788491617070216,0.0,0.0,0.0,0.0,0.0,0.0,5.299525929180486,20.293252684032584,True,none,47.552168523424825,2.7200067003168353,9.965685083300615,36.09098190747212,42.78561809252786,5200.0,21.361028641011757,True,none,47.492338933844366,4.723830742660253,11.367968821580913,65.62857733449617,13.248022665503811,5200.0,26.67914031262137,True,none,33.32340680100482,4.356201461388093,11.181844673879429,77.45296639282644,1.4236336071735423,5200.0,367
646,646,Turnigy,NTM3548-900² (900),900.0,780.0,2.4,0.071,0.175,7x7E,7x7E,7.0,7.0,7.0,7.0,True,True,4.78846566179008,4.78846566179008,0.0,0.0,0.0,0.0,0.0,0.0,4.747909327680487,20.15372821875725,True,none,46.16570277539071,10.101638509749987,2.979488058124532,31.761125955255967,47.11547404474402,18400.0,21.365151039415824,True,none,45.84922179206461,20.64195056026071,2.141263858758237,60.855871094646446,18.020728905353536,18300.0,26.002589202371073,True,none,33.71531706913165,18.63423595610899,2.2733301033752524,76.30250271521496,2.574097284785026,18400.0,368
122,122,Scorpion,SII-4035-250 (250),250.0,3510.0,0.84,0.0417,0.45,14x14E,14x14E,14.0,14.0,14.0,14.0,True,True,4.788185451011385,4.788185451011385,0.0,0.0,0.0,0.0,0.0,0.0,5.046404705180487,21.72741773772032,True,none,42.071149758008076,6.159002849472013,6.020369929723239,22.828731050442578,56.047868949557405,7100.0,22.84686658410469,True,none,41.96127775112241,11.289077132002188,4.889900776724808,43.968192635523906,34.908407364476076,7100.0,24.246513521575668,True,none,37.933033655757214,10.341032556331303,5.024893206878334,76.63317191095767,2.243428089042311,7100.0,369
452,452,T-Motor,U8 Lite-150² (150),150.0,1272.0,1.0,0.085,0.239,20x22.5EP(CD),20x22.5EP(CD),20.0,22.5,20.0,22.5,True,True,4.788128733069379,4.788128733069379,0.0,0.0,0.0,0.0,0.0,0.0,4.898525929180487,21.727399161816894,True,none,41.664360691653634,3.846110423083495,9.126114835680395,23.71850981405209,55.15809018594789,4100.0,22.85564198229352,True,none,41.584655962005876,7.100905543934838,7.5325516632997305,44.963949381292,33.912650618707985,4100.0,24.876936726402725,True,none,36.23001197573526,6.503255538983043,7.721588104586658,76.96944999345666,1.9071500065433185,4100.0,370
514,514,T-Motor,U8-150 Lite² (150),150.0,1200.0,1.0,0.085,0.243,20x22.5EP(CD),20x22.5EP(CD),20.0,22.5,20.0,22.5,True,True,4.7881060597867355,4.7881060597867355,0.0,0.0,0.0,0.0,0.0,0.0,4.902525929180487,21.73134048025375,True,none,41.66414125629431,3.854902408071384,9.119773643980224,23.735349695995914,55.14125030400407,4100.0,22.859069906397362,True,none,41.58442296548245,7.1132934209094465,7.528268704914922,44.98785116323165,33.88874883676833,4100.0,24.88015593424317,True,none,36.230414484843806,6.515049525367328,7.717064122582708,77.00562696343856,1.8709730365614234,4100.0,371
652,652,Turnigy,SK4240-07² (850),850.0,800.0,1.0,0.028,0.155,8x8E,8x8E,8.0,8.0,8.0,8.0,True,True,4.788103305627273,4.788103305627273,0.0,0.0,0.0,0.0,0.0,0.0,4.729264369180487,20.195869840528495,True,none,45.9549250810263,9.9709141388741,2.9522167210761907,32.18206993489356,46.69453006510642,15100.0,21.422567247862922,True,none,45.59792108131613,20.543503998294035,2.1375835664372564,61.75219742685878,17.124402573141204,15100.0,26.072373468725868,True,none,33.55582233449355,18.49887478613136,2.2269879918628477,77.60413055273375,1.2724694472662321,15100.0,372
205,205,Scorpion,HKII-4530-540² (540),540.0,6240.0,3.52,0.018,0.588,8x8E,8x8E,8.0,8.0,8.0,8.0,True,True,4.788000123003966,4.788000123003966,0.0,0.0,0.0,0.0,0.0,0.0,5.162264369180487,20.33023607168116,True,none,46.95150961938863,9.49595075423284,3.942776177639936,30.574215984254945,48.302384015745034,15400.0,21.438909064023225,True,none,46.80314931290876,17.639035598623874,3.1116508902273634,58.27424478973811,20.60235521026187,15400.0,25.98258486046447,True,none,34.42143154470487,16.117816160200356,3.212003330347161,71.57453519470386,7.302064805296126,15400.0,373
458,458,T-Motor,U8II-150² (150),150.0,1272.0,1.0,0.085,0.273,20x22.5EP(CD),20x22.5EP(CD),20.0,22.5,20.0,22.5,True,True,4.7879701865439195,4.7879701865439195,0.0,0.0,0.0,0.0,0.0,0.0,4.932525929180486,21.76083560779346,True,none,41.66248985563993,3.9211926878532024,9.072522777101886,23.861529831314186,55.015070168685796,4100.0,22.88473812629796,True,none,41.58266941304483,7.206595722318532,7.496300008988316,45.16693198570756,33.70966801429242,4100.0,24.90425890606614,True,none,36.23342350715622,6.603887314123103,7.683476897062867,77.27674341122486,1.5998565887751255,4100.0,374
486,486,T-Motor,U8II-150 ² (150),150.0,1270.0,1.0,0.085,0.273,20x22.5EP(CD),20x22.5EP(CD),20.0,22.5,20.0,22.5,True,True,4.7879701865439195,4.7879701865439195,0.0,0.0,0.0,0.0,0.0,0.0,4.932525929180486,21.76083560779346,True,none,41.66248985563993,3.9211926878532024,9.072522777101886,23.861529831314186,55.015070168685796,4100.0,22.88473812629796,True,none,41.58266941304483,7.206595722318532,7.496300008988316,45.16693198570756,33.70966801429242,4100.0,24.90425890606614,True,none,36.23342350715622,6.603887314123103,7.683476897062867,77.27674341122486,1.5998565887751255,4100.0,375
511,511,T-Motor,U8-150 II² (150),150.0,1200.0,1.0,0.085,0.273,20x22.5EP(CD),20x22.5EP(CD),20.0,22.5,20.0,22.5,True,True,4.7879701865439195,4.7879701865439195,0.0,0.0,0.0,0.0,0.0,0.0,4.932525929180486,21.76083560779346,True,none,41.66248985563993,3.9211926878532024,9.072522777101886,23.861529831314186,55.015070168685796,4100.0,22.88473812629796,True,none,41.58266941304483,7.206595722318532,7.496300008988316,45.16693198570756,33.70966801429242,4100.0,24.90425890606614,True,none,36.23342350715622,6.603887314123103,7.683476897062867,77.27674341122486,1.5998565887751255,4100.0,376
419,419,T-Motor,P60-170 (170),170.0,1800.0,1.0,0.08,0.379,20x22.5EP(CD),20x22.5EP(CD),20.0,22.5,20.0,22.5,True,True,4.787909964469242,4.787909964469242,0.0,0.0,0.0,0.0,0.0,0.0,5.038525929180487,20.351835513686396,True,none,46.45765783733766,3.388200408626662,9.64107394144005,30.43051575532406,48.44608424467592,4600.0,21.452677117155968,True,none,46.392740218238856,6.128465916163028,8.80495911158792,57.31032786828732,21.566272131712665,4600.0,27.831190525373565,True,none,31.004419138566924,5.613545570465546,9.01149363633162,62.81925050612518,16.057349493874803,4600.0,377
168,168,Scorpion,HK5-5030-465 (465),465.0,13000.0,4.78,0.0093,0.734,9x9E,9x9E,9.0,9.0,9.0,9.0,True,True,4.7878327793353,4.7878327793353,0.0,0.0,0.0,0.0,0.0,0.0,5.310105322680487,20.37905143270363,True,none,47.271560733185225,8.57961428027545,4.617013603934715,32.17627432206042,46.70032567793956,13300.0,21.464141684602566,True,none,47.14485084677836,15.47621168179133,3.7163619292826895,60.91697823798547,17.959621762014514,13300.0,25.968241396478646,True,none,34.68779982383974,14.193625501935784,3.825217838387155,76.27968035717963,2.596919642820353,13300.0,378
672,672,Turnigy,SK6374-09² (170),170.0,3250.0,1.9,0.05,0.77,20x22.5EP(CD),20x22.5EP(CD),20.0,22.5,20.0,22.5,True,True,4.787819923536259,4.787819923536259,0.0,0.0,0.0,0.0,0.0,0.0,5.429525929180487,20.413106315979693,True,none,47.546558639639386,3.871198677638405,10.123486194469917,33.75999622099444,45.116603779005544,4700.0,21.466578550389897,True,none,47.48635006609014,6.644110432042325,9.437785491310818,62.743911483251715,16.132688516748267,4700.0,26.762262928945457,True,none,33.36447454435918,6.142747280578185,9.640885177469013,72.72918890217962,6.147411097820367,4700.0,379
472,472,T-Motor,MN4010-14² (370),370.0,450.0,0.8,0.098,0.112,10x10E,10x10E,10.0,10.0,10.0,10.0,True,True,4.787789464932772,4.787789464932772,0.0,0.0,0.0,0.0,0.0,0.0,4.690540929180487,21.660558978516868,True,none,41.27765448802679,9.379560453655142,3.104203873739979,21.14226915997611,57.73433084002387,10300.0,22.916678069624318,True,none,40.92324200013003,19.459379476275195,2.145174769067642,40.73264820340286,38.14395179659712,10300.0,23.952788866140764,True,none,39.75920424188744,17.558477522447834,2.2360142074528886,77.29455813027465,1.5820418697253302,10300.0,380
640,640,Turnigy,SK3-6374-168 (168),168.0,2400.0,2.6,0.019,0.84,20x22.5EP(CD),20x22.5EP(CD),20.0,22.5,20.0,22.5,True,True,4.787742839020766,4.787742839020766,0.0,0.0,0.0,0.0,0.0,0.0,5.4995259291804865,20.433963576492584,True,none,47.70322561537451,3.684688563262555,10.207445624625109,34.43721039087905,44.43938960912093,4700.0,21.477117718437064,True,none,47.65305322759906,6.244653275774599,10.418382500736948,63.52473592584004,15.351864074159941,4700.0,26.749843122382302,True,none,33.490514840439715,5.781103701242733,10.634812794619844,74.05159992668956,4.82500007331042,4700.0,381
326,326,T-Motor,AT4125-250 (Long Shaft) (250),250.0,2200.0,1.0,0.068,0.35,20x15E,20x15E,20.0,15.0,20.0,15.0,True,True,4.787717163320032,4.787717163320032,0.0,0.0,0.0,0.0,0.0,0.0,5.009525929180486,20.3813255114443,True,none,46.256556392066415,2.1664510081106623,9.604328817220464,31.536217165953232,47.34038283404675,6500.0,21.482423519285103,True,none,46.20390390734373,3.917399052566531,11.052554816792668,58.24075928912974,20.63584071087024,6500.0,26.454412774149816,True,none,35.483664671533795,3.594244711567945,10.861026800470421,76.42330829178835,2.453291708211637,6500.0,382
444,444,T-Motor,V602-180 (180),180.0,2000.0,0.9,0.088,0.3,20x22.5EP(CD),20x22.5EP(CD),20.0,22.5,20.0,22.5,True,True,4.787665840593147,4.787665840593147,0.0,0.0,0.0,0.0,0.0,0.0,4.9595259291804865,20.379690560451806,True,none,46.09522219035552,3.0748130586320634,9.540642812685736,31.155639628127545,47.72096037187244,4700.0,21.49032473920616,True,none,46.03165685682413,5.638565310884769,9.456958986238854,58.20591548369926,20.670684516300724,4700.0,26.98074530290011,True,none,32.29181301148129,5.17510440253044,9.678141706018998,66.49500889797463,12.381591102025354,4700.0,383
130,130,Scorpion,HK-3014-900 (900),900.0,845.0,1.16,0.0639,0.119,7x9E,7x9E,7.0,9.0,7.0,9.0,True,True,4.787550504051272,4.787550504051272,0.0,0.0,0.0,0.0,0.0,0.0,4.691909327680487,20.304677917258157,True,none,45.4550924328949,9.645831940242072,3.1471207924709006,31.652066489755857,47.22453351024413,18100.0,21.50870108998214,True,none,45.19896770613363,19.677312531933644,2.292660725427154,60.539340500686606,18.337259499313376,18100.0,26.20950564842944,True,none,33.24545115249684,17.76217195813143,2.3826084107881487,76.00073334570858,2.8758666542914,18100.0,384
367,367,T-Motor,MN605-S KV170 (170),170.0,1700.0,1.0,0.065,0.327,20x22.5EP(CD),20x22.5EP(CD),20.0,22.5,20.0,22.5,True,True,4.7875121014253095,4.7875121014253095,0.0,0.0,0.0,0.0,0.0,0.0,4.986525929180487,20.405854132964553,True,none,46.094060109551236,3.152157386732132,9.575085865112296,30.503173572596683,48.3734264274033,4600.0,21.51310338215191,True,none,46.03040634134263,5.759036452539447,9.42323793816458,57.109900233375306,21.766699766624676,4600.0,26.998387681141562,True,none,32.30066729957143,5.275833435203215,9.64271174564167,64.76712168792561,14.109478312074373,4600.0,385
212,212,Scorpion,SII-5525-170² (170),170.0,2450.0,0.78,0.042,0.708,20x22.5EP(CD),20x22.5EP(CD),20.0,22.5,20.0,22.5,True,True,4.787486511572498,4.787486511572498,0.0,0.0,0.0,0.0,0.0,0.0,5.367525929180487,20.458010908510694,True,none,47.174521797026784,3.624501339060661,10.048536309312617,33.10368822945871,45.77291177054127,4700.0,21.517374316054948,True,none,47.118552444920454,6.237358865057875,10.046697166423678,61.326840953212894,17.549759046787088,4700.0,26.85115245164127,True,none,33.11237188076664,5.762721219188342,10.261963704134809,70.18642582266091,8.690174177339074,4700.0,386
165,165,Scorpion,HK5-4525-535 (535),535.0,10200.0,3.3,0.0115,0.532,8x8E,8x8E,8.0,8.0,8.0,8.0,True,True,4.787422578544187,4.787422578544187,0.0,0.0,0.0,0.0,0.0,0.0,5.1062643691804865,20.411311994262462,True,none,46.47354194104642,9.319777299174998,3.9885495984821273,29.657848557205114,49.21875144279487,15300.0,21.52807353113502,True,none,46.323274075268785,17.363499760441904,3.143821793327928,56.61403556893211,22.262564431067872,15300.0,26.110736441340947,True,none,34.0851947437821,15.86401995029102,3.2456244905580944,69.57810658126014,9.298493418739838,15300.0,387
275,275,Scorpion,S5525-170² (170),170.0,2300.0,0.9,0.04,0.64,20x22.5EP(CD),20x22.5EP(CD),20.0,22.5,20.0,22.5,True,True,4.787231135334725,4.787231135334725,0.0,0.0,0.0,0.0,0.0,0.0,5.299525929180486,20.490240856574047,True,none,46.83253206276093,3.500710029680744,9.965685083300615,31.667064023055246,47.209535976944736,4700.0,21.557182740005494,True,none,46.7774922227999,6.070185769788194,10.130571426383872,58.83026723139073,20.046332768609254,4700.0,26.095120000468015,True,none,34.42234388119541,5.602728586396613,10.349795918390889,72.17239825900882,6.7042017409911665,4700.0,388
286,286,Scorpion,S3020-14² (944),944.0,800.0,2.04,0.04,0.154,7x7E,7x7E,7.0,7.0,7.0,7.0,True,True,4.787205649823713,4.787205649823713,0.0,0.0,0.0,0.0,0.0,0.0,4.726909327680487,20.345942758863497,True,none,45.43294654725296,10.037074485039682,2.995188257871821,31.67267014755468,47.2039298524453,18200.0,21.561585192708776,True,none,45.12195152129887,20.60420305220776,2.151823729309416,60.31545737167877,18.561142628321214,18200.0,26.25277643488376,True,none,33.22217683307219,18.54627959292407,2.240647665496754,76.13293504838761,2.7436649516123737,18200.0,389
582,582,Turnigy,D3548-5 (900),900.0,770.0,2.2,0.036,0.159,7x7E,7x7E,7.0,7.0,7.0,7.0,True,True,4.78718017376666,4.78718017376666,0.0,0.0,0.0,0.0,0.0,0.0,4.731909327680487,20.351182130067883,True,none,45.4319562644027,10.079498694703855,2.9415235019679153,31.099891202049946,47.776708797950036,18200.0,21.566172874036916,True,none,45.12084785791186,20.684748870083936,2.149304160349619,59.22283109117977,19.65376890882021,18200.0,25.46087171427147,True,none,34.72921028726998,18.657406096266264,2.2380081886006145,77.75150668939267,1.125093310607312,18200.0,390
365,365,T-Motor,MN601-S KV170 (170),170.0,1500.0,0.8,0.115,0.25,20x22.5EP(CD),20x22.5EP(CD),20.0,22.5,20.0,22.5,True,True,4.787154707158308,4.787154707158308,0.0,0.0,0.0,0.0,0.0,0.0,4.909525929180487,20.44794936464865,True,none,45.69325247219729,3.5147037354706168,9.476528822792261,28.70158248103053,50.175017518969454,4500.0,21.569985582076693,True,none,45.6137229674658,6.447880932867756,8.397526716444002,54.41259203756208,24.464007962437904,4500.0,26.24024249536547,True,none,33.53177415433927,5.909281611974834,8.601726570005512,66.33033842530622,12.546261574693759,4500.0,391
167,167,Scorpion,HK5-5024-535 (535),535.0,11500.0,5.09,0.0107,0.598,8x8E,8x8E,8.0,8.0,8.0,8.0,True,True,4.786875196580299,4.786875196580299,0.0,0.0,0.0,0.0,0.0,0.0,5.172264369180486,20.50512921362125,True,none,46.36032903938408,9.6759903934832,3.9346934865379573,31.16743206063293,47.70916793936705,15300.0,21.613918821650227,True,none,46.211125186054595,17.888750448529528,3.1059534491353564,59.034633077452824,19.841966922547158,15300.0,26.1947127989555,True,none,34.02974503340223,16.360016184533016,3.206050974988076,74.38789454226944,4.488705457730546,15300.0,392
529,529,T-Motor,MT2820-7²² (830),830.0,668.0,1.2,0.058,0.132,7x7E,7x7E,7.0,7.0,7.0,7.0,True,True,4.786862518590999,4.786862518590999,0.0,0.0,0.0,0.0,0.0,0.0,4.704909327680487,20.38908549982883,True,none,45.21407617531071,10.35465199427524,2.817467689777808,28.923362447779624,49.95323755222036,18000.0,21.61618385846593,True,none,44.87827029028338,21.44425610213482,2.0414997433389965,55.396676456881146,23.479923543118836,18000.0,25.523546168912944,True,none,34.55964662887886,19.293461002160146,2.128549109207069,71.73809507677305,7.138504923226932,18000.0,393
615,615,Turnigy,SK3-3858-840 GliderDrive (840),840.0,830.0,2.47,0.031,0.18,7x9E,7x9E,7.0,9.0,7.0,9.0,True,True,4.78684984294752,4.78684984294752,0.0,0.0,0.0,0.0,0.0,0.0,4.752909327680487,20.42370750045773,True,none,45.2572840070824,10.020985090683466,3.1009373828003013,31.614887692209656,47.261712307790326,18100.0,21.61890656361641,True,none,45.00466562093591,20.290500991767463,2.2617702636220725,60.244928826872936,18.631671173127046,18100.0,26.32518678059097,True,none,33.13210311225873,18.30676710572665,2.3502442889081885,76.14068278670676,2.73591721329322,18100.0,394
374,374,T-Motor,MN805-S KV170 (170),170.0,4000.0,2.6,0.028,0.625,20x22.5EP(CD),20x22.5EP(CD),20.0,22.5,20.0,22.5,True,True,4.786811830085499,4.786811830085499,0.0,0.0,0.0,0.0,0.0,0.0,5.284525929180487,20.555428188035112,True,none,46.55014378772854,3.3102083110562672,9.947316178472892,32.79057560133944,46.08602439866054,4700.0,21.623295291836165,True,none,46.49851967064104,5.742793027516514,10.149276795722011,60.460898787122346,18.415701212877636,4700.0,26.181891234466836,True,none,34.23089557755327,5.300280978213592,10.369391582959295,76.21775671371691,2.658843286283073,4700.0,395
689,689,Turnigy,TR6354-14² (250),250.0,2100.0,1.5,0.059,0.48,14x14E,14x14E,14.0,14.0,14.0,14.0,True,True,4.7868044491947614,4.7868044491947614,0.0,0.0,0.0,0.0,0.0,0.0,5.076404705180487,21.973857233682878,True,none,41.44736295963812,6.464506609677734,5.787689542754907,23.036705037345435,55.83989496265455,7000.0,23.092523658374116,True,none,41.332609757906475,11.827852031015471,4.6924372006464035,43.95943188562089,34.917168114379095,7000.0,24.506207919526943,True,none,37.38730940042946,10.836918175511524,4.823303608318074,76.62134150118867,2.2552584988113153,7000.0,396
530,530,T-Motor,MT2826-5² (760),760.0,700.0,1.0,0.03,0.187,7x9E,7x9E,7.0,9.0,7.0,9.0,True,True,4.78664735115301,4.78664735115301,0.0,0.0,0.0,0.0,0.0,0.0,4.759909327680487,20.448716759108915,True,none,45.19651669786628,10.44428626852488,2.9499386214972714,29.20942513951354,49.66717486048644,17900.0,21.649298393185738,True,none,44.923580352612824,21.20960479576645,2.1744864509130246,56.003691568274,22.872908431725982,17900.0,25.559504881871057,True,none,34.58264680477757,19.12671766642451,2.2612374269981634,72.33260851340523,6.543991486594749,17900.0,397
599,599,Turnigy,RotoMax 50 (172),172.0,5300.0,1.65,0.021,1.08,20x22.5EP(CD),20x22.5EP(CD),20.0,22.5,20.0,22.5,True,True,4.7866094505629855,4.7866094505629855,0.0,0.0,0.0,0.0,0.0,0.0,5.739525929180487,20.637603466332827,True,none,47.73465181901914,3.939783467067887,10.490206221989524,35.43669675470389,43.439903245296094,4800.0,21.655954880372434,True,none,47.685255938787584,6.5130360604185755,10.1326413181222,64.98692872585822,13.889671274141762,4800.0,27.773794896713184,True,none,32.024030757032996,6.049441276019055,10.335618933538607,71.97264379239743,6.903956207602548,4800.0,398
312,312,T-Motor,AM670 3D-520 (520),520.0,3200.0,4.2,0.01,0.416,9x7.5E,9x7.5E,9.0,7.5,9.0,7.5,True,True,4.7863824873210445,4.7863824873210445,0.0,0.0,0.0,0.0,0.0,0.0,4.992105322680486,20.57103572222085,True,none,45.54356352492913,5.937563156602772,6.026078776300805,28.56266298524375,50.313937014756235,14900.0,21.6925739657664,True,none,45.43061151821064,11.003936890157194,4.85299500323184,54.6752211763078,24.20137882369218,14900.0,25.572895874587495,True,none,34.94916611332429,10.065797781911108,4.9927825016736085,72.18061596290327,6.695984037096707,14900.0,399
211,211,Scorpion,SII-3032-880 (V2)² (880),880.0,1050.0,3.12,0.012,0.275,8x8E,8x8E,8.0,8.0,8.0,8.0,True,True,4.786187824128588,4.786187824128588,0.0,0.0,0.0,0.0,0.0,0.0,4.849264369180487,19.253376668927746,True,none,49.946944437279406,8.316515354482753,3.856521404840359,37.89142191206048,40.9851780879395,16500.0,20.4205088615058,True,none,49.700633193212255,16.36884801389268,2.872169981296127,72.57150250050294,6.3050974994970375,16500.0,28.653965574465374,True,none,29.527838074505738,14.839926828128853,2.973260434639506,69.1151025117861,9.761497488213877,16500.0,400
243,243,Scorpion,SII-3032-880² (880),880.0,1050.0,3.12,0.012,0.275,8x8E,8x8E,8.0,8.0,8.0,8.0,True,True,4.786187824128588,4.786187824128588,0.0,0.0,0.0,0.0,0.0,0.0,4.849264369180487,19.253376668927746,True,none,49.946944437279406,8.316515354482753,3.856521404840359,37.89142191206048,40.9851780879395,16500.0,20.4205088615058,True,none,49.700633193212255,16.36884801389268,2.872169981296127,72.57150250050294,6.3050974994970375,16500.0,28.653965574465374,True,none,29.527838074505738,14.839926828128853,2.973260434639506,69.1151025117861,9.761497488213877,16500.0,401
555,555,T-Motor,AT3520-880² (880),880.0,1300.0,1.2,0.025,0.207,10x10E,10x10E,10.0,10.0,10.0,10.0,True,True,4.786060089327338,4.786060089327338,0.0,0.0,0.0,0.0,0.0,0.0,4.7855409291804865,19.261540142909638,True,none,49.66035944975963,7.1331766184253524,4.3327830830691525,40.733897734519616,38.14270226548037,12500.0,20.43730118542615,True,none,49.416386124291876,14.074488614517414,3.2954241223373684,77.75436746282074,1.1222325371792436,12400.0,28.720370800501453,True,none,29.35556939767729,12.751698887607404,3.4062633638170836,75.8649669441955,3.011633055804481,12400.0,402
147,147,Scorpion,HKIV-5035-380 (380),380.0,6666.0,3.11,0.0135,0.785,12x10E,12x10E,12.0,10.0,12.0,10.0,True,True,4.786018404656788,4.786018404656788,0.0,0.0,0.0,0.0,0.0,0.0,5.370631065180487,20.682461774977764,True,none,46.37908596250086,5.266232714670636,7.88281675859754,30.654840237035813,48.22175976296417,10800.0,21.749301843016248,True,none,46.29747321087958,9.209113002058132,6.5475722727133405,58.17978888888394,20.69681111111604,10800.0,25.54100556524963,True,none,35.654610173350136,8.490893566818164,6.708685449400961,75.57521743815533,3.3013825618446475,10800.0,403
291,291,Scorpion,S3032-10² (823),823.0,1200.0,2.61,0.029,0.223,10x10E,10x10E,10.0,10.0,10.0,10.0,True,True,4.786003390496999,4.786003390496999,0.0,0.0,0.0,0.0,0.0,0.0,4.8015409291804865,19.262059913059087,True,none,49.72179536162942,7.722418945116313,3.998471034410303,40.37757197232605,38.49902802767393,12300.0,20.44590395544775,True,none,49.43613860175657,15.304477709259531,3.0092642859007066,77.2561783154978,1.6204216845021762,12300.0,28.714716241344945,True,none,29.38307034972336,13.87164630221542,3.1147101984289915,75.86408731197493,3.012512688025055,12300.0,404
142,142,Scorpion,HKII-4235-630 Ltd Ed (630),630.0,7100.0,3.59,0.009,0.522,7x7E,7x7E,7.0,7.0,7.0,7.0,True,True,4.785993367069874,4.785993367069874,0.0,0.0,0.0,0.0,0.0,0.0,5.094909327680487,20.6232185741918,True,none,45.69807560143743,11.681788818418973,3.1161221708876337,29.605753163006135,49.27084683699385,18100.0,21.75327279921055,True,none,45.512234553185316,22.256336429615132,2.3891809284142633,55.99267520506036,22.883924794939624,18100.0,25.606501944621407,True,none,35.054963194788286,20.26642830844557,2.4771925515971223,72.67383748654952,6.202762513450466,18100.0,405
355,355,T-Motor,F1000-635 (635),635.0,2000.0,3.0,0.026,0.42,7x7E,7x7E,7.0,7.0,7.0,7.0,True,True,4.785968338688801,4.785968338688801,0.0,0.0,0.0,0.0,0.0,0.0,4.992909327680486,20.614082766711956,True,none,45.400155644083,11.023094377806265,3.1416082739238997,28.486341162585916,50.390258837414066,18000.0,21.757987743701175,True,none,45.212446758656924,21.3501954579196,2.3990540493943215,54.130799708419644,24.745800291580338,18000.0,25.63962643266497,True,none,34.81731727225572,19.393492043092394,2.4886211595294174,69.86587161012478,9.010728389875197,18000.0,406
446,446,T-Motor,V804-170 (170),170.0,5200.0,2.7,0.033,0.89,20x22.5EP(CD),20x22.5EP(CD),20.0,22.5,20.0,22.5,True,True,4.785968338688801,4.785968338688801,0.0,0.0,0.0,0.0,0.0,0.0,5.549525929180486,20.719005189535906,True,none,46.82246173002392,3.8970769036703254,10.26699629539807,33.824607813735305,45.05199218626468,4700.0,21.75894063916913,True,none,46.76676474757455,6.605075195305188,9.829360693149317,62.3956173732776,16.48098262672238,4700.0,27.08585684917938,True,none,32.95462131520777,6.1099707566353265,10.034627878346726,76.0549293327484,2.821670667251581,4700.0,407
135,135,Scorpion,HK-4535-450 PAW Ed (450),450.0,8645.0,2.75,0.0073,0.658,9x9E,9x9E,9.0,9.0,9.0,9.0,True,True,4.785843334693518,4.785843334693518,0.0,0.0,0.0,0.0,0.0,0.0,5.234105322680487,20.67944033338476,True,none,45.951849330749205,8.85762338535999,4.41274794428179,29.120161405711166,49.75643859428882,12900.0,21.777633933328968,True,none,45.81686689966668,16.13341085703689,3.526129269999029,55.402088093502826,23.474511906497156,12900.0,25.60494046840916,True,none,35.292245754401876,14.786608098286662,3.633091849570553,71.0598234991825,7.8167765008174825,12900.0,408
231,231,Scorpion,HK-4535-450 PAW Ed² (450),450.0,12200.0,2.18,0.007,0.658,9x9E,9x9E,9.0,9.0,9.0,9.0,True,True,4.785843334693518,4.785843334693518,0.0,0.0,0.0,0.0,0.0,0.0,5.234105322680487,20.67944033338476,True,none,45.951849330749205,8.810343479403034,4.41274794428179,28.754671485344012,50.12192851465597,12900.0,21.777633933328968,True,none,45.81686689966668,16.072915408774932,3.526129269999029,54.79504844977721,24.08155155022277,12900.0,25.60494046840916,True,none,35.292245754401876,14.72391654343089,3.633091849570553,69.7664648206257,9.110135179374282,12900.0,409
409,409,T-Motor,MN6007-160 (160),160.0,865.0,0.5,0.227,0.18,20x22.5EP(CD),20x22.5EP(CD),20.0,22.5,20.0,22.5,True,True,4.78582339514641,4.78582339514641,0.0,0.0,0.0,0.0,0.0,0.0,4.839525929180486,22.63608497500467,True,none,39.084089022012364,4.445193953704725,7.699077016826706,22.735795745775288,56.14080425422469,4000.0,23.270538868270624,True,none,40.307703162869394,8.368927620897024,5.832850968713439,43.883384073770024,34.99321592622996,4000.0,25.33254088829358,True,none,35.17225589740578,7.617263216047649,5.996026877486847,75.42447422790232,3.4521257720976593,4000.0,410
319,319,T-Motor,AT3520-720 (Long Shaft) (720),720.0,1100.0,1.6,0.02,0.22,11x10E,11x10E,11.0,10.0,11.0,10.0,True,True,4.785819425336925,4.785819425336925,0.0,0.0,0.0,0.0,0.0,0.0,4.801679929680486,19.369031092518956,True,none,49.63115103533438,7.462106148741257,4.142948851927522,38.490987397096966,40.38561260290302,11700.0,20.472778188832095,True,none,49.32910095428503,14.82569696235451,2.9984870630149896,73.22401498513719,5.652585014862794,11700.0,28.749848841896586,True,none,29.333565683392877,13.415972215538996,3.210605780499228,69.8399316696415,9.03666833035848,11700.0,411
692,692,Turnigy,TR6364-08² (270),270.0,2530.0,2.5,0.031,0.645,14x14E,14x14E,14.0,14.0,14.0,14.0,True,True,4.785805878253984,4.785805878253984,0.0,0.0,0.0,0.0,0.0,0.0,5.241404705180487,20.69917736856445,True,none,45.906903584776515,5.804825104459509,6.912251627232405,28.63794616447356,50.23865383552642,7600.0,21.78370731802145,True,none,45.81628957196808,10.315388185908205,5.71067252079925,54.719936141661464,24.15666385833852,7600.0,25.615949649553535,True,none,35.28202455408756,9.488666986803985,5.8551293717487845,70.93968457331695,7.936915426683029,7600.0,412
683,683,Turnigy,TR5055-05² (700),700.0,1350.0,2.6,0.017,0.31,10x12WE,10x12WE,10.0,12.0,10.0,12.0,True,True,4.785805293523733,4.785805293523733,0.0,0.0,0.0,0.0,0.0,0.0,4.888540929180487,19.33118417930004,True,none,49.785007696363365,7.005508801740408,4.714678077586202,40.70975487578001,38.166845124219975,10900.0,20.474623855806747,True,none,49.615056259995725,13.457037685002307,3.651443944549252,77.52087691756495,1.3557230824350341,10900.0,28.7173105409123,True,none,29.485295764014463,12.239149619120036,3.7639673632210084,76.53279552158644,2.3438044784135457,10900.0,413
361,361,T-Motor,MN501-S KV240 (240),240.0,1200.0,0.9,0.085,0.17,14x14E,14x14E,14.0,14.0,14.0,14.0,True,True,4.78580152138644,4.78580152138644,0.0,0.0,0.0,0.0,0.0,0.0,4.766404705180487,22.106163719346522,True,none,40.26734883099653,5.98028750749442,5.515868580418274,20.16905543363043,58.70754456636955,6700.0,23.273951458981216,True,none,40.134695664383486,11.465210422704006,4.21246357070016,39.1558010918538,39.72079890814618,6700.0,23.50253296371239,True,none,40.19465304321056,10.441026310861197,4.525423355936185,77.82738843814815,1.049211561851834,6700.0,414
99,99,Scorpion,A-5524-205 (194),194.0,4662.0,1.51,0.035,0.655,20x22.5EP(CD),20x22.5EP(CD),20.0,22.5,20.0,22.5,True,True,4.785793397358911,4.785793397358911,0.0,0.0,0.0,0.0,0.0,0.0,5.314525929180487,20.716753424287294,True,none,46.07934339096032,2.8340175194656556,9.984020192514246,34.95000979839021,43.92659020160977,5000.0,21.785279138519414,True,none,46.01467229238706,4.931406882254468,11.384045640871594,63.37605057418761,15.500549425812373,5000.0,27.2093005317656,True,none,32.405966091368235,4.547193481764201,11.198188707812415,73.19171691281582,5.684883087184161,5000.0,415
658,658,Turnigy,SK5045-07² (800),800.0,1210.0,1.6,0.017,0.23,11x10E,11x10E,11.0,10.0,11.0,10.0,True,True,4.785748793869466,4.785748793869466,0.0,0.0,0.0,0.0,0.0,0.0,4.811679929680487,19.294834542318842,True,none,49.62929041585094,7.5269827680095975,4.015869268974708,40.759309022420965,38.11729097757902,11700.0,20.481765000866133,True,none,49.32694120286124,14.915743198464561,2.992349924903759,77.21521716101199,1.6613828389879899,11700.0,28.755940660573238,True,none,29.337108032384744,13.534682123936914,3.1003560186058157,75.33480136370814,3.541798636291844,11700.0,416
141,141,Scorpion,HKII-4235-520 Ltd Ed (520),520.0,5785.0,3.66,0.0123,0.519,9x7.5E,9x7.5E,9.0,7.5,9.0,7.5,True,True,4.785656258602447,4.785656258602447,0.0,0.0,0.0,0.0,0.0,0.0,5.095105322680487,20.699178677484714,True,none,45.439956506746604,6.308338284585114,5.90869770559604,28.768667225804553,50.10793277419543,14800.0,21.807967564566887,True,none,45.32768458624253,11.535048951239109,4.772407010196086,54.90719017212597,23.96940982787401,14800.0,25.682270334282514,True,none,34.90321640636211,10.569027062675662,4.908335906751564,72.17963343971074,6.6969665602892405,14800.0,417
660,660,Turnigy,SK5055-04² (700),700.0,1450.0,1.6,0.016,0.33,10x12WE,10x12WE,10.0,12.0,10.0,12.0,True,True,4.785607737640628,4.785607737640628,0.0,0.0,0.0,0.0,0.0,0.0,4.908540929180487,19.36858815075634,True,none,49.71161576235902,6.282601605778622,5.409689955472895,40.06117420750483,38.815425792495155,11300.0,20.50205325340687,True,none,49.57189755795099,11.916473556443936,4.2578121113108205,75.46842274655191,3.4081772534480734,11300.0,28.747791037044166,True,none,29.46613186207917,10.85282825743167,4.380656217024445,74.07695990449578,4.799640095504202,11300.0,418
557,557,T-Motor,AT3530-700² (700),700.0,1900.0,1.5,0.023,0.289,11x12E,11x12E,11.0,12.0,11.0,12.0,True,True,4.785509161915568,4.785509161915568,0.0,0.0,0.0,0.0,0.0,0.0,4.870679929680486,19.385687330732562,True,none,49.49475128424236,4.359245373711948,7.70184584386457,40.1725462603116,38.70405373968838,11200.0,20.51560606807739,True,none,49.390130228784,8.186467265924794,6.181472231489687,76.59247401696791,2.2841259830320695,11200.0,28.798051638126672,True,none,29.349040346635203,7.481218783764421,6.3416665368635226,74.4395561579268,4.43704384207318,11200.0,419
633,633,Turnigy,SK3-5065-236 (236),236.0,1850.0,1.85,0.019,0.531,14x14E,14x14E,14.0,14.0,14.0,14.0,True,True,4.785463437005451,4.785463437005451,0.0,0.0,0.0,0.0,0.0,0.0,5.127404705180487,22.21952514194755,True,none,40.89763579925326,6.880267603516774,5.534836798490791,22.529153342219093,56.34744665778089,6800.0,23.33570121797674,True,none,40.7758807733757,12.53151208322894,4.481099420378709,42.85339436253127,36.02320563746871,6800.0,24.19686584460048,True,none,38.211952303753755,11.48754005757721,4.607205512801398,78.53551127754136,0.3410887224586219,6800.0,420
390,390,T-Motor,MN4010-370 (370),370.0,450.0,0.6,0.139,0.137,10x10E,10x10E,10.0,10.0,10.0,10.0,True,True,4.785452560965153,4.785452560965153,0.0,0.0,0.0,0.0,0.0,0.0,4.715540929180487,22.08771189121655,True,none,40.182970435268196,9.350159369091758,3.0846774401703647,20.47278178439558,58.4038182156044,10100.0,23.337808678844848,True,none,39.85364663742917,19.319016691355767,2.216008639747812,39.2279850703948,39.64861492960518,10100.0,23.42432698524642,True,none,40.00695498865853,17.378164187775145,2.3078128328549696,76.98009772612816,1.8965022738718176,10100.0,421
274,274,Scorpion,S5525-195² (195),195.0,2650.0,1.11,0.03,0.64,20x22.5EP(CD),20x22.5EP(CD),20.0,22.5,20.0,22.5,True,True,4.78542003314816,4.78542003314816,0.0,0.0,0.0,0.0,0.0,0.0,5.299525929180486,20.776492187163818,True,none,45.82478706636732,2.764776307226368,9.965685083300615,33.45369869868601,45.42290130131397,5100.0,21.845577720200364,True,none,45.764722961882285,4.785757745659067,11.367968821580913,60.70702751509943,18.16957248490055,5100.0,27.29182670940746,True,none,32.24350342568643,4.420394521505015,11.181844673879429,72.88696616216357,5.989633837836408,5100.0,422
441,441,T-Motor,V3120-700 (700),700.0,2450.0,1.35,0.0406,0.148,7x11E,7x11E,7.0,11.0,7.0,11.0,True,True,4.785407622992089,4.785407622992089,0.0,0.0,0.0,0.0,0.0,0.0,4.720909327680487,20.616302232277793,True,none,44.51624900371196,8.249038328958177,3.901517111137253,29.829590732678156,49.047009267321826,19000.0,21.848257782276498,True,none,44.168029752212,16.277708416213347,2.9906539904005975,56.61240341766767,22.26419658233231,19000.0,25.794173896736666,True,none,34.063870366717595,14.753939071260266,3.0923904658355617,74.55177411691012,4.324825883089858,19000.0,423
8,8,Cobra,C-3520/10 (980),980.0,1110.0,1.84,0.037,0.21,8x8E,8x8E,8.0,8.0,8.0,8.0,True,True,4.785326449189743,4.785326449189743,0.0,0.0,0.0,0.0,0.0,0.0,4.7842643691804865,19.362947952479804,True,none,49.2484867838089,8.08448775421696,3.8434165070859336,38.0273013858293,40.849298614170685,16400.0,20.54136600194105,True,none,48.99874684493277,16.073072212885855,2.8498057496570253,72.84414897633229,6.03245102366769,16300.0,28.86754791335807,True,none,29.14744554686986,14.543979637270407,3.0126923625157214,70.00439739130904,8.872202608690941,16400.0,424
695,695,Turnigy,TR6374-10² (170),170.0,2910.0,1.4,0.056,0.79,20x22.5EP(CD),20x22.5EP(CD),20.0,22.5,20.0,22.5,True,True,4.785296033747334,4.785296033747334,0.0,0.0,0.0,0.0,0.0,0.0,5.449525929180487,20.813513229123274,True,none,46.169642291149444,3.971777134452189,10.147545487931492,32.84958463675796,46.02701536324202,4600.0,21.86656219899036,True,none,46.10679545427976,6.785339597140716,9.414769387431871,60.76127031361077,18.11532968638921,4600.0,26.424966492297774,True,none,34.02260670949379,6.2736125052005445,9.61680948980227,75.21290045120627,3.6636995487937156,4600.0,425
669,669,Turnigy,SK6364-07² (270),270.0,2860.0,1.7,0.027,0.706,14x14E,14x14E,14.0,14.0,14.0,14.0,True,True,4.785271261082401,4.785271261082401,0.0,0.0,0.0,0.0,0.0,0.0,5.302404705180487,20.792426198492144,True,none,45.77904143987902,5.828700801703938,6.841197312066077,28.43543318964277,50.44116681035722,7600.0,21.869255746169266,True,none,45.691444005162424,10.343112289758048,5.661009683547546,54.28175287556469,24.59484712443529,7600.0,25.701885571301847,True,none,35.20882870743972,9.523657021794419,5.803180004665456,69.62279079624669,9.253809203753292,7600.0,426
318,318,T-Motor,AT3520-850 (Long Shaft) (850),850.0,1100.0,2.0,0.014,0.22,7x11E,7x11E,7.0,11.0,7.0,11.0,True,True,4.785256298160402,4.785256298160402,0.0,0.0,0.0,0.0,0.0,0.0,4.792909327680487,19.392768309655203,True,none,49.16373329374213,9.412526604735755,3.4323609855523083,38.09822680585449,40.778373194145495,18500.0,20.551758607565986,True,none,48.986629174228675,18.596078952951512,2.6420168379873252,72.45994878164802,6.416651218351959,18500.0,28.889257288307654,True,none,29.127586675055237,16.8683038820859,2.73610439901363,69.18727824123195,9.689321758768031,18500.0,427
241,241,Scorpion,SII-3026-710² (710),710.0,1000.0,1.56,0.022,0.205,10x10E,10x10E,10.0,10.0,10.0,10.0,True,True,4.78524227614576,4.78524227614576,0.0,0.0,0.0,0.0,0.0,0.0,4.783540929180487,19.35988800026705,True,none,49.25783729348152,7.892373675420144,3.907838822028914,36.38017090148726,42.49642909851272,12200.0,20.553669354565294,True,none,48.947931394025304,15.717539106370076,2.844844489585209,69.95149501059893,8.92510498940105,12200.0,28.48085827684008,True,none,34.1274406730183,14.265493046447467,3.0321183464080765,75.68769909472391,3.1889009052760713,12200.0,428
303,303,T-Motor,Antigravity 6007II-160 (160),160.0,1120.0,0.5,0.178,0.159,20x22.5EP(CD),20x22.5EP(CD),20.0,22.5,20.0,22.5,True,True,4.785224593950416,4.785224593950416,0.0,0.0,0.0,0.0,0.0,0.0,4.8185259291804865,22.232595964628448,True,none,40.06799330391674,4.028705260402109,8.237579407747889,23.262555741702112,55.61404425829787,4000.0,23.37921960109169,True,none,39.97367679879143,7.587026633242375,6.734978620710984,43.85568773046862,35.020912269531365,4000.0,24.839219243134572,True,none,36.164005496715504,6.921081151019763,6.915345256426679,77.75141640192075,1.1251835980792322,4000.0,429
517,517,T-Motor,U8-170 Pro² (170),170.0,1300.0,1.1,0.089,0.239,20x22.5EP(CD),20x22.5EP(CD),20.0,22.5,20.0,22.5,True,True,4.785184628071068,4.785184628071068,0.0,0.0,0.0,0.0,0.0,0.0,4.898525929180487,20.76279530274985,True,none,44.60507643748202,3.2625372593900246,9.46236544655742,28.161801217903292,50.71479878209669,4500.0,21.884090733800154,True,none,44.536329269248235,5.996468435862942,8.972188721871571,52.93531262098095,25.94128737901903,4500.0,25.835817095500712,True,none,34.27663473525514,5.488665940543262,9.187179932104304,69.99076507613597,8.88583492386401,4500.0,430
548,548,T-Motor,U8-10² (170),170.0,1300.0,1.1,0.089,0.239,20x22.5EP(CD),20x22.5EP(CD),20.0,22.5,20.0,22.5,True,True,4.785184628071068,4.785184628071068,0.0,0.0,0.0,0.0,0.0,0.0,4.898525929180487,20.76279530274985,True,none,44.60507643748202,3.2625372593900246,9.46236544655742,28.161801217903292,50.71479878209669,4500.0,21.884090733800154,True,none,44.536329269248235,5.996468435862942,8.972188721871571,52.93531262098095,25.94128737901903,4500.0,25.835817095500712,True,none,34.27663473525514,5.488665940543262,9.187179932104304,69.99076507613597,8.88583492386401,4500.0,431
411,411,T-Motor,MN6007II-160 (160),160.0,1120.0,0.5,0.178,0.182,20x22.5EP(CD),20x22.5EP(CD),20.0,22.5,20.0,22.5,True,True,4.785116325855383,4.785116325855383,0.0,0.0,0.0,0.0,0.0,0.0,4.841525929180487,22.255597469062423,True,none,40.06650361424968,4.083214498426772,8.20290358674095,23.355257632960065,55.52134236703992,4000.0,23.399200817094105,True,none,39.97209620455357,7.6651154221689835,6.711548950269755,43.98596454616163,34.89063545383835,4000.0,24.858467766475343,True,none,36.1650448520749,6.995142097859736,6.890712587087477,77.96536090389492,0.9112390961050636,4000.0,432
213,213,Scorpion,SII-5525-195² (195),195.0,2800.0,0.88,0.034,0.708,20x22.5EP(CD),20x22.5EP(CD),20.0,22.5,20.0,22.5,True,True,4.785073405510698,4.785073405510698,0.0,0.0,0.0,0.0,0.0,0.0,5.367525929180487,20.839481667584096,True,none,45.82183794152009,2.9006301912232075,10.048536309312617,33.62318521477587,45.25341478522411,5100.0,21.901012884880018,True,none,45.761582349897395,4.966793443276006,11.440669469418712,60.94419564034964,17.93240435965034,5100.0,27.334624040947972,True,none,32.265049597280495,4.592122848805779,11.25574755806203,72.72546718560127,6.151132814398707,5100.0,433
35,35,Cobra,CM-4010/32 (350),350.0,440.0,0.59,0.123,0.124,11x10E,11x10E,11.0,10.0,11.0,10.0,True,True,4.785073070420285,4.785073070420285,0.0,0.0,0.0,0.0,0.0,0.0,4.705679929680487,22.0406771990094,True,none,40.28188443490239,9.392548787430174,3.052950480103618,20.448695559878384,58.427904440121594,9600.0,23.407859269298136,True,none,39.90169602377313,19.63044108002166,2.1562847990433576,39.23028540634369,39.64631459365629,9600.0,23.600994929083946,True,none,38.78887137168349,17.623092675317363,2.2505664560585084,74.17487775774374,4.701722242256238,9600.0,434
200,200,Scorpion,HKIII-5040-530² (530),530.0,15392.0,4.89,0.0057,0.839,8x8E,8x8E,8.0,8.0,8.0,8.0,True,True,4.7849870253846705,4.7849870253846705,0.0,0.0,0.0,0.0,0.0,0.0,5.413264369180487,20.83225892798649,True,none,45.99029016675118,11.23162802653448,3.6790507928143494,32.09671642463994,46.77988357536004,15200.0,21.91549265157571,True,none,45.837276811562425,20.259918901563537,2.9122662108886677,60.183615841396986,18.692984158602997,15200.0,26.48587161932651,True,none,33.85221994861975,18.584733540283672,3.0055822294638848,75.364756798841,3.5118432011589817,15200.0,435
690,690,Turnigy,TR6354-16² (200),200.0,2210.0,0.9,0.074,0.48,20x22.5EP(CD),20x22.5EP(CD),20.0,22.5,20.0,22.5,True,True,4.784814595789315,4.784814595789315,0.0,0.0,0.0,0.0,0.0,0.0,5.139525929180487,20.851462874192258,True,none,45.06845860684504,2.9082452486285284,9.767969368266574,33.26527456686364,45.611325433136344,4900.0,21.9445451411896,True,none,44.99240926662791,5.1355575971960805,11.195046294156601,57.78544854881755,21.091151451182434,4900.0,26.62187798041149,True,none,33.188046053125404,4.7301213223602225,11.005998215093413,75.52727578212277,3.3493242178772107,4900.0,436
134,134,Scorpion,HK-4535-450 Ltd Ed (450),450.0,8060.0,2.62,0.0116,0.66,9x9E,9x9E,9.0,9.0,9.0,9.0,True,True,4.784740832021289,4.784740832021289,0.0,0.0,0.0,0.0,0.0,0.0,5.236105322680487,20.85751948415902,True,none,45.34941716788581,8.882472990497842,4.411020190549948,28.6502493243727,50.22635067562728,12900.0,21.95677189974866,True,none,45.21361936568737,16.167071834459925,3.524913431941129,54.10163980052182,24.77496019947816,12900.0,25.81801470693872,True,none,34.86547635636728,14.817926516659952,3.6318217353842903,69.77772786043768,9.098872139562303,12900.0,437
694,694,Turnigy,TR6374-08² (200),200.0,2750.0,2.3,0.037,0.79,20x22.5EP(CD),20x22.5EP(CD),20.0,22.5,20.0,22.5,True,True,4.784667148840046,4.784667148840046,0.0,0.0,0.0,0.0,0.0,0.0,5.449525929180487,20.914779507050167,True,none,45.81823179904824,2.982360089672215,10.147545487931492,35.207763494478016,43.668836505521966,5100.0,21.967419380922337,True,none,45.757742434988394,5.077342903075009,11.527728110020384,63.51282464026936,15.363775359730624,5100.0,27.38590442526773,True,none,32.290810026005374,4.695115617395468,11.344225427982474,77.53681609645066,1.3397839035493178,5100.0,438
586,586,Turnigy,L5055A-700 (700),700.0,1600.0,3.0,0.018,0.296,10x12WE,10x12WE,10.0,12.0,10.0,12.0,True,True,4.784600200176268,4.784600200176268,0.0,0.0,0.0,0.0,0.0,0.0,4.874540929180487,19.511195268052436,True,none,49.010223441402474,5.578320196410394,5.9468027446652965,39.56055424362707,39.316045756372915,11700.0,20.646499930819193,True,none,48.884532794397636,10.567885978517186,4.818875896097535,75.25854270645411,3.618057293545874,11700.0,28.976993409417258,True,none,29.102935774501997,9.630128383262448,4.952576792341663,75.14391682230521,3.732683177694767,11700.0,439
277,277,Scorpion,S5535-160² (160),160.0,3600.0,1.18,0.032,0.81,20x22.5EP(CD),20x22.5EP(CD),20.0,22.5,20.0,22.5,True,True,4.784569029727517,4.784569029727517,0.0,0.0,0.0,0.0,0.0,0.0,5.469525929180487,20.933037572948997,True,none,45.81734415413071,4.0316191406022694,10.171547872848782,30.718118155038315,48.15848184496167,4500.0,21.983543998842194,True,none,45.7567971403624,6.968657390675816,8.860098549831521,57.268675214278176,21.607924785721806,4500.0,25.796373335863763,True,none,35.292483145511014,6.429384351636008,9.052519096398825,74.77103329839699,4.105566701602996,4500.0,440
276,276,Scorpion,S5535-190² (190),190.0,3800.0,1.56,0.024,0.81,20x22.5EP(CD),20x22.5EP(CD),20.0,22.5,20.0,22.5,True,True,4.784569029727517,4.784569029727517,0.0,0.0,0.0,0.0,0.0,0.0,5.469525929180487,20.933037572948997,True,none,45.81734415413071,3.0501699650321727,10.171547872848782,34.0455554048571,44.831044595142885,5000.0,21.983543998842194,True,none,45.7567971403624,5.165779455356173,11.54886237161782,61.60819639399728,17.2684036060027,5000.0,27.39835833892947,True,none,32.29705676290824,4.7829557679471595,11.36570091375362,73.737142560337,5.139457439662976,5000.0,441
126,126,Scorpion,SII-5535-160 (160),160.0,4875.0,1.39,0.0283,0.906,20x22.5EP(CD),20x22.5EP(CD),20.0,22.5,20.0,22.5,True,True,4.78410490764437,4.78410490764437,0.0,0.0,0.0,0.0,0.0,0.0,5.565525929180486,21.02010433201707,True,none,45.813040164875325,4.2052743633466,10.28597969518365,31.34155836729398,47.535041632706,4500.0,22.060555951018905,True,none,45.752212134800835,7.096881215354495,9.283566124503523,58.10103896769822,20.77556103230176,4500.0,25.862529337863663,True,none,35.31441987574953,6.573508213016212,9.479647886392428,75.88232392300175,2.994276076998233,4500.0,442
169,169,Scorpion,HK5-4030-515 (515),515.0,13000.0,5.42,0.0079,0.734,9x7.5E,9x7.5E,9.0,7.5,9.0,7.5,True,True,4.78410490764437,4.78410490764437,0.0,0.0,0.0,0.0,0.0,0.0,5.310105322680487,20.97508769371318,True,none,45.18320399129533,7.2101520721585945,5.57759414505427,30.70947631802944,48.16712368197054,14700.0,22.06059978719853,True,none,45.06602318915087,12.871032967949137,4.524072523566596,57.924325632610724,20.952274367389258,14700.0,25.924096079662874,True,none,34.77515436772722,11.829439558044662,4.651195022350092,77.8807853746011,0.9958146253988787,14700.0,443
127,127,Scorpion,SII-5535-190 (190),190.0,5070.0,1.68,0.0234,0.906,20x22.5EP(CD),20x22.5EP(CD),20.0,22.5,20.0,22.5,True,True,4.78410490764437,4.78410490764437,0.0,0.0,0.0,0.0,0.0,0.0,5.565525929180486,21.02010433201707,True,none,45.813040164875325,3.1939963841993597,10.28597969518365,34.53126034799089,44.345339652009095,5000.0,22.060555951018905,True,none,45.752212134800835,5.356445471766273,11.649773141080718,62.360002737397174,16.516597262602808,5000.0,27.45785082808443,True,none,32.32684590782215,4.9659687858960115,11.468223464032068,74.52742430608605,4.349175693913935,5000.0,444
642,642,Turnigy,SK8-6374-192 (192),192.0,4400.0,1.8,0.024,0.94,20x22.5EP(CD),20x22.5EP(CD),20.0,22.5,20.0,22.5,True,True,4.783934720404975,4.783934720404975,0.0,0.0,0.0,0.0,0.0,0.0,5.599525929180487,21.050717409010748,True,none,45.81149888841884,3.2053082711668086,10.326203546306703,34.913510553472626,43.963089446527356,5100.0,22.087679864479483,True,none,45.75056940626296,5.3732093565239225,11.685303403364099,62.967453038966106,15.909146961033876,5100.0,27.478809130012124,True,none,32.33731961123683,4.978818090212124,11.504314443329621,75.42713883427977,3.4494611657202086,5100.0,445
342,342,T-Motor,AT7224-160 (160),160.0,4800.0,3.1,0.024,0.78,20x22.5EP(CD),20x22.5EP(CD),20.0,22.5,20.0,22.5,True,True,4.783643972521678,4.783643972521678,0.0,0.0,0.0,0.0,0.0,0.0,5.439525929180487,21.081727942948973,True,none,45.22016356214593,3.954464882179895,10.135522980075121,32.02483185518632,46.85176814481366,4500.0,22.135010804403827,True,none,45.16270597298847,6.761376958981188,9.426262647012019,59.08925584792416,19.787344152075825,4500.0,26.75697350163786,True,none,33.38889118591842,6.252011813454638,9.628831321952479,73.24660132286792,5.629998677132065,4500.0,446
75,75,Planet-Hobby,Joker 4260-4 V2 (840),840.0,1100.0,4.03,0.012,0.283,9x9E,9x9E,9.0,9.0,9.0,9.0,True,True,4.783565519373553,4.783565519373553,0.0,0.0,0.0,0.0,0.0,0.0,4.859105322680486,19.61227938009804,True,none,48.557122297964966,8.841776868752975,3.5089962179115926,39.42584462357718,39.450755376422805,13700.0,20.795235253515003,True,none,48.25879996879227,17.546292277554663,2.6115759033702286,74.37631146925774,4.500288530742239,13700.0,28.034220844416197,True,none,30.454480810154763,15.882867194603323,2.7090254393475983,78.51861607574774,0.35798392425223824,13700.0,447
340,340,T-Motor,AT7215-200 (220),220.0,4400.0,2.4,0.027,0.55,20x22.5EP(CD),20x22.5EP(CD),20.0,22.5,20.0,22.5,True,True,4.7835244425158425,4.7835244425158425,0.0,0.0,0.0,0.0,0.0,0.0,5.2095259291804865,19.728510868284452,True,none,49.40872755814703,2.341937912152682,9.854958093743946,39.96447426320905,38.912125736790934,5500.0,20.802434977224152,True,none,49.36087691615319,4.121818841705856,11.27102634982124,72.34756524967653,6.529034750323447,5500.0,28.987938318616642,True,none,29.483220407068956,3.8029990021304902,11.083274342931995,69.76223630304482,9.114363696955166,5500.0,448
668,668,Turnigy,SK6354-15² (200),200.0,2590.0,1.7,0.068,0.558,20x22.5EP(CD),20x22.5EP(CD),20.0,22.5,20.0,22.5,True,True,4.783483389347206,4.783483389347206,0.0,0.0,0.0,0.0,0.0,0.0,5.2175259291804865,19.7359960623112,True,none,49.40846221174448,2.973695565752929,9.86485082043594,37.266451381765165,41.61014861823482,5100.0,20.80899432367593,True,none,49.36059015818036,5.2269993772824375,11.279677196550042,68.5856382577753,10.290961742224681,5100.0,28.991994413104187,True,none,29.486844653118695,4.81268830968817,11.09207162078847,63.75207452729241,15.124525472707575,5100.0,449
128,128,Scorpion,SII-6530-150 (160),160.0,3900.0,1.15,0.032,1.043,20x22.5EP(CD),20x22.5EP(CD),20.0,22.5,20.0,22.5,True,True,4.783438787836694,4.783438787836694,0.0,0.0,0.0,0.0,0.0,0.0,5.702525929180487,21.142763798914032,True,none,45.80677662325522,4.521100862516519,10.10385047180971,31.77135190417001,47.10524809582997,4500.0,22.169377122091845,True,none,45.74553272835993,7.613457212135122,8.612648025597558,58.85944408112782,20.017155918872163,4500.0,27.54195113146475,True,none,32.36880826977411,7.063518676935253,8.794039239631589,67.44695887553722,11.429641124462762,4500.0,450
598,598,Turnigy,RotoMax 1.60 (231),231.0,2960.0,1.47,0.028,0.849,20x15E,20x15E,20.0,15.0,20.0,15.0,True,True,4.783390600516066,4.783390600516066,0.0,0.0,0.0,0.0,0.0,0.0,5.508525929180487,21.13584923707053,True,none,45.24659225667756,2.6071885223632925,10.218190358115539,32.27656931514654,46.600030684853444,6400.0,22.178845264989974,True,none,45.198782709382556,4.435176928504641,11.589963336594328,59.451434120649424,19.42516587935056,6400.0,26.019675712426928,True,none,34.90452520578091,4.105896406058182,11.407461826626056,78.0408878804453,0.8357121195546853,6400.0,451
12,12,Cobra,C-3525/10 (780),780.0,1380.0,1.65,0.035,0.253,10x12WE,10x12WE,10.0,12.0,10.0,12.0,True,True,4.783387690629541,4.783387690629541,0.0,0.0,0.0,0.0,0.0,0.0,4.831540929180487,19.231861614584158,True,none,49.9643479014821,7.324913587557221,4.420392934510538,42.22305694833192,36.65354305166806,10800.0,20.821308417870206,True,none,48.0713372393198,14.256198458334364,3.3963783486510275,77.26826454130465,1.6083354586953362,10800.0,29.886961156912317,True,none,27.844377244782088,12.945359772666336,3.5053368874166657,76.69699636358267,2.179603636417312,10800.0,452
110,110,Scorpion,S-5028-220 (220),220.0,3367.0,1.16,0.0262,0.576,20x22.5EP(CD),20x22.5EP(CD),20.0,22.5,20.0,22.5,True,True,4.783374029888383,4.783374029888383,0.0,0.0,0.0,0.0,0.0,0.0,5.235525929180486,19.752811105396177,True,none,49.407863200677376,2.325426265708963,9.88707326459503,39.42670903591551,39.449890964084474,5500.0,20.82373509772146,True,none,49.35994334516152,4.102422324509019,11.299117385370648,71.56862907663988,7.307970923360102,5500.0,29.001111813930443,True,none,29.49498778708789,3.7818256177210294,11.111840030828164,67.26594372582672,11.610656274173266,5500.0,453
208,208,Scorpion,S-5028-220-F3A Ltd Ed² (220),220.0,2590.0,0.98,0.032,0.576,20x22.5EP(CD),20x22.5EP(CD),20.0,22.5,20.0,22.5,True,True,4.783374029888383,4.783374029888383,0.0,0.0,0.0,0.0,0.0,0.0,5.235525929180486,19.752811105396177,True,none,49.407863200677376,2.3367368791623306,9.88707326459503,39.329240651915605,39.54735934808438,5500.0,20.82373509772146,True,none,49.35994334516152,4.111629403840855,11.299117385370648,71.40555838626071,7.471041613739274,5500.0,29.001111813930443,True,none,29.49498778708789,3.787027469132132,11.111840030828164,66.87055296406851,12.006047035931473,5500.0,454
233,233,Scorpion,S-5030-220-F3A Ltd Ed² (220),220.0,2590.0,0.98,0.032,0.576,20x22.5EP(CD),20x22.5EP(CD),20.0,22.5,20.0,22.5,True,True,4.783374029888383,4.783374029888383,0.0,0.0,0.0,0.0,0.0,0.0,5.235525929180486,19.752811105396177,True,none,49.407863200677376,2.3367368791623306,9.88707326459503,39.329240651915605,39.54735934808438,5500.0,20.82373509772146,True,none,49.35994334516152,4.111629403840855,11.299117385370648,71.40555838626071,7.471041613739274,5500.0,29.001111813930443,True,none,29.49498778708789,3.787027469132132,11.111840030828164,66.87055296406851,12.006047035931473,5500.0,455
417,417,T-Motor,MS8014-160 (160),160.0,4160.0,1.7,0.036,0.43,20x22.5EP(CD),20x22.5EP(CD),20.0,22.5,20.0,22.5,True,True,4.783282306047637,4.783282306047637,0.0,0.0,0.0,0.0,0.0,0.0,5.089525929180486,21.102020967582117,True,none,44.09848951703086,3.4429353150950943,9.705357223170852,28.850728054444353,50.02587194555563,4400.0,22.196733879890274,True,none,44.03962710616108,6.15163111385972,9.296911202399437,51.46381824693147,27.412781753068515,4400.0,27.81889141297977,True,none,31.091384576291805,5.657391511543162,9.510073874645903,62.4290846912732,16.447515308726786,4400.0,456
351,351,T-Motor,CINE66-925 (925),925.0,1235.0,1.05,0.069,0.077,11x10E,11x10E,11.0,10.0,11.0,10.0,True,True,4.7832512011976815,4.7832512011976815,0.0,0.0,0.0,0.0,0.0,0.0,4.658679929680487,20.065378264175642,True,none,46.16477722225589,7.853463476600243,3.5574652628851386,39.64741537848858,39.2291846215114,11200.0,20.842632485524618,True,none,47.44182493958434,16.223591187901377,2.570656938122254,77.88931829273972,0.9872817072602658,11200.0,30.64368659091038,True,none,26.73740605826663,14.595559519652312,2.6735627061909497,78.03432304547773,0.8422769545222479,11200.0,457
258,258,Scorpion,S-5030-220-F3A² (220),220.0,2590.0,1.03,0.027,0.606,20x22.5EP(CD),20x22.5EP(CD),20.0,22.5,20.0,22.5,True,True,4.783210305433816,4.783210305433816,0.0,0.0,0.0,0.0,0.0,0.0,5.265525929180487,19.78075475830961,True,none,49.406858833448105,2.359645864579967,9.924000090159891,39.511623187686325,39.36497681231366,5500.0,20.848248719202957,True,none,49.358860382008565,4.143450347607372,11.331443585810632,71.69041779979925,7.186182200200733,5500.0,29.016280513489885,True,none,29.508524727014475,3.818010243270018,11.144709458785316,67.080411946212,11.796188053787986,5500.0,458
338,338,T-Motor,AT7215-245 (245),245.0,5000.0,2.4,0.02,0.555,17x12E,17x12E,17.0,12.0,17.0,12.0,True,True,4.783209161350474,4.783209161350474,0.0,0.0,0.0,0.0,0.0,0.0,5.176374702680487,22.66350752504915,True,none,39.833449848397066,3.4016302559818903,9.813857308192318,23.743376801688875,55.13322319831111,7000.0,23.758775397410076,True,none,39.75702488412267,6.0490298741589426,9.329520987484377,44.376572658588515,34.50002734141147,7000.0,25.21500025864763,True,none,36.00576014741914,5.564249557659062,9.565384826154672,78.15907275136219,0.7175272486377935,7000.0,459
525,525,T-Motor,MN7005-230² (230),230.0,700.0,0.9,0.071,0.188,14x14E,14x14E,14.0,14.0,14.0,14.0,True,True,4.783031018272463,4.783031018272463,0.0,0.0,0.0,0.0,0.0,0.0,4.784404705180487,22.621028038645207,True,none,38.986984081104055,6.506051080653491,5.079942913452554,19.098866630193278,59.777733369806704,6500.0,23.791886747780836,True,none,38.84896816746517,12.503012636272402,4.019900869601901,36.9082696402322,41.96833035976778,6500.0,23.620405511902856,True,none,38.909584936436055,11.38173082524969,4.145875938583954,73.49481750793262,5.381782492067359,6500.0,460
64,64,Planet-Hobby,Joker 6360-10 V3 (225),225.0,3600.0,1.0,0.0362,0.64,20x22.5EP(CD),20x22.5EP(CD),20.0,22.5,20.0,22.5,True,True,4.783019769361346,4.783019769361346,0.0,0.0,0.0,0.0,0.0,0.0,5.299525929180486,19.812302424239043,True,none,49.405711633549046,2.4714113302907337,9.965685083300615,40.11254680630299,38.764053193696995,5500.0,20.875949367068745,True,none,49.357625567274546,4.30202837312893,11.367968821580913,72.50049177108752,6.376108228912457,5500.0,29.03343127143138,True,none,29.523814187608927,3.9745514188785647,11.181844673879429,68.01438494889662,10.862215051103362,5500.0,461
670,670,Turnigy,SK6364-09² (230),230.0,2950.0,1.7,0.04,0.706,20x15E,20x15E,20.0,15.0,20.0,15.0,True,True,4.782994377650969,4.782994377650969,0.0,0.0,0.0,0.0,0.0,0.0,5.365525929180487,21.183599518248187,True,none,44.6605240655396,2.560542860301429,10.046109261279836,30.883143538559544,47.99345646144044,6300.0,22.24385690933665,True,none,44.60816277620877,4.4124893774473115,11.438537810336069,56.99348412221253,21.883115877787453,6300.0,26.9147567333185,True,none,32.9954646461928,4.076187088260088,11.253580871030243,74.27166791933001,4.604932080669968,6300.0,462
561,561,T-Motor,AT5330-190² (190),190.0,4500.0,1.4,0.035,0.635,20x22.5EP(CD),20x22.5EP(CD),20.0,22.5,20.0,22.5,True,True,4.782922589608503,4.782922589608503,0.0,0.0,0.0,0.0,0.0,0.0,5.2945259291804865,21.183398798893382,True,none,44.449824783330584,2.912309066078098,9.959565879320063,32.42437556754783,46.452224432452155,4900.0,22.255633204027312,True,none,44.384961410684085,5.032067149087391,11.362604826950193,58.65465274882576,20.22194725117422,4900.0,26.16698697059351,True,none,34.275335243804186,4.64698476019445,11.176391351226108,78.26745788398699,0.6091421160129897,4900.0,463
569,569,T-Motor,T2820 Pro² (830),830.0,1110.0,0.8,0.05,0.131,11x10E,11x10E,11.0,10.0,11.0,10.0,True,True,4.782911120909748,4.782911120909748,0.0,0.0,0.0,0.0,0.0,0.0,4.712679929680487,20.12187927543585,True,none,46.155209360475,8.164160653871114,3.510526211214553,37.333496451055616,41.543103548944366,11200.0,20.89280804344928,True,none,47.42712257293592,16.671614505009984,2.5393729333390507,73.91650170515611,4.960098294843874,11200.0,28.2329956497863,True,none,29.967903352130342,15.052936293231001,2.640737107386996,77.31522152492391,1.5613784750760686,11200.0,464
693,693,Turnigy,TR6364-10² (230),230.0,2600.0,1.5,0.045,0.645,20x15E,20x15E,20.0,15.0,20.0,15.0,True,True,4.782874773905526,4.782874773905526,0.0,0.0,0.0,0.0,0.0,0.0,5.304525929180487,21.196724187142735,True,none,44.436377702598385,2.5464937687565623,9.971800532227084,30.629382403277404,48.24721759672258,6300.0,22.263400679958647,True,none,44.38585322659066,4.435311215543608,11.373330286395436,56.08291566687845,22.793684333121533,6300.0,26.175315875900314,True,none,34.27504311003391,4.088804627477181,11.18729533827411,73.35325274700318,5.5233472529968,6300.0,465
346,346,T-Motor,AT8025-160 (160),160.0,5000.0,4.0,0.014,0.985,20x22.5EP(CD),20x22.5EP(CD),20.0,22.5,20.0,22.5,True,True,4.7828508789377375,4.7828508789377375,0.0,0.0,0.0,0.0,0.0,0.0,5.644525929180487,21.23606059671759,True,none,45.31566779051529,4.253120544975594,10.379201306208136,33.37097205402891,45.50562794597107,4500.0,22.267415540867816,True,none,45.25942433605699,7.158793741854537,9.196378271208841,61.342221416074054,17.53437858392593,4500.0,27.686708233100255,True,none,32.04459227473467,6.637854366363866,9.388576868476216,74.19868762621233,4.677912373787649,4500.0,466
681,681,Turnigy,TR5045-08² (890),890.0,1080.0,2.6,0.021,0.21,9x9E,9x9E,9.0,9.0,9.0,9.0,True,True,4.782789090148869,4.782789090148869,0.0,0.0,0.0,0.0,0.0,0.0,4.786105322680487,19.709916978166454,True,none,47.91244756974179,8.879824499181293,3.397656506836037,38.52569018694238,40.350909813057605,13500.0,20.910521540145943,True,none,47.592533958581775,17.876189128547942,2.504178738251626,72.82388148101069,6.052718518989295,13400.0,28.228191463648635,True,none,30.06894158462101,16.172823870821507,2.60083265020127,75.62346846098168,3.253131539018298,13500.0,467
173,173,Scorpion,M-3014-380 (380),380.0,433.0,0.31,0.2206,0.115,10x10E,10x10E,10.0,10.0,10.0,10.0,True,True,4.782759546834509,4.782759546834509,0.0,0.0,0.0,0.0,0.0,0.0,4.693540929180487,22.384473383589928,True,none,39.3564261396341,9.845887702065681,2.907148114377461,19.93178033892213,58.94481966107785,10000.0,23.84433414321731,True,none,39.01390936861863,20.555599111195477,2.06878991591212,38.08692741715879,40.78967258284119,9900.0,23.436158864882817,True,none,39.173411678999514,18.503120214035768,2.158259695688961,74.7036743051125,4.172925694887482,9900.0,468
273,273,Scorpion,S5525-225² (225),225.0,2975.0,1.43,0.025,0.64,20x15E,20x15E,20.0,15.0,20.0,15.0,True,True,4.782743457730126,4.782743457730126,0.0,0.0,0.0,0.0,0.0,0.0,5.299525929180486,21.218516138819606,True,none,44.35109860819037,2.392060704366544,9.965685083300615,30.536748580939516,48.339851419060466,6300.0,22.285257820223762,True,none,44.302378344576404,4.147412539469833,11.367968821580913,55.65943125832284,23.217168741677142,6300.0,25.481556442070573,True,none,35.65774771877211,3.8281413845089074,11.181844673879429,76.06352148257311,2.8130785174268738,6300.0,469
78,78,Planet-Hobby,Joker 5050-6 V2 (750),750.0,1250.0,2.98,0.014,0.285,10x10E,10x10E,10.0,10.0,10.0,10.0,True,True,4.782599681560613,4.782599681560613,0.0,0.0,0.0,0.0,0.0,0.0,4.863540929180487,19.783863807132228,True,none,47.918642890539324,6.8126570089828435,4.682605498116192,37.33137028606301,41.54522971393697,12400.0,20.938697168495256,True,none,47.730791248085644,13.184227434807653,3.612051822225314,71.18756998718838,7.6890300128116,12400.0,28.24551537145504,True,none,30.142016653814654,12.003771305968547,3.7267920468695164,74.22969378804886,4.646906211951119,12400.0,470
636,636,Turnigy,SK3-6364-213 (213),213.0,2550.0,3.0,0.023,0.72,20x22.5EP(CD),20x22.5EP(CD),20.0,22.5,20.0,22.5,True,True,4.782586171758524,4.782586171758524,0.0,0.0,0.0,0.0,0.0,0.0,5.379525929180486,19.88603052700244,True,none,49.40297613653557,2.5045715454170248,10.06308630488597,40.55738179444559,38.31921820555439,5500.0,20.94079065872169,True,none,49.35468894292726,4.3280532442741135,11.453451092509141,73.40709848945285,5.469501510547133,5500.0,29.07361882836641,True,none,29.559572686009133,3.9944741741427547,11.268738931700781,70.36279718719699,8.513802812802993,5500.0,471
304,304,T-Motor,Antigravity 7005-230 (230),230.0,700.0,0.9,0.071,0.32,14x14E,14x14E,14.0,14.0,14.0,14.0,True,True,4.782427049262957,4.782427049262957,0.0,0.0,0.0,0.0,0.0,0.0,4.9164047051804864,22.754493835578526,True,none,38.974368930815054,7.043629516214146,4.94421100041011,19.633654135445532,59.24294586455445,6500.0,23.908310964101958,True,none,38.835500500606805,13.29232859369436,3.92728822377821,37.564772691522286,41.311827308477696,6500.0,23.740411579035808,True,none,38.89220754494582,12.127651928091497,4.04871823691269,75.17355243611763,3.7030475638823503,6500.0,472
412,412,T-Motor,MN7005-230 (230),230.0,700.0,0.9,0.071,0.32,14x14E,14x14E,14.0,14.0,14.0,14.0,True,True,4.782427049262957,4.782427049262957,0.0,0.0,0.0,0.0,0.0,0.0,4.9164047051804864,22.754493835578526,True,none,38.974368930815054,7.043629516214146,4.94421100041011,19.633654135445532,59.24294586455445,6500.0,23.908310964101958,True,none,38.835500500606805,13.29232859369436,3.92728822377821,37.564772691522286,41.311827308477696,6500.0,23.740411579035808,True,none,38.89220754494582,12.127651928091497,4.04871823691269,75.17355243611763,3.7030475638823503,6500.0,473
597,597,Turnigy,RotoMax 1.40 (228),228.0,2770.0,1.25,0.029,0.715,20x15E,20x15E,20.0,15.0,20.0,15.0,True,True,4.78238663690446,4.78238663690446,0.0,0.0,0.0,0.0,0.0,0.0,5.3745259291804865,21.287839543318384,True,none,44.34844288012387,2.4826240537062905,10.05702636491421,30.877308385259433,47.99929161474055,6300.0,22.346248093489557,True,none,44.29955656427212,4.2695942887744405,11.448127150477276,56.79831713275628,22.0782828672437,6300.0,25.535467628303508,True,none,35.67276318785129,3.945204762637581,11.26332768038935,76.60609633037099,2.2705036696289937,6300.0,474
89,89,Planet-Hobby,Joker 6360-12 V2 (210),210.0,2400.0,1.0,0.034,0.63,20x22.5EP(CD),20x22.5EP(CD),20.0,22.5,20.0,22.5,True,True,4.782370365360552,4.782370365360552,0.0,0.0,0.0,0.0,0.0,0.0,5.289525929180487,19.904227872491745,True,none,49.004158116753054,2.536791228634038,9.953442913359805,39.034050825573544,39.84254917442644,5300.0,20.971097688642963,True,none,48.94863727254852,4.387170835158505,11.357238298918794,70.80427781375944,8.072322186240541,5300.0,28.071402591490276,True,none,30.953760772897965,4.048963688796169,11.170935366421105,66.78952338720845,12.087076612791535,5300.0,475
301,301,T-Motor,Antigravity 6007-160 (160),160.0,865.0,0.5,0.277,0.18,20x22.5EP(CD),20x22.5EP(CD),20.0,22.5,20.0,22.5,True,True,4.782354552574928,4.782354552574928,0.0,0.0,0.0,0.0,0.0,0.0,4.839525929180486,22.758654612917105,True,none,38.77934276306562,4.885008110133699,6.685417923975451,23.00286335007705,55.87373664992293,3900.0,23.92200098456616,True,none,38.64312387593989,9.28062838027223,5.392486343364481,43.06549648819172,35.81110351180826,3900.0,24.81961875064414,True,none,36.24489482306085,8.474920780313472,5.547616367540042,77.95652849388357,0.9200715061164146,3900.0,476
164,164,Scorpion,HK5-4035-595 (595),595.0,8200.0,3.98,0.0108,0.482,8x8E,8x8E,8.0,8.0,8.0,8.0,True,True,4.782351060182373,4.782351060182373,0.0,0.0,0.0,0.0,0.0,0.0,5.056264369180487,21.215469544218582,True,none,43.64118727186758,7.169924015779197,5.141407608602709,28.398750609594217,50.477849390405765,16800.0,22.352561969885514,True,none,43.46445977440395,13.244331319228454,4.1410807901663595,53.67099787350831,25.20560212649167,16800.0,25.59569886667485,True,none,35.01165275081654,12.116251003366443,4.260718735287593,75.25636049544859,3.6202395045513924,16800.0,477
348,348,T-Motor,AT8030-160 (160),160.0,5600.0,4.5,0.0105,1.11,20x22.5EP(CD),20x22.5EP(CD),20.0,22.5,20.0,22.5,True,True,4.782268122061681,4.782268122061681,0.0,0.0,0.0,0.0,0.0,0.0,5.769525929180487,21.346996267895776,True,none,45.31033664985081,4.396306551584641,10.525017179553265,34.277197857520754,44.59940214247923,4500.0,22.36599772476086,True,none,45.253733245397065,7.264192387295754,9.061844325325243,62.68824277608319,16.18835722391679,4500.0,27.762357184256857,True,none,32.08293355565127,6.747373048213154,9.248169021171817,76.08050433795877,2.7960956620412105,4500.0,478
149,149,Scorpion,HKIV-5035-500 (500),500.0,6926.0,2.96,0.0086,0.778,9x7.5E,9x7.5E,9.0,7.5,9.0,7.5,True,True,4.7821852877062865,4.7821852877062865,0.0,0.0,0.0,0.0,0.0,0.0,5.3541053226804864,21.294293367447754,True,none,44.267792458942424,7.768970010891796,5.236203639228573,28.355524672830786,50.5210753271692,14400.0,22.379897416223393,True,none,44.13925699892528,13.84478083035734,4.145177592677965,53.55234855728814,25.32425144271184,14400.0,25.569030750483126,True,none,35.56836596915356,12.726472283844528,4.265741829271555,73.55704950733275,5.319550492667233,14400.0,479
171,171,Scorpion,HK5-6528-395 (395),395.0,13500.0,6.51,0.0069,1.07,10x10E,10x10E,10.0,10.0,10.0,10.0,True,True,4.782114369271409,4.782114369271409,0.0,0.0,0.0,0.0,0.0,0.0,5.648540929180487,21.338611125326004,True,none,44.98456364755984,10.472251902089592,4.319822145548636,32.766928078942776,46.109671921057206,11300.0,22.3923189273348,True,none,44.85389572533365,18.19447243436982,3.5027397701126266,60.81245034518539,18.064149654814592,11300.0,26.99468791530056,True,none,33.26005345547894,16.778527854596685,3.6031588536054184,77.94735427835592,0.9292457216440653,11300.0,480
189,189,Scorpion,HKIII-5035-500² (500),500.0,7100.0,2.05,0.008,0.732,9x7.5E,9x7.5E,9.0,7.5,9.0,7.5,True,True,4.782078938550529,4.782078938550529,0.0,0.0,0.0,0.0,0.0,0.0,5.308105322680487,21.309245956994168,True,none,44.08532627511914,7.5810045418537175,5.281424916913223,27.467533579165448,51.409066420834534,14400.0,22.398726782193506,True,none,43.96189378519358,13.577774091648589,4.264048751696249,52.120706533688455,26.755893466311527,14400.0,25.60138578371156,True,none,35.42398272751829,12.47290800786985,4.387477188788844,71.04401846452366,7.832581535476322,14400.0,481
101,101,Scorpion,A-6528-160 (160),160.0,6450.0,1.97,0.0219,1.115,20x22.5EP(CD),20x22.5EP(CD),20.0,22.5,20.0,22.5,True,True,4.782055328613858,4.782055328613858,0.0,0.0,0.0,0.0,0.0,0.0,5.774525929180487,21.38249329987349,True,none,45.205656423743285,4.639875017635843,10.53080781824905,32.7757425171666,46.10085748283338,4500.0,22.401627930903928,True,none,45.147233585962894,7.67346431524088,9.056547585827783,60.257656573782796,18.618943426217186,4500.0,26.97401643653002,True,none,33.47886400469257,7.126564183170902,9.242643924004643,72.80396405354412,6.072635946455861,4500.0,482
682,682,Turnigy,TR5045-10² (720),720.0,1125.0,1.7,0.027,0.21,10x10E,10x10E,10.0,10.0,10.0,10.0,True,True,4.781972760191059,4.781972760191059,0.0,0.0,0.0,0.0,0.0,0.0,4.788540929180487,21.241910239602614,True,none,42.77051200363377,6.873434947987919,4.543226676848102,31.17843014740549,47.69816985259449,11600.0,22.416955892795688,True,none,42.590339757749355,13.515640813962953,3.3856947552918952,59.09664715508281,19.77995284491717,11500.0,27.304192202870603,True,none,31.50825278896749,12.255471713982422,3.5914140886433814,78.2507180259241,0.625881974075881,11600.0,483
331,331,T-Motor,AT5220-A-220 (220),220.0,2700.0,1.8,0.036,0.45,20x15E,20x15E,20.0,15.0,20.0,15.0,True,True,4.7818432179866175,4.7818432179866175,0.0,0.0,0.0,0.0,0.0,0.0,5.109525929180487,21.34754888069046,True,none,43.38693599765151,2.3322336494753118,9.730450427876931,28.97185668805017,49.904743311949815,6100.0,22.43847482697428,True,none,43.33416996675966,4.183617943266887,11.162325092841805,53.135383986164584,25.7412160138354,6100.0,25.701493739976165,True,none,34.888838364305045,3.8414598065440853,10.97271327706214,72.07402130097466,6.802578699025318,6100.0,484
333,333,T-Motor,AT5220-B-220 (220),220.0,2700.0,1.8,0.036,0.45,20x15E,20x15E,20.0,15.0,20.0,15.0,True,True,4.7818432179866175,4.7818432179866175,0.0,0.0,0.0,0.0,0.0,0.0,5.109525929180487,21.34754888069046,True,none,43.38693599765151,2.3322336494753118,9.730450427876931,28.97185668805017,49.904743311949815,6100.0,22.43847482697428,True,none,43.33416996675966,4.183617943266887,11.162325092841805,53.135383986164584,25.7412160138354,6100.0,25.701493739976165,True,none,34.888838364305045,3.8414598065440853,10.97271327706214,72.07402130097466,6.802578699025318,6100.0,485
290,290,Scorpion,S3032-8² (988),988.0,1200.0,3.1,0.022,0.223,7x11E,7x11E,7.0,11.0,7.0,11.0,True,True,4.781713536003935,4.781713536003935,0.0,0.0,0.0,0.0,0.0,0.0,4.795909327680487,19.90142656170764,True,none,47.237134747876254,10.475967157732514,3.0871657428150767,40.56717631586799,38.30942368413199,17700.0,21.070459806778643,True,none,47.03567144932069,20.880861242940753,2.3033444155981,76.26519970289495,2.6114002971050354,17700.0,29.611867035041456,True,none,28.158813581723777,18.89982346113392,2.391178842498723,77.86566188255514,1.0109381174448373,17700.0,486
289,289,Scorpion,S3026-12² (840),840.0,1000.0,2.27,0.034,0.19,7x11E,7x11E,7.0,11.0,7.0,11.0,True,True,4.781660186926294,4.781660186926294,0.0,0.0,0.0,0.0,0.0,0.0,4.762909327680487,19.90282139890364,True,none,47.113687482707334,10.508282495475784,3.014752048284394,36.37279280496248,42.5038071950375,17500.0,21.078522398486296,True,none,46.90533577780827,21.146555772182225,2.2782201270250457,68.87362822557871,10.002971774421269,17500.0,28.48972356691991,True,none,29.657070374952205,19.11178458702322,2.3660589587290346,70.19226216442804,8.684337835571938,17500.0,487
245,245,Scorpion,S-4020-8² (790),790.0,1400.0,1.92,0.011,0.305,9x9E,9x9E,9.0,9.0,9.0,9.0,True,True,4.781561460313907,4.781561460313907,0.0,0.0,0.0,0.0,0.0,0.0,4.881105322680487,21.32670142003142,True,none,42.78685608730827,5.540902190919251,6.027194087429689,31.51578836224133,47.36081163775865,14800.0,22.48509083608421,True,none,42.61956693101555,10.530816042647267,4.690168564448179,59.50824486657497,19.368355133425013,14800.0,27.35691734154944,True,none,31.551715416201347,9.588754152008985,4.912638092823778,77.99589086177087,0.8807091382291077,14800.0,488
339,339,T-Motor,AT7215-220 (220),220.0,4500.0,2.4,0.024,0.565,20x15E,20x15E,20.0,15.0,20.0,15.0,True,True,4.7811992987798675,4.7811992987798675,0.0,0.0,0.0,0.0,0.0,0.0,5.224525929180487,21.47040022778891,True,none,43.33889755479857,2.385697205371085,9.873498825363841,29.939876985868196,48.936723014131786,6100.0,22.547195138785188,True,none,43.287886474971025,4.176668577726449,11.287241248568073,54.55095890548325,24.325641094516733,6100.0,25.801120013945997,True,none,34.88016167639804,3.8503238729317144,11.099763519359614,75.32369583937108,3.5529041606288985,6100.0,489
448,448,T-Motor,V10-160 (160),160.0,7000.0,4.4,0.012,1.23,20x22.5EP(CD),20x22.5EP(CD),20.0,22.5,20.0,22.5,True,True,4.781082896962643,4.781082896962643,0.0,0.0,0.0,0.0,0.0,0.0,5.889525929180487,21.45211725489728,True,none,45.3051207098695,4.6626592588053075,10.4189798442805,34.68989172000148,44.186708279998506,4500.0,22.568075232550434,True,none,45.24815463373007,7.723760326716,8.937119165196677,63.530970726300424,15.345629273699558,4500.0,27.8342879554599,True,none,32.119258814748214,7.166588540751603,9.117434929594339,76.52750110737875,2.349098892621228,4500.0,490
334,334,T-Motor,AT5230-A-220 (220),220.0,3600.0,3.0,0.024,0.61,20x15E,20x15E,20.0,15.0,20.0,15.0,True,True,4.780989923949014,4.780989923949014,0.0,0.0,0.0,0.0,0.0,0.0,5.269525929180487,21.51249415740011,True,none,43.33724457413514,2.4427745062714408,9.928913290461182,30.44005612590673,48.43654387409325,6100.0,22.58414237212871,True,none,43.28613110730978,4.253636405219154,11.335746780799758,55.37609711948648,23.5005028805135,6100.0,25.83358371163544,True,none,34.88919323081749,3.9239351136703764,11.149084727489608,76.85716594867905,2.0194340513209283,6100.0,491
343,343,T-Motor,AT8020-210 (210),210.0,5500.0,5.3,0.012,0.87,20x22.5EP(CD),20x22.5EP(CD),20.0,22.5,20.0,22.5,True,True,4.78098351886254,4.78098351886254,0.0,0.0,0.0,0.0,0.0,0.0,5.529525929180487,20.141368156932685,True,none,48.92617680541122,2.7218540951429357,10.243217572115801,42.65891975661515,36.217680243384834,5500.0,21.179595948793505,True,none,48.88027736825962,4.638726914051342,11.61203436864606,76.54678811512194,2.3298118848780405,5500.0,28.225890371370177,True,none,31.016298711037308,4.291331007357239,11.429885273306434,76.9268036831371,1.9497963168628871,5500.0,492
280,280,Scorpion,HK3026-880² (880),880.0,1450.0,2.3,0.026,0.195,7x15E,7x15E,7.0,15.0,7.0,15.0,True,True,4.7809571156402635,4.7809571156402635,0.0,0.0,0.0,0.0,0.0,0.0,4.767909327680487,19.52676070409318,True,none,48.543021831715016,9.728825369163712,3.338289862815253,43.11923358350587,35.757366416494115,18100.0,21.183876114267093,True,none,46.54322698124311,19.273203174449417,2.5572955785678637,77.73239418945478,1.144205810545202,18100.0,30.416353482397255,True,none,27.12072694744959,17.464634554426084,2.6503100685621352,78.66816840114782,0.20843159885215812,18100.0,493
16,16,Cobra,C-4120/12 (850),850.0,1390.0,2.77,0.021,0.293,7x15E,7x15E,7.0,15.0,7.0,15.0,True,True,4.780562260447403,4.780562260447403,0.0,0.0,0.0,0.0,0.0,0.0,4.865909327680487,20.02396184473641,True,none,47.039356111656375,10.639037218068893,3.1671297594216004,42.2244608307459,36.652139169254085,17900.0,21.243540616498557,True,none,46.62516337449603,20.86073141845772,2.422673311266753,78.58739215025433,0.28920784974565095,17900.0,31.052515688488498,True,none,26.470699571354068,18.925728314254926,2.5117643967422434,78.19764165508329,0.678958344916694,17900.0,494
232,232,Scorpion,SII-3032-990 (V2)² (990),990.0,1065.0,4.25,0.01,0.275,8x8E,8x8E,8.0,8.0,8.0,8.0,True,True,4.780352581625429,4.780352581625429,0.0,0.0,0.0,0.0,0.0,0.0,4.849264369180487,20.08034366679359,True,none,46.77745892480699,9.940744990679875,3.1196522719481137,38.734161468092225,40.14243853190776,15500.0,21.27600585626638,True,none,46.460106155086876,19.941035984638123,2.298334573172279,72.68527795191241,6.191322048087571,15400.0,28.687498528768913,True,none,29.479954637016704,18.02317284380126,2.3889607455175508,78.00019699997833,0.8764030000216536,15500.0,495
242,242,Scorpion,SII-3032-990² (990),990.0,1065.0,4.25,0.01,0.275,8x8E,8x8E,8.0,8.0,8.0,8.0,True,True,4.780352581625429,4.780352581625429,0.0,0.0,0.0,0.0,0.0,0.0,4.849264369180487,20.08034366679359,True,none,46.77745892480699,9.940744990679875,3.1196522719481137,38.734161468092225,40.14243853190776,15500.0,21.27600585626638,True,none,46.460106155086876,19.941035984638123,2.298334573172279,72.68527795191241,6.191322048087571,15400.0,28.687498528768913,True,none,29.479954637016704,18.02317284380126,2.3889607455175508,78.00019699997833,0.8764030000216536,15500.0,496
288,288,Scorpion,S3026-10² (980),980.0,1000.0,2.64,0.025,0.199,7x9E,7x9E,7.0,9.0,7.0,9.0,True,True,4.7803264161126595,4.7803264161126595,0.0,0.0,0.0,0.0,0.0,0.0,4.771909327680487,20.09558098022059,True,none,46.453436674599544,9.51408831660423,3.2807901658308283,35.35419871546192,43.52240128453806,18600.0,21.28042121158444,True,none,46.214533778130054,19.045743340408446,2.4614267751507954,67.04557432769953,11.831025672300456,18600.0,28.751942368688148,True,none,29.294441767002386,17.240116350212467,2.553315740902635,69.32977873838827,9.546821261611711,18600.0,497
532,532,T-Motor,MT2826-10² (380),380.0,428.0,0.7,0.059,0.187,9x9E,9x9E,9.0,9.0,9.0,9.0,True,True,4.779859615822727,4.779859615822727,0.0,0.0,0.0,0.0,0.0,0.0,4.763105322680487,23.18340903829202,True,none,37.58483014005567,10.512974232166162,3.009887394833446,18.24007857820074,60.636521421799245,10800.0,24.414261678865202,True,none,37.325582335395126,21.15772110232473,2.1728229128238348,35.04419824557468,43.832401754425305,10800.0,24.217623989409987,True,none,37.43852082679645,19.124824194440386,2.3323832271274125,68.54521292081189,10.33138707918809,10800.0,498
112,112,Scorpion,SII-3020-890 (V2) (890),890.0,1014.0,2.4,0.0236,0.166,9x9E,9x9E,9.0,9.0,9.0,9.0,True,True,4.779792182533461,4.779792182533461,0.0,0.0,0.0,0.0,0.0,0.0,4.742105322680487,20.13845864021557,True,none,46.199080272885936,9.397595097857593,3.1043055350787507,37.03846579406941,41.83813420593057,13000.0,21.362190834747434,True,none,45.84241751808004,19.250320988950122,2.2512721704759455,69.92117690021603,8.955423099783957,13000.0,28.856884548648058,True,none,29.11157571629809,17.385704140262455,2.343922312517265,74.01762171942448,4.858978280575499,13000.0,499
518,518,T-Motor,U8-135 Pro² (135),135.0,940.0,1.0,0.137,0.239,20x22.5EP(CD),20x22.5EP(CD),20.0,22.5,20.0,22.5,True,True,4.779453536755491,4.779453536755491,0.0,0.0,0.0,0.0,0.0,0.0,4.898525929180487,23.889660932001163,True,none,36.29982041519674,4.937661881915691,7.112804917417301,19.508213606382665,59.368386393617314,3700.0,24.49570463740109,True,none,37.40034283046948,9.175032238741798,5.77872992584369,37.57525485757234,41.30134514242764,3700.0,24.855619540993434,True,none,36.27597117250617,8.390638526809475,5.93917627709164,73.38644180863825,5.490158191361729,3700.0,500
549,549,T-Motor,U8-13² (135),135.0,940.0,1.0,0.137,0.239,20x22.5EP(CD),20x22.5EP(CD),20.0,22.5,20.0,22.5,True,True,4.779453536755491,4.779453536755491,0.0,0.0,0.0,0.0,0.0,0.0,4.898525929180487,23.889660932001163,True,none,36.29982041519674,4.937661881915691,7.112804917417301,19.508213606382665,59.368386393617314,3700.0,24.49570463740109,True,none,37.40034283046948,9.175032238741798,5.77872992584369,37.57525485757234,41.30134514242764,3700.0,24.855619540993434,True,none,36.27597117250617,8.390638526809475,5.93917627709164,73.38644180863825,5.490158191361729,3700.0,501
104,104,Scorpion,A-7430-155 (V2) (155),155.0,7500.0,2.23,0.0127,1.271,20x22.5EP(CD),20x22.5EP(CD),20.0,22.5,20.0,22.5,True,True,4.7793273312079085,4.7793273312079085,0.0,0.0,0.0,0.0,0.0,0.0,5.930525929180487,21.867091863034034,True,none,44.06112217432049,5.081875036130809,9.789272336084023,32.28797955721219,46.58862044278779,4400.0,22.873172823481696,True,none,43.9997366821238,8.351565886138845,8.384194871271644,56.76626006951335,22.11033993048663,4400.0,26.72859614063923,True,none,34.166798778755805,7.769425106197698,8.555379135440987,76.6925663587064,2.1840336412935812,4400.0,502
513,513,T-Motor,U8-190 Lite² (190),190.0,1040.0,1.3,0.048,0.243,20x15E,20x15E,20.0,15.0,20.0,15.0,True,True,4.779256434352501,4.779256434352501,0.0,0.0,0.0,0.0,0.0,0.0,4.902525929180487,23.415771023456173,True,none,37.362745821953474,3.13244543779146,9.467518216734891,20.355910444410807,58.52068955558917,5300.0,24.535573806278023,True,none,37.316723805837334,5.930672428931653,8.156412914693867,37.86709521904471,41.009504780955275,5300.0,24.37573027524435,True,none,37.350156409383146,5.414368400095265,8.390047547790067,76.69814758562869,2.178452414371293,5300.0,503
510,510,T-Motor,U8-190 II² (190),190.0,1040.0,1.3,0.048,0.277,20x15E,20x15E,20.0,15.0,20.0,15.0,True,True,4.779118844614488,4.779118844614488,0.0,0.0,0.0,0.0,0.0,0.0,4.936525929180487,23.448873184501508,True,none,37.36196614031485,3.1941460113954303,9.51120405491512,20.437992795951025,58.43860720404896,5300.0,24.564457168993414,True,none,37.31558374861363,6.0202642764792555,8.111622901969923,38.0036276722336,40.872972327766384,5300.0,24.4054128578698,True,none,37.348352381077376,5.499334478609287,8.342954304111947,76.97603286655519,1.9005671334447953,5300.0,504
451,451,T-Motor,U8 Lite-190² (190),190.0,1050.0,1.3,0.048,0.243,20x15E,20x15E,20.0,15.0,20.0,15.0,True,True,4.779118844614488,4.779118844614488,0.0,0.0,0.0,0.0,0.0,0.0,4.902525929180487,23.447425630224977,True,none,37.29039761635748,3.093135204802757,9.467518216734891,20.40539724996148,58.4712027500385,5300.0,24.564456155087832,True,none,37.250862945974035,5.845965534615786,8.156412914693867,37.92453407384684,40.95206592615314,5300.0,24.405743868884617,True,none,37.28159811802631,5.3439273650308365,8.390047547790067,76.84509009318157,2.031509906818414,5300.0,505
103,103,Scorpion,A-6528-200 (V2) (200),200.0,7200.0,2.5,0.0158,1.115,20x22.5EP(CD),20x22.5EP(CD),20.0,22.5,20.0,22.5,True,True,4.779004894518233,4.779004894518233,0.0,0.0,0.0,0.0,0.0,0.0,5.774525929180487,20.469019468959047,True,none,48.490385611861825,3.1167034458057956,10.53080781824905,40.10313425059049,38.77346574940949,5300.0,21.48450780392218,True,none,48.43719980226377,5.152398664809334,11.86649692427427,72.16506079007335,6.711539209926627,5300.0,28.50723260676083,True,none,30.878769510705247,4.790921767290974,11.68831401170163,70.59304877702729,8.28355122297269,5300.0,506
28,28,Cobra,CM-2820/32 (350),350.0,450.0,0.33,0.3,0.146,11x10E,11x10E,11.0,10.0,11.0,10.0,True,True,4.77900115996651,4.77900115996651,0.0,0.0,0.0,0.0,0.0,0.0,4.727679929680487,23.332419778629145,True,none,37.16327621115124,9.030166428533747,3.140081773040959,18.321885669574854,60.55471433042513,9000.0,24.58791557339694,True,none,36.86562800977478,18.632018134183017,2.2349247009055335,35.21985438000712,43.65674561999286,8900.0,24.38131542179915,True,none,36.99689282646464,16.78244110567379,2.3303315692149327,69.06463926177443,9.811960738225551,9000.0,507
457,457,T-Motor,U8II-190² (190),190.0,1050.0,1.3,0.048,0.277,20x15E,20x15E,20.0,15.0,20.0,15.0,True,True,4.778971774692735,4.778971774692735,0.0,0.0,0.0,0.0,0.0,0.0,4.936525929180487,23.48046184028894,True,none,37.28977138804044,3.154007306625724,9.51120405491512,20.487000950086298,58.389599049913684,5300.0,24.59326929489405,True,none,37.24988674803595,5.934174175816922,8.111622901969923,38.060349160596935,40.81625083940305,5300.0,24.4353373155098,True,none,37.28000392218597,5.427700530338802,8.342954304111947,77.121287240493,1.7553127595069782,5300.0,508
485,485,T-Motor,U8II-190 ² (190),190.0,1045.0,1.3,0.048,0.277,20x15E,20x15E,20.0,15.0,20.0,15.0,True,True,4.778971774692735,4.778971774692735,0.0,0.0,0.0,0.0,0.0,0.0,4.936525929180487,23.48046184028894,True,none,37.28977138804044,3.1749843032892295,9.51120405491512,20.487341290673967,58.389258709326015,5300.0,24.59326929489405,True,none,37.24988674803595,5.990708132824233,8.111622901969923,38.06091051076638,40.815689489233606,5300.0,24.4353373155098,True,none,37.28000392218597,5.457814391253644,8.342954304111947,77.12159977346622,1.7550002265337667,5300.0,509
372,372,T-Motor,MN801-S KV150 (150),150.0,2800.0,1.4,0.05,0.47,20x22.5EP(CD),20x22.5EP(CD),20.0,22.5,20.0,22.5,True,True,4.778205065081678,4.778205065081678,0.0,0.0,0.0,0.0,0.0,0.0,5.129525929180486,21.976155362467736,True,none,41.58211539406359,4.000084468526893,9.75357011329869,24.902105983591674,53.97449401640831,4200.0,23.07364664858325,True,none,41.50828327299713,7.1522697888818705,7.72171913630323,46.711884386605604,32.16471561339438,4200.0,26.426413544717708,True,none,33.529680194946074,6.578208993195535,7.906233202627035,65.03579674632626,13.840803253673727,4200.0,510
635,635,Turnigy,SK3-6364-245 (245),245.0,2700.0,3.5,0.018,0.72,14x14E,14x14E,14.0,14.0,14.0,14.0,True,True,4.7780716991692795,4.7780716991692795,0.0,0.0,0.0,0.0,0.0,0.0,5.316404705180487,22.01026868122439,True,none,41.98014627042682,7.136585312829064,5.733890990765104,25.57704679180177,53.29955320819821,7000.0,23.09792731514623,True,none,41.87075577003935,12.672479807357021,4.6901189088543696,48.20562910789387,30.670970892106112,7000.0,25.719839561013686,True,none,35.195581438835475,11.655677903421843,4.8158528531830225,71.39529369820889,7.4813063017910935,7000.0,511
215,215,Scorpion,HK-7050-340² (340),340.0,15000.0,6.2,0.006,1.7,14x14E,14x14E,14.0,14.0,14.0,14.0,True,True,4.777758623447997,4.777758623447997,0.0,0.0,0.0,0.0,0.0,0.0,6.296404705180486,20.707283269772116,True,none,49.28453316637176,5.782755020477826,9.875672273542031,42.35709326297337,36.51950673702661,9300.0,21.680788323847864,True,none,49.20807198582774,9.169234469373135,8.557435100042486,78.35503687826863,0.5215631217313472,9300.0,29.554562286970075,True,none,29.897194197667467,8.566516046227292,8.71986503443228,76.67196692739498,2.204633072605006,9300.0,512
129,129,Scorpion,SII-6530-180 (180),180.0,6349.0,1.51,0.0222,1.043,20x22.5EP(CD),20x22.5EP(CD),20.0,22.5,20.0,22.5,True,True,4.7777063678827,4.7777063678827,0.0,0.0,0.0,0.0,0.0,0.0,5.702525929180487,22.133200892457968,True,none,42.63380787591151,3.6822117867338564,10.44711295932223,30.99406152354747,47.88253847645251,4800.0,23.164770681671484,True,none,42.566012952905844,6.107146011752822,11.217985073879607,55.70752667578841,23.169073324211574,4800.0,26.40428523660106,True,none,34.4498654883708,5.670597003691224,11.438469128623552,78.57442907856549,0.3021709214344952,4800.0,513
375,375,T-Motor,MN805-S KV150 (150),150.0,3600.0,2.2,0.032,0.625,20x22.5EP(CD),20x22.5EP(CD),20.0,22.5,20.0,22.5,True,True,4.777684293490494,4.777684293490494,0.0,0.0,0.0,0.0,0.0,0.0,5.284525929180487,22.108374081864085,True,none,41.61517796370333,4.251183269120264,9.515121939643217,26.009224652384734,52.86737534761525,4200.0,23.167595739667398,True,none,41.59844132310688,7.467272312926417,7.985274465090346,48.360863535171205,30.515736464828777,4200.0,26.69144162878269,True,none,33.27869864025122,6.884463423497088,8.169264162968895,68.2303788675792,10.646221132420777,4200.0,514
102,102,Scorpion,A-6528-180 (V2) (180),180.0,7200.0,2.38,0.0189,1.115,20x22.5EP(CD),20x22.5EP(CD),20.0,22.5,20.0,22.5,True,True,4.777387033500641,4.777387033500641,0.0,0.0,0.0,0.0,0.0,0.0,5.774525929180487,22.197212885624754,True,none,42.63009294640989,3.738773642578301,10.53080781824905,31.783577281359914,47.09302271864007,4800.0,23.221768651470498,True,none,42.562017963444,6.191239885745296,11.128513558434214,57.020060058553405,21.856539941446577,4800.0,27.17700587401476,True,none,33.10975456137976,5.745643528762045,11.345073108992484,78.77697547665842,0.09962452334156069,4800.0,515
369,369,T-Motor,MN701-S KV135 (135),135.0,1900.0,0.9,0.094,0.35,20x22.5EP(CD),20x22.5EP(CD),20.0,22.5,20.0,22.5,True,True,4.77716796987768,4.77716796987768,0.0,0.0,0.0,0.0,0.0,0.0,5.009525929180486,23.861136877353733,True,none,36.59396683238284,4.914843002181626,7.463366497757486,20.70834080156858,58.1682591984314,3700.0,24.967820019626714,True,none,36.54876351154901,8.97977740439716,6.113544232523264,38.323355759255186,40.553244240744796,3700.0,24.810419520068844,True,none,36.578954471837996,8.230897360281569,6.275267981283615,77.66928143084314,1.2073185691568398,3700.0,516
178,178,Scorpion,IM-8012-135 (135),135.0,3108.0,1.11,0.0772,0.377,20x22.5EP(CD),20x22.5EP(CD),20.0,22.5,20.0,22.5,True,True,4.777063545106309,4.777063545106309,0.0,0.0,0.0,0.0,0.0,0.0,5.0365259291804865,23.887085047202056,True,none,36.59333270035909,4.706899437872938,7.427289843935801,20.93350598590256,57.943094014097426,3700.0,24.990550988288298,True,none,36.54783451021794,8.653855557743071,6.089099422407134,38.67607304167656,40.20052695832342,3700.0,24.83375787307581,True,none,36.577551846102665,7.91062868356044,6.249150674134545,78.40522906558643,0.4713709344135566,3700.0,517
639,639,Turnigy,SK3-6374-149 (149),149.0,2250.0,2.0,0.021,0.84,20x22.5EP(CD),20x22.5EP(CD),20.0,22.5,20.0,22.5,True,True,4.776742252252031,4.776742252252031,0.0,0.0,0.0,0.0,0.0,0.0,5.4995259291804865,22.303906623165744,True,none,41.61389524493535,4.552520485581471,9.804614030834403,26.652842528129497,52.223757471870485,4200.0,23.34015192976935,True,none,41.595308681683676,7.759436592163609,8.2971019321246,51.38944637155789,27.487153628442094,4200.0,26.839095587612753,True,none,33.327098833060894,7.177541033433992,8.479538181179171,68.87462462691195,10.00197537308803,4200.0,518
17,17,Cobra,C-4120/14 (710),710.0,1510.0,1.99,0.018,0.293,11x10E,11x10E,11.0,10.0,11.0,10.0,True,True,4.776695780571145,4.776695780571145,0.0,0.0,0.0,0.0,0.0,0.0,4.874679929680487,20.708700981029203,True,none,44.70652930586421,5.019882890487818,6.520313565741126,34.05225518060471,44.82434481939527,11900.0,21.849669400737245,True,none,44.58338584615683,9.544487281303505,5.147761443298691,64.61314954279102,14.263450457208961,11900.0,28.41955151445385,True,none,29.898797518418306,8.700035416475327,5.2930946892235164,72.19287614167978,6.6837238583202065,11900.0,519
643,643,Turnigy,SK8-6374-149 (149),149.0,3500.0,1.3,0.043,0.937,20x22.5EP(CD),20x22.5EP(CD),20.0,22.5,20.0,22.5,True,True,4.776114722893778,4.776114722893778,0.0,0.0,0.0,0.0,0.0,0.0,5.596525929180487,22.41050731430135,True,none,41.556601155852874,5.071480132109781,9.071928545519478,26.6655766473488,52.21102335265118,4200.0,23.456795393572417,True,none,41.4809920751759,8.575554418615116,7.6720357025928,49.111014573170756,29.765585426829226,4200.0,27.498470907959938,True,none,32.29954535881121,7.940489317909143,7.841752163921503,64.90720645194027,13.969393548059713,4200.0,520
279,279,Scorpion,S5545-150² (150),150.0,3800.0,1.31,0.03,1.005,20x22.5EP(CD),20x22.5EP(CD),20.0,22.5,20.0,22.5,True,True,4.776039406094232,4.776039406094232,0.0,0.0,0.0,0.0,0.0,0.0,5.664525929180487,22.450804202383583,True,none,41.612497756762565,4.986918757768442,8.981204777210607,26.999894708972143,51.87670529102784,4200.0,23.470463009579635,True,none,41.59249094206844,8.466098084786935,7.606957188268502,51.802659755062514,27.073940244937468,4200.0,25.56044736931869,True,none,36.110720308344014,7.84669208485053,7.773821600885123,77.26260865172165,1.6139913482783328,4200.0,521
449,449,T-Motor,V10L-170 (170),170.0,9000.0,4.4,0.008,1.34,20x22.5EP(CD),20x22.5EP(CD),20.0,22.5,20.0,22.5,True,True,4.775943171128229,4.775943171128229,0.0,0.0,0.0,0.0,0.0,0.0,5.9995259291804865,20.991909957520406,True,none,47.25050658381008,4.427003954331764,10.788170080234782,38.20348924341797,40.67311075658201,4800.0,21.97204652557121,True,none,47.25145628362228,7.149801997181619,10.350538296061492,69.34796513325546,9.528634866744525,4800.0,29.543391624226224,True,none,29.587071266770398,6.661510705784797,10.548138121941621,67.1003960114424,11.776203988557583,4800.0,522
696,696,Turnigy,TR8085-06² (250),250.0,5820.0,4.0,0.022,1.4,14x14E,14x14E,14.0,14.0,14.0,14.0,True,True,4.775910500414957,4.775910500414957,0.0,0.0,0.0,0.0,0.0,0.0,5.9964047051804865,22.366647747218494,True,none,42.69256558604136,9.656584003804358,5.290267989122436,29.795628597766402,49.08097140223358,7100.0,23.493398253685328,True,none,42.583107908349575,16.036762478284857,4.400012091380146,54.89536999828385,23.981230001716135,7100.0,26.589720517742506,True,none,34.533709822208,14.880936166217518,4.510334874844754,77.6127295792135,1.263870420786489,7100.0,523
106,106,Scorpion,A-7441-165 (V2) (165),165.0,9300.0,3.23,0.0083,1.605,20x22.5EP(CD),20x22.5EP(CD),20.0,22.5,20.0,22.5,True,True,4.77534464237838,4.77534464237838,0.0,0.0,0.0,0.0,0.0,0.0,6.264525929180487,21.09908902705893,True,none,47.67321085044411,5.194983681737595,11.022267076985166,38.11250010988957,40.764099890110415,4700.0,22.070088058216065,True,none,47.621036902496094,8.220884518937032,9.564001279976313,69.43306327324214,9.443536726757841,4700.0,28.08529872839334,True,none,32.178216156330116,7.6802899143221195,9.742856728568608,69.6635470050159,9.213052994984082,4700.0,524
335,335,T-Motor,AT5230-A-200 (200),200.0,3500.0,2.7,0.022,0.61,20x15E,20x15E,20.0,15.0,20.0,15.0,True,True,4.774941471008866,4.774941471008866,0.0,0.0,0.0,0.0,0.0,0.0,5.269525929180487,22.598882212852775,True,none,40.23015997569808,2.855460707390611,9.928913290461182,25.494739644763687,53.3818603552363,5600.0,23.67584778169776,True,none,40.17202771148852,5.0000062817959545,11.335746780799758,46.5367264986762,32.33987350132378,5600.0,26.753345921781296,True,none,36.37340208353115,4.6095507995631415,11.149084727489608,76.50619723861016,2.370402761389826,5600.0,525
336,336,T-Motor,AT5230-B-200 (200),200.0,3500.0,2.7,0.022,0.61,20x15E,20x15E,20.0,15.0,20.0,15.0,True,True,4.774941471008866,4.774941471008866,0.0,0.0,0.0,0.0,0.0,0.0,5.269525929180487,22.598882212852775,True,none,40.23015997569808,2.855460707390611,9.928913290461182,25.494739644763687,53.3818603552363,5600.0,23.67584778169776,True,none,40.17202771148852,5.0000062817959545,11.335746780799758,46.5367264986762,32.33987350132378,5600.0,26.753345921781296,True,none,36.37340208353115,4.6095507995631415,11.149084727489608,76.50619723861016,2.370402761389826,5600.0,526
109,109,Scorpion,A-7445-165 (V2) (165),165.0,10000.0,3.48,0.0075,1.701,20x22.5EP(CD),20x22.5EP(CD),20.0,22.5,20.0,22.5,True,True,4.774235114369077,4.774235114369077,0.0,0.0,0.0,0.0,0.0,0.0,6.360525929180487,21.17899090693721,True,none,47.669193142736894,5.404504700378666,10.890454859239469,38.74301454167848,40.133585458321505,4700.0,22.25463356286067,True,none,47.616731920260555,8.490353141126649,9.467188728232902,70.51085922447274,8.365740775527243,4700.0,28.138434115981703,True,none,32.20984090249965,7.939884336717039,9.642240908358072,70.6529749603303,8.223625039669685,4700.0,527
671,671,Turnigy,SK6374-07² (200),200.0,3180.0,1.9,0.032,0.77,20x15E,20x15E,20.0,15.0,20.0,15.0,True,True,4.774185259526039,4.774185259526039,0.0,0.0,0.0,0.0,0.0,0.0,5.429525929180487,22.7598377532675,True,none,40.19027452297357,3.190335058468947,10.123486194469917,25.380159237930894,53.496440762069085,5600.0,23.82098966868868,True,none,40.126951863433455,5.512316546212906,10.859042152420757,47.00875490706043,31.867845092939554,5600.0,27.10921078151263,True,none,36.35268262416179,5.0926206357818256,11.115534837892572,76.27131505193653,2.6052849480634563,5600.0,528
145,145,Scorpion,HKII-7050-330 (330),330.0,13000.0,4.28,0.0055,1.915,14x14E,14x14E,14.0,14.0,14.0,14.0,True,True,4.773817813963787,4.773817813963787,0.0,0.0,0.0,0.0,0.0,0.0,6.511404705180487,21.36612215806747,True,none,47.429150510433146,6.631273114826941,9.109178562909326,40.037774411878004,38.83882558812198,9100.0,22.324841613941643,True,none,47.34778574052275,10.368207484843582,7.907990465694682,73.64266581746067,5.233934182539315,9100.0,28.3095031634789,True,none,32.10899621965727,9.697288395093386,8.056819117588153,77.32595237296508,1.5506476270349054,9100.0,529
580,580,Turnigy,CA8080-10 (160),160.0,4000.0,6.4,0.0143,1.44,20x22.5EP(CD),20x22.5EP(CD),20.0,22.5,20.0,22.5,True,True,4.772070205593078,4.772070205593078,0.0,0.0,0.0,0.0,0.0,0.0,6.099525929180487,21.632990505766617,True,none,45.295765284123874,5.345496532599976,10.130526374932828,36.87124485894703,42.00535514105295,4500.0,22.62150165638852,True,none,45.23812091581808,8.598494905958493,8.727289486094115,66.81136457219307,12.065235427806911,4500.0,28.06733791778589,True,none,32.181726011709046,8.015844685422909,8.898502533723516,74.87712889266584,3.999471107334145,4500.0,530
638,638,Turnigy,SK3-6374-192 (192),192.0,2750.0,3.0,0.016,0.858,20x15E,20x15E,20.0,15.0,20.0,15.0,True,True,4.7719604365382935,4.7719604365382935,0.0,0.0,0.0,0.0,0.0,0.0,5.517525929180486,23.19975618519733,True,none,39.25635643408825,3.3975319054300757,10.228923805058502,25.44670687418379,53.42989312581619,5500.0,24.25306725794094,True,none,39.19195309739344,5.791969671978682,10.732317362779845,46.84228097806279,32.03431902193719,5500.0,25.712662836226002,True,none,35.54402820379629,5.357403455911233,10.982927029230597,76.20048430392612,2.6761156960738646,5500.0,531
181,181,Scorpion,A-6528-200² (195),195.0,6000.0,2.02,0.02,1.115,20x15E,20x15E,20.0,15.0,20.0,15.0,True,True,4.771339322845994,4.771339322845994,0.0,0.0,0.0,0.0,0.0,0.0,5.774525929180487,23.352282584335374,True,none,39.44398627986633,3.7927971883610634,10.53080781824905,25.79831868273166,53.07828131726832,5500.0,24.37896590882655,True,none,39.38028652173422,6.326370363022573,10.376367807816784,47.583738753716865,31.292861246283117,5500.0,26.42710003240248,True,none,34.51558512157078,5.865013314352561,10.61276480115318,74.92402369902544,3.952576300974542,5500.0,532
341,341,T-Motor,AT7224-190 (190),190.0,6000.0,3.5,0.016,0.78,20x15E,20x15E,20.0,15.0,20.0,15.0,True,True,4.771070808476742,4.771070808476742,0.0,0.0,0.0,0.0,0.0,0.0,5.439525929180487,23.36777482863812,True,none,38.663621722486646,3.3336714382569137,10.135522980075121,24.74173329456869,54.13486670543129,5400.0,24.43111812354717,True,none,38.5970090488757,5.777759219943709,10.289237112855792,45.672588652966375,33.20401134703361,5400.0,27.19051429611347,True,none,32.61443497573241,5.337484787537145,10.536050524285768,68.95732035607983,9.919279643920149,5400.0,533
637,637,Turnigy,SK3-6364-190 (190),190.0,2450.0,2.5,0.028,0.72,20x15E,20x15E,20.0,15.0,20.0,15.0,True,True,4.770981567259379,4.770981567259379,0.0,0.0,0.0,0.0,0.0,0.0,5.379525929180486,23.37783137656209,True,none,38.50639059955226,3.3232606947348255,10.06308630488597,24.069317426522957,54.807282573477025,5400.0,24.450311456955433,True,none,38.434062075589715,5.757486873252294,9.815659293008745,44.54110006019566,34.33549993980432,5400.0,25.744997280128175,True,none,37.26057642553813,5.314213740193714,10.057298298722815,77.23960506317273,1.63699493682725,5400.0,534
108,108,Scorpion,A-7445-140 (V2) (140),140.0,10000.0,2.5,0.011,1.688,20x22.5EP(CD),20x22.5EP(CD),20.0,22.5,20.0,22.5,True,True,4.770458689413733,4.770458689413733,0.0,0.0,0.0,0.0,0.0,0.0,6.347525929180486,23.576532300837584,True,none,40.11501354927961,7.46512873322583,7.7309399385283095,28.608836988605976,50.26776301139401,4000.0,24.555554972660964,True,none,40.03853945592934,11.855356004339457,6.615466894849812,51.14979678939801,27.72680321060197,4000.0,27.848829521804937,True,none,32.69339198522784,11.069345017902801,6.754491924797506,73.74179665835425,5.1348033416457355,4000.0,535
345,345,T-Motor,AT8025-190 (190),190.0,6000.0,5.0,0.01,0.99,20x15E,20x15E,20.0,15.0,20.0,15.0,True,True,4.770125628591736,4.770125628591736,0.0,0.0,0.0,0.0,0.0,0.0,5.649525929180487,23.584208874364585,True,none,38.59193718148461,3.621505350341572,10.385073251055895,26.599650632288416,52.276949367711566,5400.0,24.624591159198022,True,none,38.52790637334125,6.092656514001526,10.547093394922566,48.16159149469875,30.715008505301235,5400.0,27.367856968603274,True,none,32.597740640317625,5.645361451993857,10.789725763252559,74.48057239489015,4.396027605109836,5400.0,536
377,377,T-Motor,MN1010-135 (135),135.0,4930.0,2.0,0.025,0.645,20x22.5EP(CD),20x22.5EP(CD),20.0,22.5,20.0,22.5,True,True,4.769989019962405,4.769989019962405,0.0,0.0,0.0,0.0,0.0,0.0,5.304525929180487,23.589133890239268,True,none,37.8377380478938,5.128728999272569,8.049403943774728,22.88054714508452,55.99605285491546,3800.0,24.652773104159188,True,none,37.80821948792405,8.99519804054123,6.6992334225064605,41.99919858277231,36.877401417227674,3800.0,25.619829021474104,True,none,35.38005077107551,8.288709037462592,6.861205808288583,69.70734660617704,9.169253393822942,3800.0,537
641,641,Turnigy,SK8-6354-140 (140),140.0,1850.0,0.7,0.098,0.63,20x22.5EP(CD),20x22.5EP(CD),20.0,22.5,20.0,22.5,True,True,4.769716731562805,4.769716731562805,0.0,0.0,0.0,0.0,0.0,0.0,5.289525929180487,23.63884985788529,True,none,37.6892282117099,5.393723414967854,7.589598886454427,22.464438841164974,56.412161158835005,3800.0,24.70765861146638,True,none,37.65186832831769,9.498338995889402,6.290729926440467,41.27617379039489,37.60042620960509,3800.0,25.676716976710416,True,none,35.23861216973504,8.747428915753646,6.446300572020433,68.09935645943324,10.777243540566744,3800.0,538
347,347,T-Motor,AT8030-190 (190),190.0,6800.0,5.2,0.008,1.115,20x15E,20x15E,20.0,15.0,20.0,15.0,True,True,4.769639161432834,4.769639161432834,0.0,0.0,0.0,0.0,0.0,0.0,5.774525929180487,23.69599400075407,True,none,38.585846894362255,3.8409146975196453,10.53080781824905,27.041506460469414,51.83509353953057,5400.0,24.724160152114656,True,none,38.52127669864409,6.38544354948448,10.376367807816784,49.42700610259512,29.44959389740486,5400.0,27.456112215567558,True,none,32.615327255407266,5.925938083121843,10.61276480115318,75.50984821296815,3.3667517870318306,5400.0,539
114,114,Scorpion,SII-3026-890 (V2) (890),890.0,1333.0,2.27,0.0164,0.205,10x12WE,10x12WE,10.0,12.0,10.0,12.0,True,True,4.7676128250839165,4.7676128250839165,0.0,0.0,0.0,0.0,0.0,0.0,4.783540929180487,20.252307794293266,True,none,45.9447315717148,8.986462053107775,3.4813446744760457,42.184935225884836,36.69166477411515,9900.0,21.91156956518605,True,none,44.135692437255834,18.01740502775594,2.5029674756478215,77.03215111082864,1.8444488891713462,9800.0,31.438588067585524,True,none,25.95586858647648,16.292819847628795,2.682100678546899,74.71886525741452,4.157734742585461,9900.0,540
105,105,Scorpion,A-7430-185 (V2) (185),185.0,7500.0,2.93,0.0096,1.255,20x15E,20x15E,20.0,15.0,20.0,15.0,True,True,4.767544638455105,4.767544638455105,0.0,0.0,0.0,0.0,0.0,0.0,5.914525929180487,24.145930343393765,True,none,37.798001968522335,4.293523612891283,10.691672469964923,25.23911728988176,53.63748271011822,5300.0,25.164036509678724,True,none,37.72822171335139,7.059346956117448,9.658559904056322,45.866130041916435,33.01046995808355,5300.0,26.06937595577987,True,none,35.45213190364624,6.560796833291536,9.88009058665242,78.44800278967874,0.428597210321243,5300.0,541
433,433,T-Motor,U13II-130 (130),130.0,5660.0,1.5,0.018,0.99,20x22.5EP(CD),20x22.5EP(CD),20.0,22.5,20.0,22.5,True,True,4.767423160808975,4.767423160808975,0.0,0.0,0.0,0.0,0.0,0.0,5.649525929180487,24.136328802996132,True,none,37.28858742346038,6.462656057178315,7.162722341511078,22.475114497177508,56.401485502822474,3700.0,25.1905849939886,True,none,37.19728825611686,10.961441294767397,5.986605200892416,40.84200385422053,38.03459614577945,3700.0,25.559519399187423,True,none,36.08735200563167,10.144180764641078,6.128608134657017,72.9788346255139,5.8977653744860845,3700.0,542
504,504,T-Motor,U13II-130² (130),130.0,5660.0,1.5,0.018,0.99,20x22.5EP(CD),20x22.5EP(CD),20.0,22.5,20.0,22.5,True,True,4.767423160808975,4.767423160808975,0.0,0.0,0.0,0.0,0.0,0.0,5.649525929180487,24.136328802996132,True,none,37.28858742346038,6.462656057178315,7.162722341511078,22.475114497177508,56.401485502822474,3700.0,25.1905849939886,True,none,37.19728825611686,10.961441294767397,5.986605200892416,40.84200385422053,38.03459614577945,3700.0,25.559519399187423,True,none,36.08735200563167,10.144180764641078,6.128608134657017,72.9788346255139,5.8977653744860845,3700.0,543
644,644,Turnigy,SK8-6374-130 (130),130.0,2800.0,1.1,0.049,0.94,20x22.5EP(CD),20x22.5EP(CD),20.0,22.5,20.0,22.5,True,True,4.766874976149384,4.766874976149384,0.0,0.0,0.0,0.0,0.0,0.0,5.599525929180487,24.242199217166853,True,none,36.94951989606728,6.628526705710941,6.7568755527338755,22.189606857603028,56.68699314239696,3700.0,25.307760247158825,True,none,36.846071289153066,11.358688558746804,5.616771183294534,40.32260428353669,38.55399571646329,3700.0,26.2303609996194,True,none,34.630783358273895,10.500734964174203,5.754071552926364,69.53947714931311,9.337122850686868,3700.0,544
698,698,Turnigy,TR80100-06² (180),180.0,6500.0,3.5,0.017,1.75,20x22.5EP(CD),20x22.5EP(CD),20.0,22.5,20.0,22.5,True,True,4.766094275776956,4.766094275776956,0.0,0.0,0.0,0.0,0.0,0.0,6.409525929180487,22.736620295667795,True,none,42.6120466415084,4.8811759984695655,11.24200164696646,34.78059891274146,44.09600108725852,4800.0,23.70374774795296,True,none,42.545864031322004,7.662958874419519,10.40191046682944,61.90337761581025,16.973222384189732,4800.0,28.341899959708382,True,none,31.928001747429242,7.172120804026823,10.588551023325117,74.47834939429052,4.398250605709464,4800.0,545
699,699,Turnigy,TR80100-08² (130),130.0,7100.0,2.0,0.032,1.75,20x22.5EP(CD),20x22.5EP(CD),20.0,22.5,20.0,22.5,True,True,4.76468787567712,4.76468787567712,0.0,0.0,0.0,0.0,0.0,0.0,6.409525929180487,24.803218532389504,True,none,37.233365670603824,9.087771144072157,6.386429496234202,25.184101888753045,53.692498111246934,3700.0,25.790964636145382,True,none,37.13612239573079,14.467640141631616,5.407608463468628,44.59692995331755,34.27967004668243,3700.0,26.692793034285547,True,none,34.94641139963183,13.503011396643393,5.528894067008457,76.64105539918984,2.235544600810144,3700.0,546
602,602,Turnigy,RotoMax 150 (150),150.0,9800.0,5.2,0.011,2.53,20x22.5EP(CD),20x22.5EP(CD),20.0,22.5,20.0,22.5,True,True,4.7631603931621935,4.7631603931621935,0.0,0.0,0.0,0.0,0.0,0.0,7.189525929180487,23.363467788877305,True,none,42.56843427155462,9.222477018431718,7.843277988986785,36.5845712156783,42.29202878432168,4200.0,24.27396740235669,True,none,42.498073931051074,13.815830507465229,6.833423549800074,64.934771137767,13.941828862232981,4200.0,28.913763790926467,True,none,32.109149565922664,13.003978223064463,6.960686805702246,75.72436715306023,3.1522328469397536,4200.0,547
344,344,T-Motor,AT8020-180 (180),180.0,5600.0,4.6,0.016,0.865,26x15E,26x15E,26.0,15.0,26.0,15.0,True,True,4.761680721781625,4.761680721781625,0.0,0.0,0.0,0.0,0.0,0.0,5.652116097180487,23.559275227183925,True,none,38.658539218236335,2.1746340541071927,10.388113810706203,34.08085896122663,44.79574103877335,5100.0,24.571589001289794,True,none,38.66234908153724,3.6840183465905216,11.740048743216542,57.671944474221995,21.204655525777987,5100.0,29.02795510110765,True,none,29.94292621294946,3.4077790216071437,11.559916940680427,77.66575277731503,1.2108472226849472,5100.0,548
278,278,Scorpion,S5545-180² (180),180.0,4500.0,1.92,0.018,1.005,26x15E,26x15E,26.0,15.0,26.0,15.0,True,True,4.760900979468225,4.760900979468225,0.0,0.0,0.0,0.0,0.0,0.0,5.792116097180487,23.733022939195966,True,none,38.532748753610456,2.2138352310152802,10.55115422332057,33.13334284546542,45.74325715453456,5100.0,24.731267874595652,True,none,38.53694983682995,3.6888272511256455,11.8845568446287,55.80685589915791,23.069744100842072,5100.0,29.171631770180753,True,none,29.89353592191668,3.420665528033796,11.706648819177111,72.57731821464644,6.299281785353543,5100.0,549
180,180,Scorpion,A-6528-180² (180),180.0,7200.0,2.39,0.0069,1.115,26x15E,26x15E,26.0,15.0,26.0,15.0,True,True,4.760852580419733,4.760852580419733,0.0,0.0,0.0,0.0,0.0,0.0,5.902116097180487,23.7548892546123,True,none,38.71111369693081,2.336825971361553,10.677511053348635,33.35328981715277,45.52331018284721,5100.0,24.741769811639816,True,none,38.71741527597488,3.8453296790272105,11.996877853979246,56.14341485241439,22.733185147585594,5100.0,30.975486855343945,True,none,27.570334555195505,3.574080719650282,11.820660447945693,68.91430920524967,9.962290794750317,5100.0,550
600,600,Turnigy,RotoMax 80 (195),195.0,6600.0,4.8,0.013,1.916,20x15E,20x15E,20.0,15.0,20.0,15.0,True,True,4.7591077025806445,4.7591077025806445,0.0,0.0,0.0,0.0,0.0,0.0,6.575525929180487,24.035736035629625,True,none,39.40281334522942,5.176817109609556,11.420620238871775,30.60375891220602,48.272841087793964,5500.0,25.10843427412588,True,none,39.33513644046014,8.060806885706963,9.89162802541575,55.268860719876045,23.607739280123937,5500.0,29.021193099227077,True,none,31.022923563674517,7.546977833945257,10.09661434777601,71.71081969144367,7.165780308556307,5500.0,551
107,107,Scorpion,A-7441-180 (V2) (180),180.0,9300.0,3.6,0.0071,1.599,26x15E,26x15E,26.0,15.0,26.0,15.0,True,True,4.7590232004044095,4.7590232004044095,0.0,0.0,0.0,0.0,0.0,0.0,6.386116097180487,24.17910029705881,True,none,38.66215802560252,2.9870506928520655,11.21658345641686,35.12899649834287,43.74760350165711,5100.0,25.126605270930675,True,none,38.66042626582656,4.7596058177848395,12.479085719061302,58.915602560685336,19.960997439314646,5100.0,30.42273530487875,True,none,28.918634070338108,4.437981689860436,12.309773172809063,77.09010779847739,1.7864922015225915,5100.0,552
44,44,E-flite,Power 360 (180),180.0,6000.0,6.1,0.019,1.24,26x15E,26x15E,26.0,15.0,26.0,15.0,True,True,4.751183794279393,4.751183794279393,0.0,0.0,0.0,0.0,0.0,0.0,6.027116097180487,23.944692372280556,True,none,38.50701810089668,2.6160834518379286,10.81930724073778,36.21077129631733,42.66582870368265,5000.0,24.94306649548293,True,none,38.457228271007686,4.2705025172106446,12.123252250052227,61.079829104986516,17.796770895013466,5000.0,31.752789808263525,True,none,26.74639798195581,3.974036144303465,11.948898706605823,68.55112467923837,10.325475320761612,5000.0,553
259,259,Scorpion,HK4020-910² (910),910.0,1820.0,1.95,0.015,0.285,14x14E,14x14E,14.0,14.0,14.0,14.0,True,True,4.732327466415602,4.732327466415602,0.0,0.0,0.0,0.0,0.0,0.0,4.881404705180487,20.08905624379375,True,none,46.858314254342865,7.631122491337277,4.017399939073009,51.32176192431325,27.55483807568673,7800.0,25.25313409850275,True,none,35.709512075678546,15.044899942482822,2.967422789546217,77.37162594398883,1.5049740560111502,7800.0,40.88818261863479,True,none,24.856694738307855,13.605727851245256,3.2254219943741704,72.73849980552058,6.1381001944794065,7800.0,554
352,352,T-Motor,CINE77-977 (977),977.0,2019.0,1.92,0.025,0.135,17x12E,17x12E,17.0,12.0,17.0,12.0,True,True,4.702392658896455,4.702392658896455,0.0,0.0,0.0,0.0,0.0,0.0,4.756374702680487,20.601347333333784,True,none,44.679377647262925,7.016335018515565,3.8494279458111857,56.86225199425242,22.014348005747564,7800.0,30.8371188959745,True,none,26.78320537882044,14.434191779829757,2.761556187329959,77.8693465502114,1.0072534497885783,7700.0,51.995223448737924,True,none,19.444594145876422,12.982199085485153,2.891991049308788,72.73502325479326,6.14157674520672,7800.0,555
150,150,Scorpion,HK5-3220-955 (955),955.0,2000.0,3.53,0.0199,0.189,17x12E,17x12E,17.0,12.0,17.0,12.0,True,True,4.694408975480207,4.694408975480207,0.0,0.0,0.0,0.0,0.0,0.0,4.810374702680487,20.658998924789415,True,none,44.66421612568352,7.443088552737679,3.7922215526550023,57.45239496623707,21.42420503376291,7800.0,33.63303166123563,True,none,23.89583059181005,15.222591908804397,2.7219223349633257,75.51699293274942,3.3596070672505647,7700.0,47.450787385871,True,none,22.412437690239045,13.712928841877115,2.8503739629763682,77.30112893200335,1.5754710679966308,7700.0,556
438,438,T-Motor,V3115-900 (900),900.0,1890.0,1.57,0.0381,0.113,14x14E,14x14E,14.0,14.0,14.0,14.0,False,False,-5.257037733418173,4.742962266581827,10.0,0.0,0.0,0.0,10.0,0.0,4.709404705180487,,False,cruise_trim,,,,,,,24.844820272122334,True,none,36.26798824634018,12.679888390933375,3.531776491286552,74.96519983309673,3.911400166903249,8200.0,36.90388072066424,True,none,21.00946403003866,11.483931544571316,3.650286080260941,76.33334430338596,2.5432556966140254,8200.0,557
33,33,Cobra,CM-4006/36 (500),500.0,420.0,0.63,0.112,0.093,8x6E,8x6E,8.0,6.0,8.0,6.0,False,False,-5.299780352652756,4.763306530838778,10.063086883491534,0.0,0.0,0.0,10.063086883491534,0.0,4.6672643691804865,24.723195266261893,True,none,34.14339019173129,10.322568074641175,2.8479863711863223,15.906885368050533,62.96971463194945,14100.0,26.10333625464108,False,climb_rate,33.85485954086121,21.42666681749179,1.9936713277841767,30.3285509222979,48.54804907770208,14100.0,25.792003776027066,True,none,33.97929767885632,19.282361386779918,2.088337054129015,53.96975713256192,24.906842867438066,14100.0,558
353,353,T-Motor,CINE77-777 (777),777.0,2655.0,1.3,0.04,0.135,10x12WE,10x12WE,10.0,12.0,10.0,12.0,False,False,-5.361024419309486,4.78603173436488,10.147056153674367,0.0,0.0,0.0,10.147056153674367,0.0,4.713540929180486,19.28389991990759,False,propeller_rpm,49.28539134844444,3.61689408182175,8.825860020722569,39.78699067181202,39.08960932818796,13600.0,20.441279353027642,False,propeller_rpm,49.156764547405764,6.898194938965117,7.124858490914149,76.12592706545445,2.750672934545534,13600.0,28.795438259470444,False,propeller_rpm,29.162639196400775,6.284771035591703,7.305685811717573,74.68645171629873,4.190148283701248,13600.0,559
383,383,T-Motor,MN3508-700 (700),700.0,510.0,0.5,0.072,0.082,7x6E,7x6E,7.0,6.0,7.0,6.0,False,False,-5.5265026462347295,4.794169131040506,10.320671777275235,0.0,0.0,0.0,10.320671777275235,0.0,4.654909327680487,20.616273469096456,False,propeller_rpm,44.303814359412286,9.981041840586906,2.856189023522318,24.340813566673603,54.53578643332638,19600.0,21.83772371400589,False,propeller_rpm,44.021598288238344,20.896165682967055,2.005027115390168,47.35553256906634,31.52106743093364,19500.0,23.850997565366523,False,propeller_rpm,38.075900422816595,18.784077310337636,2.13763636481147,75.43159329283628,3.4450067071636994,19500.0,560
542,542,T-Motor,MN3508-16² (700),700.0,510.0,0.5,0.072,0.082,7x6E,7x6E,7.0,6.0,7.0,6.0,False,False,-5.5265026462347295,4.794169131040506,10.320671777275235,0.0,0.0,0.0,10.320671777275235,0.0,4.654909327680487,20.616273469096456,False,propeller_rpm,44.303814359412286,9.981041840586906,2.856189023522318,24.340813566673603,54.53578643332638,19600.0,21.83772371400589,False,propeller_rpm,44.021598288238344,20.896165682967055,2.005027115390168,47.35553256906634,31.52106743093364,19500.0,23.850997565366523,False,propeller_rpm,38.075900422816595,18.784077310337636,2.13763636481147,75.43159329283628,3.4450067071636994,19500.0,561
382,382,T-Motor,MN3110-700 (700),700.0,470.0,0.3,0.092,0.08,7x5E,7x5E,7.0,5.0,7.0,5.0,False,False,-5.5379122304407264,4.782759546834509,10.320671777275235,0.0,0.0,0.0,10.320671777275235,0.0,4.6529093276804865,22.595110926119162,False,propeller_rpm,38.728428026512894,9.801245167057193,2.906969828303936,19.55424756515402,59.32235243484596,19600.0,23.84412477817102,False,propeller_rpm,38.44633972171478,20.56543296743245,2.060735420885269,37.61744308770185,41.25915691229813,19600.0,23.640314768677065,False,propeller_rpm,38.57936436057002,18.463115126353237,2.1554402004185094,73.6183648670294,5.258235132970583,19600.0,562
541,541,T-Motor,MN3110-17² (700),700.0,470.0,0.3,0.092,0.08,7x5E,7x5E,7.0,5.0,7.0,5.0,False,False,-5.5379122304407264,4.782759546834509,10.320671777275235,0.0,0.0,0.0,10.320671777275235,0.0,4.6529093276804865,22.595110926119162,False,propeller_rpm,38.728428026512894,9.801245167057193,2.906969828303936,19.55424756515402,59.32235243484596,19600.0,23.84412477817102,False,propeller_rpm,38.44633972171478,20.56543296743245,2.060735420885269,37.61744308770185,41.25915691229813,19600.0,23.640314768677065,False,propeller_rpm,38.57936436057002,18.463115126353237,2.1554402004185094,73.6183648670294,5.258235132970583,19600.0,563
425,425,T-Motor,U3-700 (700),700.0,500.0,0.5,0.05,0.097,7x6E,7x6E,7.0,6.0,7.0,6.0,False,False,-5.628405138479973,4.792126172283281,10.420531310763254,0.0,0.0,0.0,10.420531310763254,0.0,4.669909327680487,20.748863548027,False,propeller_rpm,43.92835054244718,10.377951909865514,2.7464363478601435,24.272546898409797,54.60405310159018,19700.0,22.171013587566176,False,propeller_rpm,43.628264454170896,21.76323590139873,1.9578063788192284,47.03730596339078,31.839294036609203,19700.0,23.9983123574921,False,propeller_rpm,37.75937635325306,19.56501920834401,2.046343580014208,75.07184270965219,3.804757290347794,19700.0,564
480,480,T-Motor,U3-700² (700),700.0,500.0,0.5,0.05,0.097,7x6E,7x6E,7.0,6.0,7.0,6.0,False,False,-5.628405138479973,4.792126172283281,10.420531310763254,0.0,0.0,0.0,10.420531310763254,0.0,4.669909327680487,20.748863548027,False,propeller_rpm,43.92835054244718,10.377951909865514,2.7464363478601435,24.272546898409797,54.60405310159018,19700.0,22.171013587566176,False,propeller_rpm,43.628264454170896,21.76323590139873,1.9578063788192284,47.03730596339078,31.839294036609203,19700.0,23.9983123574921,False,propeller_rpm,37.75937635325306,19.56501920834401,2.046343580014208,75.07184270965219,3.804757290347794,19700.0,565
270,270,Scorpion,HK5035-700² (700),700.0,6600.0,3.5,0.006,0.697,7x11E,7x11E,7.0,11.0,7.0,11.0,False,False,-5.64241891521451,4.778112395548744,10.420531310763254,0.0,0.0,0.0,10.420531310763254,0.0,5.2699093276804865,20.47765438983977,False,propeller_rpm,46.77992847969178,10.423313275786123,3.8246884852408947,36.61388763886997,42.26271236113001,19700.0,21.623406045109753,False,propeller_rpm,46.456378469463274,19.01798369038965,3.0026093214020566,68.04041345189638,10.836186548103598,19700.0,28.922060540829094,False,propeller_rpm,29.648909279687157,17.423028977745922,3.0959372171889745,69.38186505368947,9.494734946310516,19700.0,566
316,316,T-Motor,AT2820-880 (Long Shaft) (880),880.0,700.0,1.6,0.039,0.141,7x7E,7x7E,7.0,7.0,7.0,7.0,False,False,-5.645920961206438,4.7834146898300896,10.429335651036528,0.0,0.0,0.0,10.429335651036528,0.0,4.713909327680486,20.742845313836625,True,none,44.08651700172235,10.77285387855013,2.716957699112269,29.295708018174867,49.58089198182512,17700.0,22.173955258286895,False,climb_rate,43.73967705428103,22.411124941150533,1.9561175300157494,55.773461739501236,23.103138260498746,17700.0,25.95042479378303,True,none,33.75765883527221,20.16331055816341,2.041352708352175,73.50099815085794,5.375601849142043,17700.0,567
613,613,Turnigy,SK3-3548-700 (700),700.0,545.0,1.5,0.035,0.167,7x6E,7x6E,7.0,6.0,7.0,6.0,False,False,-5.823212006150494,4.793958312684549,10.617170318835043,0.0,0.0,0.0,10.617170318835043,0.0,4.739909327680487,20.566423180428988,False,propeller_rpm,44.74062272012527,10.380609658849176,2.840978006425635,25.85659656607537,53.020003433924614,19900.0,21.871189584649613,False,propeller_rpm,44.45948537143822,21.452911425384727,2.045895711473576,49.86084845070217,29.01575154929781,19900.0,24.43394520159969,False,propeller_rpm,36.90276632213489,19.28720637785139,2.135036823834601,75.76928599188201,3.1073140081179673,19900.0,568
160,160,Scorpion,HK5-4030-715 (715),715.0,6900.0,4.91,0.0096,0.428,7x11E,7x11E,7.0,11.0,7.0,11.0,False,False,-5.835603395414597,4.7815669234204465,10.617170318835043,0.0,0.0,0.0,10.617170318835043,0.0,5.000909327680486,19.922672588245888,False,propeller_rpm,47.89355007993746,8.73512806624451,4.142281063882068,36.9428867261078,41.93371327389218,19900.0,21.09280208294389,False,propeller_rpm,47.583362893946855,16.418922707073637,3.2864210802461895,69.28058784226785,9.596012157732133,19900.0,28.357343882460242,False,propeller_rpm,30.149110054246506,14.985561155854144,3.3887619254651917,71.78789702455605,7.088702975443937,19900.0,569
218,218,Scorpion,HKIII-4025-730² (730),730.0,3500.0,1.95,0.013,0.354,7x15E,7x15E,7.0,15.0,7.0,15.0,False,False,-5.84975503047802,4.767415288357023,10.617170318835043,0.0,0.0,0.0,10.617170318835043,0.0,4.9269093276804865,22.13409402960591,False,propeller_rpm,40.61149143141567,8.496232186816126,4.128987940333478,32.97624827951935,45.90035172048063,19900.0,23.455820892494195,False,propeller_rpm,40.011235894731165,16.148335819494225,3.2640977561836193,60.28332013665255,18.593279863347433,19900.0,28.4311913201514,False,propeller_rpm,29.947024411814965,14.717442235181466,3.3673919820261085,73.7568471471075,5.119752852892489,19900.0,570
611,611,Turnigy,SK3-3542-800 (800),800.0,625.0,1.5,0.037,0.141,7x6E,7x6E,7.0,6.0,7.0,6.0,False,False,-5.91796385788727,4.796007083180926,10.713970941068196,0.0,0.0,0.0,10.713970941068196,0.0,4.713909327680486,20.34060797584759,False,propeller_rpm,45.40741722236457,9.958637874571643,2.9581917233901445,27.61373233385831,51.26286766614167,20000.0,21.546433857630706,False,propeller_rpm,45.135555629631796,20.56721130342512,2.1010146647450165,53.486722531346636,25.389877468653346,20000.0,24.89561877042238,False,propeller_rpm,35.851825471028555,18.501154689441783,2.1915204868591944,77.42016534992895,1.4564346500710315,20000.0,571
262,262,Scorpion,HK4025-740² (740),740.0,2450.0,1.33,0.017,0.326,7x6E,7x6E,7.0,6.0,7.0,6.0,False,False,-5.918926773196688,4.795044167871508,10.713970941068196,0.0,0.0,0.0,10.713970941068196,0.0,4.898909327680487,20.55191123848142,False,propeller_rpm,45.30539446055874,8.328611249133127,4.097577631989965,27.175287051144366,51.701312948855616,20000.0,21.698228457690412,False,propeller_rpm,45.15047562531614,15.97031269675804,3.195639246978956,52.308756346314695,26.567843653685287,20000.0,24.87430462520255,False,propeller_rpm,36.23638375309156,14.536999324002725,3.3036202859111095,76.79678550545712,2.079814494542859,20000.0,572
151,151,Scorpion,HK5-4015-805 (805),805.0,2100.0,3.29,0.0169,0.258,7x7E,7x7E,7.0,7.0,7.0,7.0,False,False,-5.9199169778022105,4.794053963265985,10.713970941068196,0.0,0.0,0.0,10.713970941068196,0.0,4.830909327680486,19.390731598493247,False,propeller_rpm,49.319647754535545,7.678205259865435,4.384832076413694,33.2027186161462,45.67388138385378,20000.0,20.53806794635972,False,propeller_rpm,49.167456197168484,14.762405738954985,3.45226462367064,63.92589019730894,14.950709802691044,20000.0,25.80091834401443,False,propeller_rpm,34.23255850908027,13.435078778792551,3.5631239987671797,75.036348953663,3.840251046336988,20000.0,573
140,140,Scorpion,HKII-4225-810 Ltd Ed (810),810.0,5035.0,3.6,0.009,0.393,7x7E,7x7E,7.0,7.0,7.0,7.0,False,False,-5.919959093011042,4.794011848057154,10.713970941068196,0.0,0.0,0.0,10.713970941068196,0.0,4.965909327680487,19.41601370775267,False,propeller_rpm,49.74293824510301,8.323895389033066,4.26310802569157,34.83031990766552,44.04628009233446,20000.0,20.543740101381257,False,propeller_rpm,49.59658157747528,15.721369388913796,3.368851166194911,66.76198034211922,12.114619657880766,20000.0,25.75449253459344,False,propeller_rpm,34.545687338602505,14.339992112836029,3.4757298033654687,78.11677910286411,0.7598208971358673,20000.0,574
190,190,Scorpion,HKIV-4020-860² (860),860.0,1995.0,2.67,0.012,0.31,7x9E,7x9E,7.0,9.0,7.0,9.0,False,False,-5.920183292637531,4.793787648430665,10.713970941068196,0.0,0.0,0.0,10.713970941068196,0.0,4.882909327680487,19.4241832239332,False,propeller_rpm,49.38791457433744,8.05888699011253,4.284559362271431,35.87254476165643,43.004055238343554,20000.0,20.57636353568089,False,propeller_rpm,49.18885874407182,15.377144492832866,3.3873400326744987,68.52114842625684,10.355451573743139,20000.0,26.73117680417029,False,propeller_rpm,32.610472580235864,14.00814297176714,3.4942500159446634,77.21918458638997,1.6574154136100105,20000.0,575
604,604,Turnigy,RotorStar 4956-800 / RS600 (800),800.0,3700.0,2.1,0.0145,0.375,7x7E,7x7E,7.0,7.0,7.0,7.0,False,False,-5.9206296063125885,4.793341334755607,10.713970941068196,0.0,0.0,0.0,10.713970941068196,0.0,4.947909327680486,19.506794933816813,False,propeller_rpm,49.30824342016112,8.236008450905496,4.278994755679522,33.17344494534028,45.7031550546597,20000.0,20.639297161761814,False,propeller_rpm,49.1545635723241,15.591283541131883,3.379801638126885,63.76676830236626,15.109831697633723,20000.0,25.8837061159482,False,propeller_rpm,34.26519466248018,14.21718900461904,3.487195585453594,73.21266923164917,5.663930768350809,20000.0,576
623,623,Turnigy,SK3-4956-800 HeliDrive (800),800.0,3700.0,4.0,0.0145,0.375,7x7E,7x7E,7.0,7.0,7.0,7.0,False,False,-5.921238787444136,4.792732153624059,10.713970941068196,0.0,0.0,0.0,10.713970941068196,0.0,4.947909327680486,19.594828681039942,False,propeller_rpm,48.95961582302003,8.236008450905496,4.278994755679522,34.076543502697874,44.80005649730211,20000.0,20.728520479520505,False,propeller_rpm,48.8034498706123,15.591283541131883,3.379801638126885,65.1447945677048,13.731805432295175,20000.0,25.998061320525814,False,propeller_rpm,34.04635061042209,14.21718900461904,3.487195585453594,76.98421209537652,1.8923879046234617,20000.0,577
284,284,Scorpion,HK4035-800² (800),800.0,4200.0,2.5,0.01,0.435,7x7E,7x7E,7.0,7.0,7.0,7.0,False,False,-5.921376517023276,4.792594424044919,10.713970941068196,0.0,0.0,0.0,10.713970941068196,0.0,5.007909327680487,19.622917611662395,False,propeller_rpm,49.074998763148116,8.531132849090824,4.226345880057469,33.736410046034294,45.14018995396569,20000.0,20.747720212293963,False,propeller_rpm,48.92328431796764,16.027589805088454,3.343499203042206,64.33182765452895,14.544772345471031,20000.0,25.999332126346477,False,propeller_rpm,34.140560796980886,14.629129243062085,3.449193179074297,74.69259167363481,4.1840083263651735,20000.0,578
156,156,Scorpion,HK5-4026-815 (815),815.0,4050.0,5.28,0.0089,0.368,7x9E,7x9E,7.0,9.0,7.0,9.0,False,False,-5.926484429495698,4.787486511572498,10.713970941068196,0.0,0.0,0.0,10.713970941068196,0.0,4.940909327680487,20.356648491038708,False,propeller_rpm,46.11327594731743,8.342161592460096,4.233555181171512,34.3608791896564,44.51572081034358,20000.0,21.51823123875854,False,propeller_rpm,45.88129537303168,15.797118761780517,3.3524091874427895,64.64078185265413,14.235818147345853,20000.0,27.93716886707042,False,propeller_rpm,30.71026010930452,14.404553866944465,3.4576634841910763,77.83141004039187,1.0451899596081091,20000.0,579
131,131,Scorpion,HK-3226-900 (900),900.0,2301.0,2.18,0.0201,0.239,7x6E,7x6E,7.0,6.0,7.0,6.0,False,False,-5.927146442372775,4.78682449869542,10.713970941068196,0.0,0.0,0.0,10.713970941068196,0.0,4.811909327680487,20.464701578267547,False,propeller_rpm,45.314284023791494,7.898705684600526,4.176337913286272,29.65561797360839,49.220982026391596,20000.0,21.622226486381066,False,propeller_rpm,45.160152267087454,15.323426512986835,3.249592981133687,56.839366336606474,22.037233663393508,20000.0,25.532996489722485,False,propeller_rpm,34.72316584804477,13.927739415222401,3.360172104346725,74.69249663053084,4.184103369469142,20000.0,580
68,68,Planet-Hobby,Joker 3548-5 V2 (850),850.0,650.0,1.87,0.032,0.165,7x6E,7x6E,7.0,6.0,7.0,6.0,False,False,-5.927462456147394,4.786508484920802,10.713970941068196,0.0,0.0,0.0,10.713970941068196,0.0,4.7379093276804864,20.249621166787122,False,propeller_rpm,45.79885793068051,10.611706037402222,2.793785281327172,29.253468602066405,49.62313139793358,20000.0,21.67264482419062,False,propeller_rpm,45.44251497592831,22.019945149025673,1.9630515134379785,56.158043669599316,22.718556330400666,20000.0,26.917607940747057,False,propeller_rpm,36.49503708376655,19.80275760267523,2.05093838405473,76.6869684021363,2.1896315978636807,20000.0,581
216,216,Scorpion,HKIII-4020-890² (890),890.0,2100.0,2.44,0.012,0.302,7x6E,7x6E,7.0,6.0,7.0,6.0,False,False,-5.927500279838702,4.786470661229494,10.713970941068196,0.0,0.0,0.0,10.713970941068196,0.0,4.874909327680487,20.527947807317236,False,propeller_rpm,45.30786858979755,8.208649224248882,4.119052746359486,30.079045906660696,48.797554093339286,20000.0,21.677322167899913,False,propeller_rpm,45.153163090112876,15.790132698529545,3.2103978949599594,57.41925462798061,21.457345372019375,20000.0,25.58109414958448,False,propeller_rpm,34.7347921728017,14.367263980691892,3.319084227649144,75.54706028513262,3.3295397148673658,20000.0,582
263,263,Scorpion,HK4025-890² (890),890.0,2380.0,1.8,0.013,0.326,7x6E,7x6E,7.0,6.0,7.0,6.0,False,False,-5.927626207733443,4.786344733334753,10.713970941068196,0.0,0.0,0.0,10.713970941068196,0.0,4.898909327680487,20.55191123848142,False,propeller_rpm,45.30539446055874,8.328611249133127,4.097577631989965,29.793328475382864,49.08327152461712,20000.0,21.698228457690412,False,propeller_rpm,45.15047562531614,15.97031269675804,3.195639246978956,56.91567977823001,21.960920221769975,20000.0,25.599342024730372,False,propeller_rpm,34.739183446695144,14.536999324002725,3.3036202859111095,74.45496754903178,4.421632450968204,20000.0,583
152,152,Scorpion,HK5-4020-850 (850),850.0,2664.0,5.04,0.0112,0.326,7x6E,7x6E,7.0,6.0,7.0,6.0,False,False,-5.927626207733443,4.786344733334753,10.713970941068196,0.0,0.0,0.0,10.713970941068196,0.0,4.898909327680487,20.55191123848142,False,propeller_rpm,45.30539446055874,8.328611249133127,4.097577631989965,31.26824826137392,47.60835173862606,20000.0,21.698228457690412,False,propeller_rpm,45.15047562531614,15.97031269675804,3.195639246978956,59.30789002590615,19.568709974093835,20000.0,26.38968998122109,False,propeller_rpm,33.24198314029872,14.536999324002725,3.3036202859111095,76.73373432249909,2.142865677500893,20000.0,584
201,201,Scorpion,HKIV-4025-850² (850),850.0,3656.0,5.5,0.0088,0.347,7x6E,7x6E,7.0,6.0,7.0,6.0,False,False,-5.927739344517933,4.786231596550262,10.713970941068196,0.0,0.0,0.0,10.713970941068196,0.0,4.919909327680487,20.572821045459513,False,propeller_rpm,45.303216360427385,8.434439927509477,4.078940568308827,31.718105830501603,47.15849416949838,20000.0,21.716484552367596,False,propeller_rpm,45.14811282653686,16.129066117441734,3.182802254921043,60.050294945648346,18.826305054351636,20000.0,26.404900963815116,False,propeller_rpm,33.246795640303425,14.686564908289121,3.2901731154897567,77.98222649085804,0.8943735091419427,20000.0,585
217,217,Scorpion,HKIII-4025-890² (890),890.0,2700.0,2.3,0.01,0.354,7x6E,7x6E,7.0,6.0,7.0,6.0,False,False,-5.927777015112259,4.786193925955937,10.713970941068196,0.0,0.0,0.0,10.713970941068196,0.0,4.9269093276804865,20.57977899075257,False,propeller_rpm,45.30248761975302,8.46989826686153,4.072759719768126,30.30547229917039,48.57112770082959,20000.0,21.722562306210847,False,propeller_rpm,45.1473228911524,16.182210141398315,3.1785390558072053,57.755846430893,21.12075356910698,20000.0,25.620579579854756,False,propeller_rpm,34.74428042536273,14.736638034953629,3.28570794801253,75.83494321254507,3.0416567874549116,20000.0,586
616,616,Turnigy,SK3-3994-850 FanDrive (850),850.0,3950.0,2.9,0.012,0.554,7x6E,7x6E,7.0,6.0,7.0,6.0,False,False,-5.928848125886434,4.7851228151817615,10.713970941068196,0.0,0.0,0.0,10.713970941068196,0.0,5.126909327680487,20.77611663858191,False,propeller_rpm,45.28112503688722,9.521344187114153,3.9025003129611613,31.284311172381987,47.59228882761799,20000.0,21.894644428131762,False,propeller_rpm,45.124260744554064,17.749135229278895,3.059949912179909,59.07970246496344,19.796897535036543,20000.0,25.770705852577578,False,propeller_rpm,34.77987859806312,16.214107225311295,3.161633567583531,77.62202266331269,1.2545773366872908,20000.0,587
315,315,T-Motor,AT2814-900 (Long Shaft) (900),900.0,650.0,1.2,0.082,0.108,7x5E,7x5E,7.0,5.0,7.0,5.0,False,False,-5.929596650459094,4.784374290609102,10.713970941068196,0.0,0.0,0.0,10.713970941068196,0.0,4.680909327680487,22.304481524039605,False,propeller_rpm,39.52847804035578,9.425104318730156,3.0810557399888303,23.42946404887075,55.44713595112923,20000.0,23.538771291793424,False,propeller_rpm,39.26187507495336,19.51362276997349,2.214301893771513,44.74502855513801,34.13157144486197,20000.0,24.98836532471948,False,propeller_rpm,35.59751836002458,17.552085901109944,2.311462792083928,76.63860898124274,2.237991018757242,20000.0,588
537,537,T-Motor,MT4006-13 ² (740),740.0,500.0,0.5,0.136,0.092,7x5E,7x5E,7.0,5.0,7.0,5.0,False,False,-5.929842065779693,4.784128875288503,10.713970941068196,0.0,0.0,0.0,10.713970941068196,0.0,4.664909327680487,22.33683102676239,False,propeller_rpm,39.405041511449305,9.927278771538194,2.84813551956922,20.771754851782724,58.10484514821726,20000.0,23.5836474058594,False,propeller_rpm,39.11429730628751,20.793848054869805,2.0542983714876795,39.817074179256174,39.05952582074381,20000.0,23.380057996718573,False,propeller_rpm,39.251929437854315,18.701610122033244,2.1486886101478153,77.88648594731215,0.9901140526878294,20000.0,589
350,350,T-Motor,AS2820-880 (Long Shaft) (880),880.0,626.0,1.98,0.034,0.144,7x5E,7x5E,7.0,5.0,7.0,5.0,False,False,-5.9310862470054015,4.782884694062794,10.713970941068196,0.0,0.0,0.0,10.713970941068196,0.0,4.7169093276804865,22.38343018946247,False,propeller_rpm,39.41812340506499,10.433063007975253,2.8076306187355784,24.045237013774287,54.8313629862257,20000.0,23.82055552990314,False,propeller_rpm,39.12461901044305,21.723644369967325,1.987446073975189,45.48347674234688,33.3931232576531,20000.0,25.071348200834983,False,propeller_rpm,35.490470855823396,19.540940154932365,2.0797605997617357,78.4295929409437,0.4470070590562756,20000.0,590
47,47,Planet-Hobby,Joker 3542-6.5 V3 (800),800.0,540.0,0.9,0.046,0.138,7x5E,7x5E,7.0,5.0,7.0,5.0,False,False,-5.931127990759405,4.78284295030879,10.713970941068196,0.0,0.0,0.0,10.713970941068196,0.0,4.710909327680487,22.38565823070837,False,propeller_rpm,39.39729104934089,10.5258232781573,2.766522558868084,22.130398404332237,56.74620159566774,20000.0,23.8277230310676,False,propeller_rpm,39.09348264596071,21.966900696701487,1.951369124024252,42.15196222664349,36.72463777335649,20000.0,23.941039272217985,False,propeller_rpm,37.978123959245764,19.770319546864933,2.04309826200936,78.62474352199936,0.2518564780006187,20000.0,591
4,4,Cobra,C-2826/10 (930),930.0,660.0,1.3,0.048,0.171,7x5E,7x5E,7.0,5.0,7.0,5.0,False,False,-5.938764740560506,4.775206200507689,10.713970941068196,0.0,0.0,0.0,10.713970941068196,0.0,4.743909327680487,22.394342237118305,False,propeller_rpm,39.458430253290025,10.114192651731326,2.9330475739391066,24.261691578160118,54.614908421839864,20000.0,23.6259396691297,False,propeller_rpm,39.17752128555709,20.842385249212345,2.096152159806114,46.135539457164455,32.74106054283553,20000.0,26.199544480873953,False,propeller_rpm,38.047734390204894,18.756482043597916,2.1900814908965383,78.09787646414807,0.7787235358519098,20000.0,592
528,528,T-Motor,MT2814-10² (770),770.0,500.0,0.5,0.1,0.12,7x4E,7x4E,7.0,4.0,7.0,4.0,False,False,-5.951817373653526,4.7621535674146696,10.713970941068196,0.0,0.0,0.0,10.713970941068196,0.0,4.6929093276804865,25.09095051470353,False,propeller_rpm,33.50128570101733,9.562224503645675,3.0709587842530675,16.762619072574413,62.11398092742557,20000.0,26.372970142764068,False,propeller_rpm,33.2198975132154,19.698462677211083,2.21288829968326,31.507874722713495,47.36872527728649,20000.0,26.15948238899762,False,propeller_rpm,33.33798373618174,17.74739531531386,2.315149280129626,56.14639159643616,22.73020840356382,20000.0,593
209,209,Scorpion,SII-3014-830 (V2)² (830),830.0,550.0,1.06,0.042,0.129,7x4E,7x4E,7.0,4.0,7.0,4.0,False,False,-5.951859941343311,4.762110999724885,10.713970941068196,0.0,0.0,0.0,10.713970941068196,0.0,4.701909327680487,25.100839151311842,False,propeller_rpm,33.49954917982325,9.61964937019671,3.063280690526564,17.95030476056299,60.926295239436996,20000.0,26.381713339044303,False,propeller_rpm,33.21798931384923,19.792308971288172,2.2076739353445176,33.5721506885285,45.30444931147148,20000.0,26.168639178466655,False,propeller_rpm,33.335572052896865,17.83461344781141,2.3096785843654546,59.722958045643836,19.153641954356146,20000.0,594
237,237,Scorpion,SII-3014-830² (830),830.0,550.0,1.06,0.042,0.129,7x4E,7x4E,7.0,4.0,7.0,4.0,False,False,-5.951859941343311,4.762110999724885,10.713970941068196,0.0,0.0,0.0,10.713970941068196,0.0,4.701909327680487,25.100839151311842,False,propeller_rpm,33.49954917982325,9.61964937019671,3.063280690526564,17.95030476056299,60.926295239436996,20000.0,26.381713339044303,False,propeller_rpm,33.21798931384923,19.792308971288172,2.2076739353445176,33.5721506885285,45.30444931147148,20000.0,26.168639178466655,False,propeller_rpm,33.335572052896865,17.83461344781141,2.3096785843654546,59.722958045643836,19.153641954356146,20000.0,595
381,381,T-Motor,MN3110-780 (780),780.0,470.0,0.4,0.071,0.08,7x4E,7x4E,7.0,4.0,7.0,4.0,False,False,-5.951919481923739,4.762051459144456,10.713970941068196,0.0,0.0,0.0,10.713970941068196,0.0,4.6529093276804865,25.101939506146714,False,propeller_rpm,33.407857830433514,10.047332524514326,2.8300436020387325,16.65688406655061,62.21971593344937,20000.0,26.39577993809978,False,propeller_rpm,33.1168984689492,21.096933158699073,2.041290501487495,31.493583285668905,47.38301671433108,20000.0,26.177669613749675,False,propeller_rpm,33.241453451403316,18.95183302338172,2.1402274709948865,55.690240421605054,23.186359578394928,20000.0,596
540,540,T-Motor,MN3110-15² (780),780.0,470.0,0.4,0.071,0.08,7x4E,7x4E,7.0,4.0,7.0,4.0,False,False,-5.951919481923739,4.762051459144456,10.713970941068196,0.0,0.0,0.0,10.713970941068196,0.0,4.6529093276804865,25.101939506146714,False,propeller_rpm,33.407857830433514,10.047332524514326,2.8300436020387325,16.65688406655061,62.21971593344937,20000.0,26.39577993809978,False,propeller_rpm,33.1168984689492,21.096933158699073,2.041290501487495,31.493583285668905,47.38301671433108,20000.0,26.177669613749675,False,propeller_rpm,33.241453451403316,18.95183302338172,2.1402274709948865,55.690240421605054,23.186359578394928,20000.0,597
3,3,Cobra,C-2820/14 (840),840.0,530.0,1.0,0.071,0.14,7x4E,7x4E,7.0,4.0,7.0,4.0,False,False,-5.95218240422312,4.761788536845075,10.713970941068196,0.0,0.0,0.0,10.713970941068196,0.0,4.712909327680487,25.17166079634645,False,propeller_rpm,33.3896328466657,10.194791203666314,2.8725892886764988,18.03296764176109,60.84363235823889,20000.0,26.457517623198797,False,propeller_rpm,33.09820250797979,21.125726178772048,2.0465985915686837,33.93005609926731,44.94654390073267,20000.0,26.24241076577636,False,propeller_rpm,33.21893581855878,19.010975896860874,2.1449401764316063,59.79818116564145,19.07841883435853,20000.0,598
676,676,Turnigy,TR4240-10² (890),890.0,590.0,2.6,0.04,0.14,7x4E,7x4E,7.0,4.0,7.0,4.0,False,False,-5.953047204403731,4.760923736664465,10.713970941068196,0.0,0.0,0.0,10.713970941068196,0.0,4.712909327680487,25.179114173708612,False,propeller_rpm,33.37600729242695,10.627256006424261,2.7355513117420758,20.01336662991942,58.863233370080565,20000.0,26.66328350211155,False,propeller_rpm,33.08152313927171,22.172058124213954,1.968878773953217,37.28002725438339,41.59657274561659,20000.0,26.250938556252922,False,propeller_rpm,33.203505985678234,19.935934343764217,2.065448055422427,65.58816957445273,13.288430425547247,20000.0,599
285,285,Scorpion,S3014-22² (892),892.0,550.0,1.22,0.062,0.122,7x4E,7x4E,7.0,4.0,7.0,4.0,False,False,-5.953088845045719,4.760882096022477,10.713970941068196,0.0,0.0,0.0,10.713970941068196,0.0,4.694909327680487,25.1848523412838,False,propeller_rpm,33.33291498483337,10.522172003740842,2.749951272314739,18.838155442372273,60.03844455762771,20000.0,26.67359654191744,False,propeller_rpm,33.03481185508218,21.988690526412597,1.9396781514939203,35.13129843763034,43.74530156236964,20000.0,26.259707931704746,False,propeller_rpm,33.15938985423526,19.76660021648474,2.03599149729946,62.19318434915135,16.68341565084863,20000.0,600
527,527,T-Motor,MT2814-11 ² (710),710.0,440.0,0.4,0.125,0.12,7x4E,7x4E,7.0,4.0,7.0,4.0,False,False,-5.953561350992,4.760409590076196,10.713970941068196,0.0,0.0,0.0,10.713970941068196,0.0,4.6929093276804865,25.29204203264075,False,propeller_rpm,33.135102358040335,10.508030380743065,2.7515573403501095,15.876073840542528,63.00052615945745,20000.0,26.787364808356642,False,propeller_rpm,32.829296997190795,21.968947878263847,1.9407714239517682,29.859027298799234,49.01757270120075,19900.0,26.371017271370203,False,propeller_rpm,32.956724470958,19.74830172269807,2.037137999314044,53.15181615236524,25.72478384763474,19900.0,601
545,545,T-Motor,MT2814-11² (710),710.0,440.0,0.4,0.125,0.12,7x4E,7x4E,7.0,4.0,7.0,4.0,False,False,-5.953561350992,4.760409590076196,10.713970941068196,0.0,0.0,0.0,10.713970941068196,0.0,4.6929093276804865,25.29204203264075,False,propeller_rpm,33.135102358040335,10.508030380743065,2.7515573403501095,15.876073840542528,63.00052615945745,20000.0,26.787364808356642,False,propeller_rpm,32.829296997190795,21.968947878263847,1.9407714239517682,29.859027298799234,49.01757270120075,19900.0,26.371017271370203,False,propeller_rpm,32.956724470958,19.74830172269807,2.037137999314044,53.15181615236524,25.72478384763474,19900.0,602
349,349,T-Motor,AS2814-900 (Long Shaft) (900),900.0,553.0,1.35,0.0435,0.11,7x4E,7x4E,7.0,4.0,7.0,4.0,False,False,-6.126195534537037,4.760882096022477,10.887077630559514,0.0,0.0,0.0,10.887077630559514,0.0,4.682909327680487,25.182888105964345,False,propeller_rpm,33.31473931981138,10.587656538371254,2.7137003187958637,19.02493673289095,59.85166326710903,20000.0,26.674458649331687,False,climb_rate,33.014462343211136,22.220899606026983,1.9071083538224602,35.47786903054717,43.398730969452814,20000.0,26.259607922612755,False,propeller_rpm,33.14072282303995,19.964135119499943,2.003002221670095,62.753805572017214,16.122794427982768,20000.0,603
71,71,Planet-Hobby,Joker 4240-14 V2 (730),730.0,450.0,1.15,0.056,0.127,7x4E,7x4E,7.0,4.0,7.0,4.0,False,False,-6.209913527345161,4.7608737716404255,10.970787298985586,0.0,0.0,0.0,10.970787298985586,0.0,4.699909327680487,25.186970508662853,False,propeller_rpm,33.33811305072915,10.801305325040055,2.6543549901941996,16.897266836812683,61.9793331631873,20000.0,26.675560658347575,False,climb_rate,33.03913031589538,22.688250460240724,1.8978800835922442,31.62968144062924,47.24691855937074,20000.0,26.356668795708913,False,propeller_rpm,33.16376483262895,20.382888926832287,1.9933249915939224,56.22286459538711,22.653735404612874,20000.0,604
2,2,Cobra,C-2820/12 (970),970.0,590.0,1.3,0.059,0.142,7x4E,7x4E,7.0,4.0,7.0,4.0,False,False,-6.283368836623793,4.760327108651359,11.043695945275152,0.0,0.0,0.0,11.043695945275152,0.0,4.714909327680487,25.218307522587875,False,propeller_rpm,33.30814916858884,10.827369316267607,2.688262705584459,19.932845330167858,58.943754669832124,20000.0,26.808747781113244,False,climb_rate,33.007192916891306,22.623703638954478,1.889772555001469,37.077454049183785,41.7991459508162,20000.0,26.292541946723095,False,propeller_rpm,33.131564374097785,20.330047046467975,1.9848246180097344,65.42777328952776,13.448826710472218,20000.0,605
673,673,Turnigy,TR3536-09² (910),910.0,550.0,1.2,0.075,0.11,7x4E,7x4E,7.0,4.0,7.0,4.0,False,False,-6.476327367577824,4.76052527119921,11.236852638777034,0.0,0.0,0.0,11.236852638777034,0.0,4.682909327680487,25.16815207059313,False,propeller_rpm,33.341590193745915,10.73821960685921,2.6677946118873246,19.045424508202046,59.831175491797936,20000.0,26.760404659182868,False,climb_rate,33.04296317783253,22.594236377587094,1.8679700352366855,35.5577458102475,43.31885418975248,20000.0,26.339002323943994,False,propeller_rpm,33.16860198885594,20.29075852072753,1.9631242103868038,62.69787091745959,16.178729082540393,20000.0,606
538,538,T-Motor,MT4008-12² (600),600.0,450.0,0.5,0.132,0.108,7x7E,7x7E,7.0,7.0,7.0,7.0,False,False,-6.607228157581198,4.784054373579232,11.39128253116043,0.0,0.0,0.0,11.39128253116043,0.0,4.680909327680487,21.953132855070066,True,none,40.45003536005853,11.795736386669448,2.551773174672474,21.212870759198726,57.66372924080126,16400.0,23.598094034773567,False,climb_rate,40.148741653236996,24.551864448162643,1.8501902560272707,40.815048317268925,38.06155168273106,16300.0,23.689956605231323,False,climb_rate,38.99143532631403,22.091912214598704,1.9338818461637561,75.78342439369945,3.093175606300534,16400.0,607
649,649,Turnigy,AX-2810Q-750² (750),750.0,440.0,0.82,0.095,0.07,7x4E,7x4E,7.0,4.0,7.0,4.0,False,False,-6.939807377810867,4.760031191810931,11.699838569621798,0.0,0.0,0.0,11.699838569621798,0.0,4.642909327680487,25.17328670639813,False,propeller_rpm,33.259564570228356,10.778190265455432,2.6105025181531953,16.614923778887743,62.26167622111224,20000.0,26.8796185984767,False,climb_rate,32.95261857863387,22.899583470051276,1.8136898710625253,31.416923853894673,47.45967614610531,20000.0,26.35042041977454,False,climb_rate,33.08437262434235,20.536624175522697,1.9084576221659804,55.3212236253004,23.555376374699584,20000.0,608
566,566,T-Motor,MT2820-7² (830),830.0,480.0,1.2,0.041,0.132,7x4E,7x4E,7.0,4.0,7.0,4.0,False,False,-8.04251274544579,4.758895318578083,12.801408064023875,0.0,0.0,0.0,12.801408064023875,0.0,4.704909327680487,25.23372224253232,False,propeller_rpm,33.26210267055678,11.764930148153589,2.4338544796099306,18.18799252869478,60.688607471305204,20000.0,27.160942356602526,False,climb_rate,32.95248349393121,24.98335088500442,1.6713003494549836,34.185531180973015,44.69106881902697,20000.0,26.70782357666731,False,climb_rate,33.08105309374285,22.39783297600136,1.7624032261159026,59.794292261936896,19.082307738063086,20000.0,609
567,567,T-Motor,MT2820-8² (830),830.0,480.0,1.2,0.058,0.132,7x4E,7x4E,7.0,4.0,7.0,4.0,False,False,-8.04251274544579,4.758895318578083,12.801408064023875,0.0,0.0,0.0,12.801408064023875,0.0,4.704909327680487,25.23372224253232,False,propeller_rpm,33.26210267055678,11.764930148153589,2.4338544796099306,18.18799252869478,60.688607471305204,20000.0,27.160942356602526,False,climb_rate,32.95248349393121,24.98335088500442,1.6713003494549836,34.185531180973015,44.69106881902697,20000.0,26.70782357666731,False,climb_rate,33.08105309374285,22.39783297600136,1.7624032261159026,59.794292261936896,19.082307738063086,20000.0,610
45,45,Planet-Hobby,Joker 3536-8.5 V3 (860),860.0,480.0,0.8,0.063,0.105,7x4E,7x4E,7.0,4.0,7.0,4.0,False,False,-8.203007791889355,4.7588311185013366,12.961838910390693,0.0,0.0,0.0,12.961838910390693,0.0,4.677909327680487,25.229448372776083,False,propeller_rpm,33.221162395380375,11.724286708693025,2.4114866970399147,18.144828146018373,60.73177185398161,20000.0,27.176037406758745,False,climb_rate,32.908014622289016,25.05407035442526,1.6487618341926142,34.2862657986254,44.59033420137458,20000.0,26.712934122412264,False,climb_rate,33.03984498720718,22.44167856291172,1.739849030186057,59.899637327259256,18.976962672740726,20000.0,611
645,645,Turnigy,NTM3536-910² (910),910.0,520.0,1.4,0.0535,0.12,7x4E,7x4E,7.0,4.0,7.0,4.0,False,False,-8.257747693881957,4.758344067622381,13.016091761504338,0.0,0.0,0.0,13.016091761504338,0.0,4.6929093276804865,25.257576267309126,False,propeller_rpm,33.19729427926225,12.00914154539268,2.3573901704882005,19.344236961746937,59.532363038253045,20000.0,27.297050323461875,False,climb_rate,32.88129493150243,25.677363181392174,1.6410235866390226,35.97791701163517,42.89868298836481,20000.0,26.84041412535441,False,climb_rate,33.01320233492221,23.015761024030827,1.731737507887661,63.17609801129616,15.70050198870382,20000.0,612
648,648,Turnigy,C4240-900² (900),900.0,550.0,2.6,0.04,0.135,7x4E,7x4E,7.0,4.0,7.0,4.0,False,False,-8.311431192182052,4.758280514819043,13.069711707001096,0.0,0.0,0.0,13.069711707001096,0.0,4.707909327680487,25.274274602920322,False,propeller_rpm,33.19404810357571,11.986186960616536,2.3889069930877875,20.272218090861415,58.60438190913857,20000.0,27.313061536816612,False,climb_rate,32.87770147419109,25.504131895172033,1.6333163200638228,37.59658655051467,41.28001344948531,20000.0,26.856823048415272,False,climb_rate,33.0086865310554,22.855073452976466,1.723659875704488,65.96788712303602,12.90871287696396,20000.0,613
67,67,Planet-Hobby,Joker 3542-7 V2 (800),800.0,450.0,1.64,0.051,0.137,7x4E,7x4E,7.0,4.0,7.0,4.0,False,False,-9.258880058164856,4.756784996038026,14.01566505420288,0.0,0.0,0.0,14.01566505420288,0.0,4.709909327680487,25.323937786491975,False,propeller_rpm,33.10809274443843,13.004288048787178,2.173884487448952,18.39671550785189,60.47988449214809,20000.0,27.696741888295698,False,climb_rate,32.7811784557776,28.11234566323477,1.486560119674022,34.66753676995198,44.209063230048,20000.0,27.246724053099925,False,climb_rate,32.91619694029981,25.12424097521137,1.536818484846179,60.138640395231064,18.737959604768918,20000.0,614
420,420,T-Motor,P80-170 (170),170.0,1500.0,2.3,0.022,0.64,20x22.5EP(CD),20x22.5EP(CD),20.0,22.5,20.0,22.5,False,False,-9.38835441793353,4.783377291824841,14.17173170975837,0.0,0.0,0.0,14.17173170975837,0.0,5.299525929180486,22.647638949420717,True,none,40.17400590311994,3.3307277504388724,9.965685083300615,27.23907482252256,51.63752517747742,4600.0,23.726264786642343,True,none,40.10264968258295,5.7707132461216375,10.670805831155832,49.190945485390856,29.685654514609126,4600.0,23.577600201149508,False,mission_energy,40.12662635324716,5.3272247615265504,10.89902263803395,100.16796457419588,-21.291364574195896,4600.0,615
70,70,Planet-Hobby,Joker 4240-12 V2 (850),850.0,450.0,1.26,0.042,0.127,7x4E,7x4E,7.0,4.0,7.0,4.0,False,False,-9.826467665604767,4.755828387687875,14.582296053292643,0.0,0.0,0.0,14.582296053292643,0.0,4.699909327680487,25.34815545992553,False,propeller_rpm,33.04680663596773,13.554406762399234,2.0606498503613406,18.649522427859115,60.22707757214087,20000.0,27.945866068696084,False,climb_rate,32.71209135941765,29.65850055007779,1.3870870066338836,35.12532414232624,43.75127585767374,20000.0,27.418407126805562,False,climb_rate,32.8509323732807,26.45389696115646,1.4721946505975219,60.82604897022214,18.050551029777843,20000.0,616
46,46,Planet-Hobby,Joker 3542-5.5 V3 (940),940.0,480.0,1.2,0.0345,0.138,7x4E,7x4E,7.0,4.0,7.0,4.0,False,False,-10.381917606001595,4.754421449117217,15.136339055118812,0.0,0.0,0.0,15.136339055118812,0.0,4.710909327680487,25.477020201697588,False,propeller_rpm,32.83685359721984,14.147795267024755,1.9728635516621729,19.725687410874656,59.150912589125326,20000.0,28.321658271369138,False,climb_rate,32.488574339812594,31.144849267361565,1.2792063421844937,36.839804221669,42.03679577833098,20000.0,27.772932254974847,False,climb_rate,32.63160835846191,27.74498035623651,1.362135738851331,64.54724985393038,14.3293501460696,20000.0,617
614,614,Turnigy,SK3-3850-960 GliderDrive (960),960.0,510.0,2.1,0.045,0.142,7x4E,7x4E,7.0,4.0,7.0,4.0,False,False,-10.391572528535587,4.753914398709516,15.145486927245104,0.0,0.0,0.0,15.145486927245104,0.0,4.714909327680487,25.494758099137517,False,propeller_rpm,32.81251351226576,14.438261077101004,1.9300911642348206,20.8579693825016,58.01863061749838,20000.0,28.45994709189751,False,climb_rate,32.46118079676945,31.905182910508326,1.2773237097451908,38.6879533612442,40.188646638755785,20000.0,27.913784274848535,False,climb_rate,32.605101059426005,28.402032342460274,1.3253464996358781,67.73756548312724,11.13903451687274,20000.0,618
551,551,T-Motor,AS2820-7² (920),920.0,460.0,1.6,0.043,0.125,7x4E,7x4E,7.0,4.0,7.0,4.0,False,False,-10.989385763999302,4.743361828411781,15.732747592411084,0.0,0.0,0.0,15.732747592411084,0.0,4.697909327680486,25.694368239517644,False,climb_rate,32.43456667111268,15.318319456115441,1.7810673237214143,19.821040546650188,59.055559453349794,20000.0,28.975109252339884,False,climb_rate,32.05814772568526,34.37999099844416,1.1483850628696157,36.91464313995702,41.96195686004296,20000.0,28.39466831353114,False,climb_rate,32.21258121301447,30.564533242109903,1.2290238612753304,58.479739094132064,20.396860905867918,20000.0,619
314,314,T-Motor,AT2321-950 (Long Shaft) (950),950.0,450.0,1.2,0.065,0.094,7x4E,7x4E,7.0,4.0,7.0,4.0,False,False,-11.206955334950832,4.742059393803716,15.949014728754548,0.0,0.0,0.0,15.949014728754548,0.0,4.666909327680487,25.836852965769104,False,climb_rate,32.13812358199356,15.557039011633888,1.726666561401331,19.560026750943496,59.31657324905649,20000.0,29.35000432361374,False,climb_rate,31.739923718723936,35.5817758274426,1.096375035388116,37.432514046114704,41.44408595388528,20000.0,28.7592635537689,False,climb_rate,31.905027656288993,31.487988834297692,1.176428508080747,57.31258830242616,21.564011697573825,20000.0,620
66,66,Planet-Hobby,Joker 3542-6 V2 (940),940.0,450.0,1.62,0.036,0.137,7x4E,7x4E,7.0,4.0,7.0,4.0,False,False,-11.530784908129213,4.740769626254305,16.27155453438352,0.0,0.0,0.0,16.27155453438352,0.0,4.709909327680487,26.14044585478003,False,climb_rate,31.983501408840006,16.64296721178681,1.6243191045610208,20.158186308757546,58.71841369124243,20000.0,29.730038140048904,False,climb_rate,31.573700099283997,38.11524744671742,1.0134062885406319,38.14804827542918,40.7285517245708,20000.0,29.131890297163455,False,climb_rate,31.739256146397523,33.76035153706462,1.091355156826437,58.625814358516074,20.25078564148391,20000.0,621
581,581,Turnigy,CA12070-15 (150),150.0,6000.0,11.0,0.0048,2.55,20x22.5EP(CD),20x22.5EP(CD),20.0,22.5,20.0,22.5,False,False,-13.324836813513873,4.7807505610020025,18.105587374515874,0.0,0.0,0.0,18.105587374515874,0.0,7.2095259291804865,23.32616503376365,True,none,42.72493584507687,9.283091183579,7.8249018872676945,40.45430686644365,38.42229313355633,4200.0,24.235960772695154,True,none,42.652125455761485,13.891152614390347,6.818904411744634,71.40624802848225,7.470351971517729,4200.0,24.113836102942333,False,mission_energy,42.66022969632388,13.076863952807225,6.945681274422279,144.48916355021305,-65.61256355021307,4200.0,622
447,447,T-Motor,V807-170 (170),170.0,6800.0,3.0,0.04,1.0,20x22.5EP(CD),20x22.5EP(CD),20.0,22.5,20.0,22.5,False,False,-13.361660821537383,4.803404753785793,18.165065575323176,0.0,0.0,0.0,18.165065575323176,0.0,5.659525929180487,20.722509268672137,True,none,47.162416733205,4.177094734315076,10.396807191624001,35.70456346271418,43.172036537285805,4700.0,21.751201402075907,True,none,47.105656533690116,6.974574977432828,9.70278590132028,65.62814661482342,13.24845338517656,4700.0,21.61161021669635,False,mission_energy,47.12238208297215,6.4694251982237185,9.902397601326273,145.74724868520985,-66.87064868520987,4700.0,623
697,697,Turnigy,TR8085-08² (170),170.0,6150.0,2.6,0.037,1.4,20x22.5EP(CD),20x22.5EP(CD),20.0,22.5,20.0,22.5,False,False,-13.39439783465112,4.800910003132578,18.195307837783698,0.0,0.0,0.0,18.195307837783698,0.0,6.059525929180487,21.166647639643763,True,none,46.80053833881014,4.99952550906813,10.749706923464375,36.0910794923979,42.78552050760208,4700.0,22.15752263562016,True,none,46.74337338626138,8.05491841005638,9.272155387969837,66.00381251319068,12.872787486809301,4700.0,22.023428066508846,False,mission_energy,46.756622340912244,7.507333372025438,9.452301157420587,146.40266255321635,-67.52606255321636,4700.0,624
601,601,Turnigy,RotoMax 100 (167),167.0,7990.0,4.5,0.021,2.074,20x22.5EP(CD),20x22.5EP(CD),20.0,22.5,20.0,22.5,False,False,-13.94070933841925,4.797500618200572,18.738209956619823,0.0,0.0,0.0,18.738209956619823,0.0,6.7335259291804865,21.802872385103775,True,none,46.48987276057305,6.440995945609663,9.879558817505616,40.32266519868948,38.553934801310504,4600.0,22.738048810031234,True,none,46.43396732689869,9.917038353251026,8.625262549273659,72.19357797206762,6.683022027932367,4600.0,22.612064846001747,False,mission_energy,46.442361224443786,9.305434835951775,8.783428888809219,160.51599926569023,-81.63939926569024,4600.0,625
177,177,Scorpion,IM-8008-100 (100),100.0,2000.0,0.45,0.1704,0.279,4x3.3E,4x3.3E,4.0,3.3,4.0,3.3,False,False,-29.437142857142856,0.5628571428571428,30.0,0.0,10.0,10.0,10.0,0.0,4.849672265180486,,False,cruise_trim,,,,,,,,False,cruise_trim,,,,,,,,False,cruise_trim,,,,,,,626
179,179,Scorpion,IM-8016-100 (100),100.0,3552.0,1.67,0.0384,0.518,4x3.3E,4x3.3E,4.0,3.3,4.0,3.3,False,False,-29.437142857142856,0.5628571428571428,30.0,0.0,10.0,10.0,10.0,0.0,5.088672265180487,,False,cruise_trim,,,,,,,,False,cruise_trim,,,,,,,,False,cruise_trim,,,,,,,627
293,293,T-Motor,Antigravity 1005 (90),90.0,1500.0,0.9,0.168,0.255,4x3.3E,4x3.3E,4.0,3.3,4.0,3.3,False,False,-29.437142857142856,0.5628571428571428,30.0,0.0,10.0,10.0,10.0,0.0,4.825672265180486,,False,cruise_trim,,,,,,,,False,cruise_trim,,,,,,,,False,cruise_trim,,,,,,,628
299,299,T-Motor,Antigravity 5008-170 (170),170.0,720.0,0.4,0.27,0.128,4x3.3E,4x3.3E,4.0,3.3,4.0,3.3,False,False,-29.437142857142856,0.5628571428571428,30.0,0.0,10.0,10.0,10.0,0.0,4.698672265180487,,False,cruise_trim,,,,,,,,False,cruise_trim,,,,,,,,False,cruise_trim,,,,,,,629
305,305,T-Motor,Antigravity 7005-115 (115),115.0,750.0,0.4,0.288,0.32,4x3.3E,4x3.3E,4.0,3.3,4.0,3.3,False,False,-29.437142857142856,0.5628571428571428,30.0,0.0,10.0,10.0,10.0,0.0,4.890672265180487,,False,cruise_trim,,,,,,,,False,cruise_trim,,,,,,,,False,cruise_trim,,,,,,,630
306,306,T-Motor,Antigravity 8017-120 (120),120.0,3180.0,1.8,0.045,0.453,4x3.3E,4x3.3E,4.0,3.3,4.0,3.3,False,False,-29.437142857142856,0.5628571428571428,30.0,0.0,10.0,10.0,10.0,0.0,5.023672265180487,,False,cruise_trim,,,,,,,,False,cruise_trim,,,,,,,,False,cruise_trim,,,,,,,631
371,371,T-Motor,MN705-S KV125 (125),125.0,2200.0,1.4,0.063,0.45,4x3.3E,4x3.3E,4.0,3.3,4.0,3.3,False,False,-29.437142857142856,0.5628571428571428,30.0,0.0,10.0,10.0,10.0,0.0,5.020672265180487,,False,cruise_trim,,,,,,,,False,cruise_trim,,,,,,,,False,cruise_trim,,,,,,,632
373,373,T-Motor,MN801-S KV120 (120),120.0,2200.0,1.1,0.08,0.47,4x3.3E,4x3.3E,4.0,3.3,4.0,3.3,False,False,-29.437142857142856,0.5628571428571428,30.0,0.0,10.0,10.0,10.0,0.0,5.040672265180487,,False,cruise_trim,,,,,,,,False,cruise_trim,,,,,,,,False,cruise_trim,,,,,,,633
376,376,T-Motor,MN805-S KV120 (120),120.0,3200.0,1.6,0.048,0.625,4x3.3E,4x3.3E,4.0,3.3,4.0,3.3,False,False,-29.437142857142856,0.5628571428571428,30.0,0.0,10.0,10.0,10.0,0.0,5.1956722651804865,,False,cruise_trim,,,,,,,,False,cruise_trim,,,,,,,,False,cruise_trim,,,,,,,634
378,378,T-Motor,MN1010-90 (90),90.0,2735.0,1.3,0.046,0.63,4x3.3E,4x3.3E,4.0,3.3,4.0,3.3,False,False,-29.437142857142856,0.5628571428571428,30.0,0.0,10.0,10.0,10.0,0.0,5.200672265180486,,False,cruise_trim,,,,,,,,False,cruise_trim,,,,,,,,False,cruise_trim,,,,,,,635
379,379,T-Motor,MN1015-70 (70),70.0,5800.0,1.35,0.049,0.855,4x3.3E,4x3.3E,4.0,3.3,4.0,3.3,False,False,-29.437142857142856,0.5628571428571428,30.0,0.0,10.0,10.0,10.0,0.0,5.425672265180487,,False,cruise_trim,,,,,,,,False,cruise_trim,,,,,,,,False,cruise_trim,,,,,,,636
380,380,T-Motor,MN1018-72 (72),72.0,6888.0,1.65,0.038,1.02,4x3.3E,4x3.3E,4.0,3.3,4.0,3.3,False,False,-29.437142857142856,0.5628571428571428,30.0,0.0,10.0,10.0,10.0,0.0,5.590672265180487,,False,cruise_trim,,,,,,,,False,cruise_trim,,,,,,,,False,cruise_trim,,,,,,,637
404,404,T-Motor,MN5008-170 (170),170.0,720.0,0.4,0.27,0.128,4x3.3E,4x3.3E,4.0,3.3,4.0,3.3,False,False,-29.437142857142856,0.5628571428571428,30.0,0.0,10.0,10.0,10.0,0.0,4.698672265180487,,False,cruise_trim,,,,,,,,False,cruise_trim,,,,,,,,False,cruise_trim,,,,,,,638
413,413,T-Motor,MN7005-115 (115),115.0,750.0,0.4,0.288,0.32,4x3.3E,4x3.3E,4.0,3.3,4.0,3.3,False,False,-29.437142857142856,0.5628571428571428,30.0,0.0,10.0,10.0,10.0,0.0,4.890672265180487,,False,cruise_trim,,,,,,,,False,cruise_trim,,,,,,,,False,cruise_trim,,,,,,,639
414,414,T-Motor,MN8012-100 (100),100.0,1870.0,1.0,0.085,0.558,4x3.3E,4x3.3E,4.0,3.3,4.0,3.3,False,False,-29.437142857142856,0.5628571428571428,30.0,0.0,10.0,10.0,10.0,0.0,5.128672265180487,,False,cruise_trim,,,,,,,,False,cruise_trim,,,,,,,,False,cruise_trim,,,,,,,640
415,415,T-Motor,MN8014-100 (100),100.0,2410.0,0.9,0.065,0.602,4x3.3E,4x3.3E,4.0,3.3,4.0,3.3,False,False,-29.437142857142856,0.5628571428571428,30.0,0.0,10.0,10.0,10.0,0.0,5.172672265180487,,False,cruise_trim,,,,,,,,False,cruise_trim,,,,,,,,False,cruise_trim,,,,,,,641
416,416,T-Motor,MN8017-120 (120),120.0,3180.0,1.8,0.045,0.665,4x3.3E,4x3.3E,4.0,3.3,4.0,3.3,False,False,-29.437142857142856,0.5628571428571428,30.0,0.0,10.0,10.0,10.0,0.0,5.235672265180487,,False,cruise_trim,,,,,,,,False,cruise_trim,,,,,,,,False,cruise_trim,,,,,,,642
421,421,T-Motor,P80III-120 (120),120.0,3600.0,2.0,0.039,0.639,4x3.3E,4x3.3E,4.0,3.3,4.0,3.3,False,False,-29.437142857142856,0.5628571428571428,30.0,0.0,10.0,10.0,10.0,0.0,5.209672265180487,,False,cruise_trim,,,,,,,,False,cruise_trim,,,,,,,,False,cruise_trim,,,,,,,643
422,422,T-Motor,P80III-100 (100),100.0,2700.0,1.6,0.048,0.639,4x3.3E,4x3.3E,4.0,3.3,4.0,3.3,False,False,-29.437142857142856,0.5628571428571428,30.0,0.0,10.0,10.0,10.0,0.0,5.209672265180487,,False,cruise_trim,,,,,,,,False,cruise_trim,,,,,,,,False,cruise_trim,,,,,,,644
423,423,T-Motor,P80-120 (120),120.0,3300.0,1.8,0.04,0.64,4x3.3E,4x3.3E,4.0,3.3,4.0,3.3,False,False,-29.437142857142856,0.5628571428571428,30.0,0.0,10.0,10.0,10.0,0.0,5.210672265180487,,False,cruise_trim,,,,,,,,False,cruise_trim,,,,,,,,False,cruise_trim,,,,,,,645
424,424,T-Motor,P80-100 (100),100.0,2800.0,1.3,0.05,0.64,4x3.3E,4x3.3E,4.0,3.3,4.0,3.3,False,False,-29.437142857142856,0.5628571428571428,30.0,0.0,10.0,10.0,10.0,0.0,5.210672265180487,,False,cruise_trim,,,,,,,,False,cruise_trim,,,,,,,,False,cruise_trim,,,,,,,646
430,430,T-Motor,U11-120 (120),120.0,4000.0,0.7,0.057,0.73,4x3.3E,4x3.3E,4.0,3.3,4.0,3.3,False,False,-29.437142857142856,0.5628571428571428,30.0,0.0,10.0,10.0,10.0,0.0,5.300672265180487,,False,cruise_trim,,,,,,,,False,cruise_trim,,,,,,,,False,cruise_trim,,,,,,,647
431,431,T-Motor,U11-90 (90),90.0,1740.0,0.7,0.099,0.73,4x3.3E,4x3.3E,4.0,3.3,4.0,3.3,False,False,-29.437142857142856,0.5628571428571428,30.0,0.0,10.0,10.0,10.0,0.0,5.300672265180487,,False,cruise_trim,,,,,,,,False,cruise_trim,,,,,,,,False,cruise_trim,,,,,,,648
432,432,T-Motor,U11II-120 (120),120.0,2780.0,1.5,0.08,0.772,4x3.3E,4x3.3E,4.0,3.3,4.0,3.3,False,False,-29.437142857142856,0.5628571428571428,30.0,0.0,10.0,10.0,10.0,0.0,5.342672265180487,,False,cruise_trim,,,,,,,,False,cruise_trim,,,,,,,,False,cruise_trim,,,,,,,649
434,434,T-Motor,U13II-65 (65),65.0,6720.0,1.7,0.073,0.975,4x3.3E,4x3.3E,4.0,3.3,4.0,3.3,False,False,-29.437142857142856,0.5628571428571428,30.0,0.0,10.0,10.0,10.0,0.0,5.545672265180487,,False,cruise_trim,,,,,,,,False,cruise_trim,,,,,,,,False,cruise_trim,,,,,,,650
435,435,T-Motor,U15II-100 (100),100.0,9940.0,4.5,0.012,1.74,4x3.3E,4x3.3E,4.0,3.3,4.0,3.3,False,False,-29.437142857142856,0.5628571428571428,30.0,0.0,10.0,10.0,10.0,0.0,6.310672265180487,,False,cruise_trim,,,,,,,,False,cruise_trim,,,,,,,,False,cruise_trim,,,,,,,651
436,436,T-Motor,U15II-80 (80),80.0,8580.0,3.8,0.017,1.74,4x3.3E,4x3.3E,4.0,3.3,4.0,3.3,False,False,-29.437142857142856,0.5628571428571428,30.0,0.0,10.0,10.0,10.0,0.0,6.310672265180487,,False,cruise_trim,,,,,,,,False,cruise_trim,,,,,,,,False,cruise_trim,,,,,,,652
450,450,T-Motor,V13L-65 (65),65.0,18000.0,3.0,0.026,1.68,4x3.3E,4x3.3E,4.0,3.3,4.0,3.3,False,False,-29.437142857142856,0.5628571428571428,30.0,0.0,10.0,10.0,10.0,0.0,6.250672265180487,,False,cruise_trim,,,,,,,,False,cruise_trim,,,,,,,,False,cruise_trim,,,,,,,653
453,453,T-Motor,U8 Lite-100² (100),100.0,1405.0,0.7,0.17,0.238,4x3.3E,4x3.3E,4.0,3.3,4.0,3.3,False,False,-29.437142857142856,0.5628571428571428,30.0,0.0,10.0,10.0,10.0,0.0,4.808672265180487,,False,cruise_trim,,,,,,,,False,cruise_trim,,,,,,,,False,cruise_trim,,,,,,,654
454,454,T-Motor,U8 Lite-85² (85),85.0,915.0,0.5,0.225,0.243,4x3.3E,4x3.3E,4.0,3.3,4.0,3.3,False,False,-29.437142857142856,0.5628571428571428,30.0,0.0,10.0,10.0,10.0,0.0,4.813672265180487,,False,cruise_trim,,,,,,,,False,cruise_trim,,,,,,,,False,cruise_trim,,,,,,,655
455,455,T-Motor,U8 Lite L-110² (110),110.0,2140.0,0.9,0.105,0.282,4x3.3E,4x3.3E,4.0,3.3,4.0,3.3,False,False,-29.437142857142856,0.5628571428571428,30.0,0.0,10.0,10.0,10.0,0.0,4.8526722651804866,,False,cruise_trim,,,,,,,,False,cruise_trim,,,,,,,,False,cruise_trim,,,,,,,656
456,456,T-Motor,U8 Lite L-95² (95),95.0,1790.0,0.7,0.146,0.28,4x3.3E,4x3.3E,4.0,3.3,4.0,3.3,False,False,-29.437142857142856,0.5628571428571428,30.0,0.0,10.0,10.0,10.0,0.0,4.850672265180487,,False,cruise_trim,,,,,,,,False,cruise_trim,,,,,,,,False,cruise_trim,,,,,,,657
459,459,T-Motor,U8II-100² (100),100.0,1405.0,0.7,0.17,0.272,4x3.3E,4x3.3E,4.0,3.3,4.0,3.3,False,False,-29.437142857142856,0.5628571428571428,30.0,0.0,10.0,10.0,10.0,0.0,4.842672265180487,,False,cruise_trim,,,,,,,,False,cruise_trim,,,,,,,,False,cruise_trim,,,,,,,658
460,460,T-Motor,U8II-85² (85),85.0,915.0,0.5,0.225,0.277,4x3.3E,4x3.3E,4.0,3.3,4.0,3.3,False,False,-29.437142857142856,0.5628571428571428,30.0,0.0,10.0,10.0,10.0,0.0,4.847672265180487,,False,cruise_trim,,,,,,,,False,cruise_trim,,,,,,,,False,cruise_trim,,,,,,,659
461,461,T-Motor,U8II Lite-100² (100),100.0,1450.0,1.0,0.138,0.253,4x3.3E,4x3.3E,4.0,3.3,4.0,3.3,False,False,-29.437142857142856,0.5628571428571428,30.0,0.0,10.0,10.0,10.0,0.0,4.823672265180487,,False,cruise_trim,,,,,,,,False,cruise_trim,,,,,,,,False,cruise_trim,,,,,,,660
462,462,T-Motor,U8II Pro-100² (100),100.0,1450.0,1.0,0.138,0.287,4x3.3E,4x3.3E,4.0,3.3,4.0,3.3,False,False,-29.437142857142856,0.5628571428571428,30.0,0.0,10.0,10.0,10.0,0.0,4.8576722651804864,,False,cruise_trim,,,,,,,,False,cruise_trim,,,,,,,,False,cruise_trim,,,,,,,661
463,463,T-Motor,U10II-100² (100),100.0,1600.0,1.0,0.101,0.415,4x3.3E,4x3.3E,4.0,3.3,4.0,3.3,False,False,-29.437142857142856,0.5628571428571428,30.0,0.0,10.0,10.0,10.0,0.0,4.985672265180487,,False,cruise_trim,,,,,,,,False,cruise_trim,,,,,,,,False,cruise_trim,,,,,,,662
464,464,T-Motor,U12II-120² (120),120.0,4560.0,1.5,0.022,0.778,4x3.3E,4x3.3E,4.0,3.3,4.0,3.3,False,False,-29.437142857142856,0.5628571428571428,30.0,0.0,10.0,10.0,10.0,0.0,5.348672265180487,,False,cruise_trim,,,,,,,,False,cruise_trim,,,,,,,,False,cruise_trim,,,,,,,663
465,465,T-Motor,U12II-60² (60),60.0,4000.0,1.7,0.075,0.803,4x3.3E,4x3.3E,4.0,3.3,4.0,3.3,False,False,-29.437142857142856,0.5628571428571428,30.0,0.0,10.0,10.0,10.0,0.0,5.3736722651804865,,False,cruise_trim,,,,,,,,False,cruise_trim,,,,,,,,False,cruise_trim,,,,,,,664
466,466,T-Motor,U15L² (43),43.0,16000.0,3.7,0.02,3.6,4x3.3E,4x3.3E,4.0,3.3,4.0,3.3,False,False,-29.437142857142856,0.5628571428571428,30.0,0.0,10.0,10.0,10.0,0.0,8.170672265180487,,False,cruise_trim,,,,,,,,False,cruise_trim,,,,,,,,False,cruise_trim,,,,,,,665
467,467,T-Motor,U15XL² (38),38.0,23000.0,3.3,0.017,4.408,4x3.3E,4x3.3E,4.0,3.3,4.0,3.3,False,False,-29.437142857142856,0.5628571428571428,30.0,0.0,10.0,10.0,10.0,0.0,8.978672265180487,,False,cruise_trim,,,,,,,,False,cruise_trim,,,,,,,,False,cruise_trim,,,,,,,666
468,468,T-Motor,U15XXL² (29),29.0,28000.0,2.7,0.02,5.13,4x3.3E,4x3.3E,4.0,3.3,4.0,3.3,False,False,-29.437142857142856,0.5628571428571428,30.0,0.0,10.0,10.0,10.0,0.0,9.700672265180486,,False,cruise_trim,,,,,,,,False,cruise_trim,,,,,,,,False,cruise_trim,,,,,,,667
469,469,T-Motor,MN1005-90 V2.0² (90),90.0,1500.0,0.9,0.168,0.41,4x3.3E,4x3.3E,4.0,3.3,4.0,3.3,False,False,-29.437142857142856,0.5628571428571428,30.0,0.0,10.0,10.0,10.0,0.0,4.980672265180487,,False,cruise_trim,,,,,,,,False,cruise_trim,,,,,,,,False,cruise_trim,,,,,,,668
478,478,T-Motor,U8-110 LITE² (110),110.0,2140.0,0.9,0.105,0.282,4x3.3E,4x3.3E,4.0,3.3,4.0,3.3,False,False,-29.437142857142856,0.5628571428571428,30.0,0.0,10.0,10.0,10.0,0.0,4.8526722651804866,,False,cruise_trim,,,,,,,,False,cruise_trim,,,,,,,,False,cruise_trim,,,,,,,669
479,479,T-Motor,U8-95 LITE² (95),95.0,1790.0,0.7,0.146,0.28,4x3.3E,4x3.3E,4.0,3.3,4.0,3.3,False,False,-29.437142857142856,0.5628571428571428,30.0,0.0,10.0,10.0,10.0,0.0,4.850672265180487,,False,cruise_trim,,,,,,,,False,cruise_trim,,,,,,,,False,cruise_trim,,,,,,,670
487,487,T-Motor,U8II-100 ² (100),100.0,1405.0,0.7,0.17,0.272,4x3.3E,4x3.3E,4.0,3.3,4.0,3.3,False,False,-29.437142857142856,0.5628571428571428,30.0,0.0,10.0,10.0,10.0,0.0,4.842672265180487,,False,cruise_trim,,,,,,,,False,cruise_trim,,,,,,,,False,cruise_trim,,,,,,,671
488,488,T-Motor,U8II-85 ² (85),85.0,915.0,0.5,0.225,0.277,4x3.3E,4x3.3E,4.0,3.3,4.0,3.3,False,False,-29.437142857142856,0.5628571428571428,30.0,0.0,10.0,10.0,10.0,0.0,4.847672265180487,,False,cruise_trim,,,,,,,,False,cruise_trim,,,,,,,,False,cruise_trim,,,,,,,672
489,489,T-Motor,U8-170² (170),170.0,530.0,1.1,0.089,0.239,4x3.3E,4x3.3E,4.0,3.3,4.0,3.3,False,False,-29.437142857142856,0.5628571428571428,30.0,0.0,10.0,10.0,10.0,0.0,4.809672265180486,,False,cruise_trim,,,,,,,,False,cruise_trim,,,,,,,,False,cruise_trim,,,,,,,673
490,490,T-Motor,U8-170 PRO ² (170),170.0,520.0,0.9,0.081,0.239,4x3.3E,4x3.3E,4.0,3.3,4.0,3.3,False,False,-29.437142857142856,0.5628571428571428,30.0,0.0,10.0,10.0,10.0,0.0,4.809672265180486,,False,cruise_trim,,,,,,,,False,cruise_trim,,,,,,,,False,cruise_trim,,,,,,,674
491,491,T-Motor,U8-135 PRO ² (135),135.0,490.0,0.6,0.127,0.24,4x3.3E,4x3.3E,4.0,3.3,4.0,3.3,False,False,-29.437142857142856,0.5628571428571428,30.0,0.0,10.0,10.0,10.0,0.0,4.810672265180487,,False,cruise_trim,,,,,,,,False,cruise_trim,,,,,,,,False,cruise_trim,,,,,,,675
492,492,T-Motor,U8-100 PRO ² (100),100.0,490.0,0.5,0.179,0.24,4x3.3E,4x3.3E,4.0,3.3,4.0,3.3,False,False,-29.437142857142856,0.5628571428571428,30.0,0.0,10.0,10.0,10.0,0.0,4.810672265180487,,False,cruise_trim,,,,,,,,False,cruise_trim,,,,,,,,False,cruise_trim,,,,,,,676
493,493,T-Motor,U8-110 LITE L² (110),110.0,2140.0,0.9,0.105,0.282,4x3.3E,4x3.3E,4.0,3.3,4.0,3.3,False,False,-29.437142857142856,0.5628571428571428,30.0,0.0,10.0,10.0,10.0,0.0,4.8526722651804866,,False,cruise_trim,,,,,,,,False,cruise_trim,,,,,,,,False,cruise_trim,,,,,,,677
494,494,T-Motor,U8-95 LITE L² (95),95.0,1790.0,0.7,0.146,0.28,4x3.3E,4x3.3E,4.0,3.3,4.0,3.3,False,False,-29.437142857142856,0.5628571428571428,30.0,0.0,10.0,10.0,10.0,0.0,4.850672265180487,,False,cruise_trim,,,,,,,,False,cruise_trim,,,,,,,,False,cruise_trim,,,,,,,678
495,495,T-Motor,U10II-100 ² (100),100.0,1600.0,1.0,0.101,0.415,4x3.3E,4x3.3E,4.0,3.3,4.0,3.3,False,False,-29.437142857142856,0.5628571428571428,30.0,0.0,10.0,10.0,10.0,0.0,4.985672265180487,,False,cruise_trim,,,,,,,,False,cruise_trim,,,,,,,,False,cruise_trim,,,,,,,679
496,496,T-Motor,U10-100² (100),100.0,1500.0,1.4,0.112,0.4,4x3.3E,4x3.3E,4.0,3.3,4.0,3.3,False,False,-29.437142857142856,0.5628571428571428,30.0,0.0,10.0,10.0,10.0,0.0,4.970672265180487,,False,cruise_trim,,,,,,,,False,cruise_trim,,,,,,,,False,cruise_trim,,,,,,,680
497,497,T-Motor,U10 -80² (80),80.0,1200.0,0.6,0.135,0.405,4x3.3E,4x3.3E,4.0,3.3,4.0,3.3,False,False,-29.437142857142856,0.5628571428571428,30.0,0.0,10.0,10.0,10.0,0.0,4.975672265180487,,False,cruise_trim,,,,,,,,False,cruise_trim,,,,,,,,False,cruise_trim,,,,,,,681
499,499,T-Motor,U10 Plus 100² (100),100.0,1700.0,1.0,0.06,0.5,4x3.3E,4x3.3E,4.0,3.3,4.0,3.3,False,False,-29.437142857142856,0.5628571428571428,30.0,0.0,10.0,10.0,10.0,0.0,5.0706722651804865,,False,cruise_trim,,,,,,,,False,cruise_trim,,,,,,,,False,cruise_trim,,,,,,,682
500,500,T-Motor,U10 Plus 80² (80),80.0,1500.0,0.8,0.085,0.5,4x3.3E,4x3.3E,4.0,3.3,4.0,3.3,False,False,-29.437142857142856,0.5628571428571428,30.0,0.0,10.0,10.0,10.0,0.0,5.0706722651804865,,False,cruise_trim,,,,,,,,False,cruise_trim,,,,,,,,False,cruise_trim,,,,,,,683
501,501,T-Motor,U11II-120² (120),120.0,2785.0,1.5,0.08,0.772,4x3.3E,4x3.3E,4.0,3.3,4.0,3.3,False,False,-29.437142857142856,0.5628571428571428,30.0,0.0,10.0,10.0,10.0,0.0,5.342672265180487,,False,cruise_trim,,,,,,,,False,cruise_trim,,,,,,,,False,cruise_trim,,,,,,,684
502,502,T-Motor,U11-120² (120),120.0,4000.0,0.7,0.057,0.73,4x3.3E,4x3.3E,4.0,3.3,4.0,3.3,False,False,-29.437142857142856,0.5628571428571428,30.0,0.0,10.0,10.0,10.0,0.0,5.300672265180487,,False,cruise_trim,,,,,,,,False,cruise_trim,,,,,,,,False,cruise_trim,,,,,,,685
503,503,T-Motor,U11-90² (90),90.0,3000.0,0.7,0.099,0.73,4x3.3E,4x3.3E,4.0,3.3,4.0,3.3,False,False,-29.437142857142856,0.5628571428571428,30.0,0.0,10.0,10.0,10.0,0.0,5.300672265180487,,False,cruise_trim,,,,,,,,False,cruise_trim,,,,,,,,False,cruise_trim,,,,,,,686
505,505,T-Motor,U13II-65² (65),65.0,6720.0,1.7,0.073,0.975,4x3.3E,4x3.3E,4.0,3.3,4.0,3.3,False,False,-29.437142857142856,0.5628571428571428,30.0,0.0,10.0,10.0,10.0,0.0,5.545672265180487,,False,cruise_trim,,,,,,,,False,cruise_trim,,,,,,,,False,cruise_trim,,,,,,,687
506,506,T-Motor,U13-100² (100),100.0,3850.0,1.64,0.018,1.28,4x3.3E,4x3.3E,4.0,3.3,4.0,3.3,False,False,-29.437142857142856,0.5628571428571428,30.0,0.0,10.0,10.0,10.0,0.0,5.850672265180487,,False,cruise_trim,,,,,,,,False,cruise_trim,,,,,,,,False,cruise_trim,,,,,,,688
507,507,T-Motor,U13-85² (85),85.0,3120.0,1.25,0.023,1.28,4x3.3E,4x3.3E,4.0,3.3,4.0,3.3,False,False,-29.437142857142856,0.5628571428571428,30.0,0.0,10.0,10.0,10.0,0.0,5.850672265180487,,False,cruise_trim,,,,,,,,False,cruise_trim,,,,,,,,False,cruise_trim,,,,,,,689
508,508,T-Motor,U15II-100² (100),100.0,9940.0,4.5,0.012,1.74,4x3.3E,4x3.3E,4.0,3.3,4.0,3.3,False,False,-29.437142857142856,0.5628571428571428,30.0,0.0,10.0,10.0,10.0,0.0,6.310672265180487,,False,cruise_trim,,,,,,,,False,cruise_trim,,,,,,,,False,cruise_trim,,,,,,,690
509,509,T-Motor,U15II-80² (80),80.0,8580.0,3.8,0.017,1.74,4x3.3E,4x3.3E,4.0,3.3,4.0,3.3,False,False,-29.437142857142856,0.5628571428571428,30.0,0.0,10.0,10.0,10.0,0.0,6.310672265180487,,False,cruise_trim,,,,,,,,False,cruise_trim,,,,,,,,False,cruise_trim,,,,,,,691
512,512,T-Motor,U8-85 II² (85),85.0,960.0,0.5,0.225,0.277,4x3.3E,4x3.3E,4.0,3.3,4.0,3.3,False,False,-29.437142857142856,0.5628571428571428,30.0,0.0,10.0,10.0,10.0,0.0,4.847672265180487,,False,cruise_trim,,,,,,,,False,cruise_trim,,,,,,,,False,cruise_trim,,,,,,,692
515,515,T-Motor,U8-100 Lite² (100),100.0,1335.0,0.7,0.238,0.243,4x3.3E,4x3.3E,4.0,3.3,4.0,3.3,False,False,-29.437142857142856,0.5628571428571428,30.0,0.0,10.0,10.0,10.0,0.0,4.813672265180487,,False,cruise_trim,,,,,,,,False,cruise_trim,,,,,,,,False,cruise_trim,,,,,,,693
516,516,T-Motor,U8-85 Lite² (85),85.0,960.0,0.5,0.225,0.243,4x3.3E,4x3.3E,4.0,3.3,4.0,3.3,False,False,-29.437142857142856,0.5628571428571428,30.0,0.0,10.0,10.0,10.0,0.0,4.813672265180487,,False,cruise_trim,,,,,,,,False,cruise_trim,,,,,,,,False,cruise_trim,,,,,,,694
519,519,T-Motor,U8-100 Pro² (100),100.0,750.0,0.6,0.186,0.24,4x3.3E,4x3.3E,4.0,3.3,4.0,3.3,False,False,-29.437142857142856,0.5628571428571428,30.0,0.0,10.0,10.0,10.0,0.0,4.810672265180487,,False,cruise_trim,,,,,,,,False,cruise_trim,,,,,,,,False,cruise_trim,,,,,,,695
520,520,T-Motor,U12II-120 ² (120),120.0,4560.0,3.5,0.022,0.778,4x3.3E,4x3.3E,4.0,3.3,4.0,3.3,False,False,-29.437142857142856,0.5628571428571428,30.0,0.0,10.0,10.0,10.0,0.0,5.348672265180487,,False,cruise_trim,,,,,,,,False,cruise_trim,,,,,,,,False,cruise_trim,,,,,,,696
521,521,T-Motor,U12-100² (100),100.0,2500.0,1.3,0.037,0.792,4x3.3E,4x3.3E,4.0,3.3,4.0,3.3,False,False,-29.437142857142856,0.5628571428571428,30.0,0.0,10.0,10.0,10.0,0.0,5.362672265180487,,False,cruise_trim,,,,,,,,False,cruise_trim,,,,,,,,False,cruise_trim,,,,,,,697
522,522,T-Motor,U12-90² (90),90.0,2500.0,1.2,0.047,0.794,4x3.3E,4x3.3E,4.0,3.3,4.0,3.3,False,False,-29.437142857142856,0.5628571428571428,30.0,0.0,10.0,10.0,10.0,0.0,5.364672265180487,,False,cruise_trim,,,,,,,,False,cruise_trim,,,,,,,,False,cruise_trim,,,,,,,698
523,523,T-Motor,U15-100² (100),100.0,7000.0,4.7,0.013,1.64,4x3.3E,4x3.3E,4.0,3.3,4.0,3.3,False,False,-29.437142857142856,0.5628571428571428,30.0,0.0,10.0,10.0,10.0,0.0,6.210672265180487,,False,cruise_trim,,,,,,,,False,cruise_trim,,,,,,,,False,cruise_trim,,,,,,,699
524,524,T-Motor,U15-80² (80),80.0,7000.0,3.8,0.018,1.64,4x3.3E,4x3.3E,4.0,3.3,4.0,3.3,False,False,-29.437142857142856,0.5628571428571428,30.0,0.0,10.0,10.0,10.0,0.0,6.210672265180487,,False,cruise_trim,,,,,,,,False,cruise_trim,,,,,,,,False,cruise_trim,,,,,,,700
526,526,T-Motor,MN7005-115² (115),115.0,750.0,0.4,0.288,0.188,4x3.3E,4x3.3E,4.0,3.3,4.0,3.3,False,False,-29.437142857142856,0.5628571428571428,30.0,0.0,10.0,10.0,10.0,0.0,4.758672265180487,,False,cruise_trim,,,,,,,,False,cruise_trim,,,,,,,,False,cruise_trim,,,,,,,701
539,539,T-Motor,MT13050-3² (75),75.0,12500.0,4.8,0.048,5.2,4x3.3E,4x3.3E,4.0,3.3,4.0,3.3,False,False,-29.437142857142856,0.5628571428571428,30.0,0.0,10.0,10.0,10.0,0.0,9.770672265180487,,False,cruise_trim,,,,,,,,False,cruise_trim,,,,,,,,False,cruise_trim,,,,,,,702
550,550,T-Motor,U8-16² (100),100.0,750.0,0.6,0.186,0.24,4x3.3E,4x3.3E,4.0,3.3,4.0,3.3,False,False,-29.437142857142856,0.5628571428571428,30.0,0.0,10.0,10.0,10.0,0.0,4.810672265180487,,False,cruise_trim,,,,,,,,False,cruise_trim,,,,,,,,False,cruise_trim,,,,,,,703
