row_index,source_id,manufacturer,motor,motor_kv,motor_max_power,motor_no_load_current_a,motor_resistance_ohm,motor_mass_kg,status,m12_prop,m3_prop,m12_diameter_in,m12_pitch_in,m3_diameter_in,m3_pitch_in,feasible,propulsion_feasible,score,raw_score,penalty_total,penalty_mechanical,penalty_aero_m2,penalty_aero_m3,penalty_propulsion,penalty_overweight,max_takeoff_mass_kg,m1_lap_time_s,m1_feasible,m1_limiting_constraint,m1_cruise_speed_mps,m1_takeoff_distance_m,m1_climb_rate_mps,m1_required_energy_wh,m1_energy_margin_wh,m1_maximum_propeller_rpm,m2_lap_time_s,m2_feasible,m2_limiting_constraint,m2_cruise_speed_mps,m2_takeoff_distance_m,m2_climb_rate_mps,m2_required_energy_wh,m2_energy_margin_wh,m2_maximum_propeller_rpm,m3_lap_time_s,m3_feasible,m3_limiting_constraint,m3_cruise_speed_mps,m3_takeoff_distance_m,m3_climb_rate_mps,m3_required_energy_wh,m3_energy_margin_wh,m3_maximum_propeller_rpm,eligible_m12_props,considered_pairs,pruned_m12_pairs,full_evaluations,rank
579,579,Turnigy,AX-4008Q-620 (620),620.0,800.0,0.8,0.129,0.088,complete,9x9E,7x7E,9.0,9.0,7.0,7.0,True,True,4.8052098527603615,4.8052098527603615,0.0,0.0,0.0,0.0,0.0,0.0,4.664105322680487,22.567727025000508,True,none,38.82357276505723,7.279204093729708,4.022333194596563,23.664964352155494,55.21163564784449,12600.0,20.19316427084995,True,none,49.98646950041819,14.71178541039637,3.0221303726213153,62.75030039793675,16.126299602063234,14100.0,23.486207442047075,True,none,38.97675460382405,20.24577643895035,2.1099295615081215,77.25118205454216,1.6254179454578264,16800.0,9,961,8448,674,1
440,440,T-Motor,V3115-400 (400),400.0,1980.0,0.59,0.1454,0.113,complete,11x12E,11x10E,11.0,12.0,11.0,10.0,True,True,4.804573525680197,4.804573525680197,0.0,0.0,0.0,0.0,0.0,0.0,4.694679929680487,19.125799390789695,True,none,49.84707077689458,5.22563951478294,6.00963210977712,29.914039643975745,48.96256035602424,10100.0,20.281915607220853,True,none,49.7312743762722,10.13345111958045,4.819033783526917,58.21670223029556,20.659897769704422,10100.0,23.365945607220404,True,none,39.35348126322856,9.870267278291147,4.551267561034613,78.72195860997824,0.15464139002173738,10500.0,19,1921,7488,770,2
618,618,Turnigy,SK3-4240-620 (620),620.0,830.0,1.8,0.017,0.194,complete,9x9E,7x6E,9.0,9.0,7.0,6.0,True,True,4.804530340762141,4.804530340762141,0.0,0.0,0.0,0.0,0.0,0.0,4.770105322680487,20.752488316939584,True,none,44.23321186545047,7.76561302419729,3.9262368643608956,28.456448123261122,50.420151876738856,13200.0,20.28857162984236,True,none,49.96583969258299,15.477656682966508,2.9582049171385827,64.89360189425499,13.982998105744997,14100.0,23.715389769480794,True,none,38.638099105625535,18.75577671173788,2.375256533528437,77.2828617890876,1.5937382109123774,17900.0,11,1153,8256,674,3
391,391,T-Motor,MN4110-400 (400),400.0,770.0,1.0,0.085,0.152,complete,12x12E,11x8E,12.0,12.0,11.0,8.0,True,True,4.804444047510121,4.804444047510121,0.0,0.0,0.0,0.0,0.0,0.0,4.737631065180487,23.230955061174676,True,none,37.41717295845355,6.442070901991884,4.673254920175973,21.45745091790723,57.41914908209275,8500.0,20.300243925486406,True,none,49.80560417894064,12.761555928855689,3.544047974524923,60.022773090534514,18.853826909465468,10000.0,23.541634888807785,True,none,38.99649198692015,9.499943166680278,4.69458719687153,75.98274041120172,2.8938595887982643,11200.0,22,2209,7200,1154,4
298,298,T-Motor,Antigravity 5008-340 (340),340.0,760.0,0.9,0.055,0.135,complete,14x14E,12x12E,14.0,14.0,12.0,12.0,True,True,4.804400939130899,4.804400939130899,0.0,0.0,0.0,0.0,0.0,0.0,4.731404705180487,22.404521198557003,True,none,39.40095464482251,6.405618815884211,4.717323392557737,23.31973679320442,55.55686320679556,7100.0,20.305659655614093,True,none,49.76204355872348,12.789489702256194,3.5170389315910704,60.797059040604616,18.079540959395366,8200.0,23.52417851229624,True,none,39.011803377029274,9.376398714960143,4.63757518075716,78.49469103892613,0.3819089610738473,9200.0,25,2497,6912,1250,5
403,403,T-Motor,MN5008-340 (340),340.0,760.0,1.1,0.055,0.135,complete,14x14E,13x10E,14.0,14.0,13.0,10.0,True,True,4.804400939130899,4.804400939130899,0.0,0.0,0.0,0.0,0.0,0.0,4.731404705180487,22.73865048241251,True,none,38.56803362328633,6.467769371254285,4.507792264043524,22.51219770844945,56.36440229155053,7000.0,20.305659655614093,True,none,49.76204355872348,12.903660206509766,3.3641817613881213,61.06576073966458,17.8108392603354,8200.0,23.6272725119746,True,none,38.76652941609543,8.742061313964152,4.884744244958011,78.46970373322932,0.4068962667706586,9600.0,25,2497,6912,1250,6
294,294,T-Motor,Antigravity 4014-330 (330),330.0,750.0,1.1,0.085,0.149,complete,14x14E,12x10E,14.0,14.0,12.0,10.0,True,True,4.804314798753084,4.804314798753084,0.0,0.0,0.0,0.0,0.0,0.0,4.745404705180487,23.308816848356745,True,none,37.256675587285514,6.387571638350725,4.703135959387752,21.31307953622154,57.563520463778445,6800.0,20.318370774769846,True,none,49.75878510257167,12.698099069420904,3.507707216137679,60.43978795032006,18.436812049679922,8200.0,23.370566013477713,True,none,39.674883857291015,9.776046993514598,4.667020658801715,78.0234279251788,0.8531720748211882,9200.0,20,2017,7392,1154,7
477,477,T-Motor,MN4014-11² (330),330.0,750.0,1.1,0.085,0.149,complete,14x14E,12x10E,14.0,14.0,12.0,10.0,True,True,4.804314798753084,4.804314798753084,0.0,0.0,0.0,0.0,0.0,0.0,4.745404705180487,23.308816848356745,True,none,37.256675587285514,6.387571638350725,4.703135959387752,21.31307953622154,57.563520463778445,6800.0,20.318370774769846,True,none,49.75878510257167,12.698099069420904,3.507707216137679,60.43978795032006,18.436812049679922,8200.0,23.370566013477713,True,none,39.674883857291015,9.776046993514598,4.667020658801715,78.0234279251788,0.8531720748211882,9200.0,20,2017,7392,1154,8
476,476,T-Motor,MN4014-9² (400),400.0,900.0,1.3,0.067,0.149,complete,14x14E,9x9E,14.0,14.0,9.0,9.0,True,True,4.804314798753084,4.804314798753084,0.0,0.0,0.0,0.0,0.0,0.0,4.745404705180487,24.165532197893096,True,none,35.40299178804655,6.423998297976166,4.703135959387752,23.23438430020811,55.642215699791876,6700.0,20.318370774769846,True,none,49.75878510257167,12.774532020435608,3.507707216137679,65.40343135270884,13.473168647291146,8200.0,23.37830322178658,True,none,39.38930789473937,16.8167798419811,2.6362000025327776,76.10640839649855,2.7701916035014307,11300.0,26,2593,6816,1346,9
406,406,T-Motor,MN5212-420 (420),420.0,940.0,1.3,0.053,0.205,complete,11x12E,11x8E,11.0,12.0,11.0,8.0,True,True,4.804200103070195,4.804200103070195,0.0,0.0,0.0,0.0,0.0,0.0,4.786679929680487,19.181857401808028,True,none,49.9894062354655,5.589887238830922,5.7513979194361005,31.582482496476796,47.29411750352318,10600.0,20.333421010659702,True,none,49.83997867926268,10.8083823496013,4.357608865492372,61.79881651634093,17.077783483659054,10600.0,23.678659891506815,True,none,38.77028060850945,8.324990811252936,5.537693576390616,78.50112280774734,0.37547719225264586,11800.0,24,2401,7008,1250,10
396,396,T-Motor,MN4116-450 (450),450.0,1210.0,1.4,0.032,0.212,complete,10x12WE,9x7.5E,10.0,12.0,9.0,7.5,True,True,4.804185778799905,4.804185778799905,0.0,0.0,0.0,0.0,0.0,0.0,4.790540929180486,19.194042884936565,True,none,49.95500651916145,4.687121533657994,7.2487416481580835,31.55342106020705,47.32317893979293,12200.0,20.33637945501445,True,none,49.84123620161586,8.817796413199035,5.924074828441104,61.53851065752461,17.33808934247537,12200.0,23.437672315874533,True,none,39.37687487114034,13.060878336460835,3.5073239214567393,77.52861962591776,1.3479803740822263,12900.0,22,2209,7200,1250,11
175,175,Scorpion,MII-4010-360 (360),360.0,1443.0,0.38,0.1559,0.152,complete,14x14E,11x10E,14.0,14.0,11.0,10.0,True,True,4.803842839578465,4.803842839578465,0.0,0.0,0.0,0.0,0.0,0.0,4.748404705180487,19.242689791132513,True,none,49.588872035271244,3.8914000980597856,8.271843394168014,31.103241520774105,47.77335847922588,8400.0,20.384803279427288,True,none,49.50066587682133,7.399929958528315,6.768207700798126,60.968100132544265,17.908499867455717,8400.0,23.47178843001211,True,none,39.17151507589723,12.140417246557316,3.698707719416859,75.65465172136858,3.2219482786314018,9700.0,19,1921,7488,866,12
573,573,Turnigy,ACK-4012CP-480 (480),480.0,980.0,0.48,0.0699,0.152,complete,10x12WE,8x8E,10.0,12.0,8.0,8.0,True,True,4.803814334199454,4.803814334199454,0.0,0.0,0.0,0.0,0.0,0.0,4.730540929180487,19.230131286544466,True,none,49.56834699987686,5.747473039763369,5.479432978462727,31.331801207833124,47.54479879216686,11200.0,20.387291184187273,True,none,49.42969506594847,11.190828067900647,4.2799905508461284,61.19738718142516,17.679212818574825,11200.0,23.386217443349643,True,none,40.40731308119755,18.5231019502229,2.3994127407494807,78.30443686774606,0.5721631322539196,13500.0,21,2113,7296,1058,13
439,439,T-Motor,V3115-640 (640),640.0,1925.0,1.1,0.0671,0.113,complete,7x11E,7x7E,7.0,11.0,7.0,7.0,True,True,4.80375735698375,4.80375735698375,0.0,0.0,0.0,0.0,0.0,0.0,4.685909327680487,19.20076878426196,True,none,49.508245726481654,10.170344563560008,3.071813049587016,32.426734256783966,46.449865743216016,17300.0,20.39630471495835,True,none,49.24163363243369,20.579319099495567,2.275020523211064,62.751420351301476,16.125179648698506,17300.0,23.528356150021665,True,none,38.92615618752867,17.280780153009374,2.526635084200873,78.87392481646818,0.002675183531806624,17800.0,10,1057,8352,482,14
38,38,Cobra,CM-4510/28 (420),420.0,780.0,0.68,0.058,0.211,complete,11x12E,11x8E,11.0,12.0,11.0,8.0,True,True,4.80374311966301,4.80374311966301,0.0,0.0,0.0,0.0,0.0,0.0,4.792679929680487,19.22071540540093,True,none,49.85460761855265,6.977233574986261,4.473616413505179,31.465898417975502,47.41070158202448,10200.0,20.397573702059887,True,none,49.60040935987047,13.721703113565034,3.399055986654876,60.80160227369597,18.074997726304012,10200.0,23.64847818447096,True,none,38.857646703493074,8.797959197682935,5.007164885135585,77.26835902599488,1.6082409740050991,11800.0,19,1921,7488,770,15
81,81,Planet-Hobby,Joker 5050-10 V2 (450),450.0,1250.0,1.22,0.033,0.285,complete,10x12WE,9x7.5E,10.0,12.0,9.0,7.5,True,True,4.803728885133903,4.803728885133903,0.0,0.0,0.0,0.0,0.0,0.0,4.863540929180487,19.266544178155065,True,none,49.94984263525446,4.893215034681187,7.153147423981544,31.95473123895191,46.921868761048074,12100.0,20.399363589338016,True,none,49.835287234243246,9.112063937094245,5.860148047053884,62.1633345722055,16.713265427794482,12100.0,23.50495907961826,True,none,39.36512945563108,13.541724794668054,3.4565569562608065,78.0540372705512,0.8225627294487765,12900.0,22,2209,7200,1154,16
21,21,Cobra,C-4120/22 (430),430.0,1330.0,1.14,0.04,0.293,complete,12x12E,11x7E,12.0,12.0,11.0,7.0,True,True,4.8037146533956046,4.8037146533956046,0.0,0.0,0.0,0.0,0.0,0.0,4.878631065180487,19.278576831660693,True,none,49.96050331768279,3.801643455980006,8.837045120520125,32.389949126720644,46.48665087327934,11100.0,20.402991626903372,True,none,49.87211208914884,7.1034556260509465,7.1295450883656875,63.12646447708626,15.750135522913723,11100.0,23.68118419678008,True,none,38.951049963667174,8.592618919113818,5.486315418663074,78.38616133719533,0.49043866280464954,12200.0,22,2209,7200,1250,17
473,473,T-Motor,MN4012-9² (480),480.0,870.0,1.3,0.057,0.132,complete,12x12E,8x8E,12.0,12.0,8.0,8.0,True,True,4.803700424447297,4.803700424447297,0.0,0.0,0.0,0.0,0.0,0.0,4.717631065180487,19.20135974058374,True,none,49.63287547375666,6.886406763044323,4.264823185068045,33.2054946447505,45.67110535524948,9800.0,20.403806455851885,True,none,49.3196656182902,13.78276772109514,3.187976445234958,63.86569056572325,15.010909434276734,9800.0,23.346850532080584,True,none,39.427741012837295,18.132239443102716,2.4104634284013717,77.13090098901829,1.7456990109816957,13600.0,18,1825,7584,1058,18
79,79,Planet-Hobby,Joker 5050-8 V2 (575),575.0,1250.0,1.68,0.022,0.285,complete,8x8E,8x6E,8.0,8.0,8.0,6.0,True,True,4.803700424447297,4.803700424447297,0.0,0.0,0.0,0.0,0.0,0.0,4.859264369180487,19.267297620814503,True,none,49.92976699313909,6.995765453558568,4.869955362525508,30.63630277618734,48.24029722381265,16300.0,20.403016501593733,True,none,49.80579050291549,13.322244114528843,3.870293313208155,59.749411054104385,19.127188945895597,16300.0,24.2422543005746,True,none,37.57244452413752,13.309071716870331,3.4960911244435784,75.48354345729548,3.3930565427044996,16500.0,13,1345,8064,962,19
680,680,Turnigy,TR4260-06² (500),500.0,1350.0,4.3,0.023,0.28,complete,12x12E,8x8E,12.0,12.0,8.0,8.0,True,True,4.803686198288159,4.803686198288159,0.0,0.0,0.0,0.0,0.0,0.0,4.865631065180486,19.272669767128953,True,none,49.93308227636693,4.789416575917242,6.816212131890727,36.47210391857543,42.404496081424554,10600.0,20.40648920559409,True,none,49.81341546549093,9.079256025909249,5.392044515654431,69.36335390286722,9.513246097132765,10600.0,25.022886607143544,True,none,35.8386565855629,16.985077497124323,2.727685817346735,78.05950277426088,0.8170972257391043,14200.0,21,2113,7296,1250,20
577,577,Turnigy,ACK-4015CQ-480 (480),480.0,850.0,1.1,0.0366,0.14,complete,12x12E,9x7.5E,12.0,12.0,9.0,7.5,True,True,4.803643536537563,4.803643536537563,0.0,0.0,0.0,0.0,0.0,0.0,4.725631065180487,19.209653154409395,True,none,49.631382118326805,7.086010841595873,4.257251416644046,33.13621476353081,45.74038523646917,9800.0,20.41106792182921,True,none,49.317892832575794,14.209506202597973,3.0596079521351833,63.816677412943186,15.059922587056796,9800.0,23.47034685076592,True,none,39.136785771934775,10.963906771606148,4.1461521313637375,76.83435593378286,2.0422440662171226,13700.0,14,1441,7968,866,21
195,195,Scorpion,MII-4010-400² (400),400.0,1480.0,0.38,0.135,0.152,complete,14x12E,12x8E,14.0,12.0,12.0,8.0,True,True,4.8036151093013215,4.8036151093013215,0.0,0.0,0.0,0.0,0.0,0.0,4.748404705180487,19.276052036191047,True,none,49.4546568262318,3.2686582956883963,9.266909058916855,31.2227745812054,47.65382541879458,9500.0,20.415702347332406,True,none,49.37677646378668,6.169595342953913,7.968991938546686,60.795947052150794,18.080652947849188,9500.0,23.341245216986913,True,none,39.51165027971581,8.270770783115472,5.391452933143418,78.5497766608785,0.326823339121475,10800.0,26,2593,6816,1250,22
234,234,Scorpion,M-4010-400² (400),400.0,1480.0,0.38,0.135,0.152,complete,14x12E,12x8E,14.0,12.0,12.0,8.0,True,True,4.8036151093013215,4.8036151093013215,0.0,0.0,0.0,0.0,0.0,0.0,4.748404705180487,19.276052036191047,True,none,49.4546568262318,3.2686582956883963,9.266909058916855,31.2227745812054,47.65382541879458,9500.0,20.415702347332406,True,none,49.37677646378668,6.169595342953913,7.968991938546686,60.795947052150794,18.080652947849188,9500.0,23.341245216986913,True,none,39.51165027971581,8.270770783115472,5.391452933143418,78.5497766608785,0.326823339121475,10800.0,26,2593,6816,1250,23
308,308,T-Motor,AM480-650 (650),650.0,1150.0,1.55,0.032,0.145,complete,12x12E,7x6E,12.0,12.0,7.0,6.0,True,True,4.8036151093013215,4.8036151093013215,0.0,0.0,0.0,0.0,0.0,0.0,4.730631065180487,19.214832748258008,True,none,49.63044554489414,7.012708812303774,4.252530875840211,38.80709531676698,40.069504683233,9800.0,20.41560384125134,True,none,49.31678317808183,14.036212005792287,3.179826133498447,73.65901349755781,5.217586502442174,9800.0,23.61307423630643,True,none,38.78528972793305,16.63636466956282,2.669702546490012,77.87535428733595,1.00124571266403,18600.0,18,1825,7584,866,24
11,11,Cobra,C-3520/18 (550),550.0,800.0,0.93,0.075,0.21,complete,10x10E,8x8E,10.0,10.0,8.0,8.0,True,True,4.803600899859992,4.803600899859992,0.0,0.0,0.0,0.0,0.0,0.0,4.788540929180487,19.233687764233274,True,none,49.78526037560207,7.558013938082565,4.116700756419176,32.59714430201603,46.279455697983956,12400.0,20.417842890935937,True,none,49.50466151286452,14.996589264711846,3.017056912415938,62.74942273538881,16.12717726461117,12300.0,24.016326974930546,True,none,37.95025480544974,14.254424261187026,3.256926619803895,77.42935879079971,1.4472412092002713,15100.0,13,1345,8064,674,25
621,621,Turnigy,SK3-4250-410 (410),410.0,1310.0,1.5,0.026,0.266,complete,14x14E,10x8E,14.0,14.0,10.0,8.0,True,True,4.803529894388531,4.803529894388531,0.0,0.0,0.0,0.0,0.0,0.0,4.862404705180487,19.294307596180673,True,none,49.83197489169006,4.336767889750957,7.627196954770472,34.242069412088014,44.63453058791197,8800.0,20.428213953053888,True,none,49.714156952932115,8.20396230004455,6.037852468014333,66.45499457189209,12.421605428107895,8800.0,23.471484917759426,True,none,39.66180858665896,11.5739261476364,4.066222713610111,78.7943765724284,0.08222342757157719,11800.0,20,2017,7392,962,26
311,311,T-Motor,AM600 3D-525 (525),525.0,1700.0,3.4,0.012,0.36,complete,11x12E,8x6E,11.0,12.0,8.0,6.0,True,True,4.803515701635558,4.803515701635558,0.0,0.0,0.0,0.0,0.0,0.0,4.941679929680487,22.63678029088879,True,none,39.33153990812924,3.903688772498532,8.990972529027598,28.18933374141339,50.68726625858659,12000.0,20.430212747751877,True,none,49.976226454446504,7.210541057611005,7.304995753899436,70.50863049592343,8.367969504076555,12000.0,24.68447835553799,True,none,36.71627957349035,17.355565238005124,2.6526127214095614,76.02543084071203,2.8511691592879487,15200.0,8,865,8544,578,27
80,80,Planet-Hobby,Joker 5050-9 V2 (500),500.0,1250.0,1.32,0.027,0.285,complete,9x9E,8x8E,9.0,9.0,8.0,8.0,True,True,4.803501511661119,4.803501511661119,0.0,0.0,0.0,0.0,0.0,0.0,4.861105322680487,19.30127085375929,True,none,49.79849169152739,5.8966949063586025,5.741921409127895,30.224637904988036,48.651962095011946,14100.0,20.432706373282116,True,none,49.69152966145072,11.145707979196878,4.6186369805806216,59.098343980625735,19.778256019374247,14100.0,23.834679343398296,True,none,38.54061223497752,16.898300704319794,2.7854257845731016,78.10063811218446,0.7759618878155266,14300.0,21,2113,7296,1250,28
90,90,Scorpion,A-3017-560 (560),560.0,710.0,0.77,0.0832,0.136,complete,9x9E,8x6E,9.0,9.0,8.0,6.0,True,True,4.803402259570509,4.803402259570509,0.0,0.0,0.0,0.0,0.0,0.0,4.712105322680487,19.249078179101293,True,none,49.41883140798273,7.7390379949079735,3.8916932339298476,30.408459815257576,48.46814018474241,13900.0,20.445632011987428,True,none,49.13466728484914,15.61109945599107,2.843863267086652,59.037027122474065,19.839572877525917,13900.0,23.85018943199218,True,none,38.1929604114879,14.624350502889778,2.9753604308795962,72.58449163874353,6.292108361256453,15700.0,7,769,8640,578,29
592,592,Turnigy,NTM PropDrive v2 4258-500 (500),500.0,1300.0,1.6,0.028,0.3,complete,9x9E,9x7.5E,9.0,9.0,9.0,7.5,True,True,4.803402259570509,4.803402259570509,0.0,0.0,0.0,0.0,0.0,0.0,4.876105322680487,19.316073951891994,True,none,49.79747978065105,5.990519868381346,5.725191055448759,30.525570947614888,48.351029052385094,14100.0,20.44557838262432,True,none,49.69037836526522,11.296458496421131,4.607293702474967,59.49795692290489,19.37864307709509,14100.0,24.160954838193035,True,none,37.795354909535234,10.729727924929872,4.451174814803694,77.45559585151528,1.4210041484846982,14200.0,16,1633,7776,1154,30
622,622,Turnigy,SK3-4250-350 (350),350.0,1190.0,1.3,0.033,0.266,complete,12x12E,10x10E,12.0,12.0,10.0,10.0,True,True,4.803388091795,4.803388091795,0.0,0.0,0.0,0.0,0.0,0.0,4.851631065180487,19.320474159596028,True,none,49.683179366276825,4.705957673085328,7.370100237672848,29.512774665479284,49.3638253345207,9800.0,20.448257209077518,True,none,49.59647606411086,8.780036784671335,5.86793076424442,57.965911734922386,20.910688265077596,9800.0,23.39685698623186,True,none,39.605345972767644,16.095100552731566,2.910607773039969,77.83544632080101,1.0411536791989704,10000.0,19,1921,7488,1058,31
51,51,Planet-Hobby,Joker 4250-6 V3 (680),680.0,1100.0,1.3,0.024,0.21,complete,7x15E,7x9E,7.0,15.0,7.0,9.0,True,True,4.803331448396864,4.803331448396864,0.0,0.0,0.0,0.0,0.0,0.0,4.782909327680486,19.249608305536494,True,none,49.69820711203219,10.086432684797355,3.2764959821171455,38.01596153846798,40.860638461532005,18000.0,20.455866019418252,True,none,49.33323370314909,19.907227361621903,2.506099128434438,71.93255898018093,6.944041019819053,18000.0,24.95264250291745,True,none,35.8575217202358,15.023569333673356,3.1305880546007994,78.06237993504023,0.8142200649597555,19100.0,13,1345,8064,770,32
14,14,Cobra,C-3525/14 (560),560.0,1000.0,1.18,0.055,0.253,complete,10x12WE,8x6E,10.0,12.0,8.0,6.0,True,True,4.803317294469243,4.803317294469243,0.0,0.0,0.0,0.0,0.0,0.0,4.831540929180487,19.296994112416353,True,none,49.69903342851895,7.387172043848227,4.311839106317109,35.42428946706482,43.452310532935165,10700.0,20.45748518070554,True,none,49.49124474748157,14.391882095972896,3.3025057943250284,67.37831591134642,11.498284088653563,10700.0,23.82635846587037,True,none,38.49414115288711,14.751425419123809,3.021128420637634,76.19523876226425,2.6813612377357288,15900.0,17,1729,7680,1058,33
678,678,Turnigy,TR4250-07² (600),600.0,1030.0,2.5,0.036,0.21,complete,10x12WE,7x6E,10.0,12.0,7.0,6.0,True,True,4.803303143308763,4.803303143308763,0.0,0.0,0.0,0.0,0.0,0.0,4.788540929180487,19.280312202915184,True,none,49.5964092075056,7.9073686505259815,3.9143751184206876,36.76443691655082,42.11216308344916,10500.0,20.46026293247811,True,none,49.33471008919326,15.616798600341694,2.9516558010683736,70.64570790085561,8.23089209914437,10500.0,23.94549134281247,True,none,38.115565382618335,21.584519803737663,2.027708029126439,77.12431327727904,1.7522867227209389,17200.0,15,1537,7872,866,34
647,647,Turnigy,NTM4258-500² (500),500.0,1300.0,1.6,0.144,0.319,complete,11x10E,8x8E,11.0,10.0,8.0,8.0,True,True,4.803274849285982,4.803274849285982,0.0,0.0,0.0,0.0,0.0,0.0,4.900679929680487,19.339879770848164,True,none,49.79737474179119,4.818169943935347,7.082867392788556,32.51441361742087,46.36218638257911,12000.0,20.46475546138369,True,none,49.696064955660894,9.012062306129573,5.766559811317079,63.11139701163995,15.76520298836003,12000.0,24.204479293609634,True,none,37.72778114420469,20.91855304148034,2.197629298077853,77.03169859432441,1.8449014056755715,13500.0,22,2209,7200,1250,35
137,137,Scorpion,HKII-4225-500 Ltd Ed (500),500.0,4615.0,2.51,0.0171,0.393,complete,9x9E,9x6E,9.0,9.0,9.0,6.0,True,True,4.803274849285982,4.803274849285982,0.0,0.0,0.0,0.0,0.0,0.0,4.969105322680487,21.474991323191098,True,none,42.59683108543231,6.178950240080234,5.820907779224643,25.763868602171943,53.11273139782804,14000.0,20.46333197974554,True,none,49.93403412881305,11.461645091726094,4.6237638613531535,61.827648142300674,17.048951857699308,14100.0,24.42682742657464,True,none,37.36248934845117,12.424484991395538,3.818102126269005,76.94429183296168,1.9323081670383004,14400.0,7,769,8640,482,36
428,428,T-Motor,U7-420 V2 (420),420.0,1180.0,0.9,0.033,0.255,complete,12x12E,9x9E,12.0,12.0,9.0,9.0,True,True,4.803260706422059,4.803260706422059,0.0,0.0,0.0,0.0,0.0,0.0,4.840631065180487,19.333957449182943,True,none,49.58542268707781,4.175613772122622,7.9218852455948445,31.352737730549585,47.5238622694504,10800.0,20.466055868314747,True,none,49.48756138775916,7.8880237627403025,6.342365550626042,61.25247124304099,17.62412875695899,10800.0,23.44701198281348,True,none,39.44728757816786,14.815434526834064,3.1000859595921426,77.73749088856525,1.1391091114347347,12000.0,21,2113,7296,1154,37
483,483,T-Motor,U7-V2.0-420² (420),420.0,1180.0,0.9,0.033,0.255,complete,12x12E,9x9E,12.0,12.0,9.0,9.0,True,True,4.803260706422059,4.803260706422059,0.0,0.0,0.0,0.0,0.0,0.0,4.840631065180487,19.333957449182943,True,none,49.58542268707781,4.175613772122622,7.9218852455948445,31.352737730549585,47.5238622694504,10800.0,20.466055868314747,True,none,49.48756138775916,7.8880237627403025,6.342365550626042,61.25247124304099,17.62412875695899,10800.0,23.44701198281348,True,none,39.44728757816786,14.815434526834064,3.1000859595921426,77.73749088856525,1.1391091114347347,12000.0,21,2113,7296,1154,38
547,547,T-Motor,U7-420² (420),420.0,1180.0,0.9,0.033,0.255,complete,12x12E,9x9E,12.0,12.0,9.0,9.0,True,True,4.803260706422059,4.803260706422059,0.0,0.0,0.0,0.0,0.0,0.0,4.840631065180487,19.333957449182943,True,none,49.58542268707781,4.175613772122622,7.9218852455948445,31.352737730549585,47.5238622694504,10800.0,20.466055868314747,True,none,49.48756138775916,7.8880237627403025,6.342365550626042,61.25247124304099,17.62412875695899,10800.0,23.44701198281348,True,none,39.44728757816786,14.815434526834064,3.1000859595921426,77.73749088856525,1.1391091114347347,12000.0,21,2113,7296,1154,39
584,584,Turnigy,DT38-620 (620),620.0,1750.0,1.87,0.0327,0.365,complete,7x11E,7x6E,7.0,11.0,7.0,6.0,True,True,4.803260706422059,4.803260706422059,0.0,0.0,0.0,0.0,0.0,0.0,4.937909327680487,22.80234817401206,True,none,38.90682297982598,11.93214599090205,2.890951132313455,26.017492607958964,52.85910739204102,17300.0,20.466495049218402,True,none,49.81522218109578,23.352842018482672,2.192883035411714,66.64512454309451,12.231475456905471,17300.0,24.51297160224881,True,none,37.10649577110111,21.173777655121228,2.1994748453167614,75.55128972025831,3.3253102797416716,17800.0,8,865,8544,482,40
426,426,T-Motor,U5-400 (400),400.0,850.0,0.3,0.116,0.156,complete,10x12WE,12x8E,10.0,12.0,12.0,8.0,True,True,4.803246566322033,4.803246566322033,0.0,0.0,0.0,0.0,0.0,0.0,4.734540929180487,19.31374356448793,True,none,49.24935385955515,6.5632295742976225,4.865471837548079,28.96815956599152,49.90844043400846,10500.0,20.468652660010875,True,none,49.119204480116494,12.792169670663654,3.8569367356948026,56.87226299676745,22.004337003232536,10500.0,23.410706172646787,True,none,39.58728055054807,7.947311234401083,5.691344524844607,78.17348546931339,0.7031145306865909,10900.0,26,2593,6816,1250,41
481,481,T-Motor,U5-400² (400),400.0,850.0,0.3,0.116,0.156,complete,10x12WE,12x8E,10.0,12.0,12.0,8.0,True,True,4.803246566322033,4.803246566322033,0.0,0.0,0.0,0.0,0.0,0.0,4.734540929180487,19.31374356448793,True,none,49.24935385955515,6.5632295742976225,4.865471837548079,28.96815956599152,49.90844043400846,10500.0,20.468652660010875,True,none,49.119204480116494,12.792169670663654,3.8569367356948026,56.87226299676745,22.004337003232536,10500.0,23.410706172646787,True,none,39.58728055054807,7.947311234401083,5.691344524844607,78.17348546931339,0.7031145306865909,10900.0,26,2593,6816,1250,42
116,116,Scorpion,SII-4020-420 (420),420.0,1950.0,1.11,0.0321,0.288,complete,12x12E,9x9E,12.0,12.0,9.0,9.0,True,True,4.803246566322033,4.803246566322033,0.0,0.0,0.0,0.0,0.0,0.0,4.873631065180486,19.34213548813619,True,none,49.681975117934954,3.4905211349467624,9.430232777920423,31.684188793240097,47.192411206759886,11100.0,20.467069321063445,True,none,49.59510941156659,6.4390397321577275,8.333383669791823,61.53132911608382,17.345270883916164,11100.0,23.476110458064184,True,none,39.44514549240837,15.059636257167654,3.0796930566168736,78.57118522768732,0.305414772312659,12000.0,13,1345,8064,578,43
19,19,Cobra,C-4120/18 (540),540.0,1600.0,1.5,0.03,0.293,complete,11x12E,8x6E,11.0,12.0,8.0,6.0,True,True,4.803246566322033,4.803246566322033,0.0,0.0,0.0,0.0,0.0,0.0,4.874679929680487,19.340634202529532,True,none,49.6921735722944,4.033067938050681,8.370958160989664,35.20721494117055,43.669385058829434,11600.0,20.46849929320217,True,none,49.592889176828706,7.543060245962091,6.747322378044927,67.8658454668598,11.010754533140187,11600.0,24.207143998276436,True,none,37.669841596010684,15.88725248362502,2.8744750628293696,73.7845753931347,5.09202460686528,15500.0,9,961,8448,770,44
620,620,Turnigy,SK3-4250-500 (500),500.0,1350.0,1.8,0.018,0.269,complete,12x12E,9x7.5E,12.0,12.0,9.0,7.5,True,True,4.803204162597243,4.803204162597243,0.0,0.0,0.0,0.0,0.0,0.0,4.854631065180487,19.34114367212714,True,none,49.61139928225062,4.4543513753152,7.3660699193784565,34.465445404171625,44.41115459582836,10700.0,20.473720571352306,True,none,49.50407557672889,8.423348444315486,5.865267942045812,66.75193097178973,12.12466902821025,10700.0,24.001206532150594,True,none,38.1101763876206,10.277133131123183,4.5613251549913585,78.50604110174739,0.3705588982525967,14300.0,15,1537,7872,1058,45
474,474,T-Motor,MN4012-11² (400),400.0,750.0,1.0,0.075,0.132,complete,11x12E,10x10E,11.0,12.0,10.0,10.0,True,True,4.803147662942976,4.803147662942976,0.0,0.0,0.0,0.0,0.0,0.0,4.713679929680487,19.29600289964752,True,none,49.23776037344203,6.683162096618222,4.550032982286247,29.74051713973415,49.13608286026583,10100.0,20.48138240488506,True,none,48.9987797517127,13.311314032719732,3.449775695611685,58.22907541462014,20.64752458537984,10100.0,23.33917464228647,True,none,39.45681799211043,11.880474466194652,3.8335379288533584,78.31433396934976,0.5622660306502212,11100.0,21,2113,7296,962,46
74,74,Planet-Hobby,Joker 4250-10 V2 (510),510.0,900.0,1.5,0.042,0.2,complete,10x12WE,9x7.5E,10.0,12.0,9.0,7.5,True,True,4.8031053171580735,4.8031053171580735,0.0,0.0,0.0,0.0,0.0,0.0,4.778540929180487,19.314941370616467,True,none,49.417705205077056,7.417028278236996,4.2510889387286355,33.32332703165827,45.55327296834171,10600.0,20.488149006202363,True,none,49.18999454119458,14.582410179035143,3.24060189778379,64.52120748156173,14.35539251843825,10600.0,23.94386106151199,True,none,38.10546530670884,10.110128452636449,4.61740586573006,77.57148811943334,1.305111880566642,14400.0,16,1633,7776,962,47
264,264,Scorpion,HK4225-610² (610),610.0,3000.0,1.79,0.017,0.39,complete,7x11E,7x6E,7.0,11.0,7.0,6.0,True,True,4.8031053171580735,4.8031053171580735,0.0,0.0,0.0,0.0,0.0,0.0,4.962909327680487,22.81801617082392,True,none,38.927497261100356,12.116711800152416,2.8739017015131756,25.892393135188733,52.98420686481125,17300.0,20.48851572606344,True,none,49.81027622800852,23.658159640605348,2.1401913315265717,66.41833368632318,12.458266313676802,17300.0,24.188698105705285,True,none,37.9035177193994,21.81915349489546,2.144986639353322,77.36747081364331,1.5091291863566738,17600.0,5,577,8832,194,48
655,655,Turnigy,SK4250-06² (650),650.0,1150.0,1.2,0.032,0.23,complete,12x12E,7x6E,12.0,12.0,7.0,6.0,True,True,4.803077100411168,4.803077100411168,0.0,0.0,0.0,0.0,0.0,0.0,4.815631065180487,19.30244356136773,True,none,49.614159374493845,7.3285676081466224,4.173627456441942,39.300167138622925,39.57643286137706,9800.0,20.492424079053592,True,none,49.29772373732042,14.466103428186257,3.127041385370126,74.15315878566126,4.72344121433872,9800.0,23.6825159278902,True,none,38.79525279396836,17.376735571802755,2.620096895637301,78.2145486818206,0.6620513181793797,18600.0,17,1729,7680,866,49
531,531,T-Motor,MT2826-8² (550),550.0,700.0,0.9,0.042,0.187,complete,9x9E,8x8E,9.0,9.0,8.0,8.0,True,True,4.803077100411168,4.803077100411168,0.0,0.0,0.0,0.0,0.0,0.0,4.763105322680487,19.301661405480736,True,none,49.41008578223336,8.031794592165836,3.7604372605489575,30.587730683722842,48.28886931627714,13900.0,20.49161938504865,True,none,49.12436816347962,16.062642094101328,2.813913548035627,59.334975940711885,19.541624059288097,13900.0,23.78813719760203,True,none,38.44892673091275,13.198762911607085,3.530033628918872,77.92639623018187,0.9502037698181169,15500.0,7,769,8640,482,50
354,354,T-Motor,CINE77-477 (477),477.0,2745.0,0.96,0.084,0.135,complete,10x12WE,8x8E,10.0,12.0,8.0,8.0,True,True,4.8030629961682045,4.8030629961682045,0.0,0.0,0.0,0.0,0.0,0.0,4.713540929180486,19.337788135182585,True,none,49.07159649865099,4.706224852146039,6.938221007152301,30.829793443407382,48.0468065565926,11900.0,20.49461794842921,True,none,48.94624168939221,8.98777603543936,5.636323930032785,60.15361481275585,18.722985187244134,11900.0,23.411661093833764,True,none,40.029817639578674,19.146322629124697,2.2947116902953972,78.12617379752142,0.7504262024785646,13400.0,17,1729,7680,770,51
359,359,T-Motor,MN501-S KV360 (360),360.0,1000.0,1.4,0.045,0.17,complete,14x12E,10x10E,14.0,12.0,10.0,10.0,True,True,4.803020699951597,4.803020699951597,0.0,0.0,0.0,0.0,0.0,0.0,4.766404705180487,19.33911285970482,True,none,49.273484780533245,4.41136054196372,6.94368186109817,30.58342810705164,48.293171892948344,9600.0,20.49985736809878,True,none,49.10284569079403,8.565169461535989,5.3745817176423,59.85280525310787,19.023794746892115,9600.0,23.469956184743015,True,none,39.20856559209791,14.56175953801483,3.148208650540828,76.44557013402792,2.4310298659720644,10200.0,19,1921,7488,1058,52
292,292,Scorpion,S3032-12² (687),687.0,1200.0,2.06,0.039,0.223,complete,10x12WE,7x7E,10.0,12.0,7.0,7.0,True,True,4.802964343494726,4.802964343494726,0.0,0.0,0.0,0.0,0.0,0.0,4.8015409291804865,19.33830732861609,True,none,49.414482158252085,7.518960946229284,4.230227380913419,39.028521259176586,39.8480787408234,10600.0,20.508549126583844,True,none,49.18625890265873,14.730303440884093,3.226672656254295,74.62001096647177,4.256589033528215,10600.0,25.016053543957316,True,none,35.74774085725897,14.883253734269688,3.1482965324563383,76.24191361944068,2.6346863805593017,19200.0,15,1537,7872,770,53
13,13,Cobra,C-3525/12 (650),650.0,1150.0,1.48,0.045,0.253,complete,12x12E,7x6E,12.0,12.0,7.0,6.0,True,True,4.802922104997875,4.802922104997875,0.0,0.0,0.0,0.0,0.0,0.0,4.838631065180487,19.326007841784808,True,none,49.60963954373409,7.489654969491935,4.15262798288151,39.628927908869585,39.2476720911304,9800.0,20.5131177183672,True,none,49.29250321715599,14.774590664134173,3.112944813659903,74.97061732733704,3.905982672662944,9800.0,23.795729176720872,True,none,38.56590053623823,18.01385089433108,2.5170083313528706,78.50205136171864,0.37454863828133966,18400.0,17,1729,7680,866,54
427,427,T-Motor,U7-490 V2 (490),490.0,1300.0,1.1,0.021,0.258,complete,9x9E,8x8E,9.0,9.0,8.0,8.0,True,True,4.80289395972402,4.80289395972402,0.0,0.0,0.0,0.0,0.0,0.0,4.834105322680487,19.381850856848615,True,none,49.36756578941706,5.992241748838235,5.671755175059906,29.39936249279814,49.47723750720184,13900.0,20.5178663716301,True,none,49.25841135632172,11.35296697625029,4.552096678968578,57.56588776407422,21.310712235925763,13900.0,23.51819410534664,True,none,39.268933320184715,17.351126532642702,2.6795765226934987,78.53930002810803,0.3372999718919516,14100.0,17,1729,7680,1154,55
482,482,T-Motor,U7-V2.0-490² (490),490.0,1300.0,1.1,0.021,0.258,complete,9x9E,8x8E,9.0,9.0,8.0,8.0,True,True,4.80289395972402,4.80289395972402,0.0,0.0,0.0,0.0,0.0,0.0,4.834105322680487,19.381850856848615,True,none,49.36756578941706,5.992241748838235,5.671755175059906,29.39936249279814,49.47723750720184,13900.0,20.5178663716301,True,none,49.25841135632172,11.35296697625029,4.552096678968578,57.56588776407422,21.310712235925763,13900.0,23.51819410534664,True,none,39.268933320184715,17.351126532642702,2.6795765226934987,78.53930002810803,0.3372999718919516,14100.0,17,1729,7680,1154,56
546,546,T-Motor,U7-490² (490),490.0,1300.0,1.1,0.021,0.258,complete,9x9E,8x8E,9.0,9.0,8.0,8.0,True,True,4.80289395972402,4.80289395972402,0.0,0.0,0.0,0.0,0.0,0.0,4.834105322680487,19.381850856848615,True,none,49.36756578941706,5.992241748838235,5.671755175059906,29.39936249279814,49.47723750720184,13900.0,20.5178663716301,True,none,49.25841135632172,11.35296697625029,4.552096678968578,57.56588776407422,21.310712235925763,13900.0,23.51819410534664,True,none,39.268933320184715,17.351126532642702,2.6795765226934987,78.53930002810803,0.3372999718919516,14100.0,17,1729,7680,1154,57
309,309,T-Motor,AM480-600 (600),600.0,960.0,1.35,0.035,0.145,complete,10x10E,7x6E,10.0,10.0,7.0,6.0,True,True,4.80285176238326,4.80285176238326,0.0,0.0,0.0,0.0,0.0,0.0,4.723540929180487,19.34757340939783,True,none,49.072086042167975,6.438509065435282,4.714630158959466,32.7794440766863,46.09715592331368,12500.0,20.523583491091227,True,none,48.866038814098616,12.728396700601243,3.6124734632831035,63.64343813834955,15.23316186165043,12500.0,23.772304215059094,True,none,38.39630162971699,20.55544735920156,2.1040884067878993,74.19211600584013,4.684483994159848,17200.0,15,1537,7872,866,58
18,18,Cobra,C-4120/16 (610),610.0,1380.0,1.51,0.024,0.293,complete,7x11E,7x6E,7.0,11.0,7.0,6.0,True,True,4.802823644526748,4.802823644526748,0.0,0.0,0.0,0.0,0.0,0.0,4.865909327680487,19.354498594371687,True,none,49.601714295497004,11.585057581376244,2.8932392204365565,33.479940631682275,45.39665936831771,17200.0,20.527350355466076,True,none,49.32719375851253,22.919904442550482,2.1863170678713355,64.04488679677374,14.831713203226244,17200.0,24.00038599231331,True,none,39.141513045816225,20.965230549889732,2.153337903994638,78.80361879891878,0.07298120108120543,17600.0,14,1441,7968,770,59
399,399,T-Motor,MN4120-400 (400),400.0,1050.0,1.2,0.03,0.253,complete,12x12E,11x8.5E,12.0,12.0,11.0,8.5,True,True,4.802711282593909,4.802711282593909,0.0,0.0,0.0,0.0,0.0,0.0,4.838631065180487,19.405999259513184,True,none,49.288781751183734,4.603279648242864,7.029541477437058,30.525454879328283,48.3511451206717,10500.0,20.543139363022995,True,none,49.17313237179625,8.746599912441114,5.569663647746397,59.69356729722719,19.183032702772792,10500.0,23.622961945019306,True,none,39.01085953506806,8.712553687420371,5.481067479784446,78.76653195619389,0.1100680438060948,11400.0,20,2017,7392,962,60
36,36,Cobra,CM-4012/20 (450),450.0,670.0,1.04,0.057,0.141,complete,10x10E,9x7.5E,10.0,10.0,9.0,7.5,True,True,4.802683219452029,4.802683219452029,0.0,0.0,0.0,0.0,0.0,0.0,4.719540929180487,19.355884430989587,True,none,49.02365252930183,7.163030538433711,4.1802713504682725,28.902587300021363,49.974012699978616,12300.0,20.547420613578694,True,none,48.75954597613783,14.33910778985419,3.151711262784124,56.688484195547446,22.188115804452536,12200.0,23.51480622017699,True,none,39.02756474989733,13.136867900676302,3.3979688134617865,74.91010514745112,3.9664948525488626,12800.0,16,1633,7776,578,61
576,576,Turnigy,ACK-4012CQ-650 (650),650.0,800.0,1.2,0.053,0.126,complete,9x9E,7x6E,9.0,9.0,7.0,6.0,True,True,4.802501075011767,4.802501075011767,0.0,0.0,0.0,0.0,0.0,0.0,4.702105322680487,19.3685617344509,True,none,48.90576669178926,8.079515026387948,3.640373719768635,32.378376877017864,46.49822312298212,13700.0,20.574449766473904,True,none,48.59666315915491,16.37760685239144,2.70028563880566,62.3998004620084,16.47679953799158,13700.0,23.676235894327405,True,none,38.58965695170965,16.98925853130261,2.5442768399940685,76.31376911856034,2.5628308814396377,18400.0,11,1153,8256,578,62
25,25,Cobra,C-4130/20 (300),300.0,1920.0,0.77,0.046,0.398,complete,14x14E,10x12WE,14.0,14.0,10.0,12.0,True,True,4.80248708296742,4.80248708296742,0.0,0.0,0.0,0.0,0.0,0.0,4.994404705180487,19.46915667789149,True,none,49.63799928613871,4.284956332299892,8.618306960046299,30.49486842875896,48.38173157124102,8300.0,20.575355015562444,True,none,49.56443697116742,7.810117869171423,6.936550283333276,59.56647097262985,19.31012902737013,8300.0,23.604896966551614,True,none,39.3604823908449,21.56411726202974,2.239269446345383,77.45822661338302,1.4183733866169632,8500.0,14,1441,7968,866,63
247,247,Scorpion,S-4020-12² (542),542.0,1500.0,1.32,0.02,0.305,complete,10x12WE,8x6E,10.0,12.0,8.0,6.0,True,True,4.802445123150044,4.802445123150044,0.0,0.0,0.0,0.0,0.0,0.0,4.883540929180487,19.450497438316955,True,none,49.28528556371393,4.362955375861285,7.840899408805763,34.27678511811825,44.599814881881734,13100.0,20.58240530652033,True,none,49.16698884783008,8.140511765904744,6.337090468897608,66.07463952561159,12.801960474388395,13100.0,24.07492421850096,True,none,38.00442131859691,15.411867768762907,2.927340013109887,74.8032798033314,4.0733201966685755,15600.0,9,961,8448,866,64
249,249,Scorpion,S-4020-16² (415),415.0,1500.0,0.94,0.03,0.305,complete,12x12E,10x8E,12.0,12.0,10.0,8.0,True,True,4.802431141980165,4.802431141980165,0.0,0.0,0.0,0.0,0.0,0.0,4.890631065180487,19.45910017543516,True,none,49.27835069961916,3.5617538369156487,9.452187098274036,31.073917557946267,47.802682442053715,11100.0,20.583345379984763,True,none,49.18681898797871,6.54149717550108,8.143388239539462,60.367106984747146,18.509493015252836,11100.0,23.779547199728913,True,none,38.72636770147054,11.540907035215662,4.1342133070580145,76.1413422633079,2.735257736692077,11900.0,24,2401,7008,1154,65
663,663,Turnigy,SK5065-05² (410),410.0,1750.0,1.6,0.017,0.43,complete,12x12E,10x8E,12.0,12.0,10.0,8.0,True,True,4.802403187789526,4.802403187789526,0.0,0.0,0.0,0.0,0.0,0.0,5.015631065180487,19.480488238552816,True,none,49.67395338607201,3.7422986777110245,9.612076144927112,32.46802847715455,46.408571522845435,11200.0,20.58754176966949,True,none,49.58613411263705,6.7516347156909395,8.361190093451023,62.80977183769717,16.066828162302812,11200.0,24.04223236664909,True,none,38.34453592396142,12.449034844227924,3.943795536839812,77.71272882246146,1.1638711775385246,11800.0,17,1729,7680,962,66
386,386,T-Motor,MN3515-400 (400),400.0,900.0,0.3,0.116,0.183,complete,10x12WE,12x8E,10.0,12.0,12.0,8.0,True,True,4.802347311982562,4.802347311982562,0.0,0.0,0.0,0.0,0.0,0.0,4.761540929180486,19.44554742712753,True,none,48.83445921511032,6.673145857909766,4.838393387901985,28.714456060417,50.16214393958298,10400.0,20.59573099382935,True,none,48.71048692798557,12.956408675430852,3.838723910887108,56.27125409339821,22.60534590660177,10400.0,23.339851300210558,True,none,39.58403501196622,8.051856492296935,5.663881989561,78.63710332974689,0.2394966702530894,10900.0,25,2497,6912,1154,67
619,619,Turnigy,SK3-4240-530 (530),530.0,795.0,1.54,0.023,0.194,complete,10x10E,8x8E,10.0,10.0,8.0,8.0,True,True,4.802347311982562,4.802347311982562,0.0,0.0,0.0,0.0,0.0,0.0,4.772540929180487,19.410364815284428,True,none,49.015111316755245,7.4020163439199615,4.131293809568341,31.55384607015493,47.32275392984505,12300.0,20.595018633337425,True,none,48.749601150661,14.711525181701973,3.1189992636047363,60.7657396456307,18.11086035436928,12200.0,23.989697101873766,True,none,37.98057347967319,13.962430267328406,3.328295732205057,77.29459699313577,1.5820030068642126,15100.0,14,1441,7968,674,68
534,534,T-Motor,MT3515-15 ² (400),400.0,900.0,0.3,0.116,0.188,complete,10x12WE,12x8E,10.0,12.0,12.0,8.0,True,True,4.8023193903535875,4.8023193903535875,0.0,0.0,0.0,0.0,0.0,0.0,4.766540929180487,19.450567831841497,True,none,48.834076721413595,6.693617083911666,4.83340958881837,28.742549249231605,50.13405075076838,10400.0,20.600085402454454,True,none,48.7100483253501,12.986965333155634,3.8353660549580244,56.31285959814149,22.56374040185849,10400.0,23.344402351400753,True,none,39.5834338151767,8.07130660984919,5.658820658924031,78.6882020024967,0.18839799750328723,10900.0,25,2497,6912,1154,69
85,85,Planet-Hobby,Joker 5060-9 V2 (345),345.0,1650.0,1.05,0.035,0.377,complete,14x12E,10x10E,14.0,12.0,10.0,10.0,True,True,4.8023193903535875,4.8023193903535875,0.0,0.0,0.0,0.0,0.0,0.0,4.973404705180487,19.494968930345923,True,none,49.4532750182057,3.2722181054393804,9.558363033564527,31.21877280178321,47.65782719821677,9500.0,20.600745553273757,True,none,49.39252137547802,5.971744594235471,9.087544356720857,60.3173234971972,18.55927650280278,9500.0,23.6966758201622,True,none,39.084054565536896,17.49257574507465,2.7619008766712536,76.20888046273086,2.6677195372691216,9900.0,15,1537,7872,674,70
558,558,T-Motor,AT3530-570² (570),570.0,1800.0,0.9,0.028,0.289,complete,8x8E,8x6E,8.0,8.0,8.0,6.0,True,True,4.8022775282354875,4.8022775282354875,0.0,0.0,0.0,0.0,0.0,0.0,4.863264369180487,19.46794770333999,True,none,49.13785191082361,7.197653951621589,4.713617986696828,29.506721366051686,49.3698786339483,16100.0,20.605364886232785,True,none,49.00900742790502,13.740557411150146,3.7358543948019713,57.56328863050549,21.313311369494492,16100.0,23.815234503147387,True,none,38.59640728682091,13.795425753236055,3.3635514638709947,76.40219350182775,2.474406498172229,16400.0,4,481,8928,386,71
40,40,Cobra,CM-4515/18 (435),435.0,1200.0,0.95,0.034,0.273,complete,10x10E,9x9E,10.0,10.0,9.0,9.0,True,True,4.802263579613062,4.802263579613062,0.0,0.0,0.0,0.0,0.0,0.0,4.851540929180487,19.475818693194196,True,none,49.06166992185157,5.762899503240149,5.959298084602788,28.97109494223376,49.90550505776622,12200.0,20.6083366108029,True,none,48.9585426945338,10.859833953020946,4.8063305387734365,56.70806550413678,22.1685344958632,12200.0,23.577134657806706,True,none,39.1566666956654,13.929956633344117,3.401526478819356,78.68648345399713,0.1901165460028551,12400.0,20,2017,7392,1154,72
320,320,T-Motor,AT3520-550 (Long Shaft) (550),550.0,1100.0,1.1,0.031,0.22,complete,10x12WE,8x6E,10.0,12.0,8.0,6.0,True,True,4.802249633697793,4.802249633697793,0.0,0.0,0.0,0.0,0.0,0.0,4.798540929180486,19.459606845023515,True,none,48.92180004476721,6.221388787599295,5.164192317056736,33.71085180890445,45.16574819109553,11000.0,20.610384132025523,True,none,48.775508212225475,12.017832813950461,4.022705777765746,65.08010328541057,13.79649671458941,11000.0,23.884234370342128,True,none,38.28562951011943,14.507429728366267,3.103389575298161,74.27836009179289,4.598239908207091,15800.0,18,1825,7584,1154,73
125,125,Scorpion,SII-4035-450 (450),450.0,3848.0,1.75,0.0805,0.435,complete,12x12E,9x7.5E,12.0,12.0,9.0,7.5,True,True,4.802249633697793,4.802249633697793,0.0,0.0,0.0,0.0,0.0,0.0,5.020631065180487,19.49971990718334,True,none,49.61542391526412,4.049490771114767,9.012571202353145,33.785253302390736,45.09134669760925,10900.0,20.610409926910048,True,none,49.51068172571412,7.363432574586188,7.49528872205635,65.296172784811,13.580427215188976,10900.0,24.452810229246857,True,none,37.38413665107085,15.881138182133714,3.0460466547688547,75.6847219285431,3.191878071456884,12600.0,17,1729,7680,770,74
657,657,Turnigy,SK4260-05² (500),500.0,1420.0,1.6,0.019,0.295,complete,12x12E,9x7.5E,12.0,12.0,9.0,7.5,True,True,4.8021381637387615,4.8021381637387615,0.0,0.0,0.0,0.0,0.0,0.0,4.880631065180487,19.49834208107119,True,none,49.08423564727946,4.2205083293968535,7.8653538760859725,33.99935410923571,44.87724589076427,10800.0,20.62646415005132,True,none,48.98329055420426,7.92805564560512,6.30502744064093,65.75162623495225,13.124973765047727,10700.0,24.02275866590122,True,none,38.111815083729596,10.455957045182632,4.540481067665093,78.30299384091805,0.5736061590819332,14300.0,13,1345,8064,962,75
56,56,Planet-Hobby,Joker 5050-11 V3 (350),350.0,1500.0,0.7,0.045,0.28,complete,12x12E,10x10E,12.0,12.0,10.0,10.0,True,True,4.802124242152473,4.802124242152473,0.0,0.0,0.0,0.0,0.0,0.0,4.865631065180486,19.499832793781003,True,none,49.020939767128176,4.857543845922912,6.994585323968192,28.827976951504677,50.0486230484953,9700.0,20.62714233869916,True,none,48.931154782734886,9.088155168296824,5.701037824607045,56.53945426541131,22.337145734588674,9700.0,23.42495445496054,True,none,39.56392647755213,16.23285631404429,2.9022114685281157,76.01976065337745,2.856839346622536,10000.0,16,1633,7776,770,76
182,182,Scorpion,HK-4525-370 spec Ed² (370),370.0,5400.0,1.1,0.023,0.49,complete,10x12WE,10x10E,10.0,12.0,10.0,10.0,True,True,4.802082493586206,4.802082493586206,0.0,0.0,0.0,0.0,0.0,0.0,5.068540929180487,19.52629268679211,True,none,49.69157940150173,7.797164179956812,4.781909220304083,31.018627872077758,47.857972127922224,10500.0,20.63347272940321,True,none,49.57685816731579,14.399307496491097,3.843801025700063,59.52130636787856,19.355293632121423,10500.0,24.15020470966391,True,none,38.20608779362023,15.337366188974848,3.317753528515683,76.90755225323001,1.9690477467699736,10600.0,13,1345,8064,674,77
295,295,T-Motor,Antigravity 5006-450 (450),450.0,650.0,0.9,0.06,0.106,complete,10x10E,9x9E,10.0,10.0,9.0,9.0,True,True,4.802026866584627,4.802026866584627,0.0,0.0,0.0,0.0,0.0,0.0,4.6845409291804865,19.438932152326473,True,none,48.56354262190637,7.252612494042536,4.104942295985201,28.22536679040851,50.65123320959147,12100.0,20.641891695951756,True,none,48.279314571909616,14.646579324378898,2.98722230732725,55.01159128395152,23.865008716048465,12100.0,23.44557880950713,True,none,39.12467556571015,12.349102669601386,3.5959859985175635,77.41778043208987,1.458819567910112,12600.0,18,1825,7584,674,78
400,400,T-Motor,MN5006-450 (450),450.0,650.0,0.9,0.06,0.106,complete,10x10E,9x9E,10.0,10.0,9.0,9.0,True,True,4.802026866584627,4.802026866584627,0.0,0.0,0.0,0.0,0.0,0.0,4.6845409291804865,19.438932152326473,True,none,48.56354262190637,7.252612494042536,4.104942295985201,28.22536679040851,50.65123320959147,12100.0,20.641891695951756,True,none,48.279314571909616,14.646579324378898,2.98722230732725,55.01159128395152,23.865008716048465,12100.0,23.44557880950713,True,none,39.12467556571015,12.349102669601386,3.5959859985175635,77.41778043208987,1.458819567910112,12600.0,18,1825,7584,674,79
701,701,Turnigy,TR42-50B² (600),600.0,700.0,2.9,0.038,0.195,complete,8x8E,7x6E,8.0,8.0,7.0,6.0,True,True,4.8019435068806535,4.8019435068806535,0.0,0.0,0.0,0.0,0.0,0.0,4.769264369180487,19.462796965362717,True,none,48.79674823845486,8.7135552440859,3.50868097054048,30.8401296132015,48.036470386798484,16100.0,20.65324325156174,True,none,48.51293852318021,17.534419662111695,2.6181427736164125,59.49273520093468,19.3838647990653,16000.0,23.931166745935233,True,none,38.11885246503684,21.50387219783522,2.03541980490803,77.95201887197402,0.924581128025963,17100.0,5,577,8832,482,80
656,656,Turnigy,SK4260-04² (600),600.0,1350.0,1.8,0.014,0.295,complete,7x11E,7x6E,7.0,11.0,7.0,6.0,True,True,4.8019296230130974,4.8019296230130974,0.0,0.0,0.0,0.0,0.0,0.0,4.867909327680486,19.480146143410195,True,none,49.10741342889849,11.918256076507502,2.7965620701355305,32.99427506666849,45.88232493333149,17100.0,20.65566584401948,True,none,48.82685947586812,23.685426312273847,2.1029457466057146,63.27575209443835,15.60084790556163,17100.0,23.808300717873003,True,none,38.62307142160297,21.49638236840363,2.1103428731897935,77.77578868149163,1.1008113185083488,17400.0,14,1441,7968,770,81
88,88,Planet-Hobby,Joker 6360-8.5 V2 (295),295.0,2400.0,1.9,0.0175,0.63,complete,14x14E,10x12WE,14.0,14.0,10.0,12.0,True,True,4.80186024398462,4.80186024398462,0.0,0.0,0.0,0.0,0.0,0.0,5.226404705180487,21.66451715543397,True,none,42.75415478127009,4.705099599277873,8.549328894102883,26.234648766343973,52.64195123365601,8200.0,20.665978404501203,True,none,49.96834749323692,8.31320896270447,7.142015053206411,62.57302501148102,16.30357498851896,8300.0,24.30084374923575,True,none,38.124100440453894,24.204266554712085,2.126185608454262,78.4469962590817,0.4296037409182816,8500.0,13,1345,8064,866,82
60,60,Planet-Hobby,Joker 6350-7 V3 (430),430.0,2400.0,1.8,0.0115,0.51,complete,10x10E,9x7.5E,10.0,10.0,9.0,7.5,True,True,4.801832511169676,4.801832511169676,0.0,0.0,0.0,0.0,0.0,0.0,5.088540929180486,19.56852406532941,True,none,49.597129549460774,6.464683309814732,5.82155087868321,31.221353413818093,47.65524658618189,12300.0,20.670297703473757,True,none,49.49477583760325,11.802955212550035,4.735148913579263,60.38011689623784,18.496483103762145,12300.0,24.24920173620027,True,none,38.005260603444846,16.46377169878255,2.9993850638099144,77.01012347184624,1.8664765281537399,12400.0,8,865,8544,386,83
98,98,Scorpion,A-5025-415 (415),415.0,3441.0,2.89,0.011,0.523,complete,11x10E,11x7E,11.0,10.0,11.0,7.0,True,True,4.801832511169676,4.801832511169676,0.0,0.0,0.0,0.0,0.0,0.0,5.104679929680487,19.575313409170548,True,none,49.631056090522385,5.022337476272086,7.601973299033414,32.14510301039001,46.73149698960997,11800.0,20.670128540970587,True,none,49.548709198080026,9.051203149469494,6.1331605222359915,62.10994871979268,16.7666512802073,11800.0,24.80446570440585,True,none,36.767970034249096,9.762948384217113,5.146137749354951,78.29104048471352,0.5855595152864623,12000.0,11,1153,8256,386,84
628,628,Turnigy,SK3-5055-430 (430),430.0,1750.0,2.4,0.019,0.376,complete,14x14E,9x7.5E,14.0,14.0,9.0,7.5,True,True,4.801804789086207,4.801804789086207,0.0,0.0,0.0,0.0,0.0,0.0,4.9724047051804865,19.562791402816785,True,none,49.17887411107638,3.435964939034058,9.557087346383943,35.6628906837953,43.213709316204685,9200.0,20.673173649048266,True,none,49.101070858529155,6.318103972573612,8.320073731768915,68.291610785778,10.584989214221977,9200.0,24.22875372558302,True,none,37.78791754272641,15.511993415990956,3.005575567178635,76.18878646397943,2.687813536020556,12400.0,14,1441,7968,866,85
591,591,Turnigy,NTM PropDrive v2 4248-650 (650),650.0,1295.0,2.1,0.033,0.231,complete,11x12E,7x6E,11.0,12.0,7.0,6.0,True,True,4.801721687162399,4.801721687162399,0.0,0.0,0.0,0.0,0.0,0.0,4.8126799296804865,19.52296500173532,True,none,48.72815365130664,6.483707410587245,4.855791981062942,38.06708153259468,40.809518467405304,10200.0,20.685635779807562,True,none,48.52968152529396,12.604356509592357,3.7333858368107347,72.99403472137945,5.8825652786205325,10200.0,24.24143051175036,True,none,37.46469961048537,17.440998701984018,2.5744806728466525,76.91331328513532,1.9632867148646653,18500.0,15,1537,7872,866,86
157,157,Scorpion,HK5-4030-355 (355),355.0,6900.0,2.45,0.0335,0.42,complete,12x12E,10x10E,12.0,12.0,10.0,10.0,True,True,4.801694007942602,4.801694007942602,0.0,0.0,0.0,0.0,0.0,0.0,5.005631065180487,19.581854159454977,True,none,49.229139110783606,5.044694375549955,7.16901080459356,30.811049816916775,48.065550183083204,9900.0,20.689827160798597,True,none,49.1441817907312,9.25749981472258,5.886369695554513,59.870148136789965,19.006451863210017,9900.0,24.39134578456175,True,none,37.50115312357384,16.915080675442656,2.9026256769362098,76.9576922051725,1.9189077948274758,10100.0,16,1633,7776,770,87
358,358,T-Motor,F1000-300 (300),300.0,4548.0,2.05,0.0383,0.4,complete,14x14E,10x12WE,14.0,14.0,10.0,12.0,True,True,4.801680172345735,4.801680172345735,0.0,0.0,0.0,0.0,0.0,0.0,4.9964047051804865,19.586301439676113,True,none,49.17655448072583,4.2599503950831075,8.61536500155502,30.625609343791414,48.25099065620857,8300.0,20.691970028718913,True,none,49.10545621441542,7.75890692562078,7.137553462951355,59.61966253764261,19.25693746235737,8300.0,23.916987704993034,True,none,38.58712278682425,21.585969018076618,2.238265624247621,77.91682702399137,0.9597729760086082,8500.0,14,1441,7968,866,88
77,77,Planet-Hobby,Joker 4260-6 V2 (566),566.0,1100.0,2.11,0.023,0.283,complete,8x8E,8x6E,8.0,8.0,8.0,6.0,True,True,4.801652509174188,4.801652509174188,0.0,0.0,0.0,0.0,0.0,0.0,4.857264369180487,19.556915342291873,True,none,48.765227142463694,7.219672941021034,4.719452271679684,29.835815661947873,49.040784338052106,16000.0,20.69625963849305,True,none,48.63391050185602,13.768691379564224,3.675940709586642,58.00394682123371,20.87265317876627,16000.0,23.921482883201907,True,none,38.326134621682144,13.979533321952498,3.3027509296025213,78.22565693552193,0.6509430644780565,16300.0,15,1537,7872,1058,89
282,282,Scorpion,HK4035-560² (560),560.0,3800.0,1.74,0.012,0.435,complete,8x8E,8x6E,8.0,8.0,8.0,6.0,True,True,4.801624856693722,4.801624856693722,0.0,0.0,0.0,0.0,0.0,0.0,5.009264369180487,19.58089585910998,True,none,49.246710716519075,7.896622352881438,4.5755362033471965,30.76812803854885,48.10847196145113,16000.0,20.699935219155083,True,none,49.116062286135765,14.764460095027712,3.641032642228973,59.570829070819435,19.305770929180547,16000.0,24.163828978470423,True,none,38.054928290446455,15.078479746467604,3.201673284631856,78.26435526508747,0.6122447349125082,16200.0,3,385,9024,290,90
686,686,Turnigy,TR5065-06² (410),410.0,1560.0,2.0,0.02,0.31,complete,11x10E,9x9E,11.0,10.0,9.0,9.0,True,True,4.8016110344607075,4.8016110344607075,0.0,0.0,0.0,0.0,0.0,0.0,4.891679929680487,19.57900979597568,True,none,48.809238177259054,4.662529982412727,7.413926729123627,29.484757444157015,49.39184255584297,11600.0,20.70260971730188,True,none,48.72142076442214,8.68692738970152,6.051598096392531,57.468239850780684,21.4083601492193,11600.0,23.820227040387415,True,none,38.63189977126656,15.9093819831389,2.991814563549474,77.9191870548217,0.9574129451782767,11800.0,23,2305,7104,1058,91
634,634,Turnigy,SK3-6354-260 (260),260.0,2360.0,2.5,0.023,0.489,complete,20x22.5EP(CD),12x12E,20.0,22.5,12.0,12.0,True,True,4.801583398005246,4.801583398005246,0.0,0.0,0.0,0.0,0.0,0.0,5.148525929180487,19.62199602403634,True,none,49.608557360144246,2.728939012056692,9.779196981061439,42.18895121008016,36.68764878991982,5500.0,20.70584193024925,True,none,49.549288249528146,4.890294559398351,11.204844021373816,76.71650210374541,2.1600978962545696,5500.0,24.589041684909112,True,none,37.19496569622098,17.020900145597267,2.9530425942185645,74.23605724888014,4.640542751119838,7500.0,9,961,8448,770,92
322,322,T-Motor,AT4120-560 (Long Shaft) (560),560.0,1800.0,2.4,0.016,0.3,complete,8x8E,8x6E,8.0,8.0,8.0,6.0,True,True,4.801555772225382,4.801555772225382,0.0,0.0,0.0,0.0,0.0,0.0,4.874264369180486,19.573782192914102,True,none,48.763801436119614,7.396340354253512,4.629431705138826,30.00289580666084,48.87370419333914,15900.0,20.710942945520035,True,none,48.63230811900067,14.092194568219195,3.6648022864365424,58.228531891036965,20.648068108963017,15900.0,24.02977833029637,True,none,38.10152049817201,14.280247069309748,3.2311202386177627,78.2436677810448,0.632932218955176,16100.0,5,577,8832,482,93
159,159,Scorpion,HK5-4030-565 (565),565.0,6900.0,3.13,0.0145,0.423,complete,14x14E,8x6E,14.0,14.0,8.0,6.0,True,True,4.801541963336867,4.801541963336867,0.0,0.0,0.0,0.0,0.0,0.0,5.019404705180487,19.608227886965633,True,none,49.17645646473248,3.5649026159693253,9.616861717392489,41.314061567619106,37.562538432380876,9200.0,20.71278412597112,True,none,49.098403684078846,6.524139138005607,8.0372971176599,78.45268923525711,0.42391076474287104,9200.0,24.581798459245405,True,none,37.06444527405877,14.72966359802692,3.2734653845069714,78.6526259069134,0.22397409308658212,16300.0,3,385,9024,290,94
52,52,Planet-Hobby,Joker 4250-8 V3 (510),510.0,1150.0,1.2,0.0416,0.21,complete,14x14E,9x7.5E,14.0,14.0,9.0,7.5,True,True,4.80147295887756,4.80147295887756,0.0,0.0,0.0,0.0,0.0,0.0,4.806404705180487,19.537723964687768,True,none,48.64689133433955,6.467600990376768,4.642200329975437,36.75730574112955,42.11929425887043,8100.0,20.722936754074937,True,none,48.36565960655611,12.722856605207472,3.6463872720518573,70.83037507281678,8.046224927183204,8100.0,23.951908035830982,True,none,38.106842074693304,10.135808255786936,4.609208457970419,76.98292130226082,1.893678697739162,14400.0,21,2113,7296,1154,95
31,31,Cobra,CM-3520/20 (480),480.0,710.0,0.68,0.104,0.234,complete,11x10E,8x8E,11.0,10.0,8.0,8.0,True,True,4.80145916597695,4.80145916597695,0.0,0.0,0.0,0.0,0.0,0.0,4.815679929680487,19.526588952564893,True,none,48.72546197751252,7.863553960936073,3.894505902479805,30.668556357486093,48.208043642513886,11500.0,20.723581378734224,True,none,48.39324820493591,15.648698331648768,2.88811084467061,59.204015254038076,19.672584745961906,11500.0,23.37205966699532,True,none,39.58904289783414,20.3914005556979,2.185441175834022,77.9478819861591,0.9287180138408786,13300.0,17,1729,7680,674,96
394,394,T-Motor,MN4112-420 (420),420.0,1210.0,1.4,0.06,0.172,complete,11x10E,10x8E,11.0,10.0,10.0,8.0,True,True,4.801445375738292,4.801445375738292,0.0,0.0,0.0,0.0,0.0,0.0,4.753679929680486,19.580599569828955,True,none,48.28213801798049,4.536306866980406,7.280432438656187,28.25351126830494,50.62308873169504,11500.0,20.72533336119524,True,none,48.18578232949423,8.610471455123193,5.75863007100054,55.3674512339878,23.50914876601218,11500.0,23.410673595587397,True,none,39.60744500346095,11.253212907186139,4.039983923191091,78.05947527931312,0.8171247206868628,11800.0,18,1825,7584,770,97
659,659,Turnigy,SK5045-09² (600),600.0,1320.0,1.6,0.023,0.23,complete,7x11E,7x7E,7.0,11.0,7.0,7.0,True,True,4.801445375738292,4.801445375738292,0.0,0.0,0.0,0.0,0.0,0.0,4.802909327680487,19.539286594303828,True,none,48.627549419017114,11.654909632545486,2.796125950708045,32.076968884195956,46.799631115804026,16900.0,20.726009309014955,True,none,48.342549666746244,23.374566711726498,2.094819083355655,61.62909264744673,17.24750735255325,16900.0,23.749713668364976,True,none,38.63005144683092,20.213783093816616,2.244398919823924,78.8643219561697,0.012278043830278307,17200.0,14,1441,7968,962,98
605,605,Turnigy,RotorStar 4956-600 / RS600 (600),600.0,3400.0,1.95,0.0163,0.375,complete,7x11E,7x7E,7.0,11.0,7.0,7.0,True,True,4.801445375738292,4.801445375738292,0.0,0.0,0.0,0.0,0.0,0.0,4.947909327680486,19.560992954493802,True,none,49.09302581244811,12.577910770084411,2.742729837326421,33.67746500557429,45.19913499442569,17000.0,20.726718322213564,True,none,48.810492120767414,24.722669900109192,2.0655108717141863,64.26077822915182,14.615821770848157,17000.0,24.369918829349693,True,none,37.45194046912974,21.478239796269442,2.212967599536406,78.2647320360459,0.6118679639540829,17200.0,3,385,9024,194,99
221,221,Scorpion,HKIII-4035-560² (560),560.0,4200.0,2.24,0.014,0.439,complete,14x14E,8x6E,14.0,14.0,8.0,6.0,True,True,4.801445375738292,4.801445375738292,0.0,0.0,0.0,0.0,0.0,0.0,5.035404705180487,19.623634304511466,True,none,49.1756251003315,3.5157293296361853,9.637125850141308,40.80917298506564,38.06742701493434,9200.0,20.72622841767562,True,none,49.097489857293134,6.412037450660473,8.250331409536724,77.40459932692086,1.4720006730791226,9200.0,24.709067645503104,True,none,36.809767279492235,15.107667148579017,3.1990697447934457,75.87530428656503,3.0012957134349563,16200.0,3,385,9024,290,100
53,53,Planet-Hobby,Joker 5050-7 V3 (560),560.0,1400.0,1.3,0.022,0.28,complete,14x12E,8x6E,14.0,12.0,8.0,6.0,True,True,4.801390241387765,4.801390241387765,0.0,0.0,0.0,0.0,0.0,0.0,4.876404705180486,19.57917408110091,True,none,48.75086579011619,5.1793714404294064,6.094695423417992,37.90029595673816,40.97630404326182,9400.0,20.734659303553897,True,none,48.54740660224704,9.981947002440585,4.697419284477309,72.79642753813295,6.080172461867036,9400.0,23.622757544864715,True,none,39.053298109741085,14.207547739893162,3.244547228100945,78.15692920329694,0.719670796703042,16100.0,14,1441,7968,866,101
625,625,Turnigy,SK3-5045-660 (660),660.0,1450.0,3.0,0.014,0.28,complete,7x15E,7x5E,7.0,15.0,7.0,5.0,True,True,4.801376464447311,4.801376464447311,0.0,0.0,0.0,0.0,0.0,0.0,4.852909327680487,19.528732044384412,True,none,48.85883449705695,9.977556068853167,3.372905085532585,38.2976055934165,40.57899440658348,18300.0,20.736886786610356,True,none,48.46268157998938,19.487772515709057,2.5988684730052993,72.1387637931117,6.737836206888275,18300.0,24.35898431689123,True,none,37.2916487489195,18.483466698034682,2.423882051330181,76.96489002945049,1.911709970549495,19100.0,13,1345,8064,770,102
563,563,T-Motor,HT4035-5² (560),560.0,4000.0,2.7,0.013,0.45,complete,14x14E,8x6E,14.0,14.0,8.0,6.0,True,True,4.801376464447311,4.801376464447311,0.0,0.0,0.0,0.0,0.0,0.0,5.046404705180487,19.634208316193305,True,none,49.17505113750545,3.5632226418580863,9.65103276009726,41.114118012787735,37.76248198721225,9200.0,20.735459634955838,True,none,49.096859879667555,6.488965430263977,8.238278450480559,77.93241062004078,0.944189379959198,9200.0,24.71870991876584,True,none,36.80889965653501,15.188122478631847,3.1919245073315574,77.5643582995498,1.312241700450187,16200.0,3,385,9024,290,103
193,193,Scorpion,HKIV-4035-560² (560),560.0,5225.0,2.81,0.013,0.456,complete,14x14E,8x6E,14.0,14.0,8.0,6.0,True,True,4.801348918537633,4.801348918537633,0.0,0.0,0.0,0.0,0.0,0.0,5.052404705180487,19.639969836725243,True,none,49.17473725095018,3.57793892085485,9.658609907563058,41.20377787387,37.67282212612998,9200.0,20.74049082835817,True,none,49.096515664612134,6.506196391665315,8.231719479001077,78.0896931564341,0.7869068435658875,9200.0,24.723965299133916,True,none,36.80842558344551,15.232124817271103,3.1880360355853834,77.88497925408033,0.9916207459196471,16200.0,3,385,9024,290,104
176,176,Scorpion,MIII-4015-310 (310),310.0,1251.0,0.48,0.1117,0.208,complete,14x14E,12x12E,14.0,14.0,12.0,12.0,True,True,4.80133514956687,4.80133514956687,0.0,0.0,0.0,0.0,0.0,0.0,4.804404705180486,19.60493840056568,True,none,48.37983350721935,4.268116705111398,7.948136505621353,28.488274210918863,50.38832578908112,8100.0,20.741171492182453,True,none,48.28932487421202,8.012503502245469,6.29848918223516,55.92465249798416,22.95194750201582,8100.0,23.378113033354516,True,none,39.541157963049415,11.420617858881577,4.012796370966884,76.98115714064991,1.8954428593500694,8500.0,15,1537,7872,1058,105
82,82,Planet-Hobby,Joker 5050-13 V2 (350),350.0,1250.0,0.79,0.051,0.285,complete,12x12E,10x10E,12.0,12.0,10.0,10.0,True,True,4.80133514956687,4.80133514956687,0.0,0.0,0.0,0.0,0.0,0.0,4.870631065180487,19.613242632348413,True,none,48.596705603005475,4.974780674478796,6.988151476351193,28.475225008655556,50.401374991344426,9700.0,20.741538494514337,True,none,48.50212937136491,9.284328597601235,5.696697691665847,55.79205519966107,23.08454480033891,9700.0,23.429572781903033,True,none,39.563046358824685,16.568819768609437,2.815400400793775,76.31928156010288,2.5573184398971023,10000.0,20,2017,7392,1058,106
55,55,Planet-Hobby,Joker 5050-9 V3 (430),430.0,1320.0,0.9,0.0292,0.28,complete,10x10E,10x8E,10.0,10.0,10.0,8.0,True,True,4.80133514956687,4.80133514956687,0.0,0.0,0.0,0.0,0.0,0.0,4.858540929180487,19.609688909758567,True,none,48.56502199359623,5.84374482221379,5.8354550300716825,28.479766679162907,50.396833320837075,12100.0,20.74249221087169,True,none,48.45931757485591,11.036373973974566,4.700617894513457,55.69103846421809,23.185561535781893,12100.0,23.718994749833673,True,none,38.82304142532532,10.603795030024262,4.447061594156014,76.88224691528393,1.994353084716053,12300.0,20,2017,7392,1154,107
560,560,T-Motor,AT4130-275² (275),275.0,2800.0,0.5,0.045,0.387,complete,20x22.5EP(CD),14x12E,20.0,22.5,14.0,12.0,True,True,4.8013213832511346,4.8013213832511346,0.0,0.0,0.0,0.0,0.0,0.0,5.046525929180487,19.64441030213411,True,none,49.135069621354674,2.6814425528286754,9.651185907665473,42.22576863563654,36.65083136436344,5400.0,20.743081994715475,True,none,49.06713239782289,4.855553487241814,11.010042402423803,76.79726091357772,2.079339086422266,5400.0,24.02802742153607,True,none,38.32769219876817,8.484698787778274,5.94678513462728,75.6400387875283,3.2365612124716847,7800.0,14,1441,7968,866,108
442,442,T-Motor,V3120-500 (500),500.0,3240.0,0.95,0.0764,0.147,complete,9x9E,8x8E,9.0,9.0,8.0,8.0,True,True,4.801170128790441,4.801170128790441,0.0,0.0,0.0,0.0,0.0,0.0,4.723105322680487,19.60983057602365,True,none,48.055890491696964,6.012390646787974,5.287389668237712,27.749911767591854,51.12668823240813,13600.0,20.76616660533405,True,none,47.93253294325834,11.679887686619455,4.196677989346259,54.449544932034755,24.427055067965227,13600.0,23.485968627093325,True,none,39.10881106827916,17.020798593259507,2.6300488808673976,76.80030462931113,2.076295370688854,14000.0,9,961,8448,578,109
679,679,Turnigy,TR4260-05² (600),600.0,1300.0,4.7,0.017,0.28,complete,7x11E,7x6E,7.0,11.0,7.0,6.0,True,True,4.801142662405072,4.801142662405072,0.0,0.0,0.0,0.0,0.0,0.0,4.852909327680487,19.590385236134452,True,none,48.61858855769076,12.031785936676595,2.7618221499527102,34.55788137620447,44.31871862379551,16900.0,20.770824364407993,True,none,48.33228067235875,23.974852702993,2.071143761366308,65.59663255012686,13.279967449873126,16900.0,24.97537226683766,True,none,35.9365914830976,21.781182230832606,2.0340221416431206,78.16859061917114,0.708009380828841,17300.0,14,1441,7968,1058,110
666,666,Turnigy,SK5065-08² (270),270.0,2100.0,1.6,0.038,0.43,complete,20x22.5EP(CD),12x12E,20.0,22.5,12.0,12.0,True,True,4.801087761359873,4.801087761359873,0.0,0.0,0.0,0.0,0.0,0.0,5.089525929180486,19.685532235315172,True,none,49.1331022022221,2.9449583542906104,9.705357223170852,42.47104724906205,36.40555275093793,5300.0,20.778994346923593,True,none,49.06498239766713,5.3173145366318115,9.848178314495001,77.59271794746601,1.2838820525339685,5300.0,24.09455636478353,True,none,38.23305307713403,15.414883577351391,3.231769457825051,75.37792526526088,3.4986747347390974,7700.0,13,1345,8064,962,111
1,1,Castle,Vertigo 700-4540² (490),490.0,4000.0,1.8,0.012,0.694,complete,9x9E,9x6E,9.0,9.0,9.0,6.0,True,True,4.801087761359873,4.801087761359873,0.0,0.0,0.0,0.0,0.0,0.0,5.270105322680487,19.69521213187247,True,none,49.7689243433042,7.543604754596152,5.316795939985641,32.88331873171612,45.99328126828386,14000.0,20.77734215009825,True,none,49.65881907284316,13.520488173583688,4.324705918107717,63.06508897057448,15.811511029425503,14000.0,24.955677678262234,True,none,36.735997356283406,14.894093992304857,3.4389018574211585,76.3379804199931,2.5386195800068805,14200.0,5,577,8832,386,112
248,248,Scorpion,S-4020-14² (484),484.0,1500.0,1.19,0.024,0.305,complete,9x9E,8x8E,9.0,9.0,8.0,8.0,True,True,4.80106032668783,4.80106032668783,0.0,0.0,0.0,0.0,0.0,0.0,4.881105322680487,19.649561039908782,True,none,48.49554947710369,6.357510606071918,5.420018185411157,28.988315128747548,49.88828487125244,13700.0,20.781826661416275,True,none,48.38085551449346,12.001316308039092,4.343553965889827,56.07191030507973,22.80468969492025,13700.0,23.672362245341297,True,none,38.98277218455158,18.471694088832415,2.5408806223232285,78.19542291286774,0.6811770871322409,13900.0,12,1249,8160,866,113
329,329,T-Motor,AT4130-230 (Long Shaft) (230),230.0,2500.0,1.4,0.06,0.408,complete,20x22.5EP(CD),14x14E,20.0,22.5,14.0,14.0,True,True,4.801019194475805,4.801019194475805,0.0,0.0,0.0,0.0,0.0,0.0,5.067525929180487,19.695277728943203,True,none,49.01260806665971,2.3157557711815224,9.67767954932055,39.763332379949006,39.113267620050976,5300.0,20.78812418436544,True,none,48.95777661984648,4.141209980824728,11.116353602159867,72.17740542189271,6.699194578107267,5300.0,23.81839709550478,True,none,38.88347601643519,12.445242914272951,3.9859170660123753,77.19514659133822,1.681453408661767,6500.0,13,1345,8064,770,114
340,340,T-Motor,AT7215-200 (220),220.0,4400.0,2.4,0.027,0.55,complete,20x22.5EP(CD),14x14E,20.0,22.5,14.0,14.0,True,True,4.800923311589353,4.800923311589353,0.0,0.0,0.0,0.0,0.0,0.0,5.2095259291804865,19.728510868284452,True,none,49.40872755814703,2.341937912152682,9.854958093743946,39.96447426320905,38.912125736790934,5500.0,20.802434977224152,True,none,49.36087691615319,4.121818841705856,11.27102634982124,72.34756524967653,6.529034750323447,5500.0,24.442271078277336,True,none,37.66976520182914,14.090239228948821,3.711828541401037,76.42834357009487,2.448256429905115,6300.0,9,961,8448,482,115
418,418,T-Motor,P60-340 (340),340.0,1550.0,2.0,0.035,0.379,complete,14x12E,10x10E,14.0,12.0,10.0,10.0,True,True,4.8009096245687,4.8009096245687,0.0,0.0,0.0,0.0,0.0,0.0,4.975404705180487,19.69751368640269,True,none,48.66126048735161,3.3798700540572058,9.56091389729112,31.038384465240604,47.83821553475938,9300.0,20.804026945718523,True,none,48.598603245279065,6.157057796313304,8.856748787115777,59.83100219281097,19.04559780718901,9300.0,24.00191189792561,True,none,38.33794313289733,18.362652156643303,2.5947667432087678,76.5726402155095,2.3039597844904876,9700.0,17,1729,7680,674,116
668,668,Turnigy,SK6354-15² (200),200.0,2590.0,1.7,0.068,0.558,complete,20x22.5EP(CD),20x15E,20.0,22.5,20.0,15.0,True,True,4.8008822584207165,4.8008822584207165,0.0,0.0,0.0,0.0,0.0,0.0,5.2175259291804865,19.7359960623112,True,none,49.40846221174448,2.973695565752929,9.86485082043594,37.266451381765165,41.61014861823482,5100.0,20.80899432367593,True,none,49.36059015818036,5.2269993772824375,11.279677196550042,68.5856382577753,10.290961742224681,5100.0,25.44197933331203,True,none,35.599967831692396,5.218617530953,10.295306731925637,78.47594464347216,0.400655356527821,5500.0,4,481,8928,386,117
587,587,Turnigy,L5055A-400 (400),400.0,1400.0,1.4,0.03,0.293,complete,12x10E,9x9E,12.0,10.0,9.0,9.0,True,True,4.800854902792107,4.800854902792107,0.0,0.0,0.0,0.0,0.0,0.0,4.878631065180487,19.689827130438303,True,none,48.3315131419142,3.8100464610732288,9.163663436226775,28.934316711789428,49.942283288210554,11200.0,20.812614241244177,True,none,48.2550038770086,7.0464779793924475,7.531524015560089,56.49457949339158,22.3820205066084,11200.0,23.70070158203808,True,none,38.89071802553013,16.91896110446153,2.7032389311464953,76.73047593518702,2.146124064812966,11500.0,20,2017,7392,866,118
208,208,Scorpion,S-5028-220-F3A Ltd Ed² (220),220.0,2590.0,0.98,0.032,0.576,complete,20x22.5EP(CD),14x14E,20.0,22.5,14.0,14.0,True,True,4.800772898961893,4.800772898961893,0.0,0.0,0.0,0.0,0.0,0.0,5.235525929180486,19.752811105396177,True,none,49.407863200677376,2.3367368791623306,9.88707326459503,39.329240651915605,39.54735934808438,5500.0,20.82373509772146,True,none,49.35994334516152,4.111629403840855,11.299117385370648,71.40555838626071,7.471041613739274,5500.0,24.465352654389008,True,none,37.666218159209656,14.258862126233101,3.6947047842498604,73.29831760323088,5.578282396769097,6300.0,11,1153,8256,578,119
233,233,Scorpion,S-5030-220-F3A Ltd Ed² (220),220.0,2590.0,0.98,0.032,0.576,complete,20x22.5EP(CD),14x14E,20.0,22.5,14.0,14.0,True,True,4.800772898961893,4.800772898961893,0.0,0.0,0.0,0.0,0.0,0.0,5.235525929180486,19.752811105396177,True,none,49.407863200677376,2.3367368791623306,9.88707326459503,39.329240651915605,39.54735934808438,5500.0,20.82373509772146,True,none,49.35994334516152,4.111629403840855,11.299117385370648,71.40555838626071,7.471041613739274,5500.0,24.465352654389008,True,none,37.666218159209656,14.258862126233101,3.6947047842498604,73.29831760323088,5.578282396769097,6300.0,11,1153,8256,578,120
110,110,Scorpion,S-5028-220 (220),220.0,3367.0,1.16,0.0262,0.576,complete,20x22.5EP(CD),14x14E,20.0,22.5,14.0,14.0,True,True,4.800772898961893,4.800772898961893,0.0,0.0,0.0,0.0,0.0,0.0,5.235525929180486,19.752811105396177,True,none,49.407863200677376,2.325426265708963,9.88707326459503,39.42670903591551,39.449890964084474,5500.0,20.82373509772146,True,none,49.35994334516152,4.102422324509019,11.299117385370648,71.56862907663988,7.307970923360102,5500.0,24.47106656973203,True,none,37.65292465198359,14.227873364802583,3.6947047842498604,73.71601619599592,5.160583804004062,6300.0,9,961,8448,482,121
119,119,Scorpion,SII-4025-330 (330),330.0,2600.0,0.92,0.0362,0.353,complete,14x12E,12x10E,14.0,12.0,12.0,10.0,True,True,4.8007592408445205,4.8007592408445205,0.0,0.0,0.0,0.0,0.0,0.0,4.949404705180487,19.715665750110322,True,none,48.494568606153145,3.478098610362094,9.527699399193592,29.787851162741795,49.08874883725819,9200.0,20.826755347144385,True,none,48.42741808252118,6.3792275778921645,8.429666630533438,57.77048204674735,21.106117953252635,9200.0,23.555289790982908,True,none,39.40505484832219,9.729762981175838,4.923601215797246,78.79871846172732,0.07788153827266342,9400.0,14,1441,7968,674,122
685,685,Turnigy,TR5055-08² (400),400.0,1450.0,1.6,0.031,0.31,complete,12x10E,10x8E,12.0,10.0,10.0,8.0,True,True,4.800745585350178,4.800745585350178,0.0,0.0,0.0,0.0,0.0,0.0,4.895631065180487,19.706500184127798,True,none,48.33067044594997,3.8518797141069077,9.136032678066892,29.133497028393162,49.74310297160682,11200.0,20.82709778115021,True,none,48.25407011059086,7.110326142281259,7.345582983158118,56.83157691791262,22.04502308208736,11200.0,23.848206918522955,True,none,38.56858799887912,12.657436507427363,3.7401217592889853,75.88593083956995,2.9906691604300306,11500.0,20,2017,7392,866,123
626,626,Turnigy,SK3-5045-500 (500),500.0,1350.0,2.2,0.022,0.28,complete,12x12E,8x8E,12.0,12.0,8.0,8.0,True,True,4.80073193247811,4.80073193247811,0.0,0.0,0.0,0.0,0.0,0.0,4.865631065180486,19.698049015575336,True,none,48.25182768050237,4.535266833574304,7.351331708123118,33.34688595549963,45.52971404450035,10500.0,20.830886998120537,True,none,48.143805998703954,8.56018992508362,5.855523378098135,64.39395072982688,14.482649270173098,10500.0,24.247455433023543,True,none,37.55050705326322,16.851618390292046,2.7883284950926597,77.28292069105127,1.5936793089487082,14300.0,14,1441,7968,1058,124
34,34,Cobra,CM-4010/20 (550),550.0,660.0,0.95,0.054,0.124,complete,9x9E,8x6E,9.0,9.0,8.0,6.0,True,True,4.800718282227561,4.800718282227561,0.0,0.0,0.0,0.0,0.0,0.0,4.7001053226804865,19.620498056194553,True,none,47.92938587549597,8.38689341816887,3.4685183582275587,29.07506863322352,49.80153136677646,13500.0,20.832174922727845,True,none,47.61196508083032,17.095031536945978,2.551909211720824,56.33366585517237,22.542934144827612,13400.0,23.92924546833735,True,none,37.98000719254629,14.44230317082306,2.983258155195595,72.14684661274478,6.729753387255201,15700.0,5,577,8832,386,125
91,91,Scorpion,A-3017-600 (600),600.0,962.0,1.15,0.0506,0.136,complete,10x12WE,7x7E,10.0,12.0,7.0,7.0,True,True,4.800663707425462,4.800663707425462,0.0,0.0,0.0,0.0,0.0,0.0,4.714540929180487,19.64546653947068,True,none,47.88932002440333,7.872821891075014,3.8686664122247105,34.159357095770794,44.71724290422919,10300.0,20.839346999065413,True,none,47.63111590815828,15.81795966658623,2.8996753680501826,65.80150181851985,13.07509818148013,10200.0,23.871515644273362,True,none,38.13918651337238,19.952884886082586,2.2089535200467427,75.30079988092817,3.5758001190718147,17000.0,16,1633,7776,962,126
258,258,Scorpion,S-5030-220-F3A² (220),220.0,2590.0,1.03,0.027,0.606,complete,20x22.5EP(CD),14x14E,20.0,22.5,14.0,14.0,True,True,4.8006091745073265,4.8006091745073265,0.0,0.0,0.0,0.0,0.0,0.0,5.265525929180487,19.78075475830961,True,none,49.406858833448105,2.359645864579967,9.924000090159891,39.511623187686325,39.36497681231366,5500.0,20.848248719202957,True,none,49.358860382008565,4.143450347607372,11.331443585810632,71.69041779979925,7.186182200200733,5500.0,24.49766613904388,True,none,37.648750741636285,14.429380218721514,3.6750913966143783,73.67594848061593,5.200651519384053,6300.0,10,1057,8352,578,127
334,334,T-Motor,AT5230-A-220 (220),220.0,3600.0,3.0,0.024,0.61,complete,20x22.5EP(CD),14x14E,20.0,22.5,14.0,14.0,True,True,4.800581923739679,4.800581923739679,0.0,0.0,0.0,0.0,0.0,0.0,5.269525929180487,19.784970768460553,True,none,49.40473097168907,2.437107252704212,9.928913290461182,40.60477751900886,38.27182248099112,5500.0,20.851701719604733,True,none,49.35795769749905,4.274269448608519,11.335746780799758,73.37758878876076,5.499011211239221,5500.0,24.495455967934806,True,none,37.66157117587316,14.481275849514969,3.6724878865069805,78.40247824095792,0.4741217590420632,6300.0,9,961,8448,482,128
392,392,T-Motor,MN4110-340 (340),340.0,700.0,0.9,0.112,0.152,complete,14x14E,11x10E,14.0,14.0,11.0,10.0,True,True,4.800541067185557,4.800541067185557,0.0,0.0,0.0,0.0,0.0,0.0,4.748404705180487,19.633064201667253,True,none,48.062613874685645,7.2474164092964735,4.138005037406181,29.53852944215297,49.33807055784701,7900.0,20.857420885766487,True,none,47.67116855992274,14.561102319678984,3.047962362953823,57.82810796566209,21.04849203433789,7900.0,23.555949615851283,True,none,38.96081471128795,12.696067562739508,3.581373981550979,74.04368930926347,4.832910690736512,9400.0,21,2113,7296,962,129
226,226,Scorpion,HKII-4235-550 Ltd Ed² (550),550.0,5770.0,1.77,0.016,0.519,complete,14x14E,8x6E,14.0,14.0,8.0,6.0,True,True,4.8005274535571365,4.8005274535571365,0.0,0.0,0.0,0.0,0.0,0.0,5.115404705180487,19.766110446934796,True,none,48.911401843317094,3.576404174985723,9.737813997583082,41.00929395744621,37.86730604255377,9200.0,20.860974921178773,True,none,48.82617533127463,6.458544576762067,8.391838893996546,77.18509816061922,1.6915018393807628,9200.0,24.572455636425538,True,none,37.26808122297979,16.523199622983526,2.971300332111892,76.5916817378043,2.2849182621956885,15900.0,3,385,9024,290,130
310,310,T-Motor,AM600 3D-555 (555),555.0,1700.0,3.4,0.012,0.36,complete,8x8E,8x6E,8.0,8.0,8.0,6.0,True,True,4.8005274535571365,4.8005274535571365,0.0,0.0,0.0,0.0,0.0,0.0,4.934264369180487,19.729648484523622,True,none,48.384763091453564,7.7801307372895785,4.499699091923302,30.623786534154597,48.252813465845385,15800.0,20.86041001243732,True,none,48.250079305808484,14.720733819126952,3.5625037532301573,58.80943873841767,20.067161261582314,15800.0,24.845875466669682,True,none,36.36279801565463,15.00086617441289,3.1315508005093045,76.55410056945018,2.3224994305497972,16000.0,6,673,8736,578,131
574,574,Turnigy,ACK-5310CP-350 (350),350.0,910.0,0.49,0.079,0.216,complete,12x12E,11x10E,12.0,12.0,11.0,10.0,True,True,4.8005002341302205,4.8005002341302205,0.0,0.0,0.0,0.0,0.0,0.0,4.801631065180487,19.7200937619667,True,none,47.931452137518725,5.0366850860747725,6.538139952942219,27.52768998284115,51.34891001715883,9500.0,20.863536442307876,True,none,47.81695332645322,9.543463532504633,5.290399103700505,53.87093268831962,25.005667311680362,9500.0,23.38001390778287,True,none,39.545225527590965,11.690375679594702,4.0029273049780585,76.84671383360309,2.029886166396892,9800.0,23,2305,7104,1250,132
554,554,T-Motor,AT2826-500² (550),550.0,880.0,0.7,0.045,0.169,complete,10x12WE,8x6E,10.0,12.0,8.0,6.0,True,True,4.800459424553401,4.800459424553401,0.0,0.0,0.0,0.0,0.0,0.0,4.747540929180487,19.6795075860564,True,none,47.88405751262092,7.966171527070515,3.84013031826759,32.62194542453314,46.254654575466844,10300.0,20.86906086504502,True,none,47.6250838753967,15.917165020823598,2.8806983330628246,63.01219975185222,15.86440024814776,10200.0,23.858293606178236,True,none,38.24214363662941,14.5458919642078,3.015068282621525,72.84344473641653,6.033155263583453,15700.0,14,1441,7968,866,133
272,272,Scorpion,HK5035-410² (410),410.0,7000.0,2.12,0.014,0.67,complete,11x10E,10x8E,11.0,10.0,10.0,8.0,True,True,4.800459424553401,4.800459424553401,0.0,0.0,0.0,0.0,0.0,0.0,5.251679929680487,19.790954649701607,True,none,49.31505741335947,5.635550028378636,7.1089081139667325,32.11993291202573,46.75666708797425,11700.0,20.86999087824688,True,none,49.22763437716098,10.009655915354196,5.871166343910594,61.794671884245226,17.081928115754756,11700.0,24.76028522819236,True,none,37.13362336438852,13.744694047493779,3.7742480238364524,78.62444834573445,0.252151654265532,11800.0,12,1249,8160,482,134
64,64,Planet-Hobby,Joker 6360-10 V3 (225),225.0,3600.0,1.0,0.0362,0.64,complete,20x22.5EP(CD),14x14E,20.0,22.5,14.0,14.0,True,True,4.800418638434856,4.800418638434856,0.0,0.0,0.0,0.0,0.0,0.0,5.299525929180486,19.812302424239043,True,none,49.405711633549046,2.4714113302907337,9.965685083300615,40.11254680630299,38.764053193696995,5500.0,20.875949367068745,True,none,49.357625567274546,4.30202837312893,11.367968821580913,72.50049177108752,6.376108228912457,5500.0,24.247696645971953,True,none,38.3064234846334,14.05922377450414,3.8275787404437183,76.42344611866153,2.4531538813384515,6400.0,11,1153,8256,674,135
313,313,T-Motor,AM670 3D-480 (480),480.0,2700.0,3.5,0.012,0.416,complete,9x9E,8x8E,9.0,9.0,8.0,8.0,True,True,4.800418638434856,4.800418638434856,0.0,0.0,0.0,0.0,0.0,0.0,4.992105322680486,19.758440527883025,True,none,48.48719444216471,6.7851626249729255,5.303747073074494,30.926788617754262,47.94981138224572,13700.0,20.876743842625423,True,none,48.37160353647158,12.618681278467967,4.264055130187934,59.211907717404145,19.664692282595837,13700.0,25.041786347487154,True,none,36.04345177368329,19.723850890551766,2.425127677659215,76.80304610083357,2.073553899166413,13800.0,6,673,8736,386,136
93,93,Scorpion,A-4220-540 (V2) (540),540.0,2553.0,1.91,0.0168,0.288,complete,14x14E,8x6E,14.0,14.0,8.0,6.0,True,True,4.800405048271462,4.800405048271462,0.0,0.0,0.0,0.0,0.0,0.0,4.884404705180486,19.753106695004032,True,none,48.11146649598759,3.083484623321339,9.444152109445435,37.85500715368376,41.021592846316224,9300.0,20.87823099181789,True,none,48.02395608491022,5.725071482983993,8.887168793864964,71.4353220321068,7.4412779678931855,9300.0,24.145230480580896,True,none,37.80449384760686,15.553876333372362,2.93812434154343,75.1202525841118,3.756347415888186,15600.0,4,481,8928,386,137
123,123,Scorpion,SII-4035-330 (330),330.0,2400.0,1.41,0.031,0.435,complete,14x12E,11x10E,14.0,12.0,11.0,10.0,True,True,4.800337136491727,4.800337136491727,0.0,0.0,0.0,0.0,0.0,0.0,5.031404705180487,19.78728955554878,True,none,48.52020983222293,3.613174919719335,9.632063813714002,30.58251726876536,48.294082731234624,9200.0,20.887926915345872,True,none,48.45358202207556,6.524541123576186,8.562363853515349,59.08312088829891,19.793479111701075,9200.0,24.082620457177413,True,none,38.26381501249349,13.770980993455705,3.617822965853237,76.10851815370937,2.768081846290613,9500.0,14,1441,7968,674,138
256,256,Scorpion,S-4035-330² (330),330.0,2880.0,1.41,0.031,0.435,complete,14x12E,11x10E,14.0,12.0,11.0,10.0,True,True,4.800337136491727,4.800337136491727,0.0,0.0,0.0,0.0,0.0,0.0,5.031404705180487,19.78728955554878,True,none,48.52020983222293,3.613174919719335,9.632063813714002,30.58251726876536,48.294082731234624,9200.0,20.887926915345872,True,none,48.45358202207556,6.524541123576186,8.562363853515349,59.08312088829891,19.793479111701075,9200.0,24.082620457177413,True,none,38.26381501249349,13.770980993455705,3.617822965853237,76.10851815370937,2.768081846290613,9500.0,14,1441,7968,674,139
138,138,Scorpion,HKII-4225-550 Ltd Ed (550),550.0,4615.0,3.2,0.0146,0.393,complete,14x14E,8x6E,14.0,14.0,8.0,6.0,True,True,4.800323561937995,4.800323561937995,0.0,0.0,0.0,0.0,0.0,0.0,4.989404705180487,19.78063556199085,True,none,48.39184352168214,3.408216517492281,9.578750922820028,40.17813694500798,38.698463054992004,9200.0,20.890682486805474,True,none,48.30959116330221,6.24022358655446,8.301133871261499,76.01913431720482,2.8574656827951657,9200.0,24.459072020305683,True,none,37.28524635216623,15.542184776135208,3.0505984666765964,78.53307502073288,0.34352497926710157,15900.0,3,385,9024,290,140
219,219,Scorpion,HKIII-4025-650² (650),650.0,3700.0,1.78,0.016,0.354,complete,7x15E,7x6E,7.0,15.0,7.0,6.0,True,True,4.800242169168398,4.800242169168398,0.0,0.0,0.0,0.0,0.0,0.0,4.9269093276804865,19.698900336921984,True,none,48.47584172759,10.895244620124588,3.169407764909279,37.48371123291165,41.39288876708833,18000.0,20.902826130192054,True,none,48.06537813390416,21.166628465130366,2.432407417266472,70.55222500479748,8.324374995202504,18000.0,24.1514032873419,True,none,37.9195088882427,17.95987712054662,2.638285945248112,78.44897536470312,0.42762463529686556,18700.0,6,673,8736,194,141
42,42,Cobra,CM-4520/14 (400),400.0,1330.0,1.45,0.032,0.342,complete,12x10E,10x8E,12.0,10.0,10.0,8.0,True,True,4.800201507819707,4.800201507819707,0.0,0.0,0.0,0.0,0.0,0.0,4.927631065180487,19.790998195553627,True,none,48.12604025409072,3.923196639803437,8.891547326308396,29.228350997414083,49.6482490025859,11200.0,20.90736326548916,True,none,48.05046947169286,7.243888657599161,7.311540002208473,57.05490258249342,21.821697417506563,11200.0,23.877498810105113,True,none,38.56357575048682,12.855048645253264,3.7170770848584582,75.84750589334817,3.0290941066518116,11500.0,19,1921,7488,866,142
202,202,Scorpion,HKIV-4035-330² (330),330.0,3462.0,1.79,0.0345,0.456,complete,14x12E,12x10E,14.0,12.0,12.0,10.0,True,True,4.800160869801616,4.800160869801616,0.0,0.0,0.0,0.0,0.0,0.0,5.052404705180487,19.81503850862909,True,none,48.48994751703991,3.677860578421081,9.658609907563058,30.843717600700796,48.03288239929918,9200.0,20.913355942461912,True,none,48.422361784027586,6.6578529981852705,8.310736218746872,59.612676240771535,19.263923759228447,9200.0,24.17442315346873,True,none,38.09442876257806,10.230799998749049,4.838324640899633,78.18010761472823,0.6964923852717533,9400.0,14,1441,7968,674,143
54,54,Planet-Hobby,Joker 5050-8 V3 (500),500.0,1440.0,1.1,0.025,0.28,complete,12x12E,8x8E,12.0,12.0,8.0,8.0,True,True,4.800120255094051,4.800120255094051,0.0,0.0,0.0,0.0,0.0,0.0,4.865631065180486,19.788792687048698,True,none,47.90772291620973,4.063932066108912,8.262884783784175,32.69443206298999,46.18216793700999,10700.0,20.919335709031863,True,none,47.809838467531456,7.634358825951676,6.62795114555359,63.16869470795597,15.70790529204401,10700.0,23.657771939555836,True,none,38.9658915557085,16.847893412215512,2.7883284950926597,78.40885904755216,0.46774095244782643,14300.0,12,1249,8160,866,144
670,670,Turnigy,SK6364-09² (230),230.0,2950.0,1.7,0.04,0.706,complete,20x22.5EP(CD),14x14E,20.0,22.5,14.0,14.0,True,True,4.800052615661499,4.800052615661499,0.0,0.0,0.0,0.0,0.0,0.0,5.365525929180487,19.873178330040243,True,none,49.4034584396326,2.647045781825045,10.046109261279836,41.11745411584906,37.759145884150925,5500.0,20.929477220683044,True,none,49.35520600606519,4.583205678312677,11.438537810336069,74.2550231052379,4.621576894762086,5500.0,24.85232193408366,True,none,37.025619272911484,13.895823221946536,3.9580924807063336,75.39710998214628,3.4794900178537063,6500.0,13,1345,8064,770,145
253,253,Scorpion,S-4025-16² (332),332.0,2000.0,0.83,0.034,0.35,complete,14x12E,11x10E,14.0,12.0,11.0,10.0,True,True,4.800039095530322,4.800039095530322,0.0,0.0,0.0,0.0,0.0,0.0,4.946404705180487,19.82050382400362,True,none,48.08254424934492,3.431947471405034,9.523859503184179,29.31402674937727,49.56257325062271,9200.0,20.931623594564897,True,none,48.01786131533441,6.270107825366739,8.66278503734969,56.74451377810529,22.13208622189469,9200.0,23.50003967685187,True,none,39.53116676121814,12.957902314762912,3.6758707425078034,77.73562732088025,1.1409726791197272,9500.0,14,1441,7968,578,146
20,20,Cobra,C-4120/20 (480),480.0,1420.0,1.87,0.036,0.293,complete,9x9E,8x8E,9.0,9.0,8.0,8.0,True,True,4.800012063017374,4.800012063017374,0.0,0.0,0.0,0.0,0.0,0.0,4.869105322680487,19.798956443127768,True,none,47.8821640551194,6.566366465999529,5.232669389412676,28.678451231972943,50.19814876802704,13500.0,20.935830598456377,True,none,47.758976363776114,12.452034431888835,4.092003115036777,55.716956678930174,23.159643321069808,13500.0,23.919431746673077,True,none,38.35169618500217,19.116185270052334,2.435364159953432,77.72266487319223,1.1539351268077525,13700.0,14,1441,7968,962,147
662,662,Turnigy,SK5055-07² (400),400.0,1560.0,1.6,0.027,0.33,complete,12x10E,9x9E,12.0,10.0,9.0,9.0,True,True,4.799985040832034,4.799985040832034,0.0,0.0,0.0,0.0,0.0,0.0,4.915631065180487,19.82186955862047,True,none,47.96536608091214,3.8648701091468514,9.103756398765766,28.87903753369782,49.99756246630216,11200.0,20.939798401062802,True,none,47.89022352823371,7.123212561787805,7.491367856389825,56.241494202475806,22.635105797524176,11200.0,23.75778335827965,True,none,38.827473683373015,17.235234423384206,2.756462710457022,77.65906607309235,1.2175339269076346,11500.0,20,2017,7392,866,148
636,636,Turnigy,SK3-6364-213 (213),213.0,2550.0,3.0,0.023,0.72,complete,20x22.5EP(CD),14x14E,20.0,22.5,14.0,14.0,True,True,4.799985040832034,4.799985040832034,0.0,0.0,0.0,0.0,0.0,0.0,5.379525929180486,19.88603052700244,True,none,49.40297613653557,2.5045715454170248,10.06308630488597,40.55738179444559,38.31921820555439,5500.0,20.94079065872169,True,none,49.35468894292726,4.3280532442741135,11.453451092509141,73.40709848945285,5.469501510547133,5500.0,25.212271810954036,True,none,36.258114423955945,16.551011619558615,3.2560440663596735,75.24513104894795,3.631468951052028,6100.0,7,769,8640,482,149
535,535,T-Motor,MT3520-11² (400),400.0,1140.0,1.2,0.032,0.188,complete,11x10E,11x8E,11.0,10.0,11.0,8.0,True,True,4.799958028968384,4.799958028968384,0.0,0.0,0.0,0.0,0.0,0.0,4.769679929680486,19.79987016195245,True,none,47.5162320083785,4.690313714882384,7.09584324227146,27.012390601279716,51.86420939872026,11300.0,20.943309625366183,True,none,47.41963593755416,8.885528901484133,5.744163402184125,52.927989069112755,25.948610930887227,11300.0,23.429044987734855,True,none,39.85778982276044,8.738635338485306,5.2843205849027886,78.85589884262677,0.02070115737321032,11400.0,18,1825,7584,770,150
154,154,Scorpion,HK5-4026-545 (545),545.0,4218.0,2.77,0.0173,0.37,complete,14x14E,8x6E,14.0,14.0,8.0,6.0,True,True,4.799931027420512,4.799931027420512,0.0,0.0,0.0,0.0,0.0,0.0,4.966404705180487,19.833300677374304,True,none,48.10674968245615,3.3062409264218426,9.549429644560316,38.99891983680028,39.8776801631997,9200.0,20.948019908667312,True,none,48.01876178847939,6.075002133877604,8.55863855954831,73.73365483051562,5.1429451694843635,9200.0,24.63085797426669,True,none,36.85412705510967,15.903128713690363,2.946024863135121,76.20785947440784,2.668740525592142,15700.0,3,385,9024,290,151
155,155,Scorpion,HK5-4026-655 (655),655.0,4050.0,3.81,0.0135,0.368,complete,7x15E,7x5E,7.0,15.0,7.0,5.0,True,True,4.799877055248472,4.799877055248472,0.0,0.0,0.0,0.0,0.0,0.0,4.940909327680487,19.752874887206087,True,none,48.32018123215052,10.831342461914677,3.2084144778369583,38.946014638121156,39.930585361878826,18100.0,20.955326615889568,True,none,47.911136271578926,20.974765072702507,2.467981494848495,72.90715027458918,5.969449725410797,18100.0,25.074478672974394,True,none,35.88551953509717,19.640851088754932,2.33226796007453,76.32087843699138,2.5557215630086034,18900.0,6,673,8736,194,152
188,188,Scorpion,HKIII-5035-410² (410),410.0,7000.0,1.53,0.012,0.742,complete,12x12E,9x9E,12.0,12.0,9.0,9.0,True,True,4.799863568643596,4.799863568643596,0.0,0.0,0.0,0.0,0.0,0.0,5.327631065180487,19.88706835999239,True,none,49.21019282603936,4.326374331538861,9.730753044036549,33.86851894001634,45.008081059983645,11200.0,20.95737127544382,True,none,49.12357297394262,7.514395183943941,8.029827426579345,64.79530885029627,14.081291149703716,11200.0,24.72383699215964,True,none,37.34615576358934,19.375881986798834,2.744358569590258,78.59527353023782,0.28132646976216336,11800.0,12,1249,8160,482,153
148,148,Scorpion,HKIV-5035-410 (410),410.0,6061.0,3.77,0.0115,0.778,complete,11x10E,9x7.5E,11.0,10.0,9.0,7.5,True,True,4.799863568643596,4.799863568643596,0.0,0.0,0.0,0.0,0.0,0.0,5.359679929680487,19.8916469447025,True,none,49.30838633916477,5.954893570798154,6.98013940761943,33.734742107142836,45.141857892857146,11700.0,20.958621098809513,True,none,49.22043835371412,10.4522686488714,5.781203081340953,64.4328190075164,14.443780992483582,11700.0,25.344071643915733,True,none,36.04143509949417,21.198708343917524,2.4100604006497157,78.29929758373382,0.5773024162661642,11900.0,12,1249,8160,482,154
15,15,Cobra,C-3525/18 (430),430.0,1120.0,0.84,0.087,0.253,complete,11x10E,9x9E,11.0,10.0,9.0,9.0,True,True,4.799850084612501,4.799850084612501,0.0,0.0,0.0,0.0,0.0,0.0,4.834679929680487,19.825607940732215,True,none,47.657074528382076,4.858600756427512,7.00918899951508,28.333356983354754,50.54324301664523,11500.0,20.96095940408729,True,none,47.55752592148149,9.145259180045576,5.559776644342854,54.700274989388625,24.176325010611357,11500.0,23.597635419549967,True,none,39.06221631234685,15.4154592003582,3.0264879198045613,77.91847395422296,0.9581260457770213,11900.0,20,2017,7392,962,155
702,702,Turnigy,TR42-60C² (500),500.0,900.0,4.3,0.023,0.28,complete,10x12WE,8x8E,10.0,12.0,8.0,8.0,True,True,4.799796174211184,4.799796174211184,0.0,0.0,0.0,0.0,0.0,0.0,4.858540929180487,19.793044482913963,True,none,47.86582699479381,8.622061167264716,3.746694501692768,34.19445100363227,44.682148996367715,10300.0,20.968390667982852,True,none,47.60446100727041,16.961396181979786,2.818075697967361,65.37487219189514,13.501727808104846,10200.0,25.023068637009157,True,none,35.83827305808371,16.985077497124323,2.727685817346735,78.05915973942375,0.8174402605762339,14200.0,16,1633,7776,866,156
397,397,T-Motor,MN4116-340 (340),340.0,910.0,1.2,0.059,0.212,complete,12x12E,11x10E,12.0,12.0,11.0,10.0,True,True,4.799728844031257,4.799728844031257,0.0,0.0,0.0,0.0,0.0,0.0,4.797631065180487,19.83415848931059,True,none,47.49089118269521,5.119874172996502,6.543132357017361,27.184449665410558,51.69215033458943,9400.0,20.97706353123301,True,none,47.38244497771887,9.69804075716982,5.293739011067131,53.12976343643187,25.74683656356811,9400.0,23.71210265662517,True,none,38.702808390442996,12.028621202686708,3.8893589857255764,75.04233470289985,3.8342652971001314,9600.0,26,2593,6816,1346,157
325,325,T-Motor,AT4125-540 (Long Shaft) (540),540.0,2000.0,2.6,0.014,0.355,complete,14x14E,8x6E,14.0,14.0,8.0,6.0,True,True,4.799607811330607,4.799607811330607,0.0,0.0,0.0,0.0,0.0,0.0,4.951404705180487,19.879362068041058,True,none,47.8783923732661,3.717966734628212,9.216440849129606,38.50233246926338,40.3742675307366,8900.0,20.99601533214063,True,none,47.79112664020861,6.889847814642086,7.414756309437295,73.46711365195964,5.409486348040346,8900.0,24.207818316822767,True,none,37.791589866176594,16.05510414985969,2.8957536094512566,77.55440185790331,1.322198142096667,15600.0,5,577,8832,386,158
536,536,T-Motor,MT3520-14² (300),300.0,990.0,1.0,0.107,0.188,complete,14x14E,11x12E,14.0,14.0,11.0,12.0,True,True,4.799580943351832,4.799580943351832,0.0,0.0,0.0,0.0,0.0,0.0,4.784404705180487,19.86982290105539,True,none,47.311625272525816,4.37485328396683,7.495978884956201,27.363452458509432,51.513147541490554,8000.0,20.999792781971607,True,none,47.2578563609589,8.298436083853213,6.109515661271845,53.64137695086359,25.235223049136394,8000.0,23.491974517438678,True,none,39.19913023204277,14.6030301727345,3.171351956962952,76.3737492323268,2.5028507676731806,8300.0,17,1729,7680,1154,159
225,225,Scorpion,HKIII-4035-330² (330),330.0,2650.0,1.33,0.031,0.439,complete,14x12E,11x10E,14.0,12.0,11.0,10.0,True,True,4.799540660569601,4.799540660569601,0.0,0.0,0.0,0.0,0.0,0.0,5.035404705180487,19.906462117587605,True,none,48.07869311464627,3.621133577288586,9.637125850141308,30.025332701061632,48.85126729893835,9200.0,21.00650190127389,True,none,48.01365989193052,6.5328854108747265,8.557696552265828,57.99944803857865,20.877151961421333,9200.0,24.086152284801408,True,none,38.26341280419683,13.79633549511106,3.6151243980482173,75.959620457019,2.9169795429809824,9500.0,14,1441,7968,674,160
629,629,Turnigy,SK3-5055-320 (320),320.0,1630.0,1.8,0.027,0.376,complete,14x12E,12x10E,14.0,12.0,12.0,10.0,True,True,4.799513818163545,4.799513818163545,0.0,0.0,0.0,0.0,0.0,0.0,4.9724047051804865,19.900413705548686,True,none,47.87488929642559,3.6401037146094946,9.557087346383943,29.088193778552554,49.78840622144743,9000.0,21.009716238647243,True,none,47.80520158734563,6.648794580016395,8.173809657743925,56.523345687817226,22.353254312182756,9000.0,23.9390450600254,True,none,38.498535960230555,10.411272838655933,4.751960978798006,77.77133951835106,1.1052604816489264,9200.0,13,1345,8064,674,161
266,266,Scorpion,HK4535-550² (550),550.0,13000.0,2.23,0.009,0.635,complete,14x14E,8x6E,14.0,14.0,8.0,6.0,True,True,4.799460164002197,4.799460164002197,0.0,0.0,0.0,0.0,0.0,0.0,5.231404705180487,19.938683767506376,True,none,48.6597725341579,3.838877102498677,9.881989693964295,41.98386519866672,36.89273480133326,9200.0,21.017977940596346,True,none,48.58271024829582,6.825506796678763,8.266554413833145,77.4795611208111,1.3970388791888837,9200.0,25.194617583558625,True,none,36.10719336990134,17.15885093591538,2.9586771543329964,75.82541627615525,3.05118372384473,15900.0,3,385,9024,290,162
118,118,Scorpion,SII-4020-630 (630),630.0,1950.0,2.28,0.0152,0.288,complete,12x12E,7x6E,12.0,12.0,7.0,6.0,True,True,4.7994467568431824,4.7994467568431824,0.0,0.0,0.0,0.0,0.0,0.0,4.873631065180486,19.887501546826606,True,none,47.56773423800951,3.705383167276019,9.042576409999066,36.7712367622897,42.10536323771028,11100.0,21.01935609868562,True,none,47.462510202942575,6.929276384421506,7.306068979104553,70.34436935245833,8.532230647541653,11100.0,24.133991034890915,True,none,37.82814261496153,18.983481561149294,2.407852643738988,77.97180355522379,0.9047964447761956,18200.0,7,769,8640,386,163
161,161,Scorpion,HK5-4035-395 (395),395.0,7280.0,2.21,0.0222,0.475,complete,12x10E,10x8E,12.0,10.0,10.0,8.0,True,True,4.7994467568431824,4.7994467568431824,0.0,0.0,0.0,0.0,0.0,0.0,5.060631065180487,19.919655532331138,True,none,48.11930849711244,4.226222068237174,8.876912850478003,30.272397222246,48.60420277775398,11100.0,21.019507387595525,True,none,48.04311645691209,7.630292989573169,7.173258914729881,58.5433342391411,20.33326576085888,11100.0,24.159659766635226,True,none,38.153440939755576,14.031495857864392,3.527552959058015,77.92663810917738,0.9499618908226068,11400.0,14,1441,7968,578,164
610,610,Turnigy,RotorStar 4962-480 / RS700 (480),480.0,3400.0,1.5,0.023,0.448,complete,9x9E,9x7.5E,9.0,9.0,9.0,7.5,True,True,4.7994467568431824,4.7994467568431824,0.0,0.0,0.0,0.0,0.0,0.0,5.024105322680486,19.903730247527456,True,none,48.048388172564906,7.018069057673662,5.173118425621123,29.374752092825034,49.50184790717495,13600.0,21.01936233186271,True,none,47.92989249131501,13.021938879028738,4.156157081370489,56.87967517831552,21.99692482168446,13600.0,24.191588005093724,True,none,38.01867796315593,12.465771855403725,3.999866997317744,78.69847272680883,0.1781272731911514,13700.0,6,673,8736,386,165
220,220,Scorpion,HKIII-4025-550² (550),550.0,3900.0,1.65,0.023,0.354,complete,8x8E,8x6E,8.0,8.0,8.0,6.0,True,True,4.799393153710566,4.799393153710566,0.0,0.0,0.0,0.0,0.0,0.0,4.928264369180487,19.893969719876363,True,none,47.74024357070796,8.003997015357038,4.359290841474047,28.91137371666806,49.96522628333192,15600.0,21.02803036921176,True,none,47.59971451522322,15.187875808432945,3.43947160826337,55.981502915885194,22.895097084114788,15600.0,23.900941218347512,True,none,38.52243478605875,15.493511830331073,3.0159243351765137,77.92310909445085,0.9534909055491312,15800.0,3,385,9024,290,166
229,229,Scorpion,HK-4530-540 Ltd Ed² (540),540.0,11000.0,2.11,0.01,0.565,complete,14x14E,8x6E,14.0,14.0,8.0,6.0,True,True,4.799393153710566,4.799393153710566,0.0,0.0,0.0,0.0,0.0,0.0,5.1614047051804866,19.93944659354754,True,none,48.405458405330755,3.611407435526601,9.795241031315221,40.36696376604656,38.50963623395342,9300.0,21.028387189832177,True,none,48.32364168360414,6.474563560762023,8.569056330538745,76.20826699008339,2.6683330099165943,9300.0,24.835492997021213,True,none,36.76299493488102,17.507437221122743,2.8260300821505484,75.8856043394718,2.990995660528185,15600.0,3,385,9024,290,167
631,631,Turnigy,SK3-5065-320 (320),320.0,2220.0,2.5,0.014,0.531,complete,14x12E,12x10E,14.0,12.0,12.0,10.0,True,True,4.7993663674361375,4.7993663674361375,0.0,0.0,0.0,0.0,0.0,0.0,5.127404705180487,19.943315630604772,True,none,48.26871776834867,3.822685831954076,9.752827562893463,30.82264629129813,48.053953708701854,9100.0,21.03221237093154,True,none,48.20296318103021,6.8116701573498855,8.45175588660944,59.20871978683392,19.667880213166065,9100.0,24.626570462141693,True,none,37.18933819311519,10.890230062152309,4.627509089115265,77.4140964722943,1.4625035277056782,9200.0,12,1249,8160,578,168
57,57,Planet-Hobby,Joker 5060-5.5 V3 (470),470.0,1800.0,1.5,0.0164,0.38,complete,9x9E,8x8E,9.0,9.0,8.0,8.0,True,True,4.799286069710606,4.799286069710606,0.0,0.0,0.0,0.0,0.0,0.0,4.956105322680487,19.919510121582125,True,none,47.7447476630155,6.911061283968744,5.143170775566161,28.704503065273954,50.17209693472603,13400.0,21.04482914389725,True,none,47.62347783400993,12.955872413892397,4.031584712570759,55.62043653674935,23.25616346325063,13400.0,24.262006289993778,True,none,37.714452583462176,20.404909012461093,2.3331832309717564,75.47858048201934,3.398019517980643,13500.0,10,1057,8352,578,169
69,69,Planet-Hobby,Joker 3548-6 V2 (720),720.0,650.0,1.41,0.046,0.165,complete,7x7E,7x7E,7.0,7.0,7.0,7.0,True,True,4.799286069710606,4.799286069710606,0.0,0.0,0.0,0.0,0.0,0.0,4.7379093276804864,19.84429987523189,True,none,47.23730614169527,9.218428122187323,3.2860396867175536,28.72290003060944,50.153699969390544,18900.0,21.043189826225493,True,none,46.95625606625626,18.681274730466846,2.4042188021175215,55.51750084818306,23.35909915181692,18900.0,24.83621809166265,True,none,36.02178474582495,16.86008820948481,2.4975959706876547,76.80964742901213,2.0669525709878513,18900.0,2,289,9120,194,170
363,363,T-Motor,MN505-S KV320 (320),320.0,1300.0,1.8,0.038,0.225,complete,14x12E,12x10E,14.0,12.0,12.0,10.0,True,True,4.7992325887503355,4.7992325887503355,0.0,0.0,0.0,0.0,0.0,0.0,4.821404705180487,19.92124185772689,True,none,47.25591536490567,3.4510705272663063,9.362464043257678,27.86516338947494,51.01143661052504,8900.0,21.051156148177462,True,none,47.1843267454585,6.428866087715009,8.117246740195364,54.261952582218626,24.614647417781356,8900.0,23.513546966224105,True,none,39.233726517810275,9.95085228596303,4.740936972554129,78.25706243163614,0.6195375683638389,9100.0,18,1825,7584,1058,171
59,59,Planet-Hobby,Joker 5060-9 V3 (290),290.0,2080.0,0.8,0.0388,0.38,complete,14x14E,11x12E,14.0,14.0,11.0,12.0,True,True,4.7992325887503355,4.7992325887503355,0.0,0.0,0.0,0.0,0.0,0.0,4.976404705180487,19.940388689356176,True,none,47.73935920303091,4.43732170055776,8.17616431986833,28.402917588572407,50.473682411427575,8000.0,21.05104500654724,True,none,47.66313665419606,8.120416546236802,6.7507656664504205,55.35749481651656,23.519105183483425,8000.0,23.659929196834575,True,none,39.18943906954864,15.520997457954856,3.1691455143032496,77.35829772141113,1.5183022785888483,8300.0,12,1249,8160,770,172
194,194,Scorpion,M-4215-320² (320),320.0,1110.0,0.49,0.062,0.223,complete,20x15E,10x12WE,20.0,15.0,10.0,12.0,True,True,4.79921922486072,4.79921922486072,0.0,0.0,0.0,0.0,0.0,0.0,4.882525929180487,19.8664051955993,True,none,47.67828830702304,5.3232215845305095,5.742078446135574,34.97037708617243,43.906222913827555,6700.0,21.054941232084104,True,none,47.35879451124981,10.360538212852289,4.361930210269223,66.66741481619925,12.209185183800727,6600.0,23.439409063707643,True,none,39.40190439443533,17.318945389060495,2.671971408385225,76.4624759277676,2.414124072232383,9000.0,19,1921,7488,1058,173
366,366,T-Motor,MN605-S KV320 (320),320.0,1400.0,2.2,0.021,0.316,complete,14x12E,10x12WE,14.0,12.0,10.0,12.0,True,True,4.799179148421375,4.799179148421375,0.0,0.0,0.0,0.0,0.0,0.0,4.912404705180487,19.943976618496787,True,none,47.497393800927135,3.4740871110114444,9.480231982729366,29.024738247814152,49.851861752185826,9000.0,21.06045614298295,True,none,47.430592681307104,6.370372676615672,8.473235301788565,56.12885643765252,22.74774356234746,9000.0,23.89951610557942,True,none,38.456191923211776,17.175861552418986,2.8001562329959464,78.78444286072158,0.09215713927839886,9200.0,15,1537,7872,866,174
595,595,Turnigy,NTM PropDrive v2 5060-270 (270),270.0,2400.0,1.3,0.036,0.438,complete,20x22.5EP(CD),12x12E,20.0,22.5,12.0,12.0,True,True,4.799152443479168,4.799152443479168,0.0,0.0,0.0,0.0,0.0,0.0,5.097525929180486,19.97146390946145,True,none,48.05481845328569,2.7319820810626316,9.715402282425618,41.911780328894736,36.964819671105246,5300.0,21.063048626516448,True,none,47.99308361002338,4.901395701906994,10.939752478919416,75.63820663796902,3.238393362030962,5300.0,24.102894738647855,True,none,38.22919209158679,15.448015251668345,3.2268186684247646,74.74357908147455,4.133020918525432,7700.0,13,1345,8064,962,175
260,260,Scorpion,HK4025-550² (550),550.0,2850.0,0.9,0.035,0.326,complete,8x8E,8x6E,8.0,8.0,8.0,6.0,True,True,4.799032396644289,4.799032396644289,0.0,0.0,0.0,0.0,0.0,0.0,4.900264369180487,19.94204126228131,True,none,47.461213808852605,7.996940828102112,4.3115096591490865,28.014139630598496,50.86246036940149,15500.0,21.081588894747192,True,none,47.31543210267807,15.275154330951862,3.329819131351816,54.42383463293261,24.45276536706737,15500.0,23.983486678542334,True,none,38.26526092903116,15.536807637691842,2.9739844435011205,75.16429186905975,3.7123081309402295,15800.0,4,481,8928,386,176
83,83,Planet-Hobby,Joker 5060-6 V2 (500),500.0,1650.0,1.95,0.017,0.377,complete,11x12E,8x8E,11.0,12.0,8.0,8.0,True,True,4.798992426573951,4.798992426573951,0.0,0.0,0.0,0.0,0.0,0.0,4.958679929680486,19.966905539099866,True,none,47.57733426981389,3.7666415686756443,9.322655166172542,32.96100038610471,45.915599613895274,12200.0,21.088215773050393,True,none,47.47051827277492,6.930331900965996,7.598193015493519,63.216939816694314,15.659660183305668,12200.0,24.3318567527732,True,none,37.5462955858783,17.347826693321732,2.792737920205662,77.9204181527959,0.9561818472040784,14400.0,10,1057,8352,674,177
606,606,Turnigy,RotorStar 4956-550 / RS600 (550),550.0,3100.0,1.8,0.0186,0.395,complete,8x8E,8x6E,8.0,8.0,8.0,6.0,True,True,4.798965792493957,4.798965792493957,0.0,0.0,0.0,0.0,0.0,0.0,4.969264369180487,19.96352891123696,True,none,47.62757089930559,8.138112748776361,4.322303950455912,29.029018959025848,49.847581040974134,15700.0,21.09251019995469,True,none,47.487166732935655,15.39225334951954,3.413983356745221,56.09621064059906,22.78038935940092,15700.0,23.945771905887355,True,none,38.497877098767844,15.557446586425256,3.049318617854634,78.78450747791561,0.09209252208437135,15900.0,3,385,9024,290,178
445,445,T-Motor,V605-210 (210),210.0,3200.0,1.6,0.048,0.32,complete,20x22.5EP(CD),21x13.5EPN,20.0,22.5,21.0,13.5,True,True,4.798939168514106,4.798939168514106,0.0,0.0,0.0,0.0,0.0,0.0,4.979525929180487,19.990101103513457,True,none,47.56529770413169,2.2806215406897365,9.56616809277716,35.41526379876036,43.461336201239625,5200.0,21.09581493479765,True,none,47.50646422507047,4.129194009422781,11.019410507290448,64.68726111493875,14.189338885061233,5200.0,25.24557386626465,True,none,35.62383152111362,3.761353591326166,10.845471699598011,78.18654899845824,0.6900510015417467,5800.0,7,769,8640,482,179
117,117,Scorpion,SII-4020-540 (540),540.0,2405.0,1.67,0.0202,0.288,complete,14x14E,8x6E,14.0,14.0,8.0,6.0,True,True,4.798912554628655,4.798912554628655,0.0,0.0,0.0,0.0,0.0,0.0,4.884404705180486,19.972030949029246,True,none,47.29430783341134,3.0749801817158557,9.444152109445435,37.31948824526554,41.55711175473444,9300.0,21.099000011569583,True,none,47.20299855219708,5.704654100007871,8.887168793864964,70.25391697656372,8.622683023436267,9300.0,24.174018652456127,True,none,37.73712155485208,15.55880752691823,2.93812434154343,74.47815532358912,4.398444676410861,15600.0,4,481,8928,386,180
96,96,Scorpion,A-5025-215 (215),215.0,4000.0,1.05,0.035,0.523,complete,20x22.5EP(CD),14x14E,20.0,22.5,14.0,14.0,True,True,4.798846064040371,4.798846064040371,0.0,0.0,0.0,0.0,0.0,0.0,5.182525929180486,20.03064842102489,True,none,48.132144173702976,2.320841168763317,9.821496575595189,38.1672837876544,40.709316212345584,5400.0,21.109228902388082,True,none,48.08106365984725,4.073775332247617,11.241780594431798,68.8278612672637,10.048738732736282,5400.0,24.70942978232089,True,none,37.00748183660774,14.545549584079637,3.5533795145481935,70.51061815031072,8.365981849689263,6200.0,7,769,8640,482,181
297,297,T-Motor,Antigravity 5008-400 (400),400.0,800.0,1.1,0.05,0.132,complete,14x14E,9x9E,14.0,14.0,9.0,9.0,True,True,4.798832773481326,4.798832773481326,0.0,0.0,0.0,0.0,0.0,0.0,4.728404705180487,19.89528927050056,True,none,47.01729285023706,7.405759044515229,3.9796284555100687,31.485472551096386,47.391127448903596,8000.0,21.11147469862057,True,none,46.68162989650885,15.020049583734536,2.9074206836934895,59.964444507862744,18.912155492137238,7900.0,23.395467950953588,True,none,39.80293038291865,16.202806358449216,2.7222706534429864,76.41499065860567,2.4616093413943076,11400.0,20,2017,7392,962,182
402,402,T-Motor,MN5008-400 (400),400.0,800.0,1.1,0.05,0.132,complete,14x14E,9x9E,14.0,14.0,9.0,9.0,True,True,4.798832773481326,4.798832773481326,0.0,0.0,0.0,0.0,0.0,0.0,4.728404705180487,19.89528927050056,True,none,47.01729285023706,7.405759044515229,3.9796284555100687,31.485472551096386,47.391127448903596,8000.0,21.11147469862057,True,none,46.68162989650885,15.020049583734536,2.9074206836934895,59.964444507862744,18.912155492137238,7900.0,23.395467950953588,True,none,39.80293038291865,16.202806358449216,2.7222706534429864,76.41499065860567,2.4616093413943076,11400.0,20,2017,7392,962,183
568,568,T-Motor,MT3515-15² (400),400.0,610.0,0.3,0.116,0.188,complete,10x12WE,11x8.5E,10.0,12.0,11.0,8.5,True,True,4.798806199916121,4.798806199916121,0.0,0.0,0.0,0.0,0.0,0.0,4.766540929180487,19.919653023137187,True,none,47.06546656811849,8.617354943042155,3.6047410092908434,27.680886193432926,51.195713806567056,10100.0,21.1161672372002,True,none,46.780920786610906,17.24526692924301,2.6807917936565784,53.446887311800324,25.429712688199658,10000.0,23.489762317082885,True,none,39.20470714857265,11.675814640430797,3.601945236960126,76.5764540586138,2.3001459413861767,11000.0,17,1729,7680,770,184
158,158,Scorpion,HK5-4030-475 (475),475.0,6900.0,2.45,0.0189,0.423,complete,9x9E,8x8E,9.0,9.0,8.0,8.0,True,True,4.798806199916121,4.798806199916121,0.0,0.0,0.0,0.0,0.0,0.0,4.999105322680487,19.995726521619435,True,none,47.61383654125428,7.031439152961319,5.099975798418498,29.37569665307151,49.50090334692847,13500.0,21.115752010024238,True,none,47.49274664149719,13.112522485888759,4.0878654829492325,56.640180679861466,22.236419320138516,13500.0,24.73580901434716,True,none,36.72059235866661,20.41748607403867,2.3661018943417287,75.78243985169304,3.0941601483069405,13600.0,7,769,8640,386,185
300,300,T-Motor,Antigravity 6007-320 (320),320.0,935.0,1.4,0.05,0.18,complete,14x14E,10x12WE,14.0,14.0,10.0,12.0,True,True,4.798753082977225,4.798753082977225,0.0,0.0,0.0,0.0,0.0,0.0,4.776404705180487,19.9675478864306,True,none,46.92708603228458,4.726064568916017,6.5436432346655975,27.852194865759174,51.02440513424081,8300.0,21.124899789835432,True,none,46.77958824599219,9.144098800173314,5.104562010531252,54.44620077103109,24.430399228968895,8200.0,23.395713965285353,True,none,39.418728908625795,16.54752980507782,2.7822640001847905,77.8835788341577,0.9930211658422792,9000.0,17,1729,7680,962,186
408,408,T-Motor,MN6007-320 (320),320.0,935.0,1.4,0.05,0.18,complete,14x14E,10x12WE,14.0,14.0,10.0,12.0,True,True,4.798753082977225,4.798753082977225,0.0,0.0,0.0,0.0,0.0,0.0,4.776404705180487,19.9675478864306,True,none,46.92708603228458,4.726064568916017,6.5436432346655975,27.852194865759174,51.02440513424081,8300.0,21.124899789835432,True,none,46.77958824599219,9.144098800173314,5.104562010531252,54.44620077103109,24.430399228968895,8200.0,23.395713965285353,True,none,39.418728908625795,16.54752980507782,2.7822640001847905,77.8835788341577,0.9930211658422792,9000.0,17,1729,7680,962,187
196,196,Scorpion,MII-4015-340² (340),340.0,1260.0,0.47,0.108,0.194,complete,14x12E,10x12WE,14.0,12.0,10.0,12.0,True,True,4.798726539592103,4.798726539592103,0.0,0.0,0.0,0.0,0.0,0.0,4.790404705180487,19.988909589607967,True,none,46.89959006441291,3.6824235519833746,8.836158353508873,27.02513729369436,51.851462706305625,8900.0,21.127430934821856,True,none,46.813074741571704,6.94656786388092,7.220333480478966,53.16182205345361,25.71477794654637,8900.0,23.50989491839553,True,none,39.160224952076796,15.831582547501426,2.870415572214523,76.70927367004788,2.167326329952104,9300.0,23,2305,7104,962,188
236,236,Scorpion,M-4015-340² (340),340.0,1730.0,0.47,0.108,0.194,complete,14x12E,10x12WE,14.0,12.0,10.0,12.0,True,True,4.798726539592103,4.798726539592103,0.0,0.0,0.0,0.0,0.0,0.0,4.790404705180487,19.988909589607967,True,none,46.89959006441291,3.6824235519833746,8.836158353508873,27.02513729369436,51.851462706305625,8900.0,21.127430934821856,True,none,46.813074741571704,6.94656786388092,7.220333480478966,53.16182205345361,25.71477794654637,8900.0,23.50989491839553,True,none,39.160224952076796,15.831582547501426,2.870415572214523,76.70927367004788,2.167326329952104,9300.0,19,1921,7488,770,189
186,186,Scorpion,HKIII-5025-520 F3S Ed² (520),520.0,11840.0,2.2,0.009,0.595,complete,14x14E,9x6E,14.0,14.0,9.0,6.0,True,True,4.798673482961962,4.798673482961962,0.0,0.0,0.0,0.0,0.0,0.0,5.191404705180487,20.04916338272849,True,none,48.093208585714066,3.525745876718984,9.83251274657628,39.240389968326845,39.63621003167314,9500.0,21.13678651379307,True,none,48.004055686584515,6.275779270847137,8.989443590638366,73.85110320367306,5.0254967963269195,9500.0,24.956233101747614,True,none,36.55504666483036,12.234193170836612,4.156290446700918,77.12431198768034,1.7522880123196387,15000.0,6,673,8736,386,190
630,630,Turnigy,SK3-5055-280 (280),280.0,1630.0,1.6,0.031,0.376,complete,14x14E,11x12E,14.0,14.0,11.0,12.0,True,True,4.798660225079456,4.798660225079456,0.0,0.0,0.0,0.0,0.0,0.0,4.9724047051804865,20.023867221802234,True,none,47.41517957449767,4.591755796475754,7.712872946018101,27.99163227983549,50.8849677201645,7900.0,21.137010480355087,True,none,47.33270327401122,8.461055381789944,6.347339742177124,54.527710866960305,24.348889133039677,7900.0,23.832113529589208,True,none,38.75205042113526,16.961326862775568,2.837658732838383,76.84482992073643,2.031770079263552,8000.0,15,1537,7872,866,191
235,235,Scorpion,M-4010-360² (360),360.0,1550.0,0.34,0.152,0.152,complete,14x12E,11x10E,14.0,12.0,11.0,10.0,True,True,4.798567490102506,4.798567490102506,0.0,0.0,0.0,0.0,0.0,0.0,4.748404705180487,20.004402047459415,True,none,46.69549394274664,3.765491702389971,8.632975988431681,27.462728524160855,51.41387147583913,8900.0,21.151561389698742,True,none,46.59929147821674,7.144582244600876,6.82663128553407,53.72058019000575,25.156019809994234,8900.0,23.47178843001211,True,none,39.17151507589723,12.014790661140072,3.698707719416859,75.56260655569253,3.3139934443074566,9700.0,18,1825,7584,770,192
688,688,Turnigy,TR5065-08² (320),320.0,1700.0,1.9,0.034,0.31,complete,14x12E,10x12WE,14.0,12.0,10.0,12.0,True,True,4.798448439643737,4.798448439643737,0.0,0.0,0.0,0.0,0.0,0.0,4.906404705180487,20.05131370083593,True,none,47.082394242598944,3.55860582288525,9.472512150235543,28.303211436558335,50.57338856344165,8900.0,21.169668554306064,True,none,47.01276571076284,6.580385960316864,8.019269202247646,54.96420369797575,23.912396302024234,8900.0,23.836361289439886,True,none,38.59751518951491,17.524097823776856,2.7085277723189707,78.21448103283136,0.6621189671686238,9100.0,14,1441,7968,770,193
172,172,Scorpion,M-3011-760 (760),760.0,634.0,0.66,0.2201,0.087,complete,7x7E,7x6E,7.0,7.0,7.0,6.0,True,True,4.798395593287374,4.798395593287374,0.0,0.0,0.0,0.0,0.0,0.0,4.659909327680487,19.96033065325203,True,none,46.539338152170686,9.298684313540035,3.1469855413618837,27.84669338037042,51.02990661962956,18400.0,21.177737801620925,True,none,46.23971558893323,19.18469414289256,2.2726057142551257,54.26884091473244,24.60775908526754,18400.0,24.1537431585246,True,none,37.379278411977985,16.16224930187276,2.658482693128442,76.39887133752693,2.477728662473055,19100.0,2,289,9120,194,194
398,398,T-Motor,MN4120-465 (465),465.0,1200.0,1.4,0.024,0.253,complete,9x9E,8x8E,9.0,9.0,8.0,8.0,True,True,4.79838238793605,4.79838238793605,0.0,0.0,0.0,0.0,0.0,0.0,4.829105322680487,20.035454611600727,True,none,46.86826654000954,6.651199697128421,4.97268927235486,26.948718784558142,51.92788121544184,13200.0,21.1798924059702,True,none,46.74205227137252,12.755651549314297,3.94601995282425,52.543153061933424,26.333446938066558,13200.0,23.73160561007365,True,none,38.72585017549261,19.95929725856847,2.288213341056594,76.17572078890812,2.700879211091859,13400.0,24,2401,7008,1250,195
559,559,T-Motor,AT4120-550² (550),550.0,2100.0,1.3,0.036,0.286,complete,8x8E,8x6E,8.0,8.0,8.0,6.0,True,True,4.798197774534272,4.798197774534272,0.0,0.0,0.0,0.0,0.0,0.0,4.860264369180487,20.06279642503558,True,none,46.87904798646457,7.861410162017508,4.274335551827159,27.552638865360052,51.32396113463993,15500.0,21.208367889027787,True,none,46.73394382577055,15.122438233274128,3.3546192716069365,53.47340749611149,25.40319250388849,15500.0,23.974435727864428,True,none,38.205105751855506,15.264285490687882,2.9996981544418806,75.04287232924598,3.8337276707540013,15800.0,5,577,8832,386,196
206,206,Scorpion,A-4220-540² (540),540.0,2553.0,1.54,0.0182,0.288,complete,14x14E,8x6E,14.0,14.0,8.0,6.0,True,True,4.798197774534272,4.798197774534272,0.0,0.0,0.0,0.0,0.0,0.0,4.884404705180486,20.08238058394155,True,none,46.89284861760544,3.070809645807329,9.444152109445435,36.570445780181146,42.306154219818836,9300.0,21.20862330944604,True,none,46.805691604618595,5.702096720103672,8.887168793864964,68.86342469341425,10.013175306585737,9300.0,24.176530951657178,True,none,37.73125346972025,15.557396388151297,2.93812434154343,74.16201082843311,4.714589171566871,15600.0,4,481,8928,386,197
63,63,Planet-Hobby,Joker 6360-8 V3 (280),280.0,3200.0,1.4,0.0178,0.64,complete,14x14E,11x12E,14.0,14.0,11.0,12.0,True,True,4.798145117350346,4.798145117350346,0.0,0.0,0.0,0.0,0.0,0.0,5.236404705180487,20.136291636244152,True,none,47.921571141162794,5.156368466232836,7.824349505433126,29.797501220771856,49.079098779228126,7900.0,21.215822913360487,True,none,47.843765943052716,9.120673190280677,6.509803662011034,57.53838344784825,21.338216552151735,7900.0,24.346000083434006,True,none,38.04244158691425,18.83133160629382,2.789689434884145,76.58501813043262,2.2915818695673664,8100.0,13,1345,8064,866,198
252,252,Scorpion,S-4025-14² (390),390.0,2000.0,0.95,0.028,0.35,complete,12x10E,11x8E,12.0,10.0,11.0,8.0,True,True,4.79813195925867,4.79813195925867,0.0,0.0,0.0,0.0,0.0,0.0,4.935631065180487,20.101435660634642,True,none,47.002653128431135,4.091276100491378,8.686219375818826,27.619869524165008,51.25673047583497,11000.0,21.218867622127263,True,none,46.92300775714524,7.527993940387683,7.136318243481986,53.927982816727805,24.948617183272177,11000.0,23.691628445355484,True,none,39.04605491393268,9.883320678484132,4.8844781161002615,77.28164197096915,1.5949580290308347,11200.0,18,1825,7584,674,199
24,24,Cobra,C-4130/16 (390),390.0,1630.0,1.12,0.032,0.398,complete,12x10E,11x8E,12.0,10.0,11.0,8.0,True,True,4.79813195925867,4.79813195925867,0.0,0.0,0.0,0.0,0.0,0.0,4.983631065180487,20.106753396942707,True,none,47.150563605071575,4.2232985259332345,8.421283806319993,28.41146131020952,50.465138689790464,10900.0,21.21814194999047,True,none,47.070235862745,7.766523348563299,6.920446145287635,55.11827695873001,23.758323041269975,10900.0,23.737889626156637,True,none,39.031995200012524,10.117653178733505,4.843182917206882,78.40591580116339,0.47068419883659374,11200.0,20,2017,7392,866,200
368,368,T-Motor,MN701-S KV280 (280),280.0,1600.0,2.0,0.023,0.355,complete,14x14E,11x12E,14.0,14.0,11.0,12.0,True,True,4.798118803647314,4.798118803647314,0.0,0.0,0.0,0.0,0.0,0.0,4.951404705180487,20.10523917468068,True,none,47.04380981771976,4.524856747234955,7.97660867184443,28.088182608701654,50.788417391298324,7900.0,21.220448267162723,True,none,46.96478200803218,8.305890737285392,6.570935106290743,54.59035153071731,24.286248469282675,7900.0,23.826313524558408,True,none,38.72252465245231,16.427491375542203,2.951986555777708,77.22878383735078,1.6478161626492067,8000.0,14,1441,7968,866,201
163,163,Scorpion,HK5-4035-535 (535),535.0,8200.0,3.18,0.0128,0.475,complete,14x14E,8x8E,14.0,14.0,8.0,8.0,True,True,4.798118803647314,4.798118803647314,0.0,0.0,0.0,0.0,0.0,0.0,5.071404705180487,20.11946749821073,True,none,47.40964925788701,3.45511192881863,9.682565089452808,39.11536690219725,39.76123309780273,9300.0,21.220444915644418,True,none,47.326706051454224,6.260753609658355,8.669773616377526,73.26555858301278,5.611041416987206,9300.0,25.331789264462344,True,none,35.53834410219081,15.444009343448062,3.2803580517634274,78.46676988568242,0.40983011431755756,15300.0,4,481,8928,386,202
257,257,Scorpion,S-4035-250² (250),250.0,3200.0,0.69,0.037,0.435,complete,20x15E,14x14E,20.0,15.0,14.0,14.0,True,True,4.798066205991054,4.798066205991054,0.0,0.0,0.0,0.0,0.0,0.0,5.094525929180487,20.14046629545467,True,none,47.41261036162266,1.9790600249688275,9.711636602774968,33.67347730585742,45.203122694142564,6700.0,21.227753636400926,True,none,47.369662815578494,3.5217761575732647,11.145928469771999,61.780669505404404,17.095930494595578,6700.0,24.222433911414683,True,none,37.960173134907635,10.175225449232794,5.036961188629734,76.14925019590076,2.7273498040992195,7100.0,9,961,8448,770,203
405,405,T-Motor,MN5208-340 (340),340.0,850.0,0.9,0.093,0.145,complete,12x12E,11x10E,12.0,12.0,11.0,10.0,True,True,4.798053062770777,4.798053062770777,0.0,0.0,0.0,0.0,0.0,0.0,4.730631065180487,20.072256283649914,True,none,46.391964361273814,5.21593747591715,6.121333941318725,25.80593497820383,53.07066502179615,9200.0,21.229701251546217,True,none,46.26944636145131,10.06692257715763,4.914298537150457,50.61491923590558,28.2616807640944,9200.0,23.343777562842092,True,none,39.480870316788995,12.286861474932486,3.703712695505407,76.21204324089837,2.6645567591016146,9500.0,21,2113,7296,962,204
564,564,T-Motor,HT4035-5.5² (530),530.0,3440.0,2.5,0.016,0.45,complete,14x14E,8x6E,14.0,14.0,8.0,6.0,True,True,4.7980136479638436,4.7980136479638436,0.0,0.0,0.0,0.0,0.0,0.0,5.046404705180487,20.129882735062335,True,none,47.284388068897464,3.3399968419682384,9.65103276009726,38.411281150789996,40.465318849209986,9400.0,21.236577447975527,True,none,47.19219414534302,6.060903205763844,8.928136367620791,72.144639634829,6.731960365170977,9400.0,24.560903740965934,True,none,37.16301341420809,17.591309227727706,2.658909401382139,76.54522719406621,2.3313728059337677,15300.0,4,481,8928,386,205
407,407,T-Motor,MN5212-340 (340),340.0,840.0,1.1,0.069,0.205,complete,12x12E,11x10E,12.0,12.0,11.0,10.0,True,True,4.797987383797139,4.797987383797139,0.0,0.0,0.0,0.0,0.0,0.0,4.790631065180487,20.104047263699236,True,none,46.48858274305336,5.187984525036393,6.37129560885553,26.261646691685584,52.6149533083144,9400.0,21.2391835820831,True,none,46.41542789766626,9.87966162554312,5.143809328050795,51.27211388758556,27.60448611241442,9400.0,23.705787727629694,True,none,38.703504757248254,12.237709256906022,3.7777970826398257,74.77653503119912,4.100064968800865,9600.0,25,2497,6912,1058,206
562,562,T-Motor,HT4025-7² (650),650.0,2850.0,1.8,0.026,0.361,complete,7x15E,7x6E,7.0,15.0,7.0,6.0,True,True,4.797987383797139,4.797987383797139,0.0,0.0,0.0,0.0,0.0,0.0,4.933909327680487,20.026263021389717,True,none,47.27060482663378,11.250624505002268,3.0712758560052857,36.6138948166997,42.262705183300284,17800.0,21.239932500170774,True,none,46.841882137446056,21.901442880074825,2.348224683221109,68.51644382517163,10.360156174828347,17800.0,24.255576360305923,True,none,37.68921429487878,18.39566045653367,2.5457851929207616,78.34570362974581,0.5308963702541689,18600.0,6,673,8736,194,207
265,265,Scorpion,HK4525-520² (520),520.0,10200.0,1.77,0.014,0.47,complete,14x14E,9x6E,14.0,14.0,9.0,6.0,True,True,4.797895537064547,4.797895537064547,0.0,0.0,0.0,0.0,0.0,0.0,5.066404705180487,20.14914921757776,True,none,47.28313200224692,3.268728140732728,9.676266844009954,37.797449740757784,41.0791502592422,9500.0,21.253418459137976,True,none,47.1908353500021,5.91387179568104,9.134419367565355,70.93584539833918,7.9407546016607995,9500.0,24.399143560937947,True,none,37.57556983865932,11.717055378163744,4.1712166226035,77.91960111885106,0.9569988811489196,15000.0,6,673,8736,386,208
692,692,Turnigy,TR6364-08² (270),270.0,2530.0,2.5,0.031,0.645,complete,20x22.5EP(CD),11x12E,20.0,22.5,11.0,12.0,True,True,4.7978562112091465,4.7978562112091465,0.0,0.0,0.0,0.0,0.0,0.0,5.304525929180487,19.76803226186272,True,none,49.60211712260514,3.093103626664485,9.971800532227084,43.72658856432954,35.15001143567044,5400.0,21.259005593952082,True,none,47.887969983597316,5.457071557209817,10.664332558514142,75.1884374743214,3.688162525678578,5400.0,24.542751267379764,True,none,37.59055347512402,20.888332482822086,2.4892672162536003,77.06874989689854,1.807850103101444,7700.0,12,1249,8160,866,209
246,246,Scorpion,S-4020-10² (630),630.0,1500.0,1.6,0.016,0.305,complete,11x12E,7x6E,11.0,12.0,7.0,6.0,True,True,4.797843107522904,4.797843107522904,0.0,0.0,0.0,0.0,0.0,0.0,4.886679929680486,20.126036017316654,True,none,46.74379559383539,5.296022551122532,6.23298999946059,36.15923088091789,42.71736911908209,10500.0,21.261727625148197,True,none,46.62241628703011,10.034849876766021,4.927122686708586,67.69497251532472,11.18162748467526,10400.0,24.046506867973584,True,none,38.069120771140675,19.05159246322979,2.398549238246714,77.15850514005993,1.7180948599400523,18200.0,14,1441,7968,674,210
533,533,T-Motor,MT3515-9² (650),650.0,650.0,1.2,0.049,0.188,complete,7x7E,7x6E,7.0,7.0,7.0,6.0,True,True,4.797816907544579,4.797816907544579,0.0,0.0,0.0,0.0,0.0,0.0,4.760909327680487,20.1746565732607,True,none,46.432415009701096,9.383248560207896,3.4198989262498607,26.83216548008954,52.04443451991044,18200.0,21.265086190421435,True,none,46.23558430112383,18.624322671310644,2.608978466852789,52.15547008369517,26.72112991630481,18200.0,23.73747489149423,True,none,38.57143099695418,17.512141002144887,2.5539605252737494,77.03705693691765,1.8395430630823313,18400.0,6,673,8736,386,211
136,136,Scorpion,HK-4540-400 Ultimate (400),400.0,13000.0,2.28,0.0124,0.719,complete,12x12E,11x7E,12.0,12.0,11.0,7.0,True,True,4.797816907544579,4.797816907544579,0.0,0.0,0.0,0.0,0.0,0.0,5.304631065180486,20.19089978061099,True,none,47.952541642686846,4.505750502175622,9.166638380972595,32.85694434803149,46.01965565196849,11000.0,21.266409252771645,True,none,47.8604519153244,7.875412199624845,7.708277026184621,62.64875702764858,16.227842972351404,11000.0,25.03036530680099,True,none,36.62640724024334,11.630829871645778,4.495206425189202,77.99390810560845,0.8826918943915274,11600.0,13,1345,8064,578,212
585,585,Turnigy,L3040A-480G (480),480.0,1000.0,0.8,0.082,0.194,complete,9x9E,8x8E,9.0,9.0,8.0,8.0,True,True,4.797790717420502,4.797790717420502,0.0,0.0,0.0,0.0,0.0,0.0,4.770105322680487,20.113720017640397,True,none,46.3830521431366,6.743635148655977,4.846444598365325,26.270933995521112,52.60566600447887,13100.0,21.270662580253763,True,none,46.24338390975389,13.034744582491815,3.8258447747866007,51.30442869874643,27.572171301253555,13100.0,23.3597452180163,True,none,40.0359166609514,19.342391994550063,2.3197274364162723,78.61126375663649,0.2653362433634925,13400.0,23,2305,7104,1154,213
356,356,T-Motor,F1000-545 (545),545.0,2400.0,2.5,0.03,0.42,complete,8x8E,8x6E,8.0,8.0,8.0,6.0,True,True,4.797777626052068,4.797777626052068,0.0,0.0,0.0,0.0,0.0,0.0,4.994264369180486,20.141803861274447,True,none,47.05993136241729,8.605190633135017,4.082793674832955,29.23892646566606,49.63767353433392,15400.0,21.271130842314133,True,none,46.91023055751729,16.314330289943133,3.2095524855061592,56.23244661382109,22.644153386178893,15400.0,24.210695658347824,True,none,37.914089947520885,16.61658769376077,2.8552963196773633,78.51041032218039,0.366189677819591,15600.0,4,481,8928,386,214
364,364,T-Motor,MN601-S KV320 (320),320.0,1200.0,1.6,0.039,0.246,complete,14x12E,12x10E,14.0,12.0,12.0,10.0,True,True,4.797764537145112,4.797764537145112,0.0,0.0,0.0,0.0,0.0,0.0,4.842404705180487,20.159537471175007,True,none,46.47124823146548,3.4997939604176835,9.389772361261453,27.438190219662104,51.43840978033788,8900.0,21.273515395510675,True,none,46.44849636583299,6.495527272787844,8.092817940094847,53.29033593539829,25.586264064601693,8900.0,23.53260293360629,True,none,39.231146856898654,10.051686718523468,4.723350828850339,78.29900289647321,0.5775971035267702,9100.0,20,2017,7392,1058,215
330,330,T-Motor,AT5220-A-380 (380),380.0,2200.0,4.0,0.011,0.465,complete,12x10E,9x9E,12.0,10.0,9.0,9.0,True,True,4.797764537145112,4.797764537145112,0.0,0.0,0.0,0.0,0.0,0.0,5.050631065180487,20.17147703777838,True,none,47.14691668943743,4.38401233215002,8.322668432091781,30.087741096925505,48.78885890307448,10800.0,21.274615319725136,True,none,47.06628845345289,7.985332083540296,6.8530910710750765,57.8660343878441,21.01056561215588,10800.0,24.664791414285602,True,none,36.9608002308102,20.949908819948593,2.31904237156122,78.62846892791836,0.24813107208161966,11000.0,14,1441,7968,578,216
332,332,T-Motor,AT5220-B-380 (380),380.0,2200.0,4.0,0.011,0.465,complete,12x10E,9x9E,12.0,10.0,9.0,9.0,True,True,4.797764537145112,4.797764537145112,0.0,0.0,0.0,0.0,0.0,0.0,5.050631065180487,20.17147703777838,True,none,47.14691668943743,4.38401233215002,8.322668432091781,30.087741096925505,48.78885890307448,10800.0,21.274615319725136,True,none,47.06628845345289,7.985332083540296,6.8530910710750765,57.8660343878441,21.01056561215588,10800.0,24.664791414285602,True,none,36.9608002308102,20.949908819948593,2.31904237156122,78.62846892791836,0.24813107208161966,11000.0,14,1441,7968,578,217
22,22,Cobra,C-4130/12 (540),540.0,1920.0,1.85,0.019,0.398,complete,8x8E,8x6E,8.0,8.0,8.0,6.0,True,True,4.797751450698939,4.797751450698939,0.0,0.0,0.0,0.0,0.0,0.0,4.972264369180487,20.145413600337555,True,none,46.97062986252801,8.481602196849984,4.17437889648286,28.401230994498757,50.47536900550122,15400.0,21.27684099211058,True,none,46.82390258615944,16.042726134208504,3.2858351440797975,54.73361190016727,24.142988099832714,15400.0,24.277313056577057,True,none,37.71426632688873,16.437057747323234,2.868909820025625,76.24468175109294,2.6319182489070414,15600.0,5,577,8832,386,218
324,324,T-Motor,AT4120-250 (Long Shaft) (250),250.0,2100.0,1.0,0.076,0.305,complete,20x15E,14x14E,20.0,15.0,14.0,14.0,True,True,4.79772528518617,4.79772528518617,0.0,0.0,0.0,0.0,0.0,0.0,4.964525929180486,20.1729362513516,True,none,46.844550578762984,2.183527297249684,9.547030530707229,31.984688330503033,46.89191166949695,6500.0,21.28048985025558,True,none,46.78768678446475,3.9801848731901592,11.002800911730217,58.67741336008268,20.1991866399173,6500.0,23.783899788006956,True,none,38.75313339104743,10.269324095622585,4.7819791418590265,77.53651293826076,1.3400870617392258,6900.0,11,1153,8256,770,219
338,338,T-Motor,AT7215-245 (245),245.0,5000.0,2.4,0.02,0.555,complete,20x22.5EP(CD),16x12E,20.0,22.5,16.0,12.0,True,True,4.797646847634549,4.797646847634549,0.0,0.0,0.0,0.0,0.0,0.0,5.214525929180486,20.21388532946496,True,none,47.55575445598064,2.644460107667717,9.861142210943582,39.82164571638528,39.054954283614705,5400.0,21.291345951080906,True,none,47.49617673831534,4.6760793935841,11.276433906752995,71.7055723804939,7.171027619506077,5400.0,24.98841623177016,True,none,36.47672651642624,6.722385353230833,7.622226608902197,76.51836140118522,2.358238598814765,7000.0,8,865,8544,770,220
141,141,Scorpion,HKII-4235-520 Ltd Ed (520),520.0,5785.0,3.66,0.0123,0.519,complete,14x14E,8x6E,14.0,14.0,8.0,6.0,True,True,4.797633783304233,4.797633783304233,0.0,0.0,0.0,0.0,0.0,0.0,5.115404705180487,20.196152399506182,True,none,47.280027247225455,3.4520507002806124,9.737813997583082,39.169554017386346,39.707045982613636,9400.0,21.294548486244693,True,none,47.187483238376295,6.210842944879238,8.84861279409666,73.15649527766256,5.720104722337425,9400.0,24.99025503121183,True,none,36.3398774280941,19.197933004502687,2.504906316409503,77.55022369910064,1.3263763008993408,15000.0,6,673,8736,386,221
100,100,Scorpion,A-5524-315 (V2) (315),315.0,4662.0,3.49,0.0133,0.655,complete,14x12E,11x10E,14.0,12.0,11.0,10.0,True,True,4.797633783304233,4.797633783304233,0.0,0.0,0.0,0.0,0.0,0.0,5.251404705180486,20.21780989686128,True,none,47.66803014128877,4.184562832278715,9.675022796347173,31.309841336837085,47.5667586631629,8900.0,21.293327038302053,True,none,47.59953770141844,7.370681374254049,7.867414931420277,60.08213820388813,18.794461796111854,8900.0,25.032558992009896,True,none,36.506456665557465,16.703264334566505,3.139152159917112,77.47012355417843,1.4064764458215535,9100.0,12,1249,8160,770,222
153,153,Scorpion,HK5-4026-385 (385),385.0,4050.0,1.53,0.0348,0.368,complete,12x10E,9x9E,12.0,10.0,9.0,9.0,True,True,4.797620721427774,4.797620721427774,0.0,0.0,0.0,0.0,0.0,0.0,4.9536310651804865,20.179673787533588,True,none,46.78278901902997,4.3189694788642665,8.273957224049704,27.99800316747578,50.8785968325242,10800.0,21.29649021016855,True,none,46.697870720001646,7.93819380077983,6.784054976815752,54.32039510874412,24.55620489125586,10800.0,23.917167772427845,True,none,38.51564899812891,19.80016298842334,2.370363656944408,75.99150718425605,2.8850928157439313,11000.0,17,1729,7680,674,223
43,43,Cobra,CM-4520/18 (310),310.0,1000.0,0.99,0.044,0.34,complete,14x12E,10x12WE,14.0,12.0,10.0,12.0,True,True,4.797594605033658,4.797594605033658,0.0,0.0,0.0,0.0,0.0,0.0,4.936404705180487,20.1896420804983,True,none,46.68780339644362,4.063796398969638,8.3417287204376,27.16317289531402,51.71342710468596,8700.0,21.300723299050944,True,none,46.63151035908774,7.582317812563951,6.6350192382136965,52.95979046881378,25.916809531186203,8700.0,23.408835110796794,True,none,39.73743384175989,19.165585815907015,2.4380579426760276,78.70338348095277,0.1732165190472159,8800.0,16,1633,7776,1058,224
94,94,Scorpion,A-4225-250 (V2) (250),250.0,3108.0,0.74,0.0486,0.35,complete,20x15E,14x14E,20.0,15.0,14.0,14.0,True,True,4.797555448829131,4.797555448829131,0.0,0.0,0.0,0.0,0.0,0.0,5.009525929180486,20.206022916674005,True,none,46.88015585306401,1.9776512842477048,9.604328817220464,32.32975795743128,46.5468420425687,6700.0,21.305044725956094,True,none,46.833544086259366,3.5863701009215223,11.052554816792668,59.580594452080256,19.296005547919727,6700.0,24.127559326408573,True,none,38.01499921258212,9.880505277369693,5.106307061888014,75.46637691538531,3.410223084614671,7000.0,9,961,8448,770,225
471,471,T-Motor,MN4010-11² (475),475.0,540.0,0.8,0.098,0.112,complete,9x9E,8x8E,9.0,9.0,8.0,8.0,True,True,4.797516314672018,4.797516314672018,0.0,0.0,0.0,0.0,0.0,0.0,4.688105322680487,20.552868465271644,True,none,44.61680228938908,9.013112428630063,3.2257113831476447,24.69095106201787,54.18564893798211,12900.0,21.312200165150628,True,none,45.856013853339064,18.589580331668856,2.347850164818568,50.5640262715343,28.31257372846568,12900.0,23.37109257940799,True,none,39.32180678597177,19.368604893378446,2.192654094100415,75.46203505838281,3.414564941617172,13200.0,8,865,8544,386,226
667,667,Turnigy,SK6354-13² (250),250.0,2450.0,1.7,0.053,0.558,complete,20x15E,14x12E,20.0,15.0,14.0,12.0,True,True,4.797490237473311,4.797490237473311,0.0,0.0,0.0,0.0,0.0,0.0,5.2175259291804865,20.241366315764232,True,none,47.46429726108335,2.275896490299438,9.86485082043594,34.4421132595498,44.43448674045018,6700.0,21.316080803333406,True,none,47.41378691976598,3.9924228416801757,11.279677196550042,63.150412367354406,15.726187632645576,6700.0,24.550880347207578,True,none,37.43388798519595,11.33016296306334,4.613077616327995,75.99298931627501,2.8836106837249673,7100.0,9,961,8448,770,227
632,632,Turnigy,SK3-5065-275 (275),275.0,2050.0,2.2,0.017,0.531,complete,14x14E,11x12E,14.0,14.0,11.0,12.0,True,True,4.797477202543701,4.797477202543701,0.0,0.0,0.0,0.0,0.0,0.0,5.127404705180487,20.22384429867046,True,none,47.21984547096046,5.044130266677513,7.508518266700457,29.012055649229435,49.864544350770544,7800.0,21.317514285404677,True,none,47.13950963303425,9.10053307907063,6.207334488417032,55.85271916675605,23.02388083324393,7800.0,24.174851314854976,True,none,38.23533760817113,18.47387497969205,2.750004067607218,78.1301564015129,0.7464435984870761,7900.0,14,1441,7968,866,228
665,665,Turnigy,SK5065-07² (320),320.0,1885.0,1.6,0.03,0.43,complete,14x12E,10x12WE,14.0,12.0,10.0,12.0,True,True,4.797464170059669,4.797464170059669,0.0,0.0,0.0,0.0,0.0,0.0,5.026404705180487,20.216971602384973,True,none,46.89855974989315,3.790613076910282,9.625732524668175,28.314335955751616,50.562264044248366,8900.0,21.320276867441326,True,none,46.8289385821122,6.857268493619678,8.112667885919144,54.895624114423185,23.980975885576797,8900.0,23.93909011217568,True,none,38.59493078649068,18.167216968965832,2.7365696251792397,78.6798447141254,0.19675528587458757,9100.0,13,1345,8064,674,229
387,387,T-Motor,MN3520-400 (400),400.0,1140.0,1.2,0.082,0.192,complete,12x10E,11x8E,12.0,10.0,11.0,8.0,True,True,4.797438112425586,4.797438112425586,0.0,0.0,0.0,0.0,0.0,0.0,4.777631065180487,20.181297777272114,True,none,46.17163863498073,4.101660395350136,7.952687011199123,26.512590231195034,52.36400976880495,10700.0,21.324606372104576,True,none,46.07712453057517,7.78927101946819,6.45560805421846,51.765650321701166,27.110949678298816,10700.0,23.575234830002117,True,none,38.99899444121264,9.59607022702101,4.659694939274948,76.83231042953291,2.044289570467072,11200.0,23,2305,7104,1154,230
389,389,T-Motor,MN4010-475 (475),475.0,540.0,0.8,0.098,0.137,complete,9x9E,8x8E,9.0,9.0,8.0,8.0,True,True,4.7973599981456845,4.7973599981456845,0.0,0.0,0.0,0.0,0.0,0.0,4.713105322680486,20.578969736597156,True,none,44.612673882306176,9.160341224163695,3.205687649595758,24.8566958724955,54.01990412750448,12900.0,21.33537036243668,True,none,45.8497403832783,18.828171371160416,2.2665825316021024,50.8070907179402,28.069509282059784,12900.0,23.395053436961597,True,none,39.31621928779365,19.63025869419272,2.179431170923155,75.87818393445579,2.998416065544191,13200.0,8,865,8544,386,231
362,362,T-Motor,MN505-S KV380 (380),380.0,1200.0,2.0,0.028,0.225,complete,12x10E,11x8.5E,12.0,10.0,11.0,8.5,True,True,4.797255982352965,4.797255982352965,0.0,0.0,0.0,0.0,0.0,0.0,4.810631065180487,20.215079716813317,True,none,46.166639051959706,3.989303666245649,8.491685751656629,26.546762115203876,52.329837884796106,10700.0,21.35104825470176,True,none,46.08222919103654,7.470799355870685,6.761459471566833,51.92210398822836,26.954496011771624,10700.0,23.696569711081658,True,none,38.76858184513182,9.599213142472006,4.874461644094094,77.7871160930304,1.0894839069695763,10900.0,20,2017,7392,866,232
255,255,Scorpion,S-4035-380² (380),380.0,3100.0,1.52,0.025,0.435,complete,12x10E,11x8E,12.0,10.0,11.0,8.0,True,True,4.797242991338673,4.797242991338673,0.0,0.0,0.0,0.0,0.0,0.0,5.020631065180487,20.244721245247696,True,none,46.778947068202676,4.481071402277365,8.175940254802072,28.179280149950845,50.69731985004914,10700.0,21.353206220888474,True,none,46.69371263050506,8.16580422573061,6.717258227196509,54.54208604262904,24.334513957370945,10700.0,24.102198937676782,True,none,38.21684970423787,10.773834322419413,4.57470446094016,76.75896793629506,2.1176320637049173,10900.0,14,1441,7968,578,233
312,312,T-Motor,AM670 3D-520 (520),520.0,3200.0,4.2,0.01,0.416,complete,14x14E,8x6E,14.0,14.0,8.0,6.0,True,True,4.79708728876379,4.79708728876379,0.0,0.0,0.0,0.0,0.0,0.0,5.0124047051804865,20.26742408891821,True,none,46.669619258633325,3.286394502213792,9.607982719928449,38.288787796917205,40.58781220308278,9400.0,21.37726613004247,True,none,46.58359578262365,5.993787767292485,8.967882149122122,71.69141564952521,7.1851843504747706,9400.0,24.893522860652006,True,none,36.36221332887153,18.23885959423811,2.564194029738087,77.65299422693373,1.2236057730662537,15000.0,6,673,8736,386,234
687,687,Turnigy,TR5065-07² (380),380.0,1605.0,2.0,0.027,0.31,complete,12x10E,11x8E,12.0,10.0,11.0,8.0,True,True,4.797074329328242,4.797074329328242,0.0,0.0,0.0,0.0,0.0,0.0,4.895631065180487,20.254157014359983,True,none,46.31949399017518,4.191780402748029,8.360827483920355,27.396716452935976,51.479883547064006,10700.0,21.379279488290443,True,none,46.23325991512007,7.758296043413127,6.842892405808323,53.16186853794962,25.71473146205036,10700.0,24.097143835377842,True,none,37.97688501231958,10.181103814244151,4.559107872461751,76.33331199297454,2.5432880070254384,10900.0,18,1825,7584,770,235
250,250,Scorpion,S-4025-10² (515),515.0,2000.0,1.48,0.016,0.35,complete,14x14E,9x6E,14.0,14.0,9.0,6.0,True,True,4.797061372317058,4.797061372317058,0.0,0.0,0.0,0.0,0.0,0.0,4.946404705180487,20.26083882703027,True,none,46.46861166930386,3.4497955553287336,9.523859503184179,36.08614039212092,42.790459607879065,9000.0,21.381946574620933,True,none,46.372934635615145,6.380173157284077,8.116888462652875,68.51587636488229,10.360723635117694,9000.0,23.889401430299444,True,none,38.54607814827413,11.299349884981634,4.183400100720398,77.86923370511761,1.0073662948823738,14900.0,7,769,8640,386,236
664,664,Turnigy,SK5065-06² (380),380.0,1820.0,1.6,0.024,0.43,complete,12x10E,11x8E,12.0,10.0,11.0,8.0,True,True,4.797048417729558,4.797048417729558,0.0,0.0,0.0,0.0,0.0,0.0,5.015631065180487,20.274690590645985,True,none,46.65462964247379,4.456621197132339,8.183170844495415,27.842366379151283,51.034233620848696,10700.0,21.383259766427166,True,none,46.57176018078583,8.13301833036294,6.722200578278563,53.94500092007206,24.93159907992792,10700.0,24.097711567977754,True,none,38.21752047246759,10.748756898771328,4.578813353578546,76.89675027766796,1.9798497223320197,10900.0,16,1633,7776,674,237
121,121,Scorpion,SII-4025-520 (520),520.0,2600.0,1.81,0.0171,0.353,complete,14x14E,9x6E,14.0,14.0,9.0,6.0,True,True,4.797048417729558,4.797048417729558,0.0,0.0,0.0,0.0,0.0,0.0,4.949404705180487,20.263772790851462,True,none,46.468419402158894,3.065288191439366,9.527699399193592,36.88141291662747,41.995187083372514,9500.0,21.38450295278293,True,none,46.37272622460298,5.629953975027449,9.274718558975174,69.03588153421111,9.840718465788868,9500.0,24.297006707074377,True,none,37.58347054264942,11.117240870363222,4.264100374797233,76.53335151470533,2.3432484852946516,15000.0,6,673,8736,386,238
594,594,Turnigy,NTM PropDrive v2 5060-380 (380),380.0,2665.0,2.0,0.022,0.438,complete,12x10E,11x8E,12.0,10.0,11.0,8.0,True,True,4.797009568502358,4.797009568502358,0.0,0.0,0.0,0.0,0.0,0.0,5.023631065180487,20.28242296697233,True,none,46.65417912998047,4.445940481888608,8.171608313964187,28.109309726428187,50.767290273571795,10800.0,21.390008107179575,True,none,46.571274069443604,8.118069648323747,6.714296067876548,54.38919464690908,24.4874053530909,10800.0,24.104890352038623,True,none,38.21644717155179,10.788898476456557,4.572241870171887,77.89498061549915,0.9816193845008314,10900.0,14,1441,7968,578,239
222,222,Scorpion,HKIII-4035-530² (530),530.0,3400.0,2.15,0.015,0.439,complete,14x14E,8x6E,14.0,14.0,8.0,6.0,True,True,4.796970741063844,4.796970741063844,0.0,0.0,0.0,0.0,0.0,0.0,5.035404705180487,20.28965631093065,True,none,46.668273466769435,3.3026121815723077,9.637125850141308,37.62156042334738,41.2550395766526,9400.0,21.396674787820952,True,none,46.5821432326239,6.002426841792021,8.940954294444476,70.60159387362908,8.275006126370897,9400.0,24.548052245191684,True,none,37.171170288420036,17.41468107177223,2.7249626525241344,75.55985775373364,3.316742246266344,15300.0,4,481,8928,386,240
132,132,Scorpion,HK-3536-510 (510),510.0,4150.0,1.24,0.028,0.365,complete,10x12WE,8x8E,10.0,12.0,8.0,8.0,True,True,4.79694486820061,4.79694486820061,0.0,0.0,0.0,0.0,0.0,0.0,4.943540929180487,20.265285934147187,True,none,46.443131948570816,4.08460339073735,8.784784437844237,31.03354787666996,47.843052123330025,13400.0,21.399945136300566,True,none,46.301141481485764,7.491590134971753,7.295648997258701,59.34681785486816,19.52978214513182,13400.0,24.06321349002269,True,none,38.153694006093204,16.815347011520693,2.8597145012757976,78.47204493320858,0.40455506679140285,14500.0,7,769,8640,482,241
122,122,Scorpion,SII-4035-250 (250),250.0,3510.0,0.84,0.0417,0.45,complete,20x22.5EP(CD),14x14E,20.0,22.5,14.0,14.0,True,True,4.796854389297269,4.796854389297269,0.0,0.0,0.0,0.0,0.0,0.0,5.109525929180487,20.31996735963208,True,none,46.81045864304307,2.501313101290928,9.730450427876931,37.7002046669932,41.17639533300678,5300.0,21.41348805824145,True,none,46.73974219761728,4.482175903773327,11.162325092841805,67.97220775807523,10.904392241924754,5300.0,24.24559753248456,True,none,37.935195902495664,10.341032556331303,5.024893206878334,76.63365899345357,2.242941006546417,7100.0,8,865,8544,770,242
635,635,Turnigy,SK3-6364-245 (245),245.0,2700.0,3.5,0.018,0.72,complete,20x22.5EP(CD),14x12E,20.0,22.5,14.0,12.0,True,True,4.796776930060901,4.796776930060901,0.0,0.0,0.0,0.0,0.0,0.0,5.379525929180486,20.367223633416316,True,none,47.548733739329286,2.92459920341643,10.06308630488597,41.11468737336219,37.761912626637795,5400.0,21.426126602464855,True,none,47.48867051530796,5.0835722756227835,11.453451092509141,73.98855270732227,4.888047292677712,5400.0,25.21099500501434,True,none,36.2608681665938,12.175422692566405,4.488595808684068,77.9242504095886,0.9523495904113872,7000.0,8,865,8544,770,243
95,95,Scorpion,A-4225-500 (V2) (500),500.0,3108.0,2.23,0.0132,0.398,complete,10x12WE,8x8E,10.0,12.0,8.0,8.0,True,True,4.796764028622848,4.796764028622848,0.0,0.0,0.0,0.0,0.0,0.0,4.976540929180487,20.29779933340454,True,none,46.43998899328151,4.083688318763899,9.041022004363304,31.462626340582798,47.41397365941718,13500.0,21.428354469101684,True,none,46.29772122655171,7.421834802229489,7.527786989897359,60.19263549886847,18.683964501131513,13500.0,24.392223564140536,True,none,37.448040888696454,17.528057903629808,2.780756300118091,78.16121917674639,0.7153808232535965,14400.0,6,673,8736,386,244
207,207,Scorpion,A-4225-500² (500),500.0,3108.0,1.54,0.014,0.398,complete,10x12WE,8x8E,10.0,12.0,8.0,8.0,True,True,4.796764028622848,4.796764028622848,0.0,0.0,0.0,0.0,0.0,0.0,4.976540929180487,20.29779933340454,True,none,46.43998899328151,4.083688318763899,9.041022004363304,31.073305552755173,47.80329444724481,13500.0,21.428354469101684,True,none,46.29772122655171,7.421834802229489,7.39529624675873,59.54476768195518,19.331832318044803,13500.0,24.392223564140536,True,none,37.448040888696454,17.528057903629808,2.780756300118091,76.49401707457355,2.3825829254264335,14400.0,6,673,8736,386,245
484,484,T-Motor,U7-V2.0-280² (280),280.0,900.0,0.4,0.066,0.255,complete,14x14E,12x12E,14.0,14.0,12.0,12.0,True,True,4.796738232970391,4.796738232970391,0.0,0.0,0.0,0.0,0.0,0.0,4.851404705180487,20.31072758654036,True,none,45.97208879744584,4.6436702218515755,7.404059689527226,25.651792949791222,53.22480705020876,7700.0,21.432822593293466,True,none,45.9176127231934,8.682859705527243,6.047863478870676,50.17433040715354,28.70226959284644,7700.0,23.556526613033064,True,none,39.19027063037988,13.308747278134268,3.466578659078807,74.17670345036088,4.6998965496391065,7900.0,17,1729,7680,1058,246
609,609,Turnigy,RotorStar 4962-500 / RS700 (500),500.0,3500.0,1.75,0.019,0.448,complete,10x12WE,8x8E,10.0,12.0,8.0,8.0,True,True,4.796738232970391,4.796738232970391,0.0,0.0,0.0,0.0,0.0,0.0,5.026540929180487,20.30807359658005,True,none,46.57260624107009,4.27443776247266,8.66338097349982,31.857233007219236,47.019366992780746,13400.0,21.432493137030434,True,none,46.42910446412682,7.7566442131442495,7.213609678065371,60.22331921832227,18.653280781677715,13400.0,24.391237187184288,True,none,37.5475328590521,18.082473200571783,2.692913680134455,78.33758206619363,0.539017933806349,14300.0,6,673,8736,386,247
357,357,T-Motor,F1000-510 (510),510.0,4000.0,3.04,0.0248,0.404,complete,10x12WE,9x6E,10.0,12.0,9.0,6.0,True,True,4.79672533875464,4.79672533875464,0.0,0.0,0.0,0.0,0.0,0.0,4.9825409291804865,20.303696765873077,True,none,46.439414488405994,4.165054400915784,8.879627622022715,32.24714554072268,46.629454459277305,13500.0,21.43351075519674,True,none,46.29709682626063,7.568336217382578,7.389277109470099,61.53957053883126,17.33702946116872,13500.0,24.714335868002014,True,none,36.7360735606916,12.242050563619225,3.8925358856073498,77.29345155203856,1.5831484479614204,14600.0,7,769,8640,482,248
183,183,Scorpion,HK-4526-520² (520),520.0,10200.0,2.1,0.011,0.485,complete,14x14E,9x6E,14.0,14.0,9.0,6.0,True,True,4.796712446944974,4.796712446944974,0.0,0.0,0.0,0.0,0.0,0.0,5.0814047051804865,20.33393035115983,True,none,46.66555824021152,3.314865093680752,9.695149305786796,37.678305862292206,41.19829413770778,9500.0,21.435368119752447,True,none,46.57921792028506,5.983528446335088,9.11675982052073,70.24498221657153,8.631617783428453,9500.0,24.422270053195696,True,none,37.55113800503996,11.627969421534424,4.241491523195989,78.79129099708035,0.0853090029196295,15000.0,6,673,8736,386,249
227,227,Scorpion,HK-4525-520-F3C² (520),520.0,10200.0,2.1,0.011,0.485,complete,14x14E,9x6E,14.0,14.0,9.0,6.0,True,True,4.796712446944974,4.796712446944974,0.0,0.0,0.0,0.0,0.0,0.0,5.0814047051804865,20.33393035115983,True,none,46.66555824021152,3.314865093680752,9.695149305786796,37.678305862292206,41.19829413770778,9500.0,21.435368119752447,True,none,46.57921792028506,5.983528446335088,9.11675982052073,70.24498221657153,8.631617783428453,9500.0,24.422270053195696,True,none,37.55113800503996,11.627969421534424,4.241491523195989,78.79129099708035,0.0853090029196295,15000.0,6,673,8736,386,250
0,0,Castle,Vertigo 600-3538² (530),530.0,2500.0,2.2,0.021,0.421,complete,14x14E,8x6E,14.0,14.0,8.0,6.0,True,True,4.796673785945762,4.796673785945762,0.0,0.0,0.0,0.0,0.0,0.0,5.017404705180486,20.32997946527699,True,none,46.46401935565492,3.2735389689156387,9.614325697699638,37.703236005408094,41.17336399459189,9400.0,21.4422558079634,True,none,46.367967705237355,5.962850856187703,8.96201361264792,70.66151533111605,8.215084668883932,9400.0,24.652228998013513,True,none,36.902635290643346,17.596860676143237,2.6760868509618247,74.66340858928253,4.213191410717457,15300.0,4,481,8928,386,251
86,86,Planet-Hobby,Joker 5060-10 V2 (305),305.0,1650.0,0.99,0.041,0.377,complete,16x12E,10x12WE,16.0,12.0,10.0,12.0,True,True,4.79666090375371,4.79666090375371,0.0,0.0,0.0,0.0,0.0,0.0,4.988731777180487,20.338680735612428,True,none,46.336794414692555,2.719426300880421,9.577894323217087,28.894829092742878,49.9817709072571,8400.0,21.44471054143991,True,none,46.27577841476374,4.918928414299193,10.79489684378797,54.3035707257673,24.57302927423268,8400.0,23.64649876581204,True,none,39.210196309691995,20.48902594685065,2.334236912222227,77.147266301712,1.7293336982879879,8700.0,15,1537,7872,962,252
228,228,Scorpion,HK-4525-520 Ultimate² (520),520.0,10200.0,1.75,0.012,0.503,complete,14x14E,9x6E,14.0,14.0,9.0,6.0,True,True,4.796622271591195,4.796622271591195,0.0,0.0,0.0,0.0,0.0,0.0,5.099404705180487,20.351186626471463,True,none,46.66448736032295,3.3269646012578233,9.717759828865516,37.561076952894176,41.315523047105806,9500.0,21.45046439046446,True,none,46.57806590545098,5.995348312729113,9.09566424594578,70.06038844509607,8.816211554903916,9500.0,24.438099045411512,True,none,37.549359191041866,11.725845014182712,4.2273744448601995,78.13301728956273,0.7435827104372521,15000.0,6,673,8736,386,253
58,58,Planet-Hobby,Joker 5060-7 V3 (375),375.0,1920.0,1.1,0.0252,0.38,complete,12x10E,10x10E,12.0,10.0,10.0,10.0,True,True,4.796596528820834,4.796596528820834,0.0,0.0,0.0,0.0,0.0,0.0,4.965631065180487,20.33668082294071,True,none,46.266150700628565,4.449897791481431,8.064242395953052,27.17133558289308,51.7052644171069,10600.0,21.453274607826692,True,none,46.17854576738415,8.172796148749107,6.605245706676925,52.71332804251242,26.16327195748756,10600.0,23.867939039356816,True,none,38.66578363694066,14.194392102806166,3.4790215165194898,77.25457268887894,1.6220273111210446,10700.0,14,1441,7968,674,254
203,203,Scorpion,HKII-4525-520 Ultimate² (520),520.0,5785.0,2.74,0.0114,0.516,complete,14x14E,8x6E,14.0,14.0,8.0,6.0,True,True,4.796545072067108,4.796545072067108,0.0,0.0,0.0,0.0,0.0,0.0,5.112404705180487,20.363625813095815,True,none,46.663711061491554,3.4012134010487474,9.734056988045767,38.09219541721739,40.78440458278259,9400.0,21.461351773773007,True,none,46.57723133397281,6.123873322674132,8.852039173721966,71.13369232894033,7.742907671059655,9400.0,24.9549601027057,True,none,36.411051095593706,19.16866150854518,2.5066105395771654,75.30653345504199,3.570066544957996,15100.0,6,673,8736,386,255
223,223,Scorpion,HKIII-4035-500² (500),500.0,3500.0,2.02,0.016,0.439,complete,10x12WE,8x8E,10.0,12.0,8.0,8.0,True,True,4.796532213872055,4.796532213872055,0.0,0.0,0.0,0.0,0.0,0.0,5.017540929180487,20.33801281936163,True,none,46.43604481812353,4.232095679760832,8.828016703936765,31.57000653361313,47.30659346638685,13500.0,21.463534051525976,True,none,46.29343895274349,7.662990898944278,7.354363436236435,60.32225123394682,18.55434876605316,13500.0,24.383741232543727,True,none,37.54736038605257,17.883509852285986,2.757555943432725,78.86460231795651,0.011997682043471514,14400.0,6,673,8736,386,256
254,254,Scorpion,S-4035-460² (460),460.0,3360.0,1.7,0.02,0.435,complete,9x9E,8x8E,9.0,9.0,8.0,8.0,True,True,4.796480805045262,4.796480805045262,0.0,0.0,0.0,0.0,0.0,0.0,5.0111053226804865,20.348194371649292,True,none,46.37844275685137,7.54613995448935,4.7932854061105035,27.7064955203291,51.17010447967088,13100.0,21.471134609967102,True,none,46.248054885096245,14.072154768870307,3.7443438793931376,53.51436607230294,25.36223392769704,13100.0,24.058472680018667,True,none,38.306871780706494,22.417877962487474,2.1387547613737192,77.77952095100656,1.0970790489934217,13300.0,10,1057,8352,386,257
192,192,Scorpion,HKIV-4035-500² (500),500.0,4615.0,2.31,0.016,0.456,complete,10x12WE,9x6E,10.0,12.0,9.0,6.0,True,True,4.796442273557521,4.796442273557521,0.0,0.0,0.0,0.0,0.0,0.0,5.034540929180487,20.354628244675503,True,none,46.43439695784099,4.277743148229194,8.803189326460194,31.82374447737704,47.05285552262294,13500.0,21.478083100932082,True,none,46.29165270461382,7.725099311012254,7.3375261650134185,60.73228505629465,18.144314943705332,13500.0,24.446443068985403,True,none,37.43929723907789,12.804302790235027,3.7708840024507517,77.30810766105604,1.5684923389439405,14400.0,6,673,8736,386,258
326,326,T-Motor,AT4125-250 (Long Shaft) (250),250.0,2200.0,1.0,0.068,0.35,complete,20x15E,14x14E,20.0,15.0,14.0,14.0,True,True,4.796416597856787,4.796416597856787,0.0,0.0,0.0,0.0,0.0,0.0,5.009525929180486,20.3813255114443,True,none,46.256556392066415,2.1664510081106623,9.604328817220464,31.536217165953232,47.34038283404675,6500.0,21.482423519285103,True,none,46.20390390734373,3.917399052566531,11.052554816792668,58.24075928912974,20.63584071087024,6500.0,23.803103022906235,True,none,38.80005143025121,10.215966545615869,4.746297740876258,77.99451975472134,0.8820802452786438,7000.0,10,1057,8352,770,259
84,84,Planet-Hobby,Joker 5060-8 V2 (377),377.0,1650.0,1.35,0.026,0.377,complete,12x10E,10x10E,12.0,10.0,10.0,10.0,True,True,4.796416597856787,4.796416597856787,0.0,0.0,0.0,0.0,0.0,0.0,4.962631065180487,20.364651007150243,True,none,46.15809901692612,4.396030684037188,8.06859190718908,26.99723288933341,51.87936711066657,10700.0,21.481034522479852,True,none,46.07295846776976,8.103693290300406,6.6082052413766705,52.401007743374684,26.475592256625298,10700.0,23.865399645603496,True,none,38.66578344446563,13.881146236228489,3.480959427251754,77.96598899907539,0.9106110009245896,10800.0,15,1537,7872,770,260
572,572,Turnigy,ACK-4010CP-580 (580),580.0,550.0,0.6,0.044,0.119,complete,8x8E,8x6E,8.0,8.0,8.0,6.0,True,True,4.796378102228968,4.796378102228968,0.0,0.0,0.0,0.0,0.0,0.0,4.693264369180487,20.25795250067586,True,none,45.61861680282284,9.704851960485723,2.9795058898639155,26.096698313746653,52.779901686253325,15100.0,21.487177410969906,True,none,45.27510952684395,20.07469842367297,2.1559450632227,50.88859392042691,27.98800607957307,15000.0,23.406992158421467,True,none,39.24636285840636,14.678732359509565,2.801682493844148,76.06156456603581,2.8150354339641694,16500.0,2,289,9120,194,261
62,62,Planet-Hobby,Joker 6350-10 V3 (300),300.0,2560.0,1.1,0.0218,0.51,complete,16x12E,10x12WE,16.0,12.0,10.0,12.0,True,True,4.79635245041816,4.79635245041816,0.0,0.0,0.0,0.0,0.0,0.0,5.121731777180487,20.404584851086454,True,none,46.54896478556869,2.8027304581901076,9.745732872484199,30.00612451991272,48.870475480087265,8400.0,21.492484442449246,True,none,46.493757028493974,4.999990963407474,11.175649653185024,56.45306364638432,22.42353635361566,8400.0,24.001421884425334,True,none,38.606540277516906,22.060414601802936,2.267092489722109,76.92129294496813,1.9553070550318523,8600.0,12,1249,8160,866,262
337,337,T-Motor,AT7215-270 (270),270.0,4800.0,2.4,0.017,0.56,complete,14x14E,11x12E,14.0,14.0,11.0,12.0,True,True,4.796313990600227,4.796313990600227,0.0,0.0,0.0,0.0,0.0,0.0,5.156404705180487,20.405581694315444,True,none,46.66106592981636,5.372615646132015,7.242612116251519,28.588528947387438,50.288071052612544,7700.0,21.498105782325304,True,none,46.574390708621245,9.634871552352594,5.98148828537819,55.12591979503357,23.750680204966415,7700.0,24.40836198742797,True,none,37.7396943590855,20.054355756479925,2.533909524204826,77.09051229578117,1.786087704218815,7800.0,12,1249,8160,866,263
596,596,Turnigy,RotoMax 1.20 (280),280.0,1920.0,1.55,0.027,0.622,complete,14x14E,12x12E,14.0,14.0,12.0,12.0,True,True,4.796301175431125,4.796301175431125,0.0,0.0,0.0,0.0,0.0,0.0,5.218404705180487,20.416661257344437,True,none,46.82812369437594,5.253115527886962,7.620617966611703,28.746749289590984,50.129850710409,7900.0,21.49950526375646,True,none,46.74942713455579,9.321530924854551,6.326898308959119,55.43377614264241,23.442823857357574,7900.0,24.170201990050668,True,none,38.436331187651,15.283683526800683,3.4733220272892424,78.47566208884767,0.4009379111523117,8000.0,15,1537,7872,866,264
142,142,Scorpion,HKII-4235-630 Ltd Ed (630),630.0,7100.0,3.59,0.009,0.522,complete,7x15E,7x6E,7.0,15.0,7.0,6.0,True,True,4.79628836264602,4.79628836264602,0.0,0.0,0.0,0.0,0.0,0.0,5.094909327680487,20.30025255226521,True,none,46.83191543017701,12.75888279179482,2.868944252137037,38.17657506078828,40.7000249392117,17600.0,21.501395552833333,True,none,46.384492524246205,24.440524837568123,2.191007011951084,70.75130827164963,8.125291728350348,17600.0,25.421008093316992,True,none,35.43291898822783,21.129443789428077,2.3270988593057025,77.79820116982154,1.0783988301784433,18200.0,5,577,8832,194,265
187,187,Scorpion,HKIII-5035-380² (380),380.0,6650.0,1.44,0.013,0.744,complete,12x10E,9x9E,12.0,10.0,9.0,9.0,True,True,4.796262744225135,4.796262744225135,0.0,0.0,0.0,0.0,0.0,0.0,5.329631065180487,20.435361436450147,True,none,47.13107340668836,5.086111010139934,8.11955575502162,30.169524457140916,48.707075542859066,10800.0,21.506082711814685,True,none,47.0492787892172,8.916467202152328,6.585302357245405,57.80281024733216,21.07378975266782,10800.0,24.40336829356418,True,none,38.09794240562369,23.970887572964664,2.178334952260584,78.73792194674714,0.1386780532528462,11000.0,14,1441,7968,578,266
328,328,T-Motor,AT4130-300 (Long Shaft) (300),300.0,3200.0,1.8,0.032,0.405,complete,16x12E,10x12WE,16.0,12.0,10.0,12.0,True,True,4.796237135332255,4.796237135332255,0.0,0.0,0.0,0.0,0.0,0.0,5.016731777180487,20.408032668854673,True,none,46.186988085486774,2.7582523769752507,9.613472267954812,29.315004962649525,49.56159503735046,8300.0,21.510033483138088,True,none,46.12820792850557,4.973723592560814,11.060501118649714,54.94919771036947,23.927402289630514,8300.0,23.881520775502466,True,none,38.68430803179568,21.594214116192425,2.235758354770237,77.47832141024733,1.3982785897526497,8600.0,12,1249,8160,866,267
61,61,Planet-Hobby,Joker 6350-8 V3 (380),380.0,2160.0,1.6,0.015,0.51,complete,12x10E,11x8E,12.0,10.0,11.0,8.0,True,True,4.796160365768514,4.796160365768514,0.0,0.0,0.0,0.0,0.0,0.0,5.095631065180487,20.423556283678007,True,none,46.39485329963195,4.538856648779268,8.257785616072319,28.285880737877257,50.590719262122725,10800.0,21.521894356802804,True,none,46.31433990925822,8.202529391619898,6.808539997074771,54.56948839690724,24.307111603092743,10800.0,24.13840429699401,True,none,38.28079983453396,10.898783596833251,4.631067352271764,78.75905460473896,0.11754539526101837,11000.0,14,1441,7968,578,268
323,323,T-Motor,AT4120-500 (Long Shaft) (500),500.0,1700.0,2.0,0.021,0.305,complete,10x12WE,8x8E,10.0,12.0,8.0,8.0,True,True,4.796134794934544,4.796134794934544,0.0,0.0,0.0,0.0,0.0,0.0,4.883540929180487,20.380467881739,True,none,45.838812983271666,4.000285372958891,8.874942493826463,30.360049129702524,48.51655087029746,13400.0,21.52505797294899,True,none,45.69298805848967,7.3708304307340855,7.356145089802787,58.20502443989287,20.671575560107115,13400.0,24.271390682041318,True,none,37.5445623721922,17.02759708438381,2.7738545260327125,77.20409910961105,1.6725008903889318,14300.0,9,961,8448,578,269
388,388,T-Motor,MN4010-580 (580),580.0,575.0,1.3,0.042,0.137,complete,8x8E,8x6E,8.0,8.0,8.0,6.0,True,True,4.796109233602046,4.796109233602046,0.0,0.0,0.0,0.0,0.0,0.0,4.711264369180487,20.307183427743546,True,none,45.51183542198266,9.695073538516311,3.0310248751598636,26.65515373941801,52.22144626058197,15100.0,21.53085710518491,True,none,45.18011594441847,19.954507461821088,2.202723402190996,51.43229781231086,27.444302187689125,15000.0,23.421137757357844,True,none,39.250188259498984,14.618597083693684,2.851698500368811,77.84848470836673,1.0281152916332559,16500.0,2,289,9120,194,270
124,124,Scorpion,SII-4035-380 (380),380.0,3380.0,1.5,0.0289,0.435,complete,12x10E,9x9E,12.0,10.0,9.0,9.0,True,True,4.796109233602046,4.796109233602046,0.0,0.0,0.0,0.0,0.0,0.0,5.020631065180487,20.420960756393495,True,none,46.15474511921504,4.499692863831993,8.175940254802072,27.430796208284498,51.445803791715484,10700.0,21.530142057383692,True,none,46.0693437099023,8.198453617072337,6.551419637996608,53.102698851972065,25.773901148027917,10700.0,24.152641434876067,True,none,38.08521137288427,20.996090418370496,2.2678706978399767,75.33018566617555,3.54641433382443,10900.0,15,1537,7872,674,271
355,355,T-Motor,F1000-635 (635),635.0,2000.0,3.0,0.026,0.42,complete,12x12E,7x6E,12.0,12.0,7.0,6.0,True,True,4.796045371804998,4.796045371804998,0.0,0.0,0.0,0.0,0.0,0.0,5.005631065180487,20.419746036975596,True,none,46.10915470165716,3.9511477599674905,9.035253005004133,37.40135359784762,41.475246402152365,11200.0,21.53977135323604,True,none,45.99275660627858,7.247181572985902,7.341505616416657,69.66665942215641,9.209940577843568,11200.0,24.71727471507505,True,none,36.753496558821894,20.37220524518585,2.3367140345005613,78.79626488763994,0.08033511236004642,18200.0,7,769,8640,386,272
470,470,T-Motor,MN4010-9² (580),580.0,580.0,1.3,0.042,0.112,complete,8x8E,8x6E,8.0,8.0,8.0,6.0,True,True,4.796019843685977,4.796019843685977,0.0,0.0,0.0,0.0,0.0,0.0,4.686264369180487,20.31727210800405,True,none,45.393450003196016,9.40609194475553,3.115744743432079,26.430405487579925,52.44619451242006,15100.0,21.544017240005967,True,none,45.06483561367642,19.45011713392121,2.215666051980631,51.066276523099404,27.810323476900578,15100.0,23.39714650019965,True,none,39.2558338515027,14.239239498410889,2.929510677645229,77.55507574294758,1.3215242570524026,16500.0,3,385,9024,290,273
475,475,T-Motor,MN4012-13² (340),340.0,660.0,0.9,0.133,0.132,complete,14x14E,12x10E,14.0,14.0,12.0,10.0,True,True,4.79598156927644,4.79598156927644,0.0,0.0,0.0,0.0,0.0,0.0,4.728404705180487,20.30719076636351,True,none,45.56958443542825,7.758214621171433,3.80258704425402,27.564890748379938,51.311709251620044,7500.0,21.549831171282293,True,none,45.1655037588662,15.85179386258838,2.7545150300351735,53.765171677831354,25.111428322168628,7500.0,23.491070732603674,True,none,39.83737925547137,10.1095140346427,4.264741368763931,78.42172273481071,0.45487726518926763,9200.0,21,2113,7296,1058,274
97,97,Scorpion,A-5025-310 (310),310.0,3850.0,1.92,0.0173,0.523,complete,14x12E,12x10E,14.0,12.0,12.0,10.0,True,True,4.79586687381848,4.79586687381848,0.0,0.0,0.0,0.0,0.0,0.0,5.119404705180487,20.47480146091958,True,none,46.29303496672101,4.081798318902512,9.369413612687536,28.12923424376505,50.74736575623493,8800.0,21.568074820951416,True,none,46.220572389904035,7.311763911425835,7.783791457728497,54.31145081993293,24.565149180067053,8800.0,24.11148253746682,True,none,38.379761343330216,11.757213462307476,4.367167156119446,78.84340887942209,0.03319112057789653,8900.0,12,1249,8160,770,275
191,191,Scorpion,HKIV-4025-520² (520),520.0,3995.0,1.81,0.022,0.347,complete,9x7.5E,8x8E,9.0,7.5,8.0,8.0,True,True,4.795841411932506,4.795841411932506,0.0,0.0,0.0,0.0,0.0,0.0,4.923105322680486,20.439819299474074,True,none,45.7660483900557,5.8112648825730195,6.002760878733303,26.994066832929303,51.882533167070676,14800.0,21.571173416531785,True,none,45.64840009161603,10.87175116656014,4.8180363721844985,52.255937916872746,26.620662083127236,14800.0,24.297581394787112,True,none,37.56671552329303,15.773625785308443,3.0507247309599883,78.27234332799556,0.6042566720044249,14800.0,6,673,8736,386,276
240,240,Scorpion,SII-3026-890² (890),890.0,1025.0,1.9,0.014,0.205,complete,8x8E,8x8E,8.0,8.0,8.0,8.0,True,True,4.795816516928393,4.795816516928393,0.0,0.0,0.0,0.0,0.0,0.0,4.779264369180487,21.777015068292535,True,none,41.1974766919782,7.98501690078462,3.847753866649145,29.84664609600121,49.02995390399877,15500.0,20.290199784421027,True,none,49.99097054886512,15.849518618647132,2.9127193010647154,71.4274980216319,7.449101978368077,16500.0,27.133357398669986,True,none,31.775692221243823,14.36958917581511,3.015755290630811,77.71250106986804,1.1640989301319422,15500.0,5,577,8832,482,277
111,111,Scorpion,SII-3020-780 (V2) (780),780.0,1040.0,1.66,0.0303,0.166,complete,7x11E,9x7.5E,7.0,11.0,9.0,7.5,True,True,4.795802130467846,4.795802130467846,0.0,0.0,0.0,0.0,0.0,0.0,4.738909327680487,23.134633517269243,True,none,37.64264233441828,8.731434436343546,3.6292119451833877,27.015844425806325,51.86075557419366,18800.0,20.291602202493465,True,none,49.845225445206204,17.30043073338208,2.8035827018805173,70.26236701610449,8.61423298389549,18800.0,25.791994077474477,True,none,34.10305131210093,11.753472987190335,3.6194514332932126,77.3915572876346,1.4850427123653844,14100.0,9,961,8448,674,278
29,29,Cobra,CM-3515/20 (650),650.0,630.0,0.78,0.087,0.199,complete,7x9E,7x6E,7.0,9.0,7.0,6.0,True,True,4.795726950199987,4.795726950199987,0.0,0.0,0.0,0.0,0.0,0.0,4.771909327680487,20.406601344909507,True,none,45.37794623720011,10.324445460067473,3.0867649976934057,27.199278365480687,51.677321634519295,17600.0,21.590864364759433,True,none,45.151880595387304,20.675844843323677,2.3359151714113184,52.23846823375222,26.63813176624776,17600.0,23.52146585614399,True,none,39.12976883456858,18.687162835522216,2.3724904506793987,77.78168058962339,1.0949194103765905,18100.0,5,577,8832,386,279
302,302,T-Motor,Antigravity 6007II-320 (320),320.0,1040.0,1.0,0.0475,0.161,complete,12x12E,10x12WE,12.0,12.0,10.0,12.0,True,True,4.795701540173603,4.795701540173603,0.0,0.0,0.0,0.0,0.0,0.0,4.746631065180487,20.440708625846117,True,none,45.179484931375455,5.395761708116469,6.10203655580688,24.47642734823653,54.400172651763455,9000.0,21.59395802076807,True,none,45.06992980677996,10.316284925728592,4.901441306332054,47.917980883647914,30.958619116352068,9000.0,23.42450256443397,True,none,39.30376794810577,16.38731913558848,2.7932644511174134,75.73965354976613,3.13694645023385,9100.0,19,1921,7488,1058,280
633,633,Turnigy,SK3-5065-236 (236),236.0,1850.0,1.85,0.019,0.531,complete,20x22.5EP(CD),14x14E,20.0,22.5,14.0,14.0,True,True,4.79567613955921,4.79567613955921,0.0,0.0,0.0,0.0,0.0,0.0,5.190525929180486,20.513453440570775,True,none,46.39095112467159,3.1547913263153253,9.831422972511879,37.38857842430427,41.48802157569571,5100.0,21.59739853961266,True,none,46.32129708255225,5.629824855329959,9.722342944649043,68.23066501401254,10.645934985987438,5100.0,24.195855232492455,True,none,38.21437314051553,11.48754005757721,4.607205512801398,78.53652661258178,0.3400733874182009,6800.0,12,1249,8160,770,281
410,410,T-Motor,MN6007II-320 (320),320.0,1040.0,1.0,0.0475,0.18,complete,12x12E,11x12E,12.0,12.0,11.0,12.0,True,True,4.795599994135722,4.795599994135722,0.0,0.0,0.0,0.0,0.0,0.0,4.765631065180487,20.45983870240139,True,none,45.17813519383566,5.458286738222176,6.079277369450614,24.56443483201994,54.31216516798004,9000.0,21.61053202952167,True,none,45.0684568212108,10.407353968274714,4.886248769154571,48.0478136744168,30.82878632558318,9000.0,23.34002448127085,True,none,39.56815932355677,11.504760559089355,4.004867537486896,78.27610239912644,0.6004976008735383,9000.0,19,1921,7488,1058,282
283,283,Scorpion,HK4035-630² (630),630.0,3600.0,1.6,0.014,0.435,complete,7x15E,7x6E,7.0,15.0,7.0,6.0,True,True,4.7955873114528265,4.7955873114528265,0.0,0.0,0.0,0.0,0.0,0.0,5.007909327680487,20.395345646250156,True,none,46.20200807482401,12.111391199929086,2.9272630450950934,35.58563430863589,43.29096569136409,17600.0,21.6121841259104,True,none,45.749319193765004,23.437690298676745,2.231991485004179,66.34937746624844,12.52722253375154,17600.0,24.18230398658464,True,none,38.0083853499293,20.232854283931545,2.3728657110917157,78.6213200841715,0.2552799158284813,18200.0,5,577,8832,194,283
553,553,T-Motor,AT2826-900² (870),870.0,1000.0,1.6,0.034,0.167,complete,8x8E,8x8E,8.0,8.0,8.0,8.0,True,True,4.79557233217264,4.79557233217264,0.0,0.0,0.0,0.0,0.0,0.0,4.741264369180487,19.1435703650714,True,none,49.963076129948945,7.745257107252765,3.9507965472853055,35.905293648909336,42.97130635109065,16600.0,20.324525775498884,True,none,49.71952000224403,15.47186253204477,2.935052270415374,69.31314637545171,9.563453624548274,16500.0,26.456596199513093,True,none,32.87925885199565,13.987738676125229,3.100562827959798,77.764531765692,1.1120682343079835,16500.0,6,673,8736,578,284
32,32,Cobra,CM-3520/28 (350),350.0,570.0,0.43,0.176,0.234,complete,12x12E,12x10E,12.0,12.0,12.0,10.0,True,True,4.795549277484275,4.795549277484275,0.0,0.0,0.0,0.0,0.0,0.0,4.819631065180487,20.88724903215792,True,none,43.95822497091903,8.349039517296717,3.6053732993513674,24.698802654808784,54.177797345191195,9000.0,21.6180468986921,True,none,45.19596116365347,16.739878954594683,2.6356388301268865,50.32867284799581,28.54792715200417,9000.0,23.390187019272968,True,none,39.567565044701254,13.140920953519512,3.2552173021104185,78.52823448088647,0.3483655191135142,9300.0,16,1633,7776,674,285
162,162,Scorpion,HK5-4035-455 (455),455.0,8200.0,2.37,0.0171,0.475,complete,9x9E,8x8E,9.0,9.0,8.0,8.0,True,True,4.795523933232175,4.795523933232175,0.0,0.0,0.0,0.0,0.0,0.0,5.0511053226804865,20.503248481209955,True,none,45.968974647797246,7.861257658926549,4.575357378975645,27.985449361199333,50.89115063880065,13000.0,21.62285451438127,True,none,45.83529677742373,14.666794784238366,3.6400164290255814,53.676055247208616,25.200544752791366,13000.0,24.35449682416605,True,none,37.68543432368082,23.416466618839927,2.0083103115922896,77.98985198141547,0.8867480185845125,13100.0,10,1057,8352,386,286
608,608,Turnigy,RotorStar 4962-530 / RS700 (530),530.0,3900.0,1.8,0.019,0.452,complete,14x14E,8x6E,14.0,14.0,8.0,6.0,True,True,4.795523933232175,4.795523933232175,0.0,0.0,0.0,0.0,0.0,0.0,5.048404705180487,20.5151051669093,True,none,45.91906272353178,3.3081354506110916,9.653559136736673,37.00459876330028,41.8720012366997,9400.0,21.622365227866545,True,none,45.8293147206084,5.999307746304964,8.92581002449609,69.32866250511103,9.547937494888956,9400.0,24.562767669003065,True,none,37.16259907322506,17.78242894320475,2.6577296341845873,74.8570046870148,4.019595312985189,15300.0,4,481,8928,386,287
384,384,T-Motor,MN3510-700 (700),700.0,555.0,0.5,0.05,0.097,complete,7x7E,7x7E,7.0,7.0,7.0,7.0,True,True,4.7954732728491996,4.7954732728491996,0.0,0.0,0.0,0.0,0.0,0.0,4.669909327680487,20.40119717316102,True,none,45.057175468010804,10.009449138362264,2.890424534092748,25.8699742867802,53.00662571321978,18000.0,21.630366264079356,True,none,44.73298640683408,20.803070075753162,2.0995152888510047,50.25322469696483,28.623375303035154,18000.0,24.139956443382406,True,none,37.43097162524432,18.737974071906944,2.1881880670921077,76.73242229081485,2.1441777091851293,18000.0,1,193,9216,194,288
543,543,T-Motor,MN3510-13² (700),700.0,555.0,0.5,0.05,0.097,complete,7x7E,7x7E,7.0,7.0,7.0,7.0,True,True,4.7954732728491996,4.7954732728491996,0.0,0.0,0.0,0.0,0.0,0.0,4.669909327680487,20.40119717316102,True,none,45.057175468010804,10.009449138362264,2.890424534092748,25.8699742867802,53.00662571321978,18000.0,21.630366264079356,True,none,44.73298640683408,20.803070075753162,2.0995152888510047,50.25322469696483,28.623375303035154,18000.0,24.139956443382406,True,none,37.43097162524432,18.737974071906944,2.1881880670921077,76.73242229081485,2.1441777091851293,18000.0,1,193,9216,194,289
607,607,Turnigy,RotorStar 4956-520 / RS600 (520),520.0,2900.0,1.6,0.0214,0.395,complete,9x7.5E,8x8E,9.0,7.5,8.0,8.0,True,True,4.7954732728491996,4.7954732728491996,0.0,0.0,0.0,0.0,0.0,0.0,4.971105322680486,20.505664384524582,True,none,45.69823843936102,5.968334870345718,5.94676988157462,27.13519981204179,51.74140018795819,14800.0,21.630405288066633,True,none,45.58261900277884,11.099452831634917,4.779929791458095,52.34075817564489,26.53584182435509,14800.0,24.336558291839864,True,none,37.57066283065207,16.075088246754284,3.0219685299864407,78.41672858200045,0.4598714179995369,14900.0,6,673,8736,386,290
267,267,Scorpion,HK5020-520² (520),520.0,5800.0,1.72,0.015,0.468,complete,14x14E,9x6E,14.0,14.0,9.0,6.0,True,True,4.795435302147567,4.795435302147567,0.0,0.0,0.0,0.0,0.0,0.0,5.064404705180487,20.530530021545395,True,none,45.91807468134024,3.264781390958279,9.673746397672659,36.72902805500899,42.14757194499099,9500.0,21.63584845192591,True,none,45.828253666106946,5.908953598534904,9.13677949314296,68.69015456583406,10.186445434165918,9500.0,24.397378692538826,True,none,37.5757719337886,11.731130329788694,4.172779153002404,77.78433885960975,1.0922611403902351,15000.0,6,673,8736,386,291
281,281,Scorpion,HK4035-500² (500),500.0,3360.0,1.9,0.02,0.435,complete,10x12WE,8x8E,10.0,12.0,8.0,8.0,True,True,4.795422649926531,4.795422649926531,0.0,0.0,0.0,0.0,0.0,0.0,5.013540929180487,20.508957771821677,True,none,45.82603060786835,4.282353886519593,8.682148983840309,31.051620325550946,47.82497967444904,13400.0,21.637321506859465,True,none,45.67911474637745,7.7653987653464815,7.226335621593861,59.25656646767865,19.62003353232133,13400.0,24.380407710246825,True,none,37.547283103341634,18.10011407798344,2.7001451428101477,78.40884773503103,0.4677522649689507,14300.0,6,673,8736,386,292
677,677,Turnigy,TR4250-06² (800),800.0,980.0,3.5,0.027,0.21,complete,8x8E,9x7.5E,8.0,8.0,9.0,7.5,True,True,4.795300384816288,4.795300384816288,0.0,0.0,0.0,0.0,0.0,0.0,4.7842643691804865,19.18745668152541,True,none,49.9567548662914,7.933375709870744,3.9128039369361427,36.02170097992667,42.85489902007331,16600.0,20.36285055223798,True,none,49.71205558342877,15.735090945762737,2.9697512963008963,69.27425957883969,9.602340421160292,16500.0,27.445581110262662,True,none,31.276294010569924,14.761202638363143,2.8806260160372323,77.9833759796726,0.8932240203273807,13700.0,6,673,8736,578,293
198,198,Scorpion,HKIII-5020-520² (520),520.0,5200.0,2.44,0.0147,0.498,complete,14x14E,8x6E,14.0,14.0,8.0,6.0,True,True,4.7952710055053345,4.7952710055053345,0.0,0.0,0.0,0.0,0.0,0.0,5.094404705180486,20.559369736288687,True,none,45.91621207346283,3.3547936121463895,9.711484408498446,37.44313618690325,41.43346381309673,9500.0,21.661076217453594,True,none,45.826255037911636,6.046851401863531,9.101513682993883,69.6177224111057,9.25887758889428,9500.0,24.970600512203283,True,none,36.34444294061273,18.99962281528783,2.5168639751989588,74.16591946684011,4.710680533159874,15000.0,6,673,8736,386,294
261,261,Scorpion,HK4025-630² (630),630.0,2520.0,1.1,0.024,0.326,complete,7x15E,7x7E,7.0,15.0,7.0,7.0,True,True,4.795233146889105,4.795233146889105,0.0,0.0,0.0,0.0,0.0,0.0,4.898909327680487,20.431969474064754,True,none,45.71288167862803,11.668244683245561,2.9093704511705383,34.08805344423989,44.78854655576009,17400.0,21.667687357128816,True,none,45.25283977712495,22.961081342508326,2.2036506025271483,63.83138980954058,15.0452101904594,17400.0,24.17664352920857,True,none,37.80415966178181,18.687027352113063,2.5392365643803894,77.95293104281355,0.923668957186436,18000.0,5,577,8832,194,295
689,689,Turnigy,TR6354-14² (250),250.0,2100.0,1.5,0.059,0.48,complete,20x15E,16x12E,20.0,15.0,16.0,12.0,True,True,4.7951953092336295,4.7951953092336295,0.0,0.0,0.0,0.0,0.0,0.0,5.139525929180487,20.589659167335277,True,none,45.95799686041021,2.246011130667229,9.767969368266574,32.72917287980641,46.14742712019357,6600.0,21.674945399640723,True,none,45.90585305080222,3.9852810236287737,11.195046294156601,59.99302208043327,18.88357791956671,6600.0,24.4784402578182,True,none,37.48057531057795,6.948301733715979,7.42517426798549,77.77579383333214,1.1008061666678373,7000.0,9,961,8448,770,296
26,26,Cobra,CM-2820/16 (740),740.0,600.0,0.92,0.111,0.146,complete,7x7E,7x7E,7.0,7.0,7.0,7.0,True,True,4.795182701336742,4.795182701336742,0.0,0.0,0.0,0.0,0.0,0.0,4.718909327680487,20.452948452265517,True,none,45.047096128782776,10.25993822401345,2.9011850248588873,27.064047584874885,51.8125524151251,18100.0,21.67566883372807,True,none,44.72174191220754,21.19860883625999,2.0750156201140078,52.16523072527406,26.711369274725925,18000.0,24.85887613578528,True,none,35.938665303326914,19.08997962433621,2.162516090163723,76.69421609326957,2.182383906730408,18000.0,1,193,9216,194,297
174,174,Scorpion,MII-3011-875 (875),875.0,955.0,1.24,0.0463,0.09,complete,8x8E,8x8E,8.0,8.0,8.0,8.0,True,True,4.7951576619268845,4.7951576619268845,0.0,0.0,0.0,0.0,0.0,0.0,4.664264369180486,19.183243573721306,True,none,49.4919349513973,7.800643636492791,3.738048192722233,35.01782147196546,43.85877852803452,16300.0,20.382942286755885,True,none,49.221062860520405,15.834243636276703,2.798744542795542,67.27592825000346,11.600671749996522,16300.0,26.566986318023126,True,none,32.56768898746235,14.312188205508994,2.9016768782190088,75.70455355880415,3.172046441195832,16300.0,3,385,9024,386,298
327,327,T-Motor,AT4130-450 (Long Shaft) (450),450.0,1800.0,2.5,0.0168,0.408,complete,9x9E,9x7.5E,9.0,9.0,9.0,7.5,True,True,4.795119696735352,4.795119696735352,0.0,0.0,0.0,0.0,0.0,0.0,4.984105322680486,20.556116264174356,True,none,45.56835275086022,7.810711310164066,4.546666531616216,27.280635193172635,51.59596480682735,12900.0,21.68551358732504,True,none,45.43205999638011,14.689164129378657,3.6041441772754634,52.40194319809376,26.47465680190622,12900.0,24.537052899652764,True,none,37.140423018205816,14.086402005587058,3.4508918048888124,76.63100776307499,2.245592236924992,13000.0,13,1345,8064,674,299
624,624,Turnigy,SK3-5035-450 (450),450.0,1260.0,2.0,0.025,0.275,complete,9x9E,8x8E,9.0,9.0,8.0,8.0,True,True,4.795069334875308,4.795069334875308,0.0,0.0,0.0,0.0,0.0,0.0,4.851105322680487,20.545393080983942,True,none,45.171695467774484,7.2513518147224945,4.580433989759447,25.935080153053097,52.94151984694689,12800.0,21.69329707669137,True,none,45.03320640429767,13.904514785128091,3.610828321663984,50.21973468350531,28.656865316494674,12800.0,23.831058431146175,True,none,38.52858773970306,22.099567105293243,2.055964432921675,76.84595410247331,2.030645897526668,12900.0,18,1825,7584,1058,300
627,627,Turnigy,SK3-5045-450 (450),450.0,1250.0,1.8,0.025,0.275,complete,9x9E,8x8E,9.0,9.0,8.0,8.0,True,True,4.795069334875308,4.795069334875308,0.0,0.0,0.0,0.0,0.0,0.0,4.851105322680487,20.545393080983942,True,none,45.171695467774484,7.2513518147224945,4.672914617334878,25.792089988179765,53.084510011820214,12800.0,21.69329707669137,True,none,45.03320640429767,13.869541579577817,3.610828321663984,50.00855970673667,28.868040293263313,12800.0,23.831058431146175,True,none,38.52858773970306,22.099567105293243,2.055964432921675,76.35858443327703,2.5180155667229513,12900.0,17,1729,7680,962,301
224,224,Scorpion,HKIII-4035-450² (450),450.0,3300.0,1.85,0.02,0.439,complete,9x9E,9x7.5E,9.0,9.0,9.0,7.5,True,True,4.795069334875308,4.795069334875308,0.0,0.0,0.0,0.0,0.0,0.0,5.015105322680487,20.56729907456621,True,none,45.631010320295154,7.985916254018257,4.518104223717483,27.04108141539781,51.83551858460217,12800.0,21.6936464763728,True,none,45.49152308654579,14.94328556151205,3.5843740270180637,52.08940691529562,26.787193084704363,12800.0,24.025098447225652,True,none,38.399265704967206,14.29710707998569,3.430107032704947,78.6220399319078,0.25456006809217513,12900.0,10,1057,8352,386,302
5,5,Cobra,C-2826/12 (760),760.0,620.0,1.1,0.068,0.171,complete,7x7E,7x7E,7.0,7.0,7.0,7.0,True,True,4.795044167871508,4.795044167871508,0.0,0.0,0.0,0.0,0.0,0.0,4.743909327680487,20.479240756879122,True,none,45.04188785432809,10.439869259267056,2.8828086180059436,27.69104005013917,51.18555994986082,18100.0,21.698714329755056,True,none,44.71595561422415,21.490095807525552,2.06263770125039,53.16631030214934,25.71028969785064,18000.0,24.880344062520525,True,none,35.93911380712527,19.345637485321618,2.1495514374137588,78.44117742631359,0.43542257368639525,18000.0,1,193,9216,194,303
146,146,Scorpion,HKIV-4035-450 (450),450.0,4329.0,2.43,0.0187,0.456,complete,9x9E,9x7.5E,9.0,9.0,9.0,7.5,True,True,4.794981290938989,4.794981290938989,0.0,0.0,0.0,0.0,0.0,0.0,5.032105322680486,20.583928411992517,True,none,45.62938927263653,8.064784465632421,4.50257430162888,27.492163834204323,51.38443616579566,12800.0,21.708206140598094,True,none,45.489773705906266,15.058973155480592,3.5736000794323095,52.82394447537525,26.052655524624733,12800.0,24.578830530539296,True,none,37.13734349477899,14.413512213023374,3.4187830230687006,77.10157972421283,1.7750202757871563,12900.0,10,1057,8352,386,304
617,617,Turnigy,SK3-4240-740 (740),740.0,870.0,2.7,0.013,0.194,complete,8x8E,8x8E,8.0,8.0,8.0,8.0,True,True,4.794944102000808,4.794944102000808,0.0,0.0,0.0,0.0,0.0,0.0,4.7682643691804865,19.23028887098389,True,none,49.718167908711244,8.187305399562296,3.787780763135718,34.22845715744465,44.64814284255533,16400.0,20.412190459053846,True,none,49.45837925581352,16.331613999655623,2.798975378000501,65.76488630277099,13.111713697228993,16400.0,25.64679067414723,True,none,34.42627700140637,14.786847166506838,2.90009407997339,76.64811974775967,2.228480252240317,16400.0,3,385,9024,386,305
143,143,Scorpion,HKII-4525-370 (370),370.0,5724.0,1.54,0.0234,0.515,complete,12x10E,10x10E,12.0,10.0,10.0,10.0,True,True,4.794918471909531,4.794918471909531,0.0,0.0,0.0,0.0,0.0,0.0,5.100631065180487,20.61750816556098,True,none,45.736116576988266,4.913659603620241,7.684830674565141,27.6349373682007,51.24166263179929,10500.0,21.718966811179854,True,none,45.645134456688545,8.878862132454394,6.310024588152735,52.63040738099559,26.24619261900439,10500.0,24.171028685070187,True,none,38.20625378261634,15.51872672731638,3.3022875409370465,78.4117376943172,0.46486230568278586,10600.0,13,1345,8064,674,306
437,437,T-Motor,V2812-925 (925),925.0,1013.0,1.16,0.067,0.078,complete,8x8E,8x8E,8.0,8.0,8.0,8.0,True,True,4.794901465323237,4.794901465323237,0.0,0.0,0.0,0.0,0.0,0.0,4.652264369180487,19.21624764633786,True,none,49.311780914395534,7.6395507241975,3.819307986787316,35.56561082734021,43.310989172659774,16300.0,20.41769091465431,True,none,49.04269592128071,15.51232729857767,2.8665988713662376,68.68403532053782,10.192564679462166,16300.0,26.619451396469607,True,none,32.458518250183246,14.004099312100289,2.971037072964739,78.1085518136505,0.768048186349489,16300.0,4,481,8928,482,307
691,691,Turnigy,TR5065-09² (270),270.0,1820.0,1.5,0.042,0.31,complete,14x14E,12x12E,14.0,14.0,12.0,12.0,True,True,4.794868258322438,4.794868258322438,0.0,0.0,0.0,0.0,0.0,0.0,4.906404705180487,20.598195134553887,True,none,45.17430686548548,4.845164658001982,7.093780850812104,25.789155907075735,53.087444092924244,7500.0,21.725171684128163,True,none,45.081441660036916,9.050450203179187,5.792783353802231,49.904146494117846,28.972453505882136,7500.0,23.986656292209663,True,none,38.248176008434086,14.546926259321237,3.307332383109772,73.723571745812,5.153028254187987,7700.0,14,1441,7968,1058,308
41,41,Cobra,CM-4515/24 (325),325.0,890.0,0.59,0.054,0.273,complete,12x12E,12x10E,12.0,12.0,12.0,10.0,True,True,4.794843165393664,4.794843165393664,0.0,0.0,0.0,0.0,0.0,0.0,4.858631065180487,20.591243801542234,True,none,45.043077348870646,5.647703967575882,5.970153599959892,24.950022670398678,53.9265773296013,9100.0,21.729618604401512,True,none,44.933634026606974,10.688402557185912,4.812859940501056,48.06061266748398,30.815987332516002,9100.0,23.37289857203329,True,none,39.69824573741054,10.098461521228451,4.7008964738565515,78.13197729104654,0.7446227089534432,9200.0,18,1825,7584,962,309
443,443,T-Motor,V505-260 (260),260.0,2500.0,1.5,0.058,0.225,complete,20x22.5EP(CD),14x12E,20.0,22.5,14.0,12.0,True,True,4.794843165393664,4.794843165393664,0.0,0.0,0.0,0.0,0.0,0.0,4.884525929180487,20.6047674613954,True,none,45.0816898716689,2.326075575286995,9.444308611761517,37.737087639536654,41.13951236046333,5200.0,21.72935683772706,True,none,45.00657026304526,4.294018060778265,10.913789493256143,64.1197527735505,14.75684722644948,5200.0,24.031760302344956,True,none,37.98933615050651,9.052630411470346,5.273512389308197,74.41750677130366,4.459093228696318,7300.0,9,961,8448,866,310
268,268,Scorpion,HK-5020-450² (450),450.0,5320.0,1.21,0.018,0.468,complete,9x9E,9x7.5E,9.0,9.0,9.0,7.5,True,True,4.7948055433171195,4.7948055433171195,0.0,0.0,0.0,0.0,0.0,0.0,5.044105322680487,20.614846060171367,True,none,45.56276292800435,8.026027214752997,4.491668115242854,26.803056695600755,52.07354330439922,12900.0,21.736910555769324,True,none,45.42602843518211,15.015927824809769,3.5660235542891585,51.56356199424274,27.313038005757242,12900.0,24.050799089006127,True,none,38.39603340826071,14.496045400643219,3.4108208870174184,77.40248722499005,1.474112775009928,13000.0,10,1057,8352,386,311
291,291,Scorpion,S3032-10² (823),823.0,1200.0,2.61,0.029,0.223,complete,10x10E,9x7.5E,10.0,10.0,9.0,7.5,True,True,4.794702825033754,4.794702825033754,0.0,0.0,0.0,0.0,0.0,0.0,4.8015409291804865,19.262059913059087,True,none,49.72179536162942,7.722418945116313,3.998471034410303,40.37757197232605,38.49902802767393,12300.0,20.44590395544775,True,none,49.43613860175657,15.304477709259531,3.0092642859007066,77.2561783154978,1.6204216845021762,12300.0,26.920953915893783,True,none,32.16042294335911,10.881205496235012,4.0820201113439305,78.65846330783484,0.21813669216514597,14800.0,12,1249,8160,770,312
565,565,T-Motor,HT4035-6² (510),510.0,3360.0,2.3,0.019,0.45,complete,14x14E,9x6E,14.0,14.0,9.0,6.0,True,True,4.794642754045249,4.794642754045249,0.0,0.0,0.0,0.0,0.0,0.0,5.046404705180487,20.652134187073212,True,none,45.443512789292555,3.189817049631466,9.65103276009726,36.03677729361579,42.83982270638419,9600.0,21.762705180867762,True,none,45.345272699738416,5.779832167762661,9.388022423413984,67.17118105254374,11.705418947456238,9600.0,24.725081707118413,True,none,36.79818004333851,12.291228596970864,3.9400350121616525,76.15419399127245,2.722406008727532,14700.0,6,673,8736,386,313
197,197,Scorpion,HKIII-5020-450² (450),450.0,4901.0,2.22,0.0179,0.501,complete,9x9E,9x7.5E,9.0,9.0,9.0,7.5,True,True,4.794617744060633,4.794617744060633,0.0,0.0,0.0,0.0,0.0,0.0,5.077105322680487,20.646966571005077,True,none,45.559654062911335,8.25741823916059,4.461912401298401,27.607010000337677,51.2695899996623,12900.0,21.765062704072385,True,none,45.42267939559599,15.341720612776186,3.545309007622374,52.86903514335189,26.007564856648095,12900.0,24.61783042340769,True,none,37.13442468622552,14.724574887078774,3.389057135760832,77.00940613413157,1.8671938658684155,13000.0,10,1057,8352,386,314
144,144,Scorpion,HKII-4525-450 (450),450.0,5724.0,2.0,0.018,0.515,complete,9x9E,9x7.5E,9.0,9.0,9.0,7.5,True,True,4.794555259296994,4.794555259296994,0.0,0.0,0.0,0.0,0.0,0.0,5.0911053226804865,20.66055519541723,True,none,45.558327932224145,8.314496494460354,4.4493921657908215,27.534843603298306,51.341756396701676,12900.0,21.77698141344137,True,none,45.42125180377453,15.423726568141749,3.536574085233807,52.73455815436098,26.142041845639,12900.0,24.62993128771208,True,none,37.133510203685816,14.822222113170179,3.379882003733274,76.82249895259042,2.05410104740956,13000.0,10,1057,8352,386,315
231,231,Scorpion,HK-4535-450 PAW Ed² (450),450.0,12200.0,2.18,0.007,0.658,complete,9x9E,9x7.5E,9.0,9.0,9.0,7.5,True,True,4.794542769230273,4.794542769230273,0.0,0.0,0.0,0.0,0.0,0.0,5.234105322680487,20.67944033338476,True,none,45.951849330749205,8.810343479403034,4.41274794428179,28.754671485344012,50.12192851465597,12900.0,21.777633933328968,True,none,45.81686689966668,16.072915408774932,3.526129269999029,54.79504844977721,24.08155155022277,12900.0,24.741525866152678,True,none,37.149208949140736,15.52453016657759,3.3637059416528814,78.75608710893374,0.12051289106624097,13000.0,9,961,8448,290,316
135,135,Scorpion,HK-4535-450 PAW Ed (450),450.0,8645.0,2.75,0.0073,0.658,complete,9x9E,9x7.5E,9.0,9.0,9.0,7.5,True,True,4.794542769230273,4.794542769230273,0.0,0.0,0.0,0.0,0.0,0.0,5.234105322680487,20.67944033338476,True,none,45.951849330749205,8.85762338535999,4.41274794428179,29.120161405711166,49.75643859428882,12900.0,21.777633933328968,True,none,45.81686689966668,16.13341085703689,3.526129269999029,55.402088093502826,23.474511906497156,12900.0,25.31373395598151,True,none,35.89744582257539,15.52453016657759,3.3637059416528814,76.51616244906427,2.360437550935714,13000.0,9,961,8448,290,317
319,319,T-Motor,AT3520-720 (Long Shaft) (720),720.0,1100.0,1.6,0.02,0.22,complete,11x10E,10x8E,11.0,10.0,10.0,8.0,True,True,4.79451885987368,4.79451885987368,0.0,0.0,0.0,0.0,0.0,0.0,4.801679929680486,19.369031092518956,True,none,49.63115103533438,7.462106148741257,4.142948851927522,38.490987397096966,40.38561260290302,11700.0,20.472778188832095,True,none,49.32910095428503,14.82569696235451,2.9984870630149896,73.22401498513719,5.652585014862794,11700.0,26.038237105076412,True,none,33.730351741468496,10.824784442630772,4.003084298428772,77.22129764580316,1.6553023541968201,13000.0,13,1345,8064,866,318
210,210,Scorpion,SII-3032-690 (V2)² (690),690.0,1025.0,2.17,0.022,0.275,complete,10x10E,7x11E,10.0,10.0,7.0,11.0,True,True,4.794490599007955,4.794490599007955,0.0,0.0,0.0,0.0,0.0,0.0,4.853540929180487,19.29995193212953,True,none,49.77396472637891,7.8548831206725325,4.058307388936007,37.423760563408045,41.45283943659194,12400.0,20.475919002305133,True,none,49.49155764183337,15.447040941046206,2.978364071237923,71.2109955345761,7.665604465423883,12300.0,25.691346529218244,True,none,34.47287967526199,15.480933005734176,3.1082995430712104,78.34693356700717,0.529666432992812,19100.0,14,1441,7968,674,319
244,244,Scorpion,SII-3032-690² (690),690.0,1025.0,2.17,0.022,0.275,complete,10x10E,7x11E,10.0,10.0,7.0,11.0,True,True,4.794490599007955,4.794490599007955,0.0,0.0,0.0,0.0,0.0,0.0,4.853540929180487,19.29995193212953,True,none,49.77396472637891,7.8548831206725325,4.058307388936007,37.423760563408045,41.45283943659194,12400.0,20.475919002305133,True,none,49.49155764183337,15.447040941046206,2.978364071237923,71.2109955345761,7.665604465423883,12300.0,25.691346529218244,True,none,34.47287967526199,15.480933005734176,3.1082995430712104,78.34693356700717,0.529666432992812,19100.0,14,1441,7968,674,320
658,658,Turnigy,SK5045-07² (800),800.0,1210.0,1.6,0.017,0.23,complete,11x10E,9x7.5E,11.0,10.0,9.0,7.5,True,True,4.794448228406221,4.794448228406221,0.0,0.0,0.0,0.0,0.0,0.0,4.811679929680487,19.294834542318842,True,none,49.62929041585094,7.5269827680095975,4.015869268974708,40.759309022420965,38.11729097757902,11700.0,20.481765000866133,True,none,49.32694120286124,14.915743198464561,2.992349924903759,77.21521716101199,1.6613828389879899,11700.0,26.375301131867772,True,none,33.124496895912,10.081963600304398,4.420970112163066,77.10443794685143,1.7721620531485485,15000.0,11,1153,8256,866,321
113,113,Scorpion,SII-3026-710 (V2) (710),710.0,1300.0,1.82,0.0282,0.205,complete,10x12WE,9x9E,10.0,12.0,9.0,9.0,True,True,4.794434110388239,4.794434110388239,0.0,0.0,0.0,0.0,0.0,0.0,4.783540929180487,19.323065785517947,True,none,49.40483472242316,6.884345744086982,4.574390045834335,39.32104524211151,39.55555475788847,10800.0,20.48393131097388,True,none,49.223565026373116,13.480911577254734,3.520593501157908,75.17994858113921,3.6966514188607675,10700.0,26.2401052075678,True,none,33.33035225556615,8.83141688758591,5.186303481487557,76.1566579082363,2.7199420917636843,15000.0,9,961,8448,674,322
23,23,Cobra,C-4130/14 (450),450.0,1780.0,1.46,0.024,0.398,complete,9x9E,9x7.5E,9.0,9.0,9.0,7.5,True,True,4.7944055297521855,4.7944055297521855,0.0,0.0,0.0,0.0,0.0,0.0,4.9741053226804866,20.66745444275262,True,none,45.160230248809654,7.800664439115577,4.555947988029647,26.262403164928088,52.614196835071894,12800.0,21.79978604604809,True,none,45.02079929123025,14.670642328581335,3.6105560055526094,50.57820841366278,28.298391586337203,12800.0,24.112290269931627,True,none,38.10698749200881,14.140361643025827,3.37999026130397,76.23288726924991,2.6437127307500674,12900.0,13,1345,8064,674,323
660,660,Turnigy,SK5055-04² (700),700.0,1450.0,1.6,0.016,0.33,complete,10x12WE,10x10E,10.0,12.0,10.0,10.0,True,True,4.794307172177383,4.794307172177383,0.0,0.0,0.0,0.0,0.0,0.0,4.908540929180487,19.36858815075634,True,none,49.71161576235902,6.282601605778622,5.409689955472895,40.06117420750483,38.815425792495155,11300.0,20.50205325340687,True,none,49.57189755795099,11.916473556443936,4.2578121113108205,75.46842274655191,3.4081772534480734,11300.0,27.441496540907245,True,none,31.452083589622944,8.729894190556386,5.452018926443265,77.14070212579183,1.735897874208149,13300.0,8,865,8544,674,324
9,9,Cobra,C-3520/12 (820),820.0,1040.0,1.45,0.039,0.21,complete,9x9E,8x8E,9.0,9.0,8.0,8.0,True,True,4.794236747214458,4.794236747214458,0.0,0.0,0.0,0.0,0.0,0.0,4.786105322680487,19.325274816747527,True,none,49.4060691755494,8.061710894864845,3.8263307878551887,37.281197272208004,41.59540272779198,13900.0,20.512293124062467,True,none,49.11968390010764,16.069213375951417,2.80054139173616,71.1310910996036,7.745508900396388,13900.0,25.613252349778925,True,none,34.51857169775849,12.388932374669814,3.580197952229729,78.87222383931424,0.004376160685737318,16500.0,8,865,8544,674,325
50,50,Planet-Hobby,Joker 4250-5 V3 (820),820.0,1040.0,1.7,0.0187,0.21,complete,9x9E,8x8E,9.0,9.0,8.0,8.0,True,True,4.794236747214458,4.794236747214458,0.0,0.0,0.0,0.0,0.0,0.0,4.786105322680487,19.325274816747527,True,none,49.4060691755494,8.148056009052185,3.740595931651357,37.475010556952626,41.40158944304736,13900.0,20.512293124062467,True,none,49.11968390010764,16.243428697679082,2.80054139173616,71.3965523417536,7.480047658246377,13900.0,25.88190835718416,True,none,34.00132203199621,12.520549376270925,3.514632051039682,77.91118705682268,0.9654129431772986,16300.0,6,673,8736,578,326
669,669,Turnigy,SK6364-07² (270),270.0,2860.0,1.7,0.027,0.706,complete,14x14E,11x12E,14.0,14.0,11.0,12.0,True,True,4.793970695619156,4.793970695619156,0.0,0.0,0.0,0.0,0.0,0.0,5.302404705180487,20.792426198492144,True,none,45.77904143987902,5.828700801703938,6.841197312066077,28.43543318964277,50.44116681035722,7600.0,21.869255746169266,True,none,45.691444005162424,10.343112289758048,5.661009683547546,54.28175287556469,24.59484712443529,7600.0,24.540168899964478,True,none,37.71304354562971,21.50132583610003,2.457727003082348,76.99860898916866,1.8779910108313231,7800.0,12,1249,8160,866,327
318,318,T-Motor,AT3520-850 (Long Shaft) (850),850.0,1100.0,2.0,0.014,0.22,complete,7x11E,8x8E,7.0,11.0,8.0,8.0,True,True,4.793955732697157,4.793955732697157,0.0,0.0,0.0,0.0,0.0,0.0,4.792909327680487,19.392768309655203,True,none,49.16373329374213,9.412526604735755,3.4323609855523083,38.09822680585449,40.778373194145495,18500.0,20.551758607565986,True,none,48.986629174228675,18.596078952951512,2.6420168379873252,72.45994878164802,6.416651218351959,18500.0,26.425359839967502,True,none,33.016404758388624,12.284324354696333,3.6389569242309907,77.8963272438491,0.9802727561508817,16400.0,5,577,8832,578,328
241,241,Scorpion,SII-3026-710² (710),710.0,1000.0,1.56,0.022,0.205,complete,10x10E,10x8E,10.0,10.0,10.0,8.0,True,True,4.793941710682515,4.793941710682515,0.0,0.0,0.0,0.0,0.0,0.0,4.783540929180487,19.35988800026705,True,none,49.25783729348152,7.892373675420144,3.907838822028914,36.38017090148726,42.49642909851272,12200.0,20.553669354565294,True,none,48.947931394025304,15.717539106370076,2.844844489585209,69.95149501059893,8.92510498940105,12200.0,25.599704187584397,True,none,34.54385236904514,12.097229713214979,3.5205075683209563,78.32311776075005,0.5534822392499308,12600.0,10,1057,8352,578,329
184,184,Scorpion,HK-4530-450 Ltd Ed² (450),450.0,9600.0,1.71,0.013,0.565,complete,9x9E,9x7.5E,9.0,9.0,9.0,7.5,True,True,4.79393355360795,4.79393355360795,0.0,0.0,0.0,0.0,0.0,0.0,5.141105322680486,20.766455561132677,True,none,45.35848009361841,8.425736936414122,4.494158633078014,27.557844621745765,51.31875537825422,12900.0,21.876645132620375,True,none,45.223349585154445,15.504563496525355,3.5833444320554464,52.36152243457616,26.515077565423823,12900.0,24.667619234433886,True,none,37.14244781261837,15.075373604261266,3.347391156941709,76.58891726907804,2.2876827309219436,13000.0,10,1057,8352,386,330
7,7,Cobra,C-3515/18 (740),740.0,790.0,1.01,0.065,0.178,complete,8x8E,7x11E,8.0,8.0,7.0,11.0,True,True,4.7938996610067,4.7938996610067,0.0,0.0,0.0,0.0,0.0,0.0,4.7522643691804864,19.36726207505122,True,none,49.106459223655,8.57463026384729,3.522691714633711,32.56036959190162,46.31623040809836,16100.0,20.5609773961093,True,none,48.815327726232354,17.247695654897186,2.6275955442182006,62.73266672277173,16.14393327722825,16100.0,25.636465367719293,True,none,34.41718375254292,21.527697458878514,2.044613566376256,78.58694464132851,0.2896553586714674,16800.0,3,385,9024,386,331
653,653,Turnigy,SK4240-09² (750),750.0,820.0,0.8,0.035,0.155,complete,8x8E,8x8E,8.0,8.0,8.0,8.0,True,True,4.793857635866337,4.793857635866337,0.0,0.0,0.0,0.0,0.0,0.0,4.729264369180487,19.37594189560541,True,none,48.98256569259081,8.073018241560387,3.751719747766766,32.17466070291271,46.70193929708727,16200.0,20.56626999706666,True,none,48.71837234700379,16.244331663870916,2.7611331519943247,62.48308865601804,16.39351134398194,16200.0,25.860399630584478,True,none,33.951982061976885,14.67797613168488,2.9236853962521208,71.68528616827486,7.191313831725125,16200.0,3,385,9024,386,332
385,385,T-Motor,MN3510-630 (630),630.0,495.0,0.5,0.065,0.097,complete,7x7E,7x6E,7.0,7.0,7.0,6.0,True,True,4.7937975403702735,4.7937975403702735,0.0,0.0,0.0,0.0,0.0,0.0,4.669909327680487,20.569787806479162,True,none,44.50262878397669,10.198436923648206,2.8431445119393217,24.310557051757158,54.566042948242824,17600.0,21.898656370214866,True,none,44.17614185373024,21.290441186811755,2.0182385346162937,47.314294023998414,31.562305976001568,17600.0,23.408562784986778,True,none,39.680675988935185,18.368235036629777,2.34395398628791,76.34165664051174,2.5349433594882385,17800.0,2,289,9120,194,333
544,544,T-Motor,MN3510-15² (630),630.0,495.0,0.5,0.065,0.097,complete,7x7E,7x6E,7.0,7.0,7.0,6.0,True,True,4.7937975403702735,4.7937975403702735,0.0,0.0,0.0,0.0,0.0,0.0,4.669909327680487,20.569787806479162,True,none,44.50262878397669,10.198436923648206,2.8431445119393217,24.310557051757158,54.566042948242824,17600.0,21.898656370214866,True,none,44.17614185373024,21.290441186811755,2.0182385346162937,47.314294023998414,31.562305976001568,17600.0,23.408562784986778,True,none,39.680675988935185,18.368235036629777,2.34395398628791,76.34165664051174,2.5349433594882385,17800.0,2,289,9120,194,334
87,87,Planet-Hobby,Joker 6350-10 V2 (370),370.0,2000.0,1.4,0.024,0.47,complete,12x10E,10x10E,12.0,10.0,10.0,10.0,True,True,4.7937975403702735,4.7937975403702735,0.0,0.0,0.0,0.0,0.0,0.0,5.055631065180487,20.790114506318414,True,none,45.0098565375184,4.795631360135016,7.746280071894802,26.51274761419021,52.36385238580977,10500.0,21.897702701432365,True,none,44.91959717201505,8.713171988586643,6.3523233592140755,51.10411185510717,27.77248814489281,10500.0,24.133248778363704,True,none,38.20657355909191,15.193263835321016,3.3302004844920035,77.42049820302512,1.4561017969748633,10600.0,13,1345,8064,674,335
570,570,Turnigy,ACK-3510CP-630 (630),630.0,495.0,0.57,0.077,0.092,complete,7x7E,7x6E,7.0,7.0,7.0,6.0,True,True,4.793698793182095,4.793698793182095,0.0,0.0,0.0,0.0,0.0,0.0,4.664909327680487,20.583565912141268,True,none,44.44173376557312,10.238050400544479,2.799525927121392,24.30559250974059,54.57100749025939,17500.0,21.914176670137373,True,none,44.11266312696476,21.368642170974212,2.020709991488157,47.118144103693034,31.75845589630695,17500.0,23.504556997655982,True,none,39.42286092691532,18.634424138085368,2.303861706211649,75.7735337150141,3.1030662849858857,17700.0,2,289,9120,194,336
575,575,Turnigy,ACK-4006CQ-550 (550),550.0,500.0,0.56,0.133,0.068,complete,8x8E,9x6E,8.0,8.0,9.0,6.0,True,True,4.793600190084661,4.793600190084661,0.0,0.0,0.0,0.0,0.0,0.0,4.642264369180487,20.583727737198764,True,none,44.36794415651475,9.965959485528426,2.826380148312187,24.50432808342724,54.37227191657274,14700.0,21.9307122414719,True,none,43.997386263323776,20.938644880063897,2.0214047641509283,47.453555583902045,31.423044416097937,14600.0,23.567541304252995,True,none,38.73888887099459,16.775581448217242,2.3241557182559553,76.04806380234349,2.82853619765649,15000.0,3,385,9024,290,337
361,361,T-Motor,MN501-S KV240 (240),240.0,1200.0,0.9,0.085,0.17,complete,20x22.5EP(CD),14x14E,20.0,22.5,14.0,14.0,True,True,4.793587874813157,4.793587874813157,0.0,0.0,0.0,0.0,0.0,0.0,4.829525929180487,20.766176613968845,True,none,44.37656588704925,4.500555508327198,6.698359168778092,33.312084600345784,45.5645153996542,4600.0,21.93182611824721,True,none,44.19515017961877,8.692469667270279,5.401293047666072,62.422476113665155,16.454123886334827,4600.0,23.501440467781904,True,none,40.197548670917385,10.441026310861197,4.525423355936185,77.82855259767142,1.0480474023285637,6700.0,11,1153,8256,770,338
10,10,Cobra,C-3520/14 (700),700.0,1020.0,1.33,0.048,0.21,complete,10x10E,7x9E,10.0,10.0,7.0,9.0,True,True,4.793550199161038,4.793550199161038,0.0,0.0,0.0,0.0,0.0,0.0,4.788540929180487,19.426745528277984,True,none,49.01249105411301,7.4860116205588,4.116700756419176,35.950677573209724,42.92592242679026,12300.0,20.60934490566817,True,none,48.74657530719425,14.839395587631069,3.1092163731349283,68.30809263382467,10.56850736617531,12200.0,25.58818448073488,True,none,34.56534919773877,14.910329600064445,3.1305880546007994,69.61070071756826,9.265899282431718,19200.0,14,1441,7968,674,339
133,133,Scorpion,HK-4530-500 (500),500.0,6240.0,2.92,0.0109,0.565,complete,14x14E,8x8E,14.0,14.0,8.0,8.0,True,True,4.793538636179774,4.793538636179774,0.0,0.0,0.0,0.0,0.0,0.0,5.1614047051804866,20.845122161125484,True,none,45.157908384696405,3.348798981480672,9.795241031315221,36.80755529532528,42.0690447046747,9600.0,21.9409136578266,True,none,45.06385971292432,5.985320412206107,9.251157167113268,68.55562801471743,10.320971985282554,9600.0,25.160719324414476,True,none,36.05581977833499,19.006022553114164,2.6878006666867553,78.03021477553997,0.8463852244600076,14400.0,6,673,8736,386,340
690,690,Turnigy,TR6354-16² (200),200.0,2210.0,0.9,0.074,0.48,complete,20x22.5EP(CD),21x13.5EPN,20.0,22.5,21.0,13.5,True,True,4.79351403032607,4.79351403032607,0.0,0.0,0.0,0.0,0.0,0.0,5.139525929180487,20.851462874192258,True,none,45.06845860684504,2.9082452486285284,9.767969368266574,33.26527456686364,45.611325433136344,4900.0,21.9445451411896,True,none,44.99240926662791,5.1355575971960805,11.195046294156601,57.78544854881755,21.091151451182434,4900.0,25.333130880704086,True,none,36.14878789438488,4.693005479092775,10.92444082824821,78.63798073235901,0.23861926764097063,5500.0,4,481,8928,386,341
134,134,Scorpion,HK-4535-450 Ltd Ed (450),450.0,8060.0,2.62,0.0116,0.66,complete,9x9E,9x7.5E,9.0,9.0,9.0,7.5,True,True,4.7934402665580444,4.7934402665580444,0.0,0.0,0.0,0.0,0.0,0.0,5.236105322680487,20.85751948415902,True,none,45.34941716788581,8.882472990497842,4.411020190549948,28.6502493243727,50.22635067562728,12900.0,21.95677189974866,True,none,45.21361936568737,16.167071834459925,3.524913431941129,54.10163980052182,24.77496019947816,12900.0,25.32133548251058,True,none,35.88486056652205,15.787630792302677,3.286822575204521,76.23841163146858,2.6381883685314023,13000.0,10,1057,8352,386,342
73,73,Planet-Hobby,Joker 4250-7 V2 (720),720.0,900.0,1.97,0.024,0.2,complete,9x9E,8x8E,9.0,9.0,8.0,8.0,True,True,4.793327432047872,4.793327432047872,0.0,0.0,0.0,0.0,0.0,0.0,4.776105322680487,19.445231625516254,True,none,48.89181953416163,8.484390814398727,3.5774904650756447,35.01359725117175,43.86300274882823,13700.0,20.64159471064675,True,none,48.58038955144447,17.06500201815146,2.658008830977269,66.90760108479354,11.968998915206441,13700.0,25.777580079129883,True,none,34.18379152360277,13.094132560806703,3.3244047112871535,73.57437179924709,5.302228200752893,16000.0,6,673,8736,578,343
556,556,T-Motor,AT3520-730² (730),730.0,1200.0,0.8,0.032,0.206,complete,11x10E,10x8E,11.0,10.0,10.0,8.0,True,True,4.793271848147118,4.793271848147118,0.0,0.0,0.0,0.0,0.0,0.0,4.787679929680487,19.473763427388512,True,none,48.82460359428826,6.495574620906128,4.671488171215925,37.12348868719647,41.75311131280351,11800.0,20.650199029641463,True,none,48.585022560336206,12.785746415533708,3.5421516985368147,71.30798974511094,7.5686102548890375,11800.0,25.47041227912632,True,none,34.800519043803746,9.427102670178545,4.723948055047922,78.37058642409204,0.5060135759079429,13300.0,11,1153,8256,674,344
251,251,Scorpion,S-4025-12² (440),440.0,2000.0,0.85,0.022,0.35,complete,11x10E,9x7.5E,11.0,10.0,9.0,7.5,True,True,4.7931827271253935,4.7931827271253935,0.0,0.0,0.0,0.0,0.0,0.0,4.931679929680487,20.8663814613076,True,none,44.372539956979026,4.205687195662932,8.471528666791649,26.102799725019892,52.77380027498009,12100.0,21.997670897553082,True,none,44.258608509755675,7.737552418293687,6.979871382595648,50.4994082203067,28.377191779693284,12100.0,23.823623866732984,True,none,38.70706978573686,14.564449769331937,3.256151904858061,75.55716357634864,3.3194364236513394,12700.0,10,1057,8352,386,345
76,76,Planet-Hobby,Joker 4260-5 V2 (680),680.0,1100.0,2.97,0.017,0.283,complete,9x9E,7x9E,9.0,9.0,7.0,9.0,True,True,4.793174679881587,4.793174679881587,0.0,0.0,0.0,0.0,0.0,0.0,4.859105322680486,19.517345085879946,True,none,48.92710432018781,6.508702518043535,4.9422810796742604,34.78109407450861,44.09550592549137,14500.0,20.664040824726463,True,none,48.76527451769614,12.552323488151199,3.8453990858348175,66.37327485781061,12.503325142189368,14500.0,25.681915138733835,True,none,34.50464379425317,15.477786427052058,3.0866908796069192,73.0169750804975,5.85962491950248,19200.0,12,1249,8160,674,346
120,120,Scorpion,SII-4025-440 (440),440.0,2600.0,1.45,0.0227,0.353,complete,11x10E,9x7.5E,11.0,10.0,9.0,7.5,True,True,4.7931704878704515,4.7931704878704515,0.0,0.0,0.0,0.0,0.0,0.0,4.934679929680486,20.86933868868209,True,none,44.37230796361994,4.231695449103859,8.467076195234224,26.466056810433237,52.410543189566745,12100.0,22.000249446907855,True,none,44.25835939514367,7.772653939802383,6.976860758212694,51.11338117798542,27.763218822014565,12100.0,23.827640388540047,True,none,38.703459207921135,14.60096053456018,3.2541741523170007,76.98377145522933,1.8928285447706514,12700.0,10,1057,8352,386,347
578,578,Turnigy,AX-4008CQ-600 (600),600.0,550.0,0.7,0.084,0.082,complete,8x8E,7x7E,8.0,8.0,7.0,7.0,True,True,4.7930237901968855,4.7930237901968855,0.0,0.0,0.0,0.0,0.0,0.0,4.656264369180486,20.681316788297423,True,none,44.099691594012675,10.000815120024694,2.8764809924423664,25.400275801407812,53.47632419859217,14700.0,22.023972827020575,True,none,43.74137559370024,20.936115527098487,2.0143651419666195,49.00952638068867,29.867073619311313,14600.0,23.458727676459528,True,none,39.032243483073174,20.345206846350475,2.1130458918259927,75.9694314831195,2.907168516880489,16700.0,3,385,9024,290,348
139,139,Scorpion,HKII-4225-610 Ltd Ed (610),610.0,5770.0,2.33,0.013,0.393,complete,7x15E,7x6E,7.0,15.0,7.0,6.0,True,True,4.7930237901968855,4.7930237901968855,0.0,0.0,0.0,0.0,0.0,0.0,4.965909327680487,20.781230290469992,True,none,44.756978256595495,12.734292918632537,2.724502844829256,34.17852503358786,44.69807496641212,17100.0,22.023547290606324,True,none,44.26701210351074,24.988337385697648,2.0511243913469954,63.56294462962768,15.313655370372302,17100.0,24.18916327491161,True,none,37.90840236595899,21.821564988417343,2.1434510136837326,78.7314191041022,0.14518089589778072,17600.0,5,577,8832,194,349
27,27,Cobra,CM-2820/24 (490),490.0,520.0,0.53,0.166,0.146,complete,10x8E,8x8E,10.0,8.0,8.0,8.0,True,True,4.792865228085623,4.792865228085623,0.0,0.0,0.0,0.0,0.0,0.0,4.7245409291804865,21.328901911726923,True,none,42.324870283871995,9.515039131684514,2.9735186462433396,23.492778137702558,55.383821862297424,13000.0,22.050513467862466,True,none,43.53974845178004,19.75303009233266,2.0783430542704364,47.7556904925508,31.120909507449184,12900.0,23.44461528792101,True,none,39.21065364979191,20.144003129438254,2.1220953788438934,76.19197749866936,2.6846225013306224,13200.0,8,865,8544,386,350
651,651,Turnigy,SK3548-05² (790),790.0,850.0,2.1,0.048,0.171,complete,8x8E,8x8E,8.0,8.0,8.0,8.0,True,True,4.792801118130961,4.792801118130961,0.0,0.0,0.0,0.0,0.0,0.0,4.745264369180487,19.518470219007263,True,none,48.48885816839873,8.835172076276331,3.393887494141398,33.74383780860935,45.13276219139063,15900.0,20.71721700749638,True,none,48.1894624063372,17.86216300309567,2.5199400950446007,64.60643206019155,14.270167939808431,15900.0,26.04217102070365,True,none,33.63741925210099,16.13571884904367,2.616251920644933,76.55770669086857,2.3188933091314112,15900.0,3,385,9024,386,351
360,360,T-Motor,MN501-S KV300 (300),300.0,1000.0,1.1,0.063,0.17,complete,14x12E,12x12E,14.0,12.0,12.0,12.0,True,True,4.792428078190345,4.792428078190345,0.0,0.0,0.0,0.0,0.0,0.0,4.766404705180487,20.9745595461713,True,none,43.520437262301535,3.955827681528005,8.367035393363835,23.90672800548374,54.96987199451624,8300.0,22.121935189278847,True,none,43.42858749127785,7.4717779785735985,6.807835819666773,46.48603432560909,32.39056567439089,8300.0,23.40558454262243,True,none,39.3871806962526,11.164950720368063,4.182828635338288,76.86754228498154,2.009057715018443,8400.0,17,1729,7680,1154,352
30,30,Cobra,CM-3515/34 (385),385.0,530.0,0.38,0.2,0.199,complete,10x12WE,10x10E,10.0,12.0,10.0,10.0,True,True,4.792403875504739,4.792403875504739,0.0,0.0,0.0,0.0,0.0,0.0,4.7775409291804865,20.902001193791616,True,none,43.781459162664255,10.052961419125683,2.997296266329722,24.86328847356206,54.01331152643792,9400.0,22.126561280543104,True,none,43.44348480513239,20.48293525850802,2.1683670708442273,48.13811286089886,30.738487139101125,9400.0,23.396493536141165,True,none,39.96100258968428,15.90718394001471,2.8666450982823566,78.06428688670081,0.8123131132991688,10100.0,14,1441,7968,482,353
395,395,T-Motor,MN4112-320 (320),320.0,910.0,1.1,0.094,0.172,complete,12x12E,12x12E,12.0,12.0,12.0,12.0,True,True,4.792246771100111,4.792246771100111,0.0,0.0,0.0,0.0,0.0,0.0,4.757631065180487,20.991729615133412,True,none,43.44039172826881,5.876951235320961,5.442088005724044,23.167268043462204,55.70933195653778,8700.0,22.151404698269204,True,none,43.31467829187981,11.371448912813701,4.334428072540024,45.15953287596711,33.71706712403287,8700.0,23.522692097472035,True,none,39.09573197013037,10.339517854660855,4.465717462103637,78.67129233463147,0.2053076653685082,8700.0,18,1825,7584,1058,354
370,370,T-Motor,MN705-S KV260 (260),260.0,2000.0,2.8,0.016,0.45,complete,14x14E,12x12E,14.0,14.0,12.0,12.0,True,True,4.792077993654057,4.792077993654057,0.0,0.0,0.0,0.0,0.0,0.0,5.046404705180487,21.06891420563845,True,none,44.07415229520055,5.3980738739187855,6.917271770553336,25.8310765453398,53.045523454660184,7400.0,22.17909421936015,True,none,43.98297826736171,9.830569412148137,5.672375564125459,49.67307992880228,29.2035200711977,7400.0,24.562613526765364,True,none,37.1807829162275,16.703722956032657,2.9761066175971007,74.59018921422977,4.286410785770215,7500.0,9,961,8448,770,355
351,351,T-Motor,CINE66-925 (925),925.0,1235.0,1.05,0.069,0.077,complete,11x10E,9x7.5E,11.0,10.0,9.0,7.5,True,True,4.791950635734437,4.791950635734437,0.0,0.0,0.0,0.0,0.0,0.0,4.658679929680487,20.065378264175642,True,none,46.16477722225589,7.853463476600243,3.5574652628851386,39.64741537848858,39.2291846215114,11200.0,20.842632485524618,True,none,47.44182493958434,16.223591187901377,2.570656938122254,77.88931829273972,0.9872817072602658,11200.0,26.92165688616241,True,none,31.945727248169714,10.76452346920864,3.9328633982902077,78.5786213029823,0.2979786970176832,14800.0,11,1153,8256,674,356
230,230,Scorpion,HK-4530-500 Ltd Ed² (500),500.0,11000.0,1.85,0.0107,0.565,complete,9x7.5E,9x6E,9.0,7.5,9.0,6.0,True,True,4.791945681449768,4.791945681449768,0.0,0.0,0.0,0.0,0.0,0.0,5.141105322680486,21.091539847898503,True,none,44.28723684489357,6.921170038508169,5.350125202351352,26.740110795510905,52.13648920448908,14400.0,22.201205772639682,True,none,44.160079809795064,12.698213115154381,4.295167471981561,50.75556208725879,28.121037912741194,14400.0,24.54872246957082,True,none,37.413481783408265,13.220571879068604,3.772471939997192,77.36545261883103,1.5111473811689535,14500.0,5,577,8832,290,357
269,269,Scorpion,HK5025-440² (440),440.0,5700.0,1.69,0.016,0.546,complete,11x10E,9x7.5E,11.0,10.0,9.0,7.5,True,True,4.7919096417995455,4.7919096417995455,0.0,0.0,0.0,0.0,0.0,0.0,5.127679929680487,21.102293553241296,True,none,44.212302584127066,4.621042873164622,8.360188189998182,27.600985525461986,51.275614474537996,12200.0,22.20868600573282,True,none,44.1011333433838,8.275411641314243,6.93628196017821,52.70791962446196,26.168680375538024,12200.0,24.482214041453254,True,none,37.53028761421363,15.758178149655953,3.130263924723665,76.79882468505075,2.0777753149492355,12700.0,10,1057,8352,386,358
393,393,T-Motor,MN4110-300 (300),300.0,535.0,0.9,0.135,0.152,complete,14x14E,11x12E,14.0,14.0,11.0,12.0,True,True,4.791861619214368,4.791861619214368,0.0,0.0,0.0,0.0,0.0,0.0,4.748404705180487,21.315651735434912,True,none,42.433397979881676,9.021086007643426,3.2555586676767394,24.47408268380263,54.40251731619735,7200.0,22.215022054641224,True,none,43.39443864912751,18.647715970349893,2.2850458675683925,48.37160128837373,30.50499871162625,7200.0,23.36254351120312,True,none,39.693453241424464,14.893036516108122,2.970990601325991,76.1522729183526,2.724327081647388,8200.0,12,1249,8160,770,359
199,199,Scorpion,HKIII-5025-440² (440),440.0,5460.0,1.97,0.0151,0.566,complete,11x10E,9x7.5E,11.0,10.0,9.0,7.5,True,True,4.791801639597499,4.791801639597499,0.0,0.0,0.0,0.0,0.0,0.0,5.1476799296804865,21.121507934880405,True,none,44.21073767608864,4.664685870710789,8.332225159853271,27.85660190047235,51.01999809952763,12200.0,22.225548744720655,True,none,44.09946016002626,8.336838490998236,6.917013838578796,53.11955385920465,25.75704614079533,12200.0,24.499900691987666,True,none,37.52784253882191,15.865697693460593,3.117784741767997,77.65510497919169,1.221495020808291,12700.0,10,1057,8352,386,360
321,321,T-Motor,AT3530-580 (Long Shaft) (580),580.0,1400.0,1.9,0.018,0.298,complete,12x12E,8x6E,12.0,12.0,8.0,6.0,True,True,4.791777662860326,4.791777662860326,0.0,0.0,0.0,0.0,0.0,0.0,4.883631065180487,21.08584525384287,True,none,43.53022162037241,5.171879677398436,6.4372841081412835,32.38624811225087,46.490351887749114,9700.0,22.229524096559807,True,none,43.4014734718942,9.828269836146637,5.06845476047275,61.51039501049163,17.366204989508354,9700.0,24.024001056999083,True,none,38.11121369471438,13.08447323011979,3.551824006844676,78.00554940035462,0.8710505996453577,16700.0,12,1249,8160,770,361
204,204,Scorpion,HKII-4530-500² (500),500.0,11000.0,2.12,0.012,0.598,complete,9x7.5E,9x6E,9.0,7.5,9.0,6.0,True,True,4.791777662860326,4.791777662860326,0.0,0.0,0.0,0.0,0.0,0.0,5.174105322680487,21.12328008156055,True,none,44.284276493113175,7.136262495601128,5.316138932538068,27.059502315349217,51.81709768465076,14400.0,22.229102753410785,True,none,44.15691011512318,13.008660095743071,4.271393069727983,51.25750489306937,27.619095106930615,14400.0,24.579281908796197,True,none,37.406151733576245,13.645874423853401,3.667384843624677,78.32872317732296,0.5478768226770256,14500.0,5,577,8832,290,362
571,571,Turnigy,ACK-4008CP-620 (620),620.0,510.0,0.5,0.061,0.099,complete,7x7E,7x6E,7.0,7.0,7.0,6.0,True,True,4.7916579084872035,4.7916579084872035,0.0,0.0,0.0,0.0,0.0,0.0,4.671909327680487,21.050033431603378,True,none,43.00129473504126,9.945406347368976,3.0368972859301278,23.028139836224625,55.84846016377536,17400.0,22.24987353289199,True,none,42.792997901272635,20.348853928158963,2.1797610381529298,44.81571517509366,34.060884824906324,17400.0,23.41251984314885,True,none,39.18544683728619,19.019452285220797,2.2571210106007142,74.65472055306554,4.221879446934437,17600.0,2,289,9120,194,363
569,569,T-Motor,T2820 Pro² (830),830.0,1110.0,0.8,0.05,0.131,complete,11x10E,9x7.5E,11.0,10.0,9.0,7.5,True,True,4.791610555446503,4.791610555446503,0.0,0.0,0.0,0.0,0.0,0.0,4.712679929680487,20.12187927543585,True,none,46.155209360475,8.164160653871114,3.510526211214553,37.333496451055616,41.543103548944366,11200.0,20.89280804344928,True,none,47.42712257293592,16.671614505009984,2.5393729333390507,73.91650170515611,4.960098294843874,11200.0,25.89550162598743,True,none,33.84952555823382,11.060467849024313,3.891749556191331,77.7493892102474,1.1272107897525814,14400.0,10,1057,8352,674,364
693,693,Turnigy,TR6364-10² (230),230.0,2600.0,1.5,0.045,0.645,complete,20x15E,14x14E,20.0,15.0,14.0,14.0,True,True,4.791574208442281,4.791574208442281,0.0,0.0,0.0,0.0,0.0,0.0,5.304525929180487,21.196724187142735,True,none,44.436377702598385,2.5464937687565623,9.971800532227084,30.629382403277404,48.24721759672258,6300.0,22.263400679958647,True,none,44.38585322659066,4.435311215543608,11.373330286395436,56.08291566687845,22.793684333121533,6300.0,24.4985870608971,True,none,37.72147098685487,13.534726056143896,3.998973851529129,76.34403894180998,2.532561058189998,6500.0,13,1345,8064,770,365
684,684,Turnigy,TR5055-06² (580),580.0,1390.0,2.3,0.02,0.31,complete,12x12E,8x6E,12.0,12.0,8.0,6.0,True,True,4.791526427089666,4.791526427089666,0.0,0.0,0.0,0.0,0.0,0.0,4.895631065180487,21.130178260067474,True,none,43.42874260481484,5.3178143031979035,6.244772955721379,32.14224743511835,46.73435256488163,9700.0,22.27178635732392,True,none,43.302159600897575,10.080914358246716,4.921654313937503,61.05931419594475,17.81728580405523,9600.0,24.150808747115523,True,none,37.8354888865398,13.251297097590506,3.5433923453471032,78.31546979444754,0.5611302055524447,16700.0,10,1057,8352,770,366
681,681,Turnigy,TR5045-08² (890),890.0,1080.0,2.6,0.021,0.21,complete,9x9E,8x8E,9.0,9.0,8.0,8.0,True,True,4.791488524685624,4.791488524685624,0.0,0.0,0.0,0.0,0.0,0.0,4.786105322680487,19.709916978166454,True,none,47.91244756974179,8.879824499181293,3.397656506836037,38.52569018694238,40.350909813057605,13500.0,20.910521540145943,True,none,47.592533958581775,17.876189128547942,2.504178738251626,72.82388148101069,6.052718518989295,13400.0,27.436245207874695,True,none,31.288733203736328,13.680299374158244,3.1959188921382498,78.03341036501955,0.8431896349804333,15800.0,5,577,8832,482,367
185,185,Scorpion,HK-4535-500 Ltd Ed² (500),500.0,13000.0,2.06,0.01,0.664,complete,9x7.5E,8x8E,9.0,7.5,8.0,8.0,True,True,4.791454819386742,4.791454819386742,0.0,0.0,0.0,0.0,0.0,0.0,5.240105322680487,21.18639492634299,True,none,44.27829757275651,7.308078278179147,5.349562168282851,27.35394858873779,51.52265141126219,14400.0,22.284660354407638,True,none,44.150508696292704,13.197477214989583,4.224444880373969,51.73710545577604,27.139494544223943,14400.0,25.06229711043201,True,none,36.444398058963245,19.884649368395902,2.6345574317999003,78.50854823038634,0.3680517696136434,14400.0,5,577,8832,290,368
273,273,Scorpion,S5525-225² (225),225.0,2975.0,1.43,0.025,0.64,complete,20x15E,14x14E,20.0,15.0,14.0,14.0,True,True,4.791442892266881,4.791442892266881,0.0,0.0,0.0,0.0,0.0,0.0,5.299525929180486,21.218516138819606,True,none,44.35109860819037,2.392060704366544,9.965685083300615,30.536748580939516,48.339851419060466,6300.0,22.285257820223762,True,none,44.302378344576404,4.147412539469833,11.367968821580913,55.65943125832284,23.217168741677142,6300.0,24.53193477411208,True,none,37.634233470440996,13.504524408245338,3.8275787404437183,75.49784213593111,3.3787578640688736,6500.0,12,1249,8160,770,369
271,271,Scorpion,HK5035-500² (500),500.0,7100.0,1.03,0.012,0.67,complete,9x7.5E,9x6E,9.0,7.5,9.0,6.0,True,True,4.791419044448216,4.791419044448216,0.0,0.0,0.0,0.0,0.0,0.0,5.246105322680487,21.192108783159718,True,none,44.2777502404427,7.336009445478627,5.2433154911300495,26.745850342427747,52.13074965757224,14400.0,22.28969558871889,True,none,44.149922649258855,13.301930659583993,4.220215926906872,50.68839984544283,28.18820015455715,14400.0,24.642911341038207,True,none,37.39644011776239,13.876867150195096,3.696927359049946,76.54562420827784,2.330975791722139,14500.0,5,577,8832,290,370
296,296,T-Motor,Antigravity 5006-300 (300),300.0,500.0,0.6,0.125,0.108,complete,14x12E,11x12E,14.0,12.0,11.0,12.0,True,True,4.791347552319248,4.791347552319248,0.0,0.0,0.0,0.0,0.0,0.0,4.704404705180487,21.58813752112455,True,none,41.520002624722046,8.38544394703402,3.378154052425626,22.39986870383354,56.47673129616644,8200.0,22.302408446652812,True,none,42.718791543423464,17.43773270242822,2.34066049749739,45.156159216455066,33.720440783544916,8200.0,23.401480104739953,True,none,39.744698191131704,14.515803817295549,2.8932464272977345,76.03272040644234,2.843879593557645,8200.0,11,1153,8256,770,371
401,401,T-Motor,MN5006-300 (300),300.0,500.0,0.6,0.125,0.108,complete,14x12E,11x12E,14.0,12.0,11.0,12.0,True,True,4.791347552319248,4.791347552319248,0.0,0.0,0.0,0.0,0.0,0.0,4.704404705180487,21.58813752112455,True,none,41.520002624722046,8.38544394703402,3.378154052425626,22.39986870383354,56.47673129616644,8200.0,22.302408446652812,True,none,42.718791543423464,17.43773270242822,2.34066049749739,45.156159216455066,33.720440783544916,8200.0,23.401480104739953,True,none,39.744698191131704,14.515803817295549,2.8932464272977345,76.03272040644234,2.843879593557645,8200.0,11,1153,8256,770,372
238,238,Scorpion,SII-3020-890² (890),890.0,800.0,1.42,0.02,0.166,complete,7x7E,7x7E,7.0,7.0,7.0,7.0,True,True,4.791312628480619,4.791312628480619,0.0,0.0,0.0,0.0,0.0,0.0,4.738909327680487,19.739577304710146,True,none,47.62744239129401,9.05684460202919,3.335047294799348,31.847433461135108,47.02916653886487,19100.0,20.935367759222437,True,none,47.35263735402531,18.315681813213946,2.446673288687394,61.41889467004769,17.45770532995229,19000.0,25.48045472918356,True,none,34.70249011794847,16.546485580776807,2.5844475203433643,75.12178194397576,3.75481805602422,19000.0,2,289,9120,194,373
78,78,Planet-Hobby,Joker 5050-6 V2 (750),750.0,1250.0,2.98,0.014,0.285,complete,10x10E,10x8E,10.0,10.0,10.0,8.0,True,True,4.791299116097368,4.791299116097368,0.0,0.0,0.0,0.0,0.0,0.0,4.863540929180487,19.783863807132228,True,none,47.918642890539324,6.8126570089828435,4.682605498116192,37.33137028606301,41.54522971393697,12400.0,20.938697168495256,True,none,47.730791248085644,13.184227434807653,3.612051822225314,71.18756998718838,7.6890300128116,12400.0,27.38857267764326,True,none,31.475705761683198,10.247958904833656,4.345225432354877,78.17946733692278,0.6971326630771983,13500.0,9,961,8448,770,374
661,661,Turnigy,SK5055-05² (580),580.0,1530.0,1.6,0.017,0.33,complete,12x12E,8x6E,12.0,12.0,8.0,6.0,True,True,4.791192916329975,4.791192916329975,0.0,0.0,0.0,0.0,0.0,0.0,4.915631065180487,21.190275910255906,True,none,43.30290791687934,4.655887787637623,7.28511337958539,31.820281995080435,47.05631800491955,10200.0,22.32787324795953,True,none,43.181408855699054,8.748289204196716,5.811604502214429,60.24233998480268,18.6342600151973,10200.0,24.05215460347082,True,none,38.109143268615284,13.166359273169014,3.5939924161814,77.59278754872393,1.2838124512760487,16700.0,8,865,8544,674,375
429,429,T-Motor,U7-280 V2 (280),280.0,800.0,0.5,0.071,0.255,complete,16x12E,12x12E,16.0,12.0,12.0,12.0,True,True,4.791169158136608,4.791169158136608,0.0,0.0,0.0,0.0,0.0,0.0,4.866731777180487,21.219101625915002,True,none,43.070002113243746,4.9375420360599405,6.407735359413716,24.450178627893965,54.42642137210602,8000.0,22.331990810766257,True,none,43.044023450336866,9.527208201440246,4.805364753723589,47.44311500044979,31.433484999550195,7900.0,23.556201638268277,True,none,39.191089416134744,13.564908097422457,3.466578659078807,74.40868434510551,4.467915654894469,7900.0,17,1729,7680,1154,376
72,72,Planet-Hobby,Joker 4250-6 V2 (840),840.0,900.0,2.51,0.018,0.2,complete,7x9E,7x9E,7.0,9.0,7.0,9.0,True,True,4.79111021341777,4.79111021341777,0.0,0.0,0.0,0.0,0.0,0.0,4.772909327680487,19.789578007520433,True,none,47.566167443221445,9.03571394352222,3.4825735586071276,33.38078230719164,45.495817692808345,19000.0,20.966736414439353,True,none,47.34344252177509,18.009933240130998,2.6331726825826536,63.85180010773239,15.024799892267595,19000.0,26.363946557592428,True,none,33.093475862188924,16.300296200582906,2.728229520362923,75.96590280761501,2.9106971923849727,19000.0,2,289,9120,290,377
597,597,Turnigy,RotoMax 1.40 (228),228.0,2770.0,1.25,0.029,0.715,complete,20x15E,14x14E,20.0,15.0,14.0,14.0,True,True,4.791086071441215,4.791086071441215,0.0,0.0,0.0,0.0,0.0,0.0,5.3745259291804865,21.287839543318384,True,none,44.34844288012387,2.4826240537062905,10.05702636491421,30.877308385259433,47.99929161474055,6300.0,22.346248093489557,True,none,44.29955656427212,4.2695942887744405,11.448127150477276,56.79831713275628,22.0782828672437,6300.0,24.554474418874833,True,none,37.72493447927385,13.954278858484841,3.9521150913168204,76.5362309093698,2.340369090630176,6500.0,12,1249,8160,770,378
89,89,Planet-Hobby,Joker 6360-12 V2 (210),210.0,2400.0,1.0,0.034,0.63,complete,20x22.5EP(CD),21x13E,20.0,22.5,21.0,13.0,True,True,4.791069799897307,4.791069799897307,0.0,0.0,0.0,0.0,0.0,0.0,5.289525929180487,19.904227872491745,True,none,49.004158116753054,2.536791228634038,9.953442913359805,39.034050825573544,39.84254917442644,5300.0,20.971097688642963,True,none,48.94863727254852,4.387170835158505,11.357238298918794,70.80427781375944,8.072322186240541,5300.0,25.56123708230686,True,none,36.163040340767935,4.1133524035487605,11.18855264263551,76.21933314147536,2.657266858524622,5900.0,7,769,8640,482,379
92,92,Scorpion,A-3017-920 (920),920.0,962.0,1.86,0.025,0.136,complete,7x9E,7x9E,7.0,9.0,7.0,9.0,True,True,4.791069799897307,4.791069799897307,0.0,0.0,0.0,0.0,0.0,0.0,4.7089093276804865,19.787458539318482,True,none,47.34047752185372,8.632468564873008,3.53432322845199,33.953918870118414,44.92268112988157,19000.0,20.972678639186096,True,none,47.122511719633366,17.324407833588385,2.668002736342866,64.63334076817951,14.243259231820474,19000.0,26.398678004764665,True,none,32.932263117243494,15.683699895085727,2.764738079239741,77.71042223795828,1.1661777620416984,19000.0,3,385,9024,386,380
6,6,Cobra,C-3515/14 (950),950.0,970.0,1.39,0.044,0.178,complete,7x9E,7x9E,7.0,9.0,7.0,9.0,True,True,4.790989042189526,4.790989042189526,0.0,0.0,0.0,0.0,0.0,0.0,4.750909327680486,19.803616657977614,True,none,47.43401673235857,8.963891415101553,3.50022259023475,34.54252474780108,44.3340752521989,18900.0,20.983247112841624,True,none,47.2144493755051,17.916980490035808,2.600682374017755,66.03498710578276,12.84161289421722,18900.0,26.394633306399456,True,none,33.00442515096745,16.218483819098935,2.6954832291955357,78.74669312473438,0.12990687526560407,18900.0,3,385,9024,386,381
700,700,Turnigy,TR42-50A² (700),700.0,700.0,3.4,0.0327,0.195,complete,7x7E,7x7E,7.0,7.0,7.0,7.0,True,True,4.790921814622619,4.790921814622619,0.0,0.0,0.0,0.0,0.0,0.0,4.767909327680487,19.803285374009207,True,none,47.497138649584286,9.180667478667903,3.3616400469168393,30.044204802319534,48.83239519768045,19100.0,20.993925340323806,True,none,47.2281688386694,18.476991472130337,2.474088958632442,57.74623474173487,21.130365258265115,19000.0,25.54450689685574,True,none,34.62568668630895,16.7067202205489,2.5681975033828217,71.12165340566551,7.75494659433447,19000.0,2,289,9120,194,382
49,49,Planet-Hobby,Joker 3548-5.5 V3 (720),720.0,750.0,1.1,0.0433,0.167,complete,7x9E,7x9E,7.0,9.0,7.0,9.0,True,True,4.790881508815077,4.790881508815077,0.0,0.0,0.0,0.0,0.0,0.0,4.739909327680487,19.819294369603128,True,none,47.33627573774097,8.787579835383111,3.560693788757991,29.92682226520779,48.94977773479219,19000.0,21.00039840284837,True,none,47.11773681658416,17.571515340896614,2.651057375685591,57.604203477751916,21.272396522248066,19000.0,25.570461884550806,True,none,34.52728198284652,15.900464320485035,2.746972746272182,69.82430604339497,9.052293956605013,19000.0,2,289,9120,290,383
654,654,Turnigy,SK4250-05² (950),950.0,980.0,1.9,0.024,0.23,complete,8x8E,7x9E,8.0,8.0,7.0,9.0,True,True,4.790827803552095,4.790827803552095,0.0,0.0,0.0,0.0,0.0,0.0,4.804264369180487,19.810783191909543,True,none,47.60166932848584,9.432930541329132,3.282432945667963,36.479092252164904,42.39750774783508,15700.0,21.007570169900337,True,none,47.290914286997925,18.950979871483348,2.3770693654511486,69.65191106577547,9.224688934224517,15600.0,27.473430900374314,True,none,31.254842380978992,16.754361722015428,2.6663703207420206,77.00875881591642,1.8678411840835594,18900.0,3,385,9024,386,384
189,189,Scorpion,HKIII-5035-500² (500),500.0,7100.0,2.05,0.008,0.732,complete,9x7.5E,9x6E,9.0,7.5,9.0,6.0,True,True,4.790778373087284,4.790778373087284,0.0,0.0,0.0,0.0,0.0,0.0,5.308105322680487,21.309245956994168,True,none,44.08532627511914,7.5810045418537175,5.281424916913223,27.467533579165448,51.409066420834534,14400.0,22.398726782193506,True,none,43.96189378519358,13.577774091648589,4.264048751696249,52.120706533688455,26.755893466311527,14400.0,25.21765385914956,True,none,36.23190870868096,14.274164324443602,3.6532892233026644,76.42254264958477,2.454057350415212,14500.0,5,577,8832,290,385
588,588,Turnigy,NTM PropDrive v2 3536-910 (910),910.0,910.0,1.4,0.043,0.121,complete,8x8E,7x9E,8.0,8.0,7.0,9.0,True,True,4.790747322306427,4.790747322306427,0.0,0.0,0.0,0.0,0.0,0.0,4.695264369180487,19.80355131665063,True,none,47.231738597478106,9.030207592379133,3.239174163348603,34.31800790310135,44.55859209689863,15500.0,21.02061750588956,True,none,46.90644244784523,18.508237708729833,2.379225831518751,65.53601655737386,13.340583442626126,15500.0,26.546751699551372,True,none,32.64808164553302,16.32791113137058,2.639390047840261,75.38663248988347,3.4899675101165144,18700.0,3,385,9024,386,386
583,583,Turnigy,D3548-6 (790),790.0,715.0,1.8,0.04,0.159,complete,7x7E,7x7E,7.0,7.0,7.0,7.0,True,True,4.790626772586233,4.790626772586233,0.0,0.0,0.0,0.0,0.0,0.0,4.731909327680487,19.838081306449237,True,none,47.23835645331272,9.254349470707188,3.240941120904729,30.148532372441586,48.728067627558396,18900.0,21.03775410292912,True,none,46.9574497730513,18.780823356548183,2.4074013698853016,57.99180442458256,20.88479557541742,18800.0,25.997897305268282,True,none,37.60351169847814,16.949517416099653,2.500931356143843,78.30133321051278,0.5752667894872019,18900.0,1,193,9216,194,387
650,650,Turnigy,SK3548-04² (900),900.0,835.0,2.9,0.035,0.171,complete,7x7E,7x7E,7.0,7.0,7.0,7.0,True,True,4.790559889611906,4.790559889611906,0.0,0.0,0.0,0.0,0.0,0.0,4.743909327680487,19.85051408991675,True,none,47.236253271057315,9.325658552455776,3.2315383989770794,32.80824464920271,46.06835535079727,18900.0,21.04862278853381,True,none,46.955060717120936,18.894457634427226,2.401041321591747,62.59895248847908,16.277647511520904,18800.0,25.61831763970763,True,none,34.44068868662518,17.05552322878234,2.494266146133369,78.501363389069,0.37523661093098326,18900.0,1,193,9216,194,388
331,331,T-Motor,AT5220-A-220 (220),220.0,2700.0,1.8,0.036,0.45,complete,20x15E,14x14E,20.0,15.0,14.0,14.0,True,True,4.7905426525233725,4.7905426525233725,0.0,0.0,0.0,0.0,0.0,0.0,5.109525929180487,21.34754888069046,True,none,43.38693599765151,2.3322336494753118,9.730450427876931,28.97185668805017,49.904743311949815,6100.0,22.43847482697428,True,none,43.33416996675966,4.183617943266887,11.162325092841805,53.135383986164584,25.7412160138354,6100.0,24.352989828206482,True,none,37.683358574932846,13.453400284857207,3.7788031248738796,73.71862484905904,5.157975150940942,6300.0,10,1057,8352,482,389
333,333,T-Motor,AT5220-B-220 (220),220.0,2700.0,1.8,0.036,0.45,complete,20x15E,14x14E,20.0,15.0,14.0,14.0,True,True,4.7905426525233725,4.7905426525233725,0.0,0.0,0.0,0.0,0.0,0.0,5.109525929180487,21.34754888069046,True,none,43.38693599765151,2.3322336494753118,9.730450427876931,28.97185668805017,49.904743311949815,6100.0,22.43847482697428,True,none,43.33416996675966,4.183617943266887,11.162325092841805,53.135383986164584,25.7412160138354,6100.0,24.352989828206482,True,none,37.683358574932846,13.453400284857207,3.7788031248738796,73.71862484905904,5.157975150940942,6300.0,10,1057,8352,482,390
612,612,Turnigy,SK3-3548-840 (840),840.0,750.0,1.6,0.025,0.174,complete,7x7E,7x7E,7.0,7.0,7.0,7.0,True,True,4.7905331542135805,4.7905331542135805,0.0,0.0,0.0,0.0,0.0,0.0,4.746909327680487,19.853619567059514,True,none,47.23572588157386,9.344352538238265,3.229194299504139,30.948682086698692,47.927917913301286,18900.0,21.051338236221415,True,none,46.954462426799765,18.93959974525653,2.399454484212076,59.39290844548738,19.483691554512603,18800.0,25.620675182562998,True,none,34.441155729481416,17.094891745138124,2.492603313706099,72.68053305188081,6.196066948119167,18900.0,1,193,9216,194,391
317,317,T-Motor,AT2826-900 (Long Shaft) (900),900.0,820.0,2.2,0.024,0.175,complete,7x7E,7x7E,7.0,7.0,7.0,7.0,True,True,4.7905331542135805,4.7905331542135805,0.0,0.0,0.0,0.0,0.0,0.0,4.747909327680487,19.854654484851803,True,none,47.23554994425661,9.269068552999673,3.278147944395334,32.34349147467138,46.5331085253286,18900.0,21.052243232532156,True,none,46.95426290548207,18.770222259482114,2.398925819851573,61.857490353514656,17.019109646485326,18900.0,25.621460894577115,True,none,34.441311308808636,16.947703363620732,2.492049343815822,76.89989813772262,1.9767018622773662,18900.0,2,289,9120,194,392
675,675,Turnigy,TR3548-06² (790),790.0,790.0,1.3,0.054,0.17,complete,7x9E,7x9E,7.0,9.0,7.0,9.0,True,True,4.790359621463049,4.790359621463049,0.0,0.0,0.0,0.0,0.0,0.0,4.742909327680487,19.89053045027697,True,none,47.08664622904035,9.320440465483525,3.3032602814170335,31.24956798035306,47.62703201964692,18600.0,21.07787243935281,True,none,46.846448600037675,18.738670659798046,2.476613504866142,60.07722988843136,18.79937011156862,18600.0,25.661946643112778,True,none,34.35432722264126,16.955751586775534,2.5692280318861602,73.45088288494593,5.425717115054056,18600.0,3,385,9024,386,393
289,289,Scorpion,S3026-12² (840),840.0,1000.0,2.27,0.034,0.19,complete,7x11E,8x8E,7.0,11.0,8.0,8.0,True,True,4.790359621463049,4.790359621463049,0.0,0.0,0.0,0.0,0.0,0.0,4.762909327680487,19.90282139890364,True,none,47.113687482707334,10.508282495475784,3.014752048284394,36.37279280496248,42.5038071950375,17500.0,21.078522398486296,True,none,46.90533577780827,21.146555772182225,2.2782201270250457,68.87362822557871,10.002971774421269,17500.0,26.42583770858105,True,none,32.969338838078016,13.892683913195324,3.1474380178256856,77.83469400091477,1.0419059990852162,15600.0,5,577,8832,482,394
115,115,Scorpion,SII-3032-690 (V2) (690),690.0,1333.0,3.29,0.0284,0.275,complete,10x12WE,7x9E,10.0,12.0,7.0,9.0,True,True,4.790319636223083,4.790319636223083,0.0,0.0,0.0,0.0,0.0,0.0,4.853540929180487,19.932876547960372,True,none,47.328121954828845,6.992894260306828,4.628288712894058,38.32198383242695,40.55461616757303,10600.0,21.084486268991668,True,none,47.16141974178927,13.503373250715004,3.5701343501849245,72.7016635260121,6.174936473987884,10600.0,25.637621977816295,True,none,34.57793169705481,15.301547943459271,3.1386977742967868,74.25604984387928,4.6205501561207,19200.0,10,1057,8352,674,395
525,525,T-Motor,MN7005-230² (230),230.0,700.0,0.9,0.071,0.188,complete,21x13.5EPN,14x14E,21.0,13.5,14.0,14.0,True,True,4.790296048757804,4.790296048757804,0.0,0.0,0.0,0.0,0.0,0.0,4.863679624680487,21.752743789232106,True,none,41.49674851787135,6.60579511748027,4.382530686744612,26.547591055986132,52.32900894401385,6400.0,22.479799937787156,True,none,42.59179393077936,13.242704600214303,3.0651298782804774,50.203321229768555,28.673278770231427,6300.0,23.618945935701657,True,none,38.91321016566417,11.38173082524969,4.145875938583954,73.49614729111937,5.380452708880611,6500.0,11,1153,8256,866,396
498,498,T-Motor,U10 Plus 170² (170),170.0,1700.0,1.9,0.021,0.5,complete,20x22.5EP(CD),20x22.5EP(CD),20.0,22.5,20.0,22.5,True,True,4.790279673734322,4.790279673734322,0.0,0.0,0.0,0.0,0.0,0.0,5.159525929180487,20.008990113283545,True,none,48.13295840134784,3.0772013195813988,9.79290213774292,33.725294210815996,45.151305789183986,4800.0,21.090269563588656,True,none,48.081939642524944,5.426992633028287,10.855627308871323,62.537795078031344,16.338804921968638,4800.0,25.56510249732834,True,none,35.24782399047887,4.999326352202307,11.028132362764568,76.19837843448342,2.6782215655165658,4800.0,1,193,9216,194,397
170,170,Scorpion,HK5-6528-295 (295),295.0,11440.0,3.45,0.0122,1.07,complete,14x14E,11x12E,14.0,14.0,11.0,12.0,True,True,4.790226425773184,4.790226425773184,0.0,0.0,0.0,0.0,0.0,0.0,5.6664047051804864,20.068005644422172,True,none,49.70242436194889,5.738296870099224,7.982777354126971,35.911103567375434,42.96549643262455,8300.0,21.097459028234848,True,none,49.633504287954885,9.71911110062578,6.743382200142332,67.990319280707,10.886280719292984,8300.0,25.48903248161078,True,none,36.24223642880401,19.892633394425673,2.9990200460888152,75.83391512965594,3.042684870344047,8500.0,12,1249,8160,770,398
239,239,Scorpion,SII-3020-780² (780),780.0,780.0,1.21,0.03,0.166,complete,8x8E,8x8E,8.0,8.0,8.0,8.0,True,True,4.790027105055348,4.790027105055348,0.0,0.0,0.0,0.0,0.0,0.0,4.740264369180487,19.91864867765249,True,none,46.97514197929948,9.381865813767092,3.203607663237386,31.68886732829815,47.18773267170183,15500.0,21.12834570708015,True,none,46.65741125700785,19.1242479114217,2.2994367026858415,61.091717646305696,17.784882353694286,15400.0,25.712081831770462,True,none,34.25312597020945,17.25067472868077,2.4485650118124926,75.57772408286813,3.298875917131852,15500.0,3,385,9024,386,399
339,339,T-Motor,AT7215-220 (220),220.0,4500.0,2.4,0.024,0.565,complete,20x15E,14x14E,20.0,15.0,14.0,14.0,True,True,4.7898987333166225,4.7898987333166225,0.0,0.0,0.0,0.0,0.0,0.0,5.224525929180487,21.47040022778891,True,none,43.33889755479857,2.385697205371085,9.873498825363841,29.939876985868196,48.936723014131786,6100.0,22.547195138785188,True,none,43.287886474971025,4.176668577726449,11.287241248568073,54.55095890548325,24.325641094516733,6100.0,24.46129569015925,True,none,37.65445314944784,14.187357262379185,3.7019351353908574,76.55869594133401,2.317904058665974,6300.0,10,1057,8352,578,400
603,603,Turnigy,RotorStar 2820-930 / RS380 (930),930.0,900.0,1.0,0.043,0.142,complete,7x9E,7x9E,7.0,9.0,7.0,9.0,True,True,4.789682953399295,4.789682953399295,0.0,0.0,0.0,0.0,0.0,0.0,4.714909327680487,19.98706809881696,True,none,46.63906451980118,9.296786740996014,3.2762865471318965,33.186939447855615,45.68966055214437,18500.0,21.180519967186626,True,none,46.39546483522687,18.797550709431242,2.4492938964655426,63.1404284992564,15.73617150074358,18500.0,25.79813245517823,True,none,34.046425786246715,16.997455457304085,2.5418397737778364,78.80784357531954,0.06875642468044418,18500.0,3,385,9024,386,401
343,343,T-Motor,AT8020-210 (210),210.0,5500.0,5.3,0.012,0.87,complete,20x22.5EP(CD),14x14E,20.0,22.5,14.0,14.0,True,True,4.789682953399295,4.789682953399295,0.0,0.0,0.0,0.0,0.0,0.0,5.529525929180487,20.141368156932685,True,none,48.92617680541122,2.7218540951429357,10.243217572115801,42.65891975661515,36.217680243384834,5500.0,21.179595948793505,True,none,48.88027736825962,4.638726914051342,11.61203436864606,76.54678811512194,2.3298118848780405,5500.0,25.854067208552287,True,none,35.169896568268896,17.830430202532384,3.1678952299739933,73.0076368389836,5.8689631610163815,6000.0,7,769,8640,482,402
37,37,Cobra,CM-4012/30 (300),300.0,490.0,0.69,0.124,0.141,complete,14x12E,11x12E,14.0,12.0,11.0,12.0,True,True,4.789654527559946,4.789654527559946,0.0,0.0,0.0,0.0,0.0,0.0,4.737404705180487,21.071125421877596,True,none,43.13498960164826,8.915473553631264,3.176414680483406,23.827676147652674,55.04892385234731,8100.0,22.590864911653945,True,none,42.530651958306905,18.513062918134928,2.1713045774321973,45.607932484834095,33.26866751516589,8000.0,23.34914513035028,True,none,39.7031243148719,15.040868983699463,2.7686607430299546,75.6478196693678,3.2287803306321763,8200.0,10,1057,8352,770,403
593,593,Turnigy,NTM PropDrive v2 5050-580 (580),580.0,2000.0,2.5,0.014,0.331,complete,8x8E,8x6E,8.0,8.0,8.0,6.0,True,True,4.789654527559946,4.789654527559946,0.0,0.0,0.0,0.0,0.0,0.0,4.905264369180487,21.427184412693986,True,none,42.55649951533892,6.941535258437829,4.981191694104328,25.668326907444694,53.20827309255529,16400.0,22.590939615685137,True,none,42.365945556217454,13.126740049943107,3.9748987404820904,48.84936862563946,30.027231374360525,16400.0,24.64533221779501,True,none,36.748377031376755,13.172766543888837,3.593288145032762,76.06020916485026,2.8163908351497184,16700.0,2,289,9120,194,404
166,166,Scorpion,HK5-5024-475 (475),475.0,12000.0,3.99,0.0113,0.598,complete,9x9E,9x6E,9.0,9.0,9.0,6.0,True,True,4.789643352304655,4.789643352304655,0.0,0.0,0.0,0.0,0.0,0.0,5.174105322680487,20.08862778772622,True,none,47.88328575538697,7.679597381271709,5.0267724798644435,31.63186220830316,47.24473779169682,13500.0,21.186221755516527,True,none,47.765187882069995,13.97308619446366,4.0544849345339555,60.35739069523568,18.519209304764303,13500.0,25.46993169376524,True,none,35.46777162848642,15.402501665873455,3.20769986134824,69.78364122271716,9.092958777282817,13700.0,7,769,8640,386,405
682,682,Turnigy,TR5045-10² (720),720.0,1125.0,1.7,0.027,0.21,complete,12x12E,9x9E,12.0,12.0,9.0,9.0,True,True,4.789564217368861,4.789564217368861,0.0,0.0,0.0,0.0,0.0,0.0,4.795631065180487,19.97468901010514,True,none,46.969495579422535,8.681162815577807,3.4839298171262096,39.69373165485942,39.18286834514056,9300.0,21.198567343765987,True,none,46.57445820591075,17.56780615163106,2.5266621474860713,74.21867667903471,4.657923320965267,9200.0,26.295855618746508,True,none,33.23687445214561,10.986705430030163,4.017464342133513,75.97322938264148,2.9033706173585045,13800.0,10,1057,8352,674,406
589,589,Turnigy,NTM PropDrive v2 3548-900 (900),900.0,815.0,2.4,0.023,0.178,complete,7x7E,7x7E,7.0,7.0,7.0,7.0,True,True,4.789537858963211,4.789537858963211,0.0,0.0,0.0,0.0,0.0,0.0,4.750909327680486,20.000851941777082,True,none,46.71704030980121,9.467164067950105,3.2260729105210624,32.06558886087506,46.81101113912492,18800.0,21.201117260713435,True,none,46.43095600711961,19.217405858527734,2.3544105705902765,61.51272813991079,17.36387186008919,18700.0,25.80411823793974,True,none,34.094464232192756,17.335686017366605,2.446658840387287,76.78024011202703,2.0963598879729517,18700.0,1,193,9216,194,407
165,165,Scorpion,HK5-4525-535 (535),535.0,10200.0,3.3,0.0115,0.532,complete,14x14E,8x6E,14.0,14.0,8.0,6.0,True,True,4.789524683489646,4.789524683489646,0.0,0.0,0.0,0.0,0.0,0.0,5.128404705180487,20.10958020066594,True,none,47.64500847881492,3.5698861927799053,9.754077650220713,40.227572042925566,38.649027957074416,9300.0,21.20397225380337,True,none,47.56009671470041,6.421424461679081,8.605700163072731,75.25608945597675,3.620510544023233,9300.0,25.555380712353436,True,none,37.42233497052973,17.883138471227838,2.7285361303700655,73.87769619611855,4.998903803881433,15500.0,4,481,8928,386,408
39,39,Cobra,CM-4510/40 (310),310.0,490.0,0.31,0.113,0.211,complete,12x12E,10x12WE,12.0,12.0,10.0,12.0,True,True,4.789295688450927,4.789295688450927,0.0,0.0,0.0,0.0,0.0,0.0,4.796631065180486,21.474465407071605,True,none,42.10691334986051,8.555209297378237,3.4831053268243166,22.137561463087593,56.73903853691239,8700.0,22.6520557831213,True,none,41.921795154502,17.267528113212723,2.52610798102603,42.95353214820486,35.923067851795125,8600.0,23.340651000895342,True,none,39.877178301163426,19.58807319787727,2.3355120762804593,76.51291034201151,2.3636896579884734,8600.0,9,961,8448,674,409
674,674,Turnigy,TR3548-05² (900),900.0,770.0,1.5,0.04,0.17,complete,7x7E,7x7E,7.0,7.0,7.0,7.0,True,True,4.789196102527792,4.789196102527792,0.0,0.0,0.0,0.0,0.0,0.0,4.742909327680487,20.047154009589146,True,none,46.523806006970496,9.78437411015946,3.082889798522848,31.293378737101946,47.583221262898036,18600.0,21.253639391767983,True,none,46.222112102479905,19.924321293633135,2.229705389311056,60.18407081680875,18.692529183191233,18500.0,25.86905142651183,True,none,33.95798663189851,17.98732798366747,2.3197496623392984,74.67348327569572,4.203116724304266,18600.0,1,193,9216,194,410
167,167,Scorpion,HK5-5024-535 (535),535.0,11500.0,5.09,0.0107,0.598,complete,14x14E,8x6E,14.0,14.0,8.0,6.0,True,True,4.789169882824282,4.789169882824282,0.0,0.0,0.0,0.0,0.0,0.0,5.194404705180487,20.1722364889473,True,none,47.641115572245965,3.7953776450308228,9.836232150401257,41.36512637865618,37.511473621343804,9200.0,21.258895034261837,True,none,47.55590324791528,6.788400175088828,8.306093464843935,77.98130850034136,0.8952914996586259,9200.0,25.654622385517747,True,none,35.08761943807178,18.462801854751778,2.6897382659786695,72.66162776035486,6.214972239645121,15400.0,4,481,8928,386,411
214,214,Scorpion,SII-5525-210² (210),210.0,3150.0,1.11,0.026,0.708,complete,20x22.5EP(CD),20x13E,20.0,22.5,20.0,13.0,True,True,4.7891567766723915,4.7891567766723915,0.0,0.0,0.0,0.0,0.0,0.0,5.367525929180487,20.202679858296634,True,none,48.12543493376427,2.536172298237866,10.048536309312617,38.649308155274646,40.227291844725336,5400.0,21.260278707996115,True,none,48.07387665522106,4.338148910153459,11.440669469418712,69.68502690670137,9.191573093298615,5400.0,25.669885951387812,True,none,37.066408007371166,4.639368304956386,11.25574755806203,75.83825526975606,3.038344730243921,6000.0,7,769,8640,482,412
307,307,T-Motor,AM480-900 (900),900.0,800.0,2.45,0.018,0.145,complete,7x7E,7x7E,7.0,7.0,7.0,7.0,True,True,4.7891567766723915,4.7891567766723915,0.0,0.0,0.0,0.0,0.0,0.0,4.717909327680487,20.05108781005629,True,none,46.4222498927553,9.563347816019718,3.101985529960897,31.724297600638828,47.152302399361155,18600.0,21.26076631950725,True,none,46.12275390684917,19.52663563272767,2.285607299000153,60.64710062798646,18.22949937201352,18500.0,25.88657643021384,True,none,33.88398267867451,17.629070100318927,2.377071783311115,76.10524061186854,2.771359388131444,18600.0,1,193,9216,194,413
245,245,Scorpion,S-4020-8² (790),790.0,1400.0,1.92,0.011,0.305,complete,12x12E,9x9E,12.0,12.0,9.0,9.0,True,True,4.788908227467724,4.788908227467724,0.0,0.0,0.0,0.0,0.0,0.0,4.890631065180487,19.681588784444358,True,none,48.40772071394635,7.642736133464686,4.105805098222005,43.88289588086124,34.99370411913874,9700.0,21.29756303982861,True,none,46.50672444035713,14.945738496462901,3.0813921073964994,78.86349820437309,0.013101795626894841,9600.0,27.356674479131804,True,none,31.552112029038653,9.588754152008985,4.912638092823778,77.99559705522809,0.8810029447718932,14800.0,8,865,8544,770,414
590,590,Turnigy,NTM PropDrive v2 4248-750 (750),750.0,785.0,2.5,0.029,0.231,complete,7x9E,7x9E,7.0,9.0,7.0,9.0,True,True,4.788829922405738,4.788829922405738,0.0,0.0,0.0,0.0,0.0,0.0,4.803909327680487,20.128364581280806,True,none,46.44853641370419,9.716597185577864,3.2562735727468692,31.16972148839057,47.70687851160941,18600.0,21.30905906657994,True,none,46.209073908471765,19.392984982872367,2.444803416131432,59.591364330492404,19.28523566950758,18600.0,25.927859214888137,True,none,33.9463545928612,17.542183450251787,2.5359056866634773,74.0171520631139,4.859447936886085,18600.0,3,385,9024,386,415
552,552,T-Motor,AT2820-830² (830),830.0,800.0,1.1,0.055,0.132,complete,7x9E,8x8E,7.0,9.0,8.0,8.0,True,True,4.788673576553092,4.788673576553092,0.0,0.0,0.0,0.0,0.0,0.0,4.704909327680487,20.137789820005832,True,none,46.07280971178483,9.425940338586765,3.2351323064167365,30.844890793548835,48.03170920645115,18300.0,21.334428733571464,True,none,45.82887994102262,19.134318800628613,2.3702944724434603,59.219311861704476,19.657288138295506,18300.0,25.460220447466437,True,none,34.686491306090716,17.73384705598006,2.296335492498869,78.5340886828199,0.3425113171800831,15100.0,3,385,9024,386,416
287,287,Scorpion,S3020-16² (812),812.0,800.0,1.66,0.056,0.154,complete,7x9E,7x9E,7.0,9.0,7.0,9.0,True,True,4.788543556801918,4.788543556801918,0.0,0.0,0.0,0.0,0.0,0.0,4.726909327680487,20.160570430118355,True,none,46.0694249069731,9.557198563399886,3.218127730672443,31.05262970633734,47.82397029366264,18300.0,21.35428822399455,True,none,45.825087252964444,19.33513831988108,2.3589383176619227,59.52594552293385,19.35065447706613,18300.0,26.009007353966084,True,none,33.669476015956946,17.466521915410876,2.4924263998717406,73.78836196847186,5.088238031528121,18300.0,3,385,9024,386,417
48,48,Planet-Hobby,Joker 3548-4.5 V3 (850),850.0,720.0,1.7,0.0269,0.167,complete,7x7E,7x7E,7.0,7.0,7.0,7.0,True,True,4.788517582072341,4.788517582072341,0.0,0.0,0.0,0.0,0.0,0.0,4.739909327680487,20.145371016722102,True,none,46.16730576616263,10.088108202952094,2.985454650241065,30.391904572526546,48.48469542747344,18400.0,21.357828429010894,True,none,45.851020108252975,20.655784963783255,2.1452797676223208,58.47211722555674,20.404482774443245,18300.0,25.996231854406393,True,none,33.7142530473963,18.651114068332465,2.2337925862911745,72.25153358499507,6.625066415004909,18400.0,1,193,9216,194,418
65,65,Planet-Hobby,Joker 6360-11 V3 (205),205.0,3400.0,0.8,0.043,0.64,complete,20x22.5EP(CD),21x13.5EPN,20.0,22.5,21.0,13.5,True,True,4.788491617070216,4.788491617070216,0.0,0.0,0.0,0.0,0.0,0.0,5.299525929180486,20.293252684032584,True,none,47.552168523424825,2.7200067003168353,9.965685083300615,36.09098190747212,42.78561809252786,5200.0,21.361028641011757,True,none,47.492338933844366,4.723830742660253,11.367968821580913,65.62857733449617,13.248022665503811,5200.0,25.506836842754183,True,none,37.42901749058395,4.355060398494054,11.199444789231023,78.52064692204802,0.3559530779519662,5700.0,6,673,8736,386,419
112,112,Scorpion,SII-3020-890 (V2) (890),890.0,1014.0,2.4,0.0236,0.166,complete,9x9E,8x8E,9.0,9.0,8.0,8.0,True,True,4.788491617070216,4.788491617070216,0.0,0.0,0.0,0.0,0.0,0.0,4.742105322680487,20.13845864021557,True,none,46.199080272885936,9.397595097857593,3.1043055350787507,37.03846579406941,41.83813420593057,13000.0,21.362190834747434,True,none,45.84241751808004,19.250320988950122,2.2512721704759455,69.92117690021603,8.955423099783957,13000.0,27.432164042902187,True,none,31.234311677367764,14.618249720115383,2.917005161809297,77.21712109616031,1.6594789038396698,15300.0,3,385,9024,386,420
646,646,Turnigy,NTM3548-900² (900),900.0,780.0,2.4,0.071,0.175,complete,7x7E,7x7E,7.0,7.0,7.0,7.0,True,True,4.78846566179008,4.78846566179008,0.0,0.0,0.0,0.0,0.0,0.0,4.747909327680487,20.15372821875725,True,none,46.16570277539071,10.101638509749987,2.979488058124532,31.761125955255967,47.11547404474402,18400.0,21.365151039415824,True,none,45.84922179206461,20.64195056026071,2.141263858758237,60.855871094646446,18.020728905353536,18300.0,26.002589202371073,True,none,33.71531706913165,18.63423595610899,2.2733301033752524,76.30250271521496,2.574097284785026,18400.0,1,193,9216,194,421
452,452,T-Motor,U8 Lite-150² (150),150.0,1272.0,1.0,0.085,0.239,complete,20x22.5EP(CD),20x22.5EP(CD),20.0,22.5,20.0,22.5,True,True,4.788128733069379,4.788128733069379,0.0,0.0,0.0,0.0,0.0,0.0,4.898525929180487,21.727399161816894,True,none,41.664360691653634,3.846110423083495,9.126114835680395,23.71850981405209,55.15809018594789,4100.0,22.85564198229352,True,none,41.584655962005876,7.100905543934838,7.5325516632997305,44.963949381292,33.912650618707985,4100.0,24.876936726402725,True,none,36.23001197573526,6.503255538983043,7.721588104586658,76.96944999345666,1.9071500065433185,4100.0,1,193,9216,194,422
514,514,T-Motor,U8-150 Lite² (150),150.0,1200.0,1.0,0.085,0.243,complete,20x22.5EP(CD),20x22.5EP(CD),20.0,22.5,20.0,22.5,True,True,4.7881060597867355,4.7881060597867355,0.0,0.0,0.0,0.0,0.0,0.0,4.902525929180487,21.73134048025375,True,none,41.66414125629431,3.854902408071384,9.119773643980224,23.735349695995914,55.14125030400407,4100.0,22.859069906397362,True,none,41.58442296548245,7.1132934209094465,7.528268704914922,44.98785116323165,33.88874883676833,4100.0,24.88015593424317,True,none,36.230414484843806,6.515049525367328,7.717064122582708,77.00562696343856,1.8709730365614234,4100.0,1,193,9216,194,423
652,652,Turnigy,SK4240-07² (850),850.0,800.0,1.0,0.028,0.155,complete,8x8E,8x8E,8.0,8.0,8.0,8.0,True,True,4.788103305627273,4.788103305627273,0.0,0.0,0.0,0.0,0.0,0.0,4.729264369180487,20.195869840528495,True,none,45.9549250810263,9.9709141388741,2.9522167210761907,32.18206993489356,46.69453006510642,15100.0,21.422567247862922,True,none,45.59792108131613,20.543503998294035,2.1375835664372564,61.75219742685878,17.124402573141204,15100.0,26.072373468725868,True,none,33.55582233449355,18.49887478613136,2.2269879918628477,77.60413055273375,1.2724694472662321,15100.0,2,289,9120,290,424
205,205,Scorpion,HKII-4530-540² (540),540.0,6240.0,3.52,0.018,0.588,complete,8x8E,8x6E,8.0,8.0,8.0,6.0,True,True,4.788000123003966,4.788000123003966,0.0,0.0,0.0,0.0,0.0,0.0,5.162264369180487,20.33023607168116,True,none,46.95150961938863,9.49595075423284,3.942776177639936,30.574215984254945,48.302384015745034,15400.0,21.438909064023225,True,none,46.80314931290876,17.639035598623874,3.1116508902273634,58.27424478973811,20.60235521026187,15400.0,25.525944605425302,True,none,35.332460210399766,18.03141936335863,2.7539272029413455,69.75418711567552,9.122412884324461,15500.0,4,481,8928,386,425
458,458,T-Motor,U8II-150² (150),150.0,1272.0,1.0,0.085,0.273,complete,20x22.5EP(CD),20x22.5EP(CD),20.0,22.5,20.0,22.5,True,True,4.7879701865439195,4.7879701865439195,0.0,0.0,0.0,0.0,0.0,0.0,4.932525929180486,21.76083560779346,True,none,41.66248985563993,3.9211926878532024,9.072522777101886,23.861529831314186,55.015070168685796,4100.0,22.88473812629796,True,none,41.58266941304483,7.206595722318532,7.496300008988316,45.16693198570756,33.70966801429242,4100.0,24.90425890606614,True,none,36.23342350715622,6.603887314123103,7.683476897062867,77.27674341122486,1.5998565887751255,4100.0,1,193,9216,194,426
486,486,T-Motor,U8II-150 ² (150),150.0,1270.0,1.0,0.085,0.273,complete,20x22.5EP(CD),20x22.5EP(CD),20.0,22.5,20.0,22.5,True,True,4.7879701865439195,4.7879701865439195,0.0,0.0,0.0,0.0,0.0,0.0,4.932525929180486,21.76083560779346,True,none,41.66248985563993,3.9211926878532024,9.072522777101886,23.861529831314186,55.015070168685796,4100.0,22.88473812629796,True,none,41.58266941304483,7.206595722318532,7.496300008988316,45.16693198570756,33.70966801429242,4100.0,24.90425890606614,True,none,36.23342350715622,6.603887314123103,7.683476897062867,77.27674341122486,1.5998565887751255,4100.0,1,193,9216,194,427
511,511,T-Motor,U8-150 II² (150),150.0,1200.0,1.0,0.085,0.273,complete,20x22.5EP(CD),20x22.5EP(CD),20.0,22.5,20.0,22.5,True,True,4.7879701865439195,4.7879701865439195,0.0,0.0,0.0,0.0,0.0,0.0,4.932525929180486,21.76083560779346,True,none,41.66248985563993,3.9211926878532024,9.072522777101886,23.861529831314186,55.015070168685796,4100.0,22.88473812629796,True,none,41.58266941304483,7.206595722318532,7.496300008988316,45.16693198570756,33.70966801429242,4100.0,24.90425890606614,True,none,36.23342350715622,6.603887314123103,7.683476897062867,77.27674341122486,1.5998565887751255,4100.0,1,193,9216,194,428
419,419,T-Motor,P60-170 (170),170.0,1800.0,1.0,0.08,0.379,complete,20x22.5EP(CD),20x22.5EP(CD),20.0,22.5,20.0,22.5,True,True,4.787909964469242,4.787909964469242,0.0,0.0,0.0,0.0,0.0,0.0,5.038525929180487,20.351835513686396,True,none,46.45765783733766,3.388200408626662,9.64107394144005,30.43051575532406,48.44608424467592,4600.0,21.452677117155968,True,none,46.392740218238856,6.128465916163028,8.80495911158792,57.31032786828732,21.566272131712665,4600.0,27.831190525373565,True,none,31.004419138566924,5.613545570465546,9.01149363633162,62.81925050612518,16.057349493874803,4600.0,1,193,9216,194,429
168,168,Scorpion,HK5-5030-465 (465),465.0,13000.0,4.78,0.0093,0.734,complete,9x9E,10x7E,9.0,9.0,10.0,7.0,True,True,4.7878327793353,4.7878327793353,0.0,0.0,0.0,0.0,0.0,0.0,5.310105322680487,20.37905143270363,True,none,47.271560733185225,8.57961428027545,4.617013603934715,32.17627432206042,46.70032567793956,13300.0,21.464141684602566,True,none,47.14485084677836,15.47621168179133,3.7163619292826895,60.91697823798547,17.959621762014514,13300.0,25.661455104191575,True,none,35.308168802912775,11.402685836708525,4.7280296375686905,75.48715382668138,3.3894461733186034,13400.0,9,961,8448,290,430
671,671,Turnigy,SK6374-07² (200),200.0,3180.0,1.9,0.032,0.77,complete,20x22.5EP(CD),21x13.5EPN,20.0,22.5,21.0,13.5,True,True,4.787819923536259,4.787819923536259,0.0,0.0,0.0,0.0,0.0,0.0,5.429525929180487,20.413106315979693,True,none,47.546558639639386,2.8761452815781983,10.123486194469917,37.012464475727086,41.864135524272896,5200.0,21.466578550389897,True,none,47.48635006609014,4.888058448182191,11.506555030874287,66.91269666152371,11.963903338476271,5200.0,25.703010900169772,True,none,35.444655731696,4.5987993609262245,11.340090702332876,75.70181793313675,3.17478206686323,5600.0,4,481,8928,386,431
171,171,Scorpion,HK5-6528-395 (395),395.0,13500.0,6.51,0.0069,1.07,complete,12x10E,10x8E,12.0,10.0,10.0,8.0,True,True,4.787819923536259,4.787819923536259,0.0,0.0,0.0,0.0,0.0,0.0,5.655631065180486,20.432294602101962,True,none,48.23258815881523,5.571980256673205,8.23224114714425,36.27924581005877,42.597354189941214,11200.0,21.465281724555,True,none,48.15837904882981,9.431820514449017,6.919927374935656,68.0793819709976,10.79721802900238,11200.0,26.26894796325754,True,none,34.631340321488054,17.97765881282007,3.1501455082099286,78.41729753011317,0.4593024698868078,11400.0,13,1345,8064,578,432
672,672,Turnigy,SK6374-09² (170),170.0,3250.0,1.9,0.05,0.77,complete,20x22.5EP(CD),20x22.5EP(CD),20.0,22.5,20.0,22.5,True,True,4.787819923536259,4.787819923536259,0.0,0.0,0.0,0.0,0.0,0.0,5.429525929180487,20.413106315979693,True,none,47.546558639639386,3.871198677638405,10.123486194469917,33.75999622099444,45.116603779005544,4700.0,21.466578550389897,True,none,47.48635006609014,6.644110432042325,9.437785491310818,62.743911483251715,16.132688516748267,4700.0,26.762262928945457,True,none,33.36447454435918,6.142747280578185,9.640885177469013,72.72918890217962,6.147411097820367,4700.0,1,193,9216,194,433
472,472,T-Motor,MN4010-14² (370),370.0,450.0,0.8,0.098,0.112,complete,10x10E,11x10E,10.0,10.0,11.0,10.0,True,True,4.787789464932772,4.787789464932772,0.0,0.0,0.0,0.0,0.0,0.0,4.690540929180487,21.660558978516868,True,none,41.27765448802679,9.379560453655142,3.104203873739979,21.14226915997611,57.73433084002387,10300.0,22.916678069624318,True,none,40.92324200013003,19.459379476275195,2.145174769067642,40.73264820340286,38.14395179659712,10300.0,23.781020769780888,True,none,38.79376247736001,18.80469520628051,2.072482932932388,76.44259474888034,2.4340052511196433,10000.0,6,673,8736,482,434
640,640,Turnigy,SK3-6374-168 (168),168.0,2400.0,2.6,0.019,0.84,complete,20x22.5EP(CD),20x22.5EP(CD),20.0,22.5,20.0,22.5,True,True,4.787742839020766,4.787742839020766,0.0,0.0,0.0,0.0,0.0,0.0,5.4995259291804865,20.433963576492584,True,none,47.70322561537451,3.684688563262555,10.207445624625109,34.43721039087905,44.43938960912093,4700.0,21.477117718437064,True,none,47.65305322759906,6.244653275774599,10.418382500736948,63.52473592584004,15.351864074159941,4700.0,26.749843122382302,True,none,33.490514840439715,5.781103701242733,10.634812794619844,74.05159992668956,4.82500007331042,4700.0,1,193,9216,194,435
103,103,Scorpion,A-6528-200 (V2) (200),200.0,7200.0,2.5,0.0158,1.115,complete,20x22.5EP(CD),20x15E,20.0,22.5,20.0,15.0,True,True,4.787704329054988,4.787704329054988,0.0,0.0,0.0,0.0,0.0,0.0,5.774525929180487,20.469019468959047,True,none,48.490385611861825,3.1167034458057956,10.53080781824905,40.10313425059049,38.77346574940949,5300.0,21.48450780392218,True,none,48.43719980226377,5.152398664809334,11.86649692427427,72.16506079007335,6.711539209926627,5300.0,26.43312380466314,True,none,34.50381703192197,5.41412383690731,11.68831401170163,76.86283289217926,2.013767107820726,5700.0,4,481,8928,386,436
444,444,T-Motor,V602-180 (180),180.0,2000.0,0.9,0.088,0.3,complete,20x22.5EP(CD),20x22.5EP(CD),20.0,22.5,20.0,22.5,True,True,4.787665840593147,4.787665840593147,0.0,0.0,0.0,0.0,0.0,0.0,4.9595259291804865,20.379690560451806,True,none,46.09522219035552,3.0748130586320634,9.540642812685736,31.155639628127545,47.72096037187244,4700.0,21.49032473920616,True,none,46.03165685682413,5.638565310884769,9.456958986238854,58.20591548369926,20.670684516300724,4700.0,26.98074530290011,True,none,32.29181301148129,5.17510440253044,9.678141706018998,66.49500889797463,12.381591102025354,4700.0,2,289,9120,290,437
130,130,Scorpion,HK-3014-900 (900),900.0,845.0,1.16,0.0639,0.119,complete,7x9E,7x9E,7.0,9.0,7.0,9.0,True,True,4.787550504051272,4.787550504051272,0.0,0.0,0.0,0.0,0.0,0.0,4.691909327680487,20.304677917258157,True,none,45.4550924328949,9.645831940242072,3.1471207924709006,31.652066489755857,47.22453351024413,18100.0,21.50870108998214,True,none,45.19896770613363,19.677312531933644,2.292660725427154,60.539340500686606,18.337259499313376,18100.0,26.20950564842944,True,none,33.24545115249684,17.76217195813143,2.3826084107881487,76.00073334570858,2.8758666542914,18100.0,2,289,9120,290,438
367,367,T-Motor,MN605-S KV170 (170),170.0,1700.0,1.0,0.065,0.327,complete,20x22.5EP(CD),20x22.5EP(CD),20.0,22.5,20.0,22.5,True,True,4.7875121014253095,4.7875121014253095,0.0,0.0,0.0,0.0,0.0,0.0,4.986525929180487,20.405854132964553,True,none,46.094060109551236,3.152157386732132,9.575085865112296,30.503173572596683,48.3734264274033,4600.0,21.51310338215191,True,none,46.03040634134263,5.759036452539447,9.42323793816458,57.109900233375306,21.766699766624676,4600.0,26.998387681141562,True,none,32.30066729957143,5.275833435203215,9.64271174564167,64.76712168792561,14.109478312074373,4600.0,1,193,9216,194,439
212,212,Scorpion,SII-5525-170² (170),170.0,2450.0,0.78,0.042,0.708,complete,20x22.5EP(CD),20x22.5EP(CD),20.0,22.5,20.0,22.5,True,True,4.787486511572498,4.787486511572498,0.0,0.0,0.0,0.0,0.0,0.0,5.367525929180487,20.458010908510694,True,none,47.174521797026784,3.624501339060661,10.048536309312617,33.10368822945871,45.77291177054127,4700.0,21.517374316054948,True,none,47.118552444920454,6.237358865057875,10.046697166423678,61.326840953212894,17.549759046787088,4700.0,26.85115245164127,True,none,33.11237188076664,5.762721219188342,10.261963704134809,70.18642582266091,8.690174177339074,4700.0,1,193,9216,194,440
335,335,T-Motor,AT5230-A-200 (200),200.0,3500.0,2.7,0.022,0.61,complete,20x22.5EP(CD),21x13.5EPN,20.0,22.5,21.0,13.5,True,True,4.787397021960438,4.787397021960438,0.0,0.0,0.0,0.0,0.0,0.0,5.269525929180487,20.46233747069053,True,none,46.83370793727162,2.535854256344524,9.928913290461182,35.75718676320258,43.1194132367974,5200.0,21.532668732556985,True,none,46.77874665656816,4.383229128635022,11.335746780799758,64.67013890806402,14.206461091935964,5200.0,25.490330920747102,True,none,35.615863552250346,4.107999644330765,11.166736476563344,74.9593998816571,3.917200118342876,5700.0,4,481,8928,386,441
336,336,T-Motor,AT5230-B-200 (200),200.0,3500.0,2.7,0.022,0.61,complete,20x22.5EP(CD),21x13.5EPN,20.0,22.5,21.0,13.5,True,True,4.787397021960438,4.787397021960438,0.0,0.0,0.0,0.0,0.0,0.0,5.269525929180487,20.46233747069053,True,none,46.83370793727162,2.535854256344524,9.928913290461182,35.75718676320258,43.1194132367974,5200.0,21.532668732556985,True,none,46.77874665656816,4.383229128635022,11.335746780799758,64.67013890806402,14.206461091935964,5200.0,25.490330920747102,True,none,35.615863552250346,4.107999644330765,11.166736476563344,74.9593998816571,3.917200118342876,5700.0,4,481,8928,386,442
275,275,Scorpion,S5525-170² (170),170.0,2300.0,0.9,0.04,0.64,complete,20x22.5EP(CD),20x22.5EP(CD),20.0,22.5,20.0,22.5,True,True,4.787231135334725,4.787231135334725,0.0,0.0,0.0,0.0,0.0,0.0,5.299525929180486,20.490240856574047,True,none,46.83253206276093,3.500710029680744,9.965685083300615,31.667064023055246,47.209535976944736,4700.0,21.557182740005494,True,none,46.7774922227999,6.070185769788194,10.130571426383872,58.83026723139073,20.046332768609254,4700.0,26.095120000468015,True,none,34.42234388119541,5.602728586396613,10.349795918390889,72.17239825900882,6.7042017409911665,4700.0,1,193,9216,194,443
286,286,Scorpion,S3020-14² (944),944.0,800.0,2.04,0.04,0.154,complete,7x7E,7x7E,7.0,7.0,7.0,7.0,True,True,4.787205649823713,4.787205649823713,0.0,0.0,0.0,0.0,0.0,0.0,4.726909327680487,20.345942758863497,True,none,45.43294654725296,10.037074485039682,2.995188257871821,31.67267014755468,47.2039298524453,18200.0,21.561585192708776,True,none,45.12195152129887,20.60420305220776,2.151823729309416,60.31545737167877,18.561142628321214,18200.0,26.25277643488376,True,none,33.22217683307219,18.54627959292407,2.240647665496754,76.13293504838761,2.7436649516123737,18200.0,1,193,9216,194,444
582,582,Turnigy,D3548-5 (900),900.0,770.0,2.2,0.036,0.159,complete,7x7E,7x7E,7.0,7.0,7.0,7.0,True,True,4.78718017376666,4.78718017376666,0.0,0.0,0.0,0.0,0.0,0.0,4.731909327680487,20.351182130067883,True,none,45.4319562644027,10.079498694703855,2.9415235019679153,31.099891202049946,47.776708797950036,18200.0,21.566172874036916,True,none,45.12084785791186,20.684748870083936,2.149304160349619,59.22283109117977,19.65376890882021,18200.0,25.46087171427147,True,none,34.72921028726998,18.657406096266264,2.2380081886006145,77.75150668939267,1.125093310607312,18200.0,1,193,9216,194,445
365,365,T-Motor,MN601-S KV170 (170),170.0,1500.0,0.8,0.115,0.25,complete,20x22.5EP(CD),20x22.5EP(CD),20.0,22.5,20.0,22.5,True,True,4.787154707158308,4.787154707158308,0.0,0.0,0.0,0.0,0.0,0.0,4.909525929180487,20.44794936464865,True,none,45.69325247219729,3.5147037354706168,9.476528822792261,28.70158248103053,50.175017518969454,4500.0,21.569985582076693,True,none,45.6137229674658,6.447880932867756,8.397526716444002,54.41259203756208,24.464007962437904,4500.0,26.24024249536547,True,none,33.53177415433927,5.909281611974834,8.601726570005512,66.33033842530622,12.546261574693759,4500.0,1,193,9216,194,446
529,529,T-Motor,MT2820-7²² (830),830.0,668.0,1.2,0.058,0.132,complete,7x7E,7x7E,7.0,7.0,7.0,7.0,True,True,4.786862518590999,4.786862518590999,0.0,0.0,0.0,0.0,0.0,0.0,4.704909327680487,20.38908549982883,True,none,45.21407617531071,10.35465199427524,2.817467689777808,28.923362447779624,49.95323755222036,18000.0,21.61618385846593,True,none,44.87827029028338,21.44425610213482,2.0414997433389965,55.396676456881146,23.479923543118836,18000.0,25.523546168912944,True,none,34.55964662887886,19.293461002160146,2.128549109207069,71.73809507677305,7.138504923226932,18000.0,1,193,9216,194,447
615,615,Turnigy,SK3-3858-840 GliderDrive (840),840.0,830.0,2.47,0.031,0.18,complete,7x9E,7x9E,7.0,9.0,7.0,9.0,True,True,4.78684984294752,4.78684984294752,0.0,0.0,0.0,0.0,0.0,0.0,4.752909327680487,20.42370750045773,True,none,45.2572840070824,10.020985090683466,3.1009373828003013,31.614887692209656,47.261712307790326,18100.0,21.61890656361641,True,none,45.00466562093591,20.290500991767463,2.2617702636220725,60.244928826872936,18.631671173127046,18100.0,26.32518678059097,True,none,33.13210311225873,18.30676710572665,2.3502442889081885,76.14068278670676,2.73591721329322,18100.0,2,289,9120,290,448
374,374,T-Motor,MN805-S KV170 (170),170.0,4000.0,2.6,0.028,0.625,complete,20x22.5EP(CD),20x22.5EP(CD),20.0,22.5,20.0,22.5,True,True,4.786811830085499,4.786811830085499,0.0,0.0,0.0,0.0,0.0,0.0,5.284525929180487,20.555428188035112,True,none,46.55014378772854,3.3102083110562672,9.947316178472892,32.79057560133944,46.08602439866054,4700.0,21.623295291836165,True,none,46.49851967064104,5.742793027516514,10.149276795722011,60.460898787122346,18.415701212877636,4700.0,26.181891234466836,True,none,34.23089557755327,5.300280978213592,10.369391582959295,76.21775671371691,2.658843286283073,4700.0,1,193,9216,194,449
304,304,T-Motor,Antigravity 7005-230 (230),230.0,700.0,0.9,0.071,0.32,complete,21x13.5EPN,14x14E,21.0,13.5,14.0,14.0,True,True,4.78673783552106,4.78673783552106,0.0,0.0,0.0,0.0,0.0,0.0,4.995679624680487,21.88989217247792,True,none,41.46816521475637,7.176406452378187,4.214338053414495,27.122578054612234,51.75402194538775,6400.0,23.103436849882684,True,none,41.1164946951676,14.154622415052245,2.946808051726836,49.284753106768505,29.591846893231477,6300.0,23.738951498828477,True,none,38.89583078744862,12.127651928091497,4.04871823691269,75.17514044579957,3.7014595542004116,6500.0,11,1153,8256,866,450
412,412,T-Motor,MN7005-230 (230),230.0,700.0,0.9,0.071,0.32,complete,21x13.5EPN,14x14E,21.0,13.5,14.0,14.0,True,True,4.78673783552106,4.78673783552106,0.0,0.0,0.0,0.0,0.0,0.0,4.995679624680487,21.88989217247792,True,none,41.46816521475637,7.176406452378187,4.214338053414495,27.122578054612234,51.75402194538775,6400.0,23.103436849882684,True,none,41.1164946951676,14.154622415052245,2.946808051726836,49.284753106768505,29.591846893231477,6300.0,23.738951498828477,True,none,38.89583078744862,12.127651928091497,4.04871823691269,75.17514044579957,3.7014595542004116,6500.0,11,1153,8256,866,451
169,169,Scorpion,HK5-4030-515 (515),515.0,13000.0,5.42,0.0079,0.734,complete,14x14E,8x6E,14.0,14.0,8.0,6.0,True,True,4.7866979179630755,4.7866979179630755,0.0,0.0,0.0,0.0,0.0,0.0,5.330404705180487,20.569352429150335,True,none,46.65035067437039,3.9243043850756223,10.003392848263768,40.481501463504785,38.3950985364952,9300.0,21.642038519602607,True,none,46.562917118629535,6.893217934551492,8.38637533019972,75.60750053440378,3.2690994655961987,9300.0,25.49081571670628,True,none,35.86565208320604,21.733573053474316,2.332222627448591,75.79959059949972,3.077009400500259,14900.0,6,673,8736,386,452
530,530,T-Motor,MT2826-5² (760),760.0,700.0,1.0,0.03,0.187,complete,7x9E,7x9E,7.0,9.0,7.0,9.0,True,True,4.78664735115301,4.78664735115301,0.0,0.0,0.0,0.0,0.0,0.0,4.759909327680487,20.448716759108915,True,none,45.19651669786628,10.44428626852488,2.9499386214972714,29.20942513951354,49.66717486048644,17900.0,21.649298393185738,True,none,44.923580352612824,21.20960479576645,2.1744864509130246,56.003691568274,22.872908431725982,17900.0,25.559504881871057,True,none,34.58264680477757,19.12671766642451,2.2612374269981634,72.33260851340523,6.543991486594749,17900.0,2,289,9120,290,453
599,599,Turnigy,RotoMax 50 (172),172.0,5300.0,1.65,0.021,1.08,complete,20x22.5EP(CD),20x22.5EP(CD),20.0,22.5,20.0,22.5,True,True,4.7866094505629855,4.7866094505629855,0.0,0.0,0.0,0.0,0.0,0.0,5.739525929180487,20.637603466332827,True,none,47.73465181901914,3.939783467067887,10.490206221989524,35.43669675470389,43.439903245296094,4800.0,21.655954880372434,True,none,47.685255938787584,6.5130360604185755,10.1326413181222,64.98692872585822,13.889671274141762,4800.0,27.773794896713184,True,none,32.024030757032996,6.049441276019055,10.335618933538607,71.97264379239743,6.903956207602548,4800.0,1,193,9216,194,454
215,215,Scorpion,HK-7050-340² (340),340.0,15000.0,6.2,0.006,1.7,complete,14x14E,11x8E,14.0,14.0,11.0,8.0,True,True,4.786458057984752,4.786458057984752,0.0,0.0,0.0,0.0,0.0,0.0,6.296404705180486,20.707283269772116,True,none,49.28453316637176,5.782755020477826,9.875672273542031,42.35709326297337,36.51950673702661,9300.0,21.680788323847864,True,none,49.20807198582774,9.169234469373135,8.557435100042486,78.35503687826863,0.5215631217313472,9300.0,27.496967233522916,True,none,33.232838417969866,24.282143049994108,2.6579842752011773,78.29426784490316,0.5823321550968217,9800.0,13,1345,8064,674,455
211,211,Scorpion,SII-3032-880 (V2)² (880),880.0,1050.0,3.12,0.012,0.275,complete,8x8E,9x7.5E,8.0,8.0,9.0,7.5,True,True,4.786187824128588,4.786187824128588,0.0,0.0,0.0,0.0,0.0,0.0,4.849264369180487,19.253376668927746,True,none,49.946944437279406,8.316515354482753,3.856521404840359,37.89142191206048,40.9851780879395,16500.0,20.4205088615058,True,none,49.700633193212255,16.36884801389268,2.872169981296127,72.57150250050294,6.3050974994970375,16500.0,28.151921136947657,True,none,30.26616285289645,15.353439993062416,2.7680296420902066,73.13261646121178,5.7439835387882,14600.0,5,577,8832,482,456
243,243,Scorpion,SII-3032-880² (880),880.0,1050.0,3.12,0.012,0.275,complete,8x8E,9x7.5E,8.0,8.0,9.0,7.5,True,True,4.786187824128588,4.786187824128588,0.0,0.0,0.0,0.0,0.0,0.0,4.849264369180487,19.253376668927746,True,none,49.946944437279406,8.316515354482753,3.856521404840359,37.89142191206048,40.9851780879395,16500.0,20.4205088615058,True,none,49.700633193212255,16.36884801389268,2.872169981296127,72.57150250050294,6.3050974994970375,16500.0,28.151921136947657,True,none,30.26616285289645,15.353439993062416,2.7680296420902066,73.13261646121178,5.7439835387882,14600.0,5,577,8832,482,457
555,555,T-Motor,AT3520-880² (880),880.0,1300.0,1.2,0.025,0.207,complete,10x10E,10x10E,10.0,10.0,10.0,10.0,True,True,4.786060089327338,4.786060089327338,0.0,0.0,0.0,0.0,0.0,0.0,4.7855409291804865,19.261540142909638,True,none,49.66035944975963,7.1331766184253524,4.3327830830691525,40.733897734519616,38.14270226548037,12500.0,20.43730118542615,True,none,49.416386124291876,14.074488614517414,3.2954241223373684,77.75436746282074,1.1222325371792436,12400.0,28.720370800501453,True,none,29.35556939767729,12.751698887607404,3.4062633638170836,75.8649669441955,3.011633055804481,12400.0,9,961,8448,866,458
147,147,Scorpion,HKIV-5035-380 (380),380.0,6666.0,3.11,0.0135,0.785,complete,12x10E,10x8E,12.0,10.0,10.0,8.0,True,True,4.786018404656788,4.786018404656788,0.0,0.0,0.0,0.0,0.0,0.0,5.370631065180487,20.682461774977764,True,none,46.37908596250086,5.266232714670636,7.88281675859754,30.654840237035813,48.22175976296417,10800.0,21.749301843016248,True,none,46.29747321087958,9.209113002058132,6.5475722727133405,58.17978888888394,20.69681111111604,10800.0,25.48045613100693,True,none,36.697278617171506,17.555527957024413,2.9686927418497624,72.6275778081782,6.24902219182178,11000.0,14,1441,7968,578,459
200,200,Scorpion,HKIII-5040-530² (530),530.0,15392.0,4.89,0.0057,0.839,complete,14x14E,8x6E,14.0,14.0,8.0,6.0,True,True,4.785993367069874,4.785993367069874,0.0,0.0,0.0,0.0,0.0,0.0,5.435404705180487,20.263566988822163,True,none,48.12782341752469,4.249065831323531,9.780071197925075,43.42754046673165,35.44905953326833,9200.0,21.75498483789175,True,none,46.45948683154034,7.3794772355684985,8.055314605164188,77.52848792325771,1.348112076742268,9200.0,25.98894212357702,True,none,34.812896362764086,21.09971938261159,2.4964164994215623,73.68730112400843,5.189298875991554,15300.0,4,481,8928,386,460
446,446,T-Motor,V804-170 (170),170.0,5200.0,2.7,0.033,0.89,complete,20x22.5EP(CD),20x22.5EP(CD),20.0,22.5,20.0,22.5,True,True,4.785968338688801,4.785968338688801,0.0,0.0,0.0,0.0,0.0,0.0,5.549525929180486,20.719005189535906,True,none,46.82246173002392,3.8970769036703254,10.26699629539807,33.824607813735305,45.05199218626468,4700.0,21.75894063916913,True,none,46.76676474757455,6.605075195305188,9.829360693149317,62.3956173732776,16.48098262672238,4700.0,27.08585684917938,True,none,32.95462131520777,6.1099707566353265,10.034627878346726,76.0549293327484,2.821670667251581,4700.0,1,193,9216,194,461
409,409,T-Motor,MN6007-160 (160),160.0,865.0,0.5,0.227,0.18,complete,20x22.5EP(CD),20x22.5EP(CD),20.0,22.5,20.0,22.5,True,True,4.78582339514641,4.78582339514641,0.0,0.0,0.0,0.0,0.0,0.0,4.839525929180486,22.63608497500467,True,none,39.084089022012364,4.445193953704725,7.699077016826706,22.735795745775288,56.14080425422469,4000.0,23.270538868270624,True,none,40.307703162869394,8.368927620897024,5.832850968713439,43.883384073770024,34.99321592622996,4000.0,25.33254088829358,True,none,35.17225589740578,7.617263216047649,5.996026877486847,75.42447422790232,3.4521257720976593,4000.0,1,193,9216,194,462
683,683,Turnigy,TR5055-05² (700),700.0,1350.0,2.6,0.017,0.31,complete,10x12WE,11x10E,10.0,12.0,11.0,10.0,True,True,4.785805293523733,4.785805293523733,0.0,0.0,0.0,0.0,0.0,0.0,4.888540929180487,19.33118417930004,True,none,49.785007696363365,7.005508801740408,4.714678077586202,40.70975487578001,38.166845124219975,10900.0,20.474623855806747,True,none,49.615056259995725,13.457037685002307,3.651443944549252,77.52087691756495,1.3557230824350341,10900.0,28.131306905359594,True,none,30.3494480386614,10.27570419112706,4.394811521462313,74.23571990594014,4.640880094059838,11600.0,7,769,8640,674,463
99,99,Scorpion,A-5524-205 (194),194.0,4662.0,1.51,0.035,0.655,complete,20x22.5EP(CD),20x15E,20.0,22.5,20.0,15.0,True,True,4.785793397358911,4.785793397358911,0.0,0.0,0.0,0.0,0.0,0.0,5.314525929180487,20.716753424287294,True,none,46.07934339096032,2.8340175194656556,9.984020192514246,34.95000979839021,43.92659020160977,5000.0,21.785279138519414,True,none,46.01467229238706,4.931406882254468,11.384045640871594,63.37605057418761,15.500549425812373,5000.0,25.511162678417325,True,none,35.62159821634352,5.163731749201711,10.722591206751689,70.8378441092342,8.038755890765785,5500.0,2,289,9120,194,464
149,149,Scorpion,HKIV-5035-500 (500),500.0,6926.0,2.96,0.0086,0.778,complete,14x14E,9x9E,14.0,14.0,9.0,9.0,True,True,4.7857060952154304,4.7857060952154304,0.0,0.0,0.0,0.0,0.0,0.0,5.374404705180487,20.73020759091343,True,none,46.223245973346316,3.7484236721161173,10.056879397543229,38.25924343733949,40.61735656266049,9600.0,21.80080880382613,True,none,46.12759161450149,6.535293156844346,9.008576599689183,71.61541267627675,7.2611873237232345,9600.0,25.56324752455519,True,none,35.58037200398144,12.220515383896142,4.644096714740069,76.6354679613298,2.2411320386701874,14100.0,6,673,8736,386,465
557,557,T-Motor,AT3530-700² (700),700.0,1900.0,1.5,0.023,0.289,complete,11x12E,10x12WE,11.0,12.0,10.0,12.0,True,True,4.785509161915568,4.785509161915568,0.0,0.0,0.0,0.0,0.0,0.0,4.870679929680486,19.385687330732562,True,none,49.49475128424236,4.359245373711948,7.70184584386457,40.1725462603116,38.70405373968838,11200.0,20.51560606807739,True,none,49.390130228784,8.186467265924794,6.181472231489687,76.59247401696791,2.2841259830320695,11200.0,28.032611465309607,True,none,30.46790745361361,7.3796971908474385,6.513414629816611,72.96474350326363,5.911856496736348,13100.0,4,481,8928,482,466
390,390,T-Motor,MN4010-370 (370),370.0,450.0,0.6,0.139,0.137,complete,10x10E,10x10E,10.0,10.0,10.0,10.0,True,True,4.785452560965153,4.785452560965153,0.0,0.0,0.0,0.0,0.0,0.0,4.715540929180487,22.08771189121655,True,none,40.182970435268196,9.350159369091758,3.0846774401703647,20.47278178439558,58.4038182156044,10100.0,23.337808678844848,True,none,39.85364663742917,19.319016691355767,2.216008639747812,39.2279850703948,39.64861492960518,10100.0,23.42432698524642,True,none,40.00695498865853,17.378164187775145,2.3078128328549696,76.98009772612816,1.8965022738718176,10100.0,5,577,8832,386,467
181,181,Scorpion,A-6528-200² (195),195.0,6000.0,2.02,0.02,1.115,complete,20x22.5EP(CD),20x15E,20.0,22.5,20.0,15.0,True,True,4.785444860278446,4.785444860278446,0.0,0.0,0.0,0.0,0.0,0.0,5.774525929180487,20.82435523223932,True,none,47.157477635726615,3.357223723613145,10.53080781824905,38.47603917555764,40.400560824442344,5200.0,21.841706624433414,True,none,47.10039308937097,5.522177253366248,11.86649692427427,69.1359031618878,9.740696838112186,5200.0,26.42710003240248,True,none,34.51558512157078,5.865013314352561,10.61276480115318,74.92402369902544,3.952576300974542,5500.0,2,289,9120,194,468
274,274,Scorpion,S5525-195² (195),195.0,2650.0,1.11,0.03,0.64,complete,20x22.5EP(CD),20x15E,20.0,22.5,20.0,15.0,True,True,4.78542003314816,4.78542003314816,0.0,0.0,0.0,0.0,0.0,0.0,5.299525929180486,20.776492187163818,True,none,45.82478706636732,2.764776307226368,9.965685083300615,33.45369869868601,45.42290130131397,5100.0,21.845577720200364,True,none,45.764722961882285,4.785757745659067,11.367968821580913,60.70702751509943,18.16957248490055,5100.0,25.499353201711703,True,none,35.62066667689711,4.900382528185662,10.745408854946945,70.04208497422519,8.834515025774792,5500.0,2,289,9120,194,469
441,441,T-Motor,V3120-700 (700),700.0,2450.0,1.35,0.0406,0.148,complete,7x11E,7x11E,7.0,11.0,7.0,11.0,True,True,4.785407622992089,4.785407622992089,0.0,0.0,0.0,0.0,0.0,0.0,4.720909327680487,20.616302232277793,True,none,44.51624900371196,8.249038328958177,3.901517111137253,29.829590732678156,49.047009267321826,19000.0,21.848257782276498,True,none,44.168029752212,16.277708416213347,2.9906539904005975,56.61240341766767,22.26419658233231,19000.0,25.794173896736666,True,none,34.063870366717595,14.753939071260266,3.0923904658355617,74.55177411691012,4.324825883089858,19000.0,2,289,9120,194,470
8,8,Cobra,C-3520/10 (980),980.0,1110.0,1.84,0.037,0.21,complete,8x8E,7x11E,8.0,8.0,7.0,11.0,True,True,4.785326449189743,4.785326449189743,0.0,0.0,0.0,0.0,0.0,0.0,4.7842643691804865,19.362947952479804,True,none,49.2484867838089,8.08448775421696,3.8434165070859336,38.0273013858293,40.849298614170685,16400.0,20.54136600194105,True,none,48.99874684493277,16.073072212885855,2.8498057496570253,72.84414897633229,6.03245102366769,16300.0,28.721045304230216,True,none,29.351408991661486,20.047784351280143,2.228628664972185,76.74342200275424,2.1331779972457383,17300.0,4,481,8928,482,471
695,695,Turnigy,TR6374-10² (170),170.0,2910.0,1.4,0.056,0.79,complete,20x22.5EP(CD),20x22.5EP(CD),20.0,22.5,20.0,22.5,True,True,4.785296033747334,4.785296033747334,0.0,0.0,0.0,0.0,0.0,0.0,5.449525929180487,20.813513229123274,True,none,46.169642291149444,3.971777134452189,10.147545487931492,32.84958463675796,46.02701536324202,4600.0,21.86656219899036,True,none,46.10679545427976,6.785339597140716,9.414769387431871,60.76127031361077,18.11532968638921,4600.0,26.424966492297774,True,none,34.02260670949379,6.2736125052005445,9.61680948980227,75.21290045120627,3.6636995487937156,4600.0,1,193,9216,194,472
303,303,T-Motor,Antigravity 6007II-160 (160),160.0,1120.0,0.5,0.178,0.159,complete,20x22.5EP(CD),20x22.5EP(CD),20.0,22.5,20.0,22.5,True,True,4.785224593950416,4.785224593950416,0.0,0.0,0.0,0.0,0.0,0.0,4.8185259291804865,22.232595964628448,True,none,40.06799330391674,4.028705260402109,8.237579407747889,23.262555741702112,55.61404425829787,4000.0,23.37921960109169,True,none,39.97367679879143,7.587026633242375,6.734978620710984,43.85568773046862,35.020912269531365,4000.0,24.839219243134572,True,none,36.164005496715504,6.921081151019763,6.915345256426679,77.75141640192075,1.1251835980792322,4000.0,1,193,9216,194,473
517,517,T-Motor,U8-170 Pro² (170),170.0,1300.0,1.1,0.089,0.239,complete,20x22.5EP(CD),20x22.5EP(CD),20.0,22.5,20.0,22.5,True,True,4.785184628071068,4.785184628071068,0.0,0.0,0.0,0.0,0.0,0.0,4.898525929180487,20.76279530274985,True,none,44.60507643748202,3.2625372593900246,9.46236544655742,28.161801217903292,50.71479878209669,4500.0,21.884090733800154,True,none,44.536329269248235,5.996468435862942,8.972188721871571,52.93531262098095,25.94128737901903,4500.0,25.835817095500712,True,none,34.27663473525514,5.488665940543262,9.187179932104304,69.99076507613597,8.88583492386401,4500.0,1,193,9216,194,474
548,548,T-Motor,U8-10² (170),170.0,1300.0,1.1,0.089,0.239,complete,20x22.5EP(CD),20x22.5EP(CD),20.0,22.5,20.0,22.5,True,True,4.785184628071068,4.785184628071068,0.0,0.0,0.0,0.0,0.0,0.0,4.898525929180487,20.76279530274985,True,none,44.60507643748202,3.2625372593900246,9.46236544655742,28.161801217903292,50.71479878209669,4500.0,21.884090733800154,True,none,44.536329269248235,5.996468435862942,8.972188721871571,52.93531262098095,25.94128737901903,4500.0,25.835817095500712,True,none,34.27663473525514,5.488665940543262,9.187179932104304,69.99076507613597,8.88583492386401,4500.0,1,193,9216,194,475
411,411,T-Motor,MN6007II-160 (160),160.0,1120.0,0.5,0.178,0.182,complete,20x22.5EP(CD),20x22.5EP(CD),20.0,22.5,20.0,22.5,True,True,4.785116325855383,4.785116325855383,0.0,0.0,0.0,0.0,0.0,0.0,4.841525929180487,22.255597469062423,True,none,40.06650361424968,4.083214498426772,8.20290358674095,23.355257632960065,55.52134236703992,4000.0,23.399200817094105,True,none,39.97209620455357,7.6651154221689835,6.711548950269755,43.98596454616163,34.89063545383835,4000.0,24.858467766475343,True,none,36.1650448520749,6.995142097859736,6.890712587087477,77.96536090389492,0.9112390961050636,4000.0,1,193,9216,194,476
213,213,Scorpion,SII-5525-195² (195),195.0,2800.0,0.88,0.034,0.708,complete,20x22.5EP(CD),20x15E,20.0,22.5,20.0,15.0,True,True,4.785073405510698,4.785073405510698,0.0,0.0,0.0,0.0,0.0,0.0,5.367525929180487,20.839481667584096,True,none,45.82183794152009,2.9006301912232075,10.048536309312617,33.62318521477587,45.25341478522411,5100.0,21.901012884880018,True,none,45.761582349897395,4.966793443276006,11.440669469418712,60.94419564034964,17.93240435965034,5100.0,25.552759828547913,True,none,35.62486324570276,5.205362247921704,10.642720041670717,69.99375221540133,8.882847784598653,5500.0,2,289,9120,194,477
35,35,Cobra,CM-4010/32 (350),350.0,440.0,0.59,0.123,0.124,complete,11x10E,11x10E,11.0,10.0,11.0,10.0,True,True,4.785073070420285,4.785073070420285,0.0,0.0,0.0,0.0,0.0,0.0,4.705679929680487,22.0406771990094,True,none,40.28188443490239,9.392548787430174,3.052950480103618,20.448695559878384,58.427904440121594,9600.0,23.407859269298136,True,none,39.90169602377313,19.63044108002166,2.1562847990433576,39.23028540634369,39.64631459365629,9600.0,23.600994929083946,True,none,38.78887137168349,17.623092675317363,2.2505664560585084,74.17487775774374,4.701722242256238,9600.0,7,769,8640,482,478
694,694,Turnigy,TR6374-08² (200),200.0,2750.0,2.3,0.037,0.79,complete,20x22.5EP(CD),21x13.5EPN,20.0,22.5,21.0,13.5,True,True,4.784667148840046,4.784667148840046,0.0,0.0,0.0,0.0,0.0,0.0,5.449525929180487,20.914779507050167,True,none,45.81823179904824,2.982360089672215,10.147545487931492,35.207763494478016,43.668836505521966,5100.0,21.967419380922337,True,none,45.757742434988394,5.077342903075009,11.527728110020384,63.51282464026936,15.363775359730624,5100.0,25.7117033201618,True,none,35.459951574731505,4.771660963258826,11.361574003506396,76.54341078960907,2.3331892103909126,5600.0,4,481,8928,386,479
586,586,Turnigy,L5055A-700 (700),700.0,1600.0,3.0,0.018,0.296,complete,10x12WE,11x10E,10.0,12.0,11.0,10.0,True,True,4.784600200176268,4.784600200176268,0.0,0.0,0.0,0.0,0.0,0.0,4.874540929180487,19.511195268052436,True,none,49.010223441402474,5.578320196410394,5.9468027446652965,39.56055424362707,39.316045756372915,11700.0,20.646499930819193,True,none,48.884532794397636,10.567885978517186,4.818875896097535,75.25854270645411,3.618057293545874,11700.0,28.683473096548013,True,none,29.520380669986025,8.087767470818509,5.802536071922986,72.61526563512136,6.261334364878621,12000.0,6,673,8736,578,480
277,277,Scorpion,S5535-160² (160),160.0,3600.0,1.18,0.032,0.81,complete,20x22.5EP(CD),20x22.5EP(CD),20.0,22.5,20.0,22.5,True,True,4.784569029727517,4.784569029727517,0.0,0.0,0.0,0.0,0.0,0.0,5.469525929180487,20.933037572948997,True,none,45.81734415413071,4.0316191406022694,10.171547872848782,30.718118155038315,48.15848184496167,4500.0,21.983543998842194,True,none,45.7567971403624,6.968657390675816,8.860098549831521,57.268675214278176,21.607924785721806,4500.0,25.796373335863763,True,none,35.292483145511014,6.429384351636008,9.052519096398825,74.77103329839699,4.105566701602996,4500.0,1,193,9216,194,481
276,276,Scorpion,S5535-190² (190),190.0,3800.0,1.56,0.024,0.81,complete,20x22.5EP(CD),20x15E,20.0,22.5,20.0,15.0,True,True,4.784569029727517,4.784569029727517,0.0,0.0,0.0,0.0,0.0,0.0,5.469525929180487,20.933037572948997,True,none,45.81734415413071,3.0501699650321727,10.171547872848782,34.0455554048571,44.831044595142885,5000.0,21.983543998842194,True,none,45.7567971403624,5.165779455356173,11.54886237161782,61.60819639399728,17.2684036060027,5000.0,26.01501398442985,True,none,37.416086338641875,5.512682789138678,10.492213621998713,75.57402292129974,3.3025770787002386,5400.0,2,289,9120,194,482
126,126,Scorpion,SII-5535-160 (160),160.0,4875.0,1.39,0.0283,0.906,complete,20x22.5EP(CD),20x22.5EP(CD),20.0,22.5,20.0,22.5,True,True,4.78410490764437,4.78410490764437,0.0,0.0,0.0,0.0,0.0,0.0,5.565525929180486,21.02010433201707,True,none,45.813040164875325,4.2052743633466,10.28597969518365,31.34155836729398,47.535041632706,4500.0,22.060555951018905,True,none,45.752212134800835,7.096881215354495,9.283566124503523,58.10103896769822,20.77556103230176,4500.0,25.862529337863663,True,none,35.31441987574953,6.573508213016212,9.479647886392428,75.88232392300175,2.994276076998233,4500.0,1,193,9216,194,483
127,127,Scorpion,SII-5535-190 (190),190.0,5070.0,1.68,0.0234,0.906,complete,20x22.5EP(CD),20x15E,20.0,22.5,20.0,15.0,True,True,4.78410490764437,4.78410490764437,0.0,0.0,0.0,0.0,0.0,0.0,5.565525929180486,21.02010433201707,True,none,45.813040164875325,3.1939963841993597,10.28597969518365,34.53126034799089,44.345339652009095,5000.0,22.060555951018905,True,none,45.752212134800835,5.356445471766273,11.649773141080718,62.360002737397174,16.516597262602808,5000.0,26.520496086896916,True,none,37.413944033896016,5.727879323765962,10.354268802606734,76.7666127309999,2.1099872690000865,5400.0,2,289,9120,194,484
642,642,Turnigy,SK8-6374-192 (192),192.0,4400.0,1.8,0.024,0.94,complete,20x22.5EP(CD),20x15E,20.0,22.5,20.0,15.0,True,True,4.783934720404975,4.783934720404975,0.0,0.0,0.0,0.0,0.0,0.0,5.599525929180487,21.050717409010748,True,none,45.81149888841884,3.2053082711668086,10.326203546306703,34.913510553472626,43.963089446527356,5100.0,22.087679864479483,True,none,45.75056940626296,5.3732093565239225,11.685303403364099,62.967453038966106,15.909146961033876,5100.0,25.73254047669581,True,none,35.63866988746086,5.709852917253338,10.306245192383258,73.96497353615358,4.911626463846403,5500.0,2,289,9120,194,485
342,342,T-Motor,AT7224-160 (160),160.0,4800.0,3.1,0.024,0.78,complete,20x22.5EP(CD),20x22.5EP(CD),20.0,22.5,20.0,22.5,True,True,4.783643972521678,4.783643972521678,0.0,0.0,0.0,0.0,0.0,0.0,5.439525929180487,21.081727942948973,True,none,45.22016356214593,3.954464882179895,10.135522980075121,32.02483185518632,46.85176814481366,4500.0,22.135010804403827,True,none,45.16270597298847,6.761376958981188,9.426262647012019,59.08925584792416,19.787344152075825,4500.0,26.75697350163786,True,none,33.38889118591842,6.252011813454638,9.628831321952479,73.24660132286792,5.629998677132065,4500.0,1,193,9216,194,486
341,341,T-Motor,AT7224-190 (190),190.0,6000.0,3.5,0.016,0.78,complete,20x22.5EP(CD),20x15E,20.0,22.5,20.0,15.0,True,True,4.783643972521678,4.783643972521678,0.0,0.0,0.0,0.0,0.0,0.0,5.439525929180487,21.081727942948973,True,none,45.22016356214593,2.8902711246616866,10.135522980075121,35.404622227215924,43.47197777278406,5100.0,22.135010804403827,True,none,45.16270597298847,4.943195628853523,11.517146436012103,63.69989010631491,15.176709893685072,5100.0,27.19051429611347,True,none,32.61443497573241,5.337484787537145,10.536050524285768,68.95732035607983,9.919279643920149,5400.0,2,289,9120,194,487
75,75,Planet-Hobby,Joker 4260-4 V2 (840),840.0,1100.0,4.03,0.012,0.283,complete,9x9E,9x9E,9.0,9.0,9.0,9.0,True,True,4.783565519373553,4.783565519373553,0.0,0.0,0.0,0.0,0.0,0.0,4.859105322680486,19.61227938009804,True,none,48.557122297964966,8.841776868752975,3.5089962179115926,39.42584462357718,39.450755376422805,13700.0,20.795235253515003,True,none,48.25879996879227,17.546292277554663,2.6115759033702286,74.37631146925774,4.500288530742239,13700.0,28.034220844416197,True,none,30.454480810154763,15.882867194603323,2.7090254393475983,78.51861607574774,0.35798392425223824,13700.0,5,577,8832,482,488
638,638,Turnigy,SK3-6374-192 (192),192.0,2750.0,3.0,0.016,0.858,complete,20x22.5EP(CD),20x15E,20.0,22.5,20.0,15.0,True,True,4.783462894540586,4.783462894540586,0.0,0.0,0.0,0.0,0.0,0.0,5.517525929180486,21.121786342993104,True,none,45.320975378118355,3.0017126997469914,10.228923805058502,35.666905575197525,43.20969442480246,5100.0,22.16618871497709,True,none,45.26508094043698,5.054419224935909,11.599427492708758,64.02539173256726,14.851208267432725,5100.0,25.712662836226002,True,none,35.54402820379629,5.357403455911233,10.982927029230597,76.20048430392612,2.6761156960738646,5500.0,2,289,9120,194,489
128,128,Scorpion,SII-6530-150 (160),160.0,3900.0,1.15,0.032,1.043,complete,20x22.5EP(CD),20x22.5EP(CD),20.0,22.5,20.0,22.5,True,True,4.783438787836694,4.783438787836694,0.0,0.0,0.0,0.0,0.0,0.0,5.702525929180487,21.142763798914032,True,none,45.80677662325522,4.521100862516519,10.10385047180971,31.77135190417001,47.10524809582997,4500.0,22.169377122091845,True,none,45.74553272835993,7.613457212135122,8.612648025597558,58.85944408112782,20.017155918872163,4500.0,27.54195113146475,True,none,32.36880826977411,7.063518676935253,8.794039239631589,67.44695887553722,11.429641124462762,4500.0,1,193,9216,194,490
598,598,Turnigy,RotoMax 1.60 (231),231.0,2960.0,1.47,0.028,0.849,complete,20x15E,16x12E,20.0,15.0,16.0,12.0,True,True,4.783390600516066,4.783390600516066,0.0,0.0,0.0,0.0,0.0,0.0,5.508525929180487,21.13584923707053,True,none,45.24659225667756,2.6071885223632925,10.218190358115539,32.27656931514654,46.600030684853444,6400.0,22.178845264989974,True,none,45.198782709382556,4.435176928504641,11.589963336594328,59.451434120649424,19.42516587935056,6400.0,25.489854428063914,True,none,35.9151069886814,8.775491961462354,6.4692684289265365,69.75217344099318,9.124426559006807,6600.0,11,1153,8256,770,491
12,12,Cobra,C-3525/10 (780),780.0,1380.0,1.65,0.035,0.253,complete,10x12WE,9x9E,10.0,12.0,9.0,9.0,True,True,4.783387690629541,4.783387690629541,0.0,0.0,0.0,0.0,0.0,0.0,4.831540929180487,19.231861614584158,True,none,49.9643479014821,7.324913587557221,4.420392934510538,42.22305694833192,36.65354305166806,10800.0,20.821308417870206,True,none,48.0713372393198,14.256198458334364,3.3963783486510275,77.26826454130465,1.6083354586953362,10800.0,28.052249797105123,True,none,35.377616773003766,9.31984209815742,4.954854459485107,77.90284147917896,0.973758520821022,14800.0,9,961,8448,770,492
417,417,T-Motor,MS8014-160 (160),160.0,4160.0,1.7,0.036,0.43,complete,20x22.5EP(CD),20x22.5EP(CD),20.0,22.5,20.0,22.5,True,True,4.783282306047637,4.783282306047637,0.0,0.0,0.0,0.0,0.0,0.0,5.089525929180486,21.102020967582117,True,none,44.09848951703086,3.4429353150950943,9.705357223170852,28.850728054444353,50.02587194555563,4400.0,22.196733879890274,True,none,44.03962710616108,6.15163111385972,9.296911202399437,51.46381824693147,27.412781753068515,4400.0,27.81889141297977,True,none,31.091384576291805,5.657391511543162,9.510073874645903,62.4290846912732,16.447515308726786,4400.0,1,193,9216,194,493
561,561,T-Motor,AT5330-190² (190),190.0,4500.0,1.4,0.035,0.635,complete,20x22.5EP(CD),20x15E,20.0,22.5,20.0,15.0,True,True,4.782922589608503,4.782922589608503,0.0,0.0,0.0,0.0,0.0,0.0,5.2945259291804865,21.183398798893382,True,none,44.449824783330584,2.912309066078098,9.959565879320063,32.42437556754783,46.452224432452155,4900.0,22.255633204027312,True,none,44.384961410684085,5.032067149087391,11.362604826950193,58.65465274882576,20.22194725117422,4900.0,25.538054993213528,True,none,37.26281322525152,5.345600655560322,10.180848514110368,74.0594633068225,4.817136693177488,5400.0,2,289,9120,194,494
346,346,T-Motor,AT8025-160 (160),160.0,5000.0,4.0,0.014,0.985,complete,20x22.5EP(CD),20x22.5EP(CD),20.0,22.5,20.0,22.5,True,True,4.7828508789377375,4.7828508789377375,0.0,0.0,0.0,0.0,0.0,0.0,5.644525929180487,21.23606059671759,True,none,45.31566779051529,4.253120544975594,10.379201306208136,33.37097205402891,45.50562794597107,4500.0,22.267415540867816,True,none,45.25942433605699,7.158793741854537,9.196378271208841,61.342221416074054,17.53437858392593,4500.0,27.686708233100255,True,none,32.04459227473467,6.637854366363866,9.388576868476216,74.19868762621233,4.677912373787649,4500.0,1,193,9216,194,495
345,345,T-Motor,AT8025-190 (190),190.0,6000.0,5.0,0.01,0.99,complete,20x22.5EP(CD),20x15E,20.0,22.5,20.0,15.0,True,True,4.782826992552911,4.782826992552911,0.0,0.0,0.0,0.0,0.0,0.0,5.649525929180487,21.24052689556313,True,none,45.31545656893055,3.1906868050575556,10.385073251055895,37.20907789424755,41.66752210575243,5100.0,22.27137859618277,True,none,45.25919904470683,5.303734910739874,11.737358407184814,66.53514494662495,12.341455053375029,5100.0,27.367856968603274,True,none,32.597740640317625,5.645361451993857,10.789725763252559,74.48057239489015,4.396027605109836,5400.0,2,289,9120,194,496
173,173,Scorpion,M-3014-380 (380),380.0,433.0,0.31,0.2206,0.115,complete,10x10E,10x10E,10.0,10.0,10.0,10.0,True,True,4.782759546834509,4.782759546834509,0.0,0.0,0.0,0.0,0.0,0.0,4.693540929180487,22.384473383589928,True,none,39.3564261396341,9.845887702065681,2.907148114377461,19.93178033892213,58.94481966107785,10000.0,23.84433414321731,True,none,39.01390936861863,20.555599111195477,2.06878991591212,38.08692741715879,40.78967258284119,9900.0,23.436158864882817,True,none,39.173411678999514,18.503120214035768,2.158259695688961,74.7036743051125,4.172925694887482,9900.0,4,481,8928,290,497
290,290,Scorpion,S3032-8² (988),988.0,1200.0,3.1,0.022,0.223,complete,9x9E,8x8E,9.0,9.0,8.0,8.0,True,True,4.782707852961337,4.782707852961337,0.0,0.0,0.0,0.0,0.0,0.0,4.799105322680487,19.72335865592773,True,none,47.90983353517405,8.94476950059709,3.3871417377643382,41.29222473109959,37.584375268900395,13500.0,20.92231664781235,True,none,47.58956333007935,17.978030056859765,2.497058699148708,77.49622224574742,1.3803777542525637,13400.0,28.375720908342142,True,none,29.865770890529216,13.750764423249386,3.187706293042594,74.49073298782588,4.385867012174103,15800.0,4,481,8928,482,498
145,145,Scorpion,HKII-7050-330 (330),330.0,13000.0,4.28,0.0055,1.915,complete,14x14E,11x10E,14.0,14.0,11.0,10.0,True,True,4.782517248500542,4.782517248500542,0.0,0.0,0.0,0.0,0.0,0.0,6.511404705180487,21.36612215806747,True,none,47.429150510433146,6.631273114826941,9.109178562909326,40.037774411878004,38.83882558812198,9100.0,22.324841613941643,True,none,47.34778574052275,10.368207484843582,7.907990465694682,73.64266581746067,5.233934182539315,9100.0,27.573986792694313,True,none,33.383254200362536,24.916967300913175,2.8760303862859384,77.76471344373864,1.1118865562613394,9500.0,13,1345,8064,674,499
301,301,T-Motor,Antigravity 6007-160 (160),160.0,865.0,0.5,0.277,0.18,complete,20x22.5EP(CD),20x22.5EP(CD),20.0,22.5,20.0,22.5,True,True,4.782354552574928,4.782354552574928,0.0,0.0,0.0,0.0,0.0,0.0,4.839525929180486,22.758654612917105,True,none,38.77934276306562,4.885008110133699,6.685417923975451,23.00286335007705,55.87373664992293,3900.0,23.92200098456616,True,none,38.64312387593989,9.28062838027223,5.392486343364481,43.06549648819172,35.81110351180826,3900.0,24.81961875064414,True,none,36.24489482306085,8.474920780313472,5.547616367540042,77.95652849388357,0.9200715061164146,3900.0,1,193,9216,194,500
164,164,Scorpion,HK5-4035-595 (595),595.0,8200.0,3.98,0.0108,0.482,complete,8x8E,8x8E,8.0,8.0,8.0,8.0,True,True,4.782351060182373,4.782351060182373,0.0,0.0,0.0,0.0,0.0,0.0,5.056264369180487,21.215469544218582,True,none,43.64118727186758,7.169924015779197,5.141407608602709,28.398750609594217,50.477849390405765,16800.0,22.352561969885514,True,none,43.46445977440395,13.244331319228454,4.1410807901663595,53.67099787350831,25.20560212649167,16800.0,25.59569886667485,True,none,35.01165275081654,12.116251003366443,4.260718735287593,75.25636049544859,3.6202395045513924,16800.0,1,193,9216,194,501
348,348,T-Motor,AT8030-160 (160),160.0,5600.0,4.5,0.0105,1.11,complete,20x22.5EP(CD),20x22.5EP(CD),20.0,22.5,20.0,22.5,True,True,4.782268122061681,4.782268122061681,0.0,0.0,0.0,0.0,0.0,0.0,5.769525929180487,21.346996267895776,True,none,45.31033664985081,4.396306551584641,10.525017179553265,34.277197857520754,44.59940214247923,4500.0,22.36599772476086,True,none,45.253733245397065,7.264192387295754,9.061844325325243,62.68824277608319,16.18835722391679,4500.0,27.762357184256857,True,none,32.08293355565127,6.747373048213154,9.248169021171817,76.08050433795877,2.7960956620412105,4500.0,1,193,9216,194,502
347,347,T-Motor,AT8030-190 (190),190.0,6800.0,5.2,0.008,1.115,complete,20x22.5EP(CD),20x15E,20.0,22.5,20.0,15.0,True,True,4.782244444523221,4.782244444523221,0.0,0.0,0.0,0.0,0.0,0.0,5.774525929180487,21.351402854782854,True,none,45.31012122567742,3.3300190999700647,10.53080781824905,37.8578890037659,41.018710996234084,5100.0,22.369919838118133,True,none,45.25350305467281,5.488584628565632,11.86649692427427,67.53950317127328,11.3370968287267,5100.0,27.456112215567558,True,none,32.615327255407266,5.925938083121843,10.61276480115318,75.50984821296815,3.3667517870318306,5400.0,2,289,9120,194,503
696,696,Turnigy,TR8085-06² (250),250.0,5820.0,4.0,0.022,1.4,complete,20x22.5EP(CD),14x12E,20.0,22.5,14.0,12.0,True,True,4.782114369271409,4.782114369271409,0.0,0.0,0.0,0.0,0.0,0.0,6.059525929180487,20.97012886322304,True,none,47.51744568188566,4.160821936657515,10.855769607914507,45.04609215296615,33.83050784703383,5300.0,22.39248744696054,True,none,45.91611148946174,6.781745123535737,10.28351219793767,76.02137375086396,2.855226249136024,5300.0,26.04949770712693,True,none,35.623926913854206,15.592941510857939,4.175362791200297,77.99568865058359,0.8809113494163938,7100.0,9,961,8448,770,504
101,101,Scorpion,A-6528-160 (160),160.0,6450.0,1.97,0.0219,1.115,complete,20x22.5EP(CD),20x22.5EP(CD),20.0,22.5,20.0,22.5,True,True,4.782055328613858,4.782055328613858,0.0,0.0,0.0,0.0,0.0,0.0,5.774525929180487,21.38249329987349,True,none,45.205656423743285,4.639875017635843,10.53080781824905,32.7757425171666,46.10085748283338,4500.0,22.401627930903928,True,none,45.147233585962894,7.67346431524088,9.056547585827783,60.257656573782796,18.618943426217186,4500.0,26.97401643653002,True,none,33.47886400469257,7.126564183170902,9.242643924004643,72.80396405354412,6.072635946455861,4500.0,1,193,9216,194,505
637,637,Turnigy,SK3-6364-190 (190),190.0,2450.0,2.5,0.028,0.72,complete,20x22.5EP(CD),20x15E,20.0,22.5,20.0,15.0,True,True,4.7820199295134325,4.7820199295134325,0.0,0.0,0.0,0.0,0.0,0.0,5.379525929180486,21.344918555794052,True,none,44.17959361502366,2.9510282343178402,10.06308630488597,33.57551836710924,45.30108163289074,5000.0,22.40759525659901,True,none,44.115684728432704,5.092073136411193,11.453451092509141,60.43846930797635,18.438130692023634,5000.0,25.744997280128175,True,none,37.26057642553813,5.314213740193714,10.057298298722815,77.23960506317273,1.63699493682725,5400.0,2,289,9120,194,506
448,448,T-Motor,V10-160 (160),160.0,7000.0,4.4,0.012,1.23,complete,20x22.5EP(CD),20x22.5EP(CD),20.0,22.5,20.0,22.5,True,True,4.781082896962643,4.781082896962643,0.0,0.0,0.0,0.0,0.0,0.0,5.889525929180487,21.45211725489728,True,none,45.3051207098695,4.6626592588053075,10.4189798442805,34.68989172000148,44.186708279998506,4500.0,22.568075232550434,True,none,45.24815463373007,7.723760326716,8.937119165196677,63.530970726300424,15.345629273699558,4500.0,27.8342879554599,True,none,32.119258814748214,7.166588540751603,9.117434929594339,76.52750110737875,2.349098892621228,4500.0,1,193,9216,194,507
280,280,Scorpion,HK3026-880² (880),880.0,1450.0,2.3,0.026,0.195,complete,7x15E,9x9E,7.0,15.0,9.0,9.0,True,True,4.7809571156402635,4.7809571156402635,0.0,0.0,0.0,0.0,0.0,0.0,4.767909327680487,19.52676070409318,True,none,48.543021831715016,9.728825369163712,3.338289862815253,43.11923358350587,35.757366416494115,18100.0,21.183876114267093,True,none,46.54322698124311,19.273203174449417,2.5572955785678637,77.73239418945478,1.144205810545202,18100.0,28.050517754536912,True,none,30.315270048427156,10.01718439152448,4.467648894937336,73.69162737936144,5.184972620638547,14300.0,7,769,8640,674,508
16,16,Cobra,C-4120/12 (850),850.0,1390.0,2.77,0.021,0.293,complete,7x15E,9x9E,7.0,15.0,9.0,9.0,True,True,4.780562260447403,4.780562260447403,0.0,0.0,0.0,0.0,0.0,0.0,4.865909327680487,20.02396184473641,True,none,47.039356111656375,10.639037218068893,3.1671297594216004,42.2244608307459,36.652139169254085,17900.0,21.243540616498557,True,none,46.62516337449603,20.86073141845772,2.422673311266753,78.58739215025433,0.28920784974565095,17900.0,28.46429355979049,True,none,29.826379805049662,10.821848654098682,4.215853762098149,73.50713616723465,5.369463832765334,14100.0,7,769,8640,770,509
232,232,Scorpion,SII-3032-990 (V2)² (990),990.0,1065.0,4.25,0.01,0.275,complete,8x8E,8x8E,8.0,8.0,8.0,8.0,True,True,4.780352581625429,4.780352581625429,0.0,0.0,0.0,0.0,0.0,0.0,4.849264369180487,20.08034366679359,True,none,46.77745892480699,9.940744990679875,3.1196522719481137,38.734161468092225,40.14243853190776,15500.0,21.27600585626638,True,none,46.460106155086876,19.941035984638123,2.298334573172279,72.68527795191241,6.191322048087571,15400.0,28.687498528768913,True,none,29.479954637016704,18.02317284380126,2.3889607455175508,78.00019699997833,0.8764030000216536,15500.0,3,385,9024,386,510
242,242,Scorpion,SII-3032-990² (990),990.0,1065.0,4.25,0.01,0.275,complete,8x8E,8x8E,8.0,8.0,8.0,8.0,True,True,4.780352581625429,4.780352581625429,0.0,0.0,0.0,0.0,0.0,0.0,4.849264369180487,20.08034366679359,True,none,46.77745892480699,9.940744990679875,3.1196522719481137,38.734161468092225,40.14243853190776,15500.0,21.27600585626638,True,none,46.460106155086876,19.941035984638123,2.298334573172279,72.68527795191241,6.191322048087571,15400.0,28.687498528768913,True,none,29.479954637016704,18.02317284380126,2.3889607455175508,78.00019699997833,0.8764030000216536,15500.0,3,385,9024,386,511
288,288,Scorpion,S3026-10² (980),980.0,1000.0,2.64,0.025,0.199,complete,7x9E,9x7.5E,7.0,9.0,9.0,7.5,True,True,4.7803264161126595,4.7803264161126595,0.0,0.0,0.0,0.0,0.0,0.0,4.771909327680487,20.09558098022059,True,none,46.453436674599544,9.51408831660423,3.2807901658308283,35.35419871546192,43.52240128453806,18600.0,21.28042121158444,True,none,46.214533778130054,19.045743340408446,2.4614267751507954,67.04557432769953,11.831025672300456,18600.0,28.1231452667718,True,none,30.21134201088648,18.421067991575647,2.233788592801066,77.32805820590121,1.5485417940987674,14600.0,3,385,9024,386,512
532,532,T-Motor,MT2826-10² (380),380.0,428.0,0.7,0.059,0.187,complete,9x9E,9x9E,9.0,9.0,9.0,9.0,True,True,4.779859615822727,4.779859615822727,0.0,0.0,0.0,0.0,0.0,0.0,4.763105322680487,23.18340903829202,True,none,37.58483014005567,10.512974232166162,3.009887394833446,18.24007857820074,60.636521421799245,10800.0,24.414261678865202,True,none,37.325582335395126,21.15772110232473,2.1728229128238348,35.04419824557468,43.832401754425305,10800.0,24.217623989409987,True,none,37.43852082679645,19.124824194440386,2.3323832271274125,68.54521292081189,10.33138707918809,10800.0,6,673,8736,386,513
518,518,T-Motor,U8-135 Pro² (135),135.0,940.0,1.0,0.137,0.239,complete,20x22.5EP(CD),20x22.5EP(CD),20.0,22.5,20.0,22.5,True,True,4.779453536755491,4.779453536755491,0.0,0.0,0.0,0.0,0.0,0.0,4.898525929180487,23.889660932001163,True,none,36.29982041519674,4.937661881915691,7.112804917417301,19.508213606382665,59.368386393617314,3700.0,24.49570463740109,True,none,37.40034283046948,9.175032238741798,5.77872992584369,37.57525485757234,41.30134514242764,3700.0,24.855619540993434,True,none,36.27597117250617,8.390638526809475,5.93917627709164,73.38644180863825,5.490158191361729,3700.0,1,193,9216,194,514
549,549,T-Motor,U8-13² (135),135.0,940.0,1.0,0.137,0.239,complete,20x22.5EP(CD),20x22.5EP(CD),20.0,22.5,20.0,22.5,True,True,4.779453536755491,4.779453536755491,0.0,0.0,0.0,0.0,0.0,0.0,4.898525929180487,23.889660932001163,True,none,36.29982041519674,4.937661881915691,7.112804917417301,19.508213606382665,59.368386393617314,3700.0,24.49570463740109,True,none,37.40034283046948,9.175032238741798,5.77872992584369,37.57525485757234,41.30134514242764,3700.0,24.855619540993434,True,none,36.27597117250617,8.390638526809475,5.93917627709164,73.38644180863825,5.490158191361729,3700.0,1,193,9216,194,515
105,105,Scorpion,A-7430-185 (V2) (185),185.0,7500.0,2.93,0.0096,1.255,complete,20x22.5EP(CD),20x15E,20.0,22.5,20.0,15.0,True,True,4.7794066252499805,4.7794066252499805,0.0,0.0,0.0,0.0,0.0,0.0,5.914525929180487,21.85318188505816,True,none,44.06188043321659,3.7130958302435606,10.691672469964923,35.69837702527274,43.17822297472724,5000.0,22.860742421205224,True,none,44.00055159329511,6.035355467509174,11.98263498636621,60.98922140420944,17.887378595790544,5000.0,26.06937595577987,True,none,35.45213190364624,6.560796833291536,9.88009058665242,78.44800278967874,0.428597210321243,5300.0,2,289,9120,194,516
104,104,Scorpion,A-7430-155 (V2) (155),155.0,7500.0,2.23,0.0127,1.271,complete,20x22.5EP(CD),20x22.5EP(CD),20.0,22.5,20.0,22.5,True,True,4.7793273312079085,4.7793273312079085,0.0,0.0,0.0,0.0,0.0,0.0,5.930525929180487,21.867091863034034,True,none,44.06112217432049,5.081875036130809,9.789272336084023,32.28797955721219,46.58862044278779,4400.0,22.873172823481696,True,none,43.9997366821238,8.351565886138845,8.384194871271644,56.76626006951335,22.11033993048663,4400.0,26.72859614063923,True,none,34.166798778755805,7.769425106197698,8.555379135440987,76.6925663587064,2.1840336412935812,4400.0,1,193,9216,194,517
513,513,T-Motor,U8-190 Lite² (190),190.0,1040.0,1.3,0.048,0.243,complete,20x15E,20x15E,20.0,15.0,20.0,15.0,True,True,4.779256434352501,4.779256434352501,0.0,0.0,0.0,0.0,0.0,0.0,4.902525929180487,23.415771023456173,True,none,37.362745821953474,3.13244543779146,9.467518216734891,20.355910444410807,58.52068955558917,5300.0,24.535573806278023,True,none,37.316723805837334,5.930672428931653,8.156412914693867,37.86709521904471,41.009504780955275,5300.0,24.37573027524435,True,none,37.350156409383146,5.414368400095265,8.390047547790067,76.69814758562869,2.178452414371293,5300.0,2,289,9120,194,518
510,510,T-Motor,U8-190 II² (190),190.0,1040.0,1.3,0.048,0.277,complete,20x15E,20x15E,20.0,15.0,20.0,15.0,True,True,4.779118844614488,4.779118844614488,0.0,0.0,0.0,0.0,0.0,0.0,4.936525929180487,23.448873184501508,True,none,37.36196614031485,3.1941460113954303,9.51120405491512,20.437992795951025,58.43860720404896,5300.0,24.564457168993414,True,none,37.31558374861363,6.0202642764792555,8.111622901969923,38.0036276722336,40.872972327766384,5300.0,24.4054128578698,True,none,37.348352381077376,5.499334478609287,8.342954304111947,76.97603286655519,1.9005671334447953,5300.0,2,289,9120,194,519
451,451,T-Motor,U8 Lite-190² (190),190.0,1050.0,1.3,0.048,0.243,complete,20x15E,20x15E,20.0,15.0,20.0,15.0,True,True,4.779118844614488,4.779118844614488,0.0,0.0,0.0,0.0,0.0,0.0,4.902525929180487,23.447425630224977,True,none,37.29039761635748,3.093135204802757,9.467518216734891,20.40539724996148,58.4712027500385,5300.0,24.564456155087832,True,none,37.250862945974035,5.845965534615786,8.156412914693867,37.92453407384684,40.95206592615314,5300.0,24.405743868884617,True,none,37.28159811802631,5.3439273650308365,8.390047547790067,76.84509009318157,2.031509906818414,5300.0,2,289,9120,194,520
28,28,Cobra,CM-2820/32 (350),350.0,450.0,0.33,0.3,0.146,complete,11x10E,10x12WE,11.0,10.0,10.0,12.0,True,True,4.77900115996651,4.77900115996651,0.0,0.0,0.0,0.0,0.0,0.0,4.727679929680487,23.332419778629145,True,none,37.16327621115124,9.030166428533747,3.140081773040959,18.321885669574854,60.55471433042513,9000.0,24.58791557339694,True,none,36.86562800977478,18.632018134183017,2.2349247009055335,35.21985438000712,43.65674561999286,8900.0,23.573472889608226,True,none,39.135504736644386,20.097841192941637,2.024078494471296,77.01456336266106,1.8620366373389174,8700.0,6,673,8736,386,521
457,457,T-Motor,U8II-190² (190),190.0,1050.0,1.3,0.048,0.277,complete,20x15E,20x15E,20.0,15.0,20.0,15.0,True,True,4.778971774692735,4.778971774692735,0.0,0.0,0.0,0.0,0.0,0.0,4.936525929180487,23.48046184028894,True,none,37.28977138804044,3.154007306625724,9.51120405491512,20.487000950086298,58.389599049913684,5300.0,24.59326929489405,True,none,37.24988674803595,5.934174175816922,8.111622901969923,38.060349160596935,40.81625083940305,5300.0,24.4353373155098,True,none,37.28000392218597,5.427700530338802,8.342954304111947,77.121287240493,1.7553127595069782,5300.0,2,289,9120,194,522
485,485,T-Motor,U8II-190 ² (190),190.0,1045.0,1.3,0.048,0.277,complete,20x15E,20x15E,20.0,15.0,20.0,15.0,True,True,4.778971774692735,4.778971774692735,0.0,0.0,0.0,0.0,0.0,0.0,4.936525929180487,23.48046184028894,True,none,37.28977138804044,3.1749843032892295,9.51120405491512,20.487341290673967,58.389258709326015,5300.0,24.59326929489405,True,none,37.24988674803595,5.990708132824233,8.111622901969923,38.06091051076638,40.815689489233606,5300.0,24.4353373155098,True,none,37.28000392218597,5.457814391253644,8.342954304111947,77.12159977346622,1.7550002265337667,5300.0,2,289,9120,194,523
372,372,T-Motor,MN801-S KV150 (150),150.0,2800.0,1.4,0.05,0.47,complete,20x22.5EP(CD),20x22.5EP(CD),20.0,22.5,20.0,22.5,True,True,4.778205065081678,4.778205065081678,0.0,0.0,0.0,0.0,0.0,0.0,5.129525929180486,21.976155362467736,True,none,41.58211539406359,4.000084468526893,9.75357011329869,24.902105983591674,53.97449401640831,4200.0,23.07364664858325,True,none,41.50828327299713,7.1522697888818705,7.72171913630323,46.711884386605604,32.16471561339438,4200.0,26.426413544717708,True,none,33.529680194946074,6.578208993195535,7.906233202627035,65.03579674632626,13.840803253673727,4200.0,1,193,9216,194,524
129,129,Scorpion,SII-6530-180 (180),180.0,6349.0,1.51,0.0222,1.043,complete,20x22.5EP(CD),20x22.5EP(CD),20.0,22.5,20.0,22.5,True,True,4.7777063678827,4.7777063678827,0.0,0.0,0.0,0.0,0.0,0.0,5.702525929180487,22.133200892457968,True,none,42.63380787591151,3.6822117867338564,10.44711295932223,30.99406152354747,47.88253847645251,4800.0,23.164770681671484,True,none,42.566012952905844,6.107146011752822,11.217985073879607,55.70752667578841,23.169073324211574,4800.0,26.40428523660106,True,none,34.4498654883708,5.670597003691224,11.438469128623552,78.57442907856549,0.3021709214344952,4800.0,2,289,9120,290,525
375,375,T-Motor,MN805-S KV150 (150),150.0,3600.0,2.2,0.032,0.625,complete,20x22.5EP(CD),20x22.5EP(CD),20.0,22.5,20.0,22.5,True,True,4.777684293490494,4.777684293490494,0.0,0.0,0.0,0.0,0.0,0.0,5.284525929180487,22.108374081864085,True,none,41.61517796370333,4.251183269120264,9.515121939643217,26.009224652384734,52.86737534761525,4200.0,23.167595739667398,True,none,41.59844132310688,7.467272312926417,7.985274465090346,48.360863535171205,30.515736464828777,4200.0,26.69144162878269,True,none,33.27869864025122,6.884463423497088,8.169264162968895,68.2303788675792,10.646221132420777,4200.0,1,193,9216,194,526
102,102,Scorpion,A-6528-180 (V2) (180),180.0,7200.0,2.38,0.0189,1.115,complete,20x22.5EP(CD),20x22.5EP(CD),20.0,22.5,20.0,22.5,True,True,4.777387033500641,4.777387033500641,0.0,0.0,0.0,0.0,0.0,0.0,5.774525929180487,22.197212885624754,True,none,42.63009294640989,3.738773642578301,10.53080781824905,31.783577281359914,47.09302271864007,4800.0,23.221768651470498,True,none,42.562017963444,6.191239885745296,11.128513558434214,57.020060058553405,21.856539941446577,4800.0,27.17700587401476,True,none,33.10975456137976,5.745643528762045,11.345073108992484,78.77697547665842,0.09962452334156069,4800.0,2,289,9120,290,527
369,369,T-Motor,MN701-S KV135 (135),135.0,1900.0,0.9,0.094,0.35,complete,20x22.5EP(CD),20x22.5EP(CD),20.0,22.5,20.0,22.5,True,True,4.77716796987768,4.77716796987768,0.0,0.0,0.0,0.0,0.0,0.0,5.009525929180486,23.861136877353733,True,none,36.59396683238284,4.914843002181626,7.463366497757486,20.70834080156858,58.1682591984314,3700.0,24.967820019626714,True,none,36.54876351154901,8.97977740439716,6.113544232523264,38.323355759255186,40.553244240744796,3700.0,24.810419520068844,True,none,36.578954471837996,8.230897360281569,6.275267981283615,77.66928143084314,1.2073185691568398,3700.0,1,193,9216,194,528
178,178,Scorpion,IM-8012-135 (135),135.0,3108.0,1.11,0.0772,0.377,complete,20x22.5EP(CD),20x22.5EP(CD),20.0,22.5,20.0,22.5,True,True,4.777063545106309,4.777063545106309,0.0,0.0,0.0,0.0,0.0,0.0,5.0365259291804865,23.887085047202056,True,none,36.59333270035909,4.706899437872938,7.427289843935801,20.93350598590256,57.943094014097426,3700.0,24.990550988288298,True,none,36.54783451021794,8.653855557743071,6.089099422407134,38.67607304167656,40.20052695832342,3700.0,24.83375787307581,True,none,36.577551846102665,7.91062868356044,6.249150674134545,78.40522906558643,0.4713709344135566,3700.0,1,193,9216,194,529
639,639,Turnigy,SK3-6374-149 (149),149.0,2250.0,2.0,0.021,0.84,complete,20x22.5EP(CD),20x22.5EP(CD),20.0,22.5,20.0,22.5,True,True,4.776742252252031,4.776742252252031,0.0,0.0,0.0,0.0,0.0,0.0,5.4995259291804865,22.303906623165744,True,none,41.61389524493535,4.552520485581471,9.804614030834403,26.652842528129497,52.223757471870485,4200.0,23.34015192976935,True,none,41.595308681683676,7.759436592163609,8.2971019321246,51.38944637155789,27.487153628442094,4200.0,26.839095587612753,True,none,33.327098833060894,7.177541033433992,8.479538181179171,68.87462462691195,10.00197537308803,4200.0,1,193,9216,194,530
17,17,Cobra,C-4120/14 (710),710.0,1510.0,1.99,0.018,0.293,complete,11x10E,11x10E,11.0,10.0,11.0,10.0,True,True,4.776695780571145,4.776695780571145,0.0,0.0,0.0,0.0,0.0,0.0,4.874679929680487,20.708700981029203,True,none,44.70652930586421,5.019882890487818,6.520313565741126,34.05225518060471,44.82434481939527,11900.0,21.849669400737245,True,none,44.58338584615683,9.544487281303505,5.147761443298691,64.61314954279102,14.263450457208961,11900.0,28.41955151445385,True,none,29.898797518418306,8.700035416475327,5.2930946892235164,72.19287614167978,6.6837238583202065,11900.0,6,673,8736,674,531
643,643,Turnigy,SK8-6374-149 (149),149.0,3500.0,1.3,0.043,0.937,complete,20x22.5EP(CD),20x22.5EP(CD),20.0,22.5,20.0,22.5,True,True,4.776114722893778,4.776114722893778,0.0,0.0,0.0,0.0,0.0,0.0,5.596525929180487,22.41050731430135,True,none,41.556601155852874,5.071480132109781,9.071928545519478,26.6655766473488,52.21102335265118,4200.0,23.456795393572417,True,none,41.4809920751759,8.575554418615116,7.6720357025928,49.111014573170756,29.765585426829226,4200.0,27.498470907959938,True,none,32.29954535881121,7.940489317909143,7.841752163921503,64.90720645194027,13.969393548059713,4200.0,1,193,9216,194,532
279,279,Scorpion,S5545-150² (150),150.0,3800.0,1.31,0.03,1.005,complete,20x22.5EP(CD),20x22.5EP(CD),20.0,22.5,20.0,22.5,True,True,4.776039406094232,4.776039406094232,0.0,0.0,0.0,0.0,0.0,0.0,5.664525929180487,22.450804202383583,True,none,41.612497756762565,4.986918757768442,8.981204777210607,26.999894708972143,51.87670529102784,4200.0,23.470463009579635,True,none,41.59249094206844,8.466098084786935,7.606957188268502,51.802659755062514,27.073940244937468,4200.0,25.56044736931869,True,none,36.110720308344014,7.84669208485053,7.773821600885123,77.26260865172165,1.6139913482783328,4200.0,1,193,9216,194,533
449,449,T-Motor,V10L-170 (170),170.0,9000.0,4.4,0.008,1.34,complete,20x22.5EP(CD),20x22.5EP(CD),20.0,22.5,20.0,22.5,True,True,4.775943171128229,4.775943171128229,0.0,0.0,0.0,0.0,0.0,0.0,5.9995259291804865,20.991909957520406,True,none,47.25050658381008,4.427003954331764,10.788170080234782,38.20348924341797,40.67311075658201,4800.0,21.97204652557121,True,none,47.25145628362228,7.149801997181619,10.350538296061492,69.34796513325546,9.528634866744525,4800.0,29.543391624226224,True,none,29.587071266770398,6.661510705784797,10.548138121941621,67.1003960114424,11.776203988557583,4800.0,1,193,9216,194,534
106,106,Scorpion,A-7441-165 (V2) (165),165.0,9300.0,3.23,0.0083,1.605,complete,20x22.5EP(CD),20x22.5EP(CD),20.0,22.5,20.0,22.5,True,True,4.77534464237838,4.77534464237838,0.0,0.0,0.0,0.0,0.0,0.0,6.264525929180487,21.09908902705893,True,none,47.67321085044411,5.194983681737595,11.022267076985166,38.11250010988957,40.764099890110415,4700.0,22.070088058216065,True,none,47.621036902496094,8.220884518937032,9.564001279976313,69.43306327324214,9.443536726757841,4700.0,28.08529872839334,True,none,32.178216156330116,7.6802899143221195,9.742856728568608,69.6635470050159,9.213052994984082,4700.0,1,193,9216,194,535
109,109,Scorpion,A-7445-165 (V2) (165),165.0,10000.0,3.48,0.0075,1.701,complete,20x22.5EP(CD),20x22.5EP(CD),20.0,22.5,20.0,22.5,True,True,4.774235114369077,4.774235114369077,0.0,0.0,0.0,0.0,0.0,0.0,6.360525929180487,21.17899090693721,True,none,47.669193142736894,5.404504700378666,10.890454859239469,38.74301454167848,40.133585458321505,4700.0,22.25463356286067,True,none,47.616731920260555,8.490353141126649,9.467188728232902,70.51085922447274,8.365740775527243,4700.0,28.138434115981703,True,none,32.20984090249965,7.939884336717039,9.642240908358072,70.6529749603303,8.223625039669685,4700.0,1,193,9216,194,536
580,580,Turnigy,CA8080-10 (160),160.0,4000.0,6.4,0.0143,1.44,complete,20x22.5EP(CD),20x22.5EP(CD),20.0,22.5,20.0,22.5,True,True,4.772070205593078,4.772070205593078,0.0,0.0,0.0,0.0,0.0,0.0,6.099525929180487,21.632990505766617,True,none,45.295765284123874,5.345496532599976,10.130526374932828,36.87124485894703,42.00535514105295,4500.0,22.62150165638852,True,none,45.23812091581808,8.598494905958493,8.727289486094115,66.81136457219307,12.065235427806911,4500.0,28.06733791778589,True,none,32.181726011709046,8.015844685422909,8.898502533723516,74.87712889266584,3.999471107334145,4500.0,1,193,9216,194,537
600,600,Turnigy,RotoMax 80 (195),195.0,6600.0,4.8,0.013,1.916,complete,20x22.5EP(CD),20x15E,20.0,22.5,20.0,15.0,True,True,4.771287849118031,4.771287849118031,0.0,0.0,0.0,0.0,0.0,0.0,6.575525929180487,21.695828550701727,True,none,46.4242475972911,4.521055630513724,11.420620238871775,42.578867868711086,36.297732131288896,5200.0,22.758045202164425,True,none,46.36726766371733,6.953821918449875,11.68472167361165,75.37881857115323,3.49778142884675,5200.0,29.021193099227077,True,none,31.022923563674517,7.546977833945257,10.09661434777601,71.71081969144367,7.165780308556307,5500.0,2,289,9120,194,538
180,180,Scorpion,A-6528-180² (180),180.0,7200.0,2.39,0.0069,1.115,complete,20x22.5EP(CD),26x15E,20.0,22.5,26.0,15.0,True,True,4.7710709180675686,4.7710709180675686,0.0,0.0,0.0,0.0,0.0,0.0,5.774525929180487,21.774126135227842,True,none,43.92984470640443,3.5401247890859375,10.53080781824905,32.852331291119725,46.02426870888026,4900.0,22.795721213631232,True,none,43.86690279430554,5.864989288291486,11.646520481047535,59.00453946144564,19.872060538554344,4900.0,30.97631216636656,True,none,27.569305495546715,3.574080719650282,11.820660447945693,68.921323453578,9.955276546421985,5100.0,2,289,9120,290,539
108,108,Scorpion,A-7445-140 (V2) (140),140.0,10000.0,2.5,0.011,1.688,complete,20x22.5EP(CD),20x22.5EP(CD),20.0,22.5,20.0,22.5,True,True,4.770458689413733,4.770458689413733,0.0,0.0,0.0,0.0,0.0,0.0,6.347525929180486,23.576532300837584,True,none,40.11501354927961,7.46512873322583,7.7309399385283095,28.608836988605976,50.26776301139401,4000.0,24.555554972660964,True,none,40.03853945592934,11.855356004339457,6.615466894849812,51.14979678939801,27.72680321060197,4000.0,27.848829521804937,True,none,32.69339198522784,11.069345017902801,6.754491924797506,73.74179665835425,5.1348033416457355,4000.0,1,193,9216,194,540
377,377,T-Motor,MN1010-135 (135),135.0,4930.0,2.0,0.025,0.645,complete,20x22.5EP(CD),20x22.5EP(CD),20.0,22.5,20.0,22.5,True,True,4.769989019962405,4.769989019962405,0.0,0.0,0.0,0.0,0.0,0.0,5.304525929180487,23.589133890239268,True,none,37.8377380478938,5.128728999272569,8.049403943774728,22.88054714508452,55.99605285491546,3800.0,24.652773104159188,True,none,37.80821948792405,8.99519804054123,6.6992334225064605,41.99919858277231,36.877401417227674,3800.0,25.619829021474104,True,none,35.38005077107551,8.288709037462592,6.861205808288583,69.70734660617704,9.169253393822942,3800.0,1,193,9216,194,541
344,344,T-Motor,AT8020-180 (180),180.0,5600.0,4.6,0.016,0.865,complete,20x22.5EP(CD),26x15E,20.0,22.5,26.0,15.0,True,True,4.769829079774055,4.769829079774055,0.0,0.0,0.0,0.0,0.0,0.0,5.524525929180487,21.96835352096445,True,none,42.65610416812944,3.281556293452902,10.237264261251536,32.16878093765869,46.707819062341294,4800.0,23.01642524356734,True,none,42.59346394673794,5.57790159624765,11.446179696954802,57.69497055254549,21.18162944745449,4800.0,29.0288594763794,True,none,29.94159614781574,3.4077790216071437,11.559916940680427,77.67395705350808,1.2026429464919062,5100.0,2,289,9120,290,542
641,641,Turnigy,SK8-6354-140 (140),140.0,1850.0,0.7,0.098,0.63,complete,20x22.5EP(CD),20x22.5EP(CD),20.0,22.5,20.0,22.5,True,True,4.769716731562805,4.769716731562805,0.0,0.0,0.0,0.0,0.0,0.0,5.289525929180487,23.63884985788529,True,none,37.6892282117099,5.393723414967854,7.589598886454427,22.464438841164974,56.412161158835005,3800.0,24.70765861146638,True,none,37.65186832831769,9.498338995889402,6.290729926440467,41.27617379039489,37.60042620960509,3800.0,25.676716976710416,True,none,35.23861216973504,8.747428915753646,6.446300572020433,68.09935645943324,10.777243540566744,3800.0,1,193,9216,194,543
278,278,Scorpion,S5545-180² (180),180.0,4500.0,1.92,0.018,1.005,complete,20x22.5EP(CD),26x15E,20.0,22.5,26.0,15.0,True,True,4.769205946475817,4.769205946475817,0.0,0.0,0.0,0.0,0.0,0.0,5.664525929180487,22.09460658943466,True,none,42.64950998349135,3.5067457551349457,10.402669198566707,31.09136034030081,47.78523965969917,4800.0,23.128400698063047,True,none,42.58639877912103,5.877947801081616,11.265850421260094,55.878135703887246,22.998464296112736,4800.0,29.1724953547236,True,none,29.892270031573336,3.420665528033796,11.706648819177111,72.58492997782876,6.291670022171218,5100.0,2,289,9120,290,544
114,114,Scorpion,SII-3026-890 (V2) (890),890.0,1333.0,2.27,0.0164,0.205,complete,10x12WE,10x12WE,10.0,12.0,10.0,12.0,True,True,4.7676128250839165,4.7676128250839165,0.0,0.0,0.0,0.0,0.0,0.0,4.783540929180487,20.252307794293266,True,none,45.9447315717148,8.986462053107775,3.4813446744760457,42.184935225884836,36.69166477411515,9900.0,21.91156956518605,True,none,44.135692437255834,18.01740502775594,2.5029674756478215,77.03215111082864,1.8444488891713462,9800.0,31.438588067585524,True,none,25.95586858647648,16.292819847628795,2.682100678546899,74.71886525741452,4.157734742585461,9900.0,6,673,8736,674,545
433,433,T-Motor,U13II-130 (130),130.0,5660.0,1.5,0.018,0.99,complete,20x22.5EP(CD),20x22.5EP(CD),20.0,22.5,20.0,22.5,True,True,4.767423160808975,4.767423160808975,0.0,0.0,0.0,0.0,0.0,0.0,5.649525929180487,24.136328802996132,True,none,37.28858742346038,6.462656057178315,7.162722341511078,22.475114497177508,56.401485502822474,3700.0,25.1905849939886,True,none,37.19728825611686,10.961441294767397,5.986605200892416,40.84200385422053,38.03459614577945,3700.0,25.559519399187423,True,none,36.08735200563167,10.144180764641078,6.128608134657017,72.9788346255139,5.8977653744860845,3700.0,1,193,9216,194,546
504,504,T-Motor,U13II-130² (130),130.0,5660.0,1.5,0.018,0.99,complete,20x22.5EP(CD),20x22.5EP(CD),20.0,22.5,20.0,22.5,True,True,4.767423160808975,4.767423160808975,0.0,0.0,0.0,0.0,0.0,0.0,5.649525929180487,24.136328802996132,True,none,37.28858742346038,6.462656057178315,7.162722341511078,22.475114497177508,56.401485502822474,3700.0,25.1905849939886,True,none,37.19728825611686,10.961441294767397,5.986605200892416,40.84200385422053,38.03459614577945,3700.0,25.559519399187423,True,none,36.08735200563167,10.144180764641078,6.128608134657017,72.9788346255139,5.8977653744860845,3700.0,1,193,9216,194,547
644,644,Turnigy,SK8-6374-130 (130),130.0,2800.0,1.1,0.049,0.94,complete,20x22.5EP(CD),20x22.5EP(CD),20.0,22.5,20.0,22.5,True,True,4.766874976149384,4.766874976149384,0.0,0.0,0.0,0.0,0.0,0.0,5.599525929180487,24.242199217166853,True,none,36.94951989606728,6.628526705710941,6.7568755527338755,22.189606857603028,56.68699314239696,3700.0,25.307760247158825,True,none,36.846071289153066,11.358688558746804,5.616771183294534,40.32260428353669,38.55399571646329,3700.0,26.2303609996194,True,none,34.630783358273895,10.500734964174203,5.754071552926364,69.53947714931311,9.337122850686868,3700.0,1,193,9216,194,548
698,698,Turnigy,TR80100-06² (180),180.0,6500.0,3.5,0.017,1.75,complete,20x22.5EP(CD),20x22.5EP(CD),20.0,22.5,20.0,22.5,True,True,4.766094275776956,4.766094275776956,0.0,0.0,0.0,0.0,0.0,0.0,6.409525929180487,22.736620295667795,True,none,42.6120466415084,4.8811759984695655,11.24200164696646,34.78059891274146,44.09600108725852,4800.0,23.70374774795296,True,none,42.545864031322004,7.662958874419519,10.40191046682944,61.90337761581025,16.973222384189732,4800.0,28.341899959708382,True,none,31.928001747429242,7.172120804026823,10.588551023325117,74.47834939429052,4.398250605709464,4800.0,2,289,9120,290,549
699,699,Turnigy,TR80100-08² (130),130.0,7100.0,2.0,0.032,1.75,complete,20x22.5EP(CD),20x22.5EP(CD),20.0,22.5,20.0,22.5,True,True,4.76468787567712,4.76468787567712,0.0,0.0,0.0,0.0,0.0,0.0,6.409525929180487,24.803218532389504,True,none,37.233365670603824,9.087771144072157,6.386429496234202,25.184101888753045,53.692498111246934,3700.0,25.790964636145382,True,none,37.13612239573079,14.467640141631616,5.407608463468628,44.59692995331755,34.27967004668243,3700.0,26.692793034285547,True,none,34.94641139963183,13.503011396643393,5.528894067008457,76.64105539918984,2.235544600810144,3700.0,1,193,9216,194,550
602,602,Turnigy,RotoMax 150 (150),150.0,9800.0,5.2,0.011,2.53,complete,20x22.5EP(CD),20x22.5EP(CD),20.0,22.5,20.0,22.5,True,True,4.7631603931621935,4.7631603931621935,0.0,0.0,0.0,0.0,0.0,0.0,7.189525929180487,23.363467788877305,True,none,42.56843427155462,9.222477018431718,7.843277988986785,36.5845712156783,42.29202878432168,4200.0,24.27396740235669,True,none,42.498073931051074,13.815830507465229,6.833423549800074,64.934771137767,13.941828862232981,4200.0,28.913763790926467,True,none,32.109149565922664,13.003978223064463,6.960686805702246,75.72436715306023,3.1522328469397536,4200.0,1,193,9216,194,551
107,107,Scorpion,A-7441-180 (V2) (180),180.0,9300.0,3.6,0.0071,1.599,complete,20x22.5EP(CD),26x15E,20.0,22.5,26.0,15.0,True,True,4.760274390079023,4.760274390079023,0.0,0.0,0.0,0.0,0.0,0.0,6.258525929180487,22.19135441691423,True,none,43.905793787671136,4.430167902141449,11.077021957425082,35.46550945314533,43.41109054685465,4900.0,23.169378130963402,True,none,43.84099095418966,7.0216958059860834,11.062842705072933,63.26476219082247,15.611837809177509,4900.0,33.47250133649395,True,none,25.263576859505857,4.437981689860436,12.309773172809063,60.44052995282038,18.436070047179605,5100.0,2,289,9120,290,552
44,44,E-flite,Power 360 (180),180.0,6000.0,6.1,0.019,1.24,complete,20x22.5EP(CD),26x15E,20.0,22.5,26.0,15.0,True,True,4.760164151380509,4.760164151380509,0.0,0.0,0.0,0.0,0.0,0.0,5.899525929180487,22.176204942158755,True,none,43.01758231855622,4.0433635338578755,10.674552926469287,35.85152540201949,43.02507459798049,4800.0,23.189861129094453,True,none,42.94494573792317,6.583161427274316,10.976851714973213,63.92596897417437,14.950631025825615,4800.0,31.753738468644006,True,none,26.745284768790505,3.974036144303465,11.948898706605823,68.55838400655857,10.318215993441413,5000.0,2,289,9120,290,553
259,259,Scorpion,HK4020-910² (910),910.0,1820.0,1.95,0.015,0.285,complete,14x14E,14x14E,14.0,14.0,14.0,14.0,True,True,4.732327466415602,4.732327466415602,0.0,0.0,0.0,0.0,0.0,0.0,4.881404705180487,20.08905624379375,True,none,46.858314254342865,7.631122491337277,4.017399939073009,51.32176192431325,27.55483807568673,7800.0,25.25313409850275,True,none,35.709512075678546,15.044899942482822,2.967422789546217,77.37162594398883,1.5049740560111502,7800.0,40.88818261863479,True,none,24.856694738307855,13.605727851245256,3.2254219943741704,72.73849980552058,6.1381001944794065,7800.0,3,385,9024,386,554
438,438,T-Motor,V3115-900 (900),900.0,1890.0,1.57,0.0381,0.113,complete,18x12E,14x14E,18.0,12.0,14.0,14.0,True,True,4.716880360024718,4.716880360024718,0.0,0.0,0.0,0.0,0.0,0.0,4.745482209180487,21.244043030122207,True,none,42.63736714501489,7.393013908878743,3.7029430051987355,53.86153581986902,25.015064180130963,7300.0,31.801121367690463,True,none,25.684901545804294,15.29731535718966,2.5768918486279717,75.13732521607241,3.73927478392757,7200.0,36.90183496112552,True,none,21.010945422719065,11.483931544571316,3.650286080260941,76.32600983904268,2.5505901609572987,8200.0,3,385,9024,386,555
352,352,T-Motor,CINE77-977 (977),977.0,2019.0,1.92,0.025,0.135,complete,17x12E,17x12E,17.0,12.0,17.0,12.0,True,True,4.702392658896455,4.702392658896455,0.0,0.0,0.0,0.0,0.0,0.0,4.756374702680487,20.601347333333784,True,none,44.679377647262925,7.016335018515565,3.8494279458111857,56.86225199425242,22.014348005747564,7800.0,30.8371188959745,True,none,26.78320537882044,14.434191779829757,2.761556187329959,77.8693465502114,1.0072534497885783,7700.0,51.995223448737924,True,none,19.444594145876422,12.982199085485153,2.891991049308788,72.73502325479326,6.14157674520672,7800.0,2,289,9120,290,556
150,150,Scorpion,HK5-3220-955 (955),955.0,2000.0,3.53,0.0199,0.189,complete,17x12E,17x12E,17.0,12.0,17.0,12.0,True,True,4.694408975480207,4.694408975480207,0.0,0.0,0.0,0.0,0.0,0.0,4.810374702680487,20.658998924789415,True,none,44.66421612568352,7.443088552737679,3.7922215526550023,57.45239496623707,21.42420503376291,7800.0,33.63303166123563,True,none,23.89583059181005,15.222591908804397,2.7219223349633257,75.51699293274942,3.3596070672505647,7700.0,47.450787385871,True,none,22.412437690239045,13.712928841877115,2.8503739629763682,77.30112893200335,1.5754710679966308,7700.0,2,289,9120,290,557
33,33,Cobra,CM-4006/36 (500),500.0,420.0,0.63,0.112,0.093,complete,8x6E,8x6E,8.0,6.0,8.0,6.0,False,False,-5.299780352652756,4.763306530838778,10.063086883491534,0.0,0.0,0.0,10.063086883491534,0.0,4.6672643691804865,24.723195266261893,True,none,34.14339019173129,10.322568074641175,2.8479863711863223,15.906885368050533,62.96971463194945,14100.0,26.10333625464108,False,climb_rate,33.85485954086121,21.42666681749179,1.9936713277841767,30.3285509222979,48.54804907770208,14100.0,25.792003776027066,True,none,33.97929767885632,19.282361386779918,2.088337054129015,53.96975713256192,24.906842867438066,14100.0,0,97,9312,98,558
353,353,T-Motor,CINE77-777 (777),777.0,2655.0,1.3,0.04,0.135,complete,10x12WE,10x12WE,10.0,12.0,10.0,12.0,False,False,-5.361024419309486,4.78603173436488,10.147056153674367,0.0,0.0,0.0,10.147056153674367,0.0,4.713540929180486,19.28389991990759,False,propeller_rpm,49.28539134844444,3.61689408182175,8.825860020722569,39.78699067181202,39.08960932818796,13600.0,20.441279353027642,False,propeller_rpm,49.156764547405764,6.898194938965117,7.124858490914149,76.12592706545445,2.750672934545534,13600.0,28.795438259470444,False,propeller_rpm,29.162639196400775,6.284771035591703,7.305685811717573,74.68645171629873,4.190148283701248,13600.0,1,193,9216,194,559
383,383,T-Motor,MN3508-700 (700),700.0,510.0,0.5,0.072,0.082,complete,7x6E,7x6E,7.0,6.0,7.0,6.0,False,False,-5.5265026462347295,4.794169131040506,10.320671777275235,0.0,0.0,0.0,10.320671777275235,0.0,4.654909327680487,20.616273469096456,False,propeller_rpm,44.303814359412286,9.981041840586906,2.856189023522318,24.340813566673603,54.53578643332638,19600.0,21.83772371400589,False,propeller_rpm,44.021598288238344,20.896165682967055,2.005027115390168,47.35553256906634,31.52106743093364,19500.0,23.850997565366523,False,propeller_rpm,38.075900422816595,18.784077310337636,2.13763636481147,75.43159329283628,3.4450067071636994,19500.0,0,97,9312,98,560
542,542,T-Motor,MN3508-16² (700),700.0,510.0,0.5,0.072,0.082,complete,7x6E,7x6E,7.0,6.0,7.0,6.0,False,False,-5.5265026462347295,4.794169131040506,10.320671777275235,0.0,0.0,0.0,10.320671777275235,0.0,4.654909327680487,20.616273469096456,False,propeller_rpm,44.303814359412286,9.981041840586906,2.856189023522318,24.340813566673603,54.53578643332638,19600.0,21.83772371400589,False,propeller_rpm,44.021598288238344,20.896165682967055,2.005027115390168,47.35553256906634,31.52106743093364,19500.0,23.850997565366523,False,propeller_rpm,38.075900422816595,18.784077310337636,2.13763636481147,75.43159329283628,3.4450067071636994,19500.0,0,97,9312,98,561
382,382,T-Motor,MN3110-700 (700),700.0,470.0,0.3,0.092,0.08,complete,7x5E,7x5E,7.0,5.0,7.0,5.0,False,False,-5.5379122304407264,4.782759546834509,10.320671777275235,0.0,0.0,0.0,10.320671777275235,0.0,4.6529093276804865,22.595110926119162,False,propeller_rpm,38.728428026512894,9.801245167057193,2.906969828303936,19.55424756515402,59.32235243484596,19600.0,23.84412477817102,False,propeller_rpm,38.44633972171478,20.56543296743245,2.060735420885269,37.61744308770185,41.25915691229813,19600.0,23.640314768677065,False,propeller_rpm,38.57936436057002,18.463115126353237,2.1554402004185094,73.6183648670294,5.258235132970583,19600.0,0,97,9312,98,562
541,541,T-Motor,MN3110-17² (700),700.0,470.0,0.3,0.092,0.08,complete,7x5E,7x5E,7.0,5.0,7.0,5.0,False,False,-5.5379122304407264,4.782759546834509,10.320671777275235,0.0,0.0,0.0,10.320671777275235,0.0,4.6529093276804865,22.595110926119162,False,propeller_rpm,38.728428026512894,9.801245167057193,2.906969828303936,19.55424756515402,59.32235243484596,19600.0,23.84412477817102,False,propeller_rpm,38.44633972171478,20.56543296743245,2.060735420885269,37.61744308770185,41.25915691229813,19600.0,23.640314768677065,False,propeller_rpm,38.57936436057002,18.463115126353237,2.1554402004185094,73.6183648670294,5.258235132970583,19600.0,0,97,9312,98,563
425,425,T-Motor,U3-700 (700),700.0,500.0,0.5,0.05,0.097,complete,7x6E,7x6E,7.0,6.0,7.0,6.0,False,False,-5.628405138479973,4.792126172283281,10.420531310763254,0.0,0.0,0.0,10.420531310763254,0.0,4.669909327680487,20.748863548027,False,propeller_rpm,43.92835054244718,10.377951909865514,2.7464363478601435,24.272546898409797,54.60405310159018,19700.0,22.171013587566176,False,propeller_rpm,43.628264454170896,21.76323590139873,1.9578063788192284,47.03730596339078,31.839294036609203,19700.0,23.9983123574921,False,propeller_rpm,37.75937635325306,19.56501920834401,2.046343580014208,75.07184270965219,3.804757290347794,19700.0,0,97,9312,98,564
480,480,T-Motor,U3-700² (700),700.0,500.0,0.5,0.05,0.097,complete,7x6E,7x6E,7.0,6.0,7.0,6.0,False,False,-5.628405138479973,4.792126172283281,10.420531310763254,0.0,0.0,0.0,10.420531310763254,0.0,4.669909327680487,20.748863548027,False,propeller_rpm,43.92835054244718,10.377951909865514,2.7464363478601435,24.272546898409797,54.60405310159018,19700.0,22.171013587566176,False,propeller_rpm,43.628264454170896,21.76323590139873,1.9578063788192284,47.03730596339078,31.839294036609203,19700.0,23.9983123574921,False,propeller_rpm,37.75937635325306,19.56501920834401,2.046343580014208,75.07184270965219,3.804757290347794,19700.0,0,97,9312,98,565
270,270,Scorpion,HK5035-700² (700),700.0,6600.0,3.5,0.006,0.697,complete,7x11E,7x11E,7.0,11.0,7.0,11.0,False,False,-5.64241891521451,4.778112395548744,10.420531310763254,0.0,0.0,0.0,10.420531310763254,0.0,5.2699093276804865,20.47765438983977,False,propeller_rpm,46.77992847969178,10.423313275786123,3.8246884852408947,36.61388763886997,42.26271236113001,19700.0,21.623406045109753,False,propeller_rpm,46.456378469463274,19.01798369038965,3.0026093214020566,68.04041345189638,10.836186548103598,19700.0,28.922060540829094,False,propeller_rpm,29.648909279687157,17.423028977745922,3.0959372171889745,69.38186505368947,9.494734946310516,19700.0,0,97,9312,98,566
316,316,T-Motor,AT2820-880 (Long Shaft) (880),880.0,700.0,1.6,0.039,0.141,complete,7x7E,7x7E,7.0,7.0,7.0,7.0,False,False,-5.645920961206438,4.7834146898300896,10.429335651036528,0.0,0.0,0.0,10.429335651036528,0.0,4.713909327680486,20.742845313836625,True,none,44.08651700172235,10.77285387855013,2.716957699112269,29.295708018174867,49.58089198182512,17700.0,22.173955258286895,False,climb_rate,43.73967705428103,22.411124941150533,1.9561175300157494,55.773461739501236,23.103138260498746,17700.0,25.95042479378303,True,none,33.75765883527221,20.16331055816341,2.041352708352175,73.50099815085794,5.375601849142043,17700.0,0,97,9312,98,567
613,613,Turnigy,SK3-3548-700 (700),700.0,545.0,1.5,0.035,0.167,complete,7x6E,7x6E,7.0,6.0,7.0,6.0,False,False,-5.823212006150494,4.793958312684549,10.617170318835043,0.0,0.0,0.0,10.617170318835043,0.0,4.739909327680487,20.566423180428988,False,propeller_rpm,44.74062272012527,10.380609658849176,2.840978006425635,25.85659656607537,53.020003433924614,19900.0,21.871189584649613,False,propeller_rpm,44.45948537143822,21.452911425384727,2.045895711473576,49.86084845070217,29.01575154929781,19900.0,24.43394520159969,False,propeller_rpm,36.90276632213489,19.28720637785139,2.135036823834601,75.76928599188201,3.1073140081179673,19900.0,0,97,9312,98,568
160,160,Scorpion,HK5-4030-715 (715),715.0,6900.0,4.91,0.0096,0.428,complete,7x11E,7x11E,7.0,11.0,7.0,11.0,False,False,-5.835603395414597,4.7815669234204465,10.617170318835043,0.0,0.0,0.0,10.617170318835043,0.0,5.000909327680486,19.922672588245888,False,propeller_rpm,47.89355007993746,8.73512806624451,4.142281063882068,36.9428867261078,41.93371327389218,19900.0,21.09280208294389,False,propeller_rpm,47.583362893946855,16.418922707073637,3.2864210802461895,69.28058784226785,9.596012157732133,19900.0,28.357343882460242,False,propeller_rpm,30.149110054246506,14.985561155854144,3.3887619254651917,71.78789702455605,7.088702975443937,19900.0,0,97,9312,98,569
218,218,Scorpion,HKIII-4025-730² (730),730.0,3500.0,1.95,0.013,0.354,complete,7x15E,7x15E,7.0,15.0,7.0,15.0,False,False,-5.84975503047802,4.767415288357023,10.617170318835043,0.0,0.0,0.0,10.617170318835043,0.0,4.9269093276804865,22.13409402960591,False,propeller_rpm,40.61149143141567,8.496232186816126,4.128987940333478,32.97624827951935,45.90035172048063,19900.0,23.455820892494195,False,propeller_rpm,40.011235894731165,16.148335819494225,3.2640977561836193,60.28332013665255,18.593279863347433,19900.0,28.4311913201514,False,propeller_rpm,29.947024411814965,14.717442235181466,3.3673919820261085,73.7568471471075,5.119752852892489,19900.0,0,97,9312,98,570
611,611,Turnigy,SK3-3542-800 (800),800.0,625.0,1.5,0.037,0.141,complete,7x6E,7x6E,7.0,6.0,7.0,6.0,False,False,-5.91796385788727,4.796007083180926,10.713970941068196,0.0,0.0,0.0,10.713970941068196,0.0,4.713909327680486,20.34060797584759,False,propeller_rpm,45.40741722236457,9.958637874571643,2.9581917233901445,27.61373233385831,51.26286766614167,20000.0,21.546433857630706,False,propeller_rpm,45.135555629631796,20.56721130342512,2.1010146647450165,53.486722531346636,25.389877468653346,20000.0,24.89561877042238,False,propeller_rpm,35.851825471028555,18.501154689441783,2.1915204868591944,77.42016534992895,1.4564346500710315,20000.0,0,97,9312,98,571
262,262,Scorpion,HK4025-740² (740),740.0,2450.0,1.33,0.017,0.326,complete,7x6E,7x6E,7.0,6.0,7.0,6.0,False,False,-5.918926773196688,4.795044167871508,10.713970941068196,0.0,0.0,0.0,10.713970941068196,0.0,4.898909327680487,20.55191123848142,False,propeller_rpm,45.30539446055874,8.328611249133127,4.097577631989965,27.175287051144366,51.701312948855616,20000.0,21.698228457690412,False,propeller_rpm,45.15047562531614,15.97031269675804,3.195639246978956,52.308756346314695,26.567843653685287,20000.0,24.87430462520255,False,propeller_rpm,36.23638375309156,14.536999324002725,3.3036202859111095,76.79678550545712,2.079814494542859,20000.0,0,97,9312,98,572
151,151,Scorpion,HK5-4015-805 (805),805.0,2100.0,3.29,0.0169,0.258,complete,7x7E,7x7E,7.0,7.0,7.0,7.0,False,False,-5.9199169778022105,4.794053963265985,10.713970941068196,0.0,0.0,0.0,10.713970941068196,0.0,4.830909327680486,19.390731598493247,False,propeller_rpm,49.319647754535545,7.678205259865435,4.384832076413694,33.2027186161462,45.67388138385378,20000.0,20.53806794635972,False,propeller_rpm,49.167456197168484,14.762405738954985,3.45226462367064,63.92589019730894,14.950709802691044,20000.0,25.80091834401443,False,propeller_rpm,34.23255850908027,13.435078778792551,3.5631239987671797,75.036348953663,3.840251046336988,20000.0,1,193,9216,194,573
140,140,Scorpion,HKII-4225-810 Ltd Ed (810),810.0,5035.0,3.6,0.009,0.393,complete,7x7E,7x7E,7.0,7.0,7.0,7.0,False,False,-5.919959093011042,4.794011848057154,10.713970941068196,0.0,0.0,0.0,10.713970941068196,0.0,4.965909327680487,19.41601370775267,False,propeller_rpm,49.74293824510301,8.323895389033066,4.26310802569157,34.83031990766552,44.04628009233446,20000.0,20.543740101381257,False,propeller_rpm,49.59658157747528,15.721369388913796,3.368851166194911,66.76198034211922,12.114619657880766,20000.0,25.75449253459344,False,propeller_rpm,34.545687338602505,14.339992112836029,3.4757298033654687,78.11677910286411,0.7598208971358673,20000.0,0,97,9312,98,574
190,190,Scorpion,HKIV-4020-860² (860),860.0,1995.0,2.67,0.012,0.31,complete,7x9E,7x9E,7.0,9.0,7.0,9.0,False,False,-5.920183292637531,4.793787648430665,10.713970941068196,0.0,0.0,0.0,10.713970941068196,0.0,4.882909327680487,19.4241832239332,False,propeller_rpm,49.38791457433744,8.05888699011253,4.284559362271431,35.87254476165643,43.004055238343554,20000.0,20.57636353568089,False,propeller_rpm,49.18885874407182,15.377144492832866,3.3873400326744987,68.52114842625684,10.355451573743139,20000.0,26.73117680417029,False,propeller_rpm,32.610472580235864,14.00814297176714,3.4942500159446634,77.21918458638997,1.6574154136100105,20000.0,0,97,9312,98,575
604,604,Turnigy,RotorStar 4956-800 / RS600 (800),800.0,3700.0,2.1,0.0145,0.375,complete,7x7E,7x7E,7.0,7.0,7.0,7.0,False,False,-5.9206296063125885,4.793341334755607,10.713970941068196,0.0,0.0,0.0,10.713970941068196,0.0,4.947909327680486,19.506794933816813,False,propeller_rpm,49.30824342016112,8.236008450905496,4.278994755679522,33.17344494534028,45.7031550546597,20000.0,20.639297161761814,False,propeller_rpm,49.1545635723241,15.591283541131883,3.379801638126885,63.76676830236626,15.109831697633723,20000.0,25.8837061159482,False,propeller_rpm,34.26519466248018,14.21718900461904,3.487195585453594,73.21266923164917,5.663930768350809,20000.0,0,97,9312,98,576
623,623,Turnigy,SK3-4956-800 HeliDrive (800),800.0,3700.0,4.0,0.0145,0.375,complete,7x7E,7x7E,7.0,7.0,7.0,7.0,False,False,-5.921238787444136,4.792732153624059,10.713970941068196,0.0,0.0,0.0,10.713970941068196,0.0,4.947909327680486,19.594828681039942,False,propeller_rpm,48.95961582302003,8.236008450905496,4.278994755679522,34.076543502697874,44.80005649730211,20000.0,20.728520479520505,False,propeller_rpm,48.8034498706123,15.591283541131883,3.379801638126885,65.1447945677048,13.731805432295175,20000.0,25.998061320525814,False,propeller_rpm,34.04635061042209,14.21718900461904,3.487195585453594,76.98421209537652,1.8923879046234617,20000.0,0,97,9312,98,577
284,284,Scorpion,HK4035-800² (800),800.0,4200.0,2.5,0.01,0.435,complete,7x7E,7x7E,7.0,7.0,7.0,7.0,False,False,-5.921376517023276,4.792594424044919,10.713970941068196,0.0,0.0,0.0,10.713970941068196,0.0,5.007909327680487,19.622917611662395,False,propeller_rpm,49.074998763148116,8.531132849090824,4.226345880057469,33.736410046034294,45.14018995396569,20000.0,20.747720212293963,False,propeller_rpm,48.92328431796764,16.027589805088454,3.343499203042206,64.33182765452895,14.544772345471031,20000.0,25.999332126346477,False,propeller_rpm,34.140560796980886,14.629129243062085,3.449193179074297,74.69259167363481,4.1840083263651735,20000.0,0,97,9312,98,578
156,156,Scorpion,HK5-4026-815 (815),815.0,4050.0,5.28,0.0089,0.368,complete,7x9E,7x9E,7.0,9.0,7.0,9.0,False,False,-5.926484429495698,4.787486511572498,10.713970941068196,0.0,0.0,0.0,10.713970941068196,0.0,4.940909327680487,20.356648491038708,False,propeller_rpm,46.11327594731743,8.342161592460096,4.233555181171512,34.3608791896564,44.51572081034358,20000.0,21.51823123875854,False,propeller_rpm,45.88129537303168,15.797118761780517,3.3524091874427895,64.64078185265413,14.235818147345853,20000.0,27.93716886707042,False,propeller_rpm,30.71026010930452,14.404553866944465,3.4576634841910763,77.83141004039187,1.0451899596081091,20000.0,0,97,9312,98,579
131,131,Scorpion,HK-3226-900 (900),900.0,2301.0,2.18,0.0201,0.239,complete,7x6E,7x6E,7.0,6.0,7.0,6.0,False,False,-5.927146442372775,4.78682449869542,10.713970941068196,0.0,0.0,0.0,10.713970941068196,0.0,4.811909327680487,20.464701578267547,False,propeller_rpm,45.314284023791494,7.898705684600526,4.176337913286272,29.65561797360839,49.220982026391596,20000.0,21.622226486381066,False,propeller_rpm,45.160152267087454,15.323426512986835,3.249592981133687,56.839366336606474,22.037233663393508,20000.0,25.532996489722485,False,propeller_rpm,34.72316584804477,13.927739415222401,3.360172104346725,74.69249663053084,4.184103369469142,20000.0,0,97,9312,98,580
68,68,Planet-Hobby,Joker 3548-5 V2 (850),850.0,650.0,1.87,0.032,0.165,complete,7x6E,7x6E,7.0,6.0,7.0,6.0,False,False,-5.927462456147394,4.786508484920802,10.713970941068196,0.0,0.0,0.0,10.713970941068196,0.0,4.7379093276804864,20.249621166787122,False,propeller_rpm,45.79885793068051,10.611706037402222,2.793785281327172,29.253468602066405,49.62313139793358,20000.0,21.67264482419062,False,propeller_rpm,45.44251497592831,22.019945149025673,1.9630515134379785,56.158043669599316,22.718556330400666,20000.0,26.917607940747057,False,propeller_rpm,36.49503708376655,19.80275760267523,2.05093838405473,76.6869684021363,2.1896315978636807,20000.0,0,97,9312,98,581
216,216,Scorpion,HKIII-4020-890² (890),890.0,2100.0,2.44,0.012,0.302,complete,7x6E,7x6E,7.0,6.0,7.0,6.0,False,False,-5.927500279838702,4.786470661229494,10.713970941068196,0.0,0.0,0.0,10.713970941068196,0.0,4.874909327680487,20.527947807317236,False,propeller_rpm,45.30786858979755,8.208649224248882,4.119052746359486,30.079045906660696,48.797554093339286,20000.0,21.677322167899913,False,propeller_rpm,45.153163090112876,15.790132698529545,3.2103978949599594,57.41925462798061,21.457345372019375,20000.0,25.58109414958448,False,propeller_rpm,34.7347921728017,14.367263980691892,3.319084227649144,75.54706028513262,3.3295397148673658,20000.0,0,97,9312,98,582
263,263,Scorpion,HK4025-890² (890),890.0,2380.0,1.8,0.013,0.326,complete,7x6E,7x6E,7.0,6.0,7.0,6.0,False,False,-5.927626207733443,4.786344733334753,10.713970941068196,0.0,0.0,0.0,10.713970941068196,0.0,4.898909327680487,20.55191123848142,False,propeller_rpm,45.30539446055874,8.328611249133127,4.097577631989965,29.793328475382864,49.08327152461712,20000.0,21.698228457690412,False,propeller_rpm,45.15047562531614,15.97031269675804,3.195639246978956,56.91567977823001,21.960920221769975,20000.0,25.599342024730372,False,propeller_rpm,34.739183446695144,14.536999324002725,3.3036202859111095,74.45496754903178,4.421632450968204,20000.0,0,97,9312,98,583
152,152,Scorpion,HK5-4020-850 (850),850.0,2664.0,5.04,0.0112,0.326,complete,7x6E,7x6E,7.0,6.0,7.0,6.0,False,False,-5.927626207733443,4.786344733334753,10.713970941068196,0.0,0.0,0.0,10.713970941068196,0.0,4.898909327680487,20.55191123848142,False,propeller_rpm,45.30539446055874,8.328611249133127,4.097577631989965,31.26824826137392,47.60835173862606,20000.0,21.698228457690412,False,propeller_rpm,45.15047562531614,15.97031269675804,3.195639246978956,59.30789002590615,19.568709974093835,20000.0,26.38968998122109,False,propeller_rpm,33.24198314029872,14.536999324002725,3.3036202859111095,76.73373432249909,2.142865677500893,20000.0,0,97,9312,98,584
201,201,Scorpion,HKIV-4025-850² (850),850.0,3656.0,5.5,0.0088,0.347,complete,7x6E,7x6E,7.0,6.0,7.0,6.0,False,False,-5.927739344517933,4.786231596550262,10.713970941068196,0.0,0.0,0.0,10.713970941068196,0.0,4.919909327680487,20.572821045459513,False,propeller_rpm,45.303216360427385,8.434439927509477,4.078940568308827,31.718105830501603,47.15849416949838,20000.0,21.716484552367596,False,propeller_rpm,45.14811282653686,16.129066117441734,3.182802254921043,60.050294945648346,18.826305054351636,20000.0,26.404900963815116,False,propeller_rpm,33.246795640303425,14.686564908289121,3.2901731154897567,77.98222649085804,0.8943735091419427,20000.0,0,97,9312,98,585
217,217,Scorpion,HKIII-4025-890² (890),890.0,2700.0,2.3,0.01,0.354,complete,7x6E,7x6E,7.0,6.0,7.0,6.0,False,False,-5.927777015112259,4.786193925955937,10.713970941068196,0.0,0.0,0.0,10.713970941068196,0.0,4.9269093276804865,20.57977899075257,False,propeller_rpm,45.30248761975302,8.46989826686153,4.072759719768126,30.30547229917039,48.57112770082959,20000.0,21.722562306210847,False,propeller_rpm,45.1473228911524,16.182210141398315,3.1785390558072053,57.755846430893,21.12075356910698,20000.0,25.620579579854756,False,propeller_rpm,34.74428042536273,14.736638034953629,3.28570794801253,75.83494321254507,3.0416567874549116,20000.0,0,97,9312,98,586
616,616,Turnigy,SK3-3994-850 FanDrive (850),850.0,3950.0,2.9,0.012,0.554,complete,7x6E,7x6E,7.0,6.0,7.0,6.0,False,False,-5.928848125886434,4.7851228151817615,10.713970941068196,0.0,0.0,0.0,10.713970941068196,0.0,5.126909327680487,20.77611663858191,False,propeller_rpm,45.28112503688722,9.521344187114153,3.9025003129611613,31.284311172381987,47.59228882761799,20000.0,21.894644428131762,False,propeller_rpm,45.124260744554064,17.749135229278895,3.059949912179909,59.07970246496344,19.796897535036543,20000.0,25.770705852577578,False,propeller_rpm,34.77987859806312,16.214107225311295,3.161633567583531,77.62202266331269,1.2545773366872908,20000.0,0,97,9312,98,587
315,315,T-Motor,AT2814-900 (Long Shaft) (900),900.0,650.0,1.2,0.082,0.108,complete,7x5E,7x5E,7.0,5.0,7.0,5.0,False,False,-5.929596650459094,4.784374290609102,10.713970941068196,0.0,0.0,0.0,10.713970941068196,0.0,4.680909327680487,22.304481524039605,False,propeller_rpm,39.52847804035578,9.425104318730156,3.0810557399888303,23.42946404887075,55.44713595112923,20000.0,23.538771291793424,False,propeller_rpm,39.26187507495336,19.51362276997349,2.214301893771513,44.74502855513801,34.13157144486197,20000.0,24.98836532471948,False,propeller_rpm,35.59751836002458,17.552085901109944,2.311462792083928,76.63860898124274,2.237991018757242,20000.0,0,97,9312,98,588
537,537,T-Motor,MT4006-13 ² (740),740.0,500.0,0.5,0.136,0.092,complete,7x5E,7x5E,7.0,5.0,7.0,5.0,False,False,-5.929842065779693,4.784128875288503,10.713970941068196,0.0,0.0,0.0,10.713970941068196,0.0,4.664909327680487,22.33683102676239,False,propeller_rpm,39.405041511449305,9.927278771538194,2.84813551956922,20.771754851782724,58.10484514821726,20000.0,23.5836474058594,False,propeller_rpm,39.11429730628751,20.793848054869805,2.0542983714876795,39.817074179256174,39.05952582074381,20000.0,23.380057996718573,False,propeller_rpm,39.251929437854315,18.701610122033244,2.1486886101478153,77.88648594731215,0.9901140526878294,20000.0,0,97,9312,98,589
350,350,T-Motor,AS2820-880 (Long Shaft) (880),880.0,626.0,1.98,0.034,0.144,complete,7x5E,7x5E,7.0,5.0,7.0,5.0,False,False,-5.9310862470054015,4.782884694062794,10.713970941068196,0.0,0.0,0.0,10.713970941068196,0.0,4.7169093276804865,22.38343018946247,False,propeller_rpm,39.41812340506499,10.433063007975253,2.8076306187355784,24.045237013774287,54.8313629862257,20000.0,23.82055552990314,False,propeller_rpm,39.12461901044305,21.723644369967325,1.987446073975189,45.48347674234688,33.3931232576531,20000.0,25.071348200834983,False,propeller_rpm,35.490470855823396,19.540940154932365,2.0797605997617357,78.4295929409437,0.4470070590562756,20000.0,0,97,9312,98,590
47,47,Planet-Hobby,Joker 3542-6.5 V3 (800),800.0,540.0,0.9,0.046,0.138,complete,7x5E,7x5E,7.0,5.0,7.0,5.0,False,False,-5.931127990759405,4.78284295030879,10.713970941068196,0.0,0.0,0.0,10.713970941068196,0.0,4.710909327680487,22.38565823070837,False,propeller_rpm,39.39729104934089,10.5258232781573,2.766522558868084,22.130398404332237,56.74620159566774,20000.0,23.8277230310676,False,propeller_rpm,39.09348264596071,21.966900696701487,1.951369124024252,42.15196222664349,36.72463777335649,20000.0,23.941039272217985,False,propeller_rpm,37.978123959245764,19.770319546864933,2.04309826200936,78.62474352199936,0.2518564780006187,20000.0,0,97,9312,98,591
4,4,Cobra,C-2826/10 (930),930.0,660.0,1.3,0.048,0.171,complete,7x5E,7x5E,7.0,5.0,7.0,5.0,False,False,-5.938764740560506,4.775206200507689,10.713970941068196,0.0,0.0,0.0,10.713970941068196,0.0,4.743909327680487,22.394342237118305,False,propeller_rpm,39.458430253290025,10.114192651731326,2.9330475739391066,24.261691578160118,54.614908421839864,20000.0,23.6259396691297,False,propeller_rpm,39.17752128555709,20.842385249212345,2.096152159806114,46.135539457164455,32.74106054283553,20000.0,26.199544480873953,False,propeller_rpm,38.047734390204894,18.756482043597916,2.1900814908965383,78.09787646414807,0.7787235358519098,20000.0,0,97,9312,98,592
528,528,T-Motor,MT2814-10² (770),770.0,500.0,0.5,0.1,0.12,complete,7x4E,7x4E,7.0,4.0,7.0,4.0,False,False,-5.951817373653526,4.7621535674146696,10.713970941068196,0.0,0.0,0.0,10.713970941068196,0.0,4.6929093276804865,25.09095051470353,False,propeller_rpm,33.50128570101733,9.562224503645675,3.0709587842530675,16.762619072574413,62.11398092742557,20000.0,26.372970142764068,False,propeller_rpm,33.2198975132154,19.698462677211083,2.21288829968326,31.507874722713495,47.36872527728649,20000.0,26.15948238899762,False,propeller_rpm,33.33798373618174,17.74739531531386,2.315149280129626,56.14639159643616,22.73020840356382,20000.0,0,97,9312,98,593
209,209,Scorpion,SII-3014-830 (V2)² (830),830.0,550.0,1.06,0.042,0.129,complete,7x4E,7x4E,7.0,4.0,7.0,4.0,False,False,-5.951859941343311,4.762110999724885,10.713970941068196,0.0,0.0,0.0,10.713970941068196,0.0,4.701909327680487,25.100839151311842,False,propeller_rpm,33.49954917982325,9.61964937019671,3.063280690526564,17.95030476056299,60.926295239436996,20000.0,26.381713339044303,False,propeller_rpm,33.21798931384923,19.792308971288172,2.2076739353445176,33.5721506885285,45.30444931147148,20000.0,26.168639178466655,False,propeller_rpm,33.335572052896865,17.83461344781141,2.3096785843654546,59.722958045643836,19.153641954356146,20000.0,0,97,9312,98,594
237,237,Scorpion,SII-3014-830² (830),830.0,550.0,1.06,0.042,0.129,complete,7x4E,7x4E,7.0,4.0,7.0,4.0,False,False,-5.951859941343311,4.762110999724885,10.713970941068196,0.0,0.0,0.0,10.713970941068196,0.0,4.701909327680487,25.100839151311842,False,propeller_rpm,33.49954917982325,9.61964937019671,3.063280690526564,17.95030476056299,60.926295239436996,20000.0,26.381713339044303,False,propeller_rpm,33.21798931384923,19.792308971288172,2.2076739353445176,33.5721506885285,45.30444931147148,20000.0,26.168639178466655,False,propeller_rpm,33.335572052896865,17.83461344781141,2.3096785843654546,59.722958045643836,19.153641954356146,20000.0,0,97,9312,98,595
381,381,T-Motor,MN3110-780 (780),780.0,470.0,0.4,0.071,0.08,complete,7x4E,7x4E,7.0,4.0,7.0,4.0,False,False,-5.951919481923739,4.762051459144456,10.713970941068196,0.0,0.0,0.0,10.713970941068196,0.0,4.6529093276804865,25.101939506146714,False,propeller_rpm,33.407857830433514,10.047332524514326,2.8300436020387325,16.65688406655061,62.21971593344937,20000.0,26.39577993809978,False,propeller_rpm,33.1168984689492,21.096933158699073,2.041290501487495,31.493583285668905,47.38301671433108,20000.0,26.177669613749675,False,propeller_rpm,33.241453451403316,18.95183302338172,2.1402274709948865,55.690240421605054,23.186359578394928,20000.0,0,97,9312,98,596
540,540,T-Motor,MN3110-15² (780),780.0,470.0,0.4,0.071,0.08,complete,7x4E,7x4E,7.0,4.0,7.0,4.0,False,False,-5.951919481923739,4.762051459144456,10.713970941068196,0.0,0.0,0.0,10.713970941068196,0.0,4.6529093276804865,25.101939506146714,False,propeller_rpm,33.407857830433514,10.047332524514326,2.8300436020387325,16.65688406655061,62.21971593344937,20000.0,26.39577993809978,False,propeller_rpm,33.1168984689492,21.096933158699073,2.041290501487495,31.493583285668905,47.38301671433108,20000.0,26.177669613749675,False,propeller_rpm,33.241453451403316,18.95183302338172,2.1402274709948865,55.690240421605054,23.186359578394928,20000.0,0,97,9312,98,597
3,3,Cobra,C-2820/14 (840),840.0,530.0,1.0,0.071,0.14,complete,7x4E,7x4E,7.0,4.0,7.0,4.0,False,False,-5.95218240422312,4.761788536845075,10.713970941068196,0.0,0.0,0.0,10.713970941068196,0.0,4.712909327680487,25.17166079634645,False,propeller_rpm,33.3896328466657,10.194791203666314,2.8725892886764988,18.03296764176109,60.84363235823889,20000.0,26.457517623198797,False,propeller_rpm,33.09820250797979,21.125726178772048,2.0465985915686837,33.93005609926731,44.94654390073267,20000.0,26.24241076577636,False,propeller_rpm,33.21893581855878,19.010975896860874,2.1449401764316063,59.79818116564145,19.07841883435853,20000.0,0,97,9312,98,598
676,676,Turnigy,TR4240-10² (890),890.0,590.0,2.6,0.04,0.14,complete,7x4E,7x4E,7.0,4.0,7.0,4.0,False,False,-5.953047204403731,4.760923736664465,10.713970941068196,0.0,0.0,0.0,10.713970941068196,0.0,4.712909327680487,25.179114173708612,False,propeller_rpm,33.37600729242695,10.627256006424261,2.7355513117420758,20.01336662991942,58.863233370080565,20000.0,26.66328350211155,False,propeller_rpm,33.08152313927171,22.172058124213954,1.968878773953217,37.28002725438339,41.59657274561659,20000.0,26.250938556252922,False,propeller_rpm,33.203505985678234,19.935934343764217,2.065448055422427,65.58816957445273,13.288430425547247,20000.0,0,97,9312,98,599
285,285,Scorpion,S3014-22² (892),892.0,550.0,1.22,0.062,0.122,complete,7x4E,7x4E,7.0,4.0,7.0,4.0,False,False,-5.953088845045719,4.760882096022477,10.713970941068196,0.0,0.0,0.0,10.713970941068196,0.0,4.694909327680487,25.1848523412838,False,propeller_rpm,33.33291498483337,10.522172003740842,2.749951272314739,18.838155442372273,60.03844455762771,20000.0,26.67359654191744,False,propeller_rpm,33.03481185508218,21.988690526412597,1.9396781514939203,35.13129843763034,43.74530156236964,20000.0,26.259707931704746,False,propeller_rpm,33.15938985423526,19.76660021648474,2.03599149729946,62.19318434915135,16.68341565084863,20000.0,0,97,9312,98,600
527,527,T-Motor,MT2814-11 ² (710),710.0,440.0,0.4,0.125,0.12,complete,7x4E,7x4E,7.0,4.0,7.0,4.0,False,False,-5.953561350992,4.760409590076196,10.713970941068196,0.0,0.0,0.0,10.713970941068196,0.0,4.6929093276804865,25.29204203264075,False,propeller_rpm,33.135102358040335,10.508030380743065,2.7515573403501095,15.876073840542528,63.00052615945745,20000.0,26.787364808356642,False,propeller_rpm,32.829296997190795,21.968947878263847,1.9407714239517682,29.859027298799234,49.01757270120075,19900.0,26.371017271370203,False,propeller_rpm,32.956724470958,19.74830172269807,2.037137999314044,53.15181615236524,25.72478384763474,19900.0,0,97,9312,98,601
545,545,T-Motor,MT2814-11² (710),710.0,440.0,0.4,0.125,0.12,complete,7x4E,7x4E,7.0,4.0,7.0,4.0,False,False,-5.953561350992,4.760409590076196,10.713970941068196,0.0,0.0,0.0,10.713970941068196,0.0,4.6929093276804865,25.29204203264075,False,propeller_rpm,33.135102358040335,10.508030380743065,2.7515573403501095,15.876073840542528,63.00052615945745,20000.0,26.787364808356642,False,propeller_rpm,32.829296997190795,21.968947878263847,1.9407714239517682,29.859027298799234,49.01757270120075,19900.0,26.371017271370203,False,propeller_rpm,32.956724470958,19.74830172269807,2.037137999314044,53.15181615236524,25.72478384763474,19900.0,0,97,9312,98,602
349,349,T-Motor,AS2814-900 (Long Shaft) (900),900.0,553.0,1.35,0.0435,0.11,complete,7x4E,7x4E,7.0,4.0,7.0,4.0,False,False,-6.126195534537037,4.760882096022477,10.887077630559514,0.0,0.0,0.0,10.887077630559514,0.0,4.682909327680487,25.182888105964345,False,propeller_rpm,33.31473931981138,10.587656538371254,2.7137003187958637,19.02493673289095,59.85166326710903,20000.0,26.674458649331687,False,climb_rate,33.014462343211136,22.220899606026983,1.9071083538224602,35.47786903054717,43.398730969452814,20000.0,26.259607922612755,False,propeller_rpm,33.14072282303995,19.964135119499943,2.003002221670095,62.753805572017214,16.122794427982768,20000.0,0,97,9312,98,603
71,71,Planet-Hobby,Joker 4240-14 V2 (730),730.0,450.0,1.15,0.056,0.127,complete,7x4E,7x4E,7.0,4.0,7.0,4.0,False,False,-6.209913527345161,4.7608737716404255,10.970787298985586,0.0,0.0,0.0,10.970787298985586,0.0,4.699909327680487,25.186970508662853,False,propeller_rpm,33.33811305072915,10.801305325040055,2.6543549901941996,16.897266836812683,61.9793331631873,20000.0,26.675560658347575,False,climb_rate,33.03913031589538,22.688250460240724,1.8978800835922442,31.62968144062924,47.24691855937074,20000.0,26.356668795708913,False,propeller_rpm,33.16376483262895,20.382888926832287,1.9933249915939224,56.22286459538711,22.653735404612874,20000.0,0,97,9312,98,604
2,2,Cobra,C-2820/12 (970),970.0,590.0,1.3,0.059,0.142,complete,7x4E,7x4E,7.0,4.0,7.0,4.0,False,False,-6.283368836623793,4.760327108651359,11.043695945275152,0.0,0.0,0.0,11.043695945275152,0.0,4.714909327680487,25.218307522587875,False,propeller_rpm,33.30814916858884,10.827369316267607,2.688262705584459,19.932845330167858,58.943754669832124,20000.0,26.808747781113244,False,climb_rate,33.007192916891306,22.623703638954478,1.889772555001469,37.077454049183785,41.7991459508162,20000.0,26.292541946723095,False,propeller_rpm,33.131564374097785,20.330047046467975,1.9848246180097344,65.42777328952776,13.448826710472218,20000.0,0,97,9312,98,605
673,673,Turnigy,TR3536-09² (910),910.0,550.0,1.2,0.075,0.11,complete,7x4E,7x4E,7.0,4.0,7.0,4.0,False,False,-6.476327367577824,4.76052527119921,11.236852638777034,0.0,0.0,0.0,11.236852638777034,0.0,4.682909327680487,25.16815207059313,False,propeller_rpm,33.341590193745915,10.73821960685921,2.6677946118873246,19.045424508202046,59.831175491797936,20000.0,26.760404659182868,False,climb_rate,33.04296317783253,22.594236377587094,1.8679700352366855,35.5577458102475,43.31885418975248,20000.0,26.339002323943994,False,propeller_rpm,33.16860198885594,20.29075852072753,1.9631242103868038,62.69787091745959,16.178729082540393,20000.0,0,97,9312,98,606
538,538,T-Motor,MT4008-12² (600),600.0,450.0,0.5,0.132,0.108,complete,7x7E,7x7E,7.0,7.0,7.0,7.0,False,False,-6.607228157581198,4.784054373579232,11.39128253116043,0.0,0.0,0.0,11.39128253116043,0.0,4.680909327680487,21.953132855070066,True,none,40.45003536005853,11.795736386669448,2.551773174672474,21.212870759198726,57.66372924080126,16400.0,23.598094034773567,False,climb_rate,40.148741653236996,24.551864448162643,1.8501902560272707,40.815048317268925,38.06155168273106,16300.0,23.689956605231323,False,climb_rate,38.99143532631403,22.091912214598704,1.9338818461637561,75.78342439369945,3.093175606300534,16400.0,0,97,9312,98,607
649,649,Turnigy,AX-2810Q-750² (750),750.0,440.0,0.82,0.095,0.07,complete,7x4E,7x4E,7.0,4.0,7.0,4.0,False,False,-6.939807377810867,4.760031191810931,11.699838569621798,0.0,0.0,0.0,11.699838569621798,0.0,4.642909327680487,25.17328670639813,False,propeller_rpm,33.259564570228356,10.778190265455432,2.6105025181531953,16.614923778887743,62.26167622111224,20000.0,26.8796185984767,False,climb_rate,32.95261857863387,22.899583470051276,1.8136898710625253,31.416923853894673,47.45967614610531,20000.0,26.35042041977454,False,climb_rate,33.08437262434235,20.536624175522697,1.9084576221659804,55.3212236253004,23.555376374699584,20000.0,0,97,9312,98,608
566,566,T-Motor,MT2820-7² (830),830.0,480.0,1.2,0.041,0.132,complete,7x4E,7x4E,7.0,4.0,7.0,4.0,False,False,-8.04251274544579,4.758895318578083,12.801408064023875,0.0,0.0,0.0,12.801408064023875,0.0,4.704909327680487,25.23372224253232,False,propeller_rpm,33.26210267055678,11.764930148153589,2.4338544796099306,18.18799252869478,60.688607471305204,20000.0,27.160942356602526,False,climb_rate,32.95248349393121,24.98335088500442,1.6713003494549836,34.185531180973015,44.69106881902697,20000.0,26.70782357666731,False,climb_rate,33.08105309374285,22.39783297600136,1.7624032261159026,59.794292261936896,19.082307738063086,20000.0,0,97,9312,98,609
567,567,T-Motor,MT2820-8² (830),830.0,480.0,1.2,0.058,0.132,complete,7x4E,7x4E,7.0,4.0,7.0,4.0,False,False,-8.04251274544579,4.758895318578083,12.801408064023875,0.0,0.0,0.0,12.801408064023875,0.0,4.704909327680487,25.23372224253232,False,propeller_rpm,33.26210267055678,11.764930148153589,2.4338544796099306,18.18799252869478,60.688607471305204,20000.0,27.160942356602526,False,climb_rate,32.95248349393121,24.98335088500442,1.6713003494549836,34.185531180973015,44.69106881902697,20000.0,26.70782357666731,False,climb_rate,33.08105309374285,22.39783297600136,1.7624032261159026,59.794292261936896,19.082307738063086,20000.0,0,97,9312,98,610
45,45,Planet-Hobby,Joker 3536-8.5 V3 (860),860.0,480.0,0.8,0.063,0.105,complete,7x4E,7x4E,7.0,4.0,7.0,4.0,False,False,-8.203007791889355,4.7588311185013366,12.961838910390693,0.0,0.0,0.0,12.961838910390693,0.0,4.677909327680487,25.229448372776083,False,propeller_rpm,33.221162395380375,11.724286708693025,2.4114866970399147,18.144828146018373,60.73177185398161,20000.0,27.176037406758745,False,climb_rate,32.908014622289016,25.05407035442526,1.6487618341926142,34.2862657986254,44.59033420137458,20000.0,26.712934122412264,False,climb_rate,33.03984498720718,22.44167856291172,1.739849030186057,59.899637327259256,18.976962672740726,20000.0,0,97,9312,98,611
645,645,Turnigy,NTM3536-910² (910),910.0,520.0,1.4,0.0535,0.12,complete,7x4E,7x4E,7.0,4.0,7.0,4.0,False,False,-8.257747693881957,4.758344067622381,13.016091761504338,0.0,0.0,0.0,13.016091761504338,0.0,4.6929093276804865,25.257576267309126,False,propeller_rpm,33.19729427926225,12.00914154539268,2.3573901704882005,19.344236961746937,59.532363038253045,20000.0,27.297050323461875,False,climb_rate,32.88129493150243,25.677363181392174,1.6410235866390226,35.97791701163517,42.89868298836481,20000.0,26.84041412535441,False,climb_rate,33.01320233492221,23.015761024030827,1.731737507887661,63.17609801129616,15.70050198870382,20000.0,0,97,9312,98,612
648,648,Turnigy,C4240-900² (900),900.0,550.0,2.6,0.04,0.135,complete,7x4E,7x4E,7.0,4.0,7.0,4.0,False,False,-8.311431192182052,4.758280514819043,13.069711707001096,0.0,0.0,0.0,13.069711707001096,0.0,4.707909327680487,25.274274602920322,False,propeller_rpm,33.19404810357571,11.986186960616536,2.3889069930877875,20.272218090861415,58.60438190913857,20000.0,27.313061536816612,False,climb_rate,32.87770147419109,25.504131895172033,1.6333163200638228,37.59658655051467,41.28001344948531,20000.0,26.856823048415272,False,climb_rate,33.0086865310554,22.855073452976466,1.723659875704488,65.96788712303602,12.90871287696396,20000.0,0,97,9312,98,613
67,67,Planet-Hobby,Joker 3542-7 V2 (800),800.0,450.0,1.64,0.051,0.137,complete,7x4E,7x4E,7.0,4.0,7.0,4.0,False,False,-9.258880058164856,4.756784996038026,14.01566505420288,0.0,0.0,0.0,14.01566505420288,0.0,4.709909327680487,25.323937786491975,False,propeller_rpm,33.10809274443843,13.004288048787178,2.173884487448952,18.39671550785189,60.47988449214809,20000.0,27.696741888295698,False,climb_rate,32.7811784557776,28.11234566323477,1.486560119674022,34.66753676995198,44.209063230048,20000.0,27.246724053099925,False,climb_rate,32.91619694029981,25.12424097521137,1.536818484846179,60.138640395231064,18.737959604768918,20000.0,0,97,9312,98,614
420,420,T-Motor,P80-170 (170),170.0,1500.0,2.3,0.022,0.64,complete,20x22.5EP(CD),20x22.5EP(CD),20.0,22.5,20.0,22.5,False,False,-9.38835441793353,4.783377291824841,14.17173170975837,0.0,0.0,0.0,14.17173170975837,0.0,5.299525929180486,22.647638949420717,True,none,40.17400590311994,3.3307277504388724,9.965685083300615,27.23907482252256,51.63752517747742,4600.0,23.726264786642343,True,none,40.10264968258295,5.7707132461216375,10.670805831155832,49.190945485390856,29.685654514609126,4600.0,23.577600201149508,False,mission_energy,40.12662635324716,5.3272247615265504,10.89902263803395,100.16796457419588,-21.291364574195896,4600.0,1,193,9216,194,615
70,70,Planet-Hobby,Joker 4240-12 V2 (850),850.0,450.0,1.26,0.042,0.127,complete,7x4E,7x4E,7.0,4.0,7.0,4.0,False,False,-9.826467665604767,4.755828387687875,14.582296053292643,0.0,0.0,0.0,14.582296053292643,0.0,4.699909327680487,25.34815545992553,False,propeller_rpm,33.04680663596773,13.554406762399234,2.0606498503613406,18.649522427859115,60.22707757214087,20000.0,27.945866068696084,False,climb_rate,32.71209135941765,29.65850055007779,1.3870870066338836,35.12532414232624,43.75127585767374,20000.0,27.418407126805562,False,climb_rate,32.8509323732807,26.45389696115646,1.4721946505975219,60.82604897022214,18.050551029777843,20000.0,0,97,9312,98,616
46,46,Planet-Hobby,Joker 3542-5.5 V3 (940),940.0,480.0,1.2,0.0345,0.138,complete,7x4E,7x4E,7.0,4.0,7.0,4.0,False,False,-10.381917606001595,4.754421449117217,15.136339055118812,0.0,0.0,0.0,15.136339055118812,0.0,4.710909327680487,25.477020201697588,False,propeller_rpm,32.83685359721984,14.147795267024755,1.9728635516621729,19.725687410874656,59.150912589125326,20000.0,28.321658271369138,False,climb_rate,32.488574339812594,31.144849267361565,1.2792063421844937,36.839804221669,42.03679577833098,20000.0,27.772932254974847,False,climb_rate,32.63160835846191,27.74498035623651,1.362135738851331,64.54724985393038,14.3293501460696,20000.0,0,97,9312,98,617
614,614,Turnigy,SK3-3850-960 GliderDrive (960),960.0,510.0,2.1,0.045,0.142,complete,7x4E,7x4E,7.0,4.0,7.0,4.0,False,False,-10.391572528535587,4.753914398709516,15.145486927245104,0.0,0.0,0.0,15.145486927245104,0.0,4.714909327680487,25.494758099137517,False,propeller_rpm,32.81251351226576,14.438261077101004,1.9300911642348206,20.8579693825016,58.01863061749838,20000.0,28.45994709189751,False,climb_rate,32.46118079676945,31.905182910508326,1.2773237097451908,38.6879533612442,40.188646638755785,20000.0,27.913784274848535,False,climb_rate,32.605101059426005,28.402032342460274,1.3253464996358781,67.73756548312724,11.13903451687274,20000.0,0,97,9312,98,618
551,551,T-Motor,AS2820-7² (920),920.0,460.0,1.6,0.043,0.125,complete,7x4E,7x4E,7.0,4.0,7.0,4.0,False,False,-10.989385763999302,4.743361828411781,15.732747592411084,0.0,0.0,0.0,15.732747592411084,0.0,4.697909327680486,25.694368239517644,False,climb_rate,32.43456667111268,15.318319456115441,1.7810673237214143,19.821040546650188,59.055559453349794,20000.0,28.975109252339884,False,climb_rate,32.05814772568526,34.37999099844416,1.1483850628696157,36.91464313995702,41.96195686004296,20000.0,28.39466831353114,False,climb_rate,32.21258121301447,30.564533242109903,1.2290238612753304,58.479739094132064,20.396860905867918,20000.0,0,97,9312,98,619
314,314,T-Motor,AT2321-950 (Long Shaft) (950),950.0,450.0,1.2,0.065,0.094,complete,7x4E,7x4E,7.0,4.0,7.0,4.0,False,False,-11.206955334950832,4.742059393803716,15.949014728754548,0.0,0.0,0.0,15.949014728754548,0.0,4.666909327680487,25.836852965769104,False,climb_rate,32.13812358199356,15.557039011633888,1.726666561401331,19.560026750943496,59.31657324905649,20000.0,29.35000432361374,False,climb_rate,31.739923718723936,35.5817758274426,1.096375035388116,37.432514046114704,41.44408595388528,20000.0,28.7592635537689,False,climb_rate,31.905027656288993,31.487988834297692,1.176428508080747,57.31258830242616,21.564011697573825,20000.0,0,97,9312,98,620
66,66,Planet-Hobby,Joker 3542-6 V2 (940),940.0,450.0,1.62,0.036,0.137,complete,7x4E,7x4E,7.0,4.0,7.0,4.0,False,False,-11.530784908129213,4.740769626254305,16.27155453438352,0.0,0.0,0.0,16.27155453438352,0.0,4.709909327680487,26.14044585478003,False,climb_rate,31.983501408840006,16.64296721178681,1.6243191045610208,20.158186308757546,58.71841369124243,20000.0,29.730038140048904,False,climb_rate,31.573700099283997,38.11524744671742,1.0134062885406319,38.14804827542918,40.7285517245708,20000.0,29.131890297163455,False,climb_rate,31.739256146397523,33.76035153706462,1.091355156826437,58.625814358516074,20.25078564148391,20000.0,0,97,9312,98,621
581,581,Turnigy,CA12070-15 (150),150.0,6000.0,11.0,0.0048,2.55,complete,20x22.5EP(CD),20x22.5EP(CD),20.0,22.5,20.0,22.5,False,False,-13.324836813513873,4.7807505610020025,18.105587374515874,0.0,0.0,0.0,18.105587374515874,0.0,7.2095259291804865,23.32616503376365,True,none,42.72493584507687,9.283091183579,7.8249018872676945,40.45430686644365,38.42229313355633,4200.0,24.235960772695154,True,none,42.652125455761485,13.891152614390347,6.818904411744634,71.40624802848225,7.470351971517729,4200.0,24.113836102942333,False,mission_energy,42.66022969632388,13.076863952807225,6.945681274422279,144.48916355021305,-65.61256355021307,4200.0,1,193,9216,194,622
447,447,T-Motor,V807-170 (170),170.0,6800.0,3.0,0.04,1.0,complete,20x22.5EP(CD),20x22.5EP(CD),20.0,22.5,20.0,22.5,False,False,-13.361660821537383,4.803404753785793,18.165065575323176,0.0,0.0,0.0,18.165065575323176,0.0,5.659525929180487,20.722509268672137,True,none,47.162416733205,4.177094734315076,10.396807191624001,35.70456346271418,43.172036537285805,4700.0,21.751201402075907,True,none,47.105656533690116,6.974574977432828,9.70278590132028,65.62814661482342,13.24845338517656,4700.0,21.61161021669635,False,mission_energy,47.12238208297215,6.4694251982237185,9.902397601326273,145.74724868520985,-66.87064868520987,4700.0,1,193,9216,194,623
697,697,Turnigy,TR8085-08² (170),170.0,6150.0,2.6,0.037,1.4,complete,20x22.5EP(CD),20x22.5EP(CD),20.0,22.5,20.0,22.5,False,False,-13.39439783465112,4.800910003132578,18.195307837783698,0.0,0.0,0.0,18.195307837783698,0.0,6.059525929180487,21.166647639643763,True,none,46.80053833881014,4.99952550906813,10.749706923464375,36.0910794923979,42.78552050760208,4700.0,22.15752263562016,True,none,46.74337338626138,8.05491841005638,9.272155387969837,66.00381251319068,12.872787486809301,4700.0,22.023428066508846,False,mission_energy,46.756622340912244,7.507333372025438,9.452301157420587,146.40266255321635,-67.52606255321636,4700.0,1,193,9216,194,624
601,601,Turnigy,RotoMax 100 (167),167.0,7990.0,4.5,0.021,2.074,complete,20x22.5EP(CD),20x22.5EP(CD),20.0,22.5,20.0,22.5,False,False,-13.94070933841925,4.797500618200572,18.738209956619823,0.0,0.0,0.0,18.738209956619823,0.0,6.7335259291804865,21.802872385103775,True,none,46.48987276057305,6.440995945609663,9.879558817505616,40.32266519868948,38.553934801310504,4600.0,22.738048810031234,True,none,46.43396732689869,9.917038353251026,8.625262549273659,72.19357797206762,6.683022027932367,4600.0,22.612064846001747,False,mission_energy,46.442361224443786,9.305434835951775,8.783428888809219,160.51599926569023,-81.63939926569024,4600.0,1,193,9216,194,625
177,177,Scorpion,IM-8008-100 (100),100.0,2000.0,0.45,0.1704,0.279,complete,4x3.3E,4x3.3E,4.0,3.3,4.0,3.3,False,False,-29.437142857142856,0.5628571428571428,30.0,0.0,10.0,10.0,10.0,0.0,4.849672265180486,,False,cruise_trim,,,,,,,,False,cruise_trim,,,,,,,,False,cruise_trim,,,,,,,0,97,9312,98,626
179,179,Scorpion,IM-8016-100 (100),100.0,3552.0,1.67,0.0384,0.518,complete,4x3.3E,4x3.3E,4.0,3.3,4.0,3.3,False,False,-29.437142857142856,0.5628571428571428,30.0,0.0,10.0,10.0,10.0,0.0,5.088672265180487,,False,cruise_trim,,,,,,,,False,cruise_trim,,,,,,,,False,cruise_trim,,,,,,,0,97,9312,98,627
293,293,T-Motor,Antigravity 1005 (90),90.0,1500.0,0.9,0.168,0.255,complete,4x3.3E,4x3.3E,4.0,3.3,4.0,3.3,False,False,-29.437142857142856,0.5628571428571428,30.0,0.0,10.0,10.0,10.0,0.0,4.825672265180486,,False,cruise_trim,,,,,,,,False,cruise_trim,,,,,,,,False,cruise_trim,,,,,,,0,97,9312,98,628
299,299,T-Motor,Antigravity 5008-170 (170),170.0,720.0,0.4,0.27,0.128,complete,4x3.3E,4x3.3E,4.0,3.3,4.0,3.3,False,False,-29.437142857142856,0.5628571428571428,30.0,0.0,10.0,10.0,10.0,0.0,4.698672265180487,,False,cruise_trim,,,,,,,,False,cruise_trim,,,,,,,,False,cruise_trim,,,,,,,0,97,9312,98,629
305,305,T-Motor,Antigravity 7005-115 (115),115.0,750.0,0.4,0.288,0.32,complete,4x3.3E,4x3.3E,4.0,3.3,4.0,3.3,False,False,-29.437142857142856,0.5628571428571428,30.0,0.0,10.0,10.0,10.0,0.0,4.890672265180487,,False,cruise_trim,,,,,,,,False,cruise_trim,,,,,,,,False,cruise_trim,,,,,,,0,97,9312,98,630
306,306,T-Motor,Antigravity 8017-120 (120),120.0,3180.0,1.8,0.045,0.453,complete,4x3.3E,4x3.3E,4.0,3.3,4.0,3.3,False,False,-29.437142857142856,0.5628571428571428,30.0,0.0,10.0,10.0,10.0,0.0,5.023672265180487,,False,cruise_trim,,,,,,,,False,cruise_trim,,,,,,,,False,cruise_trim,,,,,,,0,97,9312,98,631
371,371,T-Motor,MN705-S KV125 (125),125.0,2200.0,1.4,0.063,0.45,complete,4x3.3E,4x3.3E,4.0,3.3,4.0,3.3,False,False,-29.437142857142856,0.5628571428571428,30.0,0.0,10.0,10.0,10.0,0.0,5.020672265180487,,False,cruise_trim,,,,,,,,False,cruise_trim,,,,,,,,False,cruise_trim,,,,,,,0,97,9312,98,632
373,373,T-Motor,MN801-S KV120 (120),120.0,2200.0,1.1,0.08,0.47,complete,4x3.3E,4x3.3E,4.0,3.3,4.0,3.3,False,False,-29.437142857142856,0.5628571428571428,30.0,0.0,10.0,10.0,10.0,0.0,5.040672265180487,,False,cruise_trim,,,,,,,,False,cruise_trim,,,,,,,,False,cruise_trim,,,,,,,0,97,9312,98,633
376,376,T-Motor,MN805-S KV120 (120),120.0,3200.0,1.6,0.048,0.625,complete,4x3.3E,4x3.3E,4.0,3.3,4.0,3.3,False,False,-29.437142857142856,0.5628571428571428,30.0,0.0,10.0,10.0,10.0,0.0,5.1956722651804865,,False,cruise_trim,,,,,,,,False,cruise_trim,,,,,,,,False,cruise_trim,,,,,,,0,97,9312,98,634
378,378,T-Motor,MN1010-90 (90),90.0,2735.0,1.3,0.046,0.63,complete,4x3.3E,4x3.3E,4.0,3.3,4.0,3.3,False,False,-29.437142857142856,0.5628571428571428,30.0,0.0,10.0,10.0,10.0,0.0,5.200672265180486,,False,cruise_trim,,,,,,,,False,cruise_trim,,,,,,,,False,cruise_trim,,,,,,,0,97,9312,98,635
379,379,T-Motor,MN1015-70 (70),70.0,5800.0,1.35,0.049,0.855,complete,4x3.3E,4x3.3E,4.0,3.3,4.0,3.3,False,False,-29.437142857142856,0.5628571428571428,30.0,0.0,10.0,10.0,10.0,0.0,5.425672265180487,,False,cruise_trim,,,,,,,,False,cruise_trim,,,,,,,,False,cruise_trim,,,,,,,0,97,9312,98,636
380,380,T-Motor,MN1018-72 (72),72.0,6888.0,1.65,0.038,1.02,complete,4x3.3E,4x3.3E,4.0,3.3,4.0,3.3,False,False,-29.437142857142856,0.5628571428571428,30.0,0.0,10.0,10.0,10.0,0.0,5.590672265180487,,False,cruise_trim,,,,,,,,False,cruise_trim,,,,,,,,False,cruise_trim,,,,,,,0,97,9312,98,637
404,404,T-Motor,MN5008-170 (170),170.0,720.0,0.4,0.27,0.128,complete,4x3.3E,4x3.3E,4.0,3.3,4.0,3.3,False,False,-29.437142857142856,0.5628571428571428,30.0,0.0,10.0,10.0,10.0,0.0,4.698672265180487,,False,cruise_trim,,,,,,,,False,cruise_trim,,,,,,,,False,cruise_trim,,,,,,,0,97,9312,98,638
413,413,T-Motor,MN7005-115 (115),115.0,750.0,0.4,0.288,0.32,complete,4x3.3E,4x3.3E,4.0,3.3,4.0,3.3,False,False,-29.437142857142856,0.5628571428571428,30.0,0.0,10.0,10.0,10.0,0.0,4.890672265180487,,False,cruise_trim,,,,,,,,False,cruise_trim,,,,,,,,False,cruise_trim,,,,,,,0,97,9312,98,639
414,414,T-Motor,MN8012-100 (100),100.0,1870.0,1.0,0.085,0.558,complete,4x3.3E,4x3.3E,4.0,3.3,4.0,3.3,False,False,-29.437142857142856,0.5628571428571428,30.0,0.0,10.0,10.0,10.0,0.0,5.128672265180487,,False,cruise_trim,,,,,,,,False,cruise_trim,,,,,,,,False,cruise_trim,,,,,,,0,97,9312,98,640
415,415,T-Motor,MN8014-100 (100),100.0,2410.0,0.9,0.065,0.602,complete,4x3.3E,4x3.3E,4.0,3.3,4.0,3.3,False,False,-29.437142857142856,0.5628571428571428,30.0,0.0,10.0,10.0,10.0,0.0,5.172672265180487,,False,cruise_trim,,,,,,,,False,cruise_trim,,,,,,,,False,cruise_trim,,,,,,,0,97,9312,98,641
416,416,T-Motor,MN8017-120 (120),120.0,3180.0,1.8,0.045,0.665,complete,4x3.3E,4x3.3E,4.0,3.3,4.0,3.3,False,False,-29.437142857142856,0.5628571428571428,30.0,0.0,10.0,10.0,10.0,0.0,5.235672265180487,,False,cruise_trim,,,,,,,,False,cruise_trim,,,,,,,,False,cruise_trim,,,,,,,0,97,9312,98,642
421,421,T-Motor,P80III-120 (120),120.0,3600.0,2.0,0.039,0.639,complete,4x3.3E,4x3.3E,4.0,3.3,4.0,3.3,False,False,-29.437142857142856,0.5628571428571428,30.0,0.0,10.0,10.0,10.0,0.0,5.209672265180487,,False,cruise_trim,,,,,,,,False,cruise_trim,,,,,,,,False,cruise_trim,,,,,,,0,97,9312,98,643
422,422,T-Motor,P80III-100 (100),100.0,2700.0,1.6,0.048,0.639,complete,4x3.3E,4x3.3E,4.0,3.3,4.0,3.3,False,False,-29.437142857142856,0.5628571428571428,30.0,0.0,10.0,10.0,10.0,0.0,5.209672265180487,,False,cruise_trim,,,,,,,,False,cruise_trim,,,,,,,,False,cruise_trim,,,,,,,0,97,9312,98,644
423,423,T-Motor,P80-120 (120),120.0,3300.0,1.8,0.04,0.64,complete,4x3.3E,4x3.3E,4.0,3.3,4.0,3.3,False,False,-29.437142857142856,0.5628571428571428,30.0,0.0,10.0,10.0,10.0,0.0,5.210672265180487,,False,cruise_trim,,,,,,,,False,cruise_trim,,,,,,,,False,cruise_trim,,,,,,,0,97,9312,98,645
424,424,T-Motor,P80-100 (100),100.0,2800.0,1.3,0.05,0.64,complete,4x3.3E,4x3.3E,4.0,3.3,4.0,3.3,False,False,-29.437142857142856,0.5628571428571428,30.0,0.0,10.0,10.0,10.0,0.0,5.210672265180487,,False,cruise_trim,,,,,,,,False,cruise_trim,,,,,,,,False,cruise_trim,,,,,,,0,97,9312,98,646
430,430,T-Motor,U11-120 (120),120.0,4000.0,0.7,0.057,0.73,complete,4x3.3E,4x3.3E,4.0,3.3,4.0,3.3,False,False,-29.437142857142856,0.5628571428571428,30.0,0.0,10.0,10.0,10.0,0.0,5.300672265180487,,False,cruise_trim,,,,,,,,False,cruise_trim,,,,,,,,False,cruise_trim,,,,,,,0,97,9312,98,647
431,431,T-Motor,U11-90 (90),90.0,1740.0,0.7,0.099,0.73,complete,4x3.3E,4x3.3E,4.0,3.3,4.0,3.3,False,False,-29.437142857142856,0.5628571428571428,30.0,0.0,10.0,10.0,10.0,0.0,5.300672265180487,,False,cruise_trim,,,,,,,,False,cruise_trim,,,,,,,,False,cruise_trim,,,,,,,0,97,9312,98,648
432,432,T-Motor,U11II-120 (120),120.0,2780.0,1.5,0.08,0.772,complete,4x3.3E,4x3.3E,4.0,3.3,4.0,3.3,False,False,-29.437142857142856,0.5628571428571428,30.0,0.0,10.0,10.0,10.0,0.0,5.342672265180487,,False,cruise_trim,,,,,,,,False,cruise_trim,,,,,,,,False,cruise_trim,,,,,,,0,97,9312,98,649
434,434,T-Motor,U13II-65 (65),65.0,6720.0,1.7,0.073,0.975,complete,4x3.3E,4x3.3E,4.0,3.3,4.0,3.3,False,False,-29.437142857142856,0.5628571428571428,30.0,0.0,10.0,10.0,10.0,0.0,5.545672265180487,,False,cruise_trim,,,,,,,,False,cruise_trim,,,,,,,,False,cruise_trim,,,,,,,0,97,9312,98,650
435,435,T-Motor,U15II-100 (100),100.0,9940.0,4.5,0.012,1.74,complete,4x3.3E,4x3.3E,4.0,3.3,4.0,3.3,False,False,-29.437142857142856,0.5628571428571428,30.0,0.0,10.0,10.0,10.0,0.0,6.310672265180487,,False,cruise_trim,,,,,,,,False,cruise_trim,,,,,,,,False,cruise_trim,,,,,,,0,97,9312,98,651
436,436,T-Motor,U15II-80 (80),80.0,8580.0,3.8,0.017,1.74,complete,4x3.3E,4x3.3E,4.0,3.3,4.0,3.3,False,False,-29.437142857142856,0.5628571428571428,30.0,0.0,10.0,10.0,10.0,0.0,6.310672265180487,,False,cruise_trim,,,,,,,,False,cruise_trim,,,,,,,,False,cruise_trim,,,,,,,0,97,9312,98,652
450,450,T-Motor,V13L-65 (65),65.0,18000.0,3.0,0.026,1.68,complete,4x3.3E,4x3.3E,4.0,3.3,4.0,3.3,False,False,-29.437142857142856,0.5628571428571428,30.0,0.0,10.0,10.0,10.0,0.0,6.250672265180487,,False,cruise_trim,,,,,,,,False,cruise_trim,,,,,,,,False,cruise_trim,,,,,,,0,97,9312,98,653
453,453,T-Motor,U8 Lite-100² (100),100.0,1405.0,0.7,0.17,0.238,complete,4x3.3E,4x3.3E,4.0,3.3,4.0,3.3,False,False,-29.437142857142856,0.5628571428571428,30.0,0.0,10.0,10.0,10.0,0.0,4.808672265180487,,False,cruise_trim,,,,,,,,False,cruise_trim,,,,,,,,False,cruise_trim,,,,,,,0,97,9312,98,654
454,454,T-Motor,U8 Lite-85² (85),85.0,915.0,0.5,0.225,0.243,complete,4x3.3E,4x3.3E,4.0,3.3,4.0,3.3,False,False,-29.437142857142856,0.5628571428571428,30.0,0.0,10.0,10.0,10.0,0.0,4.813672265180487,,False,cruise_trim,,,,,,,,False,cruise_trim,,,,,,,,False,cruise_trim,,,,,,,0,97,9312,98,655
455,455,T-Motor,U8 Lite L-110² (110),110.0,2140.0,0.9,0.105,0.282,complete,4x3.3E,4x3.3E,4.0,3.3,4.0,3.3,False,False,-29.437142857142856,0.5628571428571428,30.0,0.0,10.0,10.0,10.0,0.0,4.8526722651804866,,False,cruise_trim,,,,,,,,False,cruise_trim,,,,,,,,False,cruise_trim,,,,,,,0,97,9312,98,656
456,456,T-Motor,U8 Lite L-95² (95),95.0,1790.0,0.7,0.146,0.28,complete,4x3.3E,4x3.3E,4.0,3.3,4.0,3.3,False,False,-29.437142857142856,0.5628571428571428,30.0,0.0,10.0,10.0,10.0,0.0,4.850672265180487,,False,cruise_trim,,,,,,,,False,cruise_trim,,,,,,,,False,cruise_trim,,,,,,,0,97,9312,98,657
459,459,T-Motor,U8II-100² (100),100.0,1405.0,0.7,0.17,0.272,complete,4x3.3E,4x3.3E,4.0,3.3,4.0,3.3,False,False,-29.437142857142856,0.5628571428571428,30.0,0.0,10.0,10.0,10.0,0.0,4.842672265180487,,False,cruise_trim,,,,,,,,False,cruise_trim,,,,,,,,False,cruise_trim,,,,,,,0,97,9312,98,658
460,460,T-Motor,U8II-85² (85),85.0,915.0,0.5,0.225,0.277,complete,4x3.3E,4x3.3E,4.0,3.3,4.0,3.3,False,False,-29.437142857142856,0.5628571428571428,30.0,0.0,10.0,10.0,10.0,0.0,4.847672265180487,,False,cruise_trim,,,,,,,,False,cruise_trim,,,,,,,,False,cruise_trim,,,,,,,0,97,9312,98,659
461,461,T-Motor,U8II Lite-100² (100),100.0,1450.0,1.0,0.138,0.253,complete,4x3.3E,4x3.3E,4.0,3.3,4.0,3.3,False,False,-29.437142857142856,0.5628571428571428,30.0,0.0,10.0,10.0,10.0,0.0,4.823672265180487,,False,cruise_trim,,,,,,,,False,cruise_trim,,,,,,,,False,cruise_trim,,,,,,,0,97,9312,98,660
462,462,T-Motor,U8II Pro-100² (100),100.0,1450.0,1.0,0.138,0.287,complete,4x3.3E,4x3.3E,4.0,3.3,4.0,3.3,False,False,-29.437142857142856,0.5628571428571428,30.0,0.0,10.0,10.0,10.0,0.0,4.8576722651804864,,False,cruise_trim,,,,,,,,False,cruise_trim,,,,,,,,False,cruise_trim,,,,,,,0,97,9312,98,661
463,463,T-Motor,U10II-100² (100),100.0,1600.0,1.0,0.101,0.415,complete,4x3.3E,4x3.3E,4.0,3.3,4.0,3.3,False,False,-29.437142857142856,0.5628571428571428,30.0,0.0,10.0,10.0,10.0,0.0,4.985672265180487,,False,cruise_trim,,,,,,,,False,cruise_trim,,,,,,,,False,cruise_trim,,,,,,,0,97,9312,98,662
464,464,T-Motor,U12II-120² (120),120.0,4560.0,1.5,0.022,0.778,complete,4x3.3E,4x3.3E,4.0,3.3,4.0,3.3,False,False,-29.437142857142856,0.5628571428571428,30.0,0.0,10.0,10.0,10.0,0.0,5.348672265180487,,False,cruise_trim,,,,,,,,False,cruise_trim,,,,,,,,False,cruise_trim,,,,,,,0,97,9312,98,663
465,465,T-Motor,U12II-60² (60),60.0,4000.0,1.7,0.075,0.803,complete,4x3.3E,4x3.3E,4.0,3.3,4.0,3.3,False,False,-29.437142857142856,0.5628571428571428,30.0,0.0,10.0,10.0,10.0,0.0,5.3736722651804865,,False,cruise_trim,,,,,,,,False,cruise_trim,,,,,,,,False,cruise_trim,,,,,,,0,97,9312,98,664
466,466,T-Motor,U15L² (43),43.0,16000.0,3.7,0.02,3.6,complete,4x3.3E,4x3.3E,4.0,3.3,4.0,3.3,False,False,-29.437142857142856,0.5628571428571428,30.0,0.0,10.0,10.0,10.0,0.0,8.170672265180487,,False,cruise_trim,,,,,,,,False,cruise_trim,,,,,,,,False,cruise_trim,,,,,,,0,97,9312,98,665
467,467,T-Motor,U15XL² (38),38.0,23000.0,3.3,0.017,4.408,complete,4x3.3E,4x3.3E,4.0,3.3,4.0,3.3,False,False,-29.437142857142856,0.5628571428571428,30.0,0.0,10.0,10.0,10.0,0.0,8.978672265180487,,False,cruise_trim,,,,,,,,False,cruise_trim,,,,,,,,False,cruise_trim,,,,,,,0,97,9312,98,666
468,468,T-Motor,U15XXL² (29),29.0,28000.0,2.7,0.02,5.13,complete,4x3.3E,4x3.3E,4.0,3.3,4.0,3.3,False,False,-29.437142857142856,0.5628571428571428,30.0,0.0,10.0,10.0,10.0,0.0,9.700672265180486,,False,cruise_trim,,,,,,,,False,cruise_trim,,,,,,,,False,cruise_trim,,,,,,,0,97,9312,98,667
469,469,T-Motor,MN1005-90 V2.0² (90),90.0,1500.0,0.9,0.168,0.41,complete,4x3.3E,4x3.3E,4.0,3.3,4.0,3.3,False,False,-29.437142857142856,0.5628571428571428,30.0,0.0,10.0,10.0,10.0,0.0,4.980672265180487,,False,cruise_trim,,,,,,,,False,cruise_trim,,,,,,,,False,cruise_trim,,,,,,,0,97,9312,98,668
478,478,T-Motor,U8-110 LITE² (110),110.0,2140.0,0.9,0.105,0.282,complete,4x3.3E,4x3.3E,4.0,3.3,4.0,3.3,False,False,-29.437142857142856,0.5628571428571428,30.0,0.0,10.0,10.0,10.0,0.0,4.8526722651804866,,False,cruise_trim,,,,,,,,False,cruise_trim,,,,,,,,False,cruise_trim,,,,,,,0,97,9312,98,669
479,479,T-Motor,U8-95 LITE² (95),95.0,1790.0,0.7,0.146,0.28,complete,4x3.3E,4x3.3E,4.0,3.3,4.0,3.3,False,False,-29.437142857142856,0.5628571428571428,30.0,0.0,10.0,10.0,10.0,0.0,4.850672265180487,,False,cruise_trim,,,,,,,,False,cruise_trim,,,,,,,,False,cruise_trim,,,,,,,0,97,9312,98,670
487,487,T-Motor,U8II-100 ² (100),100.0,1405.0,0.7,0.17,0.272,complete,4x3.3E,4x3.3E,4.0,3.3,4.0,3.3,False,False,-29.437142857142856,0.5628571428571428,30.0,0.0,10.0,10.0,10.0,0.0,4.842672265180487,,False,cruise_trim,,,,,,,,False,cruise_trim,,,,,,,,False,cruise_trim,,,,,,,0,97,9312,98,671
488,488,T-Motor,U8II-85 ² (85),85.0,915.0,0.5,0.225,0.277,complete,4x3.3E,4x3.3E,4.0,3.3,4.0,3.3,False,False,-29.437142857142856,0.5628571428571428,30.0,0.0,10.0,10.0,10.0,0.0,4.847672265180487,,False,cruise_trim,,,,,,,,False,cruise_trim,,,,,,,,False,cruise_trim,,,,,,,0,97,9312,98,672
489,489,T-Motor,U8-170² (170),170.0,530.0,1.1,0.089,0.239,complete,4x3.3E,4x3.3E,4.0,3.3,4.0,3.3,False,False,-29.437142857142856,0.5628571428571428,30.0,0.0,10.0,10.0,10.0,0.0,4.809672265180486,,False,cruise_trim,,,,,,,,False,cruise_trim,,,,,,,,False,cruise_trim,,,,,,,0,97,9312,98,673
490,490,T-Motor,U8-170 PRO ² (170),170.0,520.0,0.9,0.081,0.239,complete,4x3.3E,4x3.3E,4.0,3.3,4.0,3.3,False,False,-29.437142857142856,0.5628571428571428,30.0,0.0,10.0,10.0,10.0,0.0,4.809672265180486,,False,cruise_trim,,,,,,,,False,cruise_trim,,,,,,,,False,cruise_trim,,,,,,,0,97,9312,98,674
491,491,T-Motor,U8-135 PRO ² (135),135.0,490.0,0.6,0.127,0.24,complete,4x3.3E,4x3.3E,4.0,3.3,4.0,3.3,False,False,-29.437142857142856,0.5628571428571428,30.0,0.0,10.0,10.0,10.0,0.0,4.810672265180487,,False,cruise_trim,,,,,,,,False,cruise_trim,,,,,,,,False,cruise_trim,,,,,,,0,97,9312,98,675
492,492,T-Motor,U8-100 PRO ² (100),100.0,490.0,0.5,0.179,0.24,complete,4x3.3E,4x3.3E,4.0,3.3,4.0,3.3,False,False,-29.437142857142856,0.5628571428571428,30.0,0.0,10.0,10.0,10.0,0.0,4.810672265180487,,False,cruise_trim,,,,,,,,False,cruise_trim,,,,,,,,False,cruise_trim,,,,,,,0,97,9312,98,676
493,493,T-Motor,U8-110 LITE L² (110),110.0,2140.0,0.9,0.105,0.282,complete,4x3.3E,4x3.3E,4.0,3.3,4.0,3.3,False,False,-29.437142857142856,0.5628571428571428,30.0,0.0,10.0,10.0,10.0,0.0,4.8526722651804866,,False,cruise_trim,,,,,,,,False,cruise_trim,,,,,,,,False,cruise_trim,,,,,,,0,97,9312,98,677
494,494,T-Motor,U8-95 LITE L² (95),95.0,1790.0,0.7,0.146,0.28,complete,4x3.3E,4x3.3E,4.0,3.3,4.0,3.3,False,False,-29.437142857142856,0.5628571428571428,30.0,0.0,10.0,10.0,10.0,0.0,4.850672265180487,,False,cruise_trim,,,,,,,,False,cruise_trim,,,,,,,,False,cruise_trim,,,,,,,0,97,9312,98,678
495,495,T-Motor,U10II-100 ² (100),100.0,1600.0,1.0,0.101,0.415,complete,4x3.3E,4x3.3E,4.0,3.3,4.0,3.3,False,False,-29.437142857142856,0.5628571428571428,30.0,0.0,10.0,10.0,10.0,0.0,4.985672265180487,,False,cruise_trim,,,,,,,,False,cruise_trim,,,,,,,,False,cruise_trim,,,,,,,0,97,9312,98,679
496,496,T-Motor,U10-100² (100),100.0,1500.0,1.4,0.112,0.4,complete,4x3.3E,4x3.3E,4.0,3.3,4.0,3.3,False,False,-29.437142857142856,0.5628571428571428,30.0,0.0,10.0,10.0,10.0,0.0,4.970672265180487,,False,cruise_trim,,,,,,,,False,cruise_trim,,,,,,,,False,cruise_trim,,,,,,,0,97,9312,98,680
497,497,T-Motor,U10 -80² (80),80.0,1200.0,0.6,0.135,0.405,complete,4x3.3E,4x3.3E,4.0,3.3,4.0,3.3,False,False,-29.437142857142856,0.5628571428571428,30.0,0.0,10.0,10.0,10.0,0.0,4.975672265180487,,False,cruise_trim,,,,,,,,False,cruise_trim,,,,,,,,False,cruise_trim,,,,,,,0,97,9312,98,681
499,499,T-Motor,U10 Plus 100² (100),100.0,1700.0,1.0,0.06,0.5,complete,4x3.3E,4x3.3E,4.0,3.3,4.0,3.3,False,False,-29.437142857142856,0.5628571428571428,30.0,0.0,10.0,10.0,10.0,0.0,5.0706722651804865,,False,cruise_trim,,,,,,,,False,cruise_trim,,,,,,,,False,cruise_trim,,,,,,,0,97,9312,98,682
500,500,T-Motor,U10 Plus 80² (80),80.0,1500.0,0.8,0.085,0.5,complete,4x3.3E,4x3.3E,4.0,3.3,4.0,3.3,False,False,-29.437142857142856,0.5628571428571428,30.0,0.0,10.0,10.0,10.0,0.0,5.0706722651804865,,False,cruise_trim,,,,,,,,False,cruise_trim,,,,,,,,False,cruise_trim,,,,,,,0,97,9312,98,683
501,501,T-Motor,U11II-120² (120),120.0,2785.0,1.5,0.08,0.772,complete,4x3.3E,4x3.3E,4.0,3.3,4.0,3.3,False,False,-29.437142857142856,0.5628571428571428,30.0,0.0,10.0,10.0,10.0,0.0,5.342672265180487,,False,cruise_trim,,,,,,,,False,cruise_trim,,,,,,,,False,cruise_trim,,,,,,,0,97,9312,98,684
502,502,T-Motor,U11-120² (120),120.0,4000.0,0.7,0.057,0.73,complete,4x3.3E,4x3.3E,4.0,3.3,4.0,3.3,False,False,-29.437142857142856,0.5628571428571428,30.0,0.0,10.0,10.0,10.0,0.0,5.300672265180487,,False,cruise_trim,,,,,,,,False,cruise_trim,,,,,,,,False,cruise_trim,,,,,,,0,97,9312,98,685
503,503,T-Motor,U11-90² (90),90.0,3000.0,0.7,0.099,0.73,complete,4x3.3E,4x3.3E,4.0,3.3,4.0,3.3,False,False,-29.437142857142856,0.5628571428571428,30.0,0.0,10.0,10.0,10.0,0.0,5.300672265180487,,False,cruise_trim,,,,,,,,False,cruise_trim,,,,,,,,False,cruise_trim,,,,,,,0,97,9312,98,686
505,505,T-Motor,U13II-65² (65),65.0,6720.0,1.7,0.073,0.975,complete,4x3.3E,4x3.3E,4.0,3.3,4.0,3.3,False,False,-29.437142857142856,0.5628571428571428,30.0,0.0,10.0,10.0,10.0,0.0,5.545672265180487,,False,cruise_trim,,,,,,,,False,cruise_trim,,,,,,,,False,cruise_trim,,,,,,,0,97,9312,98,687
506,506,T-Motor,U13-100² (100),100.0,3850.0,1.64,0.018,1.28,complete,4x3.3E,4x3.3E,4.0,3.3,4.0,3.3,False,False,-29.437142857142856,0.5628571428571428,30.0,0.0,10.0,10.0,10.0,0.0,5.850672265180487,,False,cruise_trim,,,,,,,,False,cruise_trim,,,,,,,,False,cruise_trim,,,,,,,0,97,9312,98,688
507,507,T-Motor,U13-85² (85),85.0,3120.0,1.25,0.023,1.28,complete,4x3.3E,4x3.3E,4.0,3.3,4.0,3.3,False,False,-29.437142857142856,0.5628571428571428,30.0,0.0,10.0,10.0,10.0,0.0,5.850672265180487,,False,cruise_trim,,,,,,,,False,cruise_trim,,,,,,,,False,cruise_trim,,,,,,,0,97,9312,98,689
508,508,T-Motor,U15II-100² (100),100.0,9940.0,4.5,0.012,1.74,complete,4x3.3E,4x3.3E,4.0,3.3,4.0,3.3,False,False,-29.437142857142856,0.5628571428571428,30.0,0.0,10.0,10.0,10.0,0.0,6.310672265180487,,False,cruise_trim,,,,,,,,False,cruise_trim,,,,,,,,False,cruise_trim,,,,,,,0,97,9312,98,690
509,509,T-Motor,U15II-80² (80),80.0,8580.0,3.8,0.017,1.74,complete,4x3.3E,4x3.3E,4.0,3.3,4.0,3.3,False,False,-29.437142857142856,0.5628571428571428,30.0,0.0,10.0,10.0,10.0,0.0,6.310672265180487,,False,cruise_trim,,,,,,,,False,cruise_trim,,,,,,,,False,cruise_trim,,,,,,,0,97,9312,98,691
512,512,T-Motor,U8-85 II² (85),85.0,960.0,0.5,0.225,0.277,complete,4x3.3E,4x3.3E,4.0,3.3,4.0,3.3,False,False,-29.437142857142856,0.5628571428571428,30.0,0.0,10.0,10.0,10.0,0.0,4.847672265180487,,False,cruise_trim,,,,,,,,False,cruise_trim,,,,,,,,False,cruise_trim,,,,,,,0,97,9312,98,692
515,515,T-Motor,U8-100 Lite² (100),100.0,1335.0,0.7,0.238,0.243,complete,4x3.3E,4x3.3E,4.0,3.3,4.0,3.3,False,False,-29.437142857142856,0.5628571428571428,30.0,0.0,10.0,10.0,10.0,0.0,4.813672265180487,,False,cruise_trim,,,,,,,,False,cruise_trim,,,,,,,,False,cruise_trim,,,,,,,0,97,9312,98,693
516,516,T-Motor,U8-85 Lite² (85),85.0,960.0,0.5,0.225,0.243,complete,4x3.3E,4x3.3E,4.0,3.3,4.0,3.3,False,False,-29.437142857142856,0.5628571428571428,30.0,0.0,10.0,10.0,10.0,0.0,4.813672265180487,,False,cruise_trim,,,,,,,,False,cruise_trim,,,,,,,,False,cruise_trim,,,,,,,0,97,9312,98,694
519,519,T-Motor,U8-100 Pro² (100),100.0,750.0,0.6,0.186,0.24,complete,4x3.3E,4x3.3E,4.0,3.3,4.0,3.3,False,False,-29.437142857142856,0.5628571428571428,30.0,0.0,10.0,10.0,10.0,0.0,4.810672265180487,,False,cruise_trim,,,,,,,,False,cruise_trim,,,,,,,,False,cruise_trim,,,,,,,0,97,9312,98,695
520,520,T-Motor,U12II-120 ² (120),120.0,4560.0,3.5,0.022,0.778,complete,4x3.3E,4x3.3E,4.0,3.3,4.0,3.3,False,False,-29.437142857142856,0.5628571428571428,30.0,0.0,10.0,10.0,10.0,0.0,5.348672265180487,,False,cruise_trim,,,,,,,,False,cruise_trim,,,,,,,,False,cruise_trim,,,,,,,0,97,9312,98,696
521,521,T-Motor,U12-100² (100),100.0,2500.0,1.3,0.037,0.792,complete,4x3.3E,4x3.3E,4.0,3.3,4.0,3.3,False,False,-29.437142857142856,0.5628571428571428,30.0,0.0,10.0,10.0,10.0,0.0,5.362672265180487,,False,cruise_trim,,,,,,,,False,cruise_trim,,,,,,,,False,cruise_trim,,,,,,,0,97,9312,98,697
522,522,T-Motor,U12-90² (90),90.0,2500.0,1.2,0.047,0.794,complete,4x3.3E,4x3.3E,4.0,3.3,4.0,3.3,False,False,-29.437142857142856,0.5628571428571428,30.0,0.0,10.0,10.0,10.0,0.0,5.364672265180487,,False,cruise_trim,,,,,,,,False,cruise_trim,,,,,,,,False,cruise_trim,,,,,,,0,97,9312,98,698
523,523,T-Motor,U15-100² (100),100.0,7000.0,4.7,0.013,1.64,complete,4x3.3E,4x3.3E,4.0,3.3,4.0,3.3,False,False,-29.437142857142856,0.5628571428571428,30.0,0.0,10.0,10.0,10.0,0.0,6.210672265180487,,False,cruise_trim,,,,,,,,False,cruise_trim,,,,,,,,False,cruise_trim,,,,,,,0,97,9312,98,699
524,524,T-Motor,U15-80² (80),80.0,7000.0,3.8,0.018,1.64,complete,4x3.3E,4x3.3E,4.0,3.3,4.0,3.3,False,False,-29.437142857142856,0.5628571428571428,30.0,0.0,10.0,10.0,10.0,0.0,6.210672265180487,,False,cruise_trim,,,,,,,,False,cruise_trim,,,,,,,,False,cruise_trim,,,,,,,0,97,9312,98,700
526,526,T-Motor,MN7005-115² (115),115.0,750.0,0.4,0.288,0.188,complete,4x3.3E,4x3.3E,4.0,3.3,4.0,3.3,False,False,-29.437142857142856,0.5628571428571428,30.0,0.0,10.0,10.0,10.0,0.0,4.758672265180487,,False,cruise_trim,,,,,,,,False,cruise_trim,,,,,,,,False,cruise_trim,,,,,,,0,97,9312,98,701
539,539,T-Motor,MT13050-3² (75),75.0,12500.0,4.8,0.048,5.2,complete,4x3.3E,4x3.3E,4.0,3.3,4.0,3.3,False,False,-29.437142857142856,0.5628571428571428,30.0,0.0,10.0,10.0,10.0,0.0,9.770672265180487,,False,cruise_trim,,,,,,,,False,cruise_trim,,,,,,,,False,cruise_trim,,,,,,,0,97,9312,98,702
550,550,T-Motor,U8-16² (100),100.0,750.0,0.6,0.186,0.24,complete,4x3.3E,4x3.3E,4.0,3.3,4.0,3.3,False,False,-29.437142857142856,0.5628571428571428,30.0,0.0,10.0,10.0,10.0,0.0,4.810672265180487,,False,cruise_trim,,,,,,,,False,cruise_trim,,,,,,,,False,cruise_trim,,,,,,,0,97,9312,98,703
