rank,population_index,optimization_objective,optimization_score,official_score,finite,wing_span,wing_chord,tail_arm,nose_length,ducks_num,pucks_num,banner_length,batt_capacity,prop_diameter_in,prop_pitch_in,motor_kv,motor_max_power,cruise_throttle,mission3_cruise_throttle
1,429,-5.421316482333476,5.421316482333476,5.4157039585667,True,1.4361729210453562,0.39977614643584125,0.8842116272601104,0.2149570277119013,77.0,19.0,1.819253121607463,3.5126361293019537,16.536175640710777,9.461804159781096,406.14324708150195,1161.1474755966922,0.8949162436978588,0.8724029414807752
2,467,-5.410198480643604,5.410198480643604,5.401805141553924,True,1.4848302886201532,0.3636023541913546,0.814135454525272,0.15754532440817648,83.0,14.0,1.7633163944471064,3.29238326522378,18.603667685983485,9.112121035393665,334.32484041009394,1450.746652687959,0.9861762478756556,0.957179811309999
3,3072,-5.425021706212501,5.425021706212501,5.398017214471094,True,1.4471465669519703,0.3965154919555425,0.8556836994242955,0.2596008408253925,85.0,19.0,1.747610749523389,3.8684597484028265,14.361574378817577,10.204872998757557,396.06058424270907,1974.9521980004452,0.8138495963332875,0.9728861519849064
4,512,-5.4250217062125,5.4250217062125,5.398017214471093,True,1.4471465669519703,0.3965154919555425,0.8556836994242955,0.2596008408253925,85.0,19.0,1.7476107495233892,3.8684597484028265,14.361574378817577,10.204872998757557,396.06058424270907,1974.9521980004452,0.8138495963332875,0.9728861519849064
5,1970,-5.4145446716826235,5.4145446716826235,5.397845432219578,True,1.493218529824129,0.37518100073659866,0.8196019836549988,0.08283486869357093,74.0,19.0,1.859837716411042,4.179948287387712,16.147835058226146,10.118315240600872,418.9194808545199,1261.9332062812828,0.9108373729955146,0.8527458634326643
6,826,-5.392448098201793,5.392448098201793,5.392050022852166,True,1.4650399440599926,0.3681742932544516,0.8874809992675731,0.1804315395816767,90.0,23.0,1.5469857230171802,3.93843808878463,14.77804939934526,10.02494505727224,416.7850100588839,1551.80056894584,0.8240296567923147,0.9234219704238132
7,851,-5.424235452946588,5.424235452946588,5.3909037991529205,True,1.5064351084044685,0.373783817921544,0.8523749975565503,0.20675382571010503,81.0,20.0,1.7188037557114624,4.069988045873936,14.483155873910395,10.373766696072828,406.63953692917465,2510.7055252152068,0.8855627488474545,0.9662288631077134
8,1807,-5.394374334580444,5.394374334580444,5.390428174086935,True,1.4862703203321073,0.38130630707976365,0.867612571254299,0.1687391662952973,86.0,19.0,1.7226492657057486,3.4926537425182063,17.098874303432975,12.377964712159189,356.37249405958164,1000.3701451871865,0.8598052108035806,0.832051406990588
9,629,-5.403453950521968,5.403453950521968,5.388622535366437,True,1.464917542266608,0.3851661027990132,0.8241484707753876,0.28410352032381403,73.0,19.0,1.7455953603632903,2.9236878474782864,15.011841883129033,7.09816847647885,446.630489386738,1846.8295491657523,0.8142055776227096,0.9152718974436775
10,694,-5.387465494247905,5.387465494247905,5.385661319049603,True,1.4663562683414197,0.3962861368852063,0.8440989236132154,0.2774597622781333,93.0,17.0,1.5174054273052167,4.332312284372436,14.059871677408815,11.07343213807197,375.03565220930824,1772.63776576587,0.9754090718244841,0.9979759744772512
11,187,-5.425630399093257,5.425630399093257,5.384377535512107,True,1.4597593607997132,0.3926353392085359,0.7545189885207333,0.16446685855639379,79.0,22.0,1.670384174568119,4.2235520626054806,17.01747499052289,10.34823890995493,378.9749414863099,1611.646934519351,0.9918395768057466,0.9274016163336377
12,2560,-5.415707303299626,5.415707303299626,5.383011563549189,True,1.494301313009113,0.3615652041480604,0.6563324641629882,0.22519840943060798,62.0,19.0,1.6048633633575333,3.684469793590866,11.790848484453242,9.201442611088897,479.32961614588316,1386.853943213756,0.9737127730266334,0.977588897100623
13,103,-5.410509556616381,5.410509556616381,5.381843658422021,True,1.5025768338971752,0.3876957384401354,0.7721490940661184,0.1869710642377479,72.0,20.0,1.6432884818856517,4.2588936464034495,20.43630914037298,10.782701433478126,358.964780653301,2875.225019700387,0.9443781845306207,0.8562243289245697
14,1006,-5.390042387706151,5.390042387706151,5.381189269264053,True,1.3911764228895056,0.3651021756353259,0.8617389050891118,0.29842225856479443,72.0,19.0,1.4291787684172172,4.319031169662461,15.213163172443807,10.803020166622005,438.1220722027646,1875.3003439470708,0.9320641024218927,0.8236750400767353
15,244,-5.418618419877967,5.418618419877967,5.380900384317929,True,1.4407661689831612,0.3900148756617282,0.7485329710115008,0.11483170986945493,80.0,15.0,1.6381173923137595,4.343857970817433,16.790181081323805,10.112122553707938,422.06460464282236,1462.9204228026708,0.9425124783143868,0.8485010446822852
16,1792,-5.3983100897732825,5.3983100897732825,5.380066540725185,True,1.4438096276428851,0.3941338569670696,0.8485583571467319,0.1701689867801385,99.0,11.0,1.6779425498154354,3.8384229761635695,13.990117346055587,10.719486934878288,398.82634859177296,1227.1172125097194,0.913636240025123,0.9556030317630491
17,1166,-5.411941147794479,5.411941147794479,5.380000445784919,True,1.4545025347169998,0.39370906361975644,0.8954427003177011,0.19504202012943908,91.0,12.0,1.9006671140860274,3.1998468826059776,12.737557406023953,6.927025171645553,465.8941834628379,1913.4099063724038,0.9777773339289513,0.9847752479469349
18,2583,-5.390587666814209,5.390587666814209,5.379599910552072,True,1.5179577808289304,0.3935693999631815,0.8027806378222205,0.08543569673196673,82.0,24.0,1.6738422787183562,3.559786269090369,15.023086928621879,8.929571652990122,435.8030299801332,1669.3796202638518,0.8240246927044528,0.8355814559993379
19,713,-5.408556286039436,5.408556286039436,5.378014239889957,True,1.4630310544715794,0.3743400820032901,0.8792695471101721,0.1402992014447688,88.0,16.0,1.7031029960067168,4.08224011975908,13.617414694984674,10.562144492849493,412.7485043533709,2044.3660511411438,0.8954040074464719,0.9584432246216962
20,2046,-5.383122777573871,5.383122777573871,5.377224811783211,True,1.4794046768501576,0.39397114197057737,0.8983984071783098,0.12657232294072362,95.0,23.0,1.4936448699238198,4.4134207601411,15.593472882173955,10.248298724278001,420.72968646594853,1560.9650246091005,0.954636637256601,0.8775301536755098
21,1536,-5.449275319339328,5.449275319339328,5.37677463025801,True,1.4829513045886205,0.39662341122617784,0.8257264774858255,0.1823979514858897,65.0,18.0,1.9366147212741447,3.8670054428072995,11.964238038792997,8.875693046008603,483.63467221307303,1153.3117070592025,0.93446429572494,0.9892477853144579
22,675,-5.394131513009807,5.394131513009807,5.374139985684884,True,1.4467594474258894,0.39419279433649845,0.8449975023980869,0.2108954651507267,91.0,22.0,1.6457976463915498,3.2202139455184007,12.345354164773143,7.553556635893361,482.0759377174929,1432.5874218259878,0.8337401932723837,0.9864401906382034
23,672,-5.376572387840186,5.376572387840186,5.373762607891028,True,1.495069668921379,0.3767525301598327,0.8597066476044106,0.2030228956520688,91.0,19.0,1.4692632377451407,3.501047021904288,14.77371305553103,8.576094849156746,422.5973986617061,2310.5193401056836,0.8560548145263882,0.9804233383802563
24,3079,-5.376572387840185,5.376572387840185,5.373762607891028,True,1.495069668921379,0.3767525301598327,0.8597066476044106,0.2030228956520688,91.0,19.0,1.4692632377451404,3.501047021904288,14.77371305553103,8.576094849156746,422.5973986617061,2310.5193401056836,0.8560548145263882,0.9804233383802563
25,398,-5.410383133186114,5.410383133186114,5.372676190403084,True,1.4839805798410484,0.3623239185715053,0.731151019093376,0.17048819840146784,69.0,21.0,1.58322502725783,3.7139946619817086,16.021767325552492,10.17988880755087,371.6491283763513,1670.6034729738462,0.9668286537370929,0.9466879642474851
26,1728,-5.389327012294984,5.389327012294984,5.371847990562889,True,1.5146129683707859,0.3792755189274736,0.8203649851434376,0.10514092320638105,67.0,19.0,1.815065570722146,4.15333032547661,16.13662637423779,10.060579527715998,392.70961534535013,1122.8971357256914,0.844632066119309,0.8919423734668375
27,1328,-5.400307788014482,5.400307788014482,5.370029797623477,True,1.5139301270499899,0.3805401471306994,0.8299298324964222,0.178431284971801,65.0,18.0,1.8368436035337619,2.77869687449312,16.47068665835203,7.67504699497162,438.6694073740871,1407.3715758446394,0.9622538313653122,0.7914252379411335
28,924,-5.3965665480423795,5.3965665480423795,5.369911133867956,True,1.4669330661662057,0.3752411539827625,0.8590439310071346,0.23333035001662997,94.0,17.0,1.7802125931780224,3.804941317401192,14.197261341681294,9.93514218071762,411.6008883287376,1927.6278344472867,0.8497799385515064,0.9674679177262759
29,986,-5.371552418473813,5.371552418473813,5.368476714194302,True,1.5053521453978926,0.3967370689558165,0.8595507551523904,0.2890651516384871,90.0,13.0,1.6174831206117941,3.065443544265903,14.241675182419364,10.30035510982353,372.77709501775206,2172.9250461506977,0.8974485960269057,0.8961882392533546
30,1672,-5.397792046840047,5.397792046840047,5.367834730783697,True,1.519695305817668,0.36270525030885276,0.8457922215933817,0.13050534190402996,84.0,19.0,1.6116575955772405,3.3963706173356596,14.211310115824945,8.742681585409931,434.7279895211518,1425.6072425366156,0.9954184069535503,0.9515405156191112
31,846,-5.400816062248908,5.400816062248908,5.366441645993364,True,1.484234531757739,0.32027177222662967,0.880915963751742,0.15379289934164214,76.0,17.0,1.540323555221988,4.120070459262999,15.151591993446086,11.248317967902484,381.56398081478466,1967.04773291812,0.9139157236981115,0.9422722083581124
32,836,-5.387220235738553,5.387220235738553,5.36608154540699,True,1.4792001799998042,0.3862907747543729,0.8274011362849957,0.23359558047530218,94.0,21.0,1.697650607114663,3.8016894181277996,14.363074468016757,10.73251657068431,430.4360145203975,2332.4027664687937,0.714482081850643,0.8528068962729312
33,1023,-5.374421980917988,5.374421980917988,5.365686419343957,True,1.443924503954815,0.3837644541412089,0.8128877767695335,0.19360136026837804,77.0,24.0,1.5223560072926758,4.03265979934174,17.15271367311802,11.743044191167614,343.49266075125206,1517.3125984159772,0.8854874363688927,0.9494951771684874
34,594,-5.370352088754675,5.370352088754675,5.364986617112789,True,1.5128736464115056,0.3606674731331162,0.8585194881615315,0.19525416867703344,83.0,17.0,1.4126540057670838,3.539046551246013,17.060095906280008,8.418182810175152,397.8265961198241,2388.6237936980297,0.928016724464793,0.9510915963690254
35,1031,-5.3671667076279945,5.3671667076279945,5.364663655699102,True,1.5032182114155592,0.35162380021855966,0.731942101216506,0.1783949216648601,85.0,18.0,1.4153419191826615,3.388391240025068,18.38208355595882,8.3516808411659,359.9289002873121,2130.4512813829538,0.9244358450756187,0.9849672157432519
36,3088,-5.3671667076279945,5.3671667076279945,5.364663655699102,True,1.5032182114155592,0.35162380021855966,0.731942101216506,0.1783949216648601,85.0,18.0,1.4153419191826613,3.388391240025068,18.38208355595882,8.3516808411659,359.9289002873121,2130.4512813829538,0.9244358450756187,0.9849672157432519
37,875,-5.365407279582573,5.365407279582573,5.364248535283323,True,1.4183431570010385,0.39775682854026795,0.7709930681530472,0.1822562678287594,77.0,23.0,1.4730842681184706,4.1799513615640755,17.584844288740726,13.563457350333962,354.1612406402541,1628.044163726975,0.7622269021226573,0.7940812660389116
38,2429,-5.365060827484748,5.365060827484748,5.363707224711278,True,1.4293352504545707,0.3976131911420141,0.857690720207166,0.2820678449303692,87.0,23.0,1.4050970816096255,3.923013247272544,17.881362038451805,7.353145427517369,414.9795185265639,2075.8440731601117,0.8703201212405027,0.9364949443514264
39,2677,-5.394481678696202,5.394481678696202,5.362376085429702,True,1.5056639130708547,0.39241651669106975,0.8120361109906361,0.09149129794626486,94.0,16.0,1.8293716994048657,3.1714870138714852,13.907690500852029,7.825154074434975,451.8180772831092,1546.7461715528889,0.9258772724097561,0.8940059999172427
40,555,-5.3633112751941985,5.3633112751941985,5.360599386232581,True,1.4041591350200187,0.3798926993393325,0.8524817062213654,0.1998109995073833,94.0,17.0,1.3923911693587414,4.214135582918576,14.455504291568456,9.448884461328952,419.5338185912165,2061.5750020793535,0.7667439422175024,0.9246566352686358
41,2987,-5.375638242923328,5.375638242923328,5.360471528966109,True,1.446627988195053,0.37678268611587995,0.8693916958579472,0.08619636323880432,76.0,15.0,1.5239362036715332,4.043575548633067,17.155753809053746,11.470150927929566,426.26012046214254,1606.963764941434,0.8099028931736563,0.6700036241678311
42,3081,-5.375638242923328,5.375638242923328,5.360471528966109,True,1.446627988195053,0.37678268611587995,0.8693916958579472,0.08619636323880432,76.0,15.0,1.523936203671533,4.043575548633067,17.155753809053746,11.470150927929566,426.26012046214254,1606.963764941434,0.8099028931736563,0.6700036241678311
43,2640,-5.380530715721626,5.380530715721626,5.360434438951326,True,1.5164182926697378,0.3845635024784726,0.8344335251083859,0.10339631603991331,96.0,14.0,1.8233997220459213,2.833353717175555,11.312358263716604,8.634466893581974,480.1949683131371,1113.53563677478,0.9050456942857797,0.934520107575056
44,3077,-5.380530715721626,5.380530715721626,5.360434438951326,True,1.5164182926697378,0.3845635024784726,0.8344335251083859,0.10339631603991331,96.0,14.0,1.8233997220459213,2.833353717175555,11.312358263716604,8.634466893581974,480.19496831313705,1113.53563677478,0.9050456942857797,0.934520107575056
45,1666,-5.381758222294865,5.381758222294865,5.3593299840010475,True,1.428874111156506,0.3841745701213312,0.8162510830044514,0.147369347862294,74.0,17.0,1.4149697698335333,3.7016749517899457,15.633745652117698,12.102217592015995,338.5849273238169,1127.9773287438386,0.9608864754664336,0.9845747665104007
46,405,-5.370539672215466,5.370539672215466,5.359075515090262,True,1.5111158770038835,0.35454357589477536,0.8101601557367255,0.20983502760856754,85.0,16.0,1.388988616818181,4.320391840622364,15.696856086535888,11.448120091776934,336.5445168241337,1745.1383972049503,0.9496925741580793,0.9993930681216119
47,2500,-5.358058072787573,5.358058072787573,5.357834436490673,True,1.3879436499988953,0.37367889482361843,0.878201591224375,0.15829492179345023,96.0,16.0,1.551491227877034,2.803501509115697,19.36844353966885,12.628226850928993,267.7280682958181,1093.9942067264874,0.9685005382539995,0.9121260904546379
48,3097,-5.358058072787573,5.358058072787573,5.357834436490673,True,1.3879436499988953,0.37367889482361843,0.8782015912243749,0.15829492179345023,96.0,16.0,1.551491227877034,2.803501509115697,19.36844353966885,12.628226850928993,267.7280682958181,1093.9942067264874,0.9685005382539995,0.9121260904546379
49,1945,-5.366511028940304,5.366511028940304,5.357675142530108,True,1.4877428820135168,0.38868438699714075,0.843063782874665,0.19221136364878155,86.0,23.0,1.9236411790439607,3.691797110717942,16.07496992596594,12.362237727811953,331.0878293277528,1346.2800340991785,0.9440889223976897,0.9750289235015166
50,3095,-5.360270516379623,5.360270516379623,5.357416514652121,True,1.4851743183850195,0.36404098542141383,0.8957041405121706,0.1723653906554191,74.0,19.0,1.7705358951690222,2.0758463752940415,15.358019663232202,10.541285693017421,288.9755667835638,1082.7140059693234,0.9706643284168877,0.9574068580699502
51,733,-5.393477176228105,5.393477176228105,5.355885664331228,True,1.497907411886799,0.384455724279958,0.7888967763156796,0.12667347785336275,83.0,20.0,1.5441162207335106,4.27543064385886,16.420029442151463,10.473741088773627,410.33213503711715,1246.2857735780542,0.7881836993235188,0.8555375192113174
52,95,-5.40194090054682,5.40194090054682,5.3558624728906,True,1.5117742242942214,0.37627034190374903,0.756700625059106,0.1203704568232556,71.0,14.0,1.9235130622039494,3.6081589980010675,15.655875260627944,9.126388000437254,402.1087348615347,1911.0506902980783,0.9784184190908234,0.8830138547144563
53,2052,-5.392605382158708,5.392605382158708,5.35568529908884,True,1.510588873700475,0.3867449985138822,0.8116687202500776,0.1744624581702066,74.0,17.0,1.6392568455727359,3.842187827731631,18.78361237937285,11.390704811989414,339.8417948154404,1489.6256758789668,0.9650528853243474,0.8012698590545815
54,1675,-5.3851743387688105,5.3851743387688105,5.355220743721331,True,1.5185069628904238,0.36747583581452276,0.7592371955001483,0.20776247699991796,73.0,21.0,1.5174072601800164,3.8498933784221254,18.314267339031026,12.047178177959717,368.2045587426253,1140.0171486277868,0.8170285298531768,0.8117637166291635
55,1796,-5.388875039477882,5.388875039477882,5.354039292014825,True,1.4695373383252877,0.39996634920897894,0.8624821518178298,0.12970271787032975,85.0,15.0,1.6726916646867551,4.4495011651928404,14.505853611768647,10.772759727276743,353.4913980088917,1356.3314113544825,0.9750339579007254,0.9581653761436106
56,3074,-5.388875039477882,5.388875039477882,5.354039292014825,True,1.4695373383252877,0.39996634920897894,0.8624821518178298,0.12970271787032975,85.0,15.0,1.672691664686755,4.4495011651928404,14.505853611768647,10.772759727276743,353.4913980088917,1356.3314113544825,0.9750339579007254,0.9581653761436106
57,2279,-5.355931393095755,5.355931393095755,5.353202916928895,True,1.4915820109387488,0.375456008463194,0.8073495950779566,0.16642927153519804,83.0,17.0,1.523888607277045,2.4113906046156703,17.243506803629067,11.915622053143723,286.22134714098036,1564.707382723901,0.9552359879945171,0.9119051779154852
58,819,-5.375856734481684,5.375856734481684,5.352805444854922,True,1.4934730186971379,0.3803805900985492,0.8297155703903796,0.2663422615700769,84.0,13.0,1.4271525264354228,3.297590980551911,15.197785910983182,11.699010310286079,349.2035645918492,2623.8573445691172,0.8963775349299657,0.9637159522100185
59,1635,-5.384112697644252,5.384112697644252,5.35221109198131,True,1.4512936182946767,0.38644538396605577,0.7801139445568449,0.19442136756806805,87.0,16.0,1.5180084988753517,3.956603485874474,17.47492734905537,9.984510032874613,391.04529750848684,1962.7605263122773,0.9593401317584171,0.8384615826678403
60,489,-5.38423037003278,5.38423037003278,5.352102556416471,True,1.4996907325970774,0.39941235567506966,0.8736643815823623,0.10117273082183345,72.0,21.0,1.4934830789962734,3.5836185389407818,19.38647692514969,12.134481894096048,303.63789309794083,2698.1299869210743,0.9608216035679485,0.9052927845270862
61,3075,-5.38423037003278,5.38423037003278,5.352102556416471,True,1.4996907325970774,0.39941235567506966,0.8736643815823623,0.10117273082183345,72.0,21.0,1.4934830789962732,3.5836185389407818,19.38647692514969,12.134481894096048,303.63789309794083,2698.1299869210743,0.9608216035679485,0.9052927845270862
62,2561,-5.354686550211074,5.354686550211074,5.351364277050861,True,1.4860797190649586,0.35600153465347084,0.8259572589557533,0.11418577391480877,82.0,18.0,1.3440427264770254,3.3273941844192167,14.704114906606485,8.487587845635735,469.10540936638733,1882.4961262894417,0.8360062806294586,0.8437109542161133
63,3100,-5.354686550211074,5.354686550211074,5.351364277050861,True,1.4860797190649586,0.35600153465347084,0.8259572589557533,0.11418577391480877,82.0,18.0,1.3440427264770252,3.3273941844192167,14.704114906606485,8.487587845635735,469.10540936638733,1882.4961262894417,0.8360062806294586,0.8437109542161133
64,897,-5.3745534901521745,5.3745534901521745,5.350952404194961,True,1.4482333319211158,0.37648647783102807,0.8211500222609956,0.2604931469288783,92.0,14.0,1.5204906151693698,3.305234221544276,14.582811840174305,10.978643001437455,388.00253518940247,1518.7899152276402,0.9564833127701076,0.8987751979025866
65,3073,-5.3956189623224375,5.3956189623224375,5.349340144889275,True,1.4361729210453562,0.39977614643584125,0.8675487349670175,0.19904984554011773,77.0,16.0,1.596641606490424,3.8081655796711553,16.536175640710777,9.699198267313456,379.39302163343524,2471.7138954860193,0.8949162436978588,0.9050199918477306
66,753,-5.381667376748664,5.381667376748664,5.349173478407122,True,1.4584640892140537,0.3741788805612444,0.8396219363803723,0.26056435731301825,86.0,17.0,1.432729037755076,3.838710778536105,14.861959717376415,9.958394770796872,397.891863039282,2037.0735563861665,0.8517738197814575,0.9673202865446491
67,1954,-5.359379655652286,5.359379655652286,5.3491347399521905,True,1.4770626521174375,0.3842796410906161,0.8455381952003821,0.25016219512481547,76.0,21.0,1.9077708554162234,4.048894177625596,14.61512097097242,10.824230071329636,366.755718894662,1573.2047967475658,0.920249744146636,0.9963784642194207
68,2292,-5.355068284572669,5.355068284572669,5.348797756859772,True,1.503132340775399,0.376420343487072,0.8296461074009309,0.1829617361694686,91.0,18.0,1.3571444904476135,3.9693372583438693,18.697539494445916,13.50489381212445,284.5349476988952,1843.2948108435323,0.8812665453667097,0.920641704404789
69,1698,-5.35217222671788,5.35217222671788,5.3487932626118,True,1.3672459580726,0.38267015772921187,0.8399200937859478,0.2842028135932122,89.0,20.0,1.4297852443615726,3.7424582619683773,18.144176370504923,12.733698182342659,311.18144125633967,1016.439613667797,0.854297902634233,0.9905887236229578
70,3102,-5.35217222671788,5.35217222671788,5.3487932626118,True,1.3672459580726,0.38267015772921187,0.8399200937859478,0.2842028135932122,89.0,20.0,1.4297852443615722,3.7424582619683773,18.144176370504923,12.733698182342659,311.18144125633967,1016.439613667797,0.854297902634233,0.9905887236229578
71,3103,-5.35217222671788,5.35217222671788,5.3487932626118,True,1.3672459580726,0.38267015772921187,0.8399200937859478,0.2842028135932122,89.0,20.0,1.4297852443615724,3.7424582619683773,18.144176370504923,12.733698182342659,311.18144125633967,1016.439613667797,0.854297902634233,0.9905887236229578
72,965,-5.3730962855913,5.3730962855913,5.348535853290395,True,1.473712347012747,0.37825167917906266,0.7790447706423058,0.2001628506639883,84.0,21.0,1.5050652117336596,3.9120191124472994,16.532752883496077,10.796618018465493,333.4634820573545,1949.9576159818107,0.839053490144101,0.9290531574886559
73,218,-5.372556122335398,5.372556122335398,5.3483957125681725,True,1.473370751404461,0.37240567681746317,0.8005304728902616,0.12293535454587275,85.0,16.0,1.365761195580329,4.492159318386348,18.599998319987677,11.96554859565932,357.203174424136,1863.336187906363,0.9183053875733616,0.8445609230344768
74,289,-5.379119360825868,5.379119360825868,5.348295174219039,True,1.4592770698661472,0.36037101098465474,0.8048578670122104,0.20985407639131531,75.0,18.0,1.4683673156798394,3.622471350376781,18.327474087125438,11.268202506064972,329.79175185413897,1409.5794688484789,0.9801766344833961,0.9065756134260489
75,180,-5.360801775819889,5.360801775819889,5.348157779554521,True,1.4410625490453461,0.34504262748234327,0.8777662345548695,0.10662376933688193,78.0,17.0,1.3225864263391587,3.9907213338079166,15.656332105678093,8.9516552619463,457.5701780893342,1362.1822645160755,0.9007367900724309,0.8621460457517351
76,1687,-5.354770944480921,5.354770944480921,5.347855742361795,True,1.4522990739135928,0.3297197957044048,0.8689597384212986,0.12480324805179469,80.0,18.0,1.4301484676825735,4.484110220792786,14.401666637053234,11.266039473554805,389.9113147857772,2157.239142009376,0.8525101514063804,0.9298256639156932
77,1893,-5.378979214874631,5.378979214874631,5.347846389220904,True,1.5115429447708582,0.3415582465288043,0.8736213388105387,0.11619824208413328,77.0,22.0,1.4928254753986636,3.459156129883454,15.980338518530711,11.083234164862661,366.38722138045034,1110.026512980136,0.7921213796941331,0.918296328790382
78,315,-5.350989663770143,5.350989663770143,5.347749040957613,True,1.4917983460399464,0.3818527985467984,0.8029616547399522,0.18958424331977122,76.0,20.0,1.3161527271518634,3.8317775579666398,18.92960602164762,11.395039421944348,322.0721453673225,1109.6401367843903,0.9079731813495004,0.9235470616118897
79,2262,-5.3627561646302,5.3627561646302,5.346831998151622,True,1.3786633827293042,0.3779275923045008,0.8184126403163998,0.1700882738355632,95.0,12.0,1.3214717812310974,3.996332032714218,18.51790217196732,12.682039428613681,308.800547787962,1367.1261193114105,0.91432157915737,0.9810197605267621
80,2209,-5.367288891288387,5.367288891288387,5.346729458682384,True,1.4912496880712252,0.38586762975681677,0.8025712083732279,0.16397989252048686,75.0,21.0,1.3103020343203189,4.3951998976987054,18.288623415865004,14.407592172681454,297.93246769477537,1353.9223596074685,0.9776292445344291,0.9437980611727474
81,609,-5.3670187200860475,5.3670187200860475,5.346610768645115,True,1.4434903194158573,0.3976077051098583,0.8081516394851809,0.2563319172334537,76.0,18.0,1.5937101923213994,3.882548428927484,19.1494514280011,9.757639808291497,373.4057104085259,1800.7610083294426,0.8835706603381439,0.8117855767834571
82,2931,-5.361020557814665,5.361020557814665,5.346191115710285,True,1.5047406712273983,0.3918989692666079,0.7987451612195281,0.09635250531655554,74.0,17.0,1.4632854470716714,4.400999700742757,22.46509301029569,15.404767387617843,271.92859549033557,1103.551989975374,0.8937311365531322,0.7945490269800783
83,942,-5.369182473157613,5.369182473157613,5.346120054997411,True,1.5179689493468418,0.3759059447449439,0.7437063973017983,0.15351827228602916,76.0,18.0,1.4748824315509808,3.6129502410025705,15.9881112947903,9.68042900730713,400.27994403662865,1927.4236165333182,0.8282623030313836,0.8226809024977974
84,1016,-5.389256489735317,5.389256489735317,5.345623729827288,True,1.4582378385993133,0.39288684889019443,0.8717224986622913,0.2283104830905573,90.0,16.0,1.8352197425297232,3.2039805937758423,15.063155862127509,9.430211063753646,411.0158726725302,1727.339951187715,0.7964534722877936,0.8635917891769538
85,2855,-5.3679010331223305,5.3679010331223305,5.345398966971867,True,1.5147001794921167,0.3760182188479439,0.7905681190674778,0.17013888989394005,89.0,20.0,1.510456126007318,4.208159302282376,19.874216209238305,11.006482426512992,386.45859569209074,1420.7088628815736,0.8062568372856589,0.7262981462930086
86,3084,-5.3679010331223305,5.3679010331223305,5.345398966971867,True,1.5147001794921167,0.3760182188479439,0.7905681190674778,0.17013888989394005,89.0,20.0,1.5104561260073175,4.208159302282376,19.874216209238305,11.006482426512992,386.45859569209074,1420.7088628815736,0.8062568372856589,0.7262981462930086
87,3085,-5.3679010331223305,5.3679010331223305,5.345398966971867,True,1.5147001794921167,0.3760182188479439,0.7905681190674778,0.17013888989394005,89.0,20.0,1.5104561260073177,4.208159302282376,19.874216209238305,11.006482426512992,386.45859569209074,1420.7088628815736,0.8062568372856589,0.7262981462930086
88,781,-5.358909382115055,5.358909382115055,5.345194126826586,True,1.4617100884084424,0.3991460122492739,0.8556451459984868,0.21204766786860202,86.0,22.0,1.3261010802087132,3.7986318483630686,14.401014291622303,10.346435088922593,410.5851677944285,2588.9101459569615,0.7876315444724243,0.9351926038721841
89,800,-5.3589498045879935,5.3589498045879935,5.3446744299388165,True,1.4173078703350102,0.39339590487033504,0.8093007088012729,0.2128204795838037,80.0,17.0,1.292274885917418,3.8972709697769083,16.75939619751984,10.59099750825293,378.7197072531668,1856.6558845341206,0.957209353502533,0.8906908416910487
90,3086,-5.367558484804602,5.367558484804602,5.344067011392101,True,1.4361729210453562,0.39977614643584125,0.8675487349670175,0.15658746484416605,80.0,20.0,1.6364766634688985,3.8081655796711553,16.536175640710777,9.699198267313456,379.39302163343524,2471.7138954860193,0.8949162436978588,0.9050199918477306
91,1405,-5.391938183300752,5.391938183300752,5.342938516624031,True,1.4847019589555475,0.38382101909663535,0.8203118633518665,0.27200159898792114,82.0,18.0,1.6000827464590692,3.822250931353199,17.607477246300096,10.1694306371676,315.3273134768162,1751.4304469158976,0.9097887793519106,0.9911154500382892
92,1014,-5.3767158188877655,5.3767158188877655,5.341946400798157,True,1.5129745022708092,0.3767562823605812,0.8660116377359119,0.21910951154076583,79.0,23.0,1.4708071836151755,3.845895377598219,15.483361469759949,6.973242331885492,475.69705857955347,2660.0219809181663,0.8282979502897603,0.9475271766713376
93,3078,-5.3767158188877655,5.3767158188877655,5.341946400798157,True,1.5129745022708092,0.3767562823605812,0.8660116377359119,0.21910951154076583,79.0,23.0,1.4708071836151753,3.845895377598219,15.483361469759949,6.973242331885493,475.69705857955347,2660.0219809181663,0.8282979502897603,0.9475271766713376
94,2670,-5.365505573341676,5.365505573341676,5.341696376554135,True,1.5046191853492135,0.39635825372304484,0.7914406740796605,0.20269488305140942,76.0,19.0,1.4534747867607036,3.0524430999997265,16.736768495706453,10.02796420889774,387.8672354954403,1328.7152091014216,0.8346622652984539,0.8375204540873851
95,799,-5.373383213926572,5.373383213926572,5.341079315615816,True,1.4091514878514861,0.3847036039757715,0.8687380471409311,0.24366845460419811,84.0,21.0,1.4989386857540692,3.7981592288764277,16.206772555347804,10.838207488303198,399.99228874003137,1302.532686470045,0.9341210161842677,0.8486440744799517
96,809,-5.420732235223465,5.420732235223465,5.3409348126018115,True,1.4646428382299854,0.3920432570582442,0.8587244047706386,0.1767232015007206,84.0,15.0,2.035681631760885,4.02349441649865,14.69023696317822,9.661307737336003,399.9587404494016,1811.5222614045401,0.8228686709395234,0.9819058010956764
97,818,-5.3793497289295535,5.3793497289295535,5.3401062402681525,True,1.387859641465763,0.3872367673933291,0.8421157442772906,0.2480548352449226,87.0,19.0,1.6659810069381424,4.371635118013016,14.395042336121513,10.730193951223441,403.7252750953311,2017.4571700579613,0.8875842093066857,0.9619678658580162
98,3087,-5.367195606943774,5.367195606943774,5.339944457726565,True,1.5232244984033492,0.3651021756353259,0.8617389050891118,0.29842225856479443,77.0,17.0,1.4291787684172172,4.319031169662461,18.666040427293222,10.803020166622005,327.1463158882077,2042.9500861073475,0.9320641024218927,0.9353000059150867
99,613,-5.36379252703726,5.36379252703726,5.3398657910204586,True,1.4730185835976617,0.37724872912020163,0.874371635698404,0.2131002383816724,91.0,23.0,1.5718377093435254,3.6300650175543985,16.197849197036973,7.421343344811774,433.63222143488514,2244.056010071271,0.904376109039545,0.9298760320213204
100,2948,-5.353319599684432,5.353319599684432,5.339453519960529,True,1.4903833947489507,0.3760501938633994,0.8782216808921004,0.09307647800164665,103.0,20.0,1.504054384753455,3.452740470381766,15.306086874417735,8.568313176663821,446.07438937375593,1077.5899569840649,0.8221024026308533,0.8472358002197242
101,69,-5.388215636481442,5.388215636481442,5.338960307885873,True,1.5069285720716366,0.3895676874139389,0.7148395790922364,0.2040432868640486,72.0,21.0,1.3957433036918863,3.8252585003350505,15.266036821834131,10.99585138935761,373.59181466575944,1498.0282747821336,0.7534330130414286,0.9905418984410786
102,2302,-5.359438878393659,5.359438878393659,5.338959224668474,True,1.4506277085175658,0.3987430744063326,0.8897654008172098,0.2172585857572021,80.0,17.0,1.6378216398324073,3.0417455682576433,14.869405399466014,9.101345419281504,401.12802471495576,1197.5953651000032,0.9767942537244136,0.801921264129285
103,1715,-5.361278404740212,5.361278404740212,5.338805077740425,True,1.4889552989321722,0.3611264463238942,0.8376463033072361,0.14565130266321807,73.0,18.0,1.4206357439052226,3.6643098384177586,16.95350353361177,11.68947697744511,328.03265564410367,1802.0746719772296,0.9181682053154752,0.858407353101894
104,258,-5.370626101753498,5.370626101753498,5.338384929635341,True,1.4495942325113023,0.36244336338151384,0.8372235967715302,0.1266729873041838,80.0,21.0,1.4369765377104347,3.136642064427895,19.847993812723338,9.44734573891237,315.7998222017797,1647.8064825180852,0.9286738415471868,0.9972354518702106
105,1896,-5.339516134193511,5.339516134193511,5.338295790071533,True,1.4706390452899172,0.3985566564776406,0.8042398238403542,0.1412207803468266,69.0,20.0,1.2477203712925629,3.7064892203228776,16.822720831139666,12.217286288635687,318.23779884555444,1569.5483361988172,0.8875122656295443,0.8818399084162803
106,3117,-5.339516134193511,5.339516134193511,5.338295790071533,True,1.4706390452899172,0.39855665647764055,0.8042398238403542,0.1412207803468266,69.0,20.0,1.2477203712925629,3.7064892203228776,16.822720831139666,12.217286288635687,318.23779884555444,1569.5483361988172,0.8875122656295443,0.8818399084162803
107,563,-5.361301446381426,5.361301446381426,5.33805880424751,True,1.4925049482998007,0.3797530045489452,0.8860509665603492,0.1944243868597528,72.0,23.0,1.4967569683069601,4.3451208952832205,15.843127377053479,10.682199851608091,382.8824218010078,2120.392191299218,0.8484116527609121,0.8286408265441266
108,2057,-5.400931880484262,5.400931880484262,5.3380335006980415,True,1.4938263784643517,0.39879307437895173,0.8490253854925123,0.25926011062418974,80.0,19.0,2.0072156058965596,4.4417629470505435,18.543987605587322,10.424532984863294,355.2027955181512,1729.3395301476044,0.8493227269670502,0.8814849598053283
109,896,-5.360557562542322,5.360557562542322,5.338015227107925,True,1.4854840041190267,0.3662435846918935,0.8390769916753784,0.23966283596503393,84.0,20.0,1.2916239885938103,4.098672439042332,16.709494905090477,8.332352479546717,423.04932023462334,2352.4672754810013,0.8563092208177994,0.9635276466879006
110,227,-5.396525383772939,5.396525383772939,5.337679375218622,True,1.5093323456111087,0.3866497409831652,0.8043729798630485,0.19368237910842948,71.0,18.0,1.7392181009957541,4.206990878421408,19.947220731936685,11.121060062415069,382.49709123722926,2928.4657731665557,0.9123572231595741,0.7798937972603903
111,2838,-5.402882166750633,5.402882166750633,5.337264254099004,True,1.4679596244031314,0.39486674748210315,0.8598518195421145,0.17025482593052027,89.0,11.0,1.9141691126792593,3.561563114158826,12.84973032591753,8.913760783851695,489.75410642121494,1053.746792887629,0.8804602827661151,0.8383663802760074
112,1799,-5.349507165857937,5.349507165857937,5.33583596667647,True,1.5225331334677912,0.30993338134209714,0.8107420539024338,0.17183639487927355,66.0,19.0,1.243001688959463,3.298209095802461,15.279066687175431,9.840876649908468,408.683821926318,1975.9558244985922,0.9837949811085334,0.8715869158615257
113,687,-5.35257909865455,5.35257909865455,5.335645876321429,True,1.4912269691360869,0.39882404020965323,0.8638578180239845,0.27674987311442534,82.0,18.0,1.4335862830257096,3.246771793329736,17.73824611171423,13.043456698465361,305.12580491794165,1973.6449710651896,0.9167768318029268,0.809201949292135
114,2008,-5.342084423906789,5.342084423906789,5.335639561031892,True,1.4748021049377267,0.3731057707571211,0.8788949145279604,0.13309733883419425,84.0,21.0,1.2800757225297335,4.200146495072545,15.22064838635972,10.421121356457283,384.47586152377534,1844.5969201834855,0.9448168635405952,0.8886605549597422
115,856,-5.370201936424262,5.370201936424262,5.3350913218470915,True,1.4692511568716107,0.3906285392650535,0.8553220326873299,0.23730207642859463,80.0,22.0,1.4267225596732853,3.583929362961275,12.85128969256055,8.928054450517033,431.75319402479346,2010.6247276759507,0.8091709285256766,0.9874933483390806
116,2708,-5.335999054018657,5.335999054018657,5.334960744330338,True,1.508053336824389,0.3819147687120037,0.8175642757999971,0.17818948269354734,86.0,18.0,1.2845136129854604,3.7664932697993376,24.870965329635826,13.249432103309337,267.6939951148687,2399.791200827557,0.7497388147460524,0.8385052710445116
117,3104,-5.351381266071121,5.351381266071121,5.33477914452169,True,1.497907411886799,0.39372032469513585,0.7888967763156796,0.12667347785336275,77.0,16.0,1.5441162207335106,4.4416355741882985,16.420029442151463,12.228378026796161,381.69534858914176,1984.3390299639443,0.7111026402707785,0.8555375192113174
118,2048,-5.423626087788472,5.423626087788472,5.334533840487099,True,1.4375766687191454,0.3997720432463294,0.7119338201817108,0.23934417335231473,75.0,20.0,1.7541357734487095,4.377697851616652,18.87919334231011,9.393032482429366,352.61823821198413,1254.7053282309937,0.903509858147701,0.9628552005324506
119,3119,-5.336385613411792,5.336385613411792,5.333635627832228,True,1.4375766687191454,0.3534822810847549,0.8851708727400491,0.22392563852096087,73.0,21.0,1.2344054220263303,2.8386677902213973,19.158605728211022,14.834605470900623,230.14772613512167,1912.4543257147468,0.903509858147701,0.9787514683606794
120,2907,-5.340235739462564,5.340235739462564,5.333516315615733,True,1.487440422356178,0.348351750287695,0.8448676352874116,0.1601774840903299,94.0,14.0,1.2860299175709045,4.175521469828081,20.6766310799374,10.275457692427079,357.3085773927097,2073.2393003594993,0.8482600254613429,0.8295738222506048
121,3096,-5.358164698657919,5.358164698657919,5.333212167404045,True,1.4907358004488747,0.3792755189274736,0.8203649851434376,0.11149990011476685,92.0,16.0,1.9353705101727279,3.4905963836830676,14.292879756185108,9.817628884892837,404.19352275116984,1122.8971357256914,0.8861416840576555,0.8919423734668375
122,999,-5.387688076275604,5.387688076275604,5.332668601303139,True,1.4573671043094318,0.3856244038559586,0.8810326643718875,0.21864444354080195,92.0,13.0,1.8025178513195803,3.8893350956863624,13.773439663680888,10.788173784938238,382.6622563071915,1944.5833287482787,0.7655254872013126,0.987523243474155
123,1210,-5.333942332405064,5.333942332405064,5.3323391706164385,True,1.4440839831644217,0.38715246133945524,0.8737089669787991,0.29871015787845484,103.0,24.0,1.2987775360442142,3.332791821812565,14.6002866259144,8.677502664427108,397.166768472778,1862.8539404244355,0.9105544388954686,0.9911290286711175
124,1992,-5.346451289544815,5.346451289544815,5.332122726553932,True,1.47410611575404,0.3892018226236349,0.8796050387481253,0.1683645766248901,78.0,24.0,1.4105698999107847,2.751229973346857,15.90483427016875,11.612072181687425,308.87198681989935,1148.632404406742,0.8544044380720109,0.9363235548371192
125,3108,-5.346451289544815,5.346451289544815,5.332122726553932,True,1.47410611575404,0.3892018226236349,0.8796050387481252,0.1683645766248901,78.0,24.0,1.4105698999107843,2.751229973346857,15.90483427016875,11.612072181687425,308.87198681989935,1148.632404406742,0.8544044380720109,0.9363235548371192
126,3109,-5.346451289544815,5.346451289544815,5.332122726553932,True,1.47410611575404,0.3892018226236349,0.8796050387481253,0.1683645766248901,78.0,24.0,1.4105698999107845,2.751229973346857,15.90483427016875,11.612072181687425,308.87198681989935,1148.632404406742,0.8544044380720109,0.9363235548371192
127,288,-5.361940285986966,5.361940285986966,5.331142264494811,True,1.511964299542652,0.3713981492186295,0.8940991195010071,0.10876398166579464,79.0,22.0,1.4138294330081078,3.549452255994674,18.8868268444049,11.080759923486754,321.1591171819764,2733.832008605848,0.8455146714866865,0.9039712851702366
128,3094,-5.361940285986966,5.361940285986966,5.331142264494811,True,1.511964299542652,0.3713981492186295,0.8940991195010071,0.10876398166579464,79.0,22.0,1.4138294330081076,3.549452255994674,18.8868268444049,11.080759923486754,321.1591171819764,2733.832008605848,0.8455146714866865,0.9039712851702366
129,3111,-5.345002985762692,5.345002985762692,5.331076245993481,True,1.4682377274584104,0.3873726438330706,0.8235390475770558,0.19012489580207068,84.0,18.0,1.2538962429852147,3.559786269090369,15.023086928621879,8.929571652990122,435.8030299801332,1534.7722897092542,0.8240246927044528,0.9147030660066595
130,3112,-5.345002985762692,5.345002985762692,5.331076245993481,True,1.4682377274584104,0.3873726438330706,0.8235390475770558,0.19012489580207068,84.0,18.0,1.253896242985215,3.559786269090369,15.023086928621879,8.929571652990122,435.8030299801332,1534.7722897092542,0.8240246927044528,0.9147030660066595
131,2696,-5.356958854770223,5.356958854770223,5.33065547466501,True,1.4689095276911042,0.37133797846524186,0.8432644034253826,0.08378938947009934,92.0,20.0,1.4315952851825533,3.7572156842931466,18.690617571557542,9.541614686088232,397.421426566111,1415.5015688147623,0.7793762107578273,0.8030770069976922
132,3098,-5.356958854770223,5.356958854770223,5.33065547466501,True,1.4689095276911042,0.37133797846524186,0.8432644034253826,0.08378938947009934,92.0,20.0,1.431595285182553,3.7572156842931466,18.690617571557542,9.541614686088232,397.421426566111,1415.5015688147623,0.7793762107578273,0.8030770069976922
133,2629,-5.3333077166673855,5.3333077166673855,5.330365905487609,True,1.4800709241853482,0.3301654357953217,0.7964752961935336,0.11078425635190399,68.0,21.0,1.2126393765159986,3.475609662411592,15.285578662429758,8.152021314180171,435.6215169477463,1379.5154195406594,0.9391436417315406,0.8841063303822994
134,3124,-5.3333077166673855,5.3333077166673855,5.330365905487609,True,1.4800709241853482,0.3301654357953217,0.7964752961935336,0.11078425635190398,68.0,21.0,1.2126393765159986,3.475609662411592,15.285578662429758,8.152021314180171,435.6215169477463,1379.5154195406594,0.9391436417315406,0.8841063303822994
135,203,-5.346474654317257,5.346474654317257,5.329998284799409,True,1.4267586984617864,0.39504260569157834,0.7611839960443079,0.17636839367872742,69.0,22.0,1.0849734323661127,4.398848705173774,14.596194206920124,9.724734188775528,455.7244388818227,1111.0464231155945,0.958219752702315,0.9683407337716683
136,1540,-5.374740103678141,5.374740103678141,5.3296138921428255,True,1.4986225635179846,0.37025071389191266,0.8769776883875215,0.21065234341301375,75.0,16.0,1.5463821459751406,3.6836191197006465,16.188306440506242,12.3220437599916,291.5722732071118,1866.9946793780484,0.9941946368595007,0.9589146891552613
137,472,-5.39671020755832,5.39671020755832,5.329321408997225,True,1.4965089838453522,0.3764017485200597,0.759468460401596,0.19175034733397947,73.0,18.0,1.5647399633769479,4.3256843190730985,21.229966133824448,11.972943893456517,334.26632089287415,2166.1938753559207,0.908602040329485,0.7730695442480009
138,772,-5.334387588885445,5.334387588885445,5.3292959459554865,True,1.4708965534152305,0.3485794591671094,0.8726276371876771,0.1288131265449823,92.0,18.0,1.2643816290476981,4.233307404924522,16.403189082600242,10.06004181505766,413.1688919812823,1761.9519028292489,0.9582476220293727,0.8147392908819282
139,3121,-5.334387588885445,5.334387588885445,5.3292959459554865,True,1.4708965534152305,0.3485794591671094,0.8726276371876771,0.1288131265449823,92.0,18.0,1.264381629047698,4.233307404924522,16.403189082600242,10.06004181505766,413.1688919812823,1761.9519028292489,0.9582476220293727,0.8147392908819282
140,1024,-5.421053683370686,5.421053683370686,5.328793102742751,True,1.4620422574523375,0.38113895577584594,0.863026766952914,0.23060902194230945,79.0,16.0,1.806929162672815,3.6415699532501984,15.125978965533719,7.879526352454351,432.98426557123287,1757.091675076513,0.8732018018535954,0.9813429041629087
141,2672,-5.329969652341436,5.329969652341436,5.328207044630741,True,1.5172879155618575,0.39538571311288706,0.7657795936193478,0.20438553103083157,77.0,18.0,1.5847825236051987,1.9943437709506129,13.412990877775009,10.50027818813345,366.3072256546838,1328.6703499776536,0.9052636645171217,0.8058571916014428
142,3129,-5.329969652341436,5.329969652341436,5.328207044630741,True,1.5172879155618575,0.39538571311288706,0.7657795936193478,0.20438553103083157,77.0,18.0,1.5847825236051984,1.9943437709506129,13.412990877775009,10.50027818813345,366.3072256546838,1328.6703499776536,0.9052636645171217,0.8058571916014428
143,48,-5.3350666406789795,5.3350666406789795,5.327604490983912,True,1.457874326984809,0.39742853691588215,0.7856994983630656,0.1639649151588384,68.0,22.0,1.197794513254328,3.527746214999995,16.45149220108724,8.204786438110014,428.24887032058297,2632.470041532477,0.9806940331541136,0.8812057437520262
144,1035,-5.361901910905834,5.361901910905834,5.327554409888623,True,1.5043185761585793,0.3817407861923848,0.8484143574856909,0.14461586738438348,88.0,24.0,1.4205001706390257,4.219622920825808,14.737268149787706,8.240522984029525,428.7790040062465,1836.7575578110425,0.8396992829286622,0.9489458334312683
145,2143,-5.340034807437583,5.340034807437583,5.327441738593892,True,1.512618621227219,0.38472920594631654,0.7850971021035775,0.15702517015859485,70.0,16.0,1.3401207652698357,3.4077584497888775,19.875862776206876,13.097392447522065,293.3788330707083,1696.5523792557228,0.9763630044014696,0.9010606046202484
146,899,-5.3429868912166985,5.3429868912166985,5.327397725074678,True,1.467634583141117,0.385929829917805,0.8940940021750899,0.26721559708765774,86.0,20.0,1.7509391900084728,4.074292573284386,16.19318031424277,10.332773317113071,388.0022093783167,1263.331044872542,0.8830315712047108,0.8885817202327532
147,1611,-5.34373019108372,5.34373019108372,5.3269111388538,True,1.4455889186993391,0.3707192080349126,0.8199606083793934,0.2713253861330683,92.0,18.0,1.40446525102307,3.2899267025179797,16.154934476336123,10.963150139530674,312.86264265432055,1000.866701255975,0.8672647744269294,0.9982953891139161
148,1906,-5.344218935785472,5.344218935785472,5.326491614557912,True,1.5188516860828223,0.3831844601401254,0.8622457039488243,0.20797649404247118,73.0,22.0,1.373080074045418,4.004546230738006,15.064325626897759,10.811677935474048,386.25953217003644,2597.780972524236,0.9072235071866792,0.8184636034459136
149,3045,-5.356553289691476,5.356553289691476,5.32624092793251,True,1.5113502269612005,0.36931778730149784,0.8954223459975947,0.2415405720744563,84.0,14.0,1.3278871275937287,3.7829816650683825,15.81444373971203,7.841531881643651,418.5046221395123,2464.696965280701,0.9651365791513032,0.9815482287365302
150,878,-5.344595875075402,5.344595875075402,5.3258670728509445,True,1.4954371986539805,0.37984647305074604,0.8518830644518365,0.12938775827598709,74.0,18.0,1.359925503527692,3.6353821900099357,16.09723067244,9.675470571215316,366.81005938138395,1959.1409451809122,0.9664701162307543,0.8481625121715303
151,2278,-5.343709363427236,5.343709363427236,5.325293095974086,True,1.5112156494175892,0.39002971560184896,0.7867911521461757,0.22746145419519315,90.0,14.0,1.6008851652836191,3.2286649439561184,17.342539491352564,10.117006490865336,398.45741054494516,1181.169298547045,0.9147089118737817,0.682997977596776
152,3113,-5.343709363427236,5.343709363427236,5.325293095974086,True,1.5112156494175892,0.39002971560184896,0.7867911521461757,0.22746145419519315,90.0,14.0,1.6008851652836191,3.2286649439561184,17.342539491352564,10.117006490865336,398.45741054494516,1181.1692985470452,0.9147089118737817,0.682997977596776
153,1254,-5.39674369396873,5.39674369396873,5.325054209489734,True,1.4069226620479343,0.39094278163444596,0.8218317880832404,0.15332674409175395,69.0,16.0,1.8067493709730562,4.007961791059426,13.87787812599746,8.055498839399442,491.30508074115596,1058.0323414291738,0.9651462960163988,0.9041094913134979
154,1104,-5.325408508297399,5.325408508297399,5.324993728081326,True,1.4999619919351885,0.3796064057596829,0.8986465036395197,0.2675645446824424,79.0,22.0,1.6261268866555836,2.603150203006025,16.178131788072093,8.42290106582392,369.65193775392277,1920.3116973588596,0.9688450578072922,0.9095559326439024
155,806,-5.3306001989361285,5.3306001989361285,5.324543873540385,True,1.4751442674201212,0.322177778614742,0.8532372173164643,0.21358247370056316,92.0,20.0,1.3021093039494418,3.555897798570966,14.95569138687367,8.752021027909013,403.4647227125184,1816.2187003188208,0.8685000604694608,0.9756533840198316
156,1750,-5.373481676887701,5.373481676887701,5.324066843856812,True,1.3356447594748633,0.3955093067362485,0.8634473829842344,0.24040897665354527,82.0,14.0,1.570394242249805,3.982713046748744,16.286002403227734,12.627830265083137,334.67729371338135,1103.5947896953517,0.9008566113962296,0.9320171447079965
157,3083,-5.373481676887701,5.373481676887701,5.324066843856811,True,1.3356447594748633,0.3955093067362485,0.8634473829842344,0.24040897665354527,82.0,14.0,1.570394242249805,3.9827130467487444,16.286002403227734,12.627830265083137,334.67729371338135,1103.5947896953517,0.9008566113962296,0.9320171447079965
158,587,-5.357299966185142,5.357299966185142,5.324056101930702,True,1.4332956162972295,0.3901070715179943,0.8713155078091993,0.26632794617155964,82.0,21.0,1.3666543885328017,4.376606262772176,12.337440231466468,6.924120348393563,493.13146140958656,1431.6292399073834,0.8833854781647936,0.9869139263297111
159,2408,-5.327987704534167,5.327987704534167,5.323648567814461,True,1.4581606085594905,0.38605399449882544,0.8723043646675028,0.2837070843111933,82.0,15.0,1.0880133033885813,4.398287175151161,19.87665543313227,14.528678170961385,300.8056122309196,1874.1297414079193,0.9904637782738223,0.9234949437095307
160,3132,-5.327987704534167,5.327987704534167,5.323648567814461,True,1.4581606085594905,0.38605399449882544,0.8723043646675028,0.2837070843111933,82.0,15.0,1.088013303388581,4.398287175151161,19.87665543313227,14.528678170961385,300.8056122309196,1874.1297414079193,0.9904637782738223,0.9234949437095307
161,1806,-5.360124001670999,5.360124001670999,5.323607480447249,True,1.512549290909173,0.3903679479452634,0.7732103483851408,0.10321304024010888,66.0,16.0,1.6119585201721476,4.170550701442467,14.519316261426356,10.429613595002438,423.7841329709489,1652.6974770182576,0.9127987884132617,0.8291814607511812
162,290,-5.350895772742386,5.350895772742386,5.323479568491526,True,1.474606292312536,0.36952576251686986,0.67651863385564,0.12554349105529428,80.0,22.0,1.4008996224489354,3.4872238316656157,17.06522060618155,9.717421412259785,382.71700620569754,1620.4873540171532,0.9364286298600524,0.844993048605492
163,1176,-5.32934211621567,5.32934211621567,5.322808950287255,True,1.3793879216476888,0.3533412422422366,0.7897525926221447,0.2529202378894574,85.0,15.0,1.3465468448333109,2.1725113682299053,15.164352622916955,8.547551463326862,402.8656273804383,1345.2306728488152,0.8322456802103233,0.8565103226662316
164,285,-5.346296044875198,5.346296044875198,5.322588067714374,True,1.436744021384081,0.345709578532754,0.8081654386445368,0.09258011943731824,94.0,16.0,1.4303770152400976,3.4783456471876075,13.599925208469305,10.10343567416858,407.44762781102196,1044.5882369670535,0.9220106136385098,0.940618354295372
165,2424,-5.368757784990152,5.368757784990152,5.322586183275893,True,1.4293923985811234,0.3875452767748673,0.8807321336101597,0.20712368451751276,84.0,17.0,1.445596323141704,3.52863245014157,19.27826310636821,14.539143819314535,247.71984149754223,1698.6235310364223,0.8976356687757957,0.953595770837522
166,2344,-5.3280556593782755,5.3280556593782755,5.322312588078603,True,1.4486770738544728,0.39366755202703596,0.8843255857294635,0.27242562048264896,85.0,17.0,1.211555855760609,3.7454738369004037,18.944081232234453,8.859286210952643,368.10502679312106,2700.297669177617,0.954678942834978,0.9146300776935551
167,0,-5.4293300284162465,5.4293300284162465,5.321945505902718,True,1.51757569237085,0.37697261650416986,0.8184701076692825,0.14282075433575636,84.0,12.0,1.9872647090289615,3.8100365055173455,16.275447603425928,10.165206487595283,368.75139256616416,1131.853424513311,0.9974409248783018,0.9378586042662074
168,811,-5.390184239473191,5.390184239473191,5.321913301365232,True,1.4702047438877939,0.3796880231599917,0.8305921775694299,0.2353363132457477,83.0,16.0,1.6519450163433278,3.699361375866178,13.60222493888418,10.006204343052094,381.7742236929598,1621.6762006144365,0.8817158998239298,0.969157043012398
169,1966,-5.3644066843839795,5.3644066843839795,5.32177931349802,True,1.475559033785194,0.37781919629258404,0.8350021876221796,0.11334497169870325,67.0,17.0,1.5197562090337733,3.2236658098733786,15.3238285306869,8.842028201973175,387.05451097807725,1398.6957848713682,0.9818961688283431,0.8887422102773684
170,2102,-5.3407757923820895,5.3407757923820895,5.3217625034679195,True,1.3181711081517924,0.38900266594109956,0.8613647514445475,0.25340525644567735,66.0,18.0,1.270725076218629,2.5314699609653726,16.306734760495626,10.729557872445833,346.60152792843553,1396.5718236452287,0.9278290760016684,0.8565609093093993
171,1013,-5.3637168562722115,5.3637168562722115,5.320834411463478,True,1.4599536234146535,0.3905790074640334,0.8816536986061254,0.21722113624948855,71.0,17.0,1.5261530152540883,4.3672092562048,12.911406126576226,9.9333813442927,463.8388529683492,1485.1308648322702,0.7973938824817336,0.9450015956355584
172,3093,-5.3637168562722115,5.3637168562722115,5.320834411463478,True,1.4599536234146535,0.3905790074640334,0.8816536986061253,0.21722113624948855,71.0,17.0,1.5261530152540883,4.367209256204801,12.911406126576226,9.9333813442927,463.8388529683492,1485.1308648322702,0.7973938824817336,0.9450015956355584
173,1839,-5.348786546652354,5.348786546652354,5.320434466136951,True,1.5231641814940584,0.37218660789725505,0.845175689532466,0.1896883485122684,68.0,21.0,1.3232793857302847,4.274954924161177,17.03107112775443,10.448585217198904,359.266113629034,1005.1691103490135,0.9007442142678839,0.8809128508606139
174,791,-5.3349434099143975,5.3349434099143975,5.320262402247753,True,1.3980539292466763,0.39572011413263397,0.8367147196201205,0.20086824987159055,88.0,11.0,1.6163721394396537,3.5939075673209233,20.010074367088,9.701161359419565,359.66524986989805,1755.0086729048946,0.857350345864486,0.8219218848972241
175,2485,-5.335471641162433,5.335471641162433,5.319735928290506,True,1.4400436998403483,0.36884603687849327,0.8245952485080904,0.1613698480426249,89.0,16.0,1.3569371052244592,2.264017657439166,17.66861230124925,12.470055725087686,274.64691929294816,1980.4913813331432,0.9279571014332668,0.9055969458703487
176,284,-5.348763880988463,5.348763880988463,5.31940676625409,True,1.4306075789647459,0.3988845277064298,0.8757508855003437,0.27032942298933477,83.0,14.0,1.2639866196358693,3.6070330775928605,16.353240148138298,10.774341487938383,352.6395148504087,1912.5602662528086,0.9247102987745031,0.9276895791538742
177,908,-5.402172697018932,5.402172697018932,5.318908653847214,True,1.488127062705439,0.35224793630740914,0.8437486056005564,0.1452245461936309,75.0,20.0,1.561119498778075,4.09221107369467,17.79874580263979,10.368864355313555,337.7814778858665,1973.9881902071659,0.8388082756898787,0.9571299414413983
178,2158,-5.355598863896577,5.355598863896577,5.3189059784693535,True,1.455841063215899,0.3670668874479432,0.8836906214383458,0.08109868002706476,74.0,19.0,1.5156177174035874,3.095083059226374,13.760126569039894,10.396992791811012,375.2435794954343,2098.012837625805,0.8797152446570038,0.9411468251128134
179,660,-5.337578753261524,5.337578753261524,5.318625770840668,True,1.4647204357960129,0.34739218741604116,0.8280552066749782,0.26932739285260066,87.0,21.0,1.2083542834371725,4.016773694757909,16.239568555957778,11.638155943290048,365.2903159743272,1700.9721982873082,0.7509331936225185,0.9044744059287251
180,3107,-5.3479805875703965,5.3479805875703965,5.318625551949827,True,1.4506277085175658,0.394092919605418,0.8897654008172098,0.2823145016626729,89.0,18.0,1.3567176050853074,3.5033000543283843,13.738636273682365,10.43798984427596,429.5395433255178,1328.23318275773,0.8615003858435669,0.8581563164452052
181,541,-5.35441059380093,5.35441059380093,5.318333857587504,True,1.4170303408020313,0.39927594546429956,0.8500255247489212,0.16615252566789923,82.0,19.0,1.2789935578382992,4.132868723050299,14.44171443029526,10.702756398876112,371.16363609563393,2229.173105310784,0.8813105509515335,0.9839843220924335
182,738,-5.325803015095056,5.325803015095056,5.317245786900546,True,1.4234163977665397,0.3923924196331659,0.8665103134841565,0.15031152122551167,79.0,16.0,1.1724521087488742,3.673749185670494,15.940672552589183,10.933330725971357,357.0263999048637,2115.6807334607943,0.8553860549241625,0.8856286924971343
183,318,-5.337133834894971,5.337133834894971,5.317241783833787,True,1.5085147609853957,0.35157004100578115,0.8622648759596624,0.17492992663841597,84.0,21.0,1.204005824768862,4.4133357697454265,16.5910175052683,10.58181560061084,419.0016312863404,1447.5883033769114,0.9560976567004611,0.833821593424846
184,992,-5.356279966732202,5.356279966732202,5.316992223886574,True,1.379444532617042,0.39101001969501714,0.8702614668132682,0.2809761951604093,95.0,17.0,1.6246955726358563,4.458800117500363,15.62807646950374,9.63871172856581,424.2201770018862,2078.7937109214836,0.7925051943623393,0.9053969206897013
185,221,-5.336340609222999,5.336340609222999,5.316543240251073,True,1.4922612226281398,0.38049790045270754,0.8709826168358069,0.11073116338138793,104.0,21.0,1.3912220913305335,3.7686064091217686,12.091493515743267,8.919535440474064,498.9196214238224,1083.7115652403857,0.9872032955573345,0.8735178602873456
186,3118,-5.338337254221852,5.338337254221852,5.316449176484481,True,1.4410625490453461,0.38230083469033194,0.7144942730403988,0.18930565384238845,78.0,21.0,1.3225864263391587,3.546614309192858,15.656332105678093,8.291666218725856,377.04692589623164,1893.9924951144333,0.9957223150729978,0.9472085038000919
187,1488,-5.3598460145415245,5.3598460145415245,5.316255652654947,True,1.4719673923576597,0.3743192545205444,0.7491517525599218,0.13926310972029032,78.0,13.0,1.6618307638903504,3.3839262161444785,18.517688355006086,7.751931506400771,399.93088936091397,1543.3219847890614,0.9529793796395878,0.8750570411467036
188,184,-5.319586348577914,5.319586348577914,5.31594267864385,True,1.4575237174821194,0.3804092843978019,0.711994712246755,0.131689096808643,85.0,23.0,1.1931087162696383,3.8385714191019544,15.29688696004669,10.393183757945351,376.2480366709893,1275.8786000791267,0.9555617934262026,0.8960695094796962
189,3137,-5.3247224955603025,5.3247224955603025,5.315458962147524,True,1.4690761322950365,0.39786887431567514,0.6609234850183264,0.11330886791124656,70.0,20.0,1.148055399665902,3.864540223663277,17.372932080846176,12.788673860877287,337.6960904255063,1077.5899569840649,0.8927695566832334,0.8317548701252204
190,3138,-5.3247224955603025,5.3247224955603025,5.315458962147524,True,1.4690761322950365,0.39786887431567514,0.6609234850183264,0.11330886791124657,70.0,20.0,1.148055399665902,3.864540223663277,17.372932080846176,12.788673860877287,337.6960904255063,1077.5899569840649,0.8927695566832334,0.8317548701252204
191,1171,-5.324342212839683,5.324342212839683,5.314896316441839,True,1.5176749081070136,0.3782014874194489,0.8370356500343769,0.25922306936502143,89.0,17.0,1.2011682881678791,2.929500451722358,15.826408395061653,8.821682348351196,402.4668233287074,1382.0631931086316,0.9969861439095201,0.931927414262014
192,1868,-5.345196049924921,5.345196049924921,5.314702613985162,True,1.514728979978361,0.3964332725017288,0.8841655333828453,0.2389041668457322,76.0,17.0,1.3713714303135776,3.878297657520494,15.482214769167397,12.162053780699294,307.30333590321993,1513.2249238477439,0.9609835743010433,0.9224951435270392
193,1593,-5.338133031301105,5.338133031301105,5.314562361395263,True,1.4760524709360865,0.38973016159558044,0.8383741711562743,0.14679764641663323,69.0,22.0,1.2892419337047283,4.402324006436965,15.556786818221612,10.937088399562956,344.81002883348475,1283.3232689982415,0.9220809622180013,0.8967940482719305
194,850,-5.346083650815354,5.346083650815354,5.314129561511516,True,1.4810202300339284,0.39668553221481695,0.8460685521636063,0.24170731904959006,85.0,18.0,1.3304930688885963,3.6253907797162905,16.05570168399754,9.910814586376066,420.92442457903985,2297.5507700359167,0.8993901922947396,0.7960979339571674
195,3110,-5.346083650815354,5.346083650815354,5.314129561511516,True,1.4810202300339284,0.3966855322148169,0.8460685521636063,0.24170731904959006,85.0,18.0,1.3304930688885963,3.6253907797162905,16.05570168399754,9.910814586376066,420.92442457903985,2297.5507700359167,0.8993901922947396,0.7960979339571674
196,3139,-5.32413035332886,5.32413035332886,5.313660835907202,True,1.4413593810709218,0.39788116204344737,0.776734643203483,0.14327721913757932,76.0,20.0,1.5763955230272972,3.0917229925498297,18.216716154939625,11.11481011861932,357.77163343542725,1289.0666139240893,0.9129214202885658,0.8043372385530264
197,2470,-5.3285109080979165,5.3285109080979165,5.313025014919651,True,1.4707767424696458,0.3734836689626467,0.8361439517150164,0.11103956699185595,74.0,17.0,1.471325617758119,1.8048163382658258,14.91432570816486,11.748794334692128,296.3062322600349,1076.6526630608691,0.9733007789985664,0.8804302516818707
198,293,-5.350765968084309,5.350765968084309,5.313021964595126,True,1.5028871158071262,0.3742094658446598,0.7219395661680362,0.11075100841852055,64.0,19.0,1.362988437769338,3.3397875324575743,19.488053304292716,11.996963071584052,346.819002376518,1325.6552735281186,0.7984010729576709,0.7856715941677479
199,706,-5.33293818242038,5.33293818242038,5.312716210204554,True,1.5062266160696747,0.394983996329007,0.8553473551765773,0.15671835747455498,87.0,16.0,1.330979956779629,2.5462952881348206,13.82526611369485,7.36733118672555,465.1932421624937,1180.1655358793037,0.9819775104831778,0.9187170504348068
200,153,-5.330537273925708,5.330537273925708,5.312716075832872,True,1.3440989480119847,0.3993427946361502,0.8729181306462255,0.16457799284138877,76.0,23.0,1.1348020784284252,4.284100882258552,15.887237060980885,10.176335645373324,426.1364738307235,1413.8061038304518,0.9032701835102808,0.8451041256439166
201,759,-5.365447976401687,5.365447976401687,5.312152953072462,True,1.4628891727693023,0.35026466746339135,0.8925029103078956,0.2342289332606987,82.0,18.0,1.3476655200177123,4.080994881258735,15.779499951450157,12.436394330864944,320.87921573805096,2209.0370519426083,0.8715517350088693,0.9996893510524081
202,3090,-5.365447976401687,5.365447976401687,5.312152953072462,True,1.4628891727693023,0.35026466746339135,0.8925029103078956,0.2342289332606987,82.0,18.0,1.347665520017712,4.080994881258735,15.779499951450157,12.436394330864944,320.87921573805096,2209.0370519426083,0.8715517350088693,0.9996893510524081
203,3091,-5.365447976401687,5.365447976401687,5.312152953072462,True,1.4628891727693023,0.35026466746339135,0.8925029103078956,0.2342289332606987,82.0,18.0,1.3476655200177121,4.080994881258735,15.779499951450157,12.436394330864944,320.87921573805096,2209.0370519426083,0.8715517350088693,0.9996893510524081
204,2538,-5.326045391245692,5.326045391245692,5.312059538099066,True,1.5183806160479523,0.3682616269234455,0.8860800760060508,0.1884430937409739,85.0,17.0,1.3265261416037535,3.3246220480708075,14.42327891569263,8.813849117169967,366.013564557665,1660.4101982727866,0.9141709176322721,0.9561822653839508
205,492,-5.317019986114911,5.317019986114911,5.311507275602351,True,1.498955242684628,0.3683042803471598,0.8006690890908343,0.11113788385509646,73.0,22.0,1.4690084444207656,3.438321868391045,17.62506260867928,12.394605987172868,319.0768938061241,1319.0875281243616,0.7299917726959613,0.943716596460084
206,3150,-5.317019986114911,5.317019986114911,5.311507275602351,True,1.498955242684628,0.3683042803471598,0.8006690890908343,0.11113788385509646,73.0,22.0,1.4690084444207654,3.438321868391045,17.62506260867928,12.394605987172868,319.0768938061241,1319.0875281243616,0.7299917726959613,0.943716596460084
207,251,-5.331292976164965,5.331292976164965,5.311331858207618,True,1.4699642574657659,0.3827063814963001,0.881812577682512,0.19451457369246902,95.0,12.0,1.182208801681096,3.7864648544735826,20.085601154978832,11.032460060928779,309.2760109175901,2000.8217654716384,0.9233452001936245,0.9745042595037312
208,163,-5.318568366052819,5.318568366052819,5.311302477039583,True,1.4818504530638372,0.3992155788138324,0.7060671642847336,0.14987174511062423,65.0,18.0,1.1100871651363082,2.597209016804837,17.701770635663433,9.89386784574503,329.033112915389,1328.8945706094823,0.9559095553132388,0.939042288449332
209,301,-5.325790659064584,5.325790659064584,5.311240012885111,True,1.3764090267560223,0.38022281116468193,0.7886264385357408,0.12681342466466222,88.0,13.0,1.4155906860828877,3.623770444990081,17.88359770965835,10.698185223840925,370.7171015748512,1175.7877179560908,0.9526685316109231,0.7746942437764217
210,911,-5.349709873137514,5.349709873137514,5.310920642492247,True,1.4643779699245802,0.38898109310916384,0.8525022553543044,0.14448583070326643,80.0,13.0,1.5453214771835193,3.335364097286093,20.808626093636985,11.230768407592159,339.818823582419,1806.6879819354158,0.8116019691772169,0.7494895271020524
211,3152,-5.316172226649715,5.316172226649715,5.310908344609289,True,1.5217724448810896,0.38196333208352723,0.83866271400922,0.18625635376079458,74.0,22.0,1.4928254753986636,2.9848811912791318,14.425636672163037,11.083234164862661,366.38722138045034,2897.183937017246,0.8422522508829302,0.8761867953826954
212,121,-5.3455653142426325,5.3455653142426325,5.310817655990077,True,1.4636245168745408,0.3943390126993646,0.7917047110708977,0.18349886171721802,76.0,21.0,1.2925111071984778,4.368901476613761,15.103173487316633,9.933396677078749,387.40633787921985,2755.5152677928645,0.8589095609810458,0.9241375005300241
213,538,-5.354555856702447,5.354555856702447,5.310786064330689,True,1.5166189289192187,0.33667290770931196,0.8993488842176346,0.197149578816182,60.0,19.0,1.281142481032183,3.1544289466947397,14.740705639123917,9.397056781783391,448.9949679564246,2170.6054923416373,0.8439159013582485,0.7977938971834501
214,1584,-5.335912488591872,5.335912488591872,5.310588257394585,True,1.495227129751129,0.3792418309436512,0.8710274526946704,0.19299551479822769,72.0,16.0,1.280351781114753,4.064651065663436,15.987429022237386,11.45576071438062,360.1279336939336,1510.8407317875167,0.9847637143338996,0.8126381012132156
215,3032,-5.313085602327707,5.313085602327707,5.310363214247401,True,1.3455398680824506,0.3883155399977575,0.8327418568562134,0.14782697300379732,86.0,16.0,1.2815449279846254,2.6158177866587176,22.255054060887417,16.256542946439744,243.16671196158927,1136.7866802625313,0.834067946411029,0.7827654980229524
216,764,-5.319343925046768,5.319343925046768,5.310222024965349,True,1.3738493425399934,0.3834144526444861,0.8789712551047376,0.2834539880170812,91.0,13.0,1.1559397166280774,3.9288841960456407,18.377849542878902,12.777071342310471,355.30125310549016,2359.8708850526587,0.8315022447361219,0.7674160323234724
217,3143,-5.319343925046768,5.319343925046768,5.310222024965349,True,1.3738493425399934,0.3834144526444861,0.8789712551047376,0.2834539880170812,91.0,13.0,1.1559397166280774,3.928884196045641,18.377849542878902,12.777071342310471,355.30125310549016,2359.8708850526587,0.8315022447361219,0.7674160323234724
218,140,-5.318090624183681,5.318090624183681,5.309886134637171,True,1.513261112650546,0.30855716003266626,0.8489598465830801,0.13492203704064748,68.0,21.0,1.0139352938014505,3.3877822289618194,14.229977143984945,10.494486156944408,422.79610702318513,1288.7112300737135,0.9179476022077411,0.9490320210723041
219,3147,-5.318090624183681,5.318090624183681,5.309886134637171,True,1.513261112650546,0.30855716003266626,0.8489598465830801,0.13492203704064748,68.0,21.0,1.0139352938014503,3.3877822289618194,14.229977143984945,10.494486156944408,422.79610702318513,1288.7112300737135,0.9179476022077411,0.9490320210723041
220,1001,-5.337736805473352,5.337736805473352,5.309857951626684,True,1.4846352861019685,0.363274174591601,0.8902754446986323,0.18634280116232402,79.0,16.0,1.2887837284720811,3.297994785434402,19.931696666331508,11.3537890873995,369.3377398607756,1204.8374550724957,0.8380196326228357,0.7639807979520212
221,572,-5.316146471141835,5.316146471141835,5.3097989331546795,True,1.4611404159846177,0.37946919234723053,0.8905895964319843,0.2691539694404921,73.0,20.0,1.1304902377985644,3.977726547629674,14.83030892624996,11.138602848500325,380.0244868617616,2542.9923800239885,0.9050887717410079,0.8493125219193771
222,3153,-5.316146471141835,5.316146471141835,5.3097989331546795,True,1.4611404159846177,0.37946919234723053,0.8905895964319843,0.2691539694404921,73.0,20.0,1.1304902377985642,3.977726547629674,14.83030892624996,11.138602848500325,380.0244868617616,2542.9923800239885,0.9050887717410079,0.8493125219193771
223,1257,-5.324062874493752,5.324062874493752,5.309760685981827,True,1.4852864010565274,0.37351726014881215,0.867889669577396,0.15144930399772896,100.0,20.0,1.3465333359847556,2.6811735978889577,13.5642241140897,6.399164644238511,488.7601272068598,2093.592882348673,0.9679068618394073,0.9172976521632821
224,3130,-5.329863570964079,5.329863570964079,5.309458925192711,True,1.4292147402859663,0.3858796238531964,0.7796063182809962,0.27629277985729583,70.0,16.0,1.7550861147053398,2.756458789746383,18.781563928525056,10.269656805374167,305.2404612116405,1864.1273829226316,0.8492885594952113,0.9203787343126698
225,2944,-5.37917453690142,5.37917453690142,5.309216742032509,True,1.4956425480234863,0.337638580819275,0.8312644762089034,0.10813542531173231,83.0,15.0,1.3526812157407806,4.446734720346682,14.216818774872685,9.938183643006179,472.0487621482043,1454.1636576572962,0.8423440445496373,0.8996365547051288
226,1809,-5.322371191335607,5.322371191335607,5.306707724356242,True,1.3780066930135002,0.3935535180763742,0.8907233327733395,0.20983842051242335,70.0,19.0,1.4015576184674416,2.4348359098082213,14.3889479766238,11.206787752190221,344.9389505978437,1087.3037998761965,0.9457936725125105,0.7958753366256658
227,3140,-5.322371191335607,5.322371191335607,5.306707724356242,True,1.3780066930135002,0.3935535180763741,0.8907233327733395,0.20983842051242338,70.0,19.0,1.4015576184674412,2.4348359098082213,14.3889479766238,11.206787752190221,344.9389505978437,1087.3037998761965,0.9457936725125105,0.7958753366256658
228,3141,-5.322371191335607,5.322371191335607,5.306707724356242,True,1.3780066930135002,0.3935535180763742,0.8907233327733395,0.20983842051242335,70.0,19.0,1.4015576184674414,2.4348359098082213,14.3889479766238,11.206787752190221,344.9389505978437,1087.3037998761965,0.9457936725125105,0.7958753366256658
229,1991,-5.3303634480677005,5.3303634480677005,5.306384445289291,True,1.3278425659337898,0.37475814689169507,0.8977297349077447,0.2646305263799433,92.0,17.0,1.2742823604103202,2.9956216991702758,13.542870627543216,7.581439841750267,442.80206263986884,1165.9898272946116,0.9685773913949761,0.9939844966807146
230,2268,-5.381405029226251,5.381405029226251,5.306369196232222,True,1.4519434543608822,0.39437024217668915,0.7857729541223917,0.1476835775378635,70.0,16.0,1.6148387951692416,4.429861833756473,16.283149084928773,12.774218481578247,333.7316133618806,1735.2547323240178,0.9194337674689549,0.9728341003200713
231,3076,-5.381405029226251,5.381405029226251,5.306369196232222,True,1.4519434543608822,0.39437024217668915,0.7857729541223917,0.1476835775378635,70.0,16.0,1.6148387951692413,4.429861833756473,16.283149084928773,12.774218481578247,333.7316133618806,1735.2547323240178,0.9194337674689549,0.9728341003200713
232,762,-5.31658646842541,5.31658646842541,5.306131738216969,True,1.3663962381356707,0.3983913427666807,0.8981295609900815,0.2881823876110926,91.0,13.0,1.1421772424005294,3.9497834243569168,18.44849442409208,13.0107517162603,353.02146595684604,2358.329439247183,0.7685085951519568,0.7575691701761204
233,3151,-5.31658646842541,5.31658646842541,5.306131738216969,True,1.3663962381356707,0.3983913427666807,0.8981295609900815,0.2881823876110926,91.0,13.0,1.1421772424005292,3.949783424356917,18.44849442409208,13.0107517162603,353.02146595684604,2358.329439247183,0.7685085951519568,0.7575691701761204
234,3148,-5.3172505424422045,5.3172505424422045,5.30597429884411,True,1.4646428382299854,0.3920432570582442,0.8875814267708041,0.20005479900257625,87.0,22.0,1.1528469359892697,4.243408511474558,17.63040536688616,11.497455075023636,399.9587404494016,2132.49375927317,0.8588350208924274,0.7422683741238686
235,1015,-5.395622355341568,5.395622355341568,5.30562850308149,True,1.4182206281531577,0.39626596522550084,0.7335710586897879,0.2064813218568049,71.0,19.0,1.5268466890232741,3.4273528668813316,15.531529549067791,9.278625934699313,397.42294873055636,2197.9726044897343,0.8477560335956325,0.9290113191367628
236,2898,-5.329893009150458,5.329893009150458,5.304836914197225,True,1.5161071444932575,0.3764477794673322,0.7770848998550226,0.15319591639973404,84.0,11.0,1.6073254557118244,4.449232412634936,15.219444572449607,12.055492401289358,394.0735321222205,1142.6231383633344,0.8478196057226863,0.8575358068586272
237,3009,-5.30892741704093,5.30892741704093,5.304772770679832,True,1.4690213418755131,0.3879498283449516,0.7906575621686898,0.09469397765301878,84.0,20.0,1.1387491979785789,3.34638738298084,15.238146586665978,8.895221197604315,456.22793911691286,1315.547465635318,0.8954782013235658,0.8087817734313436
238,833,-5.397456579641291,5.397456579641291,5.304384583576814,True,1.5039684587111355,0.35400639639034803,0.8342674762257061,0.21590173951327554,75.0,19.0,1.5789734165730207,4.003807420841238,15.632026121706918,9.852899373353123,358.54197617447574,1809.360777247935,0.8795699915310142,0.9818312812448604
239,281,-5.3186140857642155,5.3186140857642155,5.304361390999771,True,1.454917972656371,0.3853889105301921,0.7501936414247056,0.21661638948722267,90.0,19.0,1.2896269322147553,2.5158743170894433,15.482042059975676,8.660336224166624,454.0361329788451,1124.642349711037,0.7565156665812103,0.7794394989635332
240,3127,-5.331745265070424,5.331745265070424,5.3038255083802515,True,1.3162989083075618,0.3990011763313476,0.8569358683826259,0.23866849825716435,86.0,16.0,1.2430016889594628,3.9108319106359097,15.176264574606902,11.056543343346286,408.683821926318,1326.9455213181504,0.9837949811085334,0.8073971661037193
241,3128,-5.331745265070424,5.331745265070424,5.3038255083802515,True,1.3162989083075618,0.3990011763313476,0.8569358683826259,0.23866849825716435,86.0,16.0,1.243001688959463,3.9108319106359097,15.176264574606902,11.056543343346286,408.683821926318,1326.9455213181504,0.9837949811085334,0.8073971661037193
242,1526,-5.368898267679288,5.368898267679288,5.303742494236234,True,1.481271773580728,0.38536860363303305,0.7601967104242664,0.2434988955993609,73.0,18.0,1.6655712520419301,2.9791188976226755,15.076999431563301,8.919534684295543,430.67536501674635,1063.4411731252274,0.7578299869164127,0.8340466354461626
243,1629,-5.310380392484392,5.310380392484392,5.303714048717426,True,1.5044823906466882,0.3796000339800161,0.8343608746323462,0.13585853549375998,77.0,15.0,1.1228058874808577,2.996833956561317,12.887490537491853,8.437696251951426,471.2574803634843,1525.8788472958508,0.8810833713626545,0.8693066417642713
244,2543,-5.308684623567032,5.308684623567032,5.303557547320775,True,1.4136719075840452,0.3636132519532066,0.8423967322574856,0.19355447136775092,91.0,20.0,1.1382313280026901,2.9553431970389545,13.93291385551548,10.422777458354512,408.9273011031373,1092.4882781404926,0.8240789858122131,0.8939457425872634
245,3168,-5.308684623567032,5.308684623567032,5.303557547320775,True,1.4136719075840452,0.3636132519532066,0.8423967322574856,0.19355447136775092,91.0,20.0,1.13823132800269,2.9553431970389545,13.93291385551548,10.422777458354512,408.9273011031373,1092.4882781404926,0.8240789858122131,0.8939457425872634
246,3164,-5.3094530937779645,5.3094530937779645,5.3031945044235975,True,1.4283579014405012,0.37465571800317843,0.8729181306462255,0.16457799284138877,87.0,23.0,1.134802078428425,4.138713626851292,17.01520667363446,9.841700342033123,422.837758140535,1674.8833296096393,0.9032701835102808,0.7709647275080864
247,3165,-5.3094530937779645,5.3094530937779645,5.3031945044235975,True,1.4283579014405012,0.37465571800317843,0.8729181306462255,0.16457799284138877,87.0,23.0,1.1348020784284252,4.138713626851292,17.01520667363446,9.841700342033123,422.837758140535,1674.8833296096393,0.9032701835102808,0.7709647275080864
248,368,-5.316296296554589,5.316296296554589,5.303114714858853,True,1.4665843588038205,0.3862933307615605,0.7488937965101088,0.15472518682099407,73.0,19.0,1.1187583800257268,4.194162257227676,12.661446973481528,9.105827118192884,441.9796393244484,1372.2772310577948,0.929319890462172,0.916435935796897
249,622,-5.305459273145495,5.305459273145495,5.30310255365169,True,1.500422205175168,0.3731864542832041,0.8577240314677084,0.2863786590411296,93.0,20.0,1.0410619104200634,3.360414243466211,15.460292785622798,9.896776748078553,376.5325457721825,1904.6108724087974,0.8700340535163317,0.9987641801357002
250,2159,-5.3209881441856925,5.3209881441856925,5.302935405949643,True,1.432808958773699,0.38137600522320725,0.8851054332920745,0.12747537436945944,92.0,16.0,1.7323840493348102,2.821953531503457,15.258477124047234,9.303422212119507,361.1658354848041,1314.7670002216523,0.9089033440318147,0.8869032398483
251,1917,-5.32573387048578,5.32573387048578,5.301901392805604,True,1.5133675430654003,0.3865331355285947,0.8325007989742487,0.08457710966441008,81.0,16.0,1.120472630755709,3.5143519190381145,16.079639852511754,9.174143563974667,408.01610883785406,1710.6772038323172,0.9769512798180113,0.9210359819318246
252,1548,-5.313181473090862,5.313181473090862,5.301864012694346,True,1.5162917416374482,0.3530365536187692,0.8949823192076942,0.20902830825728863,67.0,22.0,1.5613940708371759,3.2369083388804465,14.179468689220347,8.512362456751717,468.42408891729275,2005.4092465870276,0.9043316787299083,0.8110855519928164
253,2749,-5.3618486637207425,5.3618486637207425,5.301839162335599,True,1.515656252144176,0.3800217462216394,0.812900615196617,0.13268173998406468,74.0,13.0,1.7508790773918705,3.3970483437988044,14.978600499457269,8.220861258489277,430.18818852803076,1263.5221569045912,0.9630212120641466,0.9082937699982672
254,1340,-5.310829547712176,5.310829547712176,5.301567127058119,True,1.3978029232946716,0.3750190254467793,0.8505189836242817,0.2207994109787062,98.0,21.0,1.1408065168894617,3.3787280416179195,17.887462525023764,9.862969546583487,378.61441135832007,1781.1096433838547,0.8863006654853607,0.8607519952945089
255,2410,-5.356068490907771,5.356068490907771,5.301212854615532,True,1.4834308642628908,0.39800475484208897,0.8858309755954554,0.18696701799505952,80.0,22.0,1.398489318621414,3.499808208293512,19.60443174022161,14.162544372509153,242.82749496547638,1691.3709728136964,0.8274458782248173,0.9415845176808157
256,3125,-5.3318538202603865,5.3318538202603865,5.300801313657585,True,1.4555714663125312,0.37025071389191266,0.7996902032489102,0.08073007611390833,75.0,18.0,1.2306268331362906,3.0351149119975993,13.344979024294142,9.399294485231955,400.65633809465294,1866.9946793780484,0.8527422099267201,0.9437823196821016
257,3126,-5.3318538202603865,5.3318538202603865,5.300801313657585,True,1.4555714663125312,0.37025071389191266,0.7996902032489102,0.08073007611390834,75.0,18.0,1.2306268331362908,3.0351149119975993,13.344979024294142,9.399294485231955,400.65633809465294,1866.9946793780484,0.8527422099267201,0.9437823196821016
258,2624,-5.328050742026823,5.328050742026823,5.300185125799201,True,1.4456470447728345,0.38587153805992647,0.7877942434410621,0.08516451241644489,76.0,13.0,1.317927928790036,2.231162755649475,12.43825820995057,9.802944504878816,372.41114157131767,1366.1195021890685,0.9664903848786467,0.9943446891976373
259,2523,-5.318470757220538,5.318470757220538,5.299708104531003,True,1.4920906280187625,0.3872996215732721,0.7708638172663507,0.1659214519736543,85.0,26.0,1.2885906023472822,2.700024043832122,17.463461607844934,12.394104113205046,252.41266483939307,1771.985724552674,0.9967440144684399,0.9788800084892655
260,3145,-5.318470757220538,5.318470757220538,5.299708104531003,True,1.4920906280187625,0.3872996215732721,0.7708638172663507,0.1659214519736543,85.0,26.0,1.288590602347282,2.700024043832122,17.463461607844934,12.394104113205046,252.41266483939307,1771.985724552674,0.9967440144684399,0.9788800084892655
261,3146,-5.318240201937111,5.318240201937111,5.299147529015249,True,1.4457581684585676,0.38571045425258405,0.7963944689880262,0.1407792803177732,85.0,23.0,1.370998647585514,3.2039805937758423,14.051408786234436,10.519322264727208,389.60378645455523,2271.6308873154258,0.8242076126176038,0.8635917891769538
262,2239,-5.2996609042544796,5.2996609042544796,5.2989391545850255,True,1.4010272199228118,0.3722413514877565,0.7884680059694495,0.2605589218553724,69.0,23.0,0.8707621032536166,4.104292643903362,17.380772251751374,11.773169381238953,397.7349008727135,1133.4950061348752,0.8200892399599582,0.8864271744660328
263,810,-5.299749753837341,5.299749753837341,5.298862952388516,True,1.472162883304004,0.39876976232716754,0.8038661623092812,0.25835213690436576,82.0,22.0,1.1108622420831977,3.805907965114076,16.83339330878128,11.525759616435506,301.12883689183656,2195.7281179703227,0.9038821126658557,0.9196385654152062
264,94,-5.356305198544984,5.356305198544984,5.298502994298451,True,1.4424038209788845,0.3657813653865748,0.8075542951849018,0.15409536417444858,76.0,14.0,1.4176753105026962,4.334780145275216,17.60199892093148,11.135368993422638,405.06810064903016,1016.727725478195,0.8454238372854833,0.7354973179895165
265,614,-5.3452375744650125,5.3452375744650125,5.2982293540954295,True,1.4518525827644555,0.39401126013039917,0.8741079628118298,0.21469578843235104,82.0,21.0,1.2470772520574154,3.439741618943844,17.413315345486563,10.029366437331145,347.87485840551665,1822.0039918465666,0.7864912882174799,0.9535475299620315
266,1244,-5.356236466423935,5.356236466423935,5.298107921345842,True,1.3462350120115332,0.39448163173996303,0.8158298466797986,0.2246143169154892,70.0,18.0,1.373681006660609,2.5289892181125,17.95970438749631,8.373589059103379,332.6513954763254,1588.405840595587,0.9744572377250065,0.9969376265475105
267,1349,-5.299444704761446,5.299444704761446,5.2979592090125935,True,1.4402079902243745,0.38208813018105725,0.8015146885599228,0.2413553683408352,76.0,21.0,1.0839753966847734,3.5215732474388837,16.164222679858845,7.423653046461286,420.96599281183217,1355.8494756306854,0.9071554624065827,0.9089502911559546
268,1116,-5.373810824428688,5.373810824428688,5.297724923802593,True,1.4327404494363383,0.38490194924813276,0.811399586591821,0.2893556396493568,86.0,17.0,1.5624569125320222,2.939876275969093,16.490672688731138,6.862840734450523,401.4304352081216,1764.4874689813398,0.8802993977063654,0.9755514922514716
269,3082,-5.373810824428688,5.373810824428688,5.297724923802592,True,1.4327404494363383,0.38490194924813276,0.811399586591821,0.2893556396493568,86.0,17.0,1.562456912532022,2.939876275969093,16.490672688731138,6.862840734450524,401.4304352081216,1764.4874689813398,0.8802993977063654,0.9755514922514716
270,2152,-5.3375726716689655,5.3375726716689655,5.297406782473952,True,1.5027913421476982,0.38811636957743345,0.8195581056208351,0.17746353529723852,73.0,17.0,1.24134643051936,3.9057378646515946,18.872363320526333,11.49676087261504,335.11852964207014,2025.1931145924768,0.9508185701483225,0.8189020501162043
271,3169,-5.308502159029118,5.308502159029118,5.297304922390559,True,1.4746992707190096,0.3934665631629569,0.8401151532128013,0.1978111049745508,84.0,21.0,1.4716626326553524,3.6070330775928605,16.298656311134234,10.774341487938383,333.4060631265378,1912.5602662528086,0.9859979211308033,0.877482643588269
272,2018,-5.326393489391728,5.326393489391728,5.297186992147303,True,1.490842866043439,0.3884805960428541,0.884073061807542,0.09976312707096273,80.0,16.0,1.2289203252614977,4.2830481725819,15.449357571898053,11.646259631809912,386.27463172168495,1636.1893427303598,0.9935909824081638,0.772343129051434
273,1602,-5.299232920649939,5.299232920649939,5.297096612240188,True,1.402799510831931,0.34442068481203014,0.8377778799236654,0.09229738702010211,84.0,16.0,1.3021096425255114,3.207346842032915,14.289028477166177,9.600126825556274,394.5766981483751,1903.3322867809811,0.9645172963022391,0.9469860057360076
274,573,-5.315085497148123,5.315085497148123,5.296870900359897,True,1.4065966158112684,0.399990343910855,0.8327206389996916,0.28485218629101,77.0,25.0,1.0820701357231655,3.232171502037814,14.657835010582753,7.169445027464983,463.51165360265855,1506.807954945249,0.858259566581717,0.9858448487863032
275,586,-5.3174232814226485,5.3174232814226485,5.296863175843415,True,1.4093050632201936,0.3904018488248455,0.8568246961864394,0.24790222989100136,75.0,18.0,1.3700476317852517,1.690991179277908,15.35494422956835,12.089951357196721,323.962007569736,1740.0794132781878,0.8607850758326562,0.7620477502909456
276,1058,-5.3016625225120615,5.3016625225120615,5.2967019789716,True,1.5148679197005162,0.3812127060666614,0.7413284055864202,0.26801640800874416,89.0,22.0,1.395852262346636,3.0609068168965448,12.882135271500566,8.00368826946067,445.86984814431537,1672.0204330202378,0.871369254472131,0.8777169325945968
277,302,-5.371136332592077,5.371136332592077,5.296662028208126,True,1.5044150365187972,0.34962084143026506,0.857281968650834,0.1715210182380253,61.0,18.0,1.4667702269409015,2.863552411027497,15.054352958680308,8.930809363744618,390.13305584317675,2191.49302191142,0.9852815975610713,0.9639088801495602
278,828,-5.316873823305726,5.316873823305726,5.296229135027527,True,1.4799888738254228,0.3876773399232767,0.8881781330332266,0.2813971749144581,73.0,17.0,0.9606567272070166,4.0761012434552795,12.657879665515907,10.11861757408002,465.182522239777,1734.5285384672138,0.8860270259744724,0.9680395915731479
279,769,-5.305658805232989,5.305658805232989,5.2960292552733526,True,1.5239316505437122,0.39884717773801753,0.8791920847254812,0.19219503109666988,99.0,13.0,1.132686830830374,3.022994765087389,19.905963967160552,9.404920617747694,320.5561444071627,1354.6981252630321,0.8391969721898186,0.9967480218600762
280,3065,-5.3254200817903214,5.3254200817903214,5.295847829497879,True,1.480062989055438,0.3956743320752234,0.8551425064356537,0.22210157396130586,81.0,16.0,1.1912465960558944,4.2676621448651115,15.751632141195712,11.61066960481687,380.21168344487074,1768.2319563866301,0.8651834325459347,0.8072694479189291
281,2757,-5.3182501439185526,5.3182501439185526,5.295643421117693,True,1.495769117162244,0.38052327231614846,0.859472086616706,0.2794381069951035,97.0,15.0,1.4453487902923705,2.7983874834891758,12.530388520772156,7.580883467267752,433.53480323956796,1429.4244004711372,0.8851973532924533,0.8858396643327179
282,2407,-5.314237688198363,5.314237688198363,5.295304093300501,True,1.4617568223100874,0.3762201120323412,0.7871766278122885,0.28686025264228615,76.0,25.0,1.217722581830565,2.846537475041502,16.889680582775284,12.374582913570523,294.29522915006226,1410.3615082791819,0.8181958525752681,0.8844474960209687
283,144,-5.349686123655589,5.349686123655589,5.29495387746676,True,1.4413593810709218,0.39788116204344737,0.776734643203483,0.1974493676270253,64.0,16.0,1.5763955230272972,3.0917229925498297,16.67397506689577,11.11481011861932,357.77163343542725,1289.0666139240893,0.9129214202885658,0.8043372385530264
284,2237,-5.3414255356427685,5.3414255356427685,5.29464536909409,True,1.4536381918022556,0.3982396765169129,0.8959449298946555,0.18940159662477585,90.0,11.0,1.4884934300636097,3.794813891254921,19.09139563901654,10.992159013326512,292.9066480367113,1381.569484372208,0.9866107035255682,0.9777047686471214
285,1618,-5.312907850250238,5.312907850250238,5.2942560098190885,True,1.48933580629617,0.35324716603899636,0.8776480928604411,0.10428940793976797,89.0,15.0,1.2372992434259915,3.476048313559777,17.95369710445838,10.735337106160069,339.8471852107596,1526.6633821866642,0.9818109048282431,0.8108653831354176
286,2972,-5.351252269414244,5.351252269414244,5.294113856523928,True,1.4544992577520235,0.3901211147014596,0.7485113174328109,0.08698370474151015,78.0,16.0,1.705053060969783,3.4512885888993003,14.482691323825339,7.316466903119003,446.3591351762402,2280.9032457143353,0.849798496062213,0.9820443185644578
287,3105,-5.351252269414244,5.351252269414244,5.294113856523928,True,1.4544992577520235,0.3901211147014596,0.7485113174328109,0.08698370474151015,78.0,16.0,1.705053060969783,3.4512885888993003,14.482691323825339,7.316466903119004,446.3591351762402,2280.9032457143353,0.849798496062213,0.9820443185644578
288,962,-5.2974881046475835,5.2974881046475835,5.293998427227704,True,1.521327819695665,0.37983702900640676,0.8329901974560083,0.23720187187034864,77.0,17.0,1.0766689207215723,3.780343098084302,13.691155372407444,10.33012726622982,404.49894311476714,2236.6628144088713,0.8653111107824052,0.8402676761986974
289,465,-5.306168311859681,5.306168311859681,5.293473513431653,True,1.4323748396156097,0.36232356190750725,0.8162835326057187,0.13384259062565163,88.0,13.0,1.080908889745191,3.3182948172635065,15.56801446284406,10.023610670317838,367.75401906664376,1372.1293816889392,0.9438662711388233,0.946765422850062
290,3123,-5.3336554819328335,5.3336554819328335,5.293045359711156,True,1.3462350120115332,0.3855832004091281,0.8158298466797986,0.2639696007286323,70.0,17.0,1.4840448317633126,2.5832553479854736,17.54387010394267,8.209535213243884,353.78684485365613,1805.6429645770288,0.9248628927711917,0.9308764885396222
291,112,-5.308773293354041,5.308773293354041,5.29284401720478,True,1.453125376837328,0.3996498612625809,0.8536860388187162,0.1167499502237282,73.0,18.0,1.2863507526265532,4.063756336512563,14.749589938424727,7.899729628310864,424.12790190544274,1538.1268641581976,0.95258437779093,0.8144824269474793
292,2167,-5.303536072595314,5.303536072595314,5.2928194385559335,True,1.482858312895115,0.3760020215355926,0.821745985717526,0.09253933894569502,69.0,15.0,1.1916397465408635,4.224204045397036,14.907743492927827,10.112197504203351,413.1638037792946,1485.7158120946901,0.9502629005539496,0.9467593596425852
293,1636,-5.3660356149925885,5.3660356149925885,5.292785107623807,True,1.4625572096099244,0.3947270658255929,0.8124106928528527,0.21045417229900876,63.0,19.0,1.4272570528910904,2.301081471928977,15.358019663232202,10.373063814170179,315.11135732190724,2038.0199328035706,0.9813021981952246,0.9918471796468116
294,3089,-5.3660356149925885,5.3660356149925885,5.292785107623807,True,1.4625572096099244,0.3947270658255929,0.8124106928528527,0.21045417229900876,63.0,19.0,1.4272570528910902,2.301081471928977,15.358019663232202,10.373063814170179,315.11135732190724,2038.0199328035706,0.9813021981952246,0.9918471796468116
295,72,-5.30865401461011,5.30865401461011,5.292100091135946,True,1.501455208403774,0.3715552211430105,0.735092425048129,0.18434773509896826,77.0,24.0,1.1257684784941375,4.15589126043702,18.516554444461157,10.111363095173134,361.02301378072684,1011.7188952192828,0.9589605433399502,0.9250933159852053
296,2628,-5.297761403423536,5.297761403423536,5.291743009924296,True,1.4868188392615116,0.37507913408995136,0.8397528090846835,0.11913667088063948,93.0,21.0,1.1041410382884127,4.434538308236654,15.489167459309101,9.153055578943247,472.2964793449619,1506.496485447526,0.8599773690785321,0.7582225843038877
297,2433,-5.3485695572591245,5.3485695572591245,5.2915028067187695,True,1.4485058520425602,0.3980874310570688,0.7545951913144237,0.23271223983572115,81.0,18.0,1.2929610071850504,4.126712271970461,23.279783197586852,16.205386996786928,262.28748605463073,1252.401753386136,0.8236935679120327,0.8660479580100325
298,66,-5.323638118322563,5.323638118322563,5.29106882277067,True,1.5187273785713071,0.3714486198799685,0.8596248698932751,0.15287465283491483,80.0,18.0,1.3794686044928783,3.176523387529982,14.066223235059432,8.466902302426021,411.8583273782014,1855.4219331169938,0.9658736459137982,0.8341812923428211
299,3197,-5.29334233182928,5.29334233182928,5.290898402951855,True,1.5066750134805167,0.31515011950422217,0.8467785882944102,0.1203704568232556,71.0,20.0,0.9426308236305934,3.8309808677069666,16.441940516604337,10.16636319862745,407.15311463764823,1426.1212392927373,0.9284377139776658,0.8768932091253913
300,3198,-5.29334233182928,5.29334233182928,5.290898402951855,True,1.5066750134805167,0.31515011950422217,0.8467785882944102,0.1203704568232556,71.0,20.0,0.9426308236305936,3.8309808677069666,16.441940516604337,10.16636319862745,407.15311463764823,1426.1212392927373,0.9284377139776658,0.8768932091253913
301,1079,-5.319163638052087,5.319163638052087,5.290851526712802,True,1.4695629331567428,0.39274845937474545,0.7092978775738816,0.11200970044208135,74.0,22.0,1.1850559577377864,3.055838021261291,16.487081937832695,9.847742870439085,363.2789731391317,1194.6505949913603,0.9340834324647147,0.8859063411267061
302,3144,-5.319163638052087,5.319163638052087,5.290851526712802,True,1.4695629331567428,0.39274845937474545,0.7092978775738816,0.11200970044208135,74.0,22.0,1.1850559577377862,3.055838021261291,16.487081937832695,9.847742870439085,363.2789731391317,1194.6505949913603,0.9340834324647147,0.8859063411267061
303,455,-5.317832827220571,5.317832827220571,5.290598500113179,True,1.4653642935598146,0.3540735246168761,0.8517329707605918,0.16329150791756747,77.0,17.0,1.1829543129780042,3.651748868686573,15.148701850068173,9.165802394124599,449.8514502208409,1199.905523400239,0.9080622412471925,0.8027439116498211
304,2314,-5.312155364215793,5.312155364215793,5.290435607886469,True,1.4665928457603608,0.38613825879032615,0.8631108261068791,0.23494181441145628,85.0,16.0,1.0705351876904372,3.635732359522709,19.383784916454076,15.232537448036805,271.5409395099322,2452.8092348747223,0.9615273469558936,0.9067642677286486
305,3157,-5.312155364215793,5.312155364215793,5.290435607886469,True,1.4665928457603608,0.38613825879032615,0.8631108261068791,0.23494181441145628,85.0,16.0,1.070535187690437,3.635732359522709,19.383784916454076,15.232537448036805,271.5409395099322,2452.8092348747223,0.9615273469558936,0.9067642677286486
306,3162,-5.309527678286184,5.309527678286184,5.29011820418242,True,1.4609222308178926,0.3714356565164766,0.7152876604705017,0.16387466157932887,76.0,20.0,1.1822088016810959,2.7059707336604872,18.702373485742058,8.660529706317403,345.59989411736126,2132.8874713658447,0.905981907658604,0.8778662438502368
307,3163,-5.309527678286184,5.309527678286184,5.29011820418242,True,1.4609222308178926,0.3714356565164766,0.7152876604705017,0.16387466157932887,76.0,20.0,1.182208801681096,2.7059707336604872,18.702373485742058,8.660529706317403,345.59989411736126,2132.8874713658447,0.905981907658604,0.8778662438502368
308,2265,-5.316529505308919,5.316529505308919,5.289896298896094,True,1.5204257337880838,0.39389042058126944,0.7910274811983585,0.18184531146599753,86.0,14.0,1.6157105882576162,2.0566870187953694,16.413585505121805,10.442084324506062,312.5458348358333,1518.649203367791,0.8779667966451755,0.7396774054069746
309,695,-5.326796157741529,5.326796157741529,5.2892464787151505,True,1.4597430562313145,0.3968821573242745,0.8594751537232141,0.23427213272158948,82.0,14.0,1.2819631921381007,4.030516627220456,12.239643310370724,7.707190122144436,476.48500405277474,2178.035491648876,0.945409091767358,0.9953666492288296
310,926,-5.2963013591461205,5.2963013591461205,5.289073700850279,True,1.4574976051891666,0.39111932044170217,0.8539327021104698,0.27774538212721667,100.0,16.0,1.2311770237867248,2.8356614502006314,14.028258273104077,9.711719853336708,425.86872933365976,2445.0547189206236,0.9351465520179408,0.7622870376426034
311,3170,-5.308484205280376,5.308484205280376,5.289023399464541,True,1.3869756569854181,0.3880528123643473,0.854805867357501,0.18827600370449565,92.0,21.0,1.2059344211048624,2.8731432476675316,15.072807214598013,7.021479923813301,465.49148748811365,1156.740352236763,0.9079708530057027,0.884288721034041
312,2891,-5.295986624311996,5.295986624311996,5.288550307228064,True,1.5006255362964436,0.38839860430283707,0.7741235634755048,0.1354308760775425,72.0,15.0,0.9494315796226076,3.6976483724429485,14.876022083217805,8.996592980499747,440.3095133995481,1520.0570592327317,0.9474858970859035,0.9281084332433613
313,40,-5.31509947969973,5.31509947969973,5.288516953642164,True,1.4864770894697348,0.3908767909485684,0.7408394565310249,0.10737371685572804,89.0,24.0,1.3463940300115995,2.648460135168336,18.002425053388638,9.602994605611103,338.0798480218214,2517.945803774935,0.8845634948008841,0.9302128455942067
314,3155,-5.31509947969973,5.31509947969973,5.288516953642164,True,1.4864770894697348,0.39087679094856836,0.7408394565310249,0.10737371685572804,89.0,24.0,1.3463940300115995,2.648460135168336,18.002425053388638,9.602994605611103,338.0798480218214,2517.945803774935,0.8845634948008841,0.9302128455942067
315,760,-5.349192402826662,5.349192402826662,5.288281106431962,True,1.4672690944174995,0.377090684991616,0.8252641175560362,0.2863830395074642,84.0,15.0,1.4481815502809876,3.2887392412213154,15.823979400215235,10.208355106375286,401.37925465110845,1745.5057893921582,0.7571551290462167,0.7587769519610592
316,3106,-5.349192402826662,5.349192402826662,5.2882811064319615,True,1.4672690944174995,0.377090684991616,0.8252641175560362,0.2863830395074642,84.0,15.0,1.4481815502809874,3.2887392412213154,15.823979400215235,10.208355106375286,401.37925465110845,1745.5057893921582,0.7571551290462167,0.7587769519610592
317,626,-5.312132875267011,5.312132875267011,5.288269859200517,True,1.4209755490078027,0.37928596355021,0.8449450004820711,0.23630890132550567,77.0,18.0,1.1867695942063619,2.8293887237610127,15.759360085560782,11.348845204938595,312.83337550994213,1830.2887954511891,0.8360123398613338,0.9059919876785446
318,3055,-5.315345923986579,5.315345923986579,5.288109841928832,True,1.474996965628353,0.39476566295782417,0.7404656068812692,0.091014446305641,73.0,21.0,1.3257302377504117,3.849196860265421,21.601286243942205,10.937119588809226,377.9626160452667,2407.3134420932,0.7680326661170191,0.7047784516794303
319,719,-5.301732175435734,5.301732175435734,5.287509833683079,True,1.4071969972662897,0.38698138993187925,0.7298057958499649,0.17674547120745995,81.0,17.0,1.0384911623600366,3.348959930078781,19.66715144677467,9.992594940909399,343.3357678488568,1522.1282989015363,0.9692637138812661,0.9086160225919935
320,3178,-5.301732175435734,5.301732175435734,5.287509833683079,True,1.4071969972662897,0.38698138993187925,0.7298057958499649,0.17674547120745995,81.0,17.0,1.0384911623600364,3.348959930078781,19.66715144677467,9.992594940909399,343.3357678488568,1522.1282989015363,0.9692637138812661,0.9086160225919935
321,3179,-5.301732175435733,5.301732175435733,5.287509833683079,True,1.4071969972662897,0.38698138993187925,0.7298057958499649,0.17674547120745995,81.0,17.0,1.0384911623600361,3.348959930078781,19.66715144677467,9.992594940909399,343.3357678488568,1522.1282989015363,0.9692637138812661,0.9086160225919935
322,1656,-5.332342591506337,5.332342591506337,5.287252665914329,True,1.4579525850369552,0.39313225027790677,0.8433883512287554,0.17574970739595064,78.0,12.0,1.824900529496528,3.223876324250603,19.376489304464986,13.86492205567952,289.1826187058988,1190.7685384513256,0.8762632218771554,0.7781244275393088
323,2172,-5.300891097161351,5.300891097161351,5.286894262169973,True,1.4360364295077268,0.36984962052854164,0.7610207816823903,0.12975781540423736,66.0,22.0,1.1304274383769515,1.8800616541169832,19.481013338622216,13.556865475983624,237.92600078115885,1058.990975935721,0.9444968006083263,0.9139932671230091
324,3181,-5.300891097161351,5.300891097161351,5.286894262169973,True,1.4360364295077268,0.36984962052854164,0.7610207816823903,0.12975781540423736,66.0,22.0,1.1304274383769508,1.8800616541169832,19.481013338622216,13.556865475983624,237.92600078115885,1058.990975935721,0.9444968006083263,0.9139932671230091
325,3182,-5.300891097161351,5.300891097161351,5.286894262169973,True,1.4360364295077268,0.36984962052854164,0.7610207816823903,0.12975781540423736,66.0,22.0,1.130427438376951,1.8800616541169832,19.481013338622216,13.556865475983624,237.92600078115885,1058.990975935721,0.9444968006083263,0.9139932671230091
326,3183,-5.300891097161351,5.300891097161351,5.286894262169973,True,1.4360364295077268,0.36984962052854164,0.7610207816823903,0.12975781540423736,66.0,22.0,1.1304274383769513,1.8800616541169832,19.481013338622216,13.556865475983624,237.92600078115885,1058.990975935721,0.9444968006083263,0.9139932671230091
327,2192,-5.399042719895116,5.399042719895116,5.286883229356003,True,1.4497049161494593,0.3974528099609822,0.8732698822031509,0.19789518828137465,69.0,19.0,1.7635790281269745,4.338393290192724,19.476589188408912,12.218801838523309,302.96203685982687,1893.6692221498226,0.8539098351065814,0.9389438863876242
328,536,-5.3554765045481325,5.3554765045481325,5.286822692030375,True,1.455864710642381,0.3798023108734667,0.8602732736565777,0.20134877422875813,88.0,16.0,1.4095632126264839,4.057561741691332,18.218269074913024,12.418038112378882,326.063752686899,1283.5071620853096,0.7722731338538705,0.8445389223074391
329,3099,-5.3554765045481325,5.3554765045481325,5.286822692030375,True,1.455864710642381,0.3798023108734667,0.8602732736565777,0.20134877422875813,88.0,16.0,1.4095632126264837,4.057561741691332,18.218269074913024,12.418038112378882,326.063752686899,1283.5071620853096,0.7722731338538705,0.8445389223074391
330,2131,-5.310941589192833,5.310941589192833,5.2867253613699665,True,1.5219945219787778,0.3932840917132683,0.735417177564894,0.0882286168980617,67.0,19.0,1.142565081907574,3.2940009636419303,19.973246063132862,13.367302989215222,287.0502422416954,1540.0305941873485,0.9026817705030596,0.7814431160046622
331,250,-5.311005537550592,5.311005537550592,5.286472024536349,True,1.4810574980893647,0.39525846583052604,0.851877628088442,0.10235699770470924,99.0,20.0,1.2256512665279993,4.444139183345332,15.389428718743247,8.466214312177424,389.88691635335147,2870.198025172903,0.9897603871516248,0.9542286261505905
332,2665,-5.364829114936443,5.364829114936443,5.286338013590921,True,1.5102999638762054,0.36148960362967064,0.8720829189474582,0.09758464673166231,96.0,7.0,1.692444846563824,2.820258834748357,13.049883224606283,9.99112455466767,457.65432849449553,1010.6572999084742,0.8433165819796211,0.8006989085436353
333,835,-5.378173183012208,5.378173183012208,5.285151268249299,True,1.4884381210891668,0.39544657978109465,0.8623094314258204,0.17824972718167323,58.0,19.0,1.8618089886172133,3.420595557264878,15.55238852760035,9.240660745490661,367.5910665656766,2053.9931299785617,0.912201318880145,0.9984823066356378
334,1235,-5.303013075164758,5.303013075164758,5.285113122689564,True,1.4122139096420876,0.37540344303044176,0.8019313994808048,0.08626484148730364,71.0,18.0,1.1267344283777698,2.6334377497145773,13.286257956550235,10.10595741067815,411.8844098448959,1253.3504216164497,0.8866611042342178,0.8220735847442716
335,117,-5.298246144050024,5.298246144050024,5.284849019987979,True,1.4187406918292398,0.3586639126072685,0.8864981348240049,0.09755367149750965,98.0,25.0,1.0744872306380227,3.6699321991400184,15.765461952258585,10.264765250246814,397.63390663591707,1402.4868925390447,0.9761413341367944,0.8760313317049168
336,2091,-5.356273429330465,5.356273429330465,5.284782802020629,True,1.5063142741481181,0.36726551868068025,0.8595247830994142,0.15264620486309677,84.0,17.0,1.6675880298193175,4.148208392681117,21.135910810083665,12.015043997166737,253.10025325201408,1699.216970732251,0.9555839250683089,0.9870259629891045
337,277,-5.302408882350512,5.302408882350512,5.2847457788111445,True,1.4465649655095683,0.37612556993213764,0.85826619736736,0.237131917077393,80.0,23.0,1.3412680566774418,2.9235658321507585,17.644547614695252,11.422302466014541,344.6322757860811,1192.6771706649943,0.8149576987268015,0.8069264730458678
338,890,-5.29653869261737,5.29653869261737,5.2845341913388,True,1.4071295175611682,0.3826143608334014,0.827908146103014,0.27314423222039175,74.0,15.0,1.7125725066586828,3.1498670917674865,19.10071822444931,8.992711949861054,362.24503704892237,1738.8688696359777,0.7762045647556498,0.8276838598912784
339,1598,-5.310309439337181,5.310309439337181,5.284427460134631,True,1.5190553755911034,0.39843041950066027,0.8992772139587287,0.14267003319382604,86.0,16.0,1.3564893081353744,1.8909101372778583,14.577751339853315,9.290717181270425,351.5037818343476,2155.251214049512,0.8886961401635581,0.8658105283187141
340,2940,-5.313329237308327,5.313329237308327,5.284261883241076,True,1.5040782403254267,0.3655811742377763,0.7746110499345858,0.13113505912431875,74.0,19.0,1.0907881866462832,3.0433564877715815,15.388592586637115,10.962651552276444,355.2486547738033,1081.3207714614787,0.7915926826285394,0.9402702216575685
341,360,-5.313540872012226,5.313540872012226,5.284107422787591,True,1.4801648457094387,0.3849026788841134,0.8764102331541904,0.22700157580257285,90.0,17.0,1.1924032665229354,3.9634110648001726,17.993596782118892,11.803408436902435,297.9097362479701,2417.5414523749546,0.790578578228381,0.9018763617391781
342,995,-5.288967980778644,5.288967980778644,5.284079173400043,True,1.4395943030868077,0.3712644898728483,0.8456791578119562,0.2341487438007577,95.0,20.0,1.0639676528585125,3.48252967020007,18.236868365453695,12.822135829779524,303.3772020754108,2400.219487915734,0.8262161165382556,0.8500605589059786
343,2753,-5.323307432551957,5.323307432551957,5.283916602032479,True,1.391179108760735,0.37006917428615593,0.873411016976086,0.12579877967222547,80.0,16.0,1.2880722987754374,3.375256928096835,15.495408606245253,8.464276805235166,421.8196151280136,1291.9673537966942,0.8063035378375702,0.979921633111217
344,1021,-5.299297052759337,5.299297052759337,5.283892507713645,True,1.4871150641703552,0.3908590781827953,0.8515528140063656,0.24196288894090395,92.0,20.0,1.065618628815598,3.9877383813825293,13.559174543757262,10.235569026637348,390.48216148582253,2554.8394079916866,0.7873770346586026,0.9649555852465952
345,607,-5.328454229533038,5.328454229533038,5.283654326986373,True,1.4729282272624327,0.3347849249321402,0.8822158327481787,0.18500820239531943,86.0,18.0,1.4252238109786084,4.053915961382629,15.491903624908472,7.400690497353042,424.82204489062667,1518.3466150703525,0.9591223724593261,0.9928079868010184
346,1856,-5.302770197230643,5.302770197230643,5.283644798324879,True,1.4616508182250867,0.38772189051320616,0.8441899344303732,0.23263318241947756,96.0,14.0,1.193438603942487,2.3709837930643776,17.161362013548633,12.194736697457241,261.9165342487463,1306.3422572587147,0.9808863663851524,0.989771912354428
347,2462,-5.342932157536588,5.342932157536588,5.283615440422741,True,1.455851316147327,0.3602170808974635,0.8481014507373168,0.17465026905024267,75.0,13.0,1.654699269466653,2.219296407708169,15.452953877410202,11.008624454144908,330.1645090261329,1533.0344075566295,0.9948282513093383,0.8804402858108169
348,1657,-5.309849265179794,5.309849265179794,5.283535494009312,True,1.5109844568692927,0.38894656844274555,0.865026363007425,0.1050360812768363,85.0,19.0,1.1829618099640165,3.1712610144457205,17.252793882767705,12.350195702472645,315.95763889320637,2293.7182919502284,0.8661669129713688,0.8173516634377165
349,930,-5.2978896720009825,5.2978896720009825,5.283032881354199,True,1.38250100209264,0.38498589332827204,0.8592741468231418,0.21267725363705023,89.0,14.0,1.2573097525070234,3.518127434997197,19.70556659679129,10.489131549310702,329.7730451666156,1535.6802279880214,0.7650734994720494,0.9489480734045219
350,544,-5.327605845202015,5.327605845202015,5.282986984489603,True,1.411064412534349,0.39756753599071804,0.8375830455078008,0.2759928989699397,87.0,18.0,1.5636383028663088,2.9230332675355943,14.747311933879342,10.833248070509052,349.89955158960703,1224.5521676884716,0.7793113516938102,0.9533678509920591
351,431,-5.292393548719726,5.292393548719726,5.2825194562694175,True,1.3775196386481094,0.3123918328074968,0.8530356284960756,0.1917734177093434,78.0,12.0,1.094117528532291,3.8596173553885147,12.97600109811429,9.89623663877996,438.27698609355747,1770.5703585671242,0.9812861528846603,0.9999223602417927
352,957,-5.3346539027417315,5.3346539027417315,5.282440440936367,True,1.4514479537039975,0.3835542038297859,0.8464849678283153,0.23470375985847697,78.0,17.0,1.6225885061386642,4.138222173711039,14.968516476254091,9.588107123201722,455.3439996872803,1214.6107472359977,0.6820469410883305,0.8576745542030982
353,488,-5.292906852434029,5.292906852434029,5.282369531535792,True,1.5025516996038664,0.3754277937090956,0.8823625102224054,0.10044530609408857,84.0,20.0,1.1743285268533104,2.586144664373597,15.669656841035513,8.105231518611244,402.5022583320533,1113.5254446424592,0.8206564560343406,0.8466124869702052
354,1453,-5.285680705571147,5.285680705571147,5.281667651853894,True,1.430944171411507,0.36705205059988816,0.860714132510588,0.13813208553383613,104.0,22.0,1.0693817939709427,3.7434642901145985,13.913999171674206,9.452774223631138,374.84668246203864,1724.0535532925355,0.9871175247931454,0.9811808853659088
355,717,-5.300068531074277,5.300068531074277,5.281662609517832,True,1.4226876567743234,0.37099663262620564,0.8319898759711926,0.20283415311705316,86.0,21.0,1.0329255460827997,3.009586348454552,16.803142797978815,12.2292772426112,336.17921633081716,1191.9798398335524,0.8189876808237011,0.9178512635331151
356,734,-5.316151315767876,5.316151315767876,5.281563047559979,True,1.3939512722346854,0.3740755516500961,0.8625588484415785,0.19754488401027226,84.0,15.0,1.4891044349603304,3.6195415841278575,13.499925034426731,7.307993750598846,458.999030857805,1603.449124392906,0.825187592906172,0.9861314208581732
357,1380,-5.3076227338212725,5.3076227338212725,5.281488143043386,True,1.3946654125693418,0.3822421439418752,0.8512318362854256,0.285861614040807,92.0,12.0,1.3225464401197409,2.690800028508447,12.669315433198205,9.470278097345382,418.3470632163058,1613.9690540942486,0.9977611513182488,0.8113117349701391
358,2679,-5.303765757256387,5.303765757256387,5.281465250603296,True,1.5229683309437005,0.3725424438944144,0.8933565168671646,0.12183673770028512,89.0,10.0,1.1709470421165578,3.443199661154315,19.5523313089192,11.076066764833664,370.3547595856878,1166.4635370371489,0.9457701768749243,0.7351227844446936
359,3172,-5.3082355014533595,5.3082355014533595,5.2813709661446,True,1.402883976996829,0.3847036039757715,0.8687380471409311,0.2545516002625621,77.0,22.0,1.2877390386486458,3.962960796575432,17.580564042469845,12.525378496179394,336.8074993584197,1302.532686470045,0.7585741883059423,0.8115649730423746
360,3173,-5.3082355014533595,5.3082355014533595,5.2813709661446,True,1.402883976996829,0.3847036039757715,0.8687380471409311,0.2545516002625621,77.0,22.0,1.287739038648646,3.962960796575432,17.580564042469845,12.525378496179394,336.8074993584197,1302.532686470045,0.7585741883059423,0.8115649730423746
361,1154,-5.302077615948365,5.302077615948365,5.281099403739726,True,1.523931536061757,0.32383874170486515,0.8645577700256344,0.1057993617163786,90.0,11.0,1.0888766926908042,3.0896566619209533,16.09571209465511,8.746628165883731,395.4442951354815,1692.213792144883,0.9780725392920511,0.9255261761502294
362,2270,-5.307078926657111,5.307078926657111,5.2809743070192425,True,1.4344738272023803,0.3954302688531327,0.8563743510913011,0.15207308229455985,91.0,18.0,1.1686582849863434,3.7054859694925506,18.57465630017062,13.038690060358448,282.8224811735123,1692.3804023768905,0.8800729775429792,0.8673468766738388
363,680,-5.32283172320747,5.32283172320747,5.280857717951339,True,1.483898439184483,0.3229211474087115,0.8135959057721857,0.23898853772737588,86.0,12.0,1.3712599229710132,4.125664773859381,16.14213045563151,11.008156464490272,375.8228926641455,1927.0783547048209,0.866221360544725,0.8960422953966493
364,2565,-5.308184083480545,5.308184083480545,5.280377281014388,True,1.4861661475403725,0.35554395360779467,0.7929895968480042,0.2682289904975251,87.0,17.0,1.1144556023201022,3.894152433635684,18.25274687903135,11.077534650192776,384.78471979049726,1418.2659103882593,0.6991686038209681,0.7849031849687773
365,1322,-5.291454820195074,5.291454820195074,5.280323060514876,True,1.4993350675607149,0.3940993843713443,0.8191586566537166,0.14576405464615272,65.0,20.0,1.100108304668645,2.9141258160433776,16.836511863585184,8.530915954344117,385.7066146912751,1225.660136756847,0.982597738987155,0.7986821126266656
366,1786,-5.294247614512277,5.294247614512277,5.280048743943814,True,1.4974906781428838,0.3807419847078123,0.8751522967024884,0.19337679425322066,74.0,23.0,1.3249779177418908,2.0847654921346463,14.34211314243602,9.248817175652597,367.38131362680286,1386.1987176243451,0.9817439612645527,0.7910812993850707
367,3194,-5.294247614512277,5.294247614512277,5.280048743943813,True,1.4974906781428838,0.3807419847078123,0.8751522967024884,0.19337679425322066,74.0,23.0,1.3249779177418903,2.0847654921346463,14.34211314243602,9.248817175652597,367.38131362680286,1386.1987176243451,0.9817439612645527,0.7910812993850707
368,3195,-5.294247614512277,5.294247614512277,5.280048743943813,True,1.4974906781428838,0.3807419847078123,0.8751522967024884,0.19337679425322066,74.0,23.0,1.3249779177418906,2.0847654921346463,14.34211314243602,9.248817175652597,367.38131362680286,1386.1987176243451,0.9817439612645527,0.7910812993850707
369,1351,-5.303959610671953,5.303959610671953,5.279722150388622,True,1.4148353669296194,0.38698572580655466,0.8467046168654662,0.24706814655485812,85.0,21.0,1.1630227157305328,3.200063689747646,17.978746791614842,8.140944230634473,381.8217087999881,2077.34910579588,0.9387270939622752,0.8779449061141403
370,580,-5.292261944842133,5.292261944842133,5.279610550482486,True,1.4251320802045098,0.3712592290829201,0.8577553427554844,0.2645302500772756,72.0,17.0,1.5011555681148292,3.7586878071376955,14.313457749113887,10.73464917685706,387.61817617121557,2112.839900880918,0.7216802899249144,0.9700214377703829
371,3185,-5.29982105055159,5.29982105055159,5.279488877291179,True,1.5062266160696747,0.394983996329007,0.8553473551765773,0.24421767622010998,88.0,16.0,1.330979956779629,2.5462952881348206,17.35176682241394,9.079038673934967,401.24055061403766,1180.1655358793037,0.8481552461310394,0.6849587545057323
372,776,-5.295348923715149,5.295348923715149,5.279420096033647,True,1.433492799493072,0.38607421032782474,0.806515213443372,0.20929719099799476,91.0,19.0,1.0329463529089413,3.6620762519835677,14.299449435178346,9.361725775785018,396.80739517458716,1182.7393346495282,0.9135433675503315,0.9769866966078419
373,1581,-5.298418584415435,5.298418584415435,5.279082019641531,True,1.4698754201818662,0.3361726041122928,0.8707096590409316,0.20503377797090502,99.0,14.0,1.1785855405682233,2.9224843149607955,16.841488886171124,9.888813946835928,396.5837139522549,1573.732731344086,0.8452777725621149,0.7674693370174503
374,1212,-5.282592898840322,5.282592898840322,5.278573694360427,True,1.445400864081292,0.38766455521348747,0.7708913628450753,0.25275212028201277,81.0,21.0,1.1376399944287747,2.2448361188416985,16.648012700222395,8.576437011976502,358.9818931744174,1264.655391020427,0.848622861741358,0.8345114589659205
375,1912,-5.317221969472051,5.317221969472051,5.2782089771796485,True,1.413100152216749,0.3876714998736694,0.8656200679189474,0.15171826021138152,78.0,14.0,1.2930895397407896,3.272905281083291,16.16637322827619,9.679744974803484,385.95751979760746,2721.4493216127275,0.8967557954437199,0.8398435481958963
376,3149,-5.317221969472051,5.317221969472051,5.2782089771796485,True,1.413100152216749,0.3876714998736694,0.8656200679189473,0.15171826021138152,78.0,14.0,1.2930895397407896,3.272905281083291,16.16637322827619,9.679744974803484,385.95751979760746,2721.4493216127275,0.8967557954437199,0.8398435481958963
377,2527,-5.340729488944211,5.340729488944211,5.278186418180496,True,1.4460924602121041,0.36003923483455436,0.8701267438456879,0.1817186788991509,69.0,22.0,1.2586084917966274,3.915788651450965,15.40813804503659,10.521123312576094,358.3970233836685,2001.2144782856421,0.8938522959015438,0.9003399313029357
378,3116,-5.340729488944211,5.340729488944211,5.278186418180496,True,1.4460924602121041,0.36003923483455436,0.8701267438456879,0.1817186788991509,69.0,22.0,1.2586084917966271,3.915788651450965,15.40813804503659,10.521123312576094,358.3970233836685,2001.2144782856421,0.8938522959015438,0.9003399313029357
379,975,-5.27845982318553,5.27845982318553,5.278036205679562,True,1.4399293973487433,0.3862454437701681,0.8370056959512432,0.16178886845585677,90.0,17.0,1.0232010348852087,4.107086226653817,21.17754439135951,11.618111087890343,328.1655361941584,1005.7329635567977,0.8860090973746222,0.8060524458253064
380,832,-5.300365281161287,5.300365281161287,5.2776846562796775,True,1.4439383572518842,0.34573336189608134,0.8559870999305705,0.24745904361346274,77.0,20.0,1.496339212979974,2.8478676750842307,15.900928288729231,12.457589201329368,322.9630852262696,1183.4330124795495,0.7817160604340756,0.9524758002593292
381,2297,-5.283895110846136,5.283895110846136,5.2773109683143735,True,1.429679258686293,0.3771897128224373,0.7485171922564033,0.08653995787243779,84.0,14.0,1.296255382541845,1.9413531720713406,14.345477654952802,11.197879615496186,378.35902339203733,1342.5904753196692,0.7311708713587388,0.6703156083334775
382,2288,-5.328571478840655,5.328571478840655,5.277097199001874,True,1.4483472072411492,0.3881199798034092,0.8213370094133589,0.14002289550832858,74.0,15.0,1.2537286727753711,3.081374057525758,18.671398636247353,12.673650848439976,324.019825237269,1415.3218220010685,0.9212450584042164,0.7648709032395895
383,3167,-5.3089604512106074,5.3089604512106074,5.276507362722748,True,1.4410126677111956,0.38108665022105237,0.7972876324858371,0.1171085937431228,90.0,15.0,1.1822117113483523,3.30273557913686,17.00944306145772,9.777970377946097,329.59883810566663,1541.1145073879288,0.900579504200411,0.938959351599467
384,674,-5.277372528875109,5.277372528875109,5.276418689277053,True,1.4329122139092962,0.3938184725161361,0.8988661900248098,0.20972271998678235,87.0,16.0,1.006708261774814,2.2950671250162165,17.83301984210639,9.999447961400099,313.830320110159,2666.7321428939676,0.8563970955054858,0.9424625919517952
385,1773,-5.291089549858818,5.291089549858818,5.276321236430791,True,1.4600630639880507,0.3465716741268657,0.8536463148861647,0.10906736888160466,92.0,18.0,1.5479868810772506,3.4140416626119268,14.505334525542564,10.730385713555316,387.70516293095585,1152.442700013385,0.929451635628642,0.9100003065142115
386,2627,-5.302176683718123,5.302176683718123,5.276247296761043,True,1.4184386667430606,0.3931440282038272,0.8611427879579236,0.15578897557269122,98.0,11.0,1.1482597199576972,3.770043079338213,15.063534507767343,10.133141594420836,442.2580588735957,1828.460030972415,0.8654582757471052,0.7381402797046852
387,1324,-5.34800599634683,5.34800599634683,5.276127396446679,True,1.4898077760982482,0.3653058166394451,0.7139138517879813,0.2698316468792143,77.0,17.0,1.5139967966149346,3.718842763453722,19.86648916584582,11.51650869621442,344.4612825042117,1611.329555068492,0.7455932521331121,0.7830586613859913
388,246,-5.303739480817612,5.303739480817612,5.2754266905674445,True,1.4564708533756072,0.37179141178594505,0.8032356862144387,0.28367079393698985,90.0,11.0,1.1763178527490865,3.0677725486619134,13.09769133181901,8.789694799042692,417.4823019779462,1915.848647412969,0.946329933113544,0.9015572805989032
389,1542,-5.302555766409101,5.302555766409101,5.27500534578909,True,1.4524357412467466,0.36427433341145865,0.8945493582349442,0.12599976804795124,73.0,16.0,1.3481337721602875,4.297959771675255,17.390466623168205,12.490821952679466,315.87720703559864,1377.5927622224742,0.8748694039776767,0.9692320032820694
390,1484,-5.304597473667554,5.304597473667554,5.274823501727153,True,1.368120975062034,0.37989482228211907,0.8166513712825463,0.28195848856520067,88.0,15.0,1.336749884449807,2.3733322975799833,14.665550415242075,7.460281249098444,386.49882599481015,1940.540511162246,0.9636640598788111,0.9204096893893332
391,2081,-5.278852890224844,5.278852890224844,5.2747555351772295,True,1.3978035461999636,0.3815889804050808,0.8639619106985225,0.15666012378184835,92.0,16.0,1.0044359567821273,3.0540607748252357,18.893118913652696,12.650718518501673,277.8966634929691,1192.7876684138407,0.9609412453516997,0.9214788483546623
392,978,-5.290134039449565,5.290134039449565,5.274517140003212,True,1.4593700127080083,0.38499504364054926,0.8702200151893871,0.2791738844901802,92.0,24.0,1.4026913952911508,2.795722327251584,13.139722838027764,10.277749113909122,433.0923925107819,2434.240792397257,0.9378735964849519,0.8409827291628611
393,2385,-5.292688568199188,5.292688568199188,5.274059523782063,True,1.5064678794849995,0.32737587107931915,0.7644202646037392,0.10689099128829645,79.0,20.0,0.9943916175736789,3.3778820400848018,15.967958861769203,10.957560598108355,385.07707020711325,1375.1199200324459,0.8397371018011873,0.8676605243332529
394,2480,-5.298789738886433,5.298789738886433,5.273775620921514,True,1.4504705483607436,0.34103331311566953,0.8784757667199117,0.27785442985257125,80.0,16.0,1.1027607859392403,2.8030939487562616,18.73919495721112,13.312685891287835,287.10184579348913,1668.825144775921,0.9525484585900211,0.8200027366465761
395,174,-5.341954508161249,5.341954508161249,5.273628429075867,True,1.4377417673438893,0.39536615088537763,0.8434193433474474,0.1797451899435947,80.0,14.0,1.4220705963005644,4.006784800033271,18.697621537688498,10.024229547394214,362.2070150109925,2084.329502563709,0.9091529959451635,0.8560655273895461
396,3154,-5.316097363065606,5.316097363065606,5.273537948503397,True,1.4041591350200187,0.3798926993393325,0.882218579273562,0.1998109995073833,89.0,17.0,1.4249245386108975,4.029033215533593,14.455504291568456,9.448884461328952,433.31237521739797,2154.168481611894,0.7667439422175024,0.870876798165159
397,991,-5.282171436432398,5.282171436432398,5.273473059778416,True,1.4792911605339165,0.3785264929915135,0.8457962219425756,0.16395024615677095,91.0,14.0,1.3578891090944416,3.3784504116589202,18.980275259133194,11.038105548207474,333.8268341261621,2668.6892850948902,0.8629402028077331,0.7811193841687518
398,2129,-5.294426477643347,5.294426477643347,5.273093504738842,True,1.4186537821253618,0.3739260216707377,0.8275492914896014,0.13602842182058686,78.0,14.0,1.3343000929639366,4.060481050141794,22.529131733357552,14.202463506427932,250.8959210855491,1906.6989293413965,0.8764077245364532,0.9965213485666996
399,188,-5.343546137192078,5.343546137192078,5.272834884046057,True,1.4882241973839643,0.3685011578066651,0.7567649957524294,0.15088543112700248,73.0,11.0,1.8428414366759203,3.207429631242686,15.650665169567127,10.786452574463372,343.7934545084027,2233.2097245871773,0.9983852481858799,0.9194769512668144
400,845,-5.294476046130443,5.294476046130443,5.272775433819891,True,1.4598920816337384,0.3758799495268882,0.8436468245711495,0.24659200569087225,71.0,18.0,0.9329151793600894,3.776749273087641,13.7696613535139,10.061077538764337,412.00378267884787,1826.6214055845412,0.8648316368862405,0.9294418861894547
401,1364,-5.337680027396669,5.337680027396669,5.272683271632535,True,1.4502562210618029,0.38610232709497383,0.8232420869358138,0.23941984990473492,91.0,13.0,1.484572427132671,3.7215823992925614,17.41765429833241,8.335962200647739,391.8183649238682,1804.228150380867,0.8116623801607699,0.9041089945846341
402,1614,-5.299931405561658,5.299931405561658,5.272662861431478,True,1.4994332171623526,0.35218432714726566,0.8670830545356853,0.08512335952869386,82.0,17.0,1.113825148334415,3.1681181211702807,16.838882359447766,11.646781801891578,340.60612432060253,1162.7401045886663,0.9143911136457625,0.8432555464998134
403,3190,-5.29554798010326,5.29554798010326,5.2716325582077594,True,1.4484276816199206,0.3809141854108527,0.822690627160661,0.21432745881500076,76.0,22.0,1.0903688003228558,3.913013436314941,15.475664494317158,9.895901675568586,415.1322383928243,2655.0738458300307,0.9106147291337412,0.7799186968180796
404,534,-5.298647396844608,5.298647396844608,5.271590902816363,True,1.4309120960400392,0.3816798245408332,0.8379646497953489,0.16538636018294994,100.0,19.0,1.1415444195334432,3.8369253237520393,18.34149627472058,8.431261075824967,413.00906365039276,1204.0044636744087,0.8537104727443776,0.8330308594354425
405,1105,-5.334841977754651,5.334841977754651,5.2711702272545375,True,1.4300450882781366,0.38533441207761776,0.788476890527062,0.18354570684428706,82.0,11.0,1.6423888099157509,2.293262016511142,12.304745838420644,8.560296403468957,449.2169703934659,1025.431533211502,0.9310135518776097,0.7887975893942268
406,3120,-5.334841977754651,5.334841977754651,5.2711702272545375,True,1.4300450882781366,0.3853344120776177,0.788476890527062,0.18354570684428706,82.0,11.0,1.6423888099157509,2.293262016511142,12.304745838420644,8.560296403468957,449.2169703934659,1025.431533211502,0.9310135518776097,0.7887975893942268
407,1096,-5.298687866738684,5.298687866738684,5.271117887961575,True,1.489610483838738,0.36163733081736915,0.8597756237575572,0.19478130478610475,87.0,23.0,1.1269868841791635,2.7414458332705847,17.52168290218265,9.858864384278197,329.99282001389525,2234.9395858245616,0.9732306157923512,0.917655236016973
408,564,-5.278183399792185,5.278183399792185,5.270663523051681,True,1.4533194623570698,0.3659587363828195,0.8771747356264166,0.10072418679493543,89.0,22.0,0.996696304516006,4.0060226594333335,15.902876022406065,8.590512219104015,465.60721544461694,2003.8794803221651,0.8562862158251341,0.7684760048603112
409,2396,-5.2918027447319504,5.2918027447319504,5.2704340424018525,True,1.4712369431478618,0.3815798470453133,0.7805828737434811,0.19233192273999863,78.0,21.0,0.9712756939807268,3.7201878961563106,15.777816607373417,10.963837597024023,397.23213370086887,1459.2189544783714,0.7815164828235301,0.8402955041011525
410,1458,-5.285545713163041,5.285545713163041,5.270403098767447,True,1.4318308438257927,0.39313049095017144,0.8097142182119927,0.12799279243233086,74.0,14.0,1.31708290479494,2.972293579875194,14.037521466995084,6.42084540920088,481.4483994863615,2250.9869145330877,0.9617882399137985,0.8715855877069204
411,2128,-5.287135137819311,5.287135137819311,5.270322616710689,True,1.4680102156798127,0.38939246656874993,0.8534817530624892,0.22722595645985472,71.0,15.0,0.9599033563252515,3.922835781325861,19.99488321862369,14.997391939365436,272.98186437712855,2392.6872989362146,0.968444208824919,0.9651679494266356
412,2210,-5.273280736357199,5.273280736357199,5.270188805806745,True,1.4715702665344383,0.35623311898127924,0.7128096902313339,0.09352942842798088,79.0,15.0,0.8668098015424146,3.10875040870046,18.15365165578063,12.21709230482944,298.7501068220725,2028.3288377692595,0.9063582117847953,0.9758777720977125
413,136,-5.35935414467114,5.35935414467114,5.270117460696419,True,1.5002746859022358,0.39737135046129546,0.7866325555226164,0.25186266554911263,86.0,10.0,1.8044383824521977,4.340171583801409,16.349951658839743,9.803387203146315,387.28397632905796,1146.814007591703,0.9729760191800951,0.9722060166885299
414,378,-5.277547842140915,5.277547842140915,5.270114310338164,True,1.4582233893904124,0.36358537121038953,0.8903385855983461,0.16777340616470382,86.0,21.0,0.9872512539690508,3.2981508250296647,17.288925102924335,8.827771879051726,371.5123084621614,1240.4293803506978,0.9061579126331005,0.9256964478179034
415,3038,-5.336001287442551,5.336001287442551,5.269726053935492,True,1.519704466225248,0.3972529630439726,0.7555553535227182,0.20182537386777816,80.0,14.0,1.3525727914441221,3.7798272601891023,14.958343240129963,7.800489578176432,453.8652277050993,1601.9038973490544,0.9552462522441627,0.814199182040784
416,3184,-5.300028928728645,5.300028928728645,5.269613199460715,True,1.4930956519452612,0.3885052979951128,0.760555939779999,0.2863830395074642,79.0,15.0,1.1026802613473812,3.2887392412213154,15.823979400215235,10.113797913653645,409.2410642602487,2335.853483038769,0.8028492797150777,0.7587769519610592
417,1862,-5.303336592705763,5.303336592705763,5.269547381567211,True,1.3475529848240497,0.39337482578312144,0.7942375516855023,0.23179751801973758,80.0,17.0,1.5034934345977933,4.040531060237018,14.154487639085168,7.924902961414987,443.91072718264667,1608.1459074037616,0.9538793247401824,0.990772378306195
418,1978,-5.317428451924588,5.317428451924588,5.269515270686805,True,1.4161054128546255,0.3975404970012924,0.7794396647903173,0.1869223318189079,69.0,18.0,1.1379857843066372,2.5270851703365143,16.08547588023164,11.638458834818731,318.85800008908507,1362.0559723478445,0.8639664758776158,0.9012496280376681
419,279,-5.272576821362498,5.272576821362498,5.269430578586865,True,1.4753585014110375,0.3784494945160628,0.7173462169581636,0.1549303837524218,75.0,17.0,0.9521815216062162,3.4984951997039575,17.615493215400928,9.50470612727312,352.8715899254562,2097.983674808415,0.9548338397463612,0.8482263084285342
420,3191,-5.295524627186291,5.295524627186291,5.269162627792987,True,1.4048256519174407,0.39782598332133456,0.8956006101213289,0.2649065434618671,92.0,18.0,1.1061442618973167,3.0802022701708407,14.244105038957336,10.259851938515284,380.165677880696,1447.615169748734,0.9812561790864656,0.8881063120164756
421,758,-5.279364297780388,5.279364297780388,5.268947839019488,True,1.5119550398453736,0.34342704072461927,0.8357430254961886,0.20446043055663465,93.0,16.0,0.9994700818524109,3.456662537458497,15.520271520434752,8.208357440965516,394.39340266565245,2403.202363328845,0.9126365083899115,0.9721192502330962
422,699,-5.304221693456475,5.304221693456475,5.268836228091805,True,1.328530101602748,0.3935646958430923,0.856881749331579,0.1867063266369423,84.0,14.0,1.2902489667642987,2.7495824074051343,21.4298565699656,15.45072272501427,247.85852667984673,1134.9006775667376,0.7852764400389917,0.8765437702259632
423,3166,-5.309254689807946,5.309254689807946,5.268639110403049,True,1.4417157368708327,0.32536382745614584,0.6886891504122661,0.1780791512971416,68.0,18.0,1.197794513254328,3.527746214999995,18.55687445899507,11.100013231009127,355.05092840468217,1476.3326534102034,0.9235706722384527,0.8812057437520262
424,448,-5.2928239948619495,5.2928239948619495,5.26855513430226,True,1.4928661001697026,0.388327111564264,0.7095590018270578,0.15805048871463004,75.0,15.0,1.4127656425428496,3.846942411052229,16.477647121831282,8.803009867826946,410.22623869225185,1678.2746992213963,0.846505051302304,0.8052691764741002
425,2609,-5.270363866556154,5.270363866556154,5.268521661022823,True,1.4244600016144806,0.3890185263567052,0.8533062448641637,0.14067667167978584,77.0,23.0,0.9557555611266231,2.770640249160733,15.659251261394347,8.982776217449802,413.6052733671733,1033.948474715036,0.8276557294175058,0.8380042423332762
426,1326,-5.2808301406886216,5.2808301406886216,5.2680644421479474,True,1.4862808033076214,0.361304627444789,0.7843990135582686,0.20463385366051245,82.0,18.0,1.0157960619610187,3.5614721552669164,15.806274055490565,8.596924390657646,428.23588121297956,1041.55449524209,0.8277113169727277,0.8384336218201518
427,1037,-5.321505405363672,5.321505405363672,5.268064306376791,True,1.3997483136274274,0.3854765612669802,0.8502144519459349,0.16074611235090647,79.0,15.0,1.403037809464662,2.2852622553466633,16.566223068283374,6.6733880369292775,424.8367463687996,2033.4969766304855,0.8947075209993496,0.7930082898933101
428,1793,-5.2897640226499245,5.2897640226499245,5.267999367457452,True,1.4897397335999687,0.373895367169402,0.8438401782889302,0.20845117601746607,63.0,19.0,0.9779166544439197,4.384600171977292,15.441342211439679,9.140178796840788,470.65244945339464,2018.2921487065846,0.9209630681497194,0.7253279424351606
429,2175,-5.321163040781927,5.321163040781927,5.26793853122256,True,1.4908624489262632,0.3821706161783091,0.806888531638147,0.14914784216400118,65.0,18.0,1.594858079932021,3.1529445591563516,22.863450119887123,13.325977606913668,267.9691067473688,1396.2235102627476,0.8037935019075364,0.8282602582380492
430,2736,-5.285299319940675,5.285299319940675,5.267866329156151,True,1.512168972649141,0.3984634799661292,0.7723065137457485,0.18768817972600038,89.0,13.0,1.2622643666480486,3.5077529433837302,14.21796950097314,8.32203779648796,456.47742492284135,1396.14186990618,0.8519147356175654,0.6957898615705079
431,831,-5.302689657094769,5.302689657094769,5.26776717521968,True,1.4203940522473957,0.3639582947755037,0.8661810729476096,0.16843976319971157,70.0,20.0,1.0267200258262021,3.086294562296266,14.134759731191654,7.57611090521636,448.77350658187794,2655.907073096645,0.9005244363484013,0.9654671142372155
432,2234,-5.271958850174915,5.271958850174915,5.267758972665494,True,1.2087811757534956,0.37604956364804876,0.86566089534765,0.26540989153087136,77.0,16.0,0.9069779989318387,3.1930153518030844,19.490706156290166,12.878258413127316,372.5438819855577,1148.0222699969274,0.8161135660731572,0.704098499510855
433,2401,-5.284564634734052,5.284564634734052,5.2677575388418685,True,1.4119909449999373,0.38934657058867006,0.8550933623901162,0.22392202774408648,77.0,17.0,1.0581304357787422,2.098210258708118,22.45671043881208,16.719814156906722,226.80414184283148,1284.1962863497015,0.8571789393586575,0.8095190779931258
434,1290,-5.312252572075075,5.312252572075075,5.267376053588222,True,1.4753673183524059,0.387180061170716,0.8732837485219155,0.2881554991342028,87.0,11.0,1.2491099240703627,3.0553468422419434,13.928273915176945,8.221944178286165,466.64837919930505,2358.820868001294,0.8568938899679653,0.8182783332809794
435,1713,-5.3009035332224155,5.3009035332224155,5.2673041417944395,True,1.4082602594884015,0.3464539473749663,0.8395132239183661,0.13002867813613692,63.0,16.0,1.4281105490429447,3.5956715427386063,16.22887692887093,9.308685432625843,403.14283524489946,1523.4750613853125,0.9051489959161549,0.9161929071009339
436,2027,-5.2829499204135475,5.2829499204135475,5.267273941013456,True,1.4574235368670052,0.3948112489481356,0.830712368572496,0.2629861319906692,98.0,20.0,1.2413458403590547,3.3203485647379725,22.575274720798838,14.86499062965038,249.0727281737801,1280.9900228795877,0.8762143515016536,0.8229481505273273
437,2094,-5.276783108046372,5.276783108046372,5.266602553536085,True,1.4909344300505092,0.3947444361190193,0.8969805267907294,0.1260687902826163,98.0,27.0,1.1330963217597705,2.3143561236203354,12.945916029377837,6.899565796932045,490.1787457232256,1751.3601470110807,0.9580781213101174,0.8354364582441707
438,1374,-5.3176281605844915,5.3176281605844915,5.266338473491448,True,1.3407515473336604,0.3912662172872875,0.8777681068760649,0.1177802170270434,74.0,17.0,1.2636830491214615,4.237862175100219,15.705427318331997,10.486199041916638,431.9765814418596,2623.552096987741,0.8629502270966016,0.8222598136404657
439,497,-5.352940446715086,5.352940446715086,5.266184524258122,True,1.4170788095572098,0.34271203430575564,0.7326182201398803,0.17587199434025175,66.0,17.0,1.3142401313129408,3.956814245287688,15.554967084698308,10.827355025787602,397.59491652529357,1184.0911857171218,0.977006694010941,0.913245071246476
440,3101,-5.352940446715086,5.352940446715086,5.266184524258122,True,1.4170788095572098,0.34271203430575564,0.7326182201398803,0.17587199434025175,66.0,17.0,1.3142401313129406,3.956814245287688,15.554967084698308,10.827355025787602,397.59491652529357,1184.0911857171218,0.977006694010941,0.913245071246476
441,477,-5.285849666831092,5.285849666831092,5.2658335298934515,True,1.3893918325610695,0.3845205394684829,0.7847201478386381,0.1460823753757477,73.0,17.0,1.001317542257076,3.6241044280769623,14.76131840818641,10.837673817399583,383.8781375814851,1057.3745107197597,0.8685002202051619,0.86865327971088
442,3043,-5.278302179447936,5.278302179447936,5.265755241400984,True,1.4431318945273008,0.3935950034622902,0.7194506057569278,0.08067414760195768,78.0,22.0,1.136182978045449,2.3724779854113205,15.890596573720895,8.533589380854169,383.5750668717948,1693.1443129051745,0.8157217062909761,0.8321666272548193
443,1092,-5.317441089403454,5.317441089403454,5.265420650276417,True,1.4922511081106364,0.38246522285468676,0.8293061485514046,0.29874189607420076,87.0,13.0,1.3231975151770718,2.7384399303583407,17.231161242177446,8.352874291801015,422.0070456067381,1644.2615891825917,0.7782193792607012,0.7320021570512717
444,1483,-5.289494815402533,5.289494815402533,5.265381071721308,True,1.2817553522761982,0.3935691578275521,0.8953778975494762,0.2051182814749351,81.0,12.0,1.0374838040072571,3.4998036552117195,14.556878771997658,11.13914400608076,452.18880733385606,1220.8165863164022,0.8689092666550503,0.6996659043448363
445,2181,-5.275669712202228,5.275669712202228,5.2653124681857815,True,1.4213798005845855,0.37915625825532984,0.8644186994936116,0.16449575571485045,92.0,13.0,1.2374458783412468,1.47398384077276,13.980109604973634,9.751611362876663,348.5599161498894,1378.6643288865428,0.9341104167652309,0.8091915270465481
446,2669,-5.288312351341412,5.288312351341412,5.265263092544362,True,1.4324569240132272,0.38563965642198694,0.8406740152072919,0.23809431238715473,95.0,17.0,1.0970926019071916,2.6668839011220853,12.680740316490265,9.084695451488328,466.7930539909892,1666.1137212650017,0.9095755475994329,0.8098976398991429
447,435,-5.287560872754772,5.287560872754772,5.2652319310580635,True,1.471669232824861,0.3533664232810498,0.7960481950011841,0.2041359233683851,85.0,15.0,0.9566675758672016,2.88394007761569,13.889236264926165,10.369549454598333,414.986065467585,2899.444551471217,0.8947904002292641,0.9473165496763325
448,2653,-5.311959935836029,5.311959935836029,5.264250412802033,True,1.487090135261881,0.335627487282893,0.7670670397436665,0.2250284053881711,76.0,19.0,1.027292596974621,3.820050434172357,14.803838001720445,10.768623616889242,410.2640496052774,1210.316801558127,0.7928047593126301,0.9254902683917684
449,1455,-5.333547446933554,5.333547446933554,5.264006145926457,True,1.314226331580138,0.39172037503608653,0.8119724324994603,0.08129373616572289,69.0,17.0,1.3885258843415063,2.007011460067771,15.376426812510168,11.114791959441956,288.76372245599714,1886.7895304280692,0.9702449905218946,0.9315098675194349
450,3180,-5.301479949722236,5.301479949722236,5.263516334512245,True,1.4998359468942317,0.38851266378149674,0.7901128307881855,0.2639696007286323,70.0,17.0,1.4764910636548803,2.964349044188509,17.54387010394267,7.764201473446779,353.78684485365613,1805.6429645770288,0.9248628927711917,0.9244314485687329
451,3092,-5.365175379917199,5.365175379917199,5.263108159301513,True,1.4243286445881622,0.3963964101381504,0.7335710586897879,0.19695231920047288,75.0,17.0,1.510622591305749,3.765735916536253,15.531529549067791,7.5301683804549535,475.8478568093394,2197.9726044897343,0.8340804448366665,0.8552486045156517
452,1643,-5.311593436962115,5.311593436962115,5.262719051050498,True,1.4751411616872476,0.3981729076238319,0.8252535519767802,0.2591252395429053,75.0,11.0,1.8564996649115793,3.734898282876505,16.053880244837742,10.802894131412137,332.8515373941397,1598.8268080830155,0.9497620795829749,0.9959282276046015
453,1941,-5.29823880086068,5.29823880086068,5.2626601176199355,True,1.4346198765172486,0.3656509579233384,0.7953911473973921,0.24799660949989366,88.0,13.0,0.9485308843055145,3.9382871853763173,18.85579639128712,14.947114739637264,274.64879395037525,1718.3895659377101,0.8918496285169193,0.998757741207224
454,3193,-5.294568743710926,5.294568743710926,5.26259293212689,True,1.5190553755911034,0.3996946668180241,0.8992772139587287,0.23270815228088296,86.0,9.0,1.3564893081353744,1.7774784500400136,16.321320827881358,9.290717181270425,351.5037818343476,1081.5881611862717,0.9649300726998735,0.7495220223353651
455,1004,-5.347223760479384,5.347223760479384,5.262572814427485,True,1.4518933857187455,0.3869113427745009,0.8632466271158297,0.27329658854102723,92.0,12.0,1.4794627094445372,3.587548253367201,15.628163599191506,12.056863126152845,345.0292485697752,1630.1327483491623,0.7764786827932533,0.8878165345498734
456,230,-5.285497772957539,5.285497772957539,5.2624860098111395,True,1.5184851470270542,0.3999322446022382,0.6952246470845546,0.19477822136823048,70.0,21.0,1.2009424664599384,1.3421089731340223,15.549513447737493,9.751246519927124,338.05822124969325,1698.038841565526,0.801456050644568,0.7837257440763045
457,1537,-5.266411855970866,5.266411855970866,5.26244998403581,True,1.3762997274360211,0.376913366774834,0.7590976408328814,0.18896699154474808,83.0,15.0,0.9243008901541623,3.347274656185061,15.852236047955802,12.601986884415922,389.2524160185512,1045.519616355291,0.7942091943747085,0.7389945061247372
458,2020,-5.278227834759447,5.278227834759447,5.262337402435612,True,1.4493702485860744,0.3965679260691607,0.8668862770233641,0.11531401287005043,89.0,12.0,1.063649321462867,3.0886225789191704,13.789140148397745,10.435546793616798,392.0770989275268,1476.1833989788158,0.8326703044519963,0.8010277919252919
459,1967,-5.282754942978277,5.282754942978277,5.262296976070269,True,1.493579930327197,0.3875887306041387,0.836883063495859,0.22546721190875874,78.0,25.0,1.062438166010158,2.681907001879669,15.399262278678801,10.274556923711406,379.9669107315396,1004.8719796676061,0.8933129734408806,0.815825303589222
460,2330,-5.274749268416755,5.274749268416755,5.262154744896495,True,1.4246584215611873,0.39270030069399137,0.8726884459473175,0.13962531279071277,92.0,18.0,0.955244701808585,3.2043276137860914,21.340757103137406,15.35624577100654,228.00543878717986,2162.0211536376055,0.9296344538693797,0.9294868432342236
461,1711,-5.273904885399691,5.273904885399691,5.262103181769681,True,1.4410757418272553,0.3929258969086182,0.890032192324389,0.16937849928710141,90.0,12.0,1.0636201408050525,4.191383614418757,15.301610210187357,11.589130419073987,366.5992430296788,1562.323245061792,0.9855628230749551,0.7292382555930481
462,902,-5.291160036316807,5.291160036316807,5.262018184931054,True,1.4160138435370473,0.3943423417210579,0.8703069419784517,0.2112358651966944,77.0,14.0,1.3227756158464976,4.088575498738265,14.621369155563073,9.316562734551436,433.18284433821157,1825.4090922569126,0.8417779752654365,0.8907979735279272
463,1876,-5.27168583955876,5.27168583955876,5.262016248930946,True,1.5217757171828215,0.3615552869723908,0.6965482955798508,0.2843045711331069,83.0,26.0,1.0810686428707852,2.675901558997965,13.063372634586205,8.805950418426201,403.80351207745275,1240.4790971572309,0.9967499539449517,0.8624198351643728
464,788,-5.266579341713939,5.266579341713939,5.26191753672183,True,1.4917572026704708,0.3963702282273879,0.781630710261482,0.15113192151872423,69.0,23.0,1.0276381134073502,2.623068466072285,20.948909934469558,10.89983895265241,306.7448375650979,1347.5184556055674,0.8060661411023212,0.7358824064925414
465,990,-5.28025727101954,5.28025727101954,5.261865177988603,True,1.476557341145511,0.36558913121095726,0.8623681887598085,0.22602488086702946,83.0,14.0,1.052649794876411,3.0502814862573047,15.676204736041091,10.738890111163034,363.6019791057607,1990.8902082489017,0.8369315450640827,0.7782780568389611
466,500,-5.26593541318544,5.26593541318544,5.26183000461692,True,1.4000177955819801,0.3847849190663695,0.813304283738621,0.13330657651916808,95.0,16.0,0.9534972519375657,3.481772664028583,15.250189132689325,7.2786830032271865,421.34745592306206,2341.6050640243584,0.8953242933799892,0.9440412856337599
467,2299,-5.2855824406712735,5.2855824406712735,5.2617871115554955,True,1.5093516084564107,0.37452881210232036,0.8825952509159296,0.1635998096856524,98.0,20.0,1.1037357749776473,2.646815300438183,15.315033135931696,12.235063567914157,287.2005602574332,1978.3127883991508,0.9451097965483715,0.9580996891036625
468,376,-5.3557678221490645,5.3557678221490645,5.261654991953314,True,1.4825751001672212,0.34494721241686777,0.7682806505609283,0.2491040145495566,68.0,16.0,1.6594122568436842,4.291749568578192,16.85683974678499,9.55447466040334,451.6415549746262,1651.0126536855137,0.8628748383920752,0.7724905302608598
469,1933,-5.27393954769992,5.27393954769992,5.261475316666436,True,1.4066002294014877,0.39988144598901276,0.8768525934127029,0.24792893792136728,65.0,20.0,0.8791287872256048,3.1559130496759105,16.146523402025867,12.328633479388749,384.6330725865813,2894.9783686104056,0.8032134551864429,0.7644138420274558
470,2355,-5.3139084240636665,5.3139084240636665,5.261259652655887,True,1.405099959106143,0.35128609375845804,0.825183646792235,0.17070134181628457,79.0,18.0,1.1502173687965884,3.8389391650624116,17.16882678681762,13.22342055446829,275.3924705132189,1385.6225516537884,0.9320255089238207,0.9628732882845921
471,2655,-5.269452850331373,5.269452850331373,5.260956660335516,True,1.491446680750153,0.3586039251869885,0.8684821485382748,0.14983429663634135,93.0,14.0,0.9575313690597673,4.167018538547239,19.29200876613102,13.767107859512292,369.0885776459759,2077.1821718752494,0.6957985804093678,0.6399427575884702
472,525,-5.325736529447734,5.325736529447734,5.2609002732598515,True,1.407012960691277,0.3737597916580724,0.7638083180642127,0.27540131185182737,74.0,18.0,1.4099264078992364,4.377448782183427,16.460039309458427,12.86747486176873,367.52806140570107,1324.5897809442579,0.7389035215657095,0.832190846801306
473,3135,-5.325736529447734,5.325736529447734,5.2609002732598515,True,1.407012960691277,0.3737597916580724,0.7638083180642127,0.27540131185182737,74.0,18.0,1.4099264078992362,4.377448782183427,16.460039309458427,12.86747486176873,367.52806140570107,1324.5897809442579,0.7389035215657095,0.832190846801306
474,567,-5.302512654454032,5.302512654454032,5.260450152585319,True,1.4642635361627567,0.3443083883815484,0.8455852996550657,0.17201356592159778,66.0,18.0,1.5388992555090102,3.9425780966819266,17.461886254179454,7.428300811431692,423.7967038713735,1619.4208077557178,0.8375966142515031,0.9560539842068279
475,3177,-5.302512654454032,5.302512654454032,5.260450152585319,True,1.4642635361627567,0.3443083883815484,0.8455852996550657,0.17201356592159778,66.0,18.0,1.5388992555090102,3.9425780966819266,17.461886254179454,7.428300811431693,423.7967038713735,1619.4208077557178,0.8375966142515031,0.9560539842068279
476,1671,-5.293658017296423,5.293658017296423,5.26038197424792,True,1.4494920982690884,0.38988126402429557,0.8017564615782425,0.13355868021042067,65.0,15.0,1.4528319056949395,4.183557204701565,16.96793477246212,11.394975229809182,364.58345691940315,2106.8521060535068,0.9466053786863455,0.7844739488540653
477,773,-5.266094852693976,5.266094852693976,5.260315763296832,True,1.504060400956953,0.38857878334996515,0.8620673895602178,0.29670098693634456,86.0,19.0,1.4649543652611117,3.5902183256273448,15.08576270977055,11.065867694304231,336.18468228075136,2730.67481830156,0.9042786122261244,0.9045271120874455
478,1060,-5.264972743606096,5.264972743606096,5.260240071866795,True,1.4797761083208079,0.36787969564271705,0.8375337523713992,0.2719453998401405,84.0,18.0,0.9374430620216727,2.956786547320189,18.710689750682135,8.460382418337403,373.07540859700003,2083.3390099158187,0.903197309986234,0.8570075737481512
479,1971,-5.272901815018686,5.272901815018686,5.260192548552417,True,1.5131133412213122,0.37770220691753253,0.8637343594591829,0.165286199941588,89.0,13.0,1.0655798061947321,3.438234290178494,15.162947918681557,8.098022205541852,416.94453099802485,2097.6088966948428,0.9828356873122099,0.8021021093637593
480,3192,-5.294690244055776,5.294690244055776,5.260100332482214,True,1.4416617983846987,0.3946175497922936,0.8393609335908322,0.12667347785336275,67.0,16.0,1.3051507510328004,3.1329115991529934,15.234223740629352,6.712360232254632,470.4979924309388,1933.820217183242,0.9412087086940265,0.8555375192113174
481,388,-5.269981538297394,5.269981538297394,5.259604760652898,True,1.5097244439491768,0.3532130000128912,0.7764842627328465,0.13580668144785113,85.0,27.0,1.0731071853593406,2.4336930632904177,15.431519673523677,9.590962519358824,343.4661788860025,1013.2228334665502,0.9763342679707143,0.8797256069270608
482,3199,-5.293113323516165,5.293113323516165,5.259565138524961,True,1.5136885061218426,0.3823230063838523,0.8120549507046091,0.271314141936833,69.0,16.0,1.6572466458622337,3.1241580210057536,16.42505951940448,7.556476489083271,377.8905028308564,1995.1912900174405,0.8895464048571129,0.9718819402767604
483,1363,-5.287335575361264,5.287335575361264,5.2595497627370085,True,1.4073728433748138,0.36476548073450077,0.858199626442055,0.14077753593125542,81.0,23.0,1.19292783391438,3.4200570874402008,18.479548608533648,8.579628942563364,350.6172801482379,1355.4047156607348,0.9305434180081991,0.9442026488848984
484,1743,-5.283932081799389,5.283932081799389,5.2594987463759235,True,1.4975422745345726,0.3741161432456332,0.8298471014649624,0.13736904941602662,77.0,18.0,1.0332390543435348,3.3957613408825704,15.87720100657825,10.296142380892674,411.8170095716867,2402.8672254237044,0.8915868246217886,0.7341460020972552
485,480,-5.306026581083186,5.306026581083186,5.259172690814476,True,1.3566540486892487,0.3455336864432693,0.8374650093642947,0.19051374155698397,68.0,17.0,0.9759255805695088,3.0685432915412623,15.107114207400155,11.70619228634893,363.63395218298655,2961.951040446521,0.9272424048944427,0.9487814323223283
486,2435,-5.330645273371633,5.330645273371633,5.258708012485483,True,1.3704316378097605,0.3977956082694514,0.7825438485424445,0.2233004514502959,85.0,16.0,1.2426327044273993,3.6922095922823486,16.447953432124827,9.011992656965722,367.20093443800306,1359.1326330735576,0.8846701218079929,0.9451376165250474
487,308,-5.310381354924402,5.310381354924402,5.25850377213967,True,1.4808162858652276,0.3937493693503674,0.8212993090636574,0.126001121153483,73.0,19.0,1.4089244082800247,4.016051486275174,12.824442359341974,6.935845215580939,449.9385230929092,1464.0510702272375,0.9403986551792298,0.9496253859328501
488,1424,-5.2854303600630494,5.2854303600630494,5.258416775250835,True,1.4981273238305104,0.3974163889214467,0.8021203603853339,0.1578705729567114,88.0,18.0,1.0019788950297408,4.317119259197764,16.47587327783345,8.038355779890225,475.60652794737825,2204.0025532679697,0.770098383817813,0.7906678114227653
489,2856,-5.261785990894568,5.261785990894568,5.258269407790426,True,1.4827963218929647,0.3520678159018878,0.8630101536656438,0.19877006959506643,104.0,13.0,1.0847108594113675,2.24328933864074,14.572781533609534,8.722516169578993,424.9226690439619,1346.8195772358463,0.8228241765654811,0.7574141804806426
490,2316,-5.328304575020247,5.328304575020247,5.258267763234764,True,1.4821723921521888,0.3667333172581143,0.7130791920521358,0.23115624245916339,78.0,18.0,1.2821030892043457,3.751375465293984,17.272777189751654,9.358741001569662,354.5781252556304,1430.3626905473689,0.924465624034861,0.8791198118926078
491,1817,-5.276713563906348,5.276713563906348,5.258248820769115,True,1.4235551018675383,0.37740773890714746,0.8967956231890903,0.12367751894863604,98.0,28.0,0.95974894171139,3.6272939203361148,12.22344815632466,7.2880811741021185,485.55720843022516,1640.6781241320514,0.9333190386817325,0.9844856841136149
492,943,-5.261233259461102,5.261233259461102,5.258148342995256,True,1.4348782555614736,0.3920266206695935,0.8966249475486008,0.22769385705596892,75.0,20.0,0.8105890960132078,4.262233924044707,18.069168803900986,8.285521017464003,381.29579944373967,2116.938362809423,0.9696290342211414,0.9924875638667132
493,685,-5.306735976722885,5.306735976722885,5.257699639507743,True,1.451153411840325,0.3507453594666672,0.8457396913991297,0.18156020956902116,87.0,9.0,1.4695446118053206,3.752404937835583,14.559897877461964,10.385615136576712,395.236036474974,1646.8430302203606,0.90142948474767,0.955633948954533
494,2549,-5.279950341417371,5.279950341417371,5.2576342760869315,True,1.4242363419316448,0.3949751428867456,0.8426342131262978,0.2524203843138225,80.0,17.0,1.018776399893972,3.7678300294808347,19.052961129278195,12.554589941198396,331.85561273550815,1702.3173208012647,0.9263831806712151,0.7165988027244845
495,1988,-5.305369927156679,5.305369927156679,5.25760875960904,True,1.4971571031669066,0.3918197109081982,0.7257168081477157,0.12691544858391363,64.0,17.0,1.4261737725580534,4.2293974528389136,19.16018050942997,10.562241809898843,410.1564371280516,1254.6647125712607,0.7824133459174039,0.7637222752453268
496,452,-5.264216048697732,5.264216048697732,5.257512294606505,True,1.410872898536843,0.3829010684054803,0.8373373743513935,0.23630710350688836,77.0,23.0,1.4636164032957872,2.6200720130635426,18.485090868339203,11.846509149535647,294.60949832573976,1252.3319700813568,0.9333966307070061,0.8718832710314315
497,2979,-5.270489666937401,5.270489666937401,5.256970860601815,True,1.467332309647417,0.3634509452353522,0.7545580440491664,0.18219437765728383,79.0,20.0,0.9112291625143671,4.048305782237422,19.580143455500906,10.294133990836977,412.0518577662404,1413.0783529157682,0.8327990199570037,0.7362841311496674
498,1719,-5.25912541707376,5.25912541707376,5.256462830552291,True,1.498093019748021,0.35541912722661034,0.8301779818490032,0.21436578221577543,81.0,24.0,0.9246807861929947,3.282004549098534,12.584608849319252,7.693510922262343,473.0198693162261,1202.2169168132434,0.8830619056486527,0.8693363511038492
499,1860,-5.318557477334358,5.318557477334358,5.256068820178581,True,1.5079975938723225,0.3869052920973102,0.8267880682492328,0.13061484164679904,66.0,18.0,1.3706043410674873,4.111247150092161,16.780332505562924,8.817990250852453,415.3990306251221,1341.2044731191158,0.9569664393985287,0.7454545774642456
500,652,-5.285665775261955,5.285665775261955,5.256059073048909,True,1.4593310500144308,0.35570640722373265,0.8545910334981262,0.28851288650075124,82.0,19.0,0.9356488189185477,4.246918548849473,16.48910933049933,11.005076090856857,353.78362371660455,1679.8720098254748,0.8195700757129455,0.9369086332181968
501,780,-5.287808601353079,5.287808601353079,5.255866406094494,True,1.47203334214621,0.39596841620805623,0.8383713774064332,0.24154230243043737,87.0,14.0,1.1992322150329013,3.4574826267943473,14.07808338250821,9.520852969133406,388.2723920522379,2008.0466755667735,0.8002739837517295,0.9312541257482108
502,1313,-5.2799252578438285,5.2799252578438285,5.255630516280911,True,1.442677229355752,0.3932703430473423,0.7977182732770579,0.25243701426074194,65.0,19.0,1.6777071633065275,3.310757639060752,16.00211081985671,7.54005494492567,435.38572596935126,1719.8294952222031,0.7865943307460634,0.8610650190955541
503,2427,-5.266414320001333,5.266414320001333,5.255419254864275,True,1.4553196945429194,0.31520752311879763,0.8403020308784975,0.2719832016831987,91.0,18.0,1.0705701748263006,1.5373564161026854,12.12877363091905,9.322513145053765,365.70501492687157,1250.1364026033498,0.9859861866145594,0.9863839349276151
504,2865,-5.300245759519958,5.300245759519958,5.2554178025552485,True,1.4956741382589784,0.3525822664056466,0.8608897669015012,0.11645073952180775,66.0,12.0,1.7817870638036937,3.3152661958094476,13.73874838512686,10.219386094240827,430.3609983537235,1336.300757385036,0.8840986424217696,0.8538275812352989
505,2742,-5.297998137142847,5.297998137142847,5.255071982860347,True,1.4351774757842488,0.39569128554755445,0.7868599328611015,0.19856466351489216,79.0,15.0,1.3112076004038218,2.203058785372009,12.290129467077458,7.648628893836792,480.71928320512313,1676.3709332086817,0.8211788047174498,0.7339554695480397
506,1391,-5.28208478383924,5.28208478383924,5.254720497978518,True,1.3069494682562846,0.39073103655107566,0.8462567633175957,0.08309371611042826,87.0,14.0,1.0303303894405205,2.44342972573188,13.285950420173648,10.352995648218215,358.3408776166561,1843.5285227178465,0.9396630034343509,0.9307807274549249
507,3175,-5.306357802512973,5.306357802512973,5.254365279163656,True,1.4242788362269558,0.35324716603899636,0.8239797968850294,0.09423791052031906,73.0,19.0,1.5900655439585303,3.4524373767253964,16.49243855200958,10.735337106160069,339.8471852107596,1105.6646904731479,0.8336905695605026,0.9672449421897834
508,3176,-5.306357802512972,5.306357802512972,5.254365279163655,True,1.4242788362269558,0.35324716603899636,0.8239797968850294,0.09423791052031906,73.0,19.0,1.5900655439585305,3.4524373767253964,16.49243855200958,10.735337106160069,339.8471852107596,1105.6646904731479,0.8336905695605026,0.9672449421897834
509,362,-5.270767674117529,5.270767674117529,5.254305957925272,True,1.4780598181686466,0.36676193436185034,0.7613040440354779,0.14886339875669968,85.0,19.0,1.055876390186388,4.275234721002892,19.218165916148536,12.9157844592332,408.52266746933657,2996.9451054918663,0.7930829841074916,0.7415626311265168
510,1186,-5.271812677094715,5.271812677094715,5.254156842871263,True,1.4339161106096499,0.39778483386628216,0.8772805515574811,0.0912958771875311,85.0,20.0,1.0219017658604364,2.793765541504985,16.153358619838276,8.449993674984277,463.5320798052147,2575.155995643114,0.8222477007062636,0.716252251610981
511,516,-5.280341309782066,5.280341309782066,5.253598304620958,True,1.5201673369482807,0.3623425204449381,0.8768494654050634,0.17677688483310533,64.0,14.0,1.8544106371738245,3.831917699253564,13.708882235885957,8.12105571870617,476.3806658089334,2077.160398763334,0.8221194829735562,0.8815335881115728
512,1170,-5.306841050703548,5.306841050703548,5.2535485110448015,True,1.418757113791583,0.3851926405456615,0.8600819905751348,0.2259346525845578,100.0,12.0,1.2284015130177712,3.841594145128994,13.4210134599755,7.284322714322844,472.93594798547446,1629.052755665211,0.844746285503982,0.8816026142348113
513,447,-5.25428352715494,5.25428352715494,5.253479099938456,True,1.4190824210873985,0.3918902678434213,0.7633645162342563,0.13868871651722378,73.0,21.0,0.8734243450490848,2.6330181173332057,16.688964947573268,11.761501579892215,265.62038229190705,1626.7466625111074,0.9379513591086779,0.9616094684953387
514,535,-5.320181725630109,5.320181725630109,5.253154714326284,True,1.4252271780616492,0.38710616660715835,0.846585743620838,0.18449024456998633,77.0,15.0,1.0226620579377794,3.944202777259751,17.421043243148937,12.723197347529558,328.53780769178405,1805.3690331471007,0.914900492395738,0.9427891186346044
515,1064,-5.315250858060612,5.315250858060612,5.252886907702251,True,1.516164072850903,0.3767918539675693,0.860191710663196,0.2558670225566754,75.0,15.0,1.3133330907610634,3.220192084958853,14.007742322723438,10.04223689372542,416.44946734688534,1625.478916875743,0.865867586818173,0.7286086601743723
516,413,-5.270298158673047,5.270298158673047,5.252806961237303,True,1.4546586365917735,0.3869780423714556,0.8334930642153701,0.12431608194686529,87.0,26.0,0.9177073812778165,3.108968272122828,12.369215010744696,8.312210866567773,488.579863821958,1627.0628690250928,0.9559854982958764,0.8913761932172978
517,2682,-5.325725347342393,5.325725347342393,5.252781112065887,True,1.521143540550947,0.39247158232269275,0.7753801496189023,0.18756845660115096,79.0,17.0,1.3594555612582586,4.386571556173068,18.81185980894501,10.198859833911442,410.4516715482631,1276.3591965772343,0.7349140686481923,0.7763624549161168
518,3136,-5.325725347342393,5.325725347342393,5.252781112065887,True,1.521143540550947,0.39247158232269275,0.7753801496189023,0.18756845660115096,79.0,17.0,1.3594555612582584,4.386571556173068,18.81185980894501,10.198859833911442,410.4516715482631,1276.3591965772343,0.7349140686481923,0.7763624549161168
519,2872,-5.262985324183493,5.262985324183493,5.252686835200924,True,1.4450878544068444,0.3821197945930204,0.7961456810816645,0.0866832091030806,91.0,27.0,0.8323437745554931,3.776113628778408,23.00430500138932,14.003263727635286,306.7353979267424,1190.3376325443696,0.8366330935517118,0.8214087357459081
520,1285,-5.261801524999579,5.261801524999579,5.252573494621586,True,1.4802907632954665,0.3859098657320845,0.7472895977724372,0.2934699329148207,88.0,19.0,0.9136882250701988,3.120736511282224,12.934500544481004,9.320232230624303,390.3712986439533,1091.8910279853221,0.9929855820783327,0.9877196817369787
521,2124,-5.260571508597156,5.260571508597156,5.2523986530914595,True,1.3843537343688093,0.3919126291202554,0.8740967565189927,0.1970659513445076,75.0,17.0,1.0804778110886821,2.926716140384902,20.442491458030158,11.279889493712247,270.3476328909925,1718.3238831503286,0.8598313399276559,0.9676334423061907
522,2552,-5.309622160697048,5.309622160697048,5.252078637404241,True,1.436973203967991,0.3580025789726984,0.7094320219507141,0.2531349534229538,74.0,14.0,1.148119514295033,2.701942633562782,17.454822928181212,12.645889911087858,313.73288248489916,1003.9685152587336,0.9264606294098741,0.8349111069135401
523,1918,-5.267743764625123,5.267743764625123,5.251692798193106,True,1.4042444481079588,0.36227766591681604,0.8529080364997447,0.29173751807119386,74.0,11.0,1.9675732441474343,4.289948935578812,13.492157799195887,8.792026094039324,481.7563542936468,1427.8791253019408,0.9183748342171402,0.9461513873166002
524,593,-5.330467324174141,5.330467324174141,5.251333732490187,True,1.4407544910948193,0.39754548048817484,0.7594608985912765,0.102589239687522,73.0,17.0,1.7536597493807329,4.4107631527103495,12.80544714147046,9.976610503506677,432.991768006901,2250.020970010283,0.7751273411967836,0.9857929337181786
525,1505,-5.2977763026339275,5.2977763026339275,5.251097704058719,True,1.5018520915477724,0.3811491576775298,0.8606418701236684,0.29755144522400134,76.0,13.0,1.6344386270799451,4.156515026747128,19.464825885970114,10.350469672869604,353.4744203177306,1747.6378009665643,0.8423446671343258,0.8828278268661234
526,3122,-5.334294937383945,5.334294937383945,5.250879219905668,True,1.5081904764005554,0.3859768284571786,0.767785222209094,0.1306430605395357,74.0,16.0,1.5694863274933117,3.586822048036864,14.657594600942048,7.835441464427667,452.8063891439224,1495.7061256436177,0.7981892574943414,0.9461564206838475
527,2678,-5.260505896992516,5.260505896992516,5.250538884028542,True,1.3661728821425991,0.3886557879220012,0.7506048404601591,0.08735692032852367,69.0,14.0,1.5450512874000082,3.807583887303403,14.2636854019375,9.0038001166111,495.62795783570596,1327.7543690777734,0.8760233580404547,0.7469724859937728
528,2652,-5.2845718030269495,5.2845718030269495,5.249613571352798,True,1.449259529552799,0.38541511262866346,0.89881201851605,0.1635679418942485,74.0,11.0,1.4991051051706068,3.18826311469578,13.219654903683782,8.883559243370716,496.16854602258206,2484.8640220223106,0.8836882698390871,0.7530047207108868
529,3080,-5.375754477613337,5.375754477613337,5.249605560669736,True,1.4545025347169998,0.3734416852489416,0.8528882719372466,0.11422239810258153,91.0,14.0,1.9006671140860274,3.0419091711671946,14.932578216387277,7.535264633300647,413.12163567093586,1913.4099063724038,0.8239982571362947,0.959165959959372
530,1999,-5.284442551525588,5.284442551525588,5.2494960693235875,True,1.4695350755761951,0.3699730099820059,0.8097312642877469,0.20144084546925226,77.0,20.0,1.0164324205630104,4.101401235121333,18.575345825868116,11.691477251474659,342.00748417961387,1090.2491157231916,0.833812209782083,0.7967791947358334
531,379,-5.265091624181316,5.265091624181316,5.2494188840055145,True,1.4943857631236694,0.3106051098536596,0.8748115943149,0.09039872842175699,81.0,18.0,0.8833310276509465,3.2729119234231248,18.933123175638023,9.957415059162116,350.3851715355301,1410.4124878264035,0.9222273551530002,0.8991949800577079
532,2114,-5.263527432077892,5.263527432077892,5.249404246737724,True,1.4766528789392988,0.3787367881689301,0.8737361998976438,0.11762906533323689,87.0,20.0,0.8979919906825649,3.8791211689808156,21.314472788306094,11.896503268354664,340.12205851017166,2299.826953519856,0.8286358323500921,0.7669063147525862
533,1472,-5.25181284495628,5.25181284495628,5.24879340110924,True,1.4977214255457825,0.38601251644272994,0.8178966882810177,0.2569554139216551,86.0,28.0,1.1997975483071563,3.3802700883714385,14.156940421202856,7.912544692679507,434.9979464857063,1669.2579065311265,0.8577915882623572,0.9394111665352518
534,696,-5.328694746847525,5.328694746847525,5.2484602483390805,True,1.3964703981333442,0.33690016437262416,0.8912097723112596,0.27033543734800625,86.0,16.0,1.1893275490571675,4.295953571139083,15.29504752403404,12.235982744486694,402.3285713087223,2087.2147376933985,0.7047722711099413,0.8663672204668234
535,409,-5.259771933072976,5.259771933072976,5.248442574784564,True,1.363520611525665,0.33775297052059505,0.741920020670787,0.1686211323055276,83.0,14.0,0.8589482944093765,2.5889591509362235,14.45217451508572,8.164148953887054,437.59778942616197,2489.7900551726775,0.9733862348170472,0.9214237714875944
536,1000,-5.323731922110148,5.323731922110148,5.248403403679615,True,1.4197888497774822,0.3662268899602163,0.8775090144691213,0.25961712550496957,80.0,18.0,1.57612158358318,3.926577238598828,13.41360785606656,10.149310230749691,411.48455397704214,1783.6951952897716,0.8073477605863622,0.9597013257551239
537,1886,-5.2694296499339215,5.2694296499339215,5.247945128348168,True,1.4279754052554545,0.39412821676680454,0.8784932815507409,0.23388246159799497,78.0,17.0,0.9646499316480908,3.5747253843969973,16.529115523959735,11.458005818365498,367.03256882562255,1305.0575118133506,0.9428979941178981,0.733784033652589
538,2604,-5.263136153636377,5.263136153636377,5.247867173885636,True,1.5163888213431473,0.3554683805188723,0.8290160617714162,0.16758328988393553,94.0,22.0,0.9139577477004996,3.051978883682284,16.262532688886957,11.941997779952793,339.3564393918101,1500.2573803656169,0.9933091417703498,0.8719277421474986
539,1923,-5.321646293825287,5.321646293825287,5.247851292502913,True,1.520472517789212,0.33168820155581447,0.7595581055862096,0.21495317626531613,63.0,18.0,1.2961997830926917,3.651953270776367,14.726999835220923,10.636690479393453,431.2236106887822,1105.8044518909032,0.8320157928731047,0.8069612682910917
540,1942,-5.267624370346851,5.267624370346851,5.247724892855698,True,1.5218053808894692,0.2950710965801637,0.7938866201300064,0.23943243892284158,86.0,16.0,0.8891706669075137,4.2908924963360935,14.488750958159377,8.737265922062546,474.3038398571798,1695.2187462311153,0.8332921173561865,0.8453941158485694
541,243,-5.269693621609859,5.269693621609859,5.247629256428469,True,1.4480817668561767,0.3863008932230634,0.7938483512614602,0.20344888522482688,88.0,8.0,1.3248535040260863,4.24568887062561,20.669348723424882,12.774783254788396,320.13826397939107,1501.2777744478053,0.9238215044540383,0.8185625474064111
542,1504,-5.317197512115691,5.317197512115691,5.247359959556361,True,1.5207508447812024,0.387361095800087,0.7398691634062755,0.21391344799026307,76.0,17.0,1.2059344211048624,3.00677514964009,14.809270621366158,7.021479923813301,465.49148748811365,1156.740352236763,0.8530320761743471,0.884288721034041
543,2187,-5.266978222932148,5.266978222932148,5.247346831549374,True,1.409557755515254,0.3963440007926501,0.8738780301017965,0.08979758144188767,70.0,17.0,1.3352530405593053,2.8216159259984828,12.767243789878783,8.879657856963192,377.0991214204024,2414.951968857045,0.8905672506253115,0.9506747287969057
544,2123,-5.254954172482208,5.254954172482208,5.247327376078793,True,1.4254488255080613,0.3641457274094787,0.7955831066746155,0.14448173880082102,73.0,11.0,1.506051202540881,2.4857408927676055,14.533670857227525,10.183296855556133,363.2943710331422,1559.2250256732036,0.8884318084881169,0.8788434357976331
545,2331,-5.252234676137233,5.252234676137233,5.247228788808945,True,1.3994629144839774,0.3961365242709468,0.7872192097478217,0.2601435984346294,81.0,20.0,0.776532228538029,3.5488792795434216,18.449688571501806,11.85559443785237,375.83167406428987,1590.3959371712745,0.7623694896801496,0.8065920872691164
546,161,-5.255541564311131,5.255541564311131,5.246966819150389,True,1.4930603912973148,0.3948592489003365,0.7210152687796485,0.1339715602942005,72.0,24.0,0.9643411362807639,2.654178116442554,15.46560275819773,7.827887585083836,447.7202171506733,1241.916480364996,0.7473181367020744,0.7296491810909778
547,521,-5.3114434806935105,5.3114434806935105,5.246644974393043,True,1.4296354228498964,0.3901628059515726,0.8972352743992946,0.13306339548216606,80.0,14.0,1.554343945478799,3.5571403383366063,19.19771461788994,9.033377034189696,386.6597595406054,2495.492839468701,0.7965309493656105,0.8197257192039926
548,108,-5.267764773618711,5.267764773618711,5.246451852324043,True,1.5084747889598353,0.36041378886987946,0.7279374999785473,0.16006623716203894,74.0,16.0,1.0749191770457633,3.2274119356430813,17.659808262749248,9.9011894273575,324.0656615531318,1670.3767758164345,0.9784089706451422,0.8010856620917963
549,1897,-5.28606140391774,5.28606140391774,5.246381707218141,True,1.4885172327002583,0.3740507916984893,0.8777403645185755,0.1483381332638004,83.0,15.0,1.0545845446014956,3.982378282664777,17.080789235880026,13.585168735349871,296.5935782568493,1613.0016495964112,0.972417296408074,0.8089947797736625
550,391,-5.267925145320259,5.267925145320259,5.245971079654881,True,1.479151919935877,0.31563677058128853,0.6678748426623353,0.11363356684186364,66.0,16.0,1.27464427744883,3.670169454673812,18.659927995481702,10.15156475781033,402.8932579808511,1582.8628882844432,0.7936272789258434,0.7627570334058946
551,2991,-5.277909208730314,5.277909208730314,5.2459643357310455,True,1.4809448995467474,0.3740729100588983,0.777762929030111,0.2269036918358101,70.0,14.0,1.5620691995626255,3.7153940610384417,20.415102876572398,10.702399176784008,325.47208375785704,1555.251350017765,0.8491802661399099,0.869538917797084
552,2946,-5.256824153689974,5.256824153689974,5.245855584807865,True,1.487438106429498,0.3135500317418121,0.871936467778515,0.1845372088937126,98.0,11.0,0.8954569954003777,3.240006934732947,15.268750519642113,9.813980025707288,403.5145605884348,1408.0123196326094,0.9636292881784909,0.8536393693284403
553,2980,-5.273539679405194,5.273539679405194,5.245661143904899,True,1.4669995186895999,0.3948964068518951,0.8494162635702457,0.20343191598864996,70.0,13.0,1.4678795139006737,2.926113468358092,13.42654566701022,8.367988619456852,428.81885510505754,1159.307537695996,0.9414769864303487,0.8787661709908873
554,2455,-5.261563319631572,5.261563319631572,5.245423829484482,True,1.5041811065511148,0.3492691525018002,0.8462838142042749,0.24821176027020453,84.0,10.0,1.392517265550195,3.682687904894437,18.24789914855984,10.080211870858495,370.2779906592986,1441.0952360936685,0.8336344861878565,0.8938078599507806
555,871,-5.32855565292979,5.32855565292979,5.245233453260854,True,1.480967806516152,0.3791859832385947,0.7731577958719809,0.16959923466318733,78.0,16.0,1.2516451121142917,3.61093123063605,18.55089691643164,8.430700951701168,389.5640232518996,2393.3015350128253,0.8792367455359789,0.9091814596644449
556,3131,-5.32855565292979,5.32855565292979,5.245233453260854,True,1.480967806516152,0.3791859832385947,0.7731577958719809,0.16959923466318733,78.0,16.0,1.2516451121142915,3.61093123063605,18.55089691643164,8.430700951701168,389.5640232518996,2393.3015350128253,0.8792367455359789,0.9091814596644449
557,64,-5.257500854008656,5.257500854008656,5.2451284705712755,True,1.448362563534133,0.3920036268887223,0.7425340551112657,0.20123311422913562,86.0,27.0,0.8815345641109968,2.9333720980096905,12.702965683269515,9.78061366811458,400.49838324934706,1218.4508310160709,0.9502745405568982,0.9479670345279185
558,2602,-5.296151827842703,5.296151827842703,5.2448641299279375,True,1.3994608057829978,0.3639605457795369,0.7634808757493593,0.14502138751943663,79.0,16.0,1.11096142138721,3.2328459939153587,16.969302289469937,8.047172847951284,382.18794192224703,1185.0987946413916,0.9233705947446442,0.9527546852038564
559,1532,-5.248119843283687,5.248119843283687,5.244348934527978,True,1.510610805793974,0.36787577377130276,0.8500441368597496,0.08768052218499539,68.0,22.0,0.7484481545415869,3.399792876235079,15.438987847408066,9.460226521825422,418.88902718712137,1711.2275443658732,0.9095979541959098,0.8538056705518966
560,933,-5.261576343873713,5.261576343873713,5.243920237742138,True,1.5036251485832657,0.38532475708597447,0.8748890216679968,0.17407984969600285,98.0,15.0,0.8044400487381975,4.362314843992098,16.53293090861901,11.99097752900465,388.2933199259758,1333.409435091031,0.8640641844386521,0.9031446077276498
561,631,-5.327029477884106,5.327029477884106,5.243709985657424,True,1.4886526307352936,0.3904356881108686,0.8241990915289604,0.25577196575135475,68.0,22.0,1.4755468161870304,2.9024112059765477,16.352696480942917,7.864750355757177,409.49618990890787,2797.0529309013436,0.79335583980627,0.8655965950389499
562,3133,-5.327029477884106,5.327029477884106,5.243709985657424,True,1.4886526307352936,0.3904356881108686,0.8241990915289604,0.25577196575135475,68.0,22.0,1.4755468161870302,2.9024112059765477,16.352696480942917,7.864750355757178,409.49618990890787,2797.0529309013436,0.79335583980627,0.8655965950389499
563,829,-5.253536570412061,5.253536570412061,5.243601043379302,True,1.3784447503822839,0.3566798815927864,0.6762279938205304,0.27245332447637527,75.0,16.0,0.8208245931412288,2.772271757024816,22.50969408545643,13.035068567949454,293.4191874752974,1014.8277133703232,0.8830156118402966,0.8338920660316944
564,3156,-5.314328931759457,5.314328931759457,5.243399047789632,True,1.4407661689831612,0.3990712324675544,0.8712952410137551,0.13955504361768167,74.0,15.0,1.4565852464258322,4.343857970817433,17.83443934832358,11.19157410038378,349.04157876986085,1557.240865681732,0.9230298226278217,0.7815198130902992
565,1327,-5.350950422872824,5.350950422872824,5.243355044122227,True,1.5136885061218426,0.39810489774054725,0.7807631880570051,0.23715044871066993,79.0,15.0,1.6572466458622337,3.465826995128113,11.570552939718473,7.623997155874758,470.0293657335763,1995.1912900174405,0.8907905045637055,0.9718819402767604
566,1055,-5.26000730200352,5.26000730200352,5.24332260729709,True,1.399482225207926,0.3746142173122414,0.819259327010615,0.2759424275811864,90.0,14.0,1.4232515884161274,2.9431090343195083,18.19815153344243,7.28362389870367,416.9845628549119,1765.1573518762216,0.9097489931880101,0.800064967175338
567,1620,-5.245127943925918,5.245127943925918,5.243237325228193,True,1.3416900280267867,0.39339028366986584,0.8630578039993213,0.09995915621277793,82.0,23.0,0.9531500947140861,2.6776318289066485,16.5238010018497,8.016908688930009,365.36053598723953,1931.5154164972903,0.9618067588118069,0.9636019689291304
568,2442,-5.2867243039789535,5.2867243039789535,5.243009655642171,True,1.2930431577916341,0.3991600064386216,0.7370138818502336,0.1280918112202491,67.0,13.0,1.3637138774561726,4.227907726135784,14.123503449899156,8.568852217922034,493.87670071318655,2274.2605441022843,0.9899636890818457,0.9093027275350757
569,2006,-5.244282025374077,5.244282025374077,5.242381083176877,True,1.448721089616999,0.39999472771400235,0.8488832560278505,0.21218672761500187,99.0,18.0,0.7956495727385282,3.404229662961534,15.048942635460985,9.880868656662683,384.9797377970041,2303.2620224981015,0.9328494372801119,0.9389275561398287
570,3050,-5.281871734550888,5.281871734550888,5.241947789069176,True,1.4375864837000016,0.37470753156314185,0.887910585092998,0.1051323427014334,77.0,16.0,1.0289617106952447,3.7176176041800355,15.132435312912536,11.21699606309332,435.7924847993351,1334.2785403228906,0.7470853338806176,0.6671873769147222
571,841,-5.266399635056848,5.266399635056848,5.241862464200153,True,1.290866372548177,0.39249688500060365,0.8708172940374477,0.23055345636625468,74.0,17.0,0.9657253709136593,4.0553934829574025,16.7992719125815,10.993164366818966,378.2159496301066,2471.2989899432373,0.856235456678816,0.8950501469073611
572,2822,-5.316684486087414,5.316684486087414,5.241755031628239,True,1.395096851622361,0.38108665022105237,0.6846763520129995,0.16450687643049824,66.0,19.0,1.1822117113483523,3.30273557913686,17.00944306145772,12.335450711139725,317.09176767698443,1635.0319328524388,0.8353027336322216,0.938959351599467
573,3158,-5.311795311090179,5.311795311090179,5.2415325640091215,True,1.5198194638140339,0.36113822921655253,0.7663937261481375,0.16812759796194277,66.0,20.0,1.0820701357231655,3.232171502037814,16.4747921174163,8.967283786938136,380.13558165467936,1506.807954945249,0.9088324812802264,0.9152831688433771
574,610,-5.2998629320117905,5.2998629320117905,5.241350540135016,True,1.4502664465927335,0.39782598332133456,0.8956006101213289,0.22318134071166956,84.0,16.0,1.1061442618973167,3.8285119289376652,15.368066319132923,10.506947416183092,349.84750143728047,1568.0388499529213,0.8970721380766737,0.8881063120164756
575,1782,-5.250243342026131,5.250243342026131,5.241336219257482,True,1.4725005374282225,0.37626569433322166,0.8023870583072209,0.15574997809652402,87.0,13.0,0.9577445310675272,3.272611805911543,16.17688394187648,9.151034234952238,415.9095240552964,1264.7668674604427,0.9925882703534814,0.7041494627790654
576,2557,-5.25554994089578,5.25554994089578,5.2411370352798015,True,1.4548977839928023,0.39560485589826566,0.8572556072298115,0.2198277796300906,87.0,16.0,0.852236220613122,2.658740619209086,17.887594957233198,11.566535758086497,316.6889805957364,1771.2048726081555,0.7908687381707686,0.8923192140955201
577,1503,-5.307702650384494,5.307702650384494,5.24094053872157,True,1.384581673356505,0.3817693207426554,0.8908406079406578,0.1736948340533006,79.0,16.0,1.157036270916433,2.9788543640952367,14.00505163218538,6.279042894110231,467.0642408001635,1780.1521911057112,0.9359680491950051,0.97102860553368
578,2657,-5.244603918384357,5.244603918384357,5.240534018821778,True,1.4770656991652313,0.3716344838127546,0.8923755171186043,0.0946975747985793,98.0,14.0,0.8833807454381928,3.7843254930601096,19.232525822421497,10.01933922808977,338.1385097149222,1950.227071457883,0.8056070082419733,0.8210113948942108
579,2870,-5.24285862517149,5.24285862517149,5.240333794632301,True,1.5210606420517956,0.3416265946313758,0.7002538085228797,0.19135863324852792,76.0,17.0,0.8304992592893541,2.0069387674792667,19.389760682798965,13.201114678970951,277.9306084392794,2052.9254878424845,0.740908889369793,0.8048776952393663
580,1633,-5.326851500914686,5.326851500914686,5.240273796746222,True,1.435846081147275,0.3871615803809074,0.870000967505613,0.24796649547668434,97.0,8.0,1.5683161737337838,3.2268192535155156,14.345065868663067,7.038170348919994,451.15682907680934,1396.552688603783,0.9061190986765008,0.9701272418956441
581,3134,-5.326851500914686,5.326851500914686,5.240273796746222,True,1.435846081147275,0.3871615803809074,0.870000967505613,0.24796649547668437,97.0,8.0,1.5683161737337836,3.2268192535155156,14.345065868663067,7.038170348919995,451.15682907680934,1396.552688603783,0.9061190986765008,0.9701272418956441
582,1446,-5.254021413062574,5.254021413062574,5.240122717062226,True,1.4728812505503368,0.369451317759671,0.7359548237184975,0.22406051735847438,77.0,15.0,0.8223972864919347,2.9138692673591957,13.281888111812457,8.82662626006654,456.7136406862628,2419.0141643720685,0.8795070550906698,0.8512957503591092
583,1930,-5.3249323684349985,5.3249323684349985,5.239950495278487,True,1.5060753265586326,0.3812548809573348,0.7627686514471121,0.16240070504377468,59.0,18.0,1.4507725244129321,3.850747929349711,14.969605815359273,8.936867800822746,411.19712487394133,1506.9274220223333,0.9898647353262151,0.8817515541683305
584,1776,-5.294621301032786,5.294621301032786,5.239879304307017,True,1.4958663798051515,0.38703284414703965,0.8855117264520667,0.10117195157350925,58.0,12.0,1.9211500711390628,3.811464533215549,16.35483187244114,11.096624216480519,391.9455399552944,1526.9425166580927,0.962288172252997,0.8182646165356475
585,1150,-5.269177728374165,5.269177728374165,5.239829730497268,True,1.4032740372021408,0.36973927730480793,0.8663240203312115,0.19618479140173875,76.0,16.0,0.9833163989085338,3.5059665912093108,18.058669498791936,7.581126650766904,454.6915733911961,2003.4120530439636,0.8496458370730358,0.7557474859224127
586,882,-5.254391237696234,5.254391237696234,5.239363174337209,True,1.4126260999766156,0.3300318850045726,0.8929904496868868,0.2554307774489134,95.0,16.0,0.8555040415250863,3.7443585973385582,19.334072180362632,11.26515740379573,332.84472870958905,1703.510560095511,0.9457755896515312,0.8780205240818202
587,2138,-5.260828290951434,5.260828290951434,5.238920294348363,True,1.3763176143088443,0.3871725097928984,0.7785360114341298,0.10233969458984335,65.0,21.0,0.7743800230685081,4.254265084190004,21.095968037359007,12.296031526509594,353.2637887476173,1659.9751612284467,0.8475193078801191,0.7950475108730357
588,2664,-5.3467879171919215,5.3467879171919215,5.238572936925344,True,1.5081904764005554,0.39240407022425344,0.7991197255696352,0.16976229560244385,74.0,19.0,1.539314986218055,3.3213594567870213,18.947738274635636,7.835441464427667,383.7500763220382,1190.8120906501986,0.7981892574943414,0.9461564206838475
589,2547,-5.251436709324983,5.251436709324983,5.238184828243552,True,1.4643543698925967,0.3623216124273062,0.8996561648151895,0.09735870676453351,82.0,15.0,0.826435633799111,3.2518299408466644,19.179390903872847,11.569195217139296,278.9623958525281,1781.141999408407,0.9765354802981102,0.9639267056203102
590,1047,-5.286669647397278,5.286669647397278,5.237732319544247,True,1.4763975114721386,0.3913601411723849,0.8433300556181551,0.20891871209833873,90.0,14.0,1.2966740926891474,3.3817989175574903,12.696780087220422,5.885109371449547,479.04526806669605,1166.3698265249427,0.9561567789731467,0.9047689781727869
591,935,-5.310717127014026,5.310717127014026,5.237626318644567,True,1.4903951717540702,0.35484265669493625,0.8464851572743206,0.2284543214226567,80.0,15.0,1.645954214374511,3.5228776047555854,16.691587804167405,7.000758726530157,405.52187980750836,1712.7421401132442,0.9371758579568201,0.9925281650975819
592,3159,-5.310717127014026,5.310717127014026,5.237626318644567,True,1.4903951717540702,0.35484265669493625,0.8464851572743206,0.2284543214226567,80.0,15.0,1.645954214374511,3.5228776047555854,16.691587804167405,7.000758726530158,405.52187980750836,1712.7421401132442,0.9371758579568201,0.9925281650975819
593,2033,-5.3106058447793,5.3106058447793,5.2375687777010835,True,1.4389428307479597,0.397798511682817,0.7775860341830729,0.18676824070412743,69.0,18.0,1.1150964314907585,2.4931523510485225,16.085781961619823,11.617372197403167,318.5016951770372,1362.515589909175,0.8616321815303052,0.8991001356066466
594,3160,-5.3106058447793,5.3106058447793,5.2375687777010835,True,1.4389428307479597,0.397798511682817,0.7775860341830729,0.18676824070412743,69.0,18.0,1.1150964314907583,2.4931523510485225,16.085781961619823,11.617372197403167,318.5016951770372,1362.515589909175,0.8616321815303052,0.8991001356066466
595,1654,-5.308535694416074,5.308535694416074,5.237384725332456,True,1.4561416610944873,0.3919141199205013,0.8434960468893147,0.15066859989252349,77.0,12.0,1.9763876400074745,4.46789490298983,16.403692263092136,11.71496196155942,341.7689763147496,1052.8468210843994,0.9123880986969409,0.9199073655139698
596,954,-5.245863604779929,5.245863604779929,5.237121752164596,True,1.4162431696043078,0.3912581778535078,0.8450227417438143,0.23373968744205834,89.0,16.0,0.833432264183825,3.1883664435007764,12.834204421831757,8.461325630177697,442.12337926577123,1717.558429899243,0.8047203041532263,0.8934009824456237
597,1632,-5.2983166806780915,5.2983166806780915,5.237029952484802,True,1.5011714183625107,0.37976303210735113,0.8463491357125924,0.1358249697409475,84.0,16.0,1.2691824361835657,1.625573636167318,14.71669635801732,7.901653463649088,363.57624017977463,1499.4631437504981,0.8987034338228683,0.915264500499095
598,3189,-5.297794374218701,5.297794374218701,5.236902230828968,True,1.4393555210857225,0.39737135046129546,0.8947668634762886,0.25186266554911263,97.0,10.0,1.231247250556018,4.340171583801409,15.55863451209095,10.020156951576048,387.28397632905796,1146.814007591703,0.9114839057964169,0.8710088604531983
599,3016,-5.298717180218466,5.298717180218466,5.2368746208790595,True,1.4979294853742795,0.38810272637971155,0.8656810695785633,0.2065563329179646,68.0,16.0,1.5910909601658,1.6843703199464395,17.429152692425085,11.90621132067784,274.8709545996369,1266.197644886134,0.8566035809782173,0.7795019795063649
600,3187,-5.298717180218466,5.298717180218466,5.2368746208790595,True,1.4979294853742795,0.38810272637971155,0.8656810695785633,0.2065563329179646,68.0,16.0,1.5910909601657997,1.6843703199464395,17.429152692425085,11.90621132067784,274.8709545996369,1266.197644886134,0.8566035809782173,0.7795019795063649
601,3188,-5.298717180218466,5.298717180218466,5.2368746208790595,True,1.4979294853742795,0.38810272637971155,0.8656810695785633,0.2065563329179646,68.0,16.0,1.5910909601657999,1.6843703199464395,17.429152692425085,11.90621132067784,274.8709545996369,1266.197644886134,0.8566035809782173,0.7795019795063649
602,3196,-5.294173692027413,5.294173692027413,5.236307960555838,True,1.419951409757998,0.34573336189608134,0.8883861079101869,0.25518180876066526,71.0,15.0,1.496339212979974,2.8478676750842307,15.45485256301939,10.466030584395677,365.1203537716835,1183.4330124795495,0.8066465893871202,0.8955217962710853
603,1081,-5.244256954408345,5.244256954408345,5.236197980147921,True,1.4889569750479104,0.3817582947117757,0.8178990978664994,0.27892999789378664,87.0,23.0,0.8442381499013887,3.4850053459297277,19.473341308739588,8.418781812487495,378.47101341079934,2273.421408093442,0.9253963113857874,0.8492477555686058
604,1358,-5.2514913912503705,5.2514913912503705,5.236057831556103,True,1.4766181774193872,0.3984158410075316,0.8994542866945268,0.23521017276880776,98.0,21.0,0.8611480815390522,3.410543597417673,13.803533560454275,8.349182738268686,452.2774543709457,1704.9385332072322,0.9859845341673128,0.8960672848023926
605,97,-5.259572360401974,5.259572360401974,5.235983678408424,True,1.4382825361479246,0.37323940707997716,0.7407790783920924,0.15350062100205536,81.0,14.0,1.0398398760113707,1.3312275002586351,18.699745508139355,13.055627712892333,270.7808930378296,1242.6563711944773,0.8127598077945352,0.7540040691715475
606,22,-5.254844173341043,5.254844173341043,5.235921844934277,True,1.2897985834651258,0.3790178077913003,0.8433192949220495,0.11318194007610288,100.0,15.0,0.831141771731569,3.314997115996725,17.12705049736126,10.550037023531935,410.1327719524289,1018.1296738667783,0.8435482638642112,0.8401194940410119
607,2153,-5.25396691073279,5.25396691073279,5.235417851576198,True,1.5051570220605583,0.35988758115360003,0.8022002690904502,0.17212558637840863,84.0,21.0,0.8334906207239747,3.469178230405916,14.934050603316512,10.515260779588031,375.1088042718841,2091.569179027438,0.8042342521058982,0.8900536903541635
608,191,-5.252030827328973,5.252030827328973,5.235184613555425,True,1.4361696408161393,0.3289713186196041,0.7926140828439608,0.13532186154412063,81.0,19.0,0.8127795399766122,2.3656490780023818,15.327306960746153,10.094341192691788,361.9421691872926,1858.0923843586265,0.9337386263652618,0.9305805635595017
609,151,-5.299155162100627,5.299155162100627,5.235165009981841,True,1.4408877168447023,0.37914848984537264,0.7694854814029218,0.09887046503465596,70.0,13.0,1.5040196213284267,2.5867090614888637,13.283067579826707,10.618035196070352,354.42963286374663,1546.1841076373444,0.9884484151459515,0.837946839095211
610,2303,-5.246765022770174,5.246765022770174,5.235076101598524,True,1.3040795461411885,0.3993834494384503,0.8215505239419331,0.20147517569545373,81.0,18.0,0.916626958922264,4.47777181014123,17.229086566657784,9.63158008204762,439.22756476507914,1572.486445061271,0.9019500064823729,0.7517933546763101
611,1159,-5.251871278948193,5.251871278948193,5.234955885824247,True,1.496172154390135,0.3346140382334083,0.7972738307690227,0.2927951321874075,58.0,15.0,1.4984338743205514,2.5909059958541985,15.357374500736723,7.289870726426074,425.63359401014895,1674.9950722799583,0.9589244006301307,0.8751774984473322
612,663,-5.304822485820882,5.304822485820882,5.234724437420031,True,1.423001276817073,0.39628441771211365,0.8952834656582966,0.22859646989700555,76.0,16.0,1.5297955651760309,4.058994839147302,18.801700878020846,12.988544399127138,282.0639101812062,1526.154707148421,0.7937633453648757,0.9762038933507129
613,399,-5.256880046098402,5.256880046098402,5.234288659074748,True,1.481577959287618,0.34124535637200715,0.8919941955872075,0.14790225992861286,86.0,10.0,1.2965747088159145,3.778700102255145,15.442111382221633,10.395241602647193,412.2109906394744,1024.3980536886058,0.7685648610788922,0.9578386410284092
614,571,-5.244848939349829,5.244848939349829,5.234119910931796,True,1.4858814426786915,0.3395237072063137,0.7791949474388353,0.24655231304765304,81.0,16.0,0.6939089877182161,4.034929720693462,15.088182989057216,11.16767567495005,403.85817359090447,2665.9658486776043,0.7832077946459095,0.994352263893779
615,724,-5.270949927787221,5.270949927787221,5.233950981377159,True,1.4309741561080762,0.3963746621074281,0.870876555776591,0.21840679967030838,88.0,12.0,1.2424441152548398,4.191752142026236,15.36258307829715,11.970636812507816,304.0766157572372,2009.3313834274436,0.9273302398011032,0.9732593939162139
616,630,-5.242359821000744,5.242359821000744,5.23381461746129,True,1.4036527439284094,0.3939583048549525,0.8502204412151393,0.2887754379152171,90.0,20.0,0.8242887830869945,3.5003331077266298,16.394396402179275,12.977582098628123,335.51795909739275,2763.544171423295,0.7969050036540355,0.8024196337985643
617,156,-5.234976956444731,5.234976956444731,5.233754084752006,True,1.3873356265669645,0.3839554366508513,0.8401048798482396,0.1136771951083336,75.0,19.0,0.881648666285936,2.6064891796963954,16.75193728385467,10.801091814541909,281.0878809080113,1154.0741511649333,0.9584163629522924,0.8416687570582241
618,1384,-5.27095593061126,5.27095593061126,5.233706112577455,True,1.4474222840269855,0.3940003282192243,0.8130249886342983,0.21823119002997357,85.0,11.0,1.0278778696361055,2.633879358241638,18.30033876493429,11.80032160524457,346.3453193602315,2007.0420133338832,0.816507038411757,0.6783188659073074
619,1135,-5.279643059602005,5.279643059602005,5.233329807597141,True,1.4777695577394656,0.3869434129957531,0.8703505120413186,0.2192818531734606,84.0,18.0,1.0655745080424515,4.115157376436092,17.527107217594583,7.477697753807961,451.4326247391182,1863.9648654536177,0.7699754677146734,0.7407712214892512
620,744,-5.289560705180617,5.289560705180617,5.232523709803023,True,1.405332481949076,0.38911126444271826,0.8562345521933115,0.2167096431688132,92.0,14.0,1.1097005480497768,4.155745982055397,18.713394030565976,11.513039900534542,325.9628612300956,2041.5437703302657,0.796804936103674,0.8788699663943488
621,821,-5.2436553808752056,5.2436553808752056,5.232485641439286,True,1.5019791513663439,0.30856627840753725,0.8639527024904177,0.22884796264693624,87.0,21.0,1.1861076964055537,4.252201185598812,17.01810547385265,11.403345505540333,365.86661412839317,1596.6491851225346,0.8919865457622986,0.8582376457416216
622,1289,-5.25588095950759,5.25588095950759,5.231915665660208,True,1.4630086525211354,0.34197021718440446,0.825024905998002,0.2107746345825983,91.0,18.0,1.2468940144943326,3.716013168612793,13.750607548613385,8.526236087146073,452.3071360945494,2347.462187137576,0.9078487343157091,0.8736115222167037
623,842,-5.292666385392572,5.292666385392572,5.2318515336278715,True,1.4597432877008214,0.33960928506899424,0.7135178558549599,0.2813666117198793,75.0,14.0,1.063443001467079,3.3320153724368637,15.843510172718373,8.673948737874014,414.3786035787235,1976.6913437344413,0.9467779487156127,0.9443075342527838
624,1766,-5.313104094203979,5.313104094203979,5.231740410543413,True,1.4447604202688487,0.37431474459978786,0.8569711716055332,0.16406083920841263,90.0,9.0,1.7478255712061757,3.7393602601430027,15.661700661258283,9.12791387580902,396.8293941924577,2270.2944351974456,0.9898426350712484,0.9533794652221379
625,2928,-5.23465910578377,5.23465910578377,5.231604383952731,True,1.4661972367699985,0.3835527223973103,0.8294217182479537,0.08525076359271538,74.0,17.0,0.7778286889739827,2.9501078536380807,23.528198117554613,13.877342348758026,286.4123164422994,1414.4381111232415,0.8014381049305515,0.7160375200480644
626,667,-5.255871862045959,5.255871862045959,5.231548189931257,True,1.4184566515530068,0.382323525125174,0.8722274948893434,0.27813469937048113,94.0,16.0,0.9050479375462999,4.3600114781861965,13.431163472360181,6.782495266239296,486.2418737324698,1422.505236028309,0.9702254084582737,0.9184855024782692
627,853,-5.283014554293432,5.283014554293432,5.2303105539769845,True,1.423032675251877,0.3901948379342429,0.821364637053362,0.23145517695159912,82.0,14.0,1.0464169277052244,4.160643994997465,18.38489277359716,11.799114125868998,354.9843602840548,2571.822160265295,0.8478072030048116,0.8903569509007687
628,3186,-5.299105711270512,5.299105711270512,5.230243596452787,True,1.4848302886201532,0.3636023541913546,0.656999284513418,0.25526154828988734,61.0,17.0,1.68798266819171,3.29238326522378,18.603667685983485,8.95021851099711,338.26949799923585,2067.3970665502816,0.9081497329081132,0.9415770352210331
629,1605,-5.242582272354639,5.242582272354639,5.229687755950447,True,1.4752728469155598,0.3995695371073358,0.8072542473955253,0.12863802953300374,87.0,19.0,0.8077585808472898,4.41047199888827,14.91498543496099,9.535960229501253,392.1493079429547,1107.932662682401,0.9284750508272054,0.9089598034787105
630,539,-5.292323598336228,5.292323598336228,5.229682153595959,True,1.362507603016119,0.3946021489929116,0.8192105401736444,0.2659435189209725,63.0,18.0,1.4875828332934078,4.062751741438591,16.780254404150522,11.732521452802283,344.7228246359371,2014.6282754051813,0.7696302678905012,0.9525006559509628
631,1375,-5.230912981430491,5.230912981430491,5.2295831640974,True,1.4140302146264068,0.3930209846010112,0.8639809141832555,0.29459246035301706,82.0,22.0,0.7125523707305499,2.8731891169688244,12.717117462304603,9.920205832163376,419.70720512380296,1548.318952954691,0.8529090557501862,0.8980607744485627
632,884,-5.261454428709351,5.261454428709351,5.229580445027256,True,1.4634199506924255,0.3718933429011166,0.8665129489276535,0.2153894161715255,85.0,10.0,1.1426149180913225,3.131412378818719,17.427849834102428,11.419092796794532,298.7312758280874,2826.5491652321143,0.9782256615360669,0.9936089395611971
633,1131,-5.249156489780772,5.249156489780772,5.229488778618575,True,1.3923159797589002,0.3996072978509507,0.8265701218895238,0.19542522569392481,67.0,22.0,0.8395043378781086,3.1302136322995424,16.572774798548966,6.974653244078855,439.63815413256725,1932.5170119100396,0.9658377045171902,0.814691274740511
634,910,-5.247512509325669,5.247512509325669,5.229290741819954,True,1.4747846359092127,0.3418837362757612,0.7883571029428413,0.23166710394625373,84.0,10.0,1.0862877900639587,2.7556552583374243,16.45899134043813,13.125805417070378,327.6491866531244,1071.1743303696976,0.9819384186849056,0.6605296464669341
635,3142,-5.321889493239981,5.321889493239981,5.2292103232619604,True,1.4463165625295442,0.38880228427341423,0.854243597313171,0.21676015890847694,84.0,13.0,1.3228413422256304,3.065443544265903,14.081200931538927,8.158106736280104,426.5268268267782,2172.9250461506977,0.8974485960269057,0.8961882392533546
636,2183,-5.246872639482385,5.246872639482385,5.228659652103894,True,1.4513136609848314,0.39096564794993527,0.8896005789956163,0.2615839786638421,83.0,13.0,0.7814515691602937,2.858208308338905,21.173815968427434,16.545794613328567,218.06341839367897,1932.1925020415663,0.9494787411392788,0.9915459603014714
637,766,-5.315162722172359,5.315162722172359,5.228467905802089,True,1.43259220005849,0.38338289731312136,0.7759710475961836,0.2206885882952038,74.0,19.0,1.2847877680243094,3.8859431296899682,23.364226109256357,15.252146615699562,268.1877787135584,2037.1205671620357,0.8063603722912522,0.7485031135798024
638,661,-5.274864365268186,5.274864365268186,5.228153770814318,True,1.4509730285343347,0.395282105716657,0.7975573256346167,0.21755464400880808,58.0,19.0,1.4806089585473534,3.108038034745583,17.324323846311888,11.828643666030295,340.3663649526801,1309.2194793502044,0.721978899355642,0.8684286116823335
639,1777,-5.260130998088833,5.260130998088833,5.227671368062005,True,1.4359207247166532,0.38261495018611624,0.8860938674640643,0.19148450056101557,86.0,8.0,1.308403828777925,4.275259890038583,16.010381190590493,12.385122842343783,354.3351683067018,1139.9817307385263,0.9646541473564041,0.939773735291747
640,1221,-5.244387387913484,5.244387387913484,5.227583803163818,True,1.4660000010432443,0.39990827658510025,0.8681362449881761,0.2331153965058198,65.0,14.0,1.4368603962735405,2.9683249313270545,17.436262475802863,8.894136254800124,420.44408160733803,2498.4972035851247,0.8021061702287673,0.7218514682089539
641,907,-5.23393687240638,5.23393687240638,5.22748781533107,True,1.4716017122847105,0.3598217798063731,0.8072877874832053,0.11798524493039989,87.0,15.0,0.7126470568558898,4.006909684945924,15.95866562660169,9.830554082790199,404.9053415754179,2153.1643113852037,0.8863973020896239,0.8972644276622515
642,881,-5.229840022774727,5.229840022774727,5.227384865653886,True,1.4292300484125067,0.36179018118020234,0.8297666927951197,0.23869839853168345,75.0,20.0,0.8296952140055234,3.3441287624118705,20.4139725892807,11.282399732039382,263.8288297633343,1266.8503400186396,0.9089251993340024,0.9515723251543191
643,1835,-5.2673192102421815,5.2673192102421815,5.227077819474726,True,1.3450313988483729,0.3984574636991861,0.8757497324514729,0.157901369962208,80.0,12.0,1.6751789644590387,1.966125395953241,14.051801514985879,11.041822216527423,347.31156179128374,1750.0438048184544,0.961245644448325,0.8134827367696902
644,67,-5.302816899033631,5.302816899033631,5.226973926152389,True,1.4362737092496571,0.38264902961321134,0.8012613375246813,0.14060097444632066,80.0,15.0,1.2270879213229684,4.312057221608239,14.66628261798476,9.88866391623663,407.42719751461954,2390.244061539638,0.9497912600108958,0.8218951312842163
645,862,-5.25280853630106,5.25280853630106,5.226570455091034,True,1.397928441778538,0.3949430417815635,0.8656310515555058,0.26054788106746185,96.0,13.0,1.2372576336731498,3.1859122334161776,18.44931761675866,10.36407545690116,386.9192001938186,2025.4124312848787,0.8065134020701843,0.6324714582597941
646,2141,-5.23389745180971,5.23389745180971,5.226390440148594,True,1.5180769557375462,0.35084320138462255,0.8591172662334987,0.15082673645554456,78.0,15.0,1.1979948114713277,2.3650616245922507,18.253070856642093,11.885917206913042,303.164357185541,2998.3422439545393,0.923538555012082,0.8015538021105861
647,1438,-5.230621784807877,5.230621784807877,5.226360734014526,True,1.385489242501009,0.35871748806349635,0.8904913005063826,0.09670438116153514,77.0,16.0,0.7512578574045548,2.7776108501852677,13.733314810256633,7.204741120248012,481.38242529722413,1697.5652546826939,0.9554628575459014,0.8338965953686808
648,1619,-5.24601089479018,5.24601089479018,5.226339188595321,True,1.4367508406821077,0.32260800540981505,0.8000180495997307,0.15666387201688473,84.0,15.0,0.8311315287699395,2.5949767555401366,14.503754260138933,9.32725797187762,377.5522203094621,2068.42929383048,0.8265694414107209,0.8962971734072478
649,1976,-5.228154587743436,5.228154587743436,5.226251107888963,True,1.4245609537647794,0.3626387853917824,0.7522973050667323,0.14186478043077003,68.0,18.0,0.6579436008266821,2.9552581946990704,16.960868907920542,12.08871841443658,323.16436377216456,1023.5939796406882,0.9829035019870628,0.8957807075349282
650,499,-5.2835851594457015,5.2835851594457015,5.2260359616954695,True,1.489350586413103,0.37533024132311915,0.7729828906353088,0.23487004796292904,80.0,8.0,1.6458872571355794,4.06693662110423,13.64318923771423,9.877155564705934,427.9144650051443,2151.1869309713384,0.9642197137579551,0.9167671069351356
651,1981,-5.2901897109804885,5.2901897109804885,5.2257546027049715,True,1.4854749513829784,0.3751249284390016,0.725065860543133,0.0922464551174522,61.0,16.0,1.536290652742355,4.456574555878962,17.487918948605632,13.518061396985434,320.05659522749175,1274.4506638807443,0.9159907662664468,0.9169668822159562
652,305,-5.269282382318883,5.269282382318883,5.22533127096827,True,1.4069375240979305,0.33480895258546933,0.8428463791544673,0.14267228717196273,66.0,16.0,1.0192561499846857,3.088298430148829,15.505752098830152,9.635919620268192,413.4044523964305,1341.4361153640698,0.9341751024394699,0.7904018845983963
653,2238,-5.2500241314515295,5.2500241314515295,5.225298625671843,True,1.3866141233187381,0.3926925728640875,0.8273668856637711,0.08620378321036734,89.0,11.0,1.0166954227401324,4.259857182260013,19.05396193809297,13.761120765071663,328.9185076735695,1615.5919817507568,0.9226848504896668,0.6559268715043745
654,1853,-5.251317783163153,5.251317783163153,5.225189350425054,True,1.4268431523205505,0.3697583001186269,0.8723076689657017,0.1172084242142743,84.0,19.0,1.2897294778865462,3.400366080659241,18.949584510804744,9.104272912806941,421.2099864375404,1003.7431442713284,0.8272620890790607,0.806356895728547
655,874,-5.234823011089778,5.234823011089778,5.22474214091452,True,1.4539977017304442,0.36245857224392775,0.8956335996986219,0.247411187670314,84.0,18.0,0.6969129918143153,4.260228929404077,16.514722866797946,10.787827230733726,410.3685365009447,1793.1467101352207,0.7709605139558301,0.8464193366088536
656,2613,-5.226088557081367,5.226088557081367,5.224740372294608,True,1.5055934147944425,0.3534522941759095,0.7588194682249744,0.22762697997821732,81.0,17.0,0.6315009907601992,3.6864603275770986,15.15147387728721,9.956827023874103,428.7390098395258,1570.5206612680372,0.885209091748838,0.9350817493737906
657,23,-5.2728509598328746,5.2728509598328746,5.2245232263842745,True,1.5139447381157787,0.3404407880754914,0.7753755070322733,0.18078587033410803,72.0,16.0,1.0469808950183688,3.863499781092644,17.54082389523584,10.449599881837052,367.7300207439731,1505.1120749196368,0.8977156151529269,0.8192629318312282
658,852,-5.236953386121859,5.236953386121859,5.2241798594182445,True,1.4438202442487837,0.3804157140801523,0.8656212133043633,0.2348154882519957,98.0,19.0,0.8011685558484083,4.116737903327252,19.028864301788335,13.09469080912692,342.6846216783655,1880.231123579364,0.7717581066925363,0.7470991440533848
659,1386,-5.307203899318743,5.307203899318743,5.2241337754595465,True,1.510185970741126,0.3658821177780591,0.7496473246187172,0.10558505667862773,78.0,19.0,1.1892449037051482,4.386850494952586,21.17575592434215,9.869527221607667,378.6325522802886,1662.509670925595,0.7687312711157746,0.7305249405543044
660,3174,-5.307203899318743,5.307203899318743,5.2241337754595465,True,1.510185970741126,0.3658821177780591,0.7496473246187172,0.10558505667862773,78.0,19.0,1.189244903705148,4.386850494952586,21.17575592434215,9.869527221607667,378.6325522802886,1662.509670925595,0.7687312711157746,0.7305249405543044
661,550,-5.283117901635128,5.283117901635128,5.223588057831318,True,1.415277130197999,0.3985349143572432,0.8588118710966417,0.23830322039787513,76.0,15.0,1.6033839677341117,4.1309583080001175,17.894697175313073,12.918866390275799,335.50738180056214,1616.7382143783298,0.692582088522613,0.8064622818492353
662,345,-5.233407504514732,5.233407504514732,5.2230259688921015,True,1.5004132076919363,0.38301829212359684,0.8400842072367564,0.16353585440315607,92.0,25.0,0.798979845968171,3.111178721962735,16.526976905307507,11.776863871579598,292.5705263397194,1173.8613618762517,0.9292505444478247,0.9465216070900166
663,364,-5.260382841131788,5.260382841131788,5.222730672718448,True,1.509281137357973,0.35777396470671075,0.8092388904252397,0.23162329743991067,80.0,17.0,0.8523507049876848,3.070268694789235,16.574963845241555,10.513027537945494,346.65816914349614,2771.960000603656,0.8053871866360658,0.9275706101101622
664,2089,-5.299671231729015,5.299671231729015,5.222666036997689,True,1.517244329298703,0.3701038244005278,0.8534494344111665,0.16961168419949646,76.0,12.0,1.4882199936978424,3.0267568194689627,16.70169457871724,12.881790249185425,291.92024938702207,1917.114790771713,0.9430431445947295,0.7875078736527027
665,2509,-5.233321120454356,5.233321120454356,5.222228196963706,True,1.4989952313198307,0.35577901322666033,0.7910642347164069,0.1156908491977539,81.0,19.0,1.122185186269459,3.6675699040465943,15.079965695554677,10.330045955708073,334.8904556965765,1646.3242677850778,0.8830374983955975,0.8591524910166359
666,316,-5.290878280043591,5.290878280043591,5.2219389081039385,True,1.438520857558702,0.37710574220320303,0.7970062728592683,0.114864102745566,70.0,15.0,1.4735270049034983,4.305282584457945,19.828584073888408,11.362873871482707,345.1045740965801,1641.5335307419791,0.8582697457383848,0.8349926464700516
667,2291,-5.267040054405731,5.267040054405731,5.2218517472047115,True,1.4344503817387821,0.3384259219221286,0.8659656890056859,0.28526480012219285,92.0,13.0,1.1880414292274772,2.9151833421821074,16.298951722224952,11.531468743619136,318.88903646713794,2408.510589614912,0.9056752630473335,0.9030478791782092
668,925,-5.2453034090784225,5.2453034090784225,5.221841641644989,True,1.4875016995446042,0.3668787235270603,0.8087638460888034,0.20814945316482114,82.0,12.0,1.334691724219169,3.946411578808486,15.14151175327256,11.673968799849543,366.6800915582708,1896.3859195983043,0.7724982661689357,0.8168402927020098
669,537,-5.250999453668681,5.250999453668681,5.220985220584461,True,1.444439645358596,0.38551441105023804,0.8969114846195188,0.25417502791220703,88.0,10.0,1.338512918530239,3.8772387799655252,17.27050394601286,9.46497703510942,385.3738014894295,1646.3374753487842,0.8224121061670651,0.8387951630556694
670,2533,-5.2509052921726,5.2509052921726,5.2209463858068474,True,1.3995859693854915,0.34936056877503974,0.85305191434299,0.19613739227118132,76.0,11.0,1.2207363891615237,2.35644559296062,15.356732251611936,9.712843113389113,415.50410483332826,1460.4969534465272,0.8029385744253879,0.772400672761717
671,858,-5.249787214033673,5.249787214033673,5.220937872938516,True,1.4819018296999684,0.3848957799398124,0.771065614802174,0.17550672959833086,56.0,15.0,1.2149770423386856,2.9091937264279366,11.696383632504944,8.532692429771823,475.28892797233834,1239.460281317849,0.9634467142792934,0.8784842226325587
672,1184,-5.253762553026236,5.253762553026236,5.220830203711086,True,1.4960986356711352,0.3909482381097372,0.7258409665370539,0.2595268306729902,77.0,15.0,0.9120933689768009,3.605596301598581,17.88384972670849,11.547012480402971,351.6021033947106,2276.047138379456,0.8076710294411611,0.8066160023476528
673,1336,-5.2294371582245365,5.2294371582245365,5.220815980929146,True,1.4729700040963067,0.3770158543685437,0.8348861928946142,0.23613075839127023,75.0,23.0,0.8161377892646284,3.12752331955043,17.724245967126194,7.2238311591478155,456.1195461456467,1849.0652083137652,0.8690090441276326,0.8005444236984383
674,575,-5.226476643588668,5.226476643588668,5.220734735437554,True,1.3634448715469083,0.36046319905093405,0.7938660188650347,0.15072590909502034,94.0,19.0,0.6910163414256938,3.9041439759070453,19.329043589246485,11.535465776375458,340.9043944119225,1311.6348311043378,0.8461138594275447,0.9503102593659869
675,3171,-5.30835882135391,5.30835882135391,5.2205687454132015,True,1.4719673923576597,0.39736262898628594,0.8020437197471212,0.12017082672249949,78.0,14.0,1.6618307638903504,3.3839262161444785,18.182245230947814,8.391569157862829,399.93088936091397,2092.3221232935316,0.798911610976582,0.7564359474832887
676,157,-5.224514686329744,5.224514686329744,5.220547604492983,True,1.510602126729077,0.350645302132376,0.8631103040254267,0.26021125580519466,93.0,17.0,0.7033740754389379,3.1392545719463856,17.547840392899165,13.96933475109998,264.8861198986575,2976.8279899575004,0.8281191477002996,0.994195600929612
677,1563,-5.263202245181117,5.263202245181117,5.220253028317378,True,1.4580651671034297,0.38609022088765965,0.8464926633173202,0.24281544565224122,59.0,12.0,2.3530799006526633,3.712446565428463,18.945397448822916,9.98463310149334,340.9592264569588,1027.2513190796908,0.9425011427404074,0.9202968987440182
678,61,-5.259201110832725,5.259201110832725,5.220195189264784,True,1.3990541061301935,0.38219055982214356,0.712881284756713,0.2987558484541428,62.0,20.0,0.9065578778719043,2.518395321525145,13.173560375725605,9.01873909982116,379.31853370944674,1892.2201842069626,0.9032557771446945,0.9504045798120719
679,2219,-5.241081205059741,5.241081205059741,5.2201409673871595,True,1.4592385829737098,0.377122544353415,0.7872789299165314,0.15128729262829624,87.0,12.0,0.9680364373723278,2.30666524985968,13.9988099223336,10.868279655932426,373.1291274215379,1479.41337190664,0.9268411896208693,0.6992609473467724
680,2327,-5.233416209378237,5.233416209378237,5.2201155200148595,True,1.5065040416810513,0.3524252178416864,0.8976233049803268,0.20798260190978254,76.0,11.0,1.6894946451483253,2.584763023606078,17.91760618388691,11.567772142965284,289.0723404099113,1198.063943113194,0.7914326898379863,0.9429798601021773
681,265,-5.230198231255375,5.230198231255375,5.219914097745695,True,1.503233926879157,0.380659301200497,0.7789181241610023,0.12417491849756597,89.0,21.0,0.8711576397570253,2.534295028325773,16.674335637757512,11.14739120775517,336.6338329050983,1017.6821736635753,0.9796859241266997,0.7454243125313682
682,1612,-5.235674614263141,5.235674614263141,5.2198028215906795,True,1.428108096797422,0.38994120580041614,0.8091156662955391,0.18224332046819175,94.0,23.0,0.7765919541268664,2.8178822388437363,17.402682809629763,9.170247980603005,349.7275982387959,1468.7130202589663,0.9594571338406352,0.9663892253120911
683,2348,-5.235837198367202,5.235837198367202,5.219726196961735,True,1.4505397028481508,0.3282199706563971,0.8430579973771769,0.1591511831713811,69.0,15.0,0.8466015335617547,2.400046538115659,17.32262273945042,12.808670113133667,284.0946686567777,1312.078512998067,0.9010171427511577,0.926995947480096
684,3114,-5.343370659867451,5.343370659867451,5.2196894161754885,True,1.480021210368817,0.37430558560798083,0.8184126403163998,0.29085329722472997,95.0,15.0,1.6496691010135718,3.996332032714218,19.61486697690886,10.327994020087125,329.6395849128917,1367.1261193114105,0.7628590072561818,0.9810197605267621
685,3115,-5.343370659867451,5.343370659867451,5.2196894161754885,True,1.480021210368817,0.37430558560798083,0.8184126403163998,0.29085329722472997,95.0,15.0,1.649669101013572,3.996332032714218,19.61486697690886,10.327994020087125,329.6395849128917,1367.1261193114105,0.7628590072561818,0.9810197605267621
686,247,-5.235735029520296,5.235735029520296,5.219319870178056,True,1.4936567552019602,0.39125261794038957,0.8321404221572226,0.14105228910307177,85.0,23.0,0.7643410525414369,4.055854676748735,20.483708208486693,10.542678587382705,307.5512461352152,1735.35831829318,0.9714282794745438,0.9352677189828551
687,2779,-5.2472110689668625,5.2472110689668625,5.21898199336709,True,1.5071135007652339,0.3671340808849405,0.833153827963838,0.2053064586849745,81.0,20.0,0.8167416808466206,4.27552583619848,20.126996943637256,13.447154204458196,336.88476287663184,1039.4740313330863,0.7559308974588005,0.7635822653446025
688,2276,-5.225578063527216,5.225578063527216,5.218798757548921,True,1.4340498028433502,0.3524793215468047,0.80685210338202,0.1329512220842277,73.0,17.0,0.7133987109257696,2.6073589481667994,20.14596650797259,14.171271957273474,264.5962583187022,1521.7059664483822,0.9382258866599469,0.8136467958753699
689,370,-5.2529970021941566,5.2529970021941566,5.218403968257274,True,1.4797334277147662,0.3729700648026635,0.7785194982926004,0.22876625102363055,65.0,18.0,0.9383790232680349,3.6105523141279763,21.781224839803876,12.790017126627724,325.32895319276423,2941.127045398887,0.874411455917325,0.7775597371554039
690,967,-5.224575195938019,5.224575195938019,5.2182668045539815,True,1.4088776183359777,0.3859152471404659,0.8782037364332316,0.08853559610822989,78.0,15.0,0.6474101654722908,3.859807565771619,13.918070301250825,10.821391058975284,413.95351268274914,2493.642743762224,0.9937636351578256,0.8506917413355903
691,1499,-5.23616611945447,5.23616611945447,5.218210437964785,True,1.422540059571753,0.3871966994777676,0.8114839300791974,0.2151605322031877,84.0,15.0,0.8123620267312512,4.134035851943377,17.586698074485316,8.142891136449459,434.92433860029035,2487.3254971886386,0.8559226476479074,0.8402954178473232
692,1659,-5.265324597438362,5.265324597438362,5.218206157478489,True,1.480328623578307,0.36048594481395285,0.8275563647084971,0.18603249569598126,77.0,10.0,1.2825717744345666,3.5206526752747394,14.37981396505346,9.58338998643701,467.22675334789716,1557.746233853442,0.8748996960265574,0.7511338722311058
693,1748,-5.275930479705698,5.275930479705698,5.217848051109118,True,1.454623895156346,0.34875180949790086,0.8152654337446228,0.11740830051498019,91.0,14.0,1.1446041700707994,3.780596063688062,16.146182664039785,10.951911120164292,296.275793415392,1638.4401941096735,0.9282170985502342,0.9788502641127417
694,1851,-5.284557728549366,5.284557728549366,5.217355073738355,True,1.480547046516536,0.37421797480954605,0.8126259952283291,0.289147188423411,70.0,17.0,1.4979203049881606,4.264737960893029,16.32760543516118,10.595933675586869,360.07671021804236,1121.0212387077431,0.9819965131265397,0.8367585500883385
695,1534,-5.317305489248994,5.317305489248994,5.217008513119374,True,1.4686850948054053,0.377152088251442,0.802775438681758,0.21288613199372414,81.0,20.0,1.3625208505028896,4.108543570390886,16.63543581181066,7.20398220450657,429.08241548972796,1464.3059644405394,0.7933620823399844,0.9298286767226808
696,1465,-5.265921057501175,5.265921057501175,5.216911882583533,True,1.4363389042948365,0.32762770725641766,0.8055932493977748,0.2181771564323364,74.0,13.0,1.1122950844937585,2.7242636516270333,17.623669920262746,11.482666588891709,341.12488025397454,1718.807028982449,0.8553269144814466,0.7992980450035114
697,2040,-5.227393299619544,5.227393299619544,5.216808384019557,True,1.3039765771464509,0.39750606685141904,0.7991409826010623,0.2709416657797967,74.0,14.0,0.6928280440180403,2.099512038591209,14.702282152962786,11.51743423843553,354.8481289606401,1036.4522097427061,0.889176281839936,0.8558299474189999
698,812,-5.331982974436711,5.331982974436711,5.216565281118044,True,1.5085234829659977,0.3858796238531964,0.8464258631124708,0.27629277985729583,66.0,16.0,1.647556050774557,2.756458789746383,16.561633609370617,10.366448266663506,327.3026375005939,2465.933791865839,0.9048610929802087,0.8964857188598212
699,972,-5.295594236022401,5.295594236022401,5.21610915311621,True,1.4892090276879033,0.3739636460812476,0.8034894869869303,0.19736881553797783,83.0,14.0,0.9309300888622889,4.423423044569633,15.48549351836986,10.769526202450688,430.8458273667457,2187.84117969081,0.8542666742963464,0.8634036028213858
700,110,-5.227722742784849,5.227722742784849,5.21589506565635,True,1.4599280161379053,0.3736450927162347,0.7937928367474109,0.17239836994924476,88.0,24.0,1.0446501997116449,4.118639520880977,16.372257221701194,10.459663251288609,345.9207033784974,1699.8270015263206,0.9402152602884258,0.9324083872359245
701,1857,-5.239716222148667,5.239716222148667,5.215661173589518,True,1.4588028693023267,0.3672144743845617,0.8887026626930619,0.1960376610089136,84.0,13.0,0.8455901140498794,3.1025259224782076,15.98397171549841,12.719800362898056,305.8142398490855,1568.6249354805402,0.9762813306623419,0.812246112683451
702,1573,-5.220472254944376,5.220472254944376,5.215374920819148,True,1.4291478377648725,0.3930576220897458,0.855382530773827,0.14923322668884662,82.0,22.0,0.730304699141648,2.440471145303424,13.492965944552566,10.743219343508454,331.067224363782,1482.980503027512,0.922094167455232,0.9242080472014603
703,1704,-5.216331920315808,5.216331920315808,5.215236658863599,True,1.383613438010386,0.3347654642161895,0.8009007331584013,0.11629700782498185,78.0,17.0,0.5778323506222907,4.109046803820313,12.426812360900378,9.702009827246775,498.7263477407396,1560.4551765754343,0.9418753925398786,0.8763113198960731
704,2659,-5.2227082923440555,5.2227082923440555,5.215168725459515,True,1.4463072464325948,0.37189816104193657,0.8431293426609734,0.18561030873401116,95.0,12.0,0.6724120024802853,2.6540292283589575,14.948648693462244,10.354390286808743,367.1476087436007,1548.324749156044,0.963003157154817,0.9780719716351709
705,119,-5.232455369917082,5.232455369917082,5.215018658915112,True,1.4937592932826154,0.387735900939162,0.7264107222349991,0.1534492370809593,57.0,17.0,0.9848329670942979,2.4023840415575557,17.802246471102613,8.863428987172309,355.1398294688801,1466.6993354933402,0.9672272087245319,0.8740196921232205
706,2595,-5.221100770015692,5.221100770015692,5.214660063139778,True,1.5178469558090166,0.39198476023870077,0.8563464702035067,0.2174170544589604,66.0,19.0,0.6164099910757459,3.239238343223695,21.860918680227723,11.477655885020924,327.07142993971433,1243.6216410477828,0.8536042741396518,0.8753622027242712
707,463,-5.296217512951018,5.296217512951018,5.214635901932071,True,1.5179531708395917,0.322354895867657,0.6713035963800182,0.1357398155569189,74.0,16.0,1.235624393337015,3.0324216422558976,16.89506390066002,9.15498215928647,369.01390159849296,1851.7540117943872,0.8651113273755033,0.8364065452084681
708,2661,-5.222921954246738,5.222921954246738,5.213932578024248,True,1.4902811059457313,0.37033015599931707,0.8377478278670176,0.12026986942640117,82.0,18.0,0.725293129407266,4.37166687166141,16.481629552089924,11.734715390895353,436.49265781505466,2088.050104677677,0.7371324222471611,0.625270104526364
709,2111,-5.249047171974813,5.249047171974813,5.213549623707597,True,1.4714183542122572,0.3974645161277364,0.8190316334885758,0.2057249032209179,75.0,15.0,1.4535946638197226,2.9003143510323355,18.97254092536784,8.104675605418276,307.3747197541154,1991.8423139337642,0.9546105081766367,0.9239174122211133
710,449,-5.224727072458871,5.224727072458871,5.213352539643832,True,1.4496394307426177,0.3904895660038721,0.7633528329065782,0.1215790879605925,75.0,20.0,0.6344643903130591,3.337125548640418,14.03564110098965,10.16013861540435,390.79942632615945,2092.9576609550386,0.8610191964947063,0.960910095606433
711,2080,-5.227487723287144,5.227487723287144,5.213165295025788,True,1.497963439805225,0.3857800084008812,0.7776323912759592,0.20564987319532702,75.0,21.0,0.797340190949893,3.123618003421443,15.947648287312452,12.312839239086257,269.11010945485816,1779.5464375097606,0.9180316498785848,0.8801333232997514
712,584,-5.299078243000681,5.299078243000681,5.213056923582911,True,1.4613024021120347,0.3665139403467118,0.857431273195713,0.17044241123430098,79.0,17.0,1.0582811388070443,3.9563621394891046,15.247839236786183,8.514281192605957,418.8048971267594,1193.6557296195076,0.8884517203940451,0.9354796014189524
713,1624,-5.224893542501864,5.224893542501864,5.213048011298065,True,1.4792212308064085,0.3865851218340355,0.8984434832603392,0.18339914089141102,92.0,12.0,0.945240490625896,1.225915074726774,13.450379073404239,8.642471006774466,339.97048700665505,1511.7484098192688,0.9748382627677679,0.8585187689234113
714,1097,-5.271849373357428,5.271849373357428,5.212894171443431,True,1.479402801086075,0.3737044486719291,0.873833603731951,0.18206068214836854,80.0,7.0,1.7858610910603496,3.932755308968538,15.369554750100562,10.25305655907149,437.0759338488685,1345.1483740366511,0.9516847758690807,0.807915080689186
715,2490,-5.227033406375786,5.227033406375786,5.212576611442941,True,1.4920860074230546,0.39992754254807505,0.8140605543051832,0.2834249705320181,75.0,21.0,0.6348649764679166,4.373602635207202,16.311867348849773,12.143532614108594,322.09680867034706,2165.412437495669,0.9623978065855052,0.9892677893078066
716,1932,-5.213786201183265,5.213786201183265,5.211909365630368,True,1.3516975820511021,0.38641167801892495,0.8600968930122015,0.13702493773633712,97.0,16.0,0.6567158905307267,4.204786475188575,16.707478039246663,10.569296303988645,415.5666911459299,1241.0127377468875,0.8593311340469232,0.8076508849739679
717,591,-5.218892356246344,5.218892356246344,5.211477584322575,True,1.4561085641241756,0.35479607837919036,0.8109904981986085,0.24099174259104106,79.0,11.0,1.3074751622523841,2.8896342506780366,16.992023704368307,7.465668976700499,428.8900324793287,2276.079642521585,0.8788816526623291,0.7872397465324424
718,1421,-5.245289353232238,5.245289353232238,5.211093523765567,True,1.4704884190965668,0.39311249093576495,0.7685541972809636,0.16341845543656844,60.0,20.0,1.0926788324108747,2.6612460890533,17.487887466408534,7.45693867447103,386.83235966654695,2098.2504520753378,0.8592258313234069,0.8297016763370695
719,1940,-5.217550485130934,5.217550485130934,5.210506885576227,True,1.4498501315055319,0.31339419041255895,0.845373508111456,0.14873753948081211,83.0,17.0,0.6355067543422876,3.7148768745619054,14.198451468386446,11.047947886273754,420.7844948857317,2339.5364977987733,0.9074628315039224,0.8448226430141257
720,927,-5.218935245517969,5.218935245517969,5.210480148467003,True,1.3231286777799358,0.3828577824419192,0.8465317263321319,0.13598560296895246,93.0,16.0,0.761853816211943,2.6387164264681924,20.083971306616498,13.735939708950244,295.46808234226955,2822.3798982423555,0.7730071304657549,0.8180035430034328
721,1546,-5.269063785370516,5.269063785370516,5.210356018450939,True,1.5064679085131623,0.38995662343968984,0.8114397732003586,0.10181042685963948,83.0,10.0,1.8416807438265606,3.8903949273538467,17.434337685019273,13.309578813332497,279.59161488579326,1105.1570628754193,0.8139897126250271,0.9722113900917837
722,410,-5.246645288196605,5.246645288196605,5.210318912536337,True,1.4865931184245296,0.38488806584467194,0.6752145133967985,0.09964101262093385,60.0,16.0,1.2119311187717567,3.310249733554963,13.994130332520427,10.21094123188439,378.27270707766746,1627.0069136459879,0.901363321500928,0.9682413677693731
723,1059,-5.25192768865509,5.25192768865509,5.210160440018089,True,1.3129766621139907,0.34609271811909326,0.8686878060828718,0.27767350962531917,76.0,20.0,0.8096978345291459,3.846272005309504,17.533626404025263,8.36662837808559,443.48372728558786,1152.9948393830757,0.8912719827741328,0.8628635074873334
724,1164,-5.255853231443028,5.255853231443028,5.210148882805152,True,1.3937980168834716,0.39972136432396743,0.7969663517750201,0.2676233060426813,69.0,12.0,2.075778113467254,1.8672470285305904,17.021563991336937,9.753271499074252,268.4791782979669,1456.7489506661136,0.981851339748998,0.9881055326191401
725,2117,-5.2822003152633545,5.2822003152633545,5.209500268941302,True,1.4404783338502365,0.36320489000553446,0.8850353440356242,0.2304289817712441,69.0,13.0,1.4630292021277838,4.142459650898327,17.642603285441403,12.220306996640867,327.635449684545,2281.127753348276,0.9510116997665545,0.9251339433798036
726,1864,-5.25326389388818,5.25326389388818,5.209421145456288,True,1.4837748751348618,0.34220383649809183,0.8551017772545955,0.22498727200135524,79.0,14.0,1.0281004796025677,2.1147272610647665,14.84165785016354,9.658077960338241,318.0758186276344,1663.655631913457,0.9344002142302388,0.9190761333403927
727,2251,-5.245040241482039,5.245040241482039,5.209360192550716,True,1.387816910527432,0.39575981202765975,0.8917391363988731,0.1382240463347097,81.0,14.0,0.912603300930531,3.5322381248458807,19.057512016299135,14.288817204811961,288.7574960059004,1476.8155606237053,0.992399571509677,0.671726465435733
728,2179,-5.251813108788312,5.251813108788312,5.20919186664915,True,1.3981144174363642,0.38565364482304876,0.8857918863888067,0.17713908813642773,100.0,13.0,0.8656122364707395,4.133893847719023,11.289018177431071,8.641409273613856,439.05083429205456,1455.8210042488918,0.8851403438423684,0.9953532001422114
729,2924,-5.217433310935229,5.217433310935229,5.208507935715364,True,1.5122231582998822,0.3936107602474242,0.8681501139439214,0.23732455212902992,93.0,20.0,0.8222748510937716,4.382598692262302,18.826794917016066,12.477255874022394,394.76263355463743,1123.5789746914209,0.7716383076364819,0.5749368639211178
730,863,-5.278255561773733,5.278255561773733,5.208401740541383,True,1.4305985388570945,0.3920162789088305,0.8323732666644251,0.19092159325302732,64.0,14.0,1.6383246663891364,3.9739438229248982,17.540015900664876,11.22798712973507,357.5678429857192,1747.5003883276017,0.8978691277083023,0.7927482742287806
731,1712,-5.216839262747232,5.216839262747232,5.208357679188621,True,1.5231861448408353,0.37117517200443206,0.8595993477773983,0.10157539069861453,90.0,16.0,0.720156307865802,4.271181157459131,18.98035278987117,12.992044856631143,274.5635058980654,2102.6910059866527,0.9698709097257922,0.8494724926513957
732,505,-5.209204621265461,5.209204621265461,5.2082485882731975,True,1.4277362554563147,0.38635030843810403,0.8887081975835158,0.14470860526274387,81.0,24.0,0.6289280038736718,2.6521992405290513,14.920464491865664,9.939147808143105,349.11760686785647,2004.4558213287828,0.8722988388974731,0.965567034992088
733,2045,-5.234972894786667,5.234972894786667,5.208226385451767,True,1.3847444576688057,0.33196561170817623,0.8650972529831863,0.19935249249403902,75.0,20.0,0.8424883056384229,3.5231521165182293,17.478848779065572,7.613508749330048,385.1446302059485,2042.6500490142905,0.9674640350946984,0.9957985421820847
734,2809,-5.266890359117415,5.266890359117415,5.208190093627611,True,1.4399545738268238,0.3973246192886483,0.8636744527912127,0.17178937674388123,81.0,12.0,1.0370227755471082,3.5122667352330614,13.416370862252801,7.987611941174837,465.6323026789175,2062.5871314663177,0.941243097898953,0.9098450355188092
735,403,-5.269843308262114,5.269843308262114,5.208173887650136,True,1.503284175279556,0.35231442997409596,0.8727776335693471,0.10413705690672274,85.0,12.0,0.9328764982557416,3.572693177294328,19.504051271659957,10.816683129085785,368.90193430069974,1522.5799852745092,0.8900150882261788,0.7669520159874279
736,2574,-5.238058458052078,5.238058458052078,5.207548929121649,True,1.3583052456017806,0.39801251057174203,0.8800917187916888,0.12664734732635524,74.0,20.0,1.349785315550284,3.3041763836481977,19.34174007722286,10.391063134775136,374.24543451752567,1938.1822927981036,0.6943587622958045,0.7601786889049267
737,559,-5.266694235123392,5.266694235123392,5.207392084821867,True,1.5111223568128747,0.3770272922946044,0.8951182643923841,0.189734741303181,94.0,8.0,1.1288376341789115,2.704952485283507,16.4086179103498,11.459001104860606,376.22136908607996,1706.1360111242898,0.8279718156715299,0.6260246091974537
738,310,-5.253864726868676,5.253864726868676,5.207297384832589,True,1.5086321118159982,0.36257428103516515,0.7240628810299283,0.1734174177087392,77.0,12.0,1.2436062439179092,4.464922589509145,14.462697055131972,11.017781026603245,441.12667463862556,1297.2671229560524,0.8953481177500875,0.7102959550691532
739,1466,-5.278356192890943,5.278356192890943,5.207276830081055,True,1.4661861912933067,0.3675785391554286,0.8916452702536897,0.252262828875632,78.0,15.0,1.3097366259615653,3.539015698328999,16.718190604644676,8.74787315067751,423.7116197625725,2907.1800816736422,0.7796637764941763,0.8472372782536586
740,2457,-5.226368009612323,5.226368009612323,5.207054610756677,True,1.4708591737253087,0.3789153970147918,0.896837445238909,0.15304338078945873,103.0,22.0,0.8319668135631431,3.3749440709034273,18.01417958419507,10.335036729924877,373.13291968550243,1676.9018146174874,0.8900580654011108,0.7349367777542747
741,1957,-5.20834679030505,5.20834679030505,5.206839181641543,True,1.4908765609507793,0.3580120103402258,0.8364859722289731,0.13804306997188884,91.0,12.0,0.7063540921172833,3.1723231544257517,20.28494771799454,12.812872699343519,310.1806344034198,1241.133069792178,0.9740734665218409,0.7441970894984795
742,2550,-5.2189803981463845,5.2189803981463845,5.206770497581193,True,1.440087476008704,0.3889522260882098,0.8550995793714202,0.1365260470880802,90.0,17.0,1.5387700709193475,1.9028355602410123,20.795112034979645,11.099449584680332,245.0254023218468,1460.4657972832397,0.9293437344003244,0.8757822573237046
743,1333,-5.218050314593584,5.218050314593584,5.206455948864713,True,1.3890533474733484,0.34755301659011295,0.7722159633628907,0.28151234327060215,79.0,18.0,0.672293806562954,3.543844695237005,14.380773454044975,10.610294364154198,400.9082476642756,2086.844728734112,0.9953297938004235,0.8115188172985144
744,1681,-5.287799709520728,5.287799709520728,5.20638859633611,True,1.4226160294827894,0.3901659361187798,0.8724587071342174,0.11385711386137244,83.0,12.0,1.3162854074814394,2.2695400161300436,16.670639485048692,8.157451942063766,370.99806503758964,1328.6976703117534,0.9805064481579095,0.7338336733870647
745,2839,-5.238923718276288,5.238923718276288,5.2063650075174985,True,1.3669090924520861,0.38521207953233494,0.8009985653969307,0.17828703524827283,76.0,19.0,0.7323407262797073,3.3136048339821444,11.585014355531053,8.95619193307198,432.17098335025474,1814.9695542804093,0.9058786207635598,0.9645209709730809
746,817,-5.223419619595416,5.223419619595416,5.206342972688867,True,1.4724221743009063,0.3980685201367571,0.8553234779493709,0.08478750095219559,78.0,22.0,1.6880178831413226,3.276570748140269,13.893360971035719,10.721211323187239,411.93940260673514,2248.3522549497334,0.8242376180398011,0.8846420567157303
747,421,-5.208935816847015,5.208935816847015,5.206278473060044,True,1.4108108076049688,0.39743164018167143,0.8338703120584409,0.10918130721225024,87.0,27.0,0.70521101422543,3.0059557331160116,14.889198013195609,9.196492439337499,344.83572791158235,1881.2198130527631,0.9982362055227582,0.9131872101661801
748,3054,-5.2178567733063,5.2178567733063,5.206256686140257,True,1.468973273975672,0.38776892820618075,0.853789489527681,0.13076548689122966,81.0,27.0,0.6988978623599471,3.670942988858413,14.548415356963073,9.997600884202766,457.7494274252474,1423.522376227474,0.6952170049625179,0.7265320010448378
749,1549,-5.212646428801664,5.212646428801664,5.206256002925693,True,1.4939219888683812,0.3434130227466212,0.868980067738609,0.21935693912386275,87.0,18.0,0.6328479741746587,3.8259671408920717,18.39017563942523,11.368131865273769,389.81486479426076,2399.76303768023,0.8126586664147306,0.8207812114873323
750,1065,-5.2085480232433685,5.2085480232433685,5.206119487284367,True,1.3992775471079735,0.3838711351263848,0.8875933648894192,0.19111001790470403,83.0,15.0,0.6776877534717745,2.1811866594232328,14.321523382299336,7.351732057235766,400.1161984234005,1461.7852683088604,0.987834654530137,0.936072893168496
751,2095,-5.243694650990085,5.243694650990085,5.205387953783704,True,1.4914434931910092,0.3971550299103481,0.8305422430287985,0.15353484505661188,75.0,16.0,1.1094977853579384,2.8872080189491887,12.487408737652004,9.01639922907833,460.0303695339313,2723.736869003793,0.7487230971847824,0.7577148058042855
752,257,-5.255647715045162,5.255647715045162,5.205198444445019,True,1.442296782449901,0.3677186222011983,0.7462020547958448,0.2431454151460842,78.0,13.0,1.060771146563383,3.725532141233681,18.208244773713716,9.468089335954199,360.48445894796413,1871.8018382787704,0.9599352140831193,0.9199299869063117
753,616,-5.271904054431559,5.271904054431559,5.205145422275439,True,1.4270025063374001,0.37206308833878177,0.7745037153074776,0.2458236299539725,70.0,21.0,1.276164824316032,4.242973810069719,15.583522870342911,7.145210117389576,467.31486823360166,1925.777155842369,0.8387564809091526,0.8361742420520585
754,2174,-5.222890466661962,5.222890466661962,5.2049905280191515,True,1.51040351084578,0.3821219408742301,0.7584852292414781,0.18962998494405964,60.0,15.0,1.2275390422672454,1.8475382479143492,16.884931006485054,11.772238273670434,303.47428105289885,1969.7986478094097,0.8800025034332284,0.7104265101561623
755,1469,-5.212740324603935,5.212740324603935,5.2047843500161255,True,1.3763161076303965,0.3771071532634699,0.8715008939932964,0.15930186699539467,92.0,20.0,0.6961406223637034,2.1710947794735054,15.778964556268402,7.181451447429429,406.14019856183387,1505.4641452191431,0.9477476865663144,0.9712102250831032
756,126,-5.217378487440558,5.217378487440558,5.203784152760072,True,1.4822348859063406,0.38732564393392194,0.770771126340448,0.29597201681002405,57.0,15.0,1.2542157078859153,3.9991173063167156,18.314609163421387,10.951402012277372,349.2999444060786,2957.1766326209017,0.9905660735018171,0.89139607967383
757,1045,-5.219847773487766,5.219847773487766,5.203454059937171,True,1.4271999700436784,0.3954343150578531,0.8687775901833918,0.2872665631360002,78.0,19.0,0.7746101670160983,3.3943724432792775,18.557831226975967,8.061443434985673,385.4391290129952,1310.3101196606262,0.9504952308260083,0.7716209580831739
758,462,-5.210558018602036,5.210558018602036,5.203447628456949,True,1.4550346655598694,0.3718980062169144,0.8384869586867594,0.14625288905126113,92.0,23.0,0.6326368487990317,3.2845260723102467,19.103035620202878,10.80450822978718,346.6031607263402,1374.6128898958364,0.9127110998593386,0.9447798359476041
759,209,-5.288713658900781,5.288713658900781,5.203331807806304,True,1.3462892762316732,0.3993335294577902,0.7263908089788818,0.13698981115175302,74.0,13.0,1.4803696855973856,2.960610027567531,16.666785719120305,10.653128765761437,339.5005762719194,1205.2035353600331,0.8824017813861171,0.916511717930637
760,2611,-5.233936888354414,5.233936888354414,5.203315743900206,True,1.495637008278561,0.38886413745392867,0.7479120011652446,0.17728528747124295,82.0,15.0,1.143682278875551,3.473900733304261,17.206758848221416,9.464182031901302,401.0467531140447,1424.0932076868937,0.7125555828525951,0.7162117591185847
761,1600,-5.210219320408686,5.210219320408686,5.202764660685594,True,1.4997987837191715,0.29254966307507246,0.8685929060145035,0.17778199564854905,92.0,17.0,1.0605490910820663,4.148753220076212,14.582945616469942,9.541185734291313,434.1096129318623,2704.6505361795425,0.9876157711260021,0.8650950602978387
762,1248,-5.232525045507918,5.232525045507918,5.202483091651079,True,1.4727238683844512,0.39193071913320376,0.8298638009826418,0.2475440547259265,90.0,16.0,1.4586461108519002,2.000442144582256,13.104969569139787,7.653155422756367,429.43841201711854,1705.7055224938435,0.8987549962926183,0.7681168622721568
763,304,-5.220504029317675,5.220504029317675,5.202455346881745,True,1.4236232994864928,0.3796398829434481,0.8166506100443108,0.10893995719418426,84.0,21.0,1.4312460348124212,3.108773837521137,17.432084494409196,8.975827173227703,366.10748991556125,2461.2925058137207,0.9693066004207747,0.8856631884841051
764,1888,-5.310037051636134,5.310037051636134,5.202200979251596,True,1.3813558625440887,0.3903296428026207,0.830154838008061,0.18298708265660968,71.0,18.0,1.1511983995874455,3.547841474954206,11.950743332208969,8.920245995687548,422.78017303629935,1442.0799344084955,0.9480605649848324,0.9659401060987871
765,3161,-5.310037051636134,5.310037051636134,5.202200979251596,True,1.3813558625440887,0.39032964280262067,0.830154838008061,0.18298708265660968,71.0,18.0,1.1511983995874455,3.547841474954206,11.950743332208969,8.920245995687548,422.78017303629935,1442.0799344084955,0.9480605649848324,0.9659401060987871
766,597,-5.2253562657308095,5.2253562657308095,5.202170663915042,True,1.495767629739694,0.38237719716698065,0.8646792224591229,0.2866451591744659,95.0,13.0,1.2705850304655333,3.383112189215893,17.730421204475793,11.689491033682806,383.61340178747486,1847.6471220579822,0.7483153550012123,0.5993709606985792
767,1073,-5.274708227384345,5.274708227384345,5.202033785196402,True,1.4963623313443293,0.36395560564260443,0.8066816954762335,0.28461314878602684,82.0,12.0,1.4514310581508307,4.020727988833502,18.30891595333562,10.704653488035603,361.52678119341925,1585.0526175067553,0.7807269613547141,0.8874308714291592
768,718,-5.209890170271735,5.209890170271735,5.201534423534204,True,1.429146132548675,0.36588750038273077,0.8888990130512135,0.18251873561217033,83.0,16.0,0.6621364415925988,3.8373437879536683,12.634882948111656,8.797680640513025,421.02757649864526,1645.3703900412008,0.9405826761619461,0.8845112193850407
769,697,-5.2157905174631605,5.2157905174631605,5.2015251878512645,True,1.517237253333716,0.3854892065710832,0.8041330547431679,0.1275541468547925,92.0,20.0,0.7851022366006877,1.556386238501417,13.937933390452436,8.281694532482273,386.64877145748113,2045.7392891451636,0.8908403988270561,0.8710990886409289
770,1550,-5.214344925458708,5.214344925458708,5.2011183703311765,True,1.5160929697598744,0.3870420913338146,0.8432977612422972,0.11935950285609823,91.0,27.0,0.8663565806342188,3.871531334068309,16.93876939608238,11.59135577745057,315.74616142263653,2061.9446772946667,0.9098232222067097,0.8913514058748369
771,1830,-5.216846394855414,5.216846394855414,5.201081128404291,True,1.472727233443828,0.3598095545811792,0.6946301983971052,0.1223276443740891,67.0,19.0,1.1343299919332526,2.6752547002307803,13.747391651903065,9.305163477752206,416.6560279765978,2076.734807107808,0.9102568092404044,0.9477411505797034
772,2531,-5.211297606514554,5.211297606514554,5.200951539452122,True,1.4317451963514687,0.36657092443110584,0.8167266397237194,0.2335209022103753,71.0,20.0,0.5695228265406787,3.8871234013287714,22.645007935622683,16.442355311464894,259.9515676102876,1470.3536743366112,0.9401973793518864,0.9350659149584752
773,866,-5.263185197593591,5.263185197593591,5.200551363272335,True,1.3404243869455437,0.3935384854720392,0.86269684847045,0.2739820793169996,93.0,11.0,1.1190970359714785,3.71028562820424,16.305089087639825,12.978028050289012,337.32913118515387,1547.7240464057575,0.750424051536466,0.8767205424217179
774,1597,-5.262741386777984,5.262741386777984,5.200550982220969,True,1.4840036318185215,0.36072854657148856,0.8182086730965388,0.2562780466254082,71.0,18.0,1.0074776868998399,4.4185136126490505,15.919139146565675,10.937122262161004,372.19563935885367,1353.6987259679327,0.9081563696166608,0.7349255643280967
775,2537,-5.2138057248399825,5.2138057248399825,5.200547096965596,True,1.2912326366533624,0.3998762080408801,0.8952230021180867,0.2941702389697225,77.0,17.0,0.9427185099680848,1.440046884463214,11.34372934662791,8.58191779270032,414.20652964919714,1241.8274135638294,0.9968199252230265,0.7083671210477449
776,2173,-5.246737984387619,5.246737984387619,5.200362058831524,True,1.3646910197723392,0.3523249098977793,0.6516237021663231,0.12068316929361896,71.0,17.0,0.8149483686863417,2.268096541775194,18.76041813837084,10.324699964248481,299.2525263899945,1352.915045591401,0.9622165988671632,0.9247109140685483
777,1567,-5.236550375509462,5.236550375509462,5.200271405590211,True,1.5056277604573005,0.38375433186737573,0.8777618463914969,0.2751924810383323,72.0,15.0,1.2901338468771613,2.8089272430670857,13.224909508500245,7.505432877128888,469.49334261303414,1014.000264165008,0.8012187770437679,0.8599886442774682
778,1531,-5.243077684112046,5.243077684112046,5.200053725237997,True,1.472403813868259,0.38924727716362706,0.8108465496934399,0.2877095417198006,74.0,15.0,1.2105948198345464,4.228249580403335,13.597333671742323,8.449991908858564,425.6399623693908,1881.7517152099513,0.9242923850789597,0.896425640982458
779,1329,-5.239143109114152,5.239143109114152,5.200027800437837,True,1.3851340370709373,0.368573939021289,0.8794601928793715,0.20326758529411007,83.0,15.0,1.1554536524324466,4.294603161530604,14.742124589714694,8.870128662950723,440.2836528477185,2029.9697124362895,0.7419874550089011,0.9295941718287546
780,167,-5.2653286673162665,5.2653286673162665,5.199496731979922,True,1.5077376001352167,0.36716005908891014,0.7955948697353123,0.1241563235977881,73.0,14.0,1.1135059177184463,3.808745587918787,19.86847337120214,10.234453908807284,344.29513043626076,1516.4711440829503,0.9718784605289434,0.8663566242828968
781,1020,-5.200952073040003,5.200952073040003,5.199070394783121,True,1.425068797362786,0.3435527899574423,0.8840604454313712,0.2560512481071055,89.0,18.0,0.6008184778805061,3.721559724098186,15.80313857417982,10.185108556305916,437.27580423793205,1931.1362431336427,0.8322939260639313,0.7759409245218867
782,970,-5.245704644836453,5.245704644836453,5.1986796249481415,True,1.5207004726348767,0.38943672485820424,0.8650809201659149,0.20000556629761015,61.0,15.0,1.2680949324256832,2.2259455545818927,13.954240056172551,10.689492955901207,370.4505317474839,2370.6387942431306,0.8618122698814024,0.7606086539552727
783,369,-5.20081554669694,5.20081554669694,5.1986005649079505,True,1.487465694070814,0.38685814407285046,0.7562581380071686,0.23571985018311836,81.0,25.0,0.5973440390912326,2.54822972987862,14.715653424144094,10.03008083327435,387.5029506713005,1803.6157745485757,0.8892666422255686,0.8834922448731959
784,1987,-5.2111589389433295,5.2111589389433295,5.19816875973485,True,1.457472549906266,0.37278290570766476,0.7432280610758482,0.20348854554095122,77.0,22.0,0.7244071511809556,4.407340983592302,12.959496044890374,8.638097063622958,488.0419923864836,1118.9633352819064,0.8857237046465986,0.7017509758135646
785,19,-5.2379594641103955,5.2379594641103955,5.197890370352123,True,1.4726515895926995,0.3890553115741815,0.7280549042965156,0.1973227660290776,64.0,15.0,1.5986231142178329,4.430786923921538,19.25648372601946,11.199314116856948,325.4797128213527,2307.4892652567064,0.8411520639416539,0.9009631386632158
786,1695,-5.270825554082042,5.270825554082042,5.197640632678357,True,1.3560824616963654,0.3266014397193539,0.7724500504961223,0.2577950065145178,84.0,12.0,0.9216076127380366,3.5663509237819535,15.781609369218309,12.009709498537957,395.7037114605276,2067.6983367355124,0.8449959752275242,0.7861866338047062
787,2598,-5.202425784250251,5.202425784250251,5.197259357506747,True,1.2679708422062537,0.3425884418148024,0.8319829764187466,0.09152502675213324,91.0,17.0,0.5806382541661228,2.7054406289536663,11.57138168395248,8.550634554707901,493.5005530221972,1297.503718729251,0.9347045881737195,0.9405789817162
788,1265,-5.2705033059118165,5.2705033059118165,5.197182078337212,True,1.4743526733189323,0.3784419599834048,0.8163740192043129,0.1970991217455342,90.0,10.0,1.5039925782453607,3.0448642614013397,13.953395921749602,7.88542826850175,421.0601332569977,1843.1853266130881,0.8434227115930167,0.8713895040720632
789,1564,-5.224274695558455,5.224274695558455,5.197173548064712,True,1.4832003453853453,0.38700563458018733,0.8747134915183388,0.18173466442172373,72.0,22.0,0.7720477918490358,3.959027101171583,15.152446895792359,11.085008382709336,320.58176715932143,1830.9567128054719,0.9573108354273263,0.8086493669190242
790,73,-5.2030627958583455,5.2030627958583455,5.197144691900576,True,1.4598928639247555,0.387790154560042,0.8357284661178352,0.15448456383309228,81.0,20.0,0.5821607142180261,4.387435140969419,15.96814684661723,9.745657837074404,427.51190602642833,1185.3741368019496,0.966536784024334,0.8490592661699538
791,1916,-5.198780302536731,5.198780302536731,5.197059522962128,True,1.4564028519155652,0.34483207875512367,0.784682317606748,0.08029454040203296,69.0,20.0,0.550352850275571,3.7748404078228672,16.62916232643519,11.444910731137517,380.15891464298386,1487.2411681325552,0.8444329418488021,0.7741406723416142
792,1568,-5.252372304358664,5.252372304358664,5.1969178228967134,True,1.5199702270626982,0.35743677529967116,0.725047546888542,0.15338085749568475,76.0,16.0,0.8068628684739862,3.9034629772697613,14.930615079316151,10.937684047371306,376.55180272587984,2352.9731589939656,0.9519286281213255,0.8554709285757456
793,636,-5.236185115931621,5.236185115931621,5.1968553970786,True,1.4724499898451253,0.3956454379592872,0.8312550823926236,0.19772252691147504,81.0,8.0,1.6237835895914356,3.4722628477313098,15.456980140131027,11.947673906799121,346.28943195503234,2034.0353161969479,0.7812551425812586,0.9293037690134398
794,879,-5.273692577478435,5.273692577478435,5.19670838965917,True,1.5015617289992416,0.3576729142020566,0.8941448252821624,0.17761232969897978,70.0,15.0,1.5124074602167297,4.206623842141452,18.450735855798637,13.025401183965066,331.65950909543807,2212.314413246397,0.7253174556973663,0.8363277162647385
795,2727,-5.202410916177454,5.202410916177454,5.196551687874433,True,1.390038643464454,0.3897635401465972,0.7777765580915701,0.15511288499420442,78.0,23.0,0.6337018769978142,3.440318348880691,23.43419817383574,15.42402360030848,296.7475756682518,1271.1888667750814,0.8053101682373633,0.6990213055006642
796,177,-5.201529238429872,5.201529238429872,5.196526733658729,True,1.4205262607716418,0.3917781123134066,0.8296943042551417,0.10151579323080895,73.0,19.0,0.6932333003183047,2.5966477242892805,18.14430703423208,8.172284151872795,389.23463148076473,1321.93946534281,0.9303914185015125,0.7134336777760804
797,88,-5.204013684694567,5.204013684694567,5.196384613621705,True,1.4101655875322474,0.30746185548647176,0.7619015731371848,0.18605369027381613,75.0,17.0,0.5552146359723746,2.8143404375307477,14.379681794790107,11.371996815924394,387.1117146231003,1629.916596380337,0.8949717671537178,0.885964083930701
798,3025,-5.2707387791956535,5.2707387791956535,5.196052898838864,True,1.5215158066524495,0.3903605515077191,0.8564145344118661,0.19781209369368621,69.0,12.0,1.7191188065010217,3.316885519675817,11.610088784795558,7.373740013304417,492.11304660703075,2356.328637844248,0.9595085241772067,0.9016493491832928
799,29,-5.204244020261951,5.204244020261951,5.195779152510633,True,1.478670657887988,0.3741041939896233,0.81583567663719,0.10246438927514172,90.0,13.0,0.5888223011638782,3.9185544996117976,14.02047446769511,11.139791470798212,412.5009455454473,1711.1863847162538,0.9964323253231799,0.8433252278454881
800,793,-5.233583222958892,5.233583222958892,5.194775174511183,True,1.4395509312995594,0.39531968647084437,0.853058501127295,0.2539089321782836,90.0,17.0,0.6941280545152919,4.399241640362449,16.233106797531644,12.035198839345735,336.87046925764827,1995.9923494450345,0.7540223650439473,0.9923246167454798
801,1871,-5.229791726516602,5.229791726516602,5.19465097975724,True,1.4575159428024211,0.3984708037689271,0.7970626896196237,0.17137497570291113,74.0,14.0,1.2836062141158673,4.158042771400392,17.207494786936838,11.727614441236915,321.7588142491877,2226.1739023825894,0.8913371518724904,0.8027943887430272
802,353,-5.227204365666909,5.227204365666909,5.194541590698373,True,1.4554381215676906,0.39683736480842224,0.802347443916049,0.2454918200933134,65.0,14.0,0.9582559087083771,3.9863982806887677,15.259501963175563,11.682862493043647,396.3964618652269,1320.7625117220796,0.9087358705388284,0.932744802085374
803,946,-5.2319863561337785,5.2319863561337785,5.194338899406754,True,1.416044265606936,0.3200191300060917,0.8411412308894161,0.2336065312577149,78.0,16.0,0.6611591555568612,4.22696584070585,15.274016351858448,11.795453353959509,377.754702406356,2190.1896760298164,0.8752344267696215,0.9974958702263823
804,1493,-5.248609410202381,5.248609410202381,5.194005680025834,True,1.314563201032781,0.37901073759981063,0.861502608151971,0.2832639741717236,95.0,10.0,0.9170673909403666,2.355026936279816,17.25330981030214,11.178394722712255,297.4242908505526,1590.8001100321867,0.8817470672760631,0.8876160068851763
805,2216,-5.202454423747031,5.202454423747031,5.193699077441673,True,1.364107847424127,0.3913073554052861,0.7391489248573704,0.12267508770207332,84.0,20.0,0.7978738000068983,1.3592637639411325,13.947128881470091,8.530713984742391,377.8058424967181,1734.519420559257,0.9001222358626717,0.8484242994314071
806,361,-5.262989220444977,5.262989220444977,5.193646150931192,True,1.441754625397537,0.3765717118438624,0.772344334798221,0.13014405782675856,65.0,16.0,1.1951109411896794,2.1728807452889325,20.033714494272253,11.912946107726452,271.51939342276614,1775.8455545230033,0.8746260838383124,0.8970752840498053
807,1997,-5.274025481244893,5.274025481244893,5.193424063938909,True,1.4696572344507608,0.37906349723785543,0.8163155861993185,0.13593084696692923,69.0,19.0,1.136089964820307,4.271904396389223,16.769707231891406,11.129113579610957,308.0017005937024,1460.1199448613665,0.951995487027556,0.9948176358723306
808,1214,-5.193715230145519,5.193715230145519,5.1934219490923175,True,1.385664190907258,0.3735840621489398,0.8909667642600507,0.18785691120577075,96.0,17.0,0.8365277174691823,1.9418630805672192,15.105930041714812,6.663134057888843,446.8227996969603,1948.3456323718997,0.8903152299541801,0.9021818287970376
809,820,-5.201940982599034,5.201940982599034,5.193169786655925,True,1.4981844694358355,0.39051662312932633,0.8814891551214734,0.12008131730781953,100.0,14.0,0.599890071136798,3.951456077790537,22.691994023735965,13.06411726328828,302.22719179062636,1373.2657070082319,0.807684867468114,0.8824224084696737
810,913,-5.249185953618202,5.249185953618202,5.192977334814094,True,1.460416639001122,0.39168353884741114,0.7430056915883354,0.263562813840058,74.0,15.0,1.025060127645279,3.732222453295606,17.64822478127614,12.104317274580731,414.6423667765703,1629.3432253062754,0.7313510830543317,0.5624230171555269
811,1223,-5.216661618262675,5.216661618262675,5.1928610761232505,True,1.522602223064407,0.357270287985449,0.8774032505051175,0.2432681612315032,64.0,17.0,1.1016303731350254,2.6440825934625396,17.82924929264273,8.208477853957733,378.1192498847816,1614.5365469005515,0.8086972406672005,0.9027843848078502
812,605,-5.2160513958701085,5.2160513958701085,5.192515208874732,True,1.4481509078594599,0.3491869339258583,0.8920885619327452,0.2793885994515932,78.0,18.0,0.6145494569288079,3.148362129420997,14.801190630589378,9.101495982596644,394.09313575137435,1743.5298103805505,0.8190561437126291,0.9979670328210086
813,1158,-5.20244264828446,5.20244264828446,5.192348352246061,True,1.4266282790218672,0.35127834206820024,0.8001158313745967,0.29465542676981155,75.0,17.0,0.60059401207132,3.1988662619357227,16.299836730358976,7.931806507898382,406.60261775078243,1627.4811247639605,0.9759905128197075,0.890966889201904
814,473,-5.239941147370484,5.239941147370484,5.192081047590039,True,1.4028190263945128,0.336578270761609,0.7250014104297319,0.19657513330525295,69.0,14.0,0.9122247126942442,3.1125300071358604,16.160983545849344,10.422746139928236,372.1260050657377,1489.6558021271844,0.9374819899930686,0.9238649202369797
815,1645,-5.194366332874234,5.194366332874234,5.191927751020021,True,1.4908666625532947,0.3851718552415391,0.8450497489956054,0.16533637561324,91.0,16.0,0.6444371294641411,3.7183592791379225,16.230445312831023,12.589299574625555,339.86712464994696,1084.8501562865345,0.9428637880982162,0.7378232834730651
816,1535,-5.2052926013741665,5.2052926013741665,5.191661702715645,True,1.4488700944878252,0.3591352117914835,0.803727784255818,0.21059492819317205,89.0,24.0,0.6446477027368567,3.0875937937130655,18.933988008811006,9.148283818034589,375.15423093478574,1072.6224559864545,0.8748513041911037,0.8875494920982303
817,2168,-5.249934474367267,5.249934474367267,5.191592220203228,True,1.4188141857282437,0.3874432169948857,0.820663666143185,0.1778823964928598,88.0,17.0,0.915840336819675,2.7563416763727213,16.017795010776997,9.090449344708883,325.0540982427383,1057.2999879230256,0.9183012114135165,0.9629368873598703
818,256,-5.222250678595216,5.222250678595216,5.191406696740984,True,1.4267704084530355,0.3666318266194702,0.7959645222760711,0.1763482568847644,67.0,12.0,1.2836037243202802,3.6695088171405934,15.625688303553034,7.363755788099439,481.15237579102927,2407.6677069461307,0.992301148511398,0.829421621170848
819,2516,-5.262627624593906,5.262627624593906,5.190906757134726,True,1.4495500053264496,0.3733223022314726,0.8093686433273675,0.169817177266687,78.0,16.0,1.473888630262091,1.4041396514471391,16.836390804479635,13.041645013386045,236.63095559414649,1035.0716207065675,0.8831336590559649,0.9131343254064794
820,2901,-5.203765145377003,5.203765145377003,5.19055619026164,True,1.4651959862514834,0.36595815874333637,0.8087156413147857,0.20102012776586548,91.0,22.0,0.9650668466390644,3.7456916930912625,20.45510660786508,13.29387337132924,328.8315721390152,1199.1509420564053,0.8038999860451785,0.6697591364031017
821,1787,-5.24766739412249,5.24766739412249,5.190340526683225,True,1.4317138315288025,0.37141467463835504,0.8410119723341648,0.11121099738088712,82.0,10.0,1.3577541048145096,4.358454392155387,19.30742020133773,12.940609719207805,334.2246768510668,1402.473134286156,0.849172979921083,0.8302928965182501
822,1070,-5.282207774810106,5.282207774810106,5.190308312190785,True,1.4784954629686204,0.2924593125345746,0.8824457050394551,0.1885194606906738,88.0,12.0,0.9917923998326215,3.0668282218460248,15.203216644406426,6.6122106300583345,467.13197101687246,1634.9901610541615,0.9619002407358288,0.963970853644033
823,2953,-5.252477109466686,5.252477109466686,5.190287473448505,True,1.5025173328025017,0.3740479125028003,0.8716269592192105,0.12879372329700084,74.0,14.0,1.3186857849146874,3.546041589895951,18.439108397739798,8.847560386507823,374.5995331765366,2342.4867562172876,0.8397511580699267,0.8905825092295364
824,948,-5.191822943804041,5.191822943804041,5.190173640637446,True,1.4594762295254038,0.37134528892268626,0.8746820850338566,0.23480312612308246,91.0,16.0,0.5699088719891647,3.014946380815953,14.161542636828404,9.274075800890024,390.50874939067944,1110.572920598383,0.8157566568072476,0.9559211695355874
825,750,-5.203175388991854,5.203175388991854,5.189943948235847,True,1.4385111130814021,0.37083942535430675,0.8067056555427357,0.2173602674470399,81.0,16.0,0.6061846925159102,3.5556580223049457,19.318728575756612,9.307984881480232,389.72816941495256,2275.067558076877,0.8634575458083074,0.824624038339886
826,1834,-5.270198536111176,5.270198536111176,5.1897793132192875,True,1.4094328489287902,0.3786135136460651,0.8515610994771747,0.15286997797517365,77.0,14.0,0.9110006782422346,4.13577794401773,13.45883573968387,10.70788789037797,406.5321174988968,1601.8375972520066,0.9664328307268396,0.9493950645838786
827,1931,-5.212079559444259,5.212079559444259,5.189771219139898,True,1.5121265151202636,0.31624763237484765,0.8496968933295999,0.17631271849439625,60.0,17.0,0.6767715509817247,3.3746346139116925,15.341989075986806,11.09741034527968,398.88539835083907,1559.9747487295563,0.9295515233650371,0.7560131656675484
828,2974,-5.197826936959791,5.197826936959791,5.189678529782834,True,1.4728018426090685,0.3457779278743596,0.8764091663539675,0.2520557163410246,78.0,20.0,0.6068450143153945,3.9190672107825266,23.311605860109253,14.57131004943045,314.72192120639716,1230.6528273403785,0.788659923632044,0.7100928716538277
829,1299,-5.191571916662393,5.191571916662393,5.189654687020491,True,1.499720378991703,0.34106708121157303,0.8449742357780555,0.14664604119306587,76.0,22.0,0.546531986980574,3.3978594597887533,17.087034029115603,8.542202467197164,435.17172866174394,1406.6932677542604,0.8086223760793425,0.829077045290351
830,1808,-5.198199671681483,5.198199671681483,5.189581961801496,True,1.471427295917044,0.3447457128284056,0.8130385754686739,0.17510315751977645,91.0,18.0,0.5709501785047322,3.416168865365717,15.444374896812585,9.57062908511032,440.51552142419354,1869.5917668323877,0.8492082359365303,0.8480901937656352
831,1815,-5.2085107065844,5.2085107065844,5.18906825770542,True,1.5116289566195236,0.3206934019909492,0.8175213769443466,0.1348402703996068,86.0,24.0,0.9477856241438147,4.1753528686712436,15.194811965858628,10.294353985051346,441.4550998763526,1371.1422671152527,0.9260289984968902,0.8175389026311422
832,1410,-5.260679330922734,5.260679330922734,5.1889572042392125,True,1.5075560642500285,0.3966821705636164,0.8111472867286806,0.20788443561063433,62.0,18.0,2.1231490901554646,3.4105236460413213,15.441724062230083,8.620531138009213,407.49440743359054,1365.4308721183147,0.9277786305510995,0.9452333357127223
833,1491,-5.20105604858615,5.20105604858615,5.1885348707068415,True,1.4226827137439553,0.37678087313871883,0.8299441473944548,0.298264462081883,77.0,11.0,1.476926330357487,2.5991173896573425,16.88957923996891,10.348583671946074,279.5053451374765,1714.0139809799857,0.911761162829767,0.9979164181602187
834,598,-5.1992323188668506,5.1992323188668506,5.188451282682239,True,1.485205995656069,0.3798495283812387,0.857141286316331,0.27873056873148444,91.0,21.0,0.5710347845354415,3.50551859333744,15.146484635443585,9.495309707504338,402.55660704888004,1924.701262383471,0.8539870477792557,0.9913730814756722
835,2853,-5.238215386686285,5.238215386686285,5.188284790646237,True,1.428588469529053,0.3950635848059249,0.7878320557398703,0.13080228702858823,82.0,7.0,1.7876626873344392,3.976863907033543,16.68479433657076,8.02243081201291,464.746537977693,1248.7549598091668,0.8608373095109255,0.8231423533659584
836,2780,-5.268794829491025,5.268794829491025,5.188203850944026,True,1.4316159041702954,0.3672936911542938,0.8000625042024517,0.11296094066229649,75.0,14.0,0.84828665809913,3.2726861312306323,15.921948698236557,10.989119423383539,343.1321163389229,1299.6121148757538,0.9974103546270348,0.93960153988331
837,2517,-5.2482006305800155,5.2482006305800155,5.188128940295407,True,1.4906698306165698,0.37963956575278957,0.8995854935107088,0.29940700329612135,102.0,12.0,0.8838137583284111,2.7079250178159353,17.24997704138086,10.40581782540668,339.0811253957167,1260.7878791475946,0.7545637876495928,0.8895593374175478
838,1,-5.258222655916152,5.258222655916152,5.187910167810561,True,1.5086733427092116,0.3659472585110676,0.7663572069660268,0.1257140397509138,76.0,16.0,1.029492598442121,3.497718695871081,20.65857176977515,11.951659892435796,281.731045758032,1056.5490880670045,0.8885241777863553,0.9444446089524645
839,2715,-5.256385927287779,5.256385927287779,5.187109721019147,True,1.4498401230042575,0.3520321333056591,0.7990849157839144,0.18070710398602854,82.0,15.0,0.8327633875777505,4.4693453569997335,19.517860383559764,14.172837040054628,393.18286434659234,1667.8165922320738,0.710264303246518,0.6262656107097342
840,1626,-5.205252397257346,5.205252397257346,5.186954960930661,True,1.3609155194272209,0.3396836030310015,0.8752553599504875,0.15429971185512334,87.0,13.0,0.9343746535714785,1.7844750735279298,10.365932506764882,6.29514806896009,497.3992348503567,1940.8032374084767,0.9935291148610115,0.8803232561353004
841,642,-5.203382984343437,5.203382984343437,5.186920858588836,True,1.521099571218714,0.3577065782224963,0.8287968552185376,0.2942068189802255,83.0,16.0,0.9467714348185083,4.252675455133231,17.01151208118547,13.059641505301883,361.7271647109306,2357.024404254889,0.8127412224297699,0.6092960522748396
842,202,-5.1960223565611035,5.1960223565611035,5.186165337525404,True,1.4808131129289568,0.37483567879600865,0.7139658149255567,0.11328634101007574,80.0,22.0,0.600163599232185,2.2512128266624396,22.194428501932396,10.605603400917271,266.8290525193479,2051.575027142763,0.9543516555660525,0.9691894507870058
843,2601,-5.196149598420005,5.196149598420005,5.186084446799389,True,1.3957377943905673,0.3900622021884439,0.8738873599496522,0.23793266815758757,105.0,9.0,0.7058964493662812,3.403553428366703,13.54947554597175,7.944103619569088,449.66660391681904,1199.0179564139062,0.9812201681582833,0.7787765869717568
844,1350,-5.250100923178944,5.250100923178944,5.186030929725845,True,1.512466800218966,0.3855494083305284,0.8205279056759697,0.27334915628330037,86.0,12.0,1.2457482631693202,3.9362898238172175,12.863744933644973,9.784226941223565,411.0574756833841,1153.9150584941283,0.8232865667081994,0.9752486445979089
845,496,-5.2661964847824985,5.2661964847824985,5.184775066978501,True,1.3956739828098583,0.3955398743157216,0.7129607934703759,0.16493042504302607,66.0,16.0,1.616803689632183,1.6314481448350424,17.970687000799874,10.458617321424178,282.6721230503563,1174.1635811776912,0.887333120147568,0.8469371551987913
846,2169,-5.271144901539654,5.271144901539654,5.184187654066813,True,1.50000258150569,0.3833660355733596,0.7631826081964266,0.11998861132011912,84.0,10.0,1.381244894502515,2.019427153410277,13.84826317016799,10.150584470369068,391.5015036929395,1452.0922932644348,0.7868176647758942,0.7499031227758332
847,1576,-5.195779813340837,5.195779813340837,5.1839365697359,True,1.4463703159158436,0.30395332181736084,0.8441002462427339,0.12369804357862199,81.0,18.0,0.5832183438323333,4.200746617199747,14.69579073910646,10.856551649249262,404.79779045102924,1379.4361016723474,0.9877840244713754,0.794284241325041
848,1717,-5.245782787572536,5.245782787572536,5.183898868893538,True,1.3261284339527342,0.38257025316762183,0.8241964549426527,0.256458614318799,71.0,18.0,0.7863186492603018,2.9421548179759744,18.235009040877866,7.755014410990494,413.86667989499426,1782.9161148242954,0.8924588086744762,0.8276858044168354
849,808,-5.196556352383947,5.196556352383947,5.183593170552453,True,1.5100230803396926,0.3832775166950025,0.86323074432309,0.26006474904974786,84.0,20.0,0.5384673301524483,3.229106053494573,16.648371599535658,9.721058060389542,377.22697926576484,2461.359618876268,0.788649773562684,0.9958878081704161
850,2277,-5.198028116711074,5.198028116711074,5.183532448464744,True,1.3807079165764153,0.36546244788866356,0.8404256813140916,0.11167884213888743,74.0,17.0,0.5774608783213075,1.9940688596107066,17.82073530689587,13.355369560697651,251.82696200077316,1763.017535911434,0.8918623742355447,0.9362594352580917
851,1002,-5.202148991730122,5.202148991730122,5.183471509006843,True,1.5208737223095394,0.36394516283130374,0.8529507068878145,0.2533819653251208,75.0,18.0,0.5919723981060088,4.044440886323634,15.37757909927986,11.186500940136503,366.28174758030667,2450.4477332054726,0.8903873030666524,0.8205170390312908
852,2876,-5.2590137180378465,5.2590137180378465,5.183362846120631,True,1.5155457433203268,0.37428981070584477,0.7627007036512745,0.12410850351275914,78.0,16.0,1.4344492038305405,2.498787915118267,12.896505257534447,5.269397711339138,486.60426556466905,1351.1738527610887,0.9006376649641237,0.9160738309824104
853,2446,-5.2388399877183165,5.2388399877183165,5.182824650135856,True,1.4858819133639283,0.32983400275620856,0.7752096537072579,0.23731541291886846,81.0,15.0,0.8195541855152335,4.361526189612446,21.277120375374658,12.132769202229808,303.05136773395105,2178.5148316781906,0.987424702767843,0.8464685151404894
854,2831,-5.192714923852503,5.192714923852503,5.182408620022359,True,1.4700333621512125,0.3741102505021682,0.8066846250528191,0.09635610880327784,89.0,12.0,0.6285697295919745,1.8171851382997168,14.330767589799569,6.8888449893942845,474.6687638318604,1280.3935032134796,0.9139883678967378,0.8270309365124344
855,3053,-5.185295822696229,5.185295822696229,5.182396082581331,True,1.453483770372567,0.3642467810381759,0.883405461448078,0.10582373977621357,88.0,15.0,0.5307384369658577,4.259542124883158,22.00806207895112,11.51311792571362,327.494516108013,1081.1713961658675,0.8434257221222983,0.8561898875355973
856,1026,-5.192647897660979,5.192647897660979,5.182365480764815,True,1.4030705136521568,0.35329450136655677,0.7509462594795774,0.2640642951742455,90.0,18.0,0.629040856771498,2.49612481176127,12.61457588350671,6.887082979397251,453.8431870614248,1809.8076743451206,0.898074977878405,0.9836469468263268
857,2654,-5.241449500667178,5.241449500667178,5.182291703894652,True,1.4474056083467597,0.3521715573966503,0.7759142952686237,0.23298068304864727,71.0,20.0,0.9249948976432574,4.26299752404349,20.640370217267538,10.28648441648178,358.0949768322515,1204.5933184788682,0.8187537179339683,0.8224868786654194
858,855,-5.192520332827674,5.192520332827674,5.182193130231871,True,1.3950595115620068,0.36677709295335365,0.8337424378811453,0.1900774201749521,90.0,18.0,0.5914770329225933,4.066689926689058,15.475921515559401,11.976418467100562,334.4395996525184,2134.7664150335345,0.8681431796827473,0.8340459580206427
859,940,-5.184316683781977,5.184316683781977,5.181956663414818,True,1.48753036372284,0.353810637849855,0.8670859328351572,0.1801599492204369,85.0,19.0,0.5306898657110848,3.8052505777287147,18.554280860719718,13.744417707654286,328.8811652908797,2104.36905780449,0.8154009613393722,0.7661533744989485
860,2157,-5.239366603005584,5.239366603005584,5.181728778816195,True,1.4570130067897047,0.3811756786438547,0.6955420943041564,0.20516416509310492,66.0,14.0,1.3549811055387757,4.272269153676762,19.625076864694407,9.88688531875545,339.6356095695807,1462.9980464608277,0.984783412237957,0.9818062368935323
861,1662,-5.205655259915275,5.205655259915275,5.181435278465157,True,1.5151499156494845,0.3622790028024969,0.7761291946642819,0.11661905547821519,70.0,14.0,1.2312815100957393,3.632955148815705,18.579549955120648,12.027009514589658,330.7756580046462,1741.837206503686,0.8036901099479374,0.7103827989995937
862,721,-5.227010548746932,5.227010548746932,5.181317162617157,True,1.4721412357804282,0.37512445269308947,0.828019229849869,0.24076764336150425,77.0,16.0,0.6747716840217306,4.087753681770843,15.525232358967813,10.313358904542172,367.1825438752046,1947.8145569727237,0.9450623822713236,0.9216573947775499
863,1009,-5.229383402896932,5.229383402896932,5.180587552806577,True,1.4248700775763414,0.3950869298013667,0.8501930046150379,0.2914382228383964,98.0,9.0,1.0754884141601648,3.0846636121570294,15.10875760906023,8.118386484102384,398.5730438589412,1677.5524388446854,0.832527814189447,0.9242786051458443
864,433,-5.181194695235487,5.181194695235487,5.180381821420273,True,1.4521997004815363,0.3574475168188074,0.8148785722401858,0.1486388700778038,78.0,25.0,0.5709110791239826,2.6272901949932703,14.569231879645045,9.955618039545971,343.7582406577812,1744.5371395611915,0.987907427500891,0.8397465885758415
865,1794,-5.254590577052928,5.254590577052928,5.180054511399566,True,1.4780999177516527,0.39420039132393636,0.8290998597024333,0.10224580310761691,75.0,13.0,1.3937782118323985,4.474453231245814,17.723847625065638,10.807734505733816,396.039039766629,1881.163044533884,0.8521616308443639,0.6714540654181558
866,2468,-5.19365400719561,5.19365400719561,5.180052852894436,True,1.4694757573200614,0.37281338480049847,0.8399195384562592,0.20572211792525125,78.0,12.0,1.2601309059313313,4.4987138548308945,20.416315715438518,13.022999031758301,256.3853594312376,1613.8115521116117,0.9359801742148897,0.9863881291185453
867,2534,-5.236181787625012,5.236181787625012,5.180030587671458,True,1.4447758320636108,0.3725614676179217,0.8155791429228897,0.12442344408272221,81.0,16.0,0.7659989592652696,3.5595388586028807,18.097594780132198,10.779633247883929,319.8518937253838,1456.9346716305242,0.8604140801300318,0.98767019115653
868,669,-5.193861295303628,5.193861295303628,5.179595859318955,True,1.446813918495109,0.36104705766470113,0.7608893197727442,0.2019561103300386,74.0,17.0,0.5125165016405271,3.5389358761373515,15.447468967717903,10.238248072507048,454.5813533837042,2121.2065937112125,0.789794055716942,0.7681018015790139
869,980,-5.187060236902731,5.187060236902731,5.179250233859491,True,1.3043392180738165,0.3817286889251137,0.8325598574404318,0.13900132268516252,92.0,16.0,0.7949680132488908,2.684527275371866,19.930109633818937,13.465360116985163,300.6763168327297,2800.3093989671816,0.8312047220152692,0.824775366511082
870,2324,-5.234819560566592,5.234819560566592,5.179225160581064,True,1.4095134032500056,0.3796244022517527,0.84743997024559,0.20576271450277897,79.0,11.0,1.0852911962783023,3.034191702478875,16.326331659200893,10.755949590141404,369.8257665450454,1221.7848167447464,0.8791484271527177,0.7933749961505586
871,2228,-5.249383223675689,5.249383223675689,5.179130627459308,True,1.48811931635628,0.3481283047000976,0.8813234954123164,0.22022233005542916,86.0,15.0,0.8326683167786273,3.657663867099399,15.734464337839766,9.700190276696757,375.17176125115196,1787.9660942072517,0.8544963625464848,0.8997099493510984
872,1823,-5.253465424366535,5.253465424366535,5.179100945118039,True,1.3718373360533052,0.39672687281637337,0.8918701103364164,0.20368575315114565,69.0,15.0,1.2059007649310902,2.009768039246051,15.495693506875487,11.898638436380956,282.52491525554507,1425.2864436235222,0.9522413466136548,0.8173675633175095
873,34,-5.274061997078839,5.274061997078839,5.178667091230815,True,1.4843018985024095,0.39902785100504157,0.8276004887624917,0.23455903695578406,64.0,16.0,1.3297520116232684,2.830501905938737,15.713657195909198,11.245920511322986,306.816068622936,2908.3695432384184,0.9396086995551355,0.9390472481295171
874,2849,-5.19969580009676,5.19969580009676,5.178233555049223,True,1.494230846335374,0.3896583629225121,0.7471472084523694,0.1570546463252122,84.0,19.0,0.6827452118407313,4.414676936076919,24.238157208125706,10.66982969188536,355.8050141257405,1573.4535979005502,0.6856914731432318,0.6744856698390562
875,1650,-5.180410248344048,5.180410248344048,5.178051060068753,True,1.4316878098309376,0.34314157406433965,0.843911531011195,0.08571723827818328,97.0,13.0,0.5263554125919754,3.2456027765130324,12.638961900504729,10.069566666806482,431.70202713151565,1085.5860297315098,0.8946048581173976,0.8790757783203773
876,2047,-5.258415292119741,5.258415292119741,5.177712941850621,True,1.490768257440573,0.3641453137688453,0.8479912148070312,0.19500259745223425,73.0,11.0,1.1717301593723193,2.189658605493605,17.23083685173238,13.0887214613938,300.74631137068377,1325.2652156962586,0.9244115761812035,0.8141402978379682
877,2341,-5.196960938937741,5.196960938937741,5.177536889196329,True,1.510585905046566,0.39665094655787847,0.7738518653352104,0.11209440888758532,72.0,21.0,0.728106596248141,1.6679573455966277,18.806889261985376,11.132070846023415,272.70982255496017,1566.1001395353762,0.8454733117681934,0.7351489774882793
878,2335,-5.186761563861429,5.186761563861429,5.177414828820992,True,1.465791243747784,0.38290552598052463,0.8786294281819953,0.14655629812670284,91.0,20.0,0.5816582712153,4.398861507759346,18.152947648576554,10.445047562313178,354.41993874945786,2136.2603352283604,0.8472297358957477,0.8191667656079218
879,2957,-5.22122283475933,5.22122283475933,5.177222862177754,True,1.4821917746765263,0.38944347951283076,0.8429189466954955,0.12243035717123245,86.0,13.0,0.7333563619797219,3.9071098905076562,15.0922390551652,9.66667850317205,447.6540935711686,1194.2362803506285,0.8719335468169043,0.7291268997331003
880,347,-5.232187391002594,5.232187391002594,5.176691289418637,True,1.4876466141217317,0.3960782880355292,0.8208794561220715,0.2130014017379047,65.0,17.0,0.8747660197730609,3.6442935223687543,16.629422916969265,11.069181398730278,353.8079428244632,1243.5118735083752,0.9160533927542178,0.8124567791536916
881,1145,-5.205782139019261,5.205782139019261,5.176592994456881,True,1.501723896041615,0.38876314958170166,0.8327474168989302,0.21050419198298218,79.0,14.0,0.6648082941566029,3.2369495141864837,13.830858913671614,7.524406839692999,464.6530930423545,1349.2289630299624,0.9452611767812893,0.8058544796811653
882,994,-5.238556715196623,5.238556715196623,5.176504319982614,True,1.442688485254514,0.3568183465369026,0.8027968735936296,0.17318716956214836,81.0,12.0,1.0338055855414898,3.8052197553783853,13.732991363902865,10.29721210530803,442.87643332161,2388.565443706961,0.8461540287305913,0.9485708767623524
883,1821,-5.26502936230902,5.26502936230902,5.17632376330888,True,1.4912152391639715,0.37617682711161643,0.8350761709203839,0.12795193816543787,60.0,17.0,1.1234945955388898,3.5263591121524502,15.18876439746349,9.547378086248418,404.39055275789076,1942.8793078318747,0.9712066229486449,0.7776531208930715
884,240,-5.263486379391619,5.263486379391619,5.176316532079235,True,1.5070024636813453,0.3978508483971984,0.8316869225735983,0.2168162582641591,88.0,10.0,1.1280793949295382,1.8740243918941526,17.277537167908413,10.233019366005074,294.0042580145839,1192.7930726644138,0.947398856704874,0.8499946648538593
885,966,-5.183089059685399,5.183089059685399,5.17620379824813,True,1.4469801774653144,0.3908453208769087,0.7906634085280967,0.20178179977760602,83.0,14.0,0.5476240233515379,3.0287410989083225,14.500432245113396,11.404930520039436,398.11478472944935,1577.6012034453638,0.8532554941265217,0.7112193098124098
886,1126,-5.1944776934408186,5.1944776934408186,5.176097085991485,True,1.491230944481467,0.3908809188946275,0.8943884038880234,0.2904783624266316,92.0,21.0,0.9055147061309241,3.1012781366244453,14.448220523053232,7.758607496268603,397.72806489390035,1502.3175871872036,0.8642114030236752,0.9104205625737738
887,1996,-5.2808493966779295,5.2808493966779295,5.175832343095001,True,1.3828629219262556,0.38757123812744737,0.8392912672231071,0.17335631632509912,62.0,16.0,1.3050313710679986,2.613920600029376,13.075391507087247,7.489020884511903,459.3892469913318,1203.927023267187,0.9135626000960353,0.9963542393251539
888,590,-5.177696570456381,5.177696570456381,5.175806827746186,True,1.469519717053652,0.3982836435608582,0.7953073485886392,0.2567483386741759,92.0,25.0,0.5244597238914244,3.7923330523609513,17.995291077860365,8.814776547388806,415.75361230233193,2127.379343212808,0.881951793645905,0.8254901865009205
889,2554,-5.185905895410316,5.185905895410316,5.175463498868971,True,1.4173820979954523,0.3846612744974307,0.8778809206333968,0.1592921775593214,90.0,19.0,1.503074229632791,4.251836324718487,19.68312763020947,14.611678534504522,293.6099425371538,1451.8789396536415,0.817094235080872,0.938644647995302
890,2093,-5.209070622214231,5.209070622214231,5.174980542817879,True,1.4298656887406076,0.3599012812158622,0.8314240795304753,0.14050196833263898,85.0,11.0,0.7149263845284595,2.581348008035413,12.609306945284539,10.033421262695864,373.475494605407,2029.1609914419998,0.9773236446460002,0.8223008738475612
891,592,-5.240236309933703,5.240236309933703,5.174975105177509,True,1.4876670919111716,0.3538266176711118,0.879009025970874,0.24130916272676453,88.0,11.0,1.0317038243842138,3.067360045338601,19.007694736062305,11.012783586279946,286.9337613304478,1428.7489928172402,0.9411242720869827,0.9460946749303408
892,840,-5.2211109266741085,5.2211109266741085,5.174396086398017,True,1.509163647930655,0.37375544792386883,0.8523187985035265,0.16868906199263273,87.0,20.0,0.6782127486700524,3.831924451881842,17.68029296786171,11.173146919017068,316.34784230163154,1895.7305114208732,0.7734244030128037,0.9694390099235708
893,2788,-5.217205558414747,5.217205558414747,5.174351717164729,True,1.1514097716823806,0.36117874060444566,0.8965003071437223,0.18947649194866092,67.0,15.0,0.8495092820657135,3.130033407548159,12.642265355571007,9.78067829964162,439.36452872142183,1306.416970564733,0.9510917220436492,0.9089359439052798
894,904,-5.252853252099586,5.252853252099586,5.1736945456735635,True,1.41902941253226,0.3754342744388028,0.8432596704546944,0.17342162696000352,79.0,17.0,0.8995369096127097,4.051537280424693,13.139285941812403,7.687531224076844,438.0107199848084,2391.631645562533,0.9508516140988792,0.995973310899502
895,2035,-5.186840922886054,5.186840922886054,5.17358850430352,True,1.3723454752624662,0.39651803822826637,0.8960865707652534,0.16030704683480096,81.0,20.0,0.5999730899013298,3.934340023981508,13.81120560561995,9.147358405100272,349.9428411792413,1585.0616643097333,0.9840579560303951,0.8997808603274424
896,1423,-5.2758313055480714,5.2758313055480714,5.173483516586797,True,1.4654567222972295,0.3791197573994165,0.798036211263345,0.2178899596367115,65.0,17.0,1.796629514040935,3.423903807959472,15.324753210169913,7.639196768824071,406.5741516014993,1629.4916669154004,0.9248865742460238,0.9262820303769983
897,2373,-5.210685943737851,5.210685943737851,5.173172576591969,True,1.4770009902132624,0.3552383326891896,0.8661448557750386,0.20824906796130851,62.0,15.0,1.2797800194498512,4.061975157495732,22.699037938809706,15.812107803777371,272.3430862346114,2041.5663205865746,0.8246191554213389,0.785579533951384
898,1831,-5.194703587797088,5.194703587797088,5.17308658247112,True,1.5111735333013474,0.39396721953720804,0.687237731990537,0.26764837231161087,64.0,14.0,1.2975961423981672,3.302409110186297,16.305795458960446,11.943962568766644,285.87189756798443,1059.744724317074,0.9776924271641558,0.8818297670037638
899,158,-5.250896966374633,5.250896966374633,5.172864431896545,True,1.5113808683583019,0.368376137994762,0.8211788722025319,0.09207015619171072,83.0,7.0,1.4847526706149976,3.1400388653501556,13.817968088914474,8.782515366918858,476.7854948046698,1041.8189827548122,0.8358431142303702,0.882910927456495
900,127,-5.192908918502789,5.192908918502789,5.1724528418145095,True,1.4614332479118193,0.34382014421957385,0.8934304315924402,0.1672136804042712,93.0,16.0,0.8810394230490481,4.492135544406137,21.876352349025307,10.49721580450211,343.45104414235766,1252.8937405471283,0.9542733282202036,0.7705414995713141
901,839,-5.220661417206372,5.220661417206372,5.172232882743977,True,1.4948373206844918,0.36735060505545936,0.8331081573346191,0.18357581005187718,67.0,17.0,1.0751497233758638,2.8232206903199457,18.347914663684964,8.463567242457536,317.88573641132103,1990.4087062387098,0.9583319532249118,0.900022627259351
902,2156,-5.18250304785619,5.18250304785619,5.172214007834587,True,1.2999671786650029,0.36837132592875044,0.8596747973864101,0.2407568712729109,70.0,18.0,0.8122744345139938,3.442344782604037,18.122573109191315,11.759757120117452,331.462739049163,1471.3490280813044,0.9613986468686629,0.8045190557772592
903,504,-5.193115729629037,5.193115729629037,5.171567411476736,True,1.4700843847486893,0.39268181731351315,0.7819524426991107,0.15238290983443115,59.0,16.0,0.8713742222752623,3.8177484936451016,16.791465297349376,10.27687855653944,411.5492694479216,1221.5117615846057,0.9196418193042637,0.7576958366419336
904,1651,-5.180088451114128,5.180088451114128,5.171023707743776,True,1.491729581767948,0.39111917647409566,0.8745663371630635,0.158927304273007,93.0,11.0,0.704649524350085,3.2124622709509763,17.220718453636035,11.70053935214091,320.81418996051485,1792.3882260671628,0.9722491581505672,0.6137709646987359
905,2909,-5.271883566208981,5.271883566208981,5.170998995706938,True,1.4873148531485734,0.3969864042815112,0.8702614174038952,0.20588204410386118,84.0,19.0,1.0033386024739193,3.7626026631959917,14.51026975303147,6.5688795978066485,450.1134930119045,1702.5874431565549,0.8466362712725011,0.9240323704693784
906,730,-5.190495190357,5.190495190357,5.1709854292507345,True,1.422209468102394,0.3902534112675276,0.8437153325169211,0.14790786735239786,53.0,17.0,1.2380879313570203,3.7916287448425487,12.403566949116097,8.72476324942299,465.6165410558081,2178.954734688885,0.8416368660203652,0.8877513014674834
907,1858,-5.216602015349949,5.216602015349949,5.170980749680232,True,1.3802972228362,0.3731824112890318,0.756991314937929,0.17244349922038343,75.0,16.0,0.9454282500661018,3.4290083741992,18.750723518895967,10.670318892009924,289.8847119897186,1136.4648989111247,0.9420181745329926,0.983847832742931
908,2643,-5.190660945411329,5.190660945411329,5.170780199644055,True,1.4742601988237898,0.3987890543217305,0.8148813041313372,0.11366229434303075,71.0,18.0,0.7796909051794909,2.7253499041518348,13.221265446550156,9.521871144968188,422.5905232247254,1391.1315128095118,0.7473815167881916,0.6658934561356079
909,1051,-5.198058513740779,5.198058513740779,5.170108047287707,True,1.4918393428479788,0.3354413246519865,0.8336980789300731,0.1408459960140085,99.0,8.0,0.618372923698447,3.0292431587542747,12.631180323333647,8.205617112159391,471.55609348110534,1353.914710988745,0.9331807559633543,0.8841315220204925
910,997,-5.236576415806148,5.236576415806148,5.1691813920664895,True,1.4725261450980496,0.3821825364433435,0.8716616156162329,0.11290891211121884,75.0,16.0,0.7767843888029562,3.0630938021693517,14.294294101223471,8.966414788615925,468.98881441571956,1146.1815245503085,0.7424378902422863,0.854955601096744
911,2294,-5.216672773721352,5.216672773721352,5.169096257268272,True,1.471805083276952,0.357946619486456,0.811568548580176,0.1205132705995431,64.0,11.0,1.5747045812102458,4.142615817868188,18.27783896991746,11.376502520904351,378.65111869929166,1389.8363885714657,0.9375271553421008,0.7199727732428385
912,618,-5.187636998997495,5.187636998997495,5.168956111558014,True,1.4954203014404805,0.3968364942782335,0.8242331316338857,0.29118075712594993,85.0,17.0,0.5637840457662993,1.7051320808930936,12.300722987463885,7.856419400540324,420.3177397861363,2120.76591807357,0.8526817896480696,0.9708016044312728
913,2043,-5.178276119664282,5.178276119664282,5.168846744206978,True,1.3911944537022494,0.332351745274449,0.869791758007828,0.20574728326318928,79.0,22.0,0.511961003736348,2.9083798810341652,15.722066053329765,10.82010846167374,340.86709562555234,1725.2330987074047,0.9026556762316387,0.8721880808775148
914,1847,-5.228492348764172,5.228492348764172,5.168816624989278,True,1.5218309559571288,0.3167511500045657,0.8748738518374275,0.19222619071419292,62.0,13.0,1.537558405226474,3.5206914873677753,12.655566145906743,7.480535377185249,474.6740936423197,1896.4372560953698,0.9253919358402314,0.9769585252212865
915,2259,-5.2694085710698655,5.2694085710698655,5.168593478149431,True,1.4831237205612742,0.36908799221683236,0.8453178350098225,0.16425364529252587,91.0,12.0,1.21500574184132,4.208799336057398,16.02992753784799,9.931498166199905,357.84734024362456,1353.4132090685662,0.8914598882606726,0.9168456846560926
916,2374,-5.169154831741212,5.169154831741212,5.168503786716096,True,1.5234771027403398,0.3783895942666284,0.8813629747290559,0.26637065922693515,84.0,15.0,0.5892899039141617,1.929216001500151,17.302244239679236,9.38526311495014,368.864025014804,1806.5208821343508,0.8244721732762903,0.6470480826418402
917,519,-5.232976770696213,5.232976770696213,5.168394150369071,True,1.5089891268470914,0.37526296878243237,0.7730282532458023,0.2615156518012969,73.0,15.0,1.20214917919467,3.78430146191596,15.595664980122974,9.043738142232886,378.7345118876858,1627.2192417083577,0.8580036788637565,0.9709214429242171
918,2342,-5.177524002900969,5.177524002900969,5.168005641099957,True,1.498670153267482,0.3991376186471016,0.8133003088355604,0.1814820486885631,100.0,28.0,0.9649503793642944,2.8931527703462963,17.71312598723323,7.890224487548791,431.65155410367043,1173.726212842008,0.907924367028372,0.8511366773934821
919,1291,-5.219658532959451,5.219658532959451,5.167881904964622,True,1.432006634974126,0.36098772572555754,0.8699710813581122,0.2963283920649729,68.0,17.0,1.021604514663255,2.871690443368462,17.737535887202018,8.148086088958681,375.65889315407986,1735.8487858016858,0.8559189791559778,0.8720953124235451
920,562,-5.247681602056556,5.247681602056556,5.167672858966265,True,1.5043703848553514,0.39561698408887525,0.8109384785464039,0.2664194006807453,73.0,12.0,2.125277729025958,4.462014127331653,18.076331627804308,11.13343894226327,343.86618289225316,1291.5531853795428,0.7304982203496021,0.9069249099010046
921,1282,-5.173026626213153,5.173026626213153,5.166999530364375,True,1.397927969793234,0.375107720478705,0.8258836730447234,0.20613067708010926,83.0,15.0,0.6782559179574932,2.9406739470949925,17.939171315631974,8.705089048164691,392.4994516945378,2600.365444423761,0.7582249017313487,0.7999072933561808
922,849,-5.246997110152395,5.246997110152395,5.166857711096495,True,1.4808977444123697,0.3938067054821338,0.8035095893500552,0.2771146038596207,89.0,10.0,1.2360739095153217,3.7937001138332676,16.923886439993503,11.3546598489988,333.71269592871977,1621.639705056015,0.8269990450506611,0.9198513702451662
923,914,-5.221993823689638,5.221993823689638,5.166696388915245,True,1.4572666510302528,0.3752630597232017,0.895522844870746,0.291546402383833,82.0,15.0,0.9684733527972842,3.5342701385350193,11.836063194109485,7.990916703547306,428.85642340763957,2207.8212669787194,0.9148474003037967,0.9170232568890143
924,306,-5.199733184695816,5.199733184695816,5.166580676059677,True,1.4824621929737452,0.38196343542544386,0.811731769756298,0.17165874128208228,86.0,13.0,1.0561321152084706,3.47599028786973,18.080712679013537,9.076195564631224,310.29971658420607,1514.6159451736967,0.9282557186680914,0.8973768570847694
925,2203,-5.22865575326759,5.22865575326759,5.166164299131598,True,1.5157149715982232,0.3647550035945576,0.8347931370987495,0.2565265508845267,66.0,12.0,1.750860852606461,2.1330013763904145,17.484600756207602,9.175563430239013,307.0365622313152,1467.2057767789593,0.9781821542997116,0.8531116938904244
926,1733,-5.176427812300034,5.176427812300034,5.166062937112543,True,1.487671583580965,0.35792214575635783,0.8913976971866497,0.16281243468707116,80.0,13.0,0.599399557453975,4.360258954227827,17.889847899947615,10.042406525962528,399.6948796778876,1666.763535702678,0.9125435960210295,0.8925958151527793
927,2182,-5.24388911988886,5.24388911988886,5.1658500187059335,True,1.4612313451349737,0.2876339579460396,0.8661184944843623,0.09852381427513557,75.0,16.0,1.0623920595510508,2.8060009665658807,14.975248929999465,10.01771678391057,380.43735534790164,1579.7937359163166,0.8709156750836502,0.9183563355633715
928,2942,-5.166938347011142,5.166938347011142,5.165844397522445,True,1.3279165180505668,0.3617675888334443,0.8978100518531009,0.18049311321737888,86.0,18.0,0.7101621573145862,3.359164591757673,17.71898405727888,10.060064935705126,359.982034527944,1367.8447720146755,0.9701620094898553,0.7958098375097099
929,389,-5.177456921619467,5.177456921619467,5.165704852980346,True,1.5069208376348668,0.3107856552399051,0.8097789546550612,0.1320265914349709,85.0,19.0,0.5180611877553547,2.5434526137114677,14.457995234338796,9.924045409807386,349.13333897820985,1336.976180299499,0.9685656540453835,0.9550566556549407
930,2406,-5.215909400142255,5.215909400142255,5.165402213152125,True,1.5048387766464801,0.3775303700411365,0.880561371691174,0.2418565692946205,78.0,7.0,1.4854748307845356,2.545747333162912,18.849786518071657,10.133555154696813,336.03337499745925,1775.4744377401655,0.9293547404818492,0.7988985370184423
931,374,-5.208196956849356,5.208196956849356,5.165273762307313,True,1.5233298702790674,0.34526501801234016,0.7528759157419077,0.10899926043892448,56.0,14.0,1.3579212442013757,1.929424720008751,12.853565483094908,8.49566764290449,409.320895034902,1690.5816097688003,0.9431759615529027,0.8444503701796109
932,1722,-5.2627402888933865,5.2627402888933865,5.165213221094584,True,1.4692596886478588,0.3749546217912352,0.8223539830484622,0.12916385431612448,73.0,9.0,1.8148163919440754,2.425603323338324,11.264709491458328,8.848335855766843,456.06356145417163,1333.526283699488,0.9366201174732804,0.8631676913754631
933,714,-5.190073226409797,5.190073226409797,5.16468004941392,True,1.4376524878721684,0.36131266176700594,0.8368638025602481,0.19110302439873833,72.0,13.0,0.9945513525616791,2.977875130343791,17.294893019209074,11.406696675874265,313.93493106613585,1567.6356112776125,0.9060217064192059,0.7957586691599161
934,155,-5.199084981014442,5.199084981014442,5.164200622992942,True,1.3130934454756962,0.3696364997959769,0.8045435426952701,0.15673544723058472,85.0,17.0,0.5617505276382708,3.865208937866904,14.465229634904295,10.225772436415058,409.3344656140832,1899.5772979032783,0.7781210589247384,0.8860526683274335
935,1679,-5.2483619536117745,5.2483619536117745,5.1640850431246115,True,1.3798295549867805,0.3636783540631258,0.8958275602767917,0.08398088941421168,73.0,12.0,1.4674495561423533,2.2302325715854012,10.830191883901314,7.494905613946417,450.47806452164116,1605.6489534517732,0.991711652259231,0.9146026511898262
936,2880,-5.253055875233104,5.253055875233104,5.163961374626316,True,1.3423097014195258,0.39882161299521207,0.796599039909631,0.09311168267074922,86.0,14.0,1.05805547340773,2.91905824429985,17.071729053551895,8.656661105226878,374.7420891541246,1802.3445951128913,0.7896181202036529,0.915296548574718
937,1630,-5.184216253339086,5.184216253339086,5.16331098758485,True,1.4846482557794385,0.3130356154924558,0.8517819196704464,0.20962611608722634,81.0,18.0,0.515530473094648,3.5587350063570726,20.740164787457694,16.51007341357601,235.03186198765803,1062.6738189321927,0.9725702477673249,0.944234543328109
938,2824,-5.220843702641768,5.220843702641768,5.163152595384741,True,1.4612552993052363,0.3751454411602602,0.8793676107103603,0.12929508465641365,78.0,13.0,1.4798581585349249,2.6970338011026436,11.562545412141596,8.029873196173911,475.3535647209367,1321.7302149847687,0.7947265822292877,0.757892276392011
939,1193,-5.245731871446726,5.245731871446726,5.163065301235615,True,1.3874164400310165,0.37729381652010835,0.7396849199253194,0.10599578243035002,71.0,12.0,1.562181529516,2.3600991844484067,14.39501065222006,7.05811494784554,427.6189797022605,2341.6974892249914,0.9160497327156288,0.9189845340767859
940,2621,-5.181367116006621,5.181367116006621,5.163000060116086,True,1.4419238212133565,0.34122675583748163,0.7296068988740445,0.1885533875873193,83.0,22.0,0.8500848355460067,3.669522950861329,22.97240075453473,12.567581600875783,321.8050455452001,1055.6278404410891,0.8494266032316506,0.7367940548430658
941,1647,-5.175424616105813,5.175424616105813,5.162854770897189,True,1.4755186564874059,0.39849326236474536,0.8766548917304713,0.20514340816446017,73.0,19.0,0.5292038037441671,3.3646841975541584,14.131467870515408,11.018759612833302,343.6660860802475,2934.6598806537095,0.9484034183269197,0.794098449870944
942,2425,-5.186697410132172,5.186697410132172,5.162796553276909,True,1.5029800234046227,0.3469821145660774,0.8518401059674339,0.1581627402567739,69.0,16.0,0.6362108702283034,2.480147016205935,13.207225293365209,9.916733318109618,415.5025071066171,1238.691872077642,0.9413929388313935,0.6241155016489404
943,2241,-5.205797661508242,5.205797661508242,5.162465040952785,True,1.4864533272736065,0.3828432036432121,0.8563613692043257,0.14539457638046357,80.0,14.0,0.7994027276170881,2.2812303454454272,13.946484763698068,6.960447779365191,427.9169482760454,1419.1859364038842,0.9003961583382489,0.8246923759641926
944,2115,-5.209208392512604,5.209208392512604,5.161933055377421,True,1.4598339630031276,0.37823576044251256,0.7327430007883826,0.24328994187857186,63.0,15.0,1.2873070172803711,3.8249094551429152,23.863615840549663,9.794329289989545,340.4133596454311,1387.3660448398934,0.8698044799507141,0.7569286301732063
945,219,-5.177675259738789,5.177675259738789,5.161922630130272,True,1.4343765157972532,0.38486577230483077,0.8598765878202159,0.1867273722241419,69.0,19.0,1.1929595721676898,4.196342954530682,20.591334953101914,11.290279952796993,296.7574651049274,1220.5955696764527,0.956738312756459,0.8149165299691747
946,973,-5.260638118322266,5.260638118322266,5.161897363266029,True,1.4597319412102974,0.3812421117898132,0.8450501605547084,0.1910515214054082,83.0,18.0,0.9495805012071554,3.241925629380468,18.057013759159833,8.942519470219239,417.821653101271,2152.2451666704287,0.682766877274871,0.7182682738844609
947,1878,-5.224542165823408,5.224542165823408,5.16157003070043,True,1.4942520870672111,0.39553508839703255,0.8384113653048153,0.19438964494266642,62.0,14.0,1.745139812166085,1.799781669084445,15.372262266230347,10.247311496478957,379.4202587612815,1094.7931968819216,0.7679289142502745,0.6618502938533044
948,2087,-5.244053781685255,5.244053781685255,5.161339885887287,True,1.4183532468171727,0.3956062902510167,0.8157916377892019,0.180686511308294,67.0,10.0,1.948645848090226,2.608086797339393,18.08692490200458,12.934109527913886,313.64200469567066,1205.8315985189383,0.8773902871917382,0.7229129885887711
949,1727,-5.184936416155045,5.184936416155045,5.161246278560669,True,1.4227977610114622,0.39881566306829264,0.6827026281147078,0.08807140435806825,71.0,17.0,0.7546560317922706,4.490174357856556,17.856259189328743,11.920948084522047,315.66508099636025,1117.6458481549748,0.9584093331785233,0.9524297909127335
950,959,-5.177277064073529,5.177277064073529,5.160057419999076,True,1.3778406736147244,0.3442229716351589,0.8605277235264734,0.20919142447157,69.0,17.0,0.9068910545226565,4.15457385925488,14.871711936174872,10.75773108353412,418.5793166174119,2232.517485448477,0.8090630704146322,0.75996456237879
951,1950,-5.1941549727075955,5.1941549727075955,5.159895882511124,True,1.5022137302846212,0.385421781568561,0.7450793960570867,0.15506256671622395,70.0,12.0,1.5229511258596429,4.224292955842754,15.634104892321435,10.452325864970353,346.90110437579534,1249.0710651434515,0.9361324261465122,0.8857537672549103
952,1461,-5.232056474907589,5.232056474907589,5.159392394046829,True,1.4294816733518572,0.36020431790634333,0.7761111119742233,0.24281040432359177,69.0,14.0,1.1754125791415828,2.344780875218874,15.553217596277081,7.160880545878696,393.5393531123432,2265.3722418096513,0.9881801465407383,0.9327388701854098
953,950,-5.1888232707484825,5.1888232707484825,5.15887071248854,True,1.2534851582257354,0.39887899857556275,0.852734133958009,0.15878856829303395,84.0,15.0,0.5542160520102657,2.7637819842655107,15.522201038546083,10.899140516860895,340.5943731499045,2579.3531115535625,0.9188719774904801,0.8822953894060686
954,2600,-5.176533551072117,5.176533551072117,5.158560851858612,True,1.5172075044207052,0.364166241907097,0.8518475166124634,0.17119255171929407,100.0,7.0,1.0090975483178526,3.920023844280947,23.258235362648442,13.76380243235261,321.76027111854154,1266.5544944559747,0.8219763984000074,0.6223054001264248
955,481,-5.188108196674484,5.188108196674484,5.158037476699242,True,1.4680639843196652,0.38238779677597007,0.7633117817163604,0.1635122086896743,48.0,14.0,1.762287285319546,4.498745939905183,15.194936058403332,9.385489476684803,427.41137410293186,1820.9180383877087,0.9052805810955526,0.8758849552727288
956,754,-5.175910298188018,5.175910298188018,5.157485955348088,True,1.4334489974300053,0.30515785050598293,0.7755751340204667,0.2592507096472708,72.0,13.0,1.1918220086734028,4.362631803746643,17.932437576845473,9.954381011975647,365.72185348798996,1181.2619963655088,0.8723105964596872,0.9580464577654484
957,1833,-5.199453655782244,5.199453655782244,5.1569934880708495,True,1.5015723295749204,0.3906348796231911,0.7842283490359612,0.13537954125609136,59.0,13.0,1.332812972410483,3.219113208929684,13.047076737703115,10.383740820445258,416.3563344627619,1598.1939415117527,0.8375648882838992,0.8908956981696401
958,2704,-5.191743917938043,5.191743917938043,5.156919602960739,True,1.4192279695623369,0.3672222543175915,0.8058504819305524,0.22658647495175602,79.0,16.0,0.5954778895991528,2.7172825266730354,20.70141402588005,10.722647401553417,317.3940515092451,1253.5195847855653,0.9007033054547666,0.7960936511958633
959,2976,-5.197367532904371,5.197367532904371,5.156892189082193,True,1.3841771423550493,0.3606821016134798,0.7585740344771723,0.1960715249456494,84.0,19.0,0.9149793467382181,3.0012085596820106,17.829539371245996,10.205723812566873,328.9655494734608,1633.1077317597224,0.8215594368872688,0.8734862303449636
960,1432,-5.2657024286116885,5.2657024286116885,5.156573130053006,True,1.4175008817649568,0.37977419938240325,0.7486613428317481,0.24484197216631962,63.0,14.0,1.5396361896013102,2.282428137645607,14.101644500426502,7.522063076733394,410.36740328523774,1315.806769760642,0.9736149324043377,0.9288563654463984
961,3003,-5.1775360933734795,5.1775360933734795,5.155472306485377,True,1.3609443684446496,0.3996211684578814,0.8256802325732997,0.21767752801542248,79.0,15.0,0.5655460033843545,3.466127960564721,13.729489650858305,10.821593008585886,469.1753015665048,1142.3132087521876,0.7459912485875948,0.5742263885265396
962,1774,-5.230129154283538,5.230129154283538,5.155441525567515,True,1.5011710443405566,0.39596916768140333,0.8476138675216743,0.10047321071848003,61.0,10.0,2.1234448664544097,3.401893975668362,16.305206973092446,10.14984218598471,366.74079961090143,1195.0094735956643,0.9621291910278214,0.8537399404755366
963,1753,-5.1899441713273085,5.1899441713273085,5.155104877955824,True,1.4880743084001833,0.38764871145081314,0.8465986956567632,0.14741539960879135,68.0,21.0,0.5423806647166387,3.3094187812981044,15.840856050141529,11.010447359911094,276.8591538138522,2356.5705513084,0.994195436248478,0.9889344193642292
964,2936,-5.187179491233607,5.187179491233607,5.154868423413589,True,1.4116363917861874,0.38028037586570246,0.8429822484251197,0.08346428167891497,55.0,18.0,0.7268179647515032,2.7202608957725323,19.742538825790515,15.228791801426622,304.1632705918315,1090.7700879563638,0.771318167100648,0.7350649259073225
965,1565,-5.2111112789847915,5.2111112789847915,5.154363976447831,True,1.47683741569675,0.3603973771894593,0.8423771912322007,0.09064937113892463,79.0,14.0,0.6406415595289143,2.0114483998920667,16.257154929840056,10.787651723577836,309.12849366780245,1804.1962087154388,0.8837355542857249,0.960341862100222
966,1404,-5.251160024977411,5.251160024977411,5.154174108158486,True,1.5015762092990168,0.3873684415347257,0.8151913613982292,0.24563761383553306,78.0,11.0,1.6007064205477224,3.5746856462529344,17.02394122111039,8.761394910797422,389.78349912071747,1750.271345900384,0.9679074299307676,0.9383821218352095
967,848,-5.18516285572898,5.18516285572898,5.154108444195086,True,1.521461980460416,0.3533358440312808,0.8303740698249196,0.12558947276980137,81.0,12.0,0.8275972044676032,2.824699077278371,15.942016763290274,9.481405042742468,346.7741253932244,2360.126502611806,0.9650185819152948,0.7076591199400093
968,2110,-5.251798990837975,5.251798990837975,5.153380092252724,True,1.4259218948741579,0.3856188308830061,0.8498947546922326,0.20903711255055848,67.0,13.0,1.5900143354853193,2.576519165391698,13.406835281785046,10.690421931096116,363.80487975308904,2096.861707333173,0.8473670177761197,0.8566201320365734
969,1637,-5.219973892221368,5.219973892221368,5.153258041617918,True,1.504992640273674,0.399849470674996,0.8463619843092576,0.23687359763507648,76.0,18.0,0.6973724580833571,3.6318854661619113,21.395593234243666,11.185086433098967,288.30217460001234,2663.0821354150025,0.8804483371281584,0.9232830011139497
970,1080,-5.2504349530874554,5.2504349530874554,5.152466304182794,True,1.504296151739578,0.3772142026634702,0.7852524790937301,0.25232755606544355,84.0,12.0,1.6480507418083175,2.90255846068764,17.72742751538181,9.432327943166857,297.33572909602907,1390.352560163646,0.8730404895930441,0.9119526705754903
971,10,-5.244610539224509,5.244610539224509,5.151118137800569,True,1.4891163908902787,0.37425812940437003,0.7608363584031284,0.0820004843096434,76.0,17.0,0.9582579242094966,3.879512760036344,18.09654404297717,8.957116659505552,393.49936093433604,1693.4319637640847,0.8354398739520434,0.717321259542502
972,542,-5.252895104315078,5.252895104315078,5.150906512227456,True,1.4934298016318417,0.39225731785782014,0.8376189989786139,0.2923468113517713,83.0,13.0,1.7660802574982868,3.902977514972604,15.455307448589876,11.42142378062544,346.5998271311231,2372.3241158831866,0.8008972000206802,0.8639646729075416
973,2434,-5.1851991597273965,5.1851991597273965,5.150030671230434,True,1.418053450591264,0.3430371672924448,0.8669711948982328,0.1358163659800767,67.0,18.0,0.5575511631085948,2.074701850401248,12.029165698437279,9.435737923629699,364.8370708961399,1445.4825645303254,0.9361250100120804,0.9438848594422169
974,2368,-5.156609203807918,5.156609203807918,5.149846938405532,True,1.4260316566719184,0.3459106865152717,0.8876018918315962,0.11945391466554126,78.0,22.0,0.718461381483674,2.8189983142450497,20.44163104146719,9.337167777221257,384.6440995382829,2222.36367420592,0.7571918402449769,0.7656548863745123
975,602,-5.208113325326378,5.208113325326378,5.149156849003845,True,1.4218518014426438,0.3951351836278154,0.8843144601210953,0.20485559116680302,81.0,17.0,1.3296789658905688,3.486523145912159,14.665611664881714,10.91716683643076,366.8788119232799,2111.7451998261686,0.7735347333879397,0.7808139227526323
976,1678,-5.159171189998601,5.159171189998601,5.148236689162289,True,1.4621819934745661,0.3809364001621635,0.8111244761536806,0.12485222498234377,92.0,21.0,0.5103001972338572,3.7312099017738243,16.571093452290064,8.822210472059655,370.17797796659664,2771.7850218078797,0.8962660676748325,0.7940111537467589
977,149,-5.207998023841372,5.207998023841372,5.148137175404289,True,1.457868633840669,0.3964664032257484,0.7540495292699482,0.17246540953532574,66.0,11.0,1.57816378753813,2.907638631470738,17.29577843586192,10.594275382000983,307.3879829406534,1195.6787252936936,0.977489218630204,0.8944225151587764
978,322,-5.2348078756673955,5.2348078756673955,5.147730540671185,True,1.4032995075402686,0.3960506496473437,0.6897434373304795,0.22635505000201478,57.0,16.0,1.2749973477037828,2.3468288111914664,16.323982256078846,9.848774634908487,377.5601555067597,1662.6955450214566,0.8084157096734209,0.8203719522523675
979,2778,-5.154184853811222,5.154184853811222,5.147550074167912,True,1.419344260935984,0.3860487476703093,0.881704413273293,0.08645164616458907,74.0,9.0,1.0139510911981477,3.407438412484469,13.645614263641207,9.454628509386605,477.50080397199554,2862.2757257966637,0.8630691059994218,0.7877253981783487
980,498,-5.208243993322315,5.208243993322315,5.147303549434646,True,1.5210059466854418,0.37438738295060825,0.6965418912062108,0.13290221887725928,60.0,16.0,0.995063150642137,1.564837330926155,15.764519216879755,10.416781614306728,317.0813697082667,2105.036580712644,0.8825679131545288,0.8239394036498018
981,2177,-5.18124249083319,5.18124249083319,5.146965975717963,True,1.4979019479212397,0.3769662568076027,0.8822601555987422,0.19126164975833204,80.0,9.0,1.4568526039501128,2.7242545017701074,15.930144723674516,7.942638333963681,357.74545971633864,1729.966593687747,0.8962014362607813,0.951041887593407
982,323,-5.200629634150005,5.200629634150005,5.146613765477677,True,1.4858611684348344,0.3640053795298129,0.839919830638335,0.23071981173249034,76.0,19.0,0.764003573278309,4.400364464137176,15.850230725549405,10.194183099337733,375.30156156912824,2343.3121846104973,0.7947274201709118,0.871996272244211
983,1819,-5.221384558377949,5.221384558377949,5.146407571731575,True,1.495051876881041,0.3939997199571242,0.8013982608937896,0.12422944424884662,78.0,13.0,0.77273170882925,3.60170456428631,16.594638583710594,9.339916842297772,422.0036979362744,1616.0955715379603,0.8740554035035877,0.8090038731085509
984,483,-5.165427633474874,5.165427633474874,5.146191893691456,True,1.499221766813155,0.3261327096450902,0.8986841998173124,0.13414572753666487,69.0,10.0,1.0733440809708128,3.429720783104714,14.768682697044639,11.656728014495584,342.8769697876177,1249.3425108681056,0.9772473190608522,0.934437891455726
985,1785,-5.242743176645414,5.242743176645414,5.145063903404241,True,1.4696597321150497,0.3980188770355865,0.7749394653125368,0.21404296012518675,71.0,19.0,1.04701840180483,2.921043125209401,17.452197452838313,13.792532045372742,227.93057705972387,1084.1232676569998,0.8947642305849296,0.9572779330979697
986,892,-5.169767287876862,5.169767287876862,5.1449388592352605,True,1.4559973986849017,0.3435340319969948,0.8491831268842789,0.28171151131418465,79.0,15.0,1.5762106317886408,3.736313096358426,14.84573964568519,10.19929260196281,437.259284335122,1849.8573218640404,0.9605990104819127,0.8132149622338867
987,2061,-5.185560695386662,5.185560695386662,5.144700112885898,True,1.4545180608072001,0.37433373052616825,0.8633880945486873,0.19062523954901153,57.0,17.0,1.1332440447328311,4.293730857807315,17.5923090650056,11.324592729828098,315.9650752800182,1654.3263039936987,0.9599509717533046,0.9456560086722143
988,1739,-5.2186849555119,5.2186849555119,5.144257255646059,True,1.4166719973586923,0.38572666359641306,0.859875996867462,0.2568617573836239,69.0,11.0,1.5560668355617282,3.369617934093931,16.583199122425174,11.23344567213736,354.84716357557784,2478.073614989078,0.8791958111268543,0.7754187415277027
989,2529,-5.15847151358022,5.15847151358022,5.14407481974644,True,1.512725147783153,0.3726536179033356,0.7645888547031334,0.24561203597706088,67.0,22.0,0.6328925068036959,3.719733747188002,16.69385425949491,10.505799229794041,375.466920098737,2474.118582672252,0.9400710723213728,0.8177176478099308
990,1103,-5.230003497264981,5.230003497264981,5.143842959476774,True,1.4828480559353094,0.387041052423154,0.8929727063366603,0.23970721475920884,82.0,12.0,1.3624667571815654,2.488492657397838,13.388707258637885,8.790500826552968,392.3084039153305,2495.35367237418,0.7803649797457588,0.9568186984509266
991,2301,-5.1745640902100725,5.1745640902100725,5.143164389071531,True,1.3986808794315686,0.3799725528490993,0.8028499139576416,0.1307796709790982,72.0,20.0,0.5426471912377826,3.595668924192935,17.45396367064866,9.429631619294428,313.9313353604007,1487.1146429098023,0.9541909041209731,0.8948593788297203
992,1106,-5.208145677724025,5.208145677724025,5.142839279259012,True,1.3930852582591147,0.382034289155123,0.8996968739187395,0.21763498115209892,76.0,13.0,1.0575872905223316,3.2259581913605686,17.890867752060846,8.103139375442435,401.3280613336665,2330.1801504584037,0.8575713363496457,0.8683449306603988
993,2582,-5.203732071103596,5.203732071103596,5.142793312039144,True,1.451821563447082,0.34463331941110104,0.8424955577222597,0.2023925872575782,63.0,11.0,1.4976712893786208,3.0604979421467573,13.987947943177709,9.385862216576669,411.1256231230087,1376.0522977005305,0.8791845636565456,0.9781356285872373
994,27,-5.194592415676596,5.194592415676596,5.142680187425092,True,1.3811095649735596,0.3938962566828469,0.8316437449260228,0.13697104658293585,58.0,12.0,1.6500280376384986,3.5900027965439074,15.990419651756357,11.935174833906425,331.5175702984243,1397.374869392384,0.8756791933168153,0.96596461813394
995,1682,-5.1917474447237035,5.1917474447237035,5.142100000818914,True,1.5088502005704285,0.3030488319356447,0.7922825344043076,0.2546021800832273,84.0,7.0,0.989258093844791,2.4497066767173963,15.611829029183351,11.812010238836246,330.3036286863649,1234.6099564634317,0.9261038838420076,0.875637345423585
996,1054,-5.161292846732261,5.161292846732261,5.141841739126338,True,1.5094446340207823,0.34481104735072643,0.7109239010062844,0.19040505750530143,79.0,15.0,0.6889531498237735,2.89324427183593,17.185195487744206,7.83901937487183,408.5281146614779,1697.5760031549028,0.7684886916975677,0.8660700828307287
997,3061,-5.198048038847578,5.198048038847578,5.141076023524095,True,1.4346586413758298,0.39028685846159705,0.7972745808416545,0.21818802609381874,74.0,14.0,1.31418470679292,3.849636890880207,18.85557062122727,12.475199668602574,332.66424232229895,2125.6136646596915,0.8512991156205731,0.7069713970813846
998,803,-5.206825245800897,5.206825245800897,5.140863169816746,True,1.3399232596366744,0.37364773609802476,0.8699840365126996,0.2418804515162522,73.0,18.0,0.7658046499677655,3.6621613240993547,16.61125105162151,12.396694388230848,343.6375512976352,1894.6419537357758,0.7895903463237872,0.7553238925657256
999,1840,-5.199032408703037,5.199032408703037,5.140733522383444,True,1.4627773686424608,0.3800371092145917,0.7929830531171975,0.2442298927907407,63.0,19.0,0.5323680380249054,3.8149850372466774,17.56657941111058,11.916837785644983,368.6039204822397,1896.0352087149636,0.8892963519530566,0.7449911021719888
1000,80,-5.228009457745843,5.228009457745843,5.140723498284986,True,1.501065467969116,0.34160396561053735,0.7774676559668096,0.16485045281021626,66.0,11.0,1.4370884448560408,3.2401391227903975,17.892726165110698,9.579223388756779,388.8723038718942,1821.9106971429744,0.9201411913130382,0.8157096617670541
1001,1447,-5.172448958929154,5.172448958929154,5.140122571249819,True,1.4369767970799894,0.39434502604688737,0.808271636090957,0.1960664371082198,77.0,9.0,1.2942965760507454,3.276908115886236,17.89110370235164,11.04167571840627,308.6396246708761,1934.6238584708638,0.9149593129490858,0.874219830812294
1002,551,-5.147693798551657,5.147693798551657,5.139907212749424,True,1.4401168045818438,0.362083103839856,0.8508785582908699,0.0938842740533455,68.0,14.0,0.9521206804790692,4.0841774334893834,15.624670429710555,9.609795312242307,392.225502378135,2621.892875275009,0.8390343657618866,0.9875587602544597
1003,1850,-5.180409193325427,5.180409193325427,5.13905221147896,True,1.462593621198379,0.38662091314162844,0.816685318971727,0.13021210595785232,57.0,11.0,1.6256979440408321,3.2221230308578535,18.085509922635605,12.848477548428539,322.79284215251596,1134.3880497868179,0.9220423031057001,0.7537861133639698
1004,2606,-5.161072190665998,5.161072190665998,5.138679135408535,True,1.3139886215084116,0.34841771387712495,0.8413672809511098,0.1734790153168512,56.0,18.0,0.7020297886006133,3.0781633678887284,19.89959504355997,15.024733334200635,336.68598789836506,1268.8900262696088,0.7509060799409317,0.696114500053227
1005,2267,-5.151237270200953,5.151237270200953,5.137762883644122,True,1.4573618655064293,0.37871399665325645,0.8738899700720151,0.21293117907710335,76.0,20.0,0.5822557251283054,4.251311551340951,15.846486715362335,8.667935750875685,423.8714884274146,1705.822388724338,0.7359835872002303,0.8105087786631953
1006,434,-5.207652115981239,5.207652115981239,5.137401134674157,True,1.4811190715267424,0.3889632442614561,0.669050322419706,0.293271718234304,65.0,15.0,1.2639251165452237,3.0545225951724557,20.423765428902044,9.421051073017086,309.0308989257812,1071.4540537446737,0.9709350417134818,0.8478546553407353
1007,1370,-5.164916347020829,5.164916347020829,5.137355076353704,True,1.4463925141316951,0.30430251539675146,0.8605620440408301,0.11298477449312029,70.0,14.0,0.9968884961522804,3.4012097796989895,13.6988560955104,7.8971110366792,458.71728231769896,1672.5263433491943,0.9278010422283315,0.87368114486465
1008,2184,-5.240360923537857,5.240360923537857,5.136823039790837,True,1.407615122235319,0.3870988408658429,0.815273921709707,0.14544411036225463,95.0,16.0,0.8780197181912002,4.246710519280862,18.67048450314288,12.232928010386305,316.772986241868,2048.9529446867227,0.7116804785888163,0.8996600125595
1009,2026,-5.192531700692539,5.192531700692539,5.1361136994415055,True,1.5194968889010028,0.38005577144606517,0.8518402657580209,0.1849346207568175,70.0,17.0,0.5772864508341562,3.791017780688961,16.26477560276566,11.907432213785325,329.2285049617049,1648.136459077175,0.9706388273834571,0.7517847554793353
1010,701,-5.159189294093224,5.159189294093224,5.136018201699837,True,1.3520617961482766,0.36700617785517653,0.860675183794858,0.23945759962430885,76.0,19.0,0.6532129505649209,3.851472685477189,14.128704967356951,9.231770691265375,428.67930342114084,1697.6450591387925,0.7748004507657853,0.911158527754312
1011,2019,-5.2265537428092,5.2265537428092,5.135660697129656,True,1.5130691010510064,0.35859639619282546,0.8212482133178653,0.15016489777908082,78.0,18.0,1.094882933448707,4.007806921662846,16.87504820204094,10.571849004512858,331.2199173703574,1954.249009177834,0.7576393243880091,0.9947354665353965
1012,1399,-5.1452675446649305,5.1452675446649305,5.135504115384847,True,1.3230708411895467,0.37925909433208244,0.8214851859115604,0.17121396863505195,92.0,11.0,0.9500154316402076,3.347247714023051,14.301576643705797,6.418467956506851,495.06873972756733,1276.2775833028077,0.8134495245148889,0.9386073754393096
1013,1708,-5.183604323818464,5.183604323818464,5.135245692735926,True,1.2820728716845555,0.3970051326210806,0.8150577204825853,0.14159555458870754,66.0,12.0,1.7358263801543552,3.7585222284587108,18.078758406018842,11.895404053067917,340.6505520504481,1381.3377793813695,0.9392572207327827,0.8283500976191569
1014,1132,-5.17822624943934,5.17822624943934,5.135055695879993,True,1.4572250982158614,0.34346526466618715,0.8959837639905706,0.26185796388581817,72.0,13.0,0.7361958957911421,3.868266408129899,15.251461759261451,11.97968297065988,378.195216741526,1566.4202123880386,0.9800020649458174,0.6749016266928725
1015,1449,-5.154078901165081,5.154078901165081,5.134989537453419,True,1.5153301339425191,0.3924351440221401,0.8995143893844078,0.25177219368928144,103.0,26.0,1.9900857439331452,4.055834811509396,14.224722628604116,9.666628861578198,418.8636784147806,1795.732057629677,0.9770694240893533,0.9954200051819994
1016,1641,-5.173357025620271,5.173357025620271,5.134070195397359,True,1.464563788258711,0.39613397698138625,0.8293001439530863,0.23020537353411194,59.0,15.0,1.1077832955450961,2.68156902597721,15.176727323845242,9.773638149112402,348.9451418160224,2348.8247319339134,0.9828836193890089,0.7245290024677788
1017,1585,-5.178081995217411,5.178081995217411,5.133942498272448,True,1.445628784285346,0.37798845487815824,0.779501072768698,0.19732535982364738,66.0,9.0,1.5406469645654437,4.002159778175649,18.032218874799586,13.16274750051524,325.86674595599544,1050.8259164600527,0.9347045501880982,0.8616858495680972
1018,2191,-5.213423696022309,5.213423696022309,5.133679245433559,True,1.4009218753402222,0.3800497061564277,0.844331997324073,0.2650043824291185,69.0,12.0,1.6181710408310654,3.7653197274172965,17.74681659001853,11.554296371132729,354.01690590627953,1595.350043814941,0.7635956963321406,0.8118976423285518
1019,1757,-5.18278302425667,5.18278302425667,5.132068756646366,True,1.4926720283934547,0.3943077466949254,0.8549071667509152,0.21605525192169295,87.0,11.0,1.3967846274499711,3.956412601646565,16.17395422663176,10.334811655023827,358.923722724382,2961.0832493400794,0.8900074007125154,0.8032703788517077
1020,1172,-5.181065747833803,5.181065747833803,5.13190951242752,True,1.4896242799310941,0.35684681533745993,0.6784563398639386,0.23852706907388924,71.0,14.0,0.9861988761428948,2.3754220150596375,16.94197775563171,9.09680352931949,350.34650155437475,2256.801342525624,0.8436495076783126,0.8364618389233777
1021,2083,-5.1809407191702554,5.1809407191702554,5.131548879075352,True,1.3723021263035575,0.3980155098513912,0.8793011778358173,0.21051373144333793,77.0,19.0,0.5381321812865729,3.949849462055954,23.465970077712093,17.512063750035296,225.246184382146,1229.469684464571,0.9020793041430034,0.8302213685484348
1022,1319,-5.17947491637716,5.17947491637716,5.130642352323687,True,1.369100862922919,0.37786237075935575,0.8133344003634748,0.24755414176300986,79.0,9.0,1.5872695423338485,3.0972710893326574,18.295510391670263,7.386822809140199,365.29658981663306,1741.3654913778935,0.9331139596040166,0.9293591361560898
1023,2063,-5.166872251623811,5.166872251623811,5.12990187199205,True,1.3396730512738844,0.38371024110514373,0.7753828717600508,0.2541997680600386,61.0,12.0,1.231230099862612,3.8526653791511674,15.791252140952139,12.006947365857556,376.25312081438716,2014.185455937988,0.9173940389419744,0.7541975212871842
1024,1692,-5.173257680334561,5.173257680334561,5.129674843747421,True,1.5034537374834556,0.3985748161782622,0.7422976116054625,0.17885799177947592,69.0,21.0,1.7401047983835372,4.451354553805577,19.51549972333549,11.047309229751404,349.33107037803825,1500.2011928487634,0.9046927636592819,0.9151413080711572
1025,294,-5.177165432672689,5.177165432672689,5.1293219066331055,True,1.2926385127682818,0.3976552947208416,0.6821907528832012,0.13395894204081688,73.0,9.0,1.1855939567446454,1.9801809255983118,19.177555281994557,14.373519525760063,264.0767598060812,1563.5715056063773,0.8678910659314387,0.7400432592816899
1026,193,-5.155524750249338,5.155524750249338,5.129208204453581,True,1.4878249742091065,0.39436474444223446,0.8287024087258763,0.16239536575911245,73.0,6.0,1.687347347131438,4.0379704071871805,19.18811543067409,9.800961116759623,394.3372995822528,2890.683663647422,0.9181127482277334,0.8115329999548807
1027,31,-5.166112786265419,5.166112786265419,5.128922960595755,True,1.446298581477464,0.32642589273934186,0.6665073984419171,0.1132394547497034,67.0,14.0,0.832091803257675,3.2337709017156793,17.119029167116587,11.906047155910105,335.8075829375905,2042.3157520054808,0.9023084457197155,0.7592083348354544
1028,404,-5.162074655950544,5.162074655950544,5.128777005881797,True,1.5118802314046775,0.3804179491741384,0.7498003371484044,0.0929043690498407,66.0,10.0,1.600837329756098,4.028900158444198,20.52898414746949,10.41006046676557,364.03943950169776,1689.5818731710551,0.8964527459629911,0.6815609183116869
1029,783,-5.195337347350447,5.195337347350447,5.128471230566417,True,1.4125908128947735,0.3956246844659184,0.8997441392171003,0.22245030119914438,79.0,12.0,1.0721174972281287,2.9561316532526805,16.263718391362154,11.747712001548297,359.13700815509753,1598.1213759073726,0.7398376746480828,0.7030143720016755
1030,708,-5.1450213389529535,5.1450213389529535,5.128173373013093,True,1.397181751012257,0.39446575148396745,0.8163138462533813,0.167186100505842,61.0,15.0,1.3250108128566067,2.50439805101112,14.924691945725915,10.748133242177813,391.3343443900478,1956.0445574297855,0.7917019861443388,0.6250746203586459
1031,445,-5.154685627572288,5.154685627572288,5.127629121384738,True,1.4454129210874669,0.37314657598986584,0.7943925997685735,0.1458011999997838,81.0,8.0,1.071657896502158,4.436732279023251,19.292945537261584,11.02490837513832,360.4842266219179,2247.222410608354,0.9491282278604498,0.7504077375237967
1032,735,-5.166826159679257,5.166826159679257,5.127403732137478,True,1.394201961174361,0.3816461190302547,0.8569351216740856,0.252473671734333,56.0,13.0,1.2210984376810934,2.999128120378828,14.968609455220658,6.384463926005112,481.2880953142085,2250.1086780616647,0.9829399497714224,0.9770716988319706
1033,1599,-5.161706143069668,5.161706143069668,5.126878509176116,True,1.4675241822405924,0.3910442001209471,0.8806377737388908,0.17008464123059938,83.0,15.0,1.5446944726022136,4.117652109888619,17.725886732360383,9.535814439550819,304.78001806077805,1410.304552389463,0.8872199695464792,0.9238435636320862
1034,150,-5.189004641119416,5.189004641119416,5.126867626504043,True,1.2160218772089475,0.3508399369581024,0.7447474935432075,0.19038706525551563,81.0,14.0,0.5361905223817489,4.393883039415421,17.248008318326498,8.738111629221603,435.63166868564537,1168.9168597923217,0.9317033967704635,0.9377098498161311
1035,1279,-5.170771066953067,5.170771066953067,5.126530790122057,True,1.5091925697257462,0.3822957958751785,0.8687694354653897,0.2783190420900167,94.0,10.0,0.5702201578613812,2.0916519961351194,15.833013559459376,6.691864493908498,492.25167883385916,1165.1885208097929,0.7800540897961874,0.7184230438424973
1036,2732,-5.131821292725094,5.131821292725094,5.126287499622213,True,1.4111639560044824,0.3994005775008719,0.8883385845182001,0.08694186450922387,103.0,15.0,0.714463571555215,3.478377602038208,15.48996803800724,7.644484428137361,432.47866574912035,2971.2759505790104,0.8327045806378819,0.7580206996891132
1037,1613,-5.1685224718968446,5.1685224718968446,5.126041480301156,True,1.5133785668004105,0.3877268710290129,0.8339439997750583,0.15862068929302514,70.0,12.0,1.722885628823223,4.373886103289653,16.31719628249677,11.525227513668435,299.458071769853,1803.4953711901812,0.8426224367449135,0.9648583523790667
1038,2638,-5.14991559474502,5.14991559474502,5.1256741372012025,True,1.3628653304159106,0.3921859165139632,0.7261894913527268,0.29361728793596414,64.0,14.0,1.3151882324650244,4.277268260550747,13.934866315232886,10.001196659896612,431.1342318270312,2841.3637104855366,0.8359225973702493,0.9043101126121122
1039,889,-5.1800653654608695,5.1800653654608695,5.125068537921729,True,1.4010348150765242,0.3955433314052432,0.8611286797359228,0.26773506318369,90.0,14.0,1.180871430457704,4.013162220896385,17.317986441209364,12.784354620524198,345.38678367666313,1586.4079562972436,0.6886501983537141,0.8982193291925589
1040,797,-5.223970672213189,5.223970672213189,5.124504485700597,True,1.460160874294207,0.3820592199265957,0.8114813759922981,0.29373852279710894,72.0,19.0,1.7255804132501025,3.497886046767235,23.98087289928045,14.177641102512354,276.5756647996133,1329.0900364518166,0.7057821303054457,0.827455157651511
1041,2038,-5.16965417511663,5.16965417511663,5.124400568221738,True,1.4420983212352028,0.3696445475950712,0.8506603360318576,0.24688248871101517,70.0,11.0,1.4266670387843718,3.7416995095815686,13.900707482122927,10.038579626290893,448.5330242810923,2115.1799338398764,0.8894438760399945,0.7000888950549964
1042,2229,-5.209994346721605,5.209994346721605,5.12426183210742,True,1.4827722941892427,0.38802567006732447,0.8630654901722024,0.16140748952803746,66.0,10.0,2.11026444013538,3.952414584325326,18.790161379642115,12.328510260025846,314.9597049755745,1868.427794625623,0.8823085794557181,0.8053044354474901
1043,1783,-5.184806579162505,5.184806579162505,5.123886051001085,True,1.5155726496307385,0.3972708166705639,0.8882436088250472,0.08954795227236692,79.0,11.0,0.8532827544233876,2.030857888887918,14.136203619896655,9.430861767417035,376.5996356761326,1084.9259034477482,0.8295779326539903,0.9242039988782648
1044,2007,-5.16413667894329,5.16413667894329,5.123879034016838,True,1.5198265993427136,0.3358667873095577,0.8704434756916983,0.10675204141390945,79.0,12.0,1.0763067762891902,3.517415972227047,19.26138425280464,13.286802912460235,281.12844591583337,1647.9643409530531,0.7311839701330931,0.9312809600773154
1045,2310,-5.137401304396986,5.137401304396986,5.123123126908384,True,1.275572102521452,0.38001472865123487,0.8176644341505963,0.19048930458967345,68.0,13.0,0.7804109707583466,2.8697984436330937,16.084595109089125,11.497000336810457,320.004454431047,1138.098372496564,0.9606276300643326,0.8939127764375625
1046,1197,-5.175174297024498,5.175174297024498,5.123018816886187,True,1.495069688361152,0.35089373533920515,0.831526815178123,0.25330149501447696,60.0,19.0,0.972479473798991,3.404082863335146,17.521961369214566,7.776179993023527,375.8003984303353,1786.0012877376366,0.8927490163256335,0.8553700715925108
1047,2806,-5.1609034048898526,5.1609034048898526,5.12299968764878,True,1.4752869207737471,0.39783934500068663,0.7747601759643715,0.13692835274145682,66.0,20.0,0.9580249041230231,3.6008591585930034,18.17983508040196,7.798871950547744,370.8689982291608,1075.5982281599358,0.9118028724354276,0.7767427697917311
1048,1149,-5.207053590746802,5.207053590746802,5.122771093914506,True,1.4065490381356118,0.38680725971314556,0.8443263204844608,0.29334814453445746,91.0,14.0,0.8218312601044049,2.915111347142596,13.010265107993316,7.235720850353098,423.65602563000556,2168.4176420645254,0.8831488102130886,0.9869333577858341
1049,2998,-5.1806386938542675,5.1806386938542675,5.1222852401867645,True,1.475122118299101,0.37662752284565215,0.8356322501153343,0.18446932789286824,90.0,4.0,1.1689858016708181,3.64955797127812,14.654287056243913,10.240448299935231,481.87764014431406,2391.985414082782,0.8012505427645904,0.7078318871241625
1050,2419,-5.183680652079139,5.183680652079139,5.121546617496169,True,1.307748845197183,0.38317792198146655,0.8677635712379408,0.19113543070001368,68.0,17.0,0.9594615547070602,4.004985114346687,19.356146977158556,10.580542291640372,333.8687474625339,2057.766344378588,0.8451897409872882,0.8934849279114516
1051,2700,-5.220023649927988,5.220023649927988,5.1213339532638935,True,1.3351511155716789,0.39094896142332686,0.8969043649171538,0.20733997267081708,70.0,19.0,1.2902083081819269,3.5056456132824727,18.01906842433505,10.36864181339329,365.7241817260709,2881.4549338068396,0.8708277392612562,0.865357177573314
1052,214,-5.133264042978711,5.133264042978711,5.121059536131321,True,1.4513970857333551,0.3771111749310387,0.7197081802878608,0.2044467782122637,55.0,18.0,0.608693307724034,4.1068152308639965,15.94726912062162,10.06975734436867,419.1844070819237,2202.833785063046,0.9213124284076761,0.7235885926913317
1053,1111,-5.140432072253472,5.140432072253472,5.120502584639691,True,1.3528668759920013,0.37790956965958056,0.798433078343315,0.29226697952960146,79.0,10.0,1.5818234439996737,2.18010728743551,13.445831819889346,7.365248089017652,423.76478789850285,1662.0385897658102,0.8467001590777111,0.8912182108023693
1054,68,-5.205499163629807,5.205499163629807,5.120192609575267,True,1.5206911531032368,0.39118328253548773,0.6821172564885489,0.11799495187403058,63.0,16.0,0.9389620391486739,2.7648259007544054,20.013324248234376,10.750845920927352,314.5748737942006,2052.202722809641,0.8555922833980535,0.859888582510014
1055,1192,-5.162003081512561,5.162003081512561,5.119875181567619,True,1.3548085261511285,0.35299772083171543,0.8011870669451187,0.1936412258583669,73.0,12.0,0.8994580252709607,3.991713440310847,16.876341083459877,7.390238307432172,457.91373236831953,2393.974847224189,0.9832441325166545,0.9779414680006775
1056,13,-5.1750626843769485,5.1750626843769485,5.119870469398734,True,1.4943478191449346,0.3814509410887779,0.7511615524824449,0.17462760916386147,56.0,12.0,1.8522102369068254,3.1739242706387607,18.92900943930075,10.265230862359637,284.4961658317618,2115.058511916656,0.9157879350523146,0.9922525520483415
1057,1260,-5.134222298218704,5.134222298218704,5.119834202343119,True,1.498410815671234,0.36982696436994306,0.8297034318512411,0.18437970608232188,73.0,18.0,0.738823345862329,4.045846374805897,15.871284062632531,7.370547904663813,430.52002542945536,1245.367651694831,0.7971640403051463,0.9317487703150895
1058,1139,-5.193577828442944,5.193577828442944,5.119806080737183,True,1.4694729761251226,0.38023336773134564,0.8621951963236512,0.25730167212664984,82.0,12.0,1.3399214548635443,1.9235966874201884,13.03057006199648,7.519577139005149,450.26150720523503,2938.765215763031,0.7825996964325044,0.7904734822259516
1059,2483,-5.209680408032208,5.209680408032208,5.119470550836913,True,1.3390277916713713,0.3680662871044794,0.8138660381507751,0.11943056364910282,63.0,14.0,1.2383468074327408,2.6775849643900647,14.871078060876105,11.383871246145718,384.94788752614267,1733.1492496092683,0.7631946593272193,0.7978567664648617
1060,461,-5.1372335185781175,5.1372335185781175,5.11932792618404,True,1.4574095586633793,0.3817238149334855,0.8424195094548157,0.08921422353741829,61.0,8.0,1.611821890167464,2.440141307512253,14.914522227466758,9.606322975949922,370.4917813458884,1537.1194488774563,0.9697791658904265,0.8005101928553535
1061,1019,-5.213848886402111,5.213848886402111,5.119130708231539,True,1.4066957185943496,0.3876466893514262,0.8500423358835731,0.15370369857636884,83.0,15.0,1.2449380467213578,3.6160543491502564,12.904624496763937,8.792346722461524,422.60975755073423,1907.1963872319618,0.7700482862269526,0.9163985898424714
1062,1141,-5.20188818821309,5.20188818821309,5.118694346670292,True,1.4381393453022464,0.3951527231076285,0.8640394795838038,0.19334915364001887,79.0,16.0,0.6701225590522406,3.400510718402998,18.05186092146115,9.63228522577866,369.0066206228455,2003.747537003038,0.8361074779550214,0.7144943826219614
1063,3018,-5.149480366972346,5.149480366972346,5.118565671240712,True,1.474013049653831,0.3756563221832709,0.8156903398167512,0.13630454975103407,90.0,6.0,1.0877620102227419,3.725922821599048,15.668536531826986,6.63047153997675,469.9318951435862,1106.4591510821724,0.9349498930248645,0.9526460106295787
1064,343,-5.19525901743283,5.19525901743283,5.118083528637984,True,1.3747230202517193,0.3978453608645481,0.657196965860243,0.17670056504080262,55.0,17.0,1.0643202237241414,2.92463361872969,14.753958386902584,11.14550903467276,338.8550286120236,2365.3142051918244,0.8916072442050843,0.9314233203657318
1065,2794,-5.215163764169711,5.215163764169711,5.117502429754994,True,1.5177848855202891,0.39401175012113787,0.8691703372399702,0.10826521562799758,64.0,17.0,1.4235683692143084,4.130560789291343,13.296964758721002,8.811999077232635,453.0554063785995,1296.670861612642,0.8092907740847466,0.7686962241672721
1066,1216,-5.222068185901716,5.222068185901716,5.117080419085557,True,1.472701967102673,0.35988718843271866,0.8282530848071356,0.24578801111098303,83.0,14.0,0.8463241269857316,1.9675611386392684,15.587834700815973,9.20083707155474,338.93920245928194,2024.869111535393,0.8478565951769332,0.913688273124132
1067,1908,-5.180760942235882,5.180760942235882,5.116631591274828,True,1.473087926545164,0.37748947934253196,0.8083750455499427,0.15842685869124234,85.0,14.0,0.6254585906065815,3.141669138904095,16.624969938403538,11.746151525521423,348.04620005273904,1794.0402152547495,0.77662119656811,0.6209682953682757
1068,2766,-5.1492383968104,5.1492383968104,5.116423772122881,True,1.4882240486040936,0.359823038472997,0.8634785233980911,0.1051471899384542,80.0,13.0,1.1162033980688502,4.432781618686251,17.132289693808545,13.344843316226308,285.3478353345878,2835.481529177622,0.7540730978398043,0.964140122176082
1069,3017,-5.139396574680226,5.139396574680226,5.116244464846844,True,1.5099502889008747,0.3800383226486142,0.8485391697330732,0.14845810856535288,66.0,13.0,0.7467686131182498,4.062383925231713,16.33130341303206,12.30952066054315,468.00235011712675,1670.6078380666759,0.7104553158467928,0.6653016321648585
1070,906,-5.202593628256814,5.202593628256814,5.116095728563135,True,1.4113383878191015,0.35738718765010036,0.8591561379412613,0.2549795355171166,64.0,17.0,1.3965114403278478,4.23577448494456,18.400352068727965,11.953506039198519,348.13303034066803,2259.2838836817846,0.7666682222541972,0.8957359832511798
1071,211,-5.1251240285628406,5.1251240285628406,5.115991883110139,True,1.4372535478805373,0.3849221332227416,0.7112262126467284,0.11290215886993907,66.0,14.0,1.009277184289191,4.076730426703426,18.954781777463882,12.149672424059538,289.97724960998954,1981.2593755365006,0.8843989057981323,0.8897609132359765
1072,2261,-5.183522301189989,5.183522301189989,5.115126700573038,True,1.4365818642585608,0.39814692724615763,0.6935444700821342,0.2432162284361154,70.0,13.0,1.0668189114509838,2.4392692894940238,19.509291784217645,12.878652783645135,238.57498681611543,1736.935013382228,0.9410910103010008,0.8743635128923304
1073,1836,-5.156884641998726,5.156884641998726,5.114995439529201,True,1.41246072448768,0.37222337191404026,0.8145713488544633,0.20116536607226018,53.0,15.0,0.8452010454868437,2.1883261696991916,16.389504916254847,12.784423063012056,347.40412633288486,1017.3892943409475,0.8306304624108664,0.7877785222841445
1074,1293,-5.162039570632421,5.162039570632421,5.114812933396625,True,1.2836279938340631,0.37540375033007156,0.8803637076533493,0.2104779429352447,93.0,9.0,0.7764687232506902,2.991040532644727,13.546218999723958,6.864265707497339,480.1467959688297,1773.7214661211128,0.8578676170120034,0.9473102351230918
1075,2356,-5.154571442960316,5.154571442960316,5.114631007401525,True,1.3851687382338989,0.3639008094969768,0.7886945973964423,0.23496913584503717,75.0,14.0,0.6438704974796221,4.332984987177459,21.687904660744806,16.38619407773588,265.684807954747,1883.5077093076961,0.8910302808046298,0.9342175905676751
1076,2304,-5.128823736939314,5.128823736939314,5.113700789420307,True,1.3864859497488895,0.3903711486726955,0.8034208489526896,0.21407320129771848,67.0,15.0,1.1913006239728763,4.1757637282195414,20.678616859247356,10.521270192032848,308.7235904535901,2769.521999994153,0.7963443293143262,0.9404068656251393
1077,577,-5.146736654927679,5.146736654927679,5.113511420365983,True,1.4003010586870177,0.3758030384067842,0.7371479976922275,0.23409975141053568,64.0,11.0,1.1826907241162086,2.5670443511510124,17.047786138458235,10.851442876456192,372.4900359274435,1650.9832206129572,0.794845863119608,0.7530096440280082
1078,273,-5.165645270332783,5.165645270332783,5.113412685288129,True,1.428607257811958,0.3782425292208814,0.7707307210696142,0.20391368973632026,67.0,15.0,1.209157921886892,3.621287819816911,17.613185422224273,8.709684121018665,389.3186478545864,1559.4282030929148,0.7893182599960736,0.7991939353353192
1079,2066,-5.172060275385439,5.172060275385439,5.112166493467856,True,1.4673740267447046,0.39660930123838395,0.8364994805698174,0.13955884716171166,76.0,14.0,0.639099236729662,4.157152073518127,21.24168182691537,13.889210080133815,277.8690680752695,1713.1568312383786,0.9247975340640981,0.9478145309682955
1080,2477,-5.170831712768387,5.170831712768387,5.111923133538482,True,1.423965761211118,0.3844626586109928,0.8491668628787096,0.23054923823169188,76.0,9.0,1.4791590045122593,4.218363206230244,20.504207490411293,13.404722212053311,291.91820086553474,1237.520455298214,0.9336755455886909,0.7890589481472385
1081,36,-5.185147354786897,5.185147354786897,5.111834335555528,True,1.4792190310044084,0.3860075383091106,0.7749761528312833,0.11190534395770073,76.0,14.0,0.5819305436135718,3.420258197272432,16.541057487113342,9.968158236290089,364.15785746785537,1544.9123712822984,0.995990721948672,0.7395622252902346
1082,2377,-5.149326614580322,5.149326614580322,5.110614695537894,True,1.5107554691075697,0.3483105527791761,0.8472282194989662,0.22724568815307195,80.0,9.0,0.9696694288015908,3.43372930671256,16.249525398237502,12.649049610681189,321.2517923444873,1554.7200241124674,0.8304245825868289,0.9274008419873243
1083,1759,-5.164221771495782,5.164221771495782,5.110560444612512,True,1.502013826985658,0.38206693601180697,0.7917479708542439,0.11017848869205887,80.0,12.0,1.1367801960361759,3.6371523541789936,16.22676654790568,10.548500737605144,371.532879892089,1448.6274877861251,0.7141900333518236,0.8125743124733107
1084,2617,-5.194007467785029,5.194007467785029,5.109968947577405,True,1.4534532309059414,0.39069619496864955,0.8694425650585742,0.1289892383914849,69.0,16.0,1.6908310305981409,3.5797355172153686,16.774473332013606,9.626285345834594,379.96041520015,1067.1735660414715,0.7135115295976124,0.7596385962473255
1085,2869,-5.148717444368717,5.148717444368717,5.109918691020534,True,1.4261116664123206,0.3547897841208782,0.83282349189512,0.26959047923440055,71.0,12.0,1.109040191178039,3.811803266135597,21.250303320606555,13.97715890872411,284.0607991265264,1411.0061690753444,0.8403981625403221,0.7983678547559274
1086,662,-5.147544003976531,5.147544003976531,5.108126186988407,True,1.4299629016108761,0.38514069619644176,0.7839463185353723,0.195686994000166,71.0,13.0,0.9060393545236718,2.069367483243642,20.51478199457432,15.265281371950834,200.8691715994677,2782.1692436513913,0.9352793206605015,0.844767390117023
1087,145,-5.194610296821178,5.194610296821178,5.107981513664499,True,1.5099532922569916,0.38139621365145954,0.7223452563669932,0.12748306107010443,66.0,15.0,0.7115371891001474,3.433972370075497,17.0920283196888,9.445176644607436,412.3653549614997,1549.9644701307413,0.905312665749611,0.7928412798921184
1088,969,-5.132718881489001,5.132718881489001,5.107916389146635,True,1.4519580516756636,0.3130485721490337,0.8907324993127411,0.1798469577319613,78.0,12.0,0.6545497075513746,3.384264486156155,14.201793026809915,10.477223226215504,479.7577708934398,2118.4482509714226,0.6963755950173189,0.6567269930732507
1089,16,-5.212619936928381,5.212619936928381,5.107189803026022,True,1.3772094143410145,0.38805304637486765,0.7768653531031808,0.19165614523996077,69.0,18.0,1.6129517328210277,4.190748099209024,16.179373675491156,10.10985224371905,369.774771407473,1367.9337895027334,0.7281177856091798,0.9794973922718735
1090,377,-5.156971787381676,5.156971787381676,5.107168431378668,True,1.306504791199508,0.3991376678972212,0.7102542710357806,0.12521557403235617,56.0,16.0,0.8199090000628402,3.592204394782294,18.278210793084202,11.696064205069423,335.043585665345,1086.896818091659,0.963558128097086,0.9811095170662247
1091,1822,-5.158658174981389,5.158658174981389,5.107155739841666,True,1.513396572634043,0.35310916666860354,0.7870339808885238,0.29277624344963804,74.0,13.0,0.8399887697671846,4.195731134622605,13.863552665146315,10.178094415865333,454.3472451948099,1690.558061207189,0.9378948460199826,0.6190881881123225
1092,1389,-5.159422368388066,5.159422368388066,5.106848087545418,True,1.4815782318150035,0.35177252584768026,0.8522135490560045,0.18091588444059287,67.0,20.0,0.574294986865941,3.5102756557401387,11.619572416892652,7.844219088990394,454.55403447939483,1804.6867540398096,0.8826046074363176,0.8048286930487609
1093,903,-5.203626104390641,5.203626104390641,5.106262936204351,True,1.4244353721261362,0.3885841095021956,0.8429962945337584,0.24095807114356788,76.0,16.0,1.055144234582813,3.0968182664294823,19.381148157503596,11.050834205165799,308.01272222638477,2176.58003650795,0.7478488588603152,0.8194151936323357
1094,2862,-5.159860749179522,5.159860749179522,5.10612740867168,True,1.5224147516119677,0.38565988390307243,0.8080024926454694,0.08396138799259963,74.0,13.0,0.6478471075043322,1.775363602798461,12.878750411338256,8.128946555343862,454.94564446288774,2147.4382179104487,0.7911349604056415,0.8041941141359961
1095,332,-5.1565870359713895,5.1565870359713895,5.105725465369701,True,1.4355116330094553,0.3927020412573399,0.6689848527868756,0.16841797230455852,58.0,12.0,1.715808750044786,2.2461801087807833,17.83513368547446,10.324163850713262,276.54878350375054,1743.06048275941,0.9048303892344358,0.9515199253839282
1096,915,-5.169546279148605,5.169546279148605,5.105262578381913,True,1.3998131110460705,0.3434623334293231,0.8372656944796316,0.2861824124979731,90.0,10.0,0.5688003311661407,2.2575230794745917,19.6207720137993,14.954434027332198,317.76836785945153,2252.0978350625096,0.6699409529287461,0.654423777264758
1097,1521,-5.1680197298578925,5.1680197298578925,5.10503477078319,True,1.4459466407854804,0.37139044373336505,0.7923520769817086,0.14760910298169172,74.0,15.0,0.5899978818987122,4.015497692640793,14.731927131816976,8.95977602294651,449.77850630922,1780.8667816349812,0.909967498098837,0.7389351257321104
1098,1153,-5.180247350997473,5.180247350997473,5.10494045859344,True,1.438193992313392,0.36994201804049065,0.8809379377667274,0.27786285737813626,69.0,18.0,0.5186446647439849,3.2212529288008165,12.842812432520251,9.636739368951009,408.7589921777542,1424.2815847380916,0.856243813944704,0.9479327668012882
1099,2746,-5.136713945824431,5.136713945824431,5.1044526846562,True,1.4131672611495496,0.3915184665571718,0.7778042574823963,0.21420734901948021,74.0,10.0,0.9623510782218587,3.2528107652215774,10.557361627312018,8.076538792051878,489.54671508370484,1190.0299252136178,0.9156065051975004,0.9876954609902973
1100,2461,-5.145828307783061,5.145828307783061,5.104168863729081,True,1.408151655931707,0.3393164837418462,0.8132639328928734,0.10244464892786856,76.0,8.0,1.5172827583818052,2.9037970408171927,18.714812289725778,11.82728056880931,281.0234615507657,1973.7129394170122,0.7838290437307418,0.9674680993794109
1101,2747,-5.104244162074849,5.104244162074849,5.103356472726829,True,1.3041342214982483,0.37116654648275615,0.8154153545950431,0.18449064706911322,86.0,20.0,0.6470650659174226,4.4641111657705626,20.414944367664106,12.301166320673763,344.4279162806635,1808.7026126658538,0.8519703555737919,0.8153040213268518
1102,1385,-5.132952036024777,5.132952036024777,5.102951698110308,True,1.3635566054024002,0.3803131389861283,0.8636728078650812,0.2678779546389483,56.0,15.0,0.8366323869337562,3.2308191891527187,16.09203723704481,8.914187245182944,403.7318887228903,2184.3161448459955,0.8921226089673171,0.9483821588430339
1103,30,-5.115729582026973,5.115729582026973,5.102726831716255,True,1.511248925939652,0.3692648964650586,0.8031890253599743,0.1293330550837439,78.0,22.0,0.6521723599658533,3.4387875407930357,13.937383232564061,10.979757571497043,413.3779243817738,2064.0008325101144,0.9941090641375606,0.8819219076245682
1104,1075,-5.11066884834004,5.11066884834004,5.102443660799166,True,1.4631509115611046,0.36387908791744583,0.8605480116361615,0.22981876392960604,80.0,9.0,1.1726258263344314,3.1335352966249204,18.829975404723495,7.595307070640195,365.9945990770281,1346.1237915790634,0.8192176955083523,0.9972464868084752
1105,266,-5.151712965360485,5.151712965360485,5.102333346859268,True,1.52357689628536,0.36525240305986495,0.825871292985183,0.15125234769909324,81.0,3.0,1.5334383537968093,2.9688636864853075,12.460192026995548,9.957747897061594,463.03289486344454,1952.5809721701962,0.886071072340926,0.8175035102640369
1106,3051,-5.128662755766917,5.128662755766917,5.102293807438555,True,1.4043170399961027,0.3663835566649543,0.8185602770556936,0.13778549548430705,58.0,18.0,0.626746880973807,3.6185797111062556,21.679181139859033,16.225206285112776,297.61427966442415,1408.8634869293578,0.7913036657366929,0.7199629261158407
1107,958,-5.1674256560817575,5.1674256560817575,5.101761016271497,True,1.371777133311865,0.38000962823022905,0.8788749662620607,0.09719946255685144,86.0,11.0,1.7134070093912364,3.202461832064426,17.573615492932944,12.069534925542234,378.97714684660093,1505.1075749353438,0.779849269196264,0.705580070028667
1108,2635,-5.111560060394604,5.111560060394604,5.101618176468293,True,1.4680947387984002,0.3879235283551018,0.8011275204496743,0.11378278755563644,80.0,13.0,1.7916018320030298,3.683535759032572,16.074929274381613,9.582140885286476,443.49298107298165,1450.5714849995725,0.8952816050383186,0.7910245275351906
1109,729,-5.1503590636873735,5.1503590636873735,5.101172218324545,True,1.3911990663693277,0.39877142572013136,0.8937544267851009,0.2314979546772819,71.0,16.0,0.5975468079005872,3.945143237668349,21.097983999738233,15.863305759421516,295.0307171253835,1385.4231131298743,0.8247710602224368,0.6430416027507099
1110,2751,-5.195085523395735,5.195085523395735,5.100613454820324,True,1.3693236075516664,0.3954497347006014,0.8006931471744749,0.2018160532646192,79.0,11.0,1.3422711605747983,2.974392113626566,19.373726846160892,13.874798974873784,337.8349120417242,1576.819866394393,0.6838876628388415,0.6026636638866769
1111,2945,-5.1321643036006845,5.1321643036006845,5.100601464567435,True,1.396226009878225,0.34374037817351466,0.7477631614183214,0.2759032132681035,78.0,12.0,1.3909287430512307,4.117101842152665,14.897159529717541,10.28750242456965,471.8262910735127,2792.3680087848625,0.6467419331394952,0.8195255517430834
1112,1814,-5.177867530089129,5.177867530089129,5.100548527969996,True,1.484417718582656,0.32974000122559716,0.8655742939389102,0.16175035803140267,88.0,14.0,0.6419802130842345,4.135402934951848,12.684442730009753,9.93346421477943,367.30342403805855,1321.413927946377,0.9492211998273345,0.9010124484269888
1113,901,-5.1972896122206755,5.1972896122206755,5.100342240288976,True,1.371705010098725,0.371849266122693,0.8479551452919556,0.18472489101975578,80.0,14.0,1.2263630648503385,3.2489989248403126,18.621860285961993,10.28332065716317,363.50024509382195,1952.2887387829633,0.8432672142143359,0.7569987595980702
1114,2729,-5.202071513136549,5.202071513136549,5.100168834684294,True,1.3986098952164578,0.38815218521749073,0.6981768172586559,0.2575672590515947,69.0,21.0,0.9328248535323058,3.080412333213453,16.62776878683185,9.950098238323719,323.60079872881806,1422.077902170467,0.8486053076360144,0.8820384740384045
1115,1443,-5.171511570004185,5.171511570004185,5.099570457539365,True,1.512757270774959,0.38201949318780837,0.8336781215133713,0.16249125760043434,92.0,7.0,1.0388661883365764,2.7014608869376544,20.91207022767785,11.937944742610037,251.06532235526333,2483.63007097125,0.9246836045826232,0.8761920579947631
1116,1305,-5.142375160078832,5.142375160078832,5.098938647873651,True,1.4351671847295966,0.3691142332821244,0.7837032943760437,0.2200264033073813,78.0,20.0,0.8075470511808516,2.547462545511212,16.22353494545446,7.903152260493771,327.05220804991524,2452.5129904049572,0.9904532430854991,0.9532009098252532
1117,2386,-5.174975838082721,5.174975838082721,5.098390429652014,True,1.3714179121442973,0.3792606642943059,0.8218937569227773,0.12164630191290625,69.0,9.0,1.5754642039527935,1.8970248079713559,17.23676473062815,13.514850556895343,252.79767911117483,1545.5685717896622,0.8818645225568948,0.8822627204632019
1118,651,-5.160870146809417,5.160870146809417,5.098275963266906,True,1.4850500644382658,0.39097058538459706,0.7534136171837885,0.26601909850383576,61.0,14.0,1.6332781863585255,2.825704233819473,17.89410104302363,10.4572881677574,313.5904798281775,2005.2142242222915,0.7344244164351488,0.8719043026098816
1119,414,-5.1596761965616995,5.1596761965616995,5.098242115802077,True,1.4125651489077913,0.3416670572656715,0.7063405384450141,0.23575961069688728,72.0,15.0,0.6319459535046694,2.3159767272517757,15.138762898149347,8.184586081436121,449.5087340441801,1553.5465721515602,0.7936964598621638,0.6914325731140677
1120,1473,-5.143034948559475,5.143034948559475,5.098196549218494,True,1.3071724078912732,0.3782451240453346,0.8255513760993822,0.215212973801463,73.0,13.0,0.9741044004786019,2.175830970615391,17.485860633182234,7.0129837631848035,394.2012681184437,1570.8774435822393,0.932312360087483,0.7209878121140992
1121,1346,-5.174021674913645,5.174021674913645,5.098188809067681,True,1.4279707547601008,0.3916306990481071,0.7819311772014954,0.26034425664777094,67.0,11.0,1.3452510154333313,2.5169208091517365,15.47759985719053,6.313406920356299,449.1677974652161,1796.4622233274579,0.9475820125358201,0.879470201816215
1122,2920,-5.1329002404142585,5.1329002404142585,5.097664167153494,True,1.3637853425271933,0.334413961944197,0.8473605460531897,0.08558746411568244,75.0,8.0,0.9385149050596662,3.0602312488248598,15.514759733840133,11.587632061816914,426.9477654249034,1218.2633015698307,0.8150951010478701,0.7630256477363251
1123,1373,-5.192437344333528,5.192437344333528,5.097167382385196,True,1.414800378938795,0.35663612331097233,0.7847540373449603,0.27959918961454133,69.0,20.0,0.909895642901293,2.169094838896388,18.63109327894072,7.826621139173033,339.5750173278891,2703.3044776289807,0.9361922363614992,0.9558173023328431
1124,394,-5.153710949099342,5.153710949099342,5.0970304504826025,True,1.441680374390262,0.32192783237738276,0.6723635946415959,0.1784453658030207,68.0,14.0,0.9571889959633422,4.452845855245143,21.96911996970618,9.47392515815809,386.7078526777643,1027.6274920974397,0.844834164995469,0.9568050622859279
1125,1594,-5.120308245068184,5.120308245068184,5.09683383578717,True,1.5010033814936843,0.35766692146076395,0.8905150002448753,0.14514651911637214,78.0,11.0,0.9268701476858248,1.3746994068324914,13.679025426791064,9.209986808885262,388.0737737493015,1524.8286621618627,0.7644594333940182,0.6426087105394949
1126,1696,-5.163548793094787,5.163548793094787,5.096699477647675,True,1.4665848528132224,0.39246665421216664,0.8777184486163125,0.09570040882086625,99.0,3.0,0.5785604594895748,1.6868501665433637,13.096132993842593,8.750246558045097,411.27327469740754,1149.8430614680321,0.9756215863896945,0.8739170842193715
1127,2306,-5.165206703342703,5.165206703342703,5.0953471865973885,True,1.4907467513214798,0.3680498376315422,0.8588760287468901,0.14885256105889266,74.0,11.0,1.5010179036531326,1.675750172032869,18.818069588147132,14.315454503537513,213.49616648612815,1720.9566146047903,0.8194260620518684,0.8655850748197927
1128,893,-5.1434758432509184,5.1434758432509184,5.094657084775007,True,1.4965673560360655,0.3580890336569359,0.6827038055725293,0.2026489460407151,70.0,9.0,1.2617407318544154,2.9954418539716317,18.557703107151454,12.68092976241177,268.93616781859123,2033.3156799812318,0.951656222238618,0.8848927293984719
1129,42,-5.119010800937041,5.119010800937041,5.0945915354475835,True,1.3805362386048552,0.3875029181022893,0.8408429952764687,0.10965551645346842,73.0,15.0,1.5864315564078841,2.411057130271457,17.416874567698706,9.119198464067518,375.12140364340996,1158.802169426205,0.9522536263738913,0.7874466214857834
1130,949,-5.147696339575695,5.147696339575695,5.0944886939384535,True,1.4943681439602048,0.37888783895253786,0.8184327257391213,0.09053657656804052,74.0,11.0,0.9215990429603587,3.7076390522171887,14.140833760500723,8.225573596208871,442.12732323179057,1699.437623923488,0.9055689827641673,0.9270233978540672
1131,375,-5.135070972268986,5.135070972268986,5.094152333575479,True,1.429020816528566,0.37149193438335854,0.7001985976677404,0.09112249498107129,75.0,12.0,0.5656931844423605,3.144575817383229,18.493235110088815,10.835966150426406,327.40921979510665,2295.2993545815625,0.9723594004140577,0.9090729850462794
1132,2828,-5.166537093062337,5.166537093062337,5.093608332124242,True,1.4719582319488982,0.37873513286992866,0.7556540302209818,0.12042454427376618,76.0,16.0,0.6771107296670156,3.8158274234722187,14.588579319604262,8.544187008355628,393.95944182892606,1304.1332856511485,0.9250519817184776,0.867831791592608
1133,2910,-5.143727393347557,5.143727393347557,5.093541619659612,True,1.4555322456197162,0.3998857300091294,0.806183901163974,0.11695770233663415,79.0,15.0,0.7404172414136312,4.02477413379768,12.988080368455071,8.371379067085693,412.5227735743391,1690.189508110326,0.870883417668281,0.9417206181003313
1134,1128,-5.139934575438945,5.139934575438945,5.093445130180599,True,1.49657892456358,0.39617795478061035,0.7706640467569754,0.15822227125079047,85.0,16.0,0.9080807399515716,3.3796592799481098,13.897784969858886,9.065013934404485,373.90422726042243,1053.8038721822911,0.785801795444042,0.7251283013392968
1135,476,-5.111133537494538,5.111133537494538,5.093182325776288,True,1.5042284171901192,0.38254912961932963,0.8024866827949527,0.17834515409152904,75.0,15.0,0.581725076464914,4.039322382757529,14.249431209105287,8.190881760412019,425.04210581771883,1937.059670789061,0.9100187708079632,0.7467459514732302
1136,175,-5.132479163021873,5.132479163021873,5.0928175335027674,True,1.5137556025018564,0.38897921008548714,0.6920815144099762,0.23535957088675308,74.0,4.0,1.611828702472848,4.314989049437704,17.974558678298077,10.27041418611683,372.2635302050926,1593.6124532762651,0.9582071218118728,0.9199481226548163
1137,2893,-5.156189490765287,5.156189490765287,5.092585746528373,True,1.4797633534636734,0.3973094062735013,0.8417242404769257,0.20415482738412022,64.0,17.0,0.6532176849738569,3.002204544334168,14.682665531426192,10.268022469117986,373.8209580268477,1584.08732182632,0.8127265611191452,0.9282562821281853
1138,1490,-5.13357844092487,5.13357844092487,5.092540368913358,True,1.5177176602541036,0.3858834612197627,0.8696939243996638,0.26783723342422094,71.0,14.0,0.8507222232655134,3.4488274372294843,13.637948923481947,8.940389276254296,429.69022899998583,1995.6080090073478,0.7550831026958467,0.9878252097487736
1139,402,-5.143170705442011,5.143170705442011,5.092368202243708,True,1.3531512219305775,0.3132712988829569,0.8241442406926398,0.12854708507584542,76.0,13.0,0.8539990362415839,2.835724663860893,16.700824654338234,8.956246084855154,377.74691818720987,1310.7186882172261,0.8692772869337304,0.8574418427311092
1140,1780,-5.10552830923306,5.10552830923306,5.091207021799881,True,1.4123434050625001,0.36304428894674856,0.8129866385604013,0.2312565552314446,72.0,18.0,0.6095294234981878,1.9776318318289743,14.464774645425472,10.690896222168012,382.4818763734845,2303.567265130329,0.837197960958195,0.6198433277886659
1141,231,-5.099923040011435,5.099923040011435,5.090740211408152,True,1.3945125874371278,0.3909500921287298,0.5911376183514853,0.15993783118916535,65.0,14.0,0.5841993800988203,2.9445151265495224,18.786503359619278,12.947835768303678,273.3860027447291,1516.0410332834501,0.8962750273980505,0.981834842273851
1142,1554,-5.108382231619912,5.108382231619912,5.089610384976369,True,1.3314539259869669,0.3702410257725317,0.8741908526233525,0.08146738937389464,75.0,7.0,0.7911331827743724,3.061995213708559,13.927668233947438,10.353007852400692,406.97389957601945,2068.4781026701417,0.9379083814061142,0.9244482207180241
1143,778,-5.178744633690002,5.178744633690002,5.089213338620761,True,1.3464771477864825,0.39345539498929494,0.8082958366281014,0.26416861155363736,78.0,13.0,1.0908699066996106,4.183851237471854,16.383679986870586,8.435687713714858,414.3498751903252,1650.7865860833017,0.8471472701512751,0.8413966950147959
1144,1464,-5.094021774552351,5.094021774552351,5.089211909621977,True,1.4679482960408583,0.36749519006477127,0.7731460063508857,0.1111151703688912,56.0,17.0,0.8272568016411723,3.93678993787149,17.501418064659102,9.108043028602061,358.9098463382899,1282.5722395308903,0.9183426706646683,0.8370596124336915
1145,2039,-5.112907229026159,5.112907229026159,5.088695797314234,True,1.4561825562111608,0.39736790032749625,0.8884918491995827,0.2640800903938495,69.0,9.0,1.3011707623446538,4.365002740747839,18.510980101176848,7.96951289171053,448.2883117745129,1546.6613073067547,0.9012910373124842,0.7256714521076503
1146,172,-5.185157865314512,5.185157865314512,5.088679791202662,True,1.4801256684662618,0.3957603376534289,0.853839673861889,0.2362081621088995,81.0,15.0,1.1835656137718027,4.148137216625679,15.644821571649931,9.04621501779239,385.99775361182657,1137.8951920764282,0.7762760288895225,0.8687777158587702
1147,54,-5.120941499262695,5.120941499262695,5.088249648995548,True,1.4919587012910847,0.3701915870322785,0.7136784498810459,0.2167230076227819,60.0,14.0,1.3047305924079806,3.8236441762234645,18.659048419751006,9.863657652343234,302.8615624664301,1084.1476774147689,0.9941859595712392,0.8639060729953025
1148,1703,-5.131103936346859,5.131103936346859,5.088025440655763,True,1.5219415288598521,0.3924660398844113,0.8237623927785056,0.22866822496717992,63.0,13.0,1.1352741769987182,4.229605641185643,15.805888768315574,8.511834604113059,412.4293226183621,1829.281701320352,0.9294400438595813,0.8490531727503018
1149,1990,-5.172132788937852,5.172132788937852,5.088014727485528,True,1.261082029622759,0.33698395467812414,0.8120105696375238,0.1672667762414363,92.0,8.0,0.9918550828652519,2.556216148573567,12.390514701386692,9.093990528094011,409.3156336948041,1067.5346720368425,0.9127138827422703,0.9516984943005019
1150,2982,-5.132522237813128,5.132522237813128,5.087846640970352,True,1.4251191958352545,0.39215011166624936,0.6636834123072448,0.20765810924774325,69.0,12.0,0.9202281468207052,3.689023854143376,20.774152802376538,15.14950629942173,289.185920183623,1217.4323077375147,0.8294866465632155,0.82333488361543
1151,1552,-5.094469085352724,5.094469085352724,5.0877605061283235,True,1.4721913951550436,0.35967823614689376,0.820724357031191,0.09937405005632768,66.0,17.0,0.5860795020554539,2.477825948864371,18.832571761515094,11.540617460052086,293.46939046228766,2157.169981114316,0.7718637408612394,0.6985072433038545
1152,71,-5.16089983946269,5.16089983946269,5.08759052226383,True,1.4725598063023333,0.3825795074824052,0.8340242565053975,0.12690766968094722,62.0,14.0,1.245170582491813,4.492735128093507,19.300564048130212,13.009105196425013,323.44427994426525,1217.5838446618409,0.8700576188131218,0.7746109512537438
1153,2096,-5.133307113015409,5.133307113015409,5.086939727874958,True,1.3849519326414685,0.36574749467657364,0.8152425504983851,0.25206967582463424,60.0,11.0,1.5248583470177692,3.326749853050431,15.92718570793718,11.14823067417473,373.398876113872,2040.0414675810564,0.9852103043085383,0.8121750624474198
1154,1138,-5.154425797600232,5.154425797600232,5.086911408259397,True,1.4337854439987494,0.39428892001927085,0.7981496339772618,0.08076064644027083,61.0,16.0,1.5914872316414646,3.0304985094579786,15.229358044904707,6.809236146065935,370.83360766706943,1263.6517448046789,0.914402427806956,0.9805061166985598
1155,1463,-5.137948935916558,5.137948935916558,5.086318378744261,True,1.4142576780309826,0.3701604170403183,0.6714650578262109,0.2622956515637952,62.0,14.0,0.793956384857462,2.4793996607957483,11.447470342836443,7.449681283574822,475.40645533226416,1645.0439481299754,0.9874037723662221,0.7397847705670415
1156,2438,-5.130784306340242,5.130784306340242,5.085860863578667,True,1.4489751297305389,0.3615382655685565,0.8726019445692712,0.17470308269086718,63.0,8.0,1.8139198245480657,2.9824265407892314,15.01583942577737,7.294651665167297,420.73738905693756,1413.530238746021,0.914972544064077,0.9659401231811794
1157,2562,-5.110868700648405,5.110868700648405,5.084847240965747,True,1.4429768677146024,0.3840843423777345,0.8307472698792658,0.2827921324204853,56.0,13.0,1.1749975978814573,3.0162743685932867,16.809960393095498,9.55002389657002,391.76378175673585,1325.6497814965478,0.850484917860798,0.7141130916248111
1158,2213,-5.157566047780466,5.157566047780466,5.08328160868003,True,1.2799270759051844,0.3919363218351989,0.8940934910210079,0.20307719550479988,89.0,12.0,0.9037202473956745,3.479934665536837,20.391850783970057,14.347746965589707,238.01044109886834,1902.0799905725407,0.9213528983470203,0.8950530372010341
1159,603,-5.1753463671009055,5.1753463671009055,5.082757783272115,True,1.485251933206084,0.3857978409505437,0.815375355935058,0.19233879215336222,68.0,18.0,0.7683671114626958,4.274366247174358,15.194775328444326,12.09446358290099,321.5365869497192,1884.2785831923584,0.8667453351224755,0.9070254262488391
1160,1207,-5.160562820337266,5.160562820337266,5.082641103171111,True,1.4505265226267188,0.3649638633333811,0.8775605810971456,0.19360201356015674,78.0,13.0,1.0424297667792541,4.049573155960921,18.747927078571635,9.6394207551396,379.64721975933617,1511.7393134797592,0.7921088750201108,0.7225897110634478
1161,2929,-5.099028186117257,5.099028186117257,5.081736336560812,True,1.5231310265918117,0.38152886664509805,0.8290359674944932,0.14379508357381482,78.0,13.0,0.9823004952519276,4.260002622721856,18.29275765406935,9.076282714737216,381.31451437708995,1129.9890777609953,0.7367624395346258,0.8639845990838173
1162,771,-5.113514268537428,5.113514268537428,5.081227330665647,True,1.4790319319315692,0.3975207340174311,0.7615506551331672,0.23832105776633739,59.0,10.0,1.7867117725615356,3.485255012349935,14.773822045820683,9.550865973239286,367.4105603588596,1929.3112640143117,0.8727558928991814,0.8618703130541153
1163,1909,-5.127472631747397,5.127472631747397,5.080232057472486,True,1.2502733888493907,0.340056737421877,0.8524241038137652,0.2904882634491516,62.0,17.0,1.1707851500783397,3.7672588349980844,15.54658672577261,11.288469116503755,359.64151190145043,1561.161137764359,0.9533485382155136,0.9799938762687895
1164,1755,-5.124476865974589,5.124476865974589,5.0801535138782175,True,1.4918477984146856,0.35800564321533535,0.7839282676367941,0.10017159971165125,52.0,17.0,0.5177602716063046,2.0850938770818823,11.497407916997192,8.82699209935631,423.5295564967168,1747.8207137871636,0.9530687389853205,0.7622879138928109
1165,1402,-5.130072407917247,5.130072407917247,5.07991834811251,True,1.515459034072431,0.39526419967254167,0.8090925878565972,0.21634423502660066,78.0,6.0,1.0131540257056153,4.085441103095201,17.64953022654613,9.15213090573304,459.50963240475596,1291.060854093947,0.8402425299311256,0.8061056989605411
1166,2499,-5.1644093469319685,5.1644093469319685,5.079493365841764,True,1.480550354848492,0.3909954486097751,0.8671290889695782,0.22127282358139813,78.0,18.0,0.7646475842491256,4.279453589301168,24.40031616510088,13.957580393027389,238.69159482148012,1284.468224276118,0.8095221129988552,0.9980111848032688
1167,1545,-5.128640528577986,5.128640528577986,5.079250358975435,True,1.498737155123828,0.37547699912755217,0.710206690983756,0.10499785395958479,65.0,11.0,0.9161053910765413,4.385403216475955,15.431255911011657,11.461996150922712,389.2971964995713,1242.845128982609,0.9279348616160963,0.9681924449045556
1168,152,-5.1510485713071805,5.1510485713071805,5.07884746072702,True,1.3790799512867606,0.38507110683954016,0.6670463121069804,0.1902588720292757,69.0,9.0,1.2719052557496828,2.6532525010149994,14.755954010265842,9.907411209882772,376.49867001380983,1950.5410606628384,0.9420099931391237,0.7692617439183309
1169,1027,-5.160717308271952,5.160717308271952,5.07844355944037,True,1.417992131279808,0.3637610049075824,0.8439973296497286,0.08382499075091945,68.0,13.0,0.9317484074607767,2.3730101623337942,13.6551994698859,6.904007344549625,464.5613949385649,1307.3587720468408,0.9180842233389679,0.818825616590465
1170,2896,-5.099476383665291,5.099476383665291,5.078167420124058,True,1.3886194417164057,0.3818674816401242,0.8342844273866877,0.21837281399994865,95.0,4.0,0.5791617671109925,3.3445853359953146,12.859399115495787,8.039557985882892,488.34915011928314,1824.1223156089802,0.982788516922081,0.7806040342054106
1171,1301,-5.136225014634904,5.136225014634904,5.077731526907968,True,1.4645434448138681,0.39595773152139024,0.7948051942220986,0.08884908529308341,69.0,10.0,1.0295182080952054,3.3370608513884488,18.120669111320982,8.549116956242472,413.3236969472588,2615.2834383202535,0.8910295764088814,0.8589401408077206
1172,1345,-5.151071562693936,5.151071562693936,5.077584737827891,True,1.4299359796742759,0.3968058335635534,0.7740753460590514,0.2897164496919039,77.0,11.0,1.1149510871656938,2.8238361565530417,16.187804080759758,8.619665044035024,347.4821251584344,1830.823111702208,0.9347030593299406,0.7781102774984859
1173,2127,-5.147228571463858,5.147228571463858,5.0770176325478715,True,1.4557099103290214,0.29050651544044304,0.8633208913623323,0.11567184967571893,69.0,11.0,0.8787196135709043,1.2079741010625673,14.638396459950044,10.91114362696159,295.48196123513475,2164.440794591784,0.983179615027241,0.9167106860018686
1174,2309,-5.112225991529222,5.112225991529222,5.0769320517167085,True,1.433527789628131,0.3969287760798824,0.7962005552888101,0.16041685749019896,76.0,13.0,0.9695134032892987,4.112404727172182,23.50248538523507,14.913483442079873,224.24273145965077,1109.8395773274056,0.8636489996709138,0.9081357760393933
1175,2398,-5.143504913996667,5.143504913996667,5.076693153673769,True,1.2651082436260992,0.38113374564922875,0.8416418629617141,0.2681312725509186,77.0,11.0,0.8695915461770176,2.96846751190583,19.677100116802333,13.459720187027042,272.01971072052527,1592.698287365636,0.8746578943407158,0.8551090201987905
1176,2145,-5.129963063466806,5.129963063466806,5.0762090863857,True,1.3666155144786263,0.35692346356600724,0.7567240957966186,0.09719503040864447,90.0,6.0,1.153302306936615,1.0703890562005984,18.98549201704706,13.679210615696414,212.98453188182415,1074.9128010987506,0.9894106315371518,0.8822615504158264
1177,554,-5.138037759044087,5.138037759044087,5.075998058391948,True,1.438477365362597,0.3628536441303045,0.8044661363223294,0.27596926843041525,93.0,6.0,1.1278145866454476,3.2690146280238492,17.924462346152595,8.225542150850337,393.4626395345155,1773.1984111721306,0.7866858412786921,0.869195688093472
1178,658,-5.1694064721193556,5.1694064721193556,5.075723736734033,True,1.4594998056484263,0.381916529195677,0.7276556767061798,0.20925341816535528,76.0,14.0,1.3909934344599002,4.2808535938459045,15.692836765987787,11.529164142888645,390.64896914994847,1816.828836607549,0.6093261998739755,0.7784078647382557
1179,796,-5.110381022633333,5.110381022633333,5.075550295321181,True,1.4013774047562708,0.37111558435801784,0.7547853206922266,0.25354017805690054,66.0,14.0,0.66390047557667,3.7205661220972033,18.188376563785656,14.035981804273067,318.47413187363054,1982.8618061826428,0.8027186593041062,0.7856345494537005
1180,2334,-5.157877632882991,5.157877632882991,5.075299079288492,True,1.447459740521403,0.3973347526809158,0.7518276291681186,0.15591061444972412,57.0,15.0,1.2702150061172466,3.345896219667123,16.43755333032459,8.359361857840677,372.7443903214403,1188.0873055120792,0.9010015483070639,0.9745468187977027
1181,1697,-5.129662846323561,5.129662846323561,5.075030211015738,True,1.5068485197196488,0.36096640610107095,0.8334244955909066,0.11767975198743527,80.0,9.0,0.7535540721636722,3.201462482901781,17.115429568900115,12.002141616362914,351.3361437380031,1686.1303751856333,0.8358509717162269,0.7197039658700662
1182,2170,-5.10162472230391,5.10162472230391,5.074560542143697,True,1.5218946495636785,0.37159175267704914,0.8993963296066203,0.1415000932503046,76.0,13.0,0.5482573203636076,2.2491229539691915,15.658644145831806,12.48813900615252,278.59479397033755,1984.7506878673785,0.8352691578912279,0.882449619556005
1183,2244,-5.116064070783619,5.116064070783619,5.074232968914657,True,1.4183466763517143,0.39295600617480075,0.7835698070064876,0.1360889745516657,69.0,11.0,0.8438748589640162,3.127987037937287,21.315812508810875,14.098584201966098,250.76819343992926,1396.023163472495,0.9307461983219687,0.8733553879570103
1184,968,-5.122153165761852,5.122153165761852,5.07404427681905,True,1.490185979057169,0.32504729546011635,0.8051799107620915,0.18994796057619495,68.0,17.0,0.8270750856026163,1.5831109891097959,15.330832734224813,9.100895215099275,372.7888509299492,2308.501587583391,0.9044747973066642,0.8316076434794103
1185,619,-5.142357679421906,5.142357679421906,5.073736548372607,True,1.4534828803097075,0.3754455427437068,0.8601854084431639,0.2663048297659928,64.0,16.0,1.025957576430611,3.4264243995901342,16.788727711863203,8.96375624751485,442.64016215669153,1249.1288949755033,0.8922175516614455,0.5950812699191856
1186,1451,-5.1051205025436595,5.1051205025436595,5.073687173491967,True,1.3895557088497328,0.3929707745461526,0.8396488587689189,0.1695130422318693,83.0,12.0,0.6898766830113727,3.4128882305635133,15.49401928706664,8.237626321150362,402.2381472136673,1708.7951584926645,0.8267213655161031,0.848322176492803
1187,1744,-5.119784656728511,5.119784656728511,5.073571454932006,True,1.3773420447326774,0.3567073614998815,0.8171262953910767,0.08424660338300778,91.0,12.0,0.5519115306705906,3.4759589842716943,10.344844217060437,7.497646850582333,455.28782633891564,2474.011997245946,0.964484179181293,0.9185897927713317
1188,2997,-5.141549804884786,5.141549804884786,5.07352048846907,True,1.4222809785430737,0.38723870334256544,0.8669857372480232,0.21677789654910742,74.0,6.0,1.4565425162777217,3.2835306777844773,17.523097284228726,10.100851363775059,369.1829001540955,1760.136053996246,0.866781919762426,0.8390046750686639
1189,985,-5.109348665926494,5.109348665926494,5.072487109762331,True,1.3317617554410976,0.39002702297007436,0.7890027327463032,0.10306296463655473,72.0,11.0,0.7947950577230491,3.414124535384204,21.730989805914973,9.76117933847853,387.4861412746756,1195.5992297978728,0.8278512812445765,0.7736092128441504
1190,1737,-5.084142334115599,5.084142334115599,5.072343996143534,True,1.3104357601795709,0.35221230314667107,0.8419057846924064,0.15965663972950195,80.0,8.0,0.6714078147013338,4.061304279667263,15.736901072750735,8.773792081331568,451.0365643858612,1787.5956226371306,0.9835185462277898,0.8889880363753665
1191,2648,-5.1205260493400715,5.1205260493400715,5.071393651648485,True,1.4700578329863419,0.32323477472892453,0.8906633555687218,0.17095782143995164,72.0,11.0,0.7505236896281635,4.386255809569552,21.43307181172527,15.35596588234273,286.1758077517152,1610.4594968440983,0.9617514186077394,0.7903580875712766
1192,490,-5.0945740876168415,5.0945740876168415,5.071016888544564,True,1.460441071701952,0.3678002987362612,0.7944111950608161,0.22191014615283516,69.0,19.0,1.1733142180515275,3.012408629741775,17.81107521101123,8.568275756113533,450.47648202808773,1186.212588306226,0.8330612230948204,0.6217039711907228
1193,588,-5.145393614252432,5.145393614252432,5.070909994718923,True,1.483652836040019,0.3953590792017485,0.8442728779293676,0.25861431893619846,75.0,8.0,1.4852642175949193,3.2855589409252586,18.12009184317961,8.250949835510088,346.16595499713094,2755.4029217529305,0.9342612916950537,0.9625643187988496
1194,2460,-5.119675345546927,5.119675345546927,5.0707389553234155,True,1.4550290468670686,0.38934648930487703,0.8879905084882311,0.2048560702131568,89.0,6.0,1.4003150357767544,3.9684659575943666,21.646580437487017,10.364704602224341,350.09038209669063,1460.7876757871209,0.7054581952997195,0.8056379883123466
1195,1234,-5.1412170596025195,5.1412170596025195,5.070708933078303,True,1.4440192227918427,0.38818552967060294,0.884614761549759,0.11195623591982237,85.0,8.0,1.1897709197333703,3.4940848814980745,14.481679796796612,8.2482590117399,431.2788577112887,2449.6757052242624,0.8193797031433891,0.8366706012084033
1196,2148,-5.112006704522262,5.112006704522262,5.0700322124478525,True,1.394897535749481,0.38428973568257724,0.854074329813922,0.26726045551106326,70.0,13.0,1.2260686131599174,4.065392488328262,14.549944622443876,8.08652050784244,374.34541568137246,1964.572620047532,0.9055773468037118,0.9735380832972242
1197,337,-5.127611698061434,5.127611698061434,5.06839115003897,True,1.4978064810226477,0.3387762579636676,0.7135775628710116,0.26010553407512915,61.0,13.0,1.1127453317710865,2.8995466727362462,19.681917607202628,11.02362156478684,281.9331785486399,1771.9524763791371,0.8905393893306592,0.9720224700968844
1198,226,-5.123044608906108,5.123044608906108,5.068188850190199,True,1.5000544557533373,0.34242297826476853,0.7095119264328923,0.09330363964058183,58.0,11.0,1.1067988215876032,4.025559173168848,16.86841153095621,11.227161576992682,373.829158792617,1404.5784627461942,0.9806939656002434,0.8909531082840594
1199,1735,-5.14751575816078,5.14751575816078,5.06770147629746,True,1.4782337107875216,0.3963661410190795,0.7416168079799864,0.2081197674631959,78.0,12.0,0.9858596519675227,4.145153403687993,15.282142911206057,11.488854741233862,321.0778161916433,1660.769242991298,0.8705771115992329,0.9585010415020991
1200,2445,-5.084889977772911,5.084889977772911,5.067324314875341,True,1.50966491274156,0.35969448285052263,0.8004492720001433,0.1821347815674818,76.0,11.0,0.5066258206419927,2.5222139960771988,14.052466848450482,8.830068011222792,396.73591759341747,1738.5036879283216,0.9105560977704776,0.7127661178006238
1201,215,-5.126773556081153,5.126773556081153,5.067243714057921,True,1.3763390229384969,0.39688826894407847,0.8237660154554082,0.19643898507789362,76.0,18.0,0.5194956868809317,4.4926919417897775,21.546373066012716,14.361926751223715,290.7541174431257,1658.5468057535404,0.7597640932602718,0.7088790521358916
1202,777,-5.142308524083152,5.142308524083152,5.066609196962338,True,1.3603140900448363,0.35792121933802074,0.6750030737268388,0.14547868462281616,66.0,12.0,1.0063713081663874,4.123949092263846,17.467249953323197,12.97560575836737,376.27457781862154,2142.432982874656,0.8030396272760442,0.7302131009579191
1203,1884,-5.06631299734748,5.06631299734748,5.06631299734748,True,1.4671823533438701,0.37999212188777776,0.8601911496394068,0.08548970939530542,62.0,20.0,4.181691140426661,2.4687919136799477,13.618438027807924,10.73666167143869,398.7955869723544,2303.016571917148,0.8697866779608296,0.8135654568625073
1204,2345,-5.115015004410942,5.115015004410942,5.0659990530178085,True,1.4104028670485331,0.37628904571260885,0.8940974283625377,0.1388302105206104,67.0,9.0,1.4475959884438458,4.013865330489214,18.476560407880935,10.146895175490924,367.4781793358584,1398.7280351557652,0.8987919447814454,0.7441184697765595
1205,1914,-5.135413234446292,5.135413234446292,5.065950441989229,True,1.3794442200382222,0.3824590105157637,0.8627438335575226,0.1715186536629909,71.0,8.0,2.0468124556783707,2.668089814147475,14.553255245045825,10.120997274478917,339.07501092595663,1140.4372851423168,0.8940291140190746,0.9983315283518897
1206,1338,-5.126355154352988,5.126355154352988,5.065806411199649,True,1.5210649894030601,0.3835341615641374,0.8516211402900078,0.2237254938160759,69.0,12.0,1.6046091729941714,3.549082572417401,15.856827269484782,11.553974029067929,352.80867893992865,1500.265122847571,0.6405420022078792,0.8163774484444899
1207,327,-5.117002563344695,5.117002563344695,5.065741769384305,True,1.467849155699967,0.38895437020692814,0.8369117742233269,0.2007710816379787,74.0,11.0,1.340256029645514,3.4508288535118528,23.661217914222867,10.328270226469463,269.03679259134844,1107.54697366018,0.8679802087519224,0.7988741125381407
1208,1928,-5.139833293795943,5.139833293795943,5.065352985817375,True,1.43649129739213,0.33044070698005307,0.8394700947744498,0.10113647937806873,63.0,15.0,1.3468038838984846,3.0816183724974655,16.62377909359879,12.518211662812165,333.90029459844305,2307.5184183827114,0.7434948081806998,0.8356076417418397
1209,2071,-5.070352894665804,5.070352894665804,5.0652697035986165,True,1.5024884370982219,0.3872813539880475,0.8961291183399863,0.15296670799471293,104.0,11.0,1.2581219036545221,3.3620996473895097,15.636310747920499,11.07946354040904,364.815462681617,1076.885295294594,0.9456103309335833,0.6505326714395615
1210,1352,-5.083069406194831,5.083069406194831,5.0650394965036725,True,1.4216833425130198,0.3874051289562881,0.8082266174459262,0.1977935235000713,80.0,8.0,0.7602522468476178,4.192122850151156,17.300820131307464,6.929441717939244,496.5972124670516,1212.570027619513,0.8954995951997566,0.7794571946235798
1211,56,-5.064766839378239,5.064766839378239,5.064766839378239,True,1.3661201729147439,0.3613323438352224,0.7770874201798745,0.21074182412550788,65.0,18.0,1.814387402255904,2.3922249587992632,17.376694191378675,9.120897287673717,350.4560179612239,1571.261241873051,0.9860775529899584,0.654261876652258
1212,1843,-5.06426735218509,5.06426735218509,5.06426735218509,True,1.5185671228751842,0.3677927398983942,0.8687783058949518,0.09870682617662223,65.0,19.0,2.6757174616239623,3.093628618505366,17.136446005647,10.013862049843386,350.8248003723087,1498.6558655894655,0.9474194227171059,0.6012906006385386
1213,2413,-5.06426735218509,5.06426735218509,5.06426735218509,True,1.360016617930936,0.3997837608220605,0.8473130304127102,0.2648812393910257,65.0,19.0,1.7101735450675668,1.5030601374128205,14.89056201762507,8.158864676014005,363.8439896955774,1980.0014075461515,0.928811824252709,0.7021392746365342
1214,169,-5.063775510204081,5.063775510204081,5.063775510204081,True,1.4555921453298748,0.29829083057430017,0.7535039044645635,0.13530582853354334,65.0,20.0,2.737570413346364,2.11216508457258,11.989436897059203,8.806325663875501,454.6007747814547,1457.8049835389718,0.9387497233101811,0.6507428425918568
1215,358,-5.063775510204081,5.063775510204081,5.063775510204081,True,1.5099448799238209,0.3257155901060136,0.7284078435894097,0.10237483954966556,65.0,20.0,4.280914849887047,1.906660011760514,14.173052701276285,9.302979937214893,448.2686258866264,1799.241640104693,0.7273350240676353,0.622844716516521
1216,2545,-5.063775510204081,5.063775510204081,5.063775510204081,True,1.1983632733348042,0.39741856128121006,0.656435344207425,0.298299620150169,65.0,20.0,1.1658637508821783,1.9073562683893055,15.353375342157571,10.589936483286198,363.1277356296778,1071.5435043242087,0.9076939887102816,0.542429675348103
1217,236,-5.062972292191436,5.062972292191436,5.062972292191436,True,1.4205749989366214,0.3537836967538863,0.6275252552992471,0.19012383077618739,66.0,20.0,4.327162807871548,1.989974913459506,18.77877848694567,11.607266709959399,283.3432562846042,1623.3108620253424,0.8664615833907529,0.6734645539451402
1218,2247,-5.130907525871869,5.130907525871869,5.0628404223201695,True,1.5132503378647857,0.3544932347307229,0.890389666103544,0.20028814842373485,67.0,14.0,1.1517501774420973,3.889950102426019,14.594382979833478,7.590386372006742,465.9050022518417,1704.708646403095,0.7781825840587622,0.8295608961695664
1219,1448,-5.0625,5.0625,5.0625,True,1.457973723484371,0.39191759398984594,0.8084833069843093,0.08209655332180858,66.0,21.0,1.8407553622921524,1.8438339573240696,18.654573861085176,8.97830380263351,312.9533718342021,1725.5759273543106,0.9412401728755767,0.5251500390603688
1220,1758,-5.0625,5.0625,5.0625,True,1.43450510821439,0.3378354452442677,0.8324838885926669,0.15158532144697956,69.0,16.0,4.422198069254524,2.2988870602650486,15.480482726082391,12.13273748489501,323.55074984575594,2500.2989363372317,0.9566023916148318,0.5557530136845019
1221,2495,-5.138584898560176,5.138584898560176,5.062372148460473,True,1.3628467752407145,0.3988793433661245,0.8212890134377947,0.22405629607516778,58.0,9.0,1.8509720778391658,2.5121000820610035,16.260419563131105,9.69824671470461,352.35325152911633,1096.876386727487,0.9422918627224757,0.8135198786895429
1222,2951,-5.1290533740548945,5.1290533740548945,5.062329127069466,True,1.4378622473259215,0.3926923242391914,0.6891317327601574,0.19079716381979644,49.0,16.0,1.299487615616511,3.9246053679418598,19.456702932853585,11.801326987893528,283.14429910440145,2280.1953303753376,0.8790306519611961,0.9775757363214244
1223,1274,-5.062189054726368,5.062189054726368,5.062189054726368,True,1.5026447190430534,0.37630674160374616,0.7962582765296229,0.2893633857147863,67.0,20.0,3.1442684487430292,1.8023420646427373,14.743106489157197,7.525005240747641,421.06827144016165,2009.2662975118415,0.8791309222670801,0.5089043036089012
1224,2364,-5.083569558186295,5.083569558186295,5.062154356757149,True,1.4811864901137781,0.34202254771822505,0.7387228422924088,0.18611745043173708,67.0,7.0,1.405455851397327,2.7123646280521654,20.525407163057917,12.6821293847769,271.5609470510116,2194.88167263799,0.8702085026882354,0.8319798652617367
1225,346,-5.062034739454094,5.062034739454094,5.062034739454094,True,1.3876496955375148,0.34728025363011134,0.7339222701224515,0.1514097549193064,66.0,22.0,1.296659495252644,2.0754077077696254,16.862267900425397,9.818115262829298,345.87491712898634,1640.2133819739418,0.8742635354493169,0.5806519658222405
1226,981,-5.063775510204081,5.063775510204081,5.061548901690125,True,1.3658575792239844,0.36683889930672553,0.6574292562913675,0.24031445270917717,65.0,20.0,1.8205458531093317,2.0667357906563435,11.228488108967252,8.578050675249928,413.42283734325514,1955.2883189282365,0.9567080216529369,0.6521127506429336
1227,1716,-5.100679715738493,5.100679715738493,5.0615058746715675,True,1.362794605723472,0.31123315490595943,0.8634791220395246,0.25207838299516583,65.0,9.0,1.1708227397413704,2.6663996176274107,14.119566797141033,9.59627781382334,373.09325124439664,1314.3665242816078,0.9451293361438187,0.9368657243599048
1228,1498,-5.1213896974488655,5.1213896974488655,5.061445347845813,True,1.3952425844200809,0.39521395370304413,0.8439240288612568,0.2456514748436824,74.0,9.0,1.3693171264425972,2.6780535598798068,13.671217861239437,7.380045720871209,410.85508522042466,2102.2160638695377,0.8811793777324425,0.9226602258822414
1229,1975,-5.126500244910202,5.126500244910202,5.061373843274783,True,1.3972683744607473,0.39357472116466774,0.738701049265699,0.2162088377214702,71.0,16.0,0.7135380193623471,4.34874176538828,19.966720576644644,14.450254363410552,257.00945971312854,1481.8973586364327,0.8656136181731555,0.9724480639227431
1230,457,-5.130746999781458,5.130746999781458,5.0611807604981855,True,1.503610365205444,0.3537535396049257,0.72617938730905,0.12720559192882142,76.0,15.0,0.8422557641656148,4.282584884570776,16.182592551353956,9.025798517636039,424.9583325431606,1873.6843215303857,0.7576919705748544,0.7120691093978878
1231,1388,-5.128011236969044,5.128011236969044,5.061099772940696,True,1.4742525933641826,0.3678732902708055,0.8583484278204614,0.23880186077739898,44.0,13.0,1.4643728917118826,3.0310532610481724,18.525123607660344,11.932154551060053,305.30811876127194,2094.1927072988606,0.936378044341514,0.8558476206096465
1232,2943,-5.142610723031769,5.142610723031769,5.061050598489543,True,1.347167184668502,0.3925481948876919,0.8565151954973842,0.19224175730760099,88.0,8.0,1.5323491953770167,2.5757027598180375,19.273284742818817,9.186969862897717,322.44467820884233,1590.8705850533433,0.9295137196036704,0.8438912425916665
1233,2503,-5.134535731712877,5.134535731712877,5.060876535102642,True,1.3850511667924852,0.3333340584756806,0.7629639002800985,0.1393319367730751,63.0,10.0,1.3293558583978824,2.1641651801497406,13.090505134312293,9.506802934167924,369.4378824135852,1456.1812354810797,0.9211948814058779,0.9485347800797559
1234,527,-5.103901204554253,5.103901204554253,5.060807777211188,True,1.429601013228536,0.36344103522502635,0.8336030544927804,0.27788964687752726,46.0,15.0,0.9813515457702509,2.9251942368572768,18.990027803597133,13.747995807758848,251.89561747571767,1835.591832278062,0.9589089790286681,0.9555473747319501
1235,1294,-5.124602714641128,5.124602714641128,5.060129077809453,True,1.4431761877110796,0.39896225800026386,0.897429437939477,0.15525912813361287,59.0,15.0,1.1277630516792418,3.9276794712079637,16.04217833462077,9.913230152818153,377.53678531000486,2904.2594290193183,0.8013945766492221,0.9646145657270794
1236,2555,-5.097615931147452,5.097615931147452,5.059911421344913,True,1.3458014627074069,0.35279179531784743,0.6718108640038344,0.17824894028734883,64.0,9.0,1.3590806016764319,1.8726371549984204,12.526290954681627,9.064330829360484,461.75900717103076,1782.2189050926047,0.8170085990641158,0.7210961330064648
1237,154,-5.059808612440191,5.059808612440191,5.059808612440191,True,1.4576685748367564,0.385611835237718,0.8474802429804416,0.15838632903991562,69.0,22.0,4.4148910024565415,3.7867603412419264,14.807205365395347,10.539190769812382,391.225942153802,1420.131305083146,0.9433483114232457,0.8475701943008489
1238,1513,-5.059808612440191,5.059808612440191,5.059808612440191,True,1.433923075687648,0.37350843223141394,0.8159105402730151,0.27124913285406393,69.0,22.0,1.6568678782621382,2.4470463105194926,15.35979876548468,8.255163943169356,397.2221884879431,1981.3772459578759,0.8317128654094041,0.5586901360055044
1239,2581,-5.059808612440191,5.059808612440191,5.059808612440191,True,1.504515945387646,0.3912057776211609,0.7560865712913362,0.23124017849955264,69.0,22.0,4.411351697006925,2.1921923678112285,10.802721463103246,7.948783442329033,461.25206010452166,1395.3871384312952,0.935980962889646,0.6543362091861713
1240,566,-5.05938242280285,5.05938242280285,5.05938242280285,True,1.2938489222510958,0.3836466504652911,0.8837694465850513,0.16244754102657724,69.0,23.0,4.365605980014871,3.0984279867034994,13.985161391540663,7.6626995779485405,449.40898614445695,2188.3425098835282,0.998161875291387,0.6733891589037949
1241,2002,-5.05938242280285,5.05938242280285,5.05938242280285,True,1.3359975631029746,0.3803433446794363,0.8597639189095985,0.18515963163278523,69.0,23.0,3.2006255478326477,2.7439118202314243,13.637242543141639,8.153819821031632,469.2437354332475,2192.7567592860883,0.956816992567616,0.6971546824208996
1242,2426,-5.05938242280285,5.05938242280285,5.05938242280285,True,1.4747485696652198,0.3488430233315166,0.8069300962193551,0.18517890447736848,72.0,18.0,1.9772360802675197,1.6684638455901717,18.938347440216535,13.547490700075507,258.3577897881443,1383.9702774352731,0.7961809145645551,0.6286411462201725
1243,2165,-5.107403176633205,5.107403176633205,5.059378681303025,True,1.501902803443811,0.36645730058140924,0.7516867717407093,0.17602846779194803,57.0,12.0,1.0562057341910884,2.610874985351133,17.930283015844086,9.794081773081691,362.3445732207181,1316.2890458829802,0.8591853586740901,0.8056401996674438
1244,1165,-5.059241706161138,5.059241706161138,5.059241706161138,True,1.4712775974717558,0.3993973704206155,0.7049070291443911,0.14575124682279098,71.0,20.0,2.8684852851848954,2.6101892453607083,14.943531779625017,7.2505996202864615,411.8949603117302,1452.6714528730704,0.9226698523878206,0.6458159193417976
1245,1642,-5.059241706161138,5.059241706161138,5.059241706161138,True,1.4250246833840743,0.34211555318756315,0.828493684792216,0.12851520635415442,71.0,20.0,4.343744500406748,1.9551408310799554,14.346026048118018,9.84956940990768,376.78550228014933,1948.2954974627585,0.9369774383187632,0.6265826607080532
1246,3042,-5.059241706161138,5.059241706161138,5.059241706161138,True,1.4396454433632664,0.39414759635728197,0.8490891607969767,0.08955719048187111,71.0,20.0,2.0536614902091674,3.8912700648149308,12.997020563311423,9.63030472279384,492.3524006769429,1258.633356214924,0.7689554322234605,0.5107668279875177
1247,529,-5.058962264150943,5.058962264150943,5.058962264150943,True,1.3990161645422883,0.3802137864382424,0.7526945076854406,0.20027117999919097,72.0,19.0,0.6472512623711331,2.1690406829746163,15.264024319611721,8.598537760455812,396.6846859971916,1788.7614074477028,0.8311403239491366,0.5476395221477399
1248,565,-5.124926068654608,5.124926068654608,5.058914187135776,True,1.1876957104024284,0.3836458265205518,0.8049414024930643,0.19038123351176664,81.0,11.0,0.5450819429652909,2.394566561255878,14.147303957239096,7.966248700971675,414.7168707542976,1377.319512797526,0.9420464198342251,0.9898829684052655
1249,195,-5.058548009367682,5.058548009367682,5.058548009367682,True,1.5093098806390293,0.39740964923049826,0.8241864845013995,0.15801376497220074,72.0,20.0,2.4628212034964,2.5235628099156653,13.879253354793708,7.086145551993649,444.9449727662377,2380.7493874735565,0.9316509660591865,0.6452662629808921
1250,761,-5.058548009367682,5.058548009367682,5.058548009367682,True,1.4031190468684411,0.39257934511662973,0.8737423490074101,0.2336103929015454,72.0,20.0,3.7758380201743864,2.0238393382882607,15.886750801803789,12.27666620872789,352.1330866224337,2755.8377643679323,0.7858047532311363,0.7473283569228077
1251,2496,-5.135443544650084,5.135443544650084,5.0584551481130955,True,1.5186026873356908,0.3770859943830188,0.7477042149791726,0.1479978545672832,48.0,14.0,1.4310108184997798,2.5973973800951877,18.03767303401155,9.499756552344952,348.0735086148365,1910.102199607178,0.8284924814633053,0.8543685289551634
1252,2718,-5.058411214953271,5.058411214953271,5.058411214953271,True,1.373690661828907,0.3998158946158651,0.7163687094563567,0.1641347838571404,74.0,17.0,4.328837466151563,3.859155377571658,22.00706133262156,13.360907267351969,337.8664299664828,1222.9166680928752,0.811855948800236,0.5933169775269942
1253,2761,-5.058411214953271,5.058411214953271,5.058411214953271,True,1.4813578054331096,0.3740829040168775,0.7405318197695747,0.25679432537014,74.0,17.0,2.3590502128774,2.9575965587728006,19.83544408955329,14.821249657864858,251.56049391639556,1646.3260434880963,0.9315568043039157,0.5972838934107558
1254,355,-5.117154980788088,5.117154980788088,5.058353212331466,True,1.4878021187078152,0.38420782910370477,0.8028312196359962,0.12650521116821983,55.0,11.0,1.9534839447012688,3.2813946729466785,18.129746965994403,9.429893563253692,364.29460282897185,2340.7665583819185,0.7334974071862461,0.8289900450317036
1255,159,-5.05787037037037,5.05787037037037,5.05787037037037,True,1.486502999315776,0.35244158402057374,0.7037415892652048,0.11790240685079845,73.0,20.0,2.251047912485501,3.1834835796152214,20.93927694574279,10.811403213789802,301.7584002335425,1540.2007490970036,0.9526667701581851,0.6525581691491656
1256,275,-5.05787037037037,5.05787037037037,5.05787037037037,True,1.462651748868424,0.3767894222680737,0.7668959243382811,0.2852905270992969,73.0,20.0,1.1161306332502499,2.9973180896113583,20.797741253776326,10.247493513984208,339.12135912327597,2074.770807113197,0.7598830089696427,0.5426457439725896
1257,300,-5.05787037037037,5.05787037037037,5.05787037037037,True,1.4802330757563391,0.36237239483988926,0.771536017902052,0.14243234406733807,73.0,20.0,1.4680614694744178,2.8154427727881557,14.218784665311095,9.137170867915065,344.37407261939774,2019.927282196593,0.976310607884215,0.5997255164301154
1258,775,-5.05787037037037,5.05787037037037,5.05787037037037,True,1.4287285380378214,0.38987283010811935,0.8242191373712376,0.23933755371036144,73.0,20.0,3.4225951452295584,4.236110604671977,12.056660275118688,9.59512747377585,405.5643976763182,2091.7895268968828,0.9962739962143753,0.8906972573707648
1259,148,-5.0577367205542725,5.0577367205542725,5.0577367205542725,True,1.498162054916114,0.3567293559943834,0.7783926968402458,0.23788089778508725,72.0,22.0,3.3456258041345164,3.6949621709096876,14.682935002191865,10.877608807787366,336.4958307256791,1610.2965248004075,0.943987008690939,0.7151824948260604
1260,827,-5.0577367205542725,5.0577367205542725,5.0577367205542725,True,1.4429983237678985,0.3875637525658491,0.7670521459651106,0.25781179722718933,72.0,22.0,1.2197614142023165,2.771566348116041,14.20902627483339,9.510713712426913,383.66692345443084,2045.2991816593549,0.9048215876930505,0.5620130277220956
1261,2900,-5.060532687651332,5.060532687651332,5.057697425945237,True,1.2702675666970564,0.3792176198819417,0.770134060790463,0.11866577358002181,68.0,22.0,4.239170500057425,3.317007952229373,13.931699452636078,9.662148503544978,388.45605965105256,1170.629631862903,0.8919972882150551,0.9715335692160588
1262,1606,-5.062972292191436,5.062972292191436,5.057683788363257,True,1.2797467348072136,0.35063109765096256,0.8367690031586508,0.15402451046836582,66.0,20.0,3.3749073111659795,3.7677367759508327,12.886066026999067,9.247992504484564,466.80098237337444,2128.5463960846137,0.9621256241963686,0.7299135564048208
1263,90,-5.057603686635945,5.057603686635945,5.057603686635945,True,1.4765509877553022,0.3788248789627576,0.7307921427707537,0.0812338402814142,74.0,19.0,1.5702984254528296,3.7865540154203003,16.016193793858783,10.656561302356465,327.1740585051598,2451.243342656804,0.9715105039386946,0.6363397250253181
1264,1238,-5.057603686635945,5.057603686635945,5.057603686635945,True,1.2805043428688223,0.3944076077109718,0.8932202351667548,0.2819156609527602,74.0,19.0,2.096206596987916,2.6244655730404065,14.04548977753895,8.183969580724952,428.9241814953092,1210.9739671318584,0.9009820755404748,0.5413183343935382
1265,1251,-5.057471264367816,5.057471264367816,5.057471264367816,True,1.41814416422416,0.38047672004983957,0.650583880317646,0.14659193455701314,73.0,21.0,2.772769692634734,3.47840844845778,17.027703637388477,8.759322952622036,360.9574385497124,1057.8580506305186,0.9693269253439649,0.588627952107503
1266,1879,-5.057471264367816,5.057471264367816,5.057471264367816,True,1.3866939887749798,0.39141549185666724,0.7719393187082146,0.16261327351641364,76.0,16.0,3.6264111226033244,3.0761811266357326,14.907358289092677,9.700201052269525,439.09139567980174,1933.1090508848079,0.8416817231393585,0.5658871290420827
1267,217,-5.1236131814070385,5.1236131814070385,5.057398753578806,True,1.4513750064045787,0.3881518339010595,0.6813288895158504,0.13079752600996586,62.0,10.0,1.0633235287954501,2.900072695895988,17.580398644377677,10.971743106562167,324.5167449783621,1837.3144842927081,0.9358502966654538,0.9161533688110517
1268,18,-5.057339449541285,5.057339449541285,5.057339449541285,True,1.478503997776658,0.37582851372495435,0.6689613471630427,0.2806118292372729,75.0,18.0,4.263320470949682,3.954767455734048,18.768091084277792,11.100062442945726,305.4763832778402,2089.452428261578,0.9397188572588651,0.6982867019031148
1269,752,-5.057339449541285,5.057339449541285,5.057339449541285,True,1.4886688084119248,0.3986597095800334,0.776520669482597,0.2589158735366783,72.0,23.0,3.0070484706453895,3.8094850465410075,16.780689311029295,8.109342045227411,363.2660547044046,1858.3263412393499,0.922181705463085,0.6970493017725298
1270,956,-5.057339449541285,5.057339449541285,5.057339449541285,True,1.317795606276541,0.3869177992566938,0.7705084403491274,0.18693790883542008,75.0,18.0,0.6325613575077398,3.479998752548946,21.67228465257685,11.115516705256557,344.25422431341804,1073.0559534053218,0.907746634671982,0.9924207880315792
1271,1487,-5.057339449541285,5.057339449541285,5.057339449541285,True,1.3890267630531936,0.3700732236376453,0.7731280605535883,0.18584699285541084,75.0,18.0,4.093610841338008,2.3123615474341284,18.95542349244746,9.027567828501422,330.1644398637269,2223.0913547291157,0.8923175008547872,0.7421270712523849
1272,2274,-5.0924618330172216,5.0924618330172216,5.057212717500747,True,1.4684706457047398,0.3799786366218654,0.8313446085473355,0.09294823113008684,71.0,10.0,1.34488539938194,4.099616140171689,16.83074345060624,9.43304651033385,368.3455433918243,1208.9762948898592,0.8842276627464871,0.758979877007626
1273,1601,-5.059665871121719,5.059665871121719,5.057186633663554,True,1.284947518664691,0.3784132479756584,0.7243239321434514,0.09449234338201949,71.0,19.0,2.9513787235368105,2.4375455000686728,19.459560467289215,11.315390534481514,340.750785542084,1420.4088652019013,0.7948914739997319,0.5448532402773805
1274,295,-5.056947608200455,5.056947608200455,5.056947608200455,True,1.4893351674399258,0.395456714634167,0.7095193655123939,0.14024125382606892,78.0,14.0,2.33455859692291,2.3433500756462635,15.478942013809593,8.936414549699197,375.51755658021693,1724.1195475576478,0.9829980497014965,0.611093803525298
1275,1224,-5.12203885168941,5.12203885168941,5.056939476381223,True,1.4704559395049477,0.3744713972570095,0.8130805642341081,0.24619653538459801,91.0,8.0,0.7620186264311093,2.8385192631333727,18.126667466043834,8.156498652737518,379.8330122712251,2489.526631858224,0.8518365263956655,0.7905525595602123
1276,220,-5.0995593602490885,5.0995593602490885,5.056936685412959,True,1.5120626023250907,0.39905214968197855,0.8274275794425819,0.08710441075325827,46.0,13.0,1.0842700332056228,4.096553890541004,17.189562922067182,9.81523743282635,409.90988163165423,2677.441531850779,0.9549405376010547,0.9172610864186843
1277,751,-5.115566478587235,5.115566478587235,5.056826447629032,True,1.4211614582110133,0.3685626918271844,0.8873648437827494,0.2649908107052965,58.0,15.0,1.2285491180158434,4.3713439114206984,18.131611638632783,12.831944959615988,278.26106592179434,1804.0132196123473,0.8610943335439577,0.9385982807300401
1278,2107,-5.056818181818182,5.056818181818182,5.056818181818182,True,1.4796674717764042,0.34622364609859624,0.8312923165077317,0.22198774453233625,74.0,21.0,1.1349427471982676,2.5598202395624345,17.169367058299034,10.767606965472613,299.205334166108,1126.6075656154776,0.8923098161659226,0.661523709054189
1279,2873,-5.056818181818182,5.056818181818182,5.056818181818182,True,1.2461912099831407,0.3724875695701979,0.8900041377094733,0.09574126272835203,74.0,21.0,4.564171179655471,3.982535473562133,19.539398090228236,11.810173115358081,366.2655617268472,1326.0868206354808,0.8528210389035659,0.7362315692939785
1280,1152,-5.062034739454094,5.062034739454094,5.056757469738867,True,1.501898497116625,0.3853142856222055,0.7793045605792771,0.19611443509925786,69.0,17.0,4.974162708976609,2.8741448822445985,15.724914369695783,7.674114952707152,441.6270111426361,1211.1503153158972,0.9616292200990194,0.7179608434764146
1281,963,-5.056306306306306,5.056306306306306,5.056306306306306,True,1.2893436131648044,0.38230341268581514,0.8146595514120312,0.15108177193363842,73.0,24.0,2.5962114272462835,3.0622043992056023,13.088500919269165,8.273117478699547,464.6556683529357,1879.7577653699389,0.9026744595800513,0.5612789397956011
1282,1044,-5.056179775280899,5.056179775280899,5.056179775280899,True,1.3868439276074458,0.3946304189078548,0.6930648899381929,0.21277702746937388,78.0,16.0,2.3788846572511826,3.242143953155826,17.937497225605846,8.917595749384459,391.9025088093547,2016.5056312138881,0.9212915079150552,0.5875008628351082
1283,1569,-5.056053811659193,5.056053811659193,5.056053811659193,True,1.417209835955269,0.39847196009771757,0.8702023723943652,0.138586287449183,74.0,23.0,3.5144426178090855,4.164906164086583,14.13428789057392,8.973932936491432,399.73214257302527,1255.0540887906188,0.979831531151043,0.6915016854746172
1284,1747,-5.056053811659193,5.056053811659193,5.056053811659193,True,1.5028753571813218,0.383746370686423,0.7080737501680514,0.16992717843073382,77.0,18.0,4.2724702940224235,3.093923202962897,15.065039840203532,10.381250215011006,395.1299737390093,2670.960830464449,0.8819934892823702,0.7877502836964142
1285,2050,-5.056053811659193,5.056053811659193,5.056053811659193,True,1.4716706229874141,0.36935234471214745,0.794778330171014,0.20367060500973716,77.0,18.0,4.195490458004298,1.068382710230339,15.904511469698022,12.699603164330993,254.8688948578316,1359.7144628908661,0.9309525771470386,0.5707404636172487
1286,2414,-5.05592841163311,5.05592841163311,5.05592841163311,True,1.4808942405894268,0.39979202088261867,0.8090877973534037,0.23373926464794997,76.0,20.0,1.801199483915565,4.258504208238969,16.271320122934227,9.42629154073277,396.279964232533,1063.463506124943,0.8988104392428695,0.5009612271956612
1287,732,-5.151561531830512,5.151561531830512,5.055920648137496,True,1.4357642630065195,0.39944132017677253,0.8243547747519138,0.2601025125656332,65.0,16.0,1.429218780324808,3.940987918879145,17.80408696919562,11.301353150156352,366.49549790492756,1872.676274334092,0.7329231412108126,0.6726287179665774
1288,339,-5.055803571428571,5.055803571428571,5.055803571428571,True,1.4191750552413427,0.30760524217754864,0.8032328002735162,0.14855255876250134,78.0,17.0,4.940830480982268,3.007634561897194,16.54582228841151,9.461725338818068,379.51397975131385,1863.088939234003,0.9990698995016267,0.6278125234093032
1289,2070,-5.055803571428571,5.055803571428571,5.055803571428571,True,1.3834676646247706,0.3789770729035811,0.8034235098859291,0.2662058456008858,78.0,17.0,1.376077953523014,2.299609669203572,16.031388143114125,7.936614410374009,438.0892222930322,1944.1627405218094,0.846855713239978,0.5721873602895288
1290,1479,-5.1129920040595405,5.1129920040595405,5.055777107362057,True,1.518958034747289,0.3824747918013407,0.8347335330511837,0.27475587886774794,57.0,14.0,0.7365068532573562,2.8422342889761487,17.595187930543858,9.499448479497694,354.1317976575045,2335.5248343437024,0.9645260079949725,0.8430848704345668
1291,789,-5.056947608200455,5.056947608200455,5.055682789441456,True,1.4134178166465259,0.35749796683070767,0.8374542893006034,0.262923687707988,75.0,19.0,3.7870654431636477,4.3804328973257824,12.90564622402593,10.082686429937118,374.3969368733895,2067.5082961195335,0.9861553829567813,0.7387738699535524
1292,249,-5.055679287305122,5.055679287305122,5.055679287305122,True,1.3000085798527405,0.3989190407615216,0.8230046249300621,0.1430355364385263,74.0,24.0,3.1628592765313903,3.5659305616944708,16.917367740023288,11.697040213819168,365.6880293200742,1736.3943910703524,0.8872149342064115,0.5977850429943221
1293,1082,-5.055679287305122,5.055679287305122,5.055679287305122,True,1.453781339392895,0.3702596716879374,0.8710712702977068,0.2079922709713042,80.0,14.0,4.122979681190344,2.80671767053681,11.851495584525303,8.002231787657934,488.94126026785176,1757.3642327470866,0.8554123522592859,0.8333527625848043
1294,1377,-5.055679287305122,5.055679287305122,5.055679287305122,True,1.4896617361423607,0.3888629553623002,0.7672993289046321,0.23810379215969996,74.0,24.0,2.1146774010456006,3.064237435761892,19.24312495277018,12.433838687580028,318.51738511986866,1342.5287234220445,0.848126879453352,0.5338467069738841
1295,2226,-5.055679287305122,5.055679287305122,5.055679287305122,True,1.17948535177764,0.38804349936793014,0.7639162667326477,0.2582495801951461,77.0,19.0,3.013428837217588,4.1108529898901605,15.892523543703831,10.324006619308893,432.9404251888872,1157.544695376147,0.9035695856190332,0.6018315123235396
1296,1826,-5.055555555555555,5.055555555555555,5.055555555555555,True,1.5072062229790906,0.37446949088326975,0.8416335086473267,0.2623496917169601,79.0,16.0,2.031096322408823,2.9129856040158906,17.124379512439543,9.897623018873958,381.0750735966566,1322.5172302955089,0.8927821684993276,0.5043039431216583
1297,2104,-5.055555555555555,5.055555555555555,5.055555555555555,True,1.5016475899918835,0.3611959296979294,0.6574988480179311,0.18267873110893812,76.0,21.0,4.4778050835256025,1.7971030736015954,15.874170435612896,8.75483953275009,381.14612072094604,1173.6876761312888,0.8864127960039413,0.5380174858089013
1298,627,-5.0553097345132745,5.0553097345132745,5.0553097345132745,True,1.520275700271629,0.3667007391166579,0.8704543832073878,0.21930916267389874,77.0,20.0,1.4625221973213482,3.0470435727740184,14.623919675831242,10.733261210277151,375.6139897182534,1911.605497400731,0.8694985866609883,0.5766494900600418
1299,2067,-5.0553097345132745,5.0553097345132745,5.0553097345132745,True,1.2771843456444816,0.38957934216148027,0.849924259212268,0.18472722804332253,77.0,20.0,3.85485630177448,3.054884617307225,20.355753119570913,10.849175591724425,334.08956494226186,1712.6083898349211,0.886878278216299,0.6562144992891272
1300,2106,-5.0553097345132745,5.0553097345132745,5.0553097345132745,True,1.5020774884752854,0.3510221504622627,0.7900891136756475,0.12351804966397163,80.0,15.0,4.119918686599098,2.728084484990139,11.687757609127477,9.105675217187256,417.75564137044097,1670.9384144313724,0.9394137903474937,0.7755100659567604
1301,319,-5.0550660792951545,5.0550660792951545,5.0550660792951545,True,1.35496338340825,0.3731067261626937,0.7059028808857803,0.1668832121660293,78.0,19.0,2.751539437315587,2.0952836495411074,17.04084906108169,10.492392062473296,292.08671001128073,1947.5831120928028,0.9342431719700041,0.6964377849472098
1302,637,-5.054945054945055,5.054945054945055,5.054945054945055,True,1.4338736854840106,0.3537578183604472,0.7734977495500458,0.1350081154634007,80.0,16.0,1.387171278461612,3.3057267573871303,13.22056868880712,8.584668384035187,435.162432707496,2102.263154323849,0.940950984613737,0.5449050196915901
1303,2012,-5.0548245614035086,5.0548245614035086,5.0548245614035086,True,1.3329003566177355,0.3616449128943107,0.8770516572136369,0.2578453652486866,79.0,18.0,4.393344035542624,1.7565914172393615,16.88507050313275,12.666430704444736,279.0397633367076,1766.6111578105952,0.9637328119552137,0.8929471640253119
1304,1825,-5.09005450382541,5.09005450382541,5.054799397829527,True,1.3531674110181795,0.3989855189513826,0.7896296386000912,0.22555358924071103,69.0,8.0,1.350178872954889,3.649403475130806,18.665041304193437,8.872228863396844,330.2055613806733,1098.0122889149798,0.9895499165487237,0.9918127795018685
1305,1849,-5.062034739454094,5.062034739454094,5.054784760955571,True,1.4721565990289418,0.3624412225839977,0.8441676560599677,0.08693580562264883,66.0,22.0,3.64100243137063,3.145025589058727,17.383841349927135,7.899498177143578,384.9421749519306,2523.169210458855,0.8878844385623871,0.5084727764717019
1306,682,-5.054704595185996,5.054704595185996,5.054704595185996,True,1.4393256646656363,0.3721802475841628,0.8854924956462717,0.19726735070413232,78.0,20.0,4.383973342339127,3.517977341168006,19.160854928038912,13.193211983258882,338.50079276808555,2552.566919475794,0.768267324687063,0.6543079615732323
1307,1255,-5.054704595185996,5.054704595185996,5.054704595185996,True,1.3784241712018008,0.3783098215207479,0.8379529342342744,0.29094326080438826,81.0,15.0,0.7762959027824801,1.8180626886383333,16.54055593462251,7.093259811652594,373.3998057431958,1670.349214062288,0.9490976561127696,0.5622812870512848
1308,1516,-5.054704595185996,5.054704595185996,5.054704595185996,True,1.484215686450862,0.37669672566840384,0.8847779890447246,0.26538524027731814,75.0,25.0,2.7677005655355704,4.158349349613319,11.824102449856618,7.503524604801124,492.5470889079185,1524.217664499878,0.9115965408306017,0.6213587945345371
1309,1578,-5.054704595185996,5.054704595185996,5.054704595185996,True,1.4786612866479047,0.3718694960676527,0.8284957111324736,0.08278773756778646,81.0,15.0,1.9150809936154496,1.942261480602325,14.771985399805995,11.634325189496158,315.8565288664374,1599.6843451257646,0.923560648396023,0.5207599023657268
1310,1861,-5.054704595185996,5.054704595185996,5.054704595185996,True,1.4856175511225158,0.3694932654034947,0.7221294202512735,0.2403392739710712,78.0,20.0,4.1788685282684215,3.632990712694752,14.817564489863404,10.393668405552145,338.46214123602135,2015.1267264061967,0.9125092778734786,0.7568909884903219
1311,162,-5.054585152838428,5.054585152838428,5.054585152838428,True,1.4224834716305166,0.3615375265436055,0.8692189751428284,0.23980505295761978,80.0,17.0,1.4917171590491136,2.2151905459063994,16.263358837002148,9.463661661269068,369.6643225848675,1826.4817756218422,0.8505827920588469,0.5726795049653499
1312,1107,-5.054585152838428,5.054585152838428,5.054585152838428,True,1.3244206177709676,0.39993266368303326,0.7637009950046176,0.19342609185333642,80.0,17.0,3.2764262427573256,2.521545637807075,15.212856167436343,7.835008103316888,392.6937537228333,1593.0354073719084,0.9779679587098891,0.5632144666436392
1313,1937,-5.054585152838428,5.054585152838428,5.054585152838428,True,1.465325001129511,0.3784136774109203,0.8115827538527707,0.14740317180823395,80.0,17.0,4.700572600477191,1.7684315575879608,15.0561425087305,10.059256745429456,364.1470372288242,2510.6169325500987,0.796382995604769,0.6560344911347193
1314,2498,-5.054585152838428,5.054585152838428,5.054585152838428,True,1.489514072445248,0.37646086454093347,0.870746532848907,0.26478840919200897,77.0,22.0,3.4446034152406266,3.8726136169812593,22.060726402953946,15.367019729669625,233.51821868172325,1698.8476852525914,0.9692222313313898,0.6269383140626928
1315,1890,-5.05446623093682,5.05446623093682,5.05446623093682,True,1.3378555399074639,0.36264681017975897,0.8151466987208945,0.11296090320213688,76.0,24.0,3.497940426551519,2.259329334649551,14.305257872550344,8.269784135942327,400.8167288754574,1871.315817371404,0.9715264928607731,0.7790040559541923
1316,1204,-5.110310342356204,5.110310342356204,5.054450226003599,True,1.486145179376595,0.3701465210692386,0.6840798773172043,0.26421084345007684,54.0,11.0,1.8574116986292557,2.817261040233326,20.072357658713152,11.148313841606061,261.968766593639,2240.455680825294,0.8426489092334055,0.9461728690807117
1317,1286,-5.054347826086957,5.054347826086957,5.054347826086957,True,1.3964010218899494,0.3667538863956499,0.7424051942662043,0.24903211307007878,81.0,16.0,3.0748191815915495,1.8663934511167986,12.787402257338918,10.13135738717927,388.51850127039086,1326.0308302914639,0.8396922519058749,0.773452629860677
1318,2731,-5.054347826086957,5.054347826086957,5.054347826086957,True,1.5141495141102195,0.3531435278983536,0.8244300868905374,0.16851286477465965,78.0,21.0,2.5729301568120393,3.669354244745255,23.28529718766332,17.156586242067895,233.62618582279003,1254.4803597541718,0.8937888404115955,0.7074364381428221
1319,201,-5.101545335075201,5.101545335075201,5.054240690007015,True,1.5147219064626425,0.39238736983860456,0.7201291196323812,0.15710885146255188,70.0,15.0,1.0645620635716577,2.951014682013634,17.686485965649865,10.080122984510517,321.2645637969564,1318.0023208777257,0.7290002835195579,0.8243678857021517
1320,2051,-5.0625,5.0625,5.054238178913646,True,1.390242724024147,0.35937676954204634,0.7548782042337219,0.1445548796900532,66.0,21.0,2.0110110330092557,2.7463443196783373,15.505874858608554,9.61776657553136,403.6234360569691,1243.0827102997482,0.8477818096578491,0.5645462904029308
1321,173,-5.156993641431607,5.156993641431607,5.054214416641601,True,1.4194922524630156,0.3810921757371508,0.8969672480307613,0.0935344365529135,95.0,13.0,1.1665333991450604,4.3627072170223595,14.927225443772713,11.934827752703587,391.2613815627992,1882.6613698287415,0.6275881625385913,0.7724646693421513
1322,953,-5.054112554112554,5.054112554112554,5.054112554112554,True,1.413331065001535,0.3802519009796063,0.8130931445095108,0.20097237173075974,79.0,20.0,1.1663997213901944,2.8502949116697103,17.63784801102387,10.238250741764045,343.9394545496566,1706.9079157404835,0.9014608033236211,0.603524857083316
1323,1952,-5.054112554112554,5.054112554112554,5.054112554112554,True,1.4169748069907508,0.392837558547295,0.8682894232850658,0.17698346462719186,79.0,20.0,2.193641234089159,1.8789622037110933,14.740189174680687,10.720437048142347,358.3874642394778,1402.4466702917525,0.9250383971643095,0.5961615913012144
1324,2389,-5.054112554112554,5.054112554112554,5.054112554112554,True,1.4452506166365624,0.398669618985909,0.8098256400361216,0.20434093351388438,82.0,15.0,1.606258672277116,2.4262384071331526,15.618748102011223,11.283334714180477,321.5772626677556,1794.5277810936614,0.9420242572652784,0.575776194651636
1325,190,-5.1043616384120565,5.1043616384120565,5.05402989123246,True,1.4226281039463669,0.3415537857067041,0.8722709099030062,0.24460780136159635,69.0,9.0,1.0063247091021075,4.410324372816492,18.708956250481823,9.708155299768839,398.541393507907,1561.004003238707,0.9716756986661143,0.8652336755017889
1326,1397,-5.053879310344827,5.053879310344827,5.053879310344827,True,1.3365358724755088,0.382975714846156,0.7129286954440126,0.22158514390559225,80.0,19.0,2.8554399838642848,2.8448995048968406,11.330757999556113,8.670461161816608,410.22517183909434,2166.874662716107,0.9456973545040464,0.8155669729967627
1327,1699,-5.053879310344827,5.053879310344827,5.053879310344827,True,1.489547016577828,0.3819701135864583,0.7628244569736485,0.0923349543877779,77.0,24.0,4.048072859092159,3.749073481467445,15.908202109068583,8.327861765049025,448.12914718358456,1526.8161013018894,0.840994702613058,0.5680056841410788
1328,2029,-5.053879310344827,5.053879310344827,5.053879310344827,True,1.3820925814060705,0.3905629783409288,0.8457075184818958,0.2918946238842428,80.0,19.0,4.628159832510398,3.141393014953137,18.529812785052926,10.500464876579196,356.10652458442536,1965.8928694606964,0.8088874270990201,0.5644041533772672
1329,993,-5.053763440860215,5.053763440860215,5.053763440860215,True,1.3352612146867804,0.3848054504356829,0.8983386863317477,0.23470533593874376,82.0,16.0,0.9429454012804048,2.3151070708405617,13.26617889767105,7.545451488119964,469.7725609764759,2570.509654239635,0.9612866004328375,0.5575474291134459
1330,1820,-5.053763440860215,5.053763440860215,5.053763440860215,True,1.3062633947537294,0.39628034870235845,0.8975085460476716,0.1967014158344422,82.0,16.0,4.65086627733855,2.4600097146442934,21.181221974875985,10.711613803463534,282.6280638489701,1831.493944981532,0.9719151872326777,0.670258835786014
1331,604,-5.147045891556739,5.147045891556739,5.053677493423436,True,1.5048489832217704,0.34156301484644225,0.7679643214615903,0.2383276717160484,73.0,9.0,1.2588060929314828,2.169147220541518,19.50456754715715,8.157209880598854,342.57177869852234,1846.7543350938474,0.9521745720285527,0.8009997338223045
1332,3026,-5.053648068669528,5.053648068669528,5.053648068669528,True,1.4558060422179473,0.3372647814852747,0.8310364573091827,0.2954222335423237,81.0,18.0,4.915964857675135,3.2439230794339453,14.845484614172841,10.979669537952118,392.654849613652,1627.497466744156,0.8388632035979993,0.6464248253032565
1333,2197,-5.053533190578158,5.053533190578158,5.053533190578158,True,1.3821297565652115,0.36990633773374704,0.8576197978879743,0.1502746495705295,83.0,15.0,3.6953601590475897,2.1800786770034604,20.6592050832424,13.882689524593058,247.85048685421367,1683.0422136927805,0.8510108875537465,0.6988829182548136
1334,1382,-5.053418803418803,5.053418803418803,5.053418803418803,True,1.4150832417932153,0.3456463636010626,0.878025174235586,0.2421955640568343,79.0,22.0,4.851757800285177,3.417795153125627,14.22030676828241,8.66975914458384,479.8279852395239,2223.832832104623,0.9396848820374939,0.5707244488819438
1335,1730,-5.053418803418803,5.053418803418803,5.053418803418803,True,1.5015887569987414,0.39345312803630905,0.8772360290064912,0.22915558752618964,79.0,22.0,3.5856026706593145,2.4746507541573,15.776785001125022,9.610250774958283,337.3200306981414,1092.8969934092731,0.9479974225452401,0.6813215610255463
1336,2022,-5.053418803418803,5.053418803418803,5.053418803418803,True,1.5213413370389457,0.38065620930605804,0.8814323342165487,0.13146731307752096,85.0,12.0,3.0523381413196624,1.7474516456262252,13.589220868968034,9.902829575875334,378.10246285451444,1461.349333163913,0.9513916218799985,0.6767358063666685
1337,2333,-5.053418803418803,5.053418803418803,5.053418803418803,True,1.4689306216593385,0.3305138187228156,0.79738450268816,0.29888176936606214,79.0,22.0,4.764627278255887,1.9994196481154645,14.404024934255578,10.829837762251357,362.47325996595936,1907.8468436953985,0.8898603488965713,0.5585359279329806
1338,2837,-5.053418803418803,5.053418803418803,5.053418803418803,True,1.4118539512107946,0.3897786377801171,0.7999526248774871,0.12536689738328893,79.0,22.0,3.750577513206,3.3792959665884874,13.387822048096982,10.11497682636874,335.63830319710365,2077.0009552967012,0.9420742337739001,0.9160800748867136
1339,934,-5.138535314057942,5.138535314057942,5.053352313614798,True,1.513952407766128,0.3819368485224847,0.881863349248997,0.2038670172323841,69.0,17.0,1.2368755805165625,4.478635184820336,14.348970270535684,8.986642340317239,340.93116913904026,2358.634105273124,0.8708094481780806,0.999089892406269
1340,186,-5.064432989690721,5.064432989690721,5.053205475664678,True,1.4994993963161893,0.32773607436151486,0.7099498181238102,0.24004296794928498,66.0,17.0,4.175292157852814,2.563196275171612,18.17677108466836,12.39696184386896,340.81734810281125,1855.3133424404873,0.797526715319285,0.6160371015295336
1341,1514,-5.053191489361702,5.053191489361702,5.053191489361702,True,1.4387189899940205,0.39534730865913353,0.8983472850932248,0.22709728442418517,80.0,21.0,4.678103732194411,3.47461022111971,16.45493807604998,10.019782152237779,340.9817324077196,2075.378721461861,0.9360213972154444,0.7066750485174189
1342,1915,-5.053078556263269,5.053078556263269,5.053078556263269,True,1.4671473676397127,0.39564244483558464,0.8467871793870745,0.13310585235877465,82.0,18.0,3.323358477966938,3.689820167929419,14.266494866504127,10.59682277882835,441.10091874691216,1869.2508158218816,0.8855260899586349,0.5429679350177651
1343,2130,-5.053078556263269,5.053078556263269,5.053078556263269,True,1.4874078038932437,0.37748041073991756,0.8708123000924346,0.19368385843622898,79.0,23.0,4.34748264592419,3.277424635091985,19.77736969152636,15.374181421326057,237.70951516185005,1220.3798601270619,0.8451711676747091,0.6551646220757708
1344,2705,-5.053078556263269,5.053078556263269,5.053078556263269,True,1.3828454067416023,0.35558251778051286,0.7364148634709266,0.1452538443806639,85.0,13.0,3.5276863128151565,1.3492216539717705,10.479778241061114,7.047749306086578,476.35178410116794,1561.8768653367465,0.9380152357710829,0.8567371610054757
1345,2730,-5.053078556263269,5.053078556263269,5.053078556263269,True,1.4454182123137562,0.3281552117489628,0.8736047221947314,0.18080683804213976,85.0,13.0,4.767416016625518,3.2754320330224895,14.12896316094509,9.526698246657617,497.94124410264,1132.3655649546863,0.8885144387776555,0.7605538407744739
1346,2915,-5.053078556263269,5.053078556263269,5.053078556263269,True,1.4823671460999157,0.39826884200498935,0.835399847481331,0.09659631998765948,82.0,18.0,3.9418754884813945,3.482084769707396,14.258247270856117,10.278937657212488,475.0286457099256,1117.1217695376827,0.7633286231451677,0.6060656671881197
1347,2996,-5.052966101694915,5.052966101694915,5.052966101694915,True,1.4856520865295537,0.3632096891886146,0.794090982812737,0.12299391941703142,81.0,20.0,3.346120353974363,2.307789508449827,13.597211351571222,8.088229472239615,434.001021813929,2290.0364769623384,0.8268091235499697,0.6413692256844359
1348,2285,-5.098124942989551,5.098124942989551,5.0528719154375805,True,1.4433424575329266,0.3822733062572955,0.711725955291578,0.13489070823693763,50.0,12.0,1.5302418670052078,3.4047454719300996,18.76389139024049,14.19811288830004,289.9458772328275,2816.6451094127833,0.8810521890525927,0.7621743448718425
1349,1147,-5.052854122621564,5.052854122621564,5.052854122621564,True,1.4980007959056563,0.387934541205613,0.7402928580172254,0.2796777912318714,83.0,17.0,4.982851623557508,2.74904695400802,14.507945216580985,8.158330308005029,416.86512355438515,1974.728286655921,0.9239882992066877,0.746344115047892
1350,1275,-5.052854122621564,5.052854122621564,5.052854122621564,True,1.3808776110480265,0.37835130544062573,0.8477073843933284,0.24300861958520215,83.0,17.0,4.743691861953581,4.403964996591241,15.322258003883867,10.049155384041136,445.6774311195028,1797.213341783841,0.8529509946468763,0.7009947643769565
1351,1670,-5.052854122621564,5.052854122621564,5.052854122621564,True,1.3367295231511755,0.39710881559238476,0.8218329061948835,0.22104752549786294,86.0,12.0,4.761235177387968,2.672377372580673,13.302514638684665,10.077820148640141,413.07996047336263,1668.8334469918573,0.9124232182316501,0.6612560210745453
1352,1724,-5.052854122621564,5.052854122621564,5.052854122621564,True,1.5088020548282406,0.34360810483260595,0.8091040298097368,0.249754422522068,80.0,22.0,3.683749321348032,2.7003141675931555,15.851710810970967,9.455808234811075,348.21346702515706,1001.3491241660582,0.900781469953778,0.5954827556228978
1353,1963,-5.052854122621564,5.052854122621564,5.052854122621564,True,1.4443072712397502,0.365220985344349,0.82044493672361,0.13493746608309387,83.0,17.0,4.497349181075402,2.3951999210368435,17.055030819079896,8.567985283219798,343.6627525230397,2536.6170734926936,0.928739661216422,0.6981714837874795
1354,683,-5.052742616033755,5.052742616033755,5.052742616033755,True,1.4878517811993628,0.371013663752999,0.8982031150704926,0.2943377132634215,82.0,19.0,1.4601239598059021,2.472487831122246,12.669539006728371,10.02355865103753,404.8345468018571,1423.9163128520352,0.8182868342407302,0.5368940711206569
1355,711,-5.052742616033755,5.052742616033755,5.052742616033755,True,1.4174395294216526,0.3898199146488649,0.8691550525364569,0.15392037689494903,79.0,24.0,2.3124650701563683,4.218823822547314,12.312437807145029,8.782595059765436,449.5813640493541,1853.0749610061323,0.8299774259468765,0.5187266377762092
1356,486,-5.059665871121719,5.059665871121719,5.052591062749722,True,1.4006019596285444,0.38798177296716485,0.7153022966759617,0.18193390124363193,71.0,19.0,1.086724293284537,4.0009259215864095,16.197730795899055,10.108033790664983,406.35290658015504,1760.997605313094,0.9616355818708182,0.5417791555370239
1357,1426,-5.052521008403361,5.052521008403361,5.052521008403361,True,1.39057365917732,0.3759296580398299,0.8481047391030632,0.21994270080390552,80.0,23.0,3.2918939193037633,2.7512807114198385,12.129652376173883,8.708614341857777,478.48181691535143,2692.778099130096,0.8983602778051332,0.7107037531035874
1358,1934,-5.052521008403361,5.052521008403361,5.052521008403361,True,1.3193411586405173,0.3872341615644778,0.8333426297297252,0.16307159008292996,83.0,18.0,2.7044094769997264,3.4404593284761287,12.894818950880985,9.353015770438954,402.96432435476993,1568.9754039688737,0.9783860053317177,0.652643773838698
1359,983,-5.109541247628977,5.109541247628977,5.052348429292057,True,1.4578845181366127,0.3846832502559674,0.7942989197411718,0.28173987003667006,72.0,6.0,1.614914992128008,4.109508812587339,15.396216941297848,10.168000402754785,360.08476391747683,2069.7106724256264,0.8790296711860566,0.9834729831018952
1360,509,-5.0765182328537914,5.0765182328537914,5.05222603014829,True,1.4610233320900328,0.3324901363159156,0.8920556439191956,0.14942624167839885,75.0,3.0,1.4662638400891366,4.137688900341724,15.050973830510122,10.364617576659231,439.44037280512447,1068.2437515617053,0.8628704028921839,0.9058623382838491
1361,2914,-5.052192066805846,5.052192066805846,5.052192066805846,True,1.5138600086931078,0.3792365309482008,0.8441961710754988,0.22590217880670135,86.0,14.0,3.18774997484878,1.9036069375862636,11.878488341894089,8.390391430347254,472.6612701048458,1629.610132765709,0.8068829876823458,0.6840472001080116
1362,2918,-5.052192066805846,5.052192066805846,5.052192066805846,True,1.4836399283044066,0.3914043541566614,0.8270459792745233,0.15328249309015501,86.0,14.0,4.466169420405298,3.168174080860536,15.820097599176853,8.040086131000825,409.3094537941151,1236.4328614963606,0.9747731417863977,0.6112708378542301
1363,569,-5.052083333333333,5.052083333333333,5.052083333333333,True,1.4701822592765432,0.3696191613875065,0.8765697149200005,0.20147914326644462,85.0,16.0,1.4605668687347166,3.673963806505893,13.475084938672772,9.437599639982169,408.2347293700891,2045.8984367796158,0.9257913864682661,0.5747547458466586
1364,600,-5.051975051975052,5.051975051975052,5.051975051975052,True,1.5228918900614055,0.3798397613216175,0.8957813900720835,0.1873018892654433,84.0,18.0,2.105553670938719,3.8140492790922313,15.825131374211104,9.517377298951907,430.175285770735,1682.9987031614905,0.8292466849179264,0.5170444106255434
1365,2612,-5.051975051975052,5.051975051975052,5.051975051975052,True,1.4807048091223418,0.38321764714351214,0.8612254583019872,0.10309877251442841,81.0,23.0,2.645956729086571,4.204570754104784,20.03161193746218,11.706079628729777,340.12303069856654,1858.7926527211325,0.8424549774223158,0.5333165289670876
1366,101,-5.051867219917012,5.051867219917012,5.051867219917012,True,1.5053752860270293,0.35652201174908815,0.7790492407345887,0.1220027323253453,80.0,25.0,3.1529813791768517,1.64358676500589,11.16744820959866,8.2474785002283,432.8821978147141,1956.5114758136501,0.9560509874602761,0.667255217791874
1367,485,-5.051867219917012,5.051867219917012,5.051867219917012,True,1.3964891385390943,0.39190887114766715,0.814294744476071,0.11448305271577697,83.0,20.0,3.5805193248155396,2.7463284732981186,15.562809359529087,11.806069187371545,287.00525948308484,1127.0376723046002,0.9111958464028156,0.8726886379744114
1368,2323,-5.051867219917012,5.051867219917012,5.051867219917012,True,1.490582942690239,0.3884246973045584,0.8705052193863551,0.16449675591006163,83.0,20.0,1.7845034591657445,3.520243185849619,14.403940818867286,9.473496204081119,347.4059718762359,2037.0437798772084,0.9456148520351277,0.6183574804603413
1369,2390,-5.051867219917012,5.051867219917012,5.051867219917012,True,1.4775355284592084,0.3324695861238375,0.7192632258171074,0.08304624108865759,83.0,20.0,4.099904366419845,1.4698385551369633,17.77995968444411,11.760958961709166,252.17032481225718,1443.9172715862132,0.9880557075971479,0.6868131498092349
1370,2825,-5.051867219917012,5.051867219917012,5.051867219917012,True,1.476099401099837,0.3637640970136341,0.8368034718027506,0.08256153635907838,80.0,25.0,0.8614818668808399,2.665416378290097,18.61510586134187,13.864142072567851,258.5019100641433,1379.1007376308607,0.8548446927072276,0.6272865014307962
1371,579,-5.05175983436853,5.05175983436853,5.05175983436853,True,1.41244078402585,0.3853185584322968,0.835684319455622,0.2817251811038272,82.0,22.0,2.0410195954017256,3.7222254509300843,14.83370751148339,9.633047941378784,383.3310337016652,2223.483051823137,0.8749087248871343,0.5467317434154169
1372,1592,-5.05175983436853,5.05175983436853,5.05175983436853,True,1.3742091878946598,0.3841449303106123,0.8448486310872163,0.20585322226754763,82.0,22.0,1.9459119023908713,4.263921472222172,15.196591842571529,10.996447798507411,312.4672435744073,1230.013244466179,0.9506009981687418,0.5642586543578778
1373,2256,-5.05175983436853,5.05175983436853,5.05175983436853,True,1.4551056935509092,0.37429964481890754,0.8117265532947573,0.08723158996901571,82.0,22.0,3.142134711562659,2.0176246443724493,10.918638468600271,7.5084752525184655,444.2884012881677,1594.6566785167195,0.9956493950624843,0.8440836204520197
1374,1522,-5.051652892561983,5.051652892561983,5.051652892561983,True,1.4150330136517493,0.37996676543966523,0.8449810101219937,0.168522222167234,87.0,14.0,1.802601475334483,2.177691834867183,15.083821415960106,7.895891334569724,404.2326347319132,2378.4370229386377,0.9941865034190818,0.5537065550047312
1375,770,-5.087095469083801,5.087095469083801,5.051641088304204,True,1.4320346980427103,0.3305576025694609,0.8783727757334191,0.20975914738672086,81.0,17.0,1.140060789274562,4.301736162044108,17.97216634009004,9.556274563845726,386.3896628781615,2207.8394504951866,0.7773422282990589,0.824022528034514
1376,2147,-5.051546391752577,5.051546391752577,5.051546391752577,True,1.515054151946997,0.3953084025768433,0.8060513845223983,0.10386910037528495,80.0,26.0,1.6721270975981697,2.8394844569654887,16.50510266304349,8.992808356221005,407.1001315978722,1674.1092927922325,0.8270348745473197,0.5102748682010569
1377,2695,-5.152566277140096,5.152566277140096,5.051478382999814,True,1.452111492054447,0.3495474778436416,0.6957196964187697,0.14699958137520727,78.0,14.0,0.6023931436897962,1.6510330999176257,17.408479189593393,8.37050230367692,377.3829643725218,2202.8940355982895,0.7790213315309532,0.7950965877739489
1378,1196,-5.141407338579139,5.141407338579139,5.051402615723855,True,1.5137079827455941,0.39299361331633625,0.8790718405456566,0.20950682026082473,78.0,12.0,1.3331224572700093,3.121527381338599,16.138623239727096,8.792255597383734,305.34924382136217,1804.3726043556771,0.8963602536106586,0.9369925405223984
1379,659,-5.0513347022587265,5.0513347022587265,5.0513347022587265,True,1.416222293056927,0.36064470115670966,0.7304613014138164,0.22570908841895332,81.0,25.0,3.5492076518088576,2.831166237852541,11.709967962460173,8.992587109110715,464.8123850394542,1416.1743609535865,0.8563738416846141,0.7633081887475781
1380,707,-5.0513347022587265,5.0513347022587265,5.0513347022587265,True,1.401922763949501,0.37975017951987666,0.8261502207464743,0.1730894077317829,84.0,20.0,1.034270649618902,3.0472008387470675,16.780489097286004,11.004867332649832,321.0496901393329,1394.1417457903233,0.8238825170319579,0.5510134923550813
1381,1994,-5.0513347022587265,5.0513347022587265,5.0513347022587265,True,1.4863974060158376,0.344665780285214,0.8859060356195917,0.19089650487981832,84.0,20.0,4.3137444655623955,3.562743833215122,12.397924224733176,9.278527784189256,424.90208458213004,1986.475834389656,0.9091116550556644,0.6051785715439374
1382,2075,-5.0513347022587265,5.0513347022587265,5.0513347022587265,True,1.4677393239997476,0.38620348447495073,0.8363731391708992,0.19065357549736237,81.0,25.0,1.4741731941806218,2.2941355789432256,15.249353668320298,9.421150756136994,378.17702136409423,1941.26914825586,0.823405434907365,0.5907744669236491
1383,1761,-5.067153595116339,5.067153595116339,5.051315024062957,True,1.4574473003414639,0.38365694939644435,0.7150359711034775,0.2406500539775787,55.0,15.0,0.6144336352663125,2.379508753128092,13.767201438013515,7.684309927243017,410.2805101600875,1322.806649810726,0.9915924516823991,0.7613846485368974
1384,955,-5.051229508196721,5.051229508196721,5.051229508196721,True,1.5031313892150011,0.3952880709885404,0.8917930916803982,0.15007445127154553,83.0,22.0,1.2373487259129874,2.2192413658169263,16.216261043885922,6.667231011726496,393.62681883064056,2372.713169920939,0.9635921875894111,0.712754515295108
1385,1551,-5.051229508196721,5.051229508196721,5.051229508196721,True,1.2952881913980314,0.39465257271556264,0.7996110139972756,0.1716613122822569,86.0,17.0,4.174923273898916,3.0566641981809672,12.039031610587212,6.3212796320033595,487.523369553917,2377.9309552975283,0.94520868150855,0.9226634573259824
1386,1891,-5.051229508196721,5.051229508196721,5.051229508196721,True,1.5073264430460824,0.3773746387444764,0.8562773446926508,0.10605457832693178,86.0,17.0,3.1301931242405843,1.2204224228383636,16.125501802220853,12.208758774573434,299.82447806993497,1009.8652417266625,0.8131714442144271,0.6708794716472497
1387,2014,-5.051229508196721,5.051229508196721,5.051229508196721,True,1.4123853130735684,0.39934799462988946,0.7962765645654175,0.1438292179948507,89.0,12.0,3.067684272811597,2.0479952202878113,13.891061851911019,10.436269106349286,375.5806829745758,1454.3281649577966,0.8738536206079612,0.5001813382216219
1388,1543,-5.059665871121719,5.059665871121719,5.051228964855497,True,1.4532632468220115,0.35589833275134036,0.7496353497293424,0.18656386087781915,71.0,19.0,4.278861556814741,4.022259601359664,16.481698480529346,9.679736378685433,427.6989988543896,2506.2289493993258,0.9425357642274559,0.6299465768542083
1389,2186,-5.066198246419217,5.066198246419217,5.051187103794837,True,1.431950923736084,0.39090333990675974,0.7776707865270871,0.12002337520459026,59.0,15.0,0.9131554570284324,2.6286116813793137,17.55534285604913,13.541601900629924,203.62848053677752,2061.994437940774,0.9714700545848556,0.976709426048881
1390,2906,-5.051124744376278,5.051124744376278,5.051124744376278,True,1.5121914933740022,0.3821580465992864,0.7695151890876203,0.16705589027109877,88.0,14.0,3.027950969031048,3.5637154468037906,14.012234811368579,10.873753449108614,375.8866874538211,1265.762868942371,0.9662812467082638,0.5454543614453686
1391,1802,-5.051116591811698,5.051116591811698,5.051116591811698,True,1.3990149337939624,0.35384293378708903,0.8668999585740929,0.2542970041346797,78.0,22.0,2.5717151401422473,3.557703312773784,15.6097251657084,9.874562619974501,337.4837930006895,1997.694046342843,0.9189938481791383,0.5360284211981636
1392,517,-5.051020408163265,5.051020408163265,5.051020408163265,True,1.3717815407062877,0.39503888530310804,0.8855826675076452,0.24780854945253541,87.0,16.0,3.3801412879203068,3.7405694184159484,13.810606124451898,9.06073897988367,480.9317127534263,2047.0901085495848,0.8106672224375782,0.5424427748192209
1393,522,-5.051020408163265,5.051020408163265,5.051020408163265,True,1.4298672789631501,0.3899419399445394,0.87954949407331,0.12286788248140945,84.0,21.0,3.4476839163858024,3.4900399531723343,14.26342925230997,6.749222002132972,496.0530677441368,1841.1377395349127,0.8038925979712521,0.5175694142482554
1394,1501,-5.051020408163265,5.051020408163265,5.051020408163265,True,1.41017131403247,0.3565733729386809,0.7542696945152227,0.26778791161022736,87.0,16.0,1.5019222796470115,1.7653705363560717,14.01935082286342,8.370847416788429,410.5826119906291,1641.5429285787654,0.9068253980272918,0.5575100731632447
1395,1965,-5.051546391752577,5.051546391752577,5.050957300794156,True,1.4082312510403878,0.36670884105014473,0.8475492591767624,0.29521530844446525,86.0,16.0,4.331714609656032,3.077234331441134,16.363496756836867,8.596470021117582,422.16166301900364,1295.1332875942066,0.7661881174447747,0.5841528518524027
1396,1069,-5.05091649694501,5.05091649694501,5.05091649694501,True,1.45183880371232,0.3785521389727048,0.7902015627897809,0.24031283071243614,83.0,23.0,1.6876568978499202,3.0128691874904487,17.553025404574544,7.087349047191301,378.8599045770792,1255.9783457514006,0.9642646560650485,0.6436460373180628
1397,122,-5.08800707341619,5.08800707341619,5.05087120286035,True,1.4313259233039033,0.3934288088647644,0.7720365978521392,0.15034120712628482,71.0,9.0,1.50271507748127,3.7797442080561257,15.347415272405769,10.722391793626024,376.63338765461305,2059.8020115199274,0.988225646658345,0.9622971075961589
1398,451,-5.0507099391480725,5.0507099391480725,5.0507099391480725,True,1.4716169459422614,0.38780681219980623,0.7701506972665539,0.17759015523638413,84.0,22.0,1.6097406308011448,3.0435468193077515,18.99359621419871,8.959581595435262,358.18512753799575,2698.159047136494,0.979640797956479,0.5075019676653116
1399,460,-5.111577736334022,5.111577736334022,5.050623053069241,True,1.5218769507591154,0.3156649325312425,0.7940304486156815,0.17927897430655124,57.0,16.0,0.6149826877825748,3.4175514688940547,13.975835606932879,9.761725548246408,409.4878738012246,1744.406198907246,0.9088864525728361,0.8150010438266686
1400,620,-5.050607287449393,5.050607287449393,5.050607287449393,True,1.4619207019895457,0.3627413518046038,0.8699113607013764,0.11417031873738098,86.0,19.0,3.872030144538382,3.502592782670434,18.379728974143358,8.20340945954851,427.46532042748765,2460.7914921970632,0.8842433348468748,0.595720013395238
1401,224,-5.05050505050505,5.05050505050505,5.05050505050505,True,1.5167298670683753,0.3804108699833493,0.805278270498907,0.13665939756600037,91.0,11.0,0.9275918642588632,2.1113827987023592,15.590014203769947,9.799802222531456,326.4662254709458,1743.0162821184724,0.9934170298967042,0.6925553132666525
1402,1401,-5.05050505050505,5.05050505050505,5.05050505050505,True,1.4758429607586876,0.3991499507658355,0.766837083121169,0.2859981378001403,82.0,26.0,2.665733965324767,1.6665959731895648,12.036058618687093,8.290962593098191,412.9186540545261,1948.156554179554,0.9967564113073795,0.5907707698433724
1403,2370,-5.05050505050505,5.05050505050505,5.05050505050505,True,1.5055403818076925,0.3855909701009758,0.8349831950134168,0.25348825093233684,85.0,21.0,0.9659954571500871,3.1218325483740346,20.438185607868295,11.83522972484395,310.3414280050102,1741.8376250266424,0.7882371310318577,0.5990188291779821
1404,114,-5.0548245614035086,5.0548245614035086,5.05036270877539,True,1.4361136181350602,0.35461854832237205,0.8713978843806938,0.14735368607057192,79.0,18.0,4.357377840302895,3.0863680846456507,19.60647837000063,10.731611107759951,283.5385720944246,1487.358078665974,0.940624778349498,0.5235871560907099
1405,79,-5.050301810865191,5.050301810865191,5.050301810865191,True,1.4731022334976758,0.3970497108532976,0.8344876833551498,0.2398769275844097,86.0,20.0,4.23870816687122,2.0134834804544415,13.431738972000304,7.547678306081142,407.26323553382224,2398.956527541265,0.952109971388632,0.7689206498245234
1406,1544,-5.050301810865191,5.050301810865191,5.050301810865191,True,1.3825816674460356,0.34283237003085465,0.8719393796301742,0.18014802733627197,89.0,15.0,4.99344140453867,2.3762568536281297,19.895675868583233,15.213877230113582,258.7551207818452,1310.3388013029253,0.8404167635276778,0.5655591951056156
1407,338,-5.050200803212851,5.050200803212851,5.050200803212851,True,1.5053757367011202,0.37314499218635755,0.8582584965481155,0.2935134863650337,85.0,22.0,3.9072413913913455,3.388725836612196,18.327308323551545,11.664096541553368,324.6777181768112,1653.6302684316947,0.7402682519300492,0.6630812105383804
1408,873,-5.050200803212851,5.050200803212851,5.050200803212851,True,1.4702768059368176,0.38006170661329003,0.797875841791649,0.2286601309173833,88.0,17.0,4.308746173372531,4.111756698407041,17.153216737935043,11.90559814555917,347.17901309247793,2569.32778345025,0.8881233336588342,0.5469433328263242
1409,83,-5.050100200400801,5.050100200400801,5.050100200400801,True,1.4947417851360705,0.37103133766715934,0.8520134105283839,0.15121321932001738,87.0,19.0,3.6980126639445547,4.48031946322542,16.76384043488648,10.040018613598633,425.67921475606653,2863.186877293602,0.8744373432144421,0.6410746768437294
1410,2338,-5.050100200400801,5.050100200400801,5.050100200400801,True,1.453003767492645,0.3053330626380396,0.8918319556599945,0.2892472313278232,93.0,9.0,1.2632209008583195,2.3028719780656415,17.69882874390259,13.81698059279254,293.66890804411963,1445.4191907048307,0.8815750355184884,0.545350698727171
1411,2690,-5.050100200400801,5.050100200400801,5.050100200400801,True,1.4676208287380688,0.24318271391078924,0.863932093843286,0.0935792716844934,90.0,14.0,3.9500976058027804,3.258470831416384,19.889131402297277,12.560422279794253,369.78738280856123,1031.7356259648827,0.8165832164705044,0.5646045406280515
1412,444,-5.05,5.05,5.05,True,1.4853135013963374,0.39290151291445624,0.8143649627527254,0.19147014453097244,89.0,16.0,1.9895089469722709,2.373859754666937,15.200098661673792,8.78178172107102,392.3752276104922,1656.9186786079679,0.972909026105961,0.5819349080832212
1413,1859,-5.05,5.05,5.05,True,1.4089943102705982,0.376357738243306,0.8141387841615693,0.09251770608868465,86.0,21.0,2.347522024399246,3.566629577315252,17.243975430425195,7.802316781071156,374.2954736940305,1169.2723619280414,0.9450693839429105,0.7115621814370241
1414,655,-5.0962446553789365,5.0962446553789365,5.049989453258734,True,1.4912291015473025,0.3628080296445632,0.7107578511718433,0.1734455464106848,78.0,7.0,1.0631232720830255,3.7708123507651443,16.25013488865305,12.17938939775518,318.8881221130803,1770.7569974019555,0.8987908509509241,0.8811235796284878
1415,2658,-5.049900199600798,5.049900199600798,5.049900199600798,True,1.4414744139775377,0.3646107189867926,0.8492673200697661,0.13511566137620243,88.0,18.0,1.1512317061329096,1.7280312804367561,19.98846249496291,14.704212246709146,213.20811958636938,1274.479804990513,0.955913459708392,0.629176600280984
1416,2821,-5.049900199600798,5.049900199600798,5.049900199600798,True,1.4954478014116,0.3977450439858403,0.8955429454681945,0.15326453159178893,88.0,18.0,3.0274098910083094,2.6851396149856024,17.732985690602032,9.165602971727864,323.62697602382656,1576.2762262933607,0.9376125175318621,0.6871171985277258
1417,2010,-5.0498007968127485,5.0498007968127485,5.0498007968127485,True,1.2827590911609859,0.3703609602384492,0.8231893023160854,0.16099638551509643,87.0,20.0,4.8935212994692865,3.702706460599873,15.204165298512402,8.334778449855394,472.6139493372673,1643.0359709474742,0.9084785490655546,0.6629211844794546
1418,2577,-5.0498007968127485,5.0498007968127485,5.0498007968127485,True,1.2855272576578523,0.3678855698256336,0.8141601144470385,0.18103234139183183,90.0,15.0,3.597806630070832,4.112678909758637,18.4460742630726,14.592205000904706,350.2275658620744,1134.6484665669452,0.750551533943058,0.6464222285808469
1419,2802,-5.0498007968127485,5.0498007968127485,5.0498007968127485,True,1.3575296730274022,0.3915025147691361,0.7892009926861816,0.11601729649057713,90.0,15.0,3.2386121549304017,2.8667657647797395,11.271716986417122,8.233545683336873,408.36844461595933,2919.5764412743274,0.9837894226502393,0.8633770437467597
1420,2970,-5.0498007968127485,5.0498007968127485,5.0498007968127485,True,1.4880196185240955,0.36349147493056444,0.8234738546256033,0.16508092937678365,87.0,20.0,2.347083608147803,4.000574272994276,14.904477604952096,7.457666872603983,451.12694400489016,1452.3119037110127,0.8281100303491523,0.5431648906998371
1421,3005,-5.0498007968127485,5.0498007968127485,5.0498007968127485,True,1.4053937103409113,0.3726819317790356,0.7819281248483809,0.17954736475451075,90.0,15.0,2.831560188471968,2.058909827737139,22.067140262530692,12.846083459853439,308.6184146044006,1283.862980711896,0.7275249962363017,0.52694314277808
1422,15,-5.049701789264414,5.049701789264414,5.049701789264414,True,1.452948735985494,0.3304154258019416,0.8194176193014511,0.25913697400411606,86.0,22.0,4.304724295091056,1.850076929238007,15.030918428719888,11.976047867810424,310.2705699074344,1930.3852051290105,0.9784578207741476,0.7300466044017345
1423,868,-5.049701789264414,5.049701789264414,5.049701789264414,True,1.4844837516259086,0.38203534756172924,0.879312276226365,0.28045585390381195,89.0,17.0,3.985955288284753,3.5035966112601917,12.593563000330803,7.935565336130056,459.5381044233252,1923.622358715957,0.8054554384817549,0.7258300043232687
1424,1948,-5.049701789264414,5.049701789264414,5.049701789264414,True,1.4820943580433341,0.37687384528993856,0.8162356325875987,0.12682825476829823,89.0,17.0,3.9877226459312807,3.4916535086664053,15.338017683640784,11.591518104534387,264.73068337131883,1371.9237737306053,0.9692273037173254,0.7623581193475186
1425,684,-5.049603174603175,5.049603174603175,5.049603174603175,True,1.4664765556515953,0.3952162590298911,0.7949002383394045,0.24850298740470148,88.0,19.0,2.317925029559961,3.461643612510468,15.87518715084136,8.282659460552637,399.5522924986335,1736.2984646768753,0.9048313015000266,0.6040960668471276
1426,865,-5.049603174603175,5.049603174603175,5.049603174603175,True,1.4401811942657303,0.3473829326753246,0.8059016867862188,0.15416780666675026,88.0,19.0,1.3061543080057576,3.545908862664801,12.11703246070467,8.178045198675406,427.0780894848651,2244.9111261911617,0.9048881549220987,0.608353117795362
1427,2923,-5.049603174603175,5.049603174603175,5.049603174603175,True,1.5046368466041553,0.3069489402105248,0.8266550585816402,0.2632149533871267,88.0,19.0,4.892020997958537,4.4758677105458835,14.254997516477696,11.163077649096731,368.5659972529489,1330.553197442794,0.9064538139473912,0.5535945680715134
1428,922,-5.0495049504950495,5.0495049504950495,5.0495049504950495,True,1.516042130388921,0.3990790521678763,0.8485459224381329,0.2774586081904897,87.0,21.0,2.2082979782606937,2.2971688131712824,11.252688073026459,8.06825492444042,446.0990366626059,1644.0068826163724,0.8584177014919068,0.5659040271470139
1429,1947,-5.0495049504950495,5.0495049504950495,5.0495049504950495,True,1.492776014287625,0.39721830906093686,0.822055921194443,0.08810404339201786,87.0,21.0,2.140734673542716,3.478812176046164,16.356059303395625,8.703530716217799,379.8755288000374,1563.2303140405634,0.983306770673762,0.5222750083683132
1430,1494,-5.049459708426587,5.049459708426587,5.049459708426587,True,1.1992309193894664,0.36484423111426006,0.810343937753032,0.23186746476872305,87.0,17.0,4.995689381933966,3.157013217918575,15.44122970105115,6.781735820355939,488.89969354786524,1193.4838544703339,0.9486301018946672,0.8180047987460337
1431,1369,-5.049407114624506,5.049407114624506,5.049407114624506,True,1.314045440554164,0.39422845308426696,0.800758327238658,0.18406368975106063,89.0,18.0,1.931357330419906,3.1846958917492403,14.188680305391824,10.387714247077824,391.66687199312827,1211.0839499283766,0.9208523692796025,0.5688725700648458
1432,1378,-5.049407114624506,5.049407114624506,5.049407114624506,True,1.42006998465446,0.3811336162482635,0.863538114798738,0.2484252397805167,89.0,18.0,1.7008433068009512,2.7087460295697587,18.787313632511808,7.708899856451262,381.4079566443179,1869.0915826796952,0.865925112547804,0.6020056005104075
1433,1788,-5.049407114624506,5.049407114624506,5.049407114624506,True,1.4828891993155777,0.3569730922015113,0.7928166522779401,0.1688908261635934,89.0,18.0,0.9954696659154512,3.0804024322998167,16.32228256826241,9.973727474294641,407.14287475545416,1315.411789949435,0.8639256810436466,0.5546485631042746
1434,2154,-5.049407114624506,5.049407114624506,5.049407114624506,True,1.4279082404802539,0.36526750359401805,0.7869699391329377,0.0810222587052189,89.0,18.0,4.425357379950583,3.2279415824474684,18.69857397651036,14.412477493661044,214.05396758535883,1262.0932978895848,0.9869337760241175,0.6924154969441946
1435,2807,-5.143224593755743,5.143224593755743,5.049342387995646,True,1.4752922274312867,0.39476142181078694,0.7354565861065858,0.08768980186899758,72.0,12.0,1.3010414358908269,3.861264949014001,15.495259878050353,11.022012526299942,373.2722427999349,1980.554247230151,0.7633156032762431,0.6991735774257501
1436,2024,-5.04930966469428,5.04930966469428,5.04930966469428,True,1.294865934751516,0.36072576166616527,0.7909705895009613,0.1887612406856312,88.0,20.0,2.3620677433322865,2.8251069540902356,13.66707565119799,10.355574936487077,375.65157499198784,1312.7196043049416,0.9230450590680377,0.5902594350859852
1437,2347,-5.04930966469428,5.04930966469428,5.04930966469428,True,1.3983605691072007,0.39398271192275713,0.8218760138753082,0.26351236835440695,88.0,20.0,1.5206044632091331,4.315851920202919,20.527808662382625,14.784917961091939,251.82461018055432,1670.6881227039366,0.803709510281166,0.6189851207785457
1438,2649,-5.04930966469428,5.04930966469428,5.04930966469428,True,1.426971063818306,0.37233445611040694,0.7678553857752287,0.16019006044502584,88.0,20.0,4.4187054229771725,3.8173917304971976,19.050116562073296,8.359584441945838,376.855436127673,1514.039767577,0.8525094246644018,0.6544263899169296
1439,700,-5.049212598425196,5.049212598425196,5.049212598425196,True,1.4206270144494588,0.3809630266234309,0.8661303112699512,0.19263013195850442,90.0,17.0,3.0899881164235334,2.6611996787926127,19.43019981826252,13.873395564133048,228.32383184586274,2223.294107353885,0.9058999226327038,0.5465969472961906
1440,1810,-5.049212598425196,5.049212598425196,5.049212598425196,True,1.4411543100878612,0.3453869622907069,0.8223706809691692,0.14349822203767437,90.0,17.0,2.269960882073056,3.05740562710316,13.80550855994542,10.068535862047694,327.7813336935445,1407.4562374795794,0.9768106167711201,0.7282102581309706
1441,2188,-5.049115913555992,5.049115913555992,5.049115913555992,True,1.4200473239719098,0.3416283055783117,0.8698965241599943,0.18127223127771905,92.0,14.0,1.3208430007981116,1.8571434502429391,13.622428884213988,10.062590977748815,356.22186648332996,1244.2719464375868,0.9778728871494773,0.5268270092135909
1442,1067,-5.048923679060666,5.048923679060666,5.048923679060666,True,1.4835749584563562,0.37636013558126186,0.8452410568058885,0.12889793836040342,87.0,23.0,3.8922133481645615,2.447146862330912,13.291906368199584,7.372830740998652,451.4479334914427,1576.004856799574,0.9569881121141472,0.5250397761506167
1443,2284,-5.048923679060666,5.048923679060666,5.048923679060666,True,1.3641822875294833,0.3940636096418724,0.8565937973201987,0.14599419275408726,93.0,13.0,1.4733332280285478,1.6322359222107001,19.054408575392742,13.78114181352818,244.41902212773073,2619.4934440281586,0.8986927872480173,0.5390376549779399
1444,53,-5.048828125,5.048828125,5.048828125,True,1.4603553539456986,0.3784346876771641,0.747540988357015,0.12207706906168216,89.0,20.0,1.7014247297120193,2.6265317958688783,18.366325775267512,7.673182662856873,346.1803026724364,1734.245407363848,0.989414227781541,0.5827684314495416
1445,143,-5.109650348151691,5.109650348151691,5.048754448724818,True,1.5225305841525758,0.3810622775010969,0.8195582094923969,0.11210763480461496,60.0,17.0,1.2871016767630747,3.3742692079408747,19.085812100338806,11.67089225639231,347.9528018390257,1194.043459238642,0.6063942860859104,0.8053325461111294
1446,503,-5.04863813229572,5.04863813229572,5.04863813229572,True,1.4313454428110726,0.39952142238809263,0.7693000940340313,0.2356363834881155,90.0,19.0,4.705611856231625,3.126377765844048,19.119243165083343,10.467624553704832,326.7358593516898,2284.633750322456,0.9605935131357061,0.8093340451840281
1447,1938,-5.04863813229572,5.04863813229572,5.04863813229572,True,1.4902172865208427,0.386744772537271,0.8613493195000901,0.09467333834439348,90.0,19.0,2.4312855942653373,3.6124338942019483,15.576072739759892,8.6002518298642,352.1018480910133,1448.2007786790955,0.9939895867025408,0.6079606850481136
1448,2777,-5.04863813229572,5.04863813229572,5.04863813229572,True,1.4427324684627765,0.35132150683997165,0.8514220441941659,0.13137076142663684,93.0,14.0,4.659774955871841,3.185188681485429,14.249465564677237,9.874887691523366,436.6609568993639,1634.3001742231747,0.9002400165608491,0.8248294335589677
1449,2804,-5.04863813229572,5.04863813229572,5.04863813229572,True,1.4180751485200254,0.38981633196881293,0.8272343043805572,0.11677393762404861,87.0,24.0,1.2483511664432523,3.721476653147674,24.777150603932,12.32078774217562,307.22124864401195,1259.136646622258,0.9191515041325785,0.5597221502102911
1450,2895,-5.04863813229572,5.04863813229572,5.04863813229572,True,1.3923208406915766,0.39663448555675784,0.768015773171181,0.23030997898767375,87.0,24.0,3.5116871433334564,3.962670910424513,14.49115639570601,10.473552187841278,396.7166174695395,1050.4955407825487,0.8321828913454669,0.7212631216707843
1451,633,-5.05050505050505,5.05050505050505,5.048580781412739,True,1.4863705948613815,0.388431612175611,0.8490548756064898,0.20120820721054122,88.0,16.0,1.4293496579300853,3.3523734753968286,18.632990127210004,11.689559181511108,306.1833914226695,1829.7603928241706,0.8142126042865179,0.5338785012458507
1452,1959,-5.048543689320388,5.048543689320388,5.048543689320388,True,1.323212938619929,0.321455237829897,0.7875444503100187,0.24471427038772825,95.0,11.0,3.348611673916667,2.408592614881869,15.451611108276126,11.33719428027609,339.93973407514403,1048.5279248438549,0.9732939732189645,0.6415950982251815
1453,63,-5.067198285244926,5.067198285244926,5.048405999518886,True,1.501148270930236,0.3779275735171624,0.821815979934148,0.21784263134509668,75.0,7.0,0.6957261335557368,3.6219335205035907,14.031692280545924,9.413035403994082,471.4741852266733,1019.2373911152042,0.8664604817461283,0.9388102668708219
1454,2065,-5.1058000197806805,5.1058000197806805,5.048380367785324,True,1.4461218758136218,0.374295311921937,0.8779479103427776,0.23957889883966368,62.0,15.0,1.5425474216794304,4.173666962811605,17.813531016607868,12.646208127779769,275.0626281337279,1606.3541906878559,0.8784662326497251,0.8991781940673528
1455,123,-5.048355899419729,5.048355899419729,5.048355899419729,True,1.4755891041621134,0.361994602815827,0.7818553736258544,0.24171062075996208,87.0,25.0,3.7127013622265266,2.376439519638766,14.550555434286327,11.611999861863493,324.4191639815675,1397.7490487100931,0.9828082339092414,0.5428034074488935
1456,2748,-5.0482625482625485,5.0482625482625485,5.0482625482625485,True,1.4739440029845239,0.31826737673714106,0.8378183137832225,0.19519651167523022,92.0,17.0,3.599617098761736,2.4937414177994013,16.629690690818375,11.56452791156613,317.46085614031296,1326.775400666138,0.9492323959304416,0.7361619248930424
1457,3002,-5.0482625482625485,5.0482625482625485,5.0482625482625485,True,1.4526081752070303,0.3129663356777921,0.8071342791973151,0.08961254203653049,95.0,12.0,3.835304029774338,3.997521941148639,12.976330654211631,9.395320692556997,446.31193609063064,1070.2811785772822,0.8559503527877947,0.7259825370717649
1458,1240,-5.048169556840077,5.048169556840077,5.048169556840077,True,1.4767980190503756,0.3818895370244624,0.8319290600628804,0.21718622578712676,91.0,19.0,4.411853046060166,3.8550932039106933,13.335787349003354,8.426550737932809,391.8144965331641,1863.651172729963,0.9707515717340438,0.869219268434881
1459,1143,-5.047984644913628,5.047984644913628,5.047984644913628,True,1.331363582659467,0.3575650815015487,0.8135497695045868,0.2828965726634179,95.0,13.0,0.5222280066999248,2.6884041942478656,16.966327923153745,6.922875822826003,494.09996396270674,1386.4418296323524,0.8231392679207097,0.5155032220838445
1460,1287,-5.047892720306513,5.047892720306513,5.047892720306513,True,1.2956894055983936,0.3937476620866707,0.8238238791050995,0.238107405159326,88.0,25.0,4.228870905177962,2.283090641073956,12.568857612267292,9.09143689087523,463.8099991891382,2576.5817889488026,0.8716653908139602,0.96405214784106
1461,2738,-5.047892720306513,5.047892720306513,5.047892720306513,True,1.4515448786473597,0.3996789564461757,0.7166466198186487,0.17452533827742522,88.0,25.0,2.801846344718288,1.7685617046931825,18.326693025878164,10.980862893286828,284.18062656349804,2055.5370075733063,0.8986647459586246,0.7077837076511233
1462,3029,-5.057603686635945,5.057603686635945,5.047803359095402,True,1.497889081417237,0.37902270236241364,0.6744172806739868,0.22192650381473078,74.0,19.0,3.6967159004449694,4.396209479264186,13.112897834143736,8.430731486819878,490.0449548672449,1941.6586959248932,0.9281757812731357,0.7234390754193658
1463,1668,-5.047801147227533,5.047801147227533,5.047801147227533,True,1.4293294438559805,0.3962328197272862,0.8806146602842175,0.12924670575381342,90.0,22.0,3.7508560288985673,4.282753426729334,15.683318497969227,8.455608564798384,399.09971032194625,1488.0171797946732,0.9891251938954857,0.5978628385061915
1464,1946,-5.047709923664122,5.047709923664122,5.047709923664122,True,1.477425938017124,0.3706259491947791,0.8546029758043763,0.15274839342819024,89.0,24.0,3.517890504329334,3.502473999061654,16.84967403267746,13.185914375573489,310.8463590536776,1331.591635485841,0.917221087422365,0.7055950898107768
1465,2246,-5.084825297881313,5.084825297881313,5.047636143964686,True,1.4100219296412824,0.3594997738650839,0.8745633979519482,0.25650540827238744,55.0,16.0,0.5679041704006571,3.334682014349675,23.38937766226956,12.623103175654837,266.2221388437737,1831.786306032316,0.9673306093775453,0.942222888345269
1466,3040,-5.0476190476190474,5.0476190476190474,5.0476190476190474,True,1.4426673334827995,0.35726565605275634,0.8253642853385722,0.11189672143930854,100.0,6.0,4.994262872263789,3.678618024690542,14.507380939690545,10.907781458194345,489.4418336998987,1013.5796769682672,0.8418425783925736,0.8371371380758468
1467,1185,-5.110901353720182,5.110901353720182,5.047597062982069,True,1.417785564592108,0.3939759647218618,0.8581184238195421,0.13490584467496225,79.0,8.0,1.4044215058807883,4.110519461390171,17.505297083156194,7.839939260521755,361.94017544716263,1278.5445507640081,0.9357912871632151,0.9705381803110256
1468,178,-5.101486060614755,5.101486060614755,5.047541492089826,True,1.3655104327977357,0.3945915232529435,0.8441089271167902,0.20510803857524804,54.0,14.0,1.0961764669045806,4.3130941492093795,13.117479255108375,7.560775388093578,488.2588351785212,1551.0586593226853,0.9350592238411503,0.9555457457837608
1469,1087,-5.047528517110266,5.047528517110266,5.047528517110266,True,1.501228513047678,0.3805234998858644,0.8376698469240876,0.24407136588741507,93.0,18.0,2.027577152874758,2.8166978989149407,17.014969994499967,6.9766571991768025,419.73880494683885,1557.1941653759043,0.9900724309155722,0.650198705068571
1470,807,-5.0474383301707775,5.0474383301707775,5.0474383301707775,True,1.3861387368395637,0.3799518661388519,0.8520114045141844,0.08116526250116446,89.0,25.0,3.312709242665294,3.5011363281678265,13.309536338650766,10.568752890906282,472.18946224089353,1017.4081317951501,0.9262999375708725,0.5590706036409717
1471,1264,-5.047348484848484,5.047348484848484,5.047348484848484,True,1.469472274210153,0.382536653753508,0.8635908967406524,0.2952598979570983,94.0,17.0,3.6547122935630987,2.0821991945741862,12.313686839659137,7.49473942627356,453.1041126505552,2235.619322055198,0.9815785492009277,0.6307432323317423
1472,86,-5.047258979206049,5.047258979206049,5.047258979206049,True,1.4926951950848997,0.3272691728392582,0.8506805759008297,0.11997189640448754,93.0,19.0,3.960460182805506,3.5866039814177166,16.24231988675934,7.768169549701198,446.1354440027904,2230.4892763495445,0.9794848918311883,0.6042375420152081
1473,1547,-5.052301255230125,5.052301255230125,5.047224758248418,True,1.5083414859070339,0.34180148829086576,0.8840806577070048,0.11176738934349222,84.0,17.0,0.5677205635264277,3.3146402067174887,16.53124105816441,12.031224395438356,284.25968448737274,2300.503202271306,0.8857950099315837,0.5108934161041745
1474,1288,-5.047169811320755,5.047169811320755,5.047169811320755,True,1.2931685398165238,0.3068838623653104,0.8220509267635989,0.09219515099864267,92.0,21.0,2.544745548602584,2.202034910995068,11.479106625868171,9.145222673514883,487.49039400537094,1852.6552560973237,0.9077054170904229,0.5296271119657291
1475,2428,-5.047080979284369,5.047080979284369,5.047080979284369,True,1.5195210285992675,0.3297749961998012,0.8956836013547727,0.09954314267477281,94.0,18.0,4.3471407338913135,4.28277284505578,17.070912172540506,12.36579821516935,283.5847801353265,1054.4965890605554,0.9282664029054712,0.8873157258603271
1476,2394,-5.046992481203008,5.046992481203008,5.046992481203008,True,1.512417939551185,0.3457680490377454,0.8075698493047677,0.1996340782766603,93.0,20.0,0.5276918052432125,3.5878447917982417,19.563049084351892,11.56504990739944,251.589073477062,1629.3804427726845,0.9688435366412065,0.6174556107927667
1477,1667,-5.046816479400749,5.046816479400749,5.046816479400749,True,1.4258134664933755,0.37714820162000545,0.8273930893336221,0.08632259807900458,97.0,14.0,3.186888590980938,1.858558338035513,13.302470177782482,10.155806822312972,340.3806126266435,1578.1301647824582,0.9894857388291248,0.7064267610836794
1478,1652,-5.062034739454094,5.062034739454094,5.046814057222071,True,1.4160043368947837,0.33649125241453626,0.7895051401065657,0.14629682812992764,69.0,17.0,4.324984064960002,3.03980185709453,11.975652115184843,8.21935434341794,489.73521067116485,1047.3329851210947,0.9475257703151654,0.796931769875457
1479,1789,-5.046728971962617,5.046728971962617,5.046728971962617,True,1.4672258108002785,0.33199321111938107,0.8998383114929995,0.14304668345787083,99.0,11.0,4.031150277053445,2.339954675723125,14.246675668619364,10.405531849228147,335.569247497447,2842.639296383498,0.9752956490508669,0.8959631931309961
1480,2076,-5.046641791044776,5.046641791044776,5.046641791044776,True,1.4589438038702107,0.36017282172849174,0.8580831717699766,0.2929245063570697,89.0,28.0,3.935449163761874,2.1935887012505684,18.397456453180258,12.31925841416044,289.9292384887752,1181.3452376238033,0.9543483493346882,0.7071438089918219
1481,382,-5.098093383905985,5.098093383905985,5.046558495352265,True,1.3962547603630602,0.3679952152952167,0.7114414138289332,0.11437601475264732,77.0,7.0,0.8739488187525959,2.8824852337010523,15.933605695214332,9.837217672392661,367.6741248404427,1832.1661386304334,0.9168361024593065,0.906806285416429
1482,1883,-5.046554934823091,5.046554934823091,5.046554934823091,True,1.3434024142197913,0.3775613466689645,0.868163841132179,0.13090885155821316,97.0,15.0,3.6119951179860825,2.6453609728820773,16.08657087045777,10.803795649169647,319.64744255186923,1121.6766713430156,0.9221619412675326,0.5712835792765025
1483,2710,-5.046382189239332,5.046382189239332,5.046382189239332,True,1.40916439310191,0.3681917733728077,0.8800469904489787,0.12833958593498254,95.0,19.0,0.6809933496729883,3.8308657450539645,23.340460872262078,15.573819880529197,262.96800981509506,1635.306239399862,0.911433217977252,0.5467694185962804
1484,1354,-5.130741330317661,5.130741330317661,5.046339950126509,True,1.4937127037444937,0.38811858005687494,0.8784753163556995,0.2942381171540276,71.0,7.0,2.005565914289467,3.506034894212922,16.1538833867778,8.365981051782251,371.1721217161689,1848.1707025143687,0.8794862124949517,0.927189957544759
1485,1515,-5.046296296296296,5.046296296296296,5.046296296296296,True,1.394187993488306,0.37629526671086194,0.8293272491757232,0.14329342497587122,94.0,21.0,2.5402651416651025,3.656530430946572,18.708346026723596,9.003380306286706,370.3314038758816,1996.2212179224468,0.9337486240921509,0.5066984665828311
1486,1181,-5.046210720887245,5.046210720887245,5.046210720887245,True,1.5115003814351478,0.3728312895858134,0.8558636985013022,0.13739438158007736,93.0,23.0,3.269171192022136,3.796030288918134,14.220313256100972,11.250437115489895,315.5722070958552,1843.27110609915,0.9438740449729168,0.8468980057326627
1487,1741,-5.045955882352941,5.045955882352941,5.045955882352941,True,1.506321551955017,0.37554547928229026,0.827728566198197,0.18506721598447395,93.0,24.0,3.086256102770245,3.6766005621353077,13.163620460816022,7.3058806543163355,413.39369085165123,1551.3664059391403,0.9634477653312329,0.6222597019141176
1488,2783,-5.045871559633028,5.045871559633028,5.045871559633028,True,1.3561618098494617,0.37335262559123994,0.8059585351828946,0.11051953757040768,95.0,21.0,1.5759860402811983,2.9736031439171318,17.590732175110016,10.552138396017389,364.8877957960591,1482.6784211087006,0.8605473596959118,0.5437663207619182
1489,1163,-5.045787545787546,5.045787545787546,5.045787545787546,True,1.4135607500498268,0.3827529352825717,0.8433141073623537,0.16714201588183641,97.0,18.0,4.6147151564335065,2.191406159795442,13.967112245922692,6.403049018086891,468.07519765534073,2031.8627980361491,0.9763282734394515,0.9109912477932436
1490,365,-5.0554323725055434,5.0554323725055434,5.04578670766358,True,1.458043001726258,0.38246274906609223,0.8730830390006306,0.12606593376490105,78.0,18.0,4.9462201544083655,4.4762652195257,13.99269761230783,9.545292066585041,452.3254932311137,2761.6053204983473,0.9142498737718427,0.7368764273189565
1491,2222,-5.045703839122487,5.045703839122487,5.045703839122487,True,1.5043782553632747,0.373148985169769,0.875695197272027,0.195781557375042,99.0,15.0,1.4701609117363432,2.641944618043278,19.86341786797928,14.219240630394477,251.79676264237708,1974.0792978674376,0.9006311424006782,0.5141158829696666
1492,814,-5.045620437956204,5.045620437956204,5.045620437956204,True,1.2151387502246427,0.3481433652823118,0.8374159477262001,0.2325611913046136,98.0,17.0,1.9132246297316087,3.6966729525267747,16.314667364494294,9.563162300696353,435.9983476782363,1994.0996534337255,0.848682018899458,0.5053494339612787
1493,1471,-5.045620437956204,5.045620437956204,5.045620437956204,True,1.5163494944093665,0.35026122123940523,0.7824866490739331,0.09170686502861415,95.0,22.0,4.1421408642388275,2.4646362572008282,17.50478943987098,9.047164515701047,308.90604363810564,1489.7327179745027,0.9592108394401655,0.7921183299896619
1494,1436,-5.061728395061729,5.061728395061729,5.045611922959646,True,1.421308474101588,0.3750745728458341,0.7894426276324199,0.11092454361579439,70.0,16.0,4.972783104249449,2.737232957650785,13.954515110738857,8.035466735162604,467.98335130991,1820.3996753467109,0.9377268848183844,0.8492732423046684
1495,2366,-5.063775510204081,5.063775510204081,5.045602341251778,True,1.4204341744992686,0.39564873764915404,0.8032632322174224,0.18809281972824665,65.0,20.0,3.540428222834531,3.8492218914209375,13.640512587896668,10.711513129395591,410.6128428369982,1031.2582562940333,0.9954382755226134,0.6009590326045848
1496,2415,-5.054229934924078,5.054229934924078,5.045580943174871,True,1.4681587340598221,0.3907488317560022,0.8041356802464682,0.1969085064865575,83.0,13.0,1.5878916117786657,3.019792795638731,18.942106890340764,11.162574187624251,329.434795741706,1502.9414629771768,0.8745540765179483,0.594875958223425
1497,2566,-5.045454545454545,5.045454545454545,5.045454545454545,True,1.4421188674116303,0.37348344937905936,0.7991189099489955,0.1680040221493202,93.0,26.0,3.9498062559655196,3.0669896208155993,13.489484608369118,9.021575069804001,395.8965117333327,1530.9324162131327,0.976642593125599,0.8005444939834574
1498,2723,-5.045454545454545,5.045454545454545,5.045454545454545,True,1.3707816809901288,0.39178091513745017,0.8791012697724885,0.23669952765333457,99.0,16.0,1.7567627571057827,2.718617993667079,10.819977446047714,6.716766311829877,496.10202509077095,1197.9146327667481,0.9534448541760037,0.630832114022424
1499,1899,-5.045207956600361,5.045207956600361,5.045207956600361,True,1.3859034266947292,0.3995321327581237,0.8524445964916252,0.09278826379630212,96.0,22.0,3.3996643878024977,3.612709304221437,15.313550406400067,10.584077306810963,366.4489374857782,1983.3887234965318,0.9315507310355138,0.6336555923653875
1500,1586,-5.079147698210514,5.079147698210514,5.045138221419796,True,1.5131899647928617,0.35230512033243033,0.8582419946998725,0.08941161491201616,97.0,6.0,0.5374079510114544,3.74417580167617,13.17237459754953,7.326041659251695,472.77173122982686,1241.7355381892207,0.9202099377333468,0.8389231286783625
1501,14,-5.045045045045045,5.045045045045045,5.045045045045045,True,1.514661474762855,0.3785947646881073,0.8293527556745333,0.241919516179686,97.0,21.0,4.078867030544606,3.0624787559033413,12.25702476240821,9.765507254267739,369.3382804332257,1029.606423384966,0.9677268262459751,0.9060658005853919
1502,1167,-5.045045045045045,5.045045045045045,5.045045045045045,True,1.4833327715617357,0.3742248425812349,0.8742939769450391,0.09558281146953215,100.0,16.0,4.302628922718771,1.4373043491457418,11.507054177733425,6.697460890205365,469.6804327906606,1387.221432812472,0.9518271844662463,0.8493318059360419
1503,1610,-5.045045045045045,5.045045045045045,5.045045045045045,True,1.171230216571725,0.38085274145892295,0.8853601073510238,0.18471281318506735,103.0,11.0,3.7797462452125394,2.324652018221727,14.510286056509177,10.859879626771544,369.5687409357353,1181.2876358826184,0.949752350933921,0.8642953840406258
1504,1646,-5.044964028776978,5.044964028776978,5.044964028776978,True,1.5138881767025922,0.3998641906429762,0.8809429212948909,0.1616669958676037,96.0,23.0,3.3333726662641876,2.672812196503311,17.41850090966916,11.260878299649509,370.96667145802974,1013.6206313249116,0.7866685980586328,0.5543657598598914
1505,1939,-5.044964028776978,5.044964028776978,5.044964028776978,True,1.4638929563772622,0.3383167167175235,0.847039188034283,0.10168254762537898,99.0,18.0,3.518097931788124,1.6024700894149504,16.994644350148892,13.55241278374999,237.07909797669714,1995.4835775619454,0.9798001136221148,0.7289972561532836
1506,349,-5.044918072516674,5.044918072516674,5.044918072516674,True,1.4572561437863356,0.37741025298526765,0.79850517830484,0.15958130714415103,77.0,20.0,4.180367074879093,4.295723717605806,18.389522453160097,10.26271775609714,382.45076728595416,2760.877090072876,0.8720874666400501,0.6633982781397806
1507,545,-5.044883303411131,5.044883303411131,5.044883303411131,True,1.4386848692758687,0.3400167383158516,0.8928119041397657,0.25575563471051754,95.0,25.0,0.6734074024312626,3.415710904922568,18.375728026053228,10.707959971672846,418.10081397520264,1167.5265862750025,0.7889375913983057,0.9334904798696567
1508,2818,-5.059808612440191,5.059808612440191,5.0448314368145315,True,1.4877234117483562,0.37185064719523964,0.824759761263153,0.1337931644914811,72.0,17.0,4.843735608333979,3.429275274711261,16.69193495784227,9.464336395267384,367.5156684946967,1363.8788117574652,0.9290609311922287,0.7196990399476401
1509,283,-5.044563279857398,5.044563279857398,5.044563279857398,True,1.517940908972498,0.3705388735922844,0.8951523605384579,0.12243033491043782,97.0,23.0,4.907784014557929,3.953994345101457,15.394678813837864,9.613659512086945,394.00188301346765,2425.0422904444654,0.956920927503619,0.8026754518115623
1510,1028,-5.044563279857398,5.044563279857398,5.044563279857398,True,1.4895148562049876,0.3447933954239496,0.8602849304507738,0.19792042403485427,100.0,18.0,1.410775153724062,3.2787307312479763,16.856373708694473,8.302436065770632,445.9274162063358,1167.6455611310303,0.8983388670100483,0.5030441302959889
1511,1127,-5.0577367205542725,5.0577367205542725,5.044558164104707,True,1.447356697017836,0.37354301524661326,0.7394954324623684,0.125900944029342,75.0,17.0,0.6756534413201649,3.779457789094088,16.179862072956038,8.067783085101453,499.65327673022716,2450.7103635274025,0.8412643829517534,0.5101752915646596
1512,134,-5.044483985765124,5.044483985765124,5.044483985765124,True,1.241980867435797,0.38993523007113906,0.8990962755459923,0.12210320291783866,99.0,20.0,4.679367382148328,3.5877134117077687,16.485605158687356,11.735062921100099,380.05125211956164,1090.12893669016,0.9366646552823292,0.6128008877685893
1513,1302,-5.044483985765124,5.044483985765124,5.044483985765124,True,1.4395894877123347,0.3871468067399727,0.8842424601042662,0.24926608335367845,99.0,20.0,4.121240340005153,2.8114020953402523,16.646553916074865,7.553265495387375,419.1237000081932,1584.8183214534793,0.948574613283381,0.5543220565282854
1514,918,-5.044443552012543,5.044443552012543,5.044443552012543,True,1.3513054035156897,0.37347426699013875,0.7962806052217363,0.25388734251296097,84.0,18.0,4.382468671344188,3.149157129374943,21.97784323175645,11.671470048916694,289.15885060703863,2796.4290094140824,0.9571875903511602,0.6625659707080154
1515,357,-5.105424503231854,5.105424503231854,5.044149465170392,True,1.4825747739564572,0.3989499547160139,0.7936417817079597,0.25505430542609014,71.0,6.0,1.8764179701207242,4.086846376576322,19.374436597913697,8.496228430273511,337.63070348568215,1554.494954250245,0.8939164308985994,0.9903769450646942
1516,1812,-5.044014084507042,5.044014084507042,5.044014084507042,True,1.3995485408378727,0.38396024680665136,0.830844165394395,0.141937981397727,99.0,22.0,3.557242736869359,4.329092997536394,12.759867013423142,9.245617581860202,471.24831093953276,1142.8376849457627,0.9677416257952187,0.7046344760932134
1517,546,-5.043936731107205,5.043936731107205,5.043936731107205,True,1.512268975259449,0.31659787009085105,0.8843029316416191,0.28517133600183653,104.0,14.0,2.2253054697733496,3.2563469649447843,17.205460807780092,9.033359121942931,338.9063518372082,1386.6943181283477,0.9201570104501421,0.5759774795733392
1518,628,-5.043782837127846,5.043782837127846,5.043782837127846,True,1.5238563976210695,0.3935881514613586,0.8334616295919763,0.22991207804195396,99.0,23.0,3.9716770733312754,4.3882508464690435,16.495003721824716,12.474271866942217,351.7237857711936,1774.3289113517794,0.8268992496689986,0.508017943524051
1519,547,-5.043706293706293,5.043706293706293,5.043706293706293,True,1.458047630928197,0.2850329948302392,0.862371149348722,0.18830328104166225,101.0,20.0,4.8967151627321925,2.508337080432635,16.061764227077745,12.338693642443276,337.0552622421037,1757.8257723208644,0.92167139540585,0.8849408718365868
1520,557,-5.045454545454545,5.045454545454545,5.04370147692255,True,1.367213307968179,0.30569695848051376,0.874492339789744,0.20315990601471676,102.0,11.0,4.223126757611987,3.0499075224825205,18.84559211467634,11.588111653747115,339.6115256268417,1642.3941533743975,0.8413568760359624,0.6853763537491793
1521,1762,-5.056433408577878,5.056433408577878,5.043136804351191,True,1.3127066501665863,0.3987196704243485,0.8319189275547232,0.2621053857584491,74.0,22.0,2.6246233967817694,4.1935453596446735,12.407071789760405,8.983734478500054,459.6876099938025,1722.430387631055,0.8487324453662395,0.6099582744065649
1522,2676,-5.04546669689854,5.04546669689854,5.042983948559833,True,1.3511168696216378,0.35318940262463033,0.8531003583756814,0.1718497017402513,92.0,24.0,0.9106293236391989,4.221413232768967,22.084464081351747,12.858412917520507,372.7635074703536,1169.9035965808953,0.7662087935835833,0.677104594910063
1523,1099,-5.051340159591941,5.051340159591941,5.042899040853795,True,1.5043378187242349,0.39828001805192514,0.6792070849521312,0.22882516342743825,54.0,14.0,1.2237949015207064,2.20033467217164,12.778338160752316,7.903734256711937,498.31029381905165,2239.472858702782,0.6774687944900654,0.6300433874750342
1524,515,-5.048169556840077,5.048169556840077,5.0426718881897985,True,1.488394771337807,0.335516454431863,0.8710942531674524,0.24019558809277727,94.0,14.0,3.6412902618885186,3.3476775846792335,16.272572999371505,8.245830991188548,416.55082388208564,2080.7650546076493,0.9019504857863341,0.5726290882278049
1525,1677,-5.04922348034489,5.04922348034489,5.0425810064287475,True,1.4222273560902372,0.3993621769422089,0.8293333919075184,0.16972649741917847,78.0,14.0,1.5063544369094184,2.8895124373040195,13.967085578423312,10.851860957419278,382.24241579884136,1023.1798033042398,0.8478618846434758,0.5632521354539245
1526,558,-5.041946308724832,5.041946308724832,5.041946308724832,True,1.396846779259647,0.3971804113797821,0.8882290549283733,0.2052124853043675,101.0,28.0,4.311085473055986,2.3179832696179945,15.149994212623898,12.048946849823619,337.7814492260373,2396.5801206183564,0.9017493650317192,0.8176693022348542
1527,1935,-5.041876046901173,5.041876046901173,5.041876046901173,True,1.3853866555770686,0.39683643444044947,0.8831465210159418,0.22423954988249228,103.0,25.0,0.9219363111315417,2.9273933795834086,15.717831106554987,11.34304586754334,345.14258223212863,1563.6563735951217,0.9379632321113958,0.5217198103616707
1528,2365,-5.073457964882937,5.073457964882937,5.0418551860802125,True,1.481512675752703,0.3906035575469592,0.7492682322084446,0.1178468351830227,72.0,14.0,0.6985587767742389,3.5210945748517593,12.72623603151683,8.453110324542148,384.62215614195867,1029.3090462627777,0.912245907321525,0.945502075538126
1529,2775,-5.041611079346702,5.041611079346702,5.041611079346702,True,1.3109912448195067,0.3589724107784767,0.8435678827727919,0.14134815538508919,93.0,15.0,3.033941648304391,3.357673570899906,13.162871093344423,7.681410197095831,411.2504615644766,1258.868883314059,0.9846874904506686,0.6628199143699068
1530,2572,-5.055679287305122,5.055679287305122,5.040870698393091,True,1.50342411613688,0.3647429056010296,0.8796253101897418,0.11809438584326964,77.0,19.0,4.752736901287411,3.4219577854185546,18.95867270055507,9.089914040642874,372.28460187610165,1776.1209525977001,0.8445961850658061,0.6613339688841227
1531,1756,-5.121112296720979,5.121112296720979,5.040816084543216,True,1.5189024760697516,0.3726780315063785,0.8390269185564095,0.2679030897066795,76.0,12.0,1.145669807261764,3.9784952467065864,17.781710139556573,10.420223187263444,286.1065617139867,1095.5712717519918,0.9772435286381969,0.840046931598308
1532,1731,-5.063451776649746,5.063451776649746,5.040755430032355,True,1.509520798120088,0.39402768559097,0.8398879494606741,0.22795815632995134,66.0,19.0,3.310884232023476,3.6351509145642114,14.556541879729727,9.84130241213454,425.74837414846667,1353.2736274584838,0.9246463843051134,0.5084321171273689
1533,1627,-5.0498007968127485,5.0498007968127485,5.040537437200024,True,1.318932201531036,0.3722631824845233,0.8627873248151854,0.1851985352131243,90.0,15.0,4.065730795693938,3.320118963089878,13.626506362632442,7.651822171139063,424.8601071734758,1201.1872325006548,0.9655497401533302,0.6718990374717526
1534,1190,-5.0951155452804775,5.0951155452804775,5.040434240174491,True,1.478880491693039,0.37489762205744737,0.858823163552354,0.25093861346095314,79.0,13.0,0.5869271351901513,3.2245973769343372,17.164272703097417,7.104189826177388,399.09929451731193,1291.6123935747219,0.9316972367820766,0.749470047545762
1535,2337,-5.056306306306306,5.056306306306306,5.040001497767111,True,1.3089812610819935,0.3837806380871608,0.7421337292297358,0.19207650810666282,79.0,14.0,3.5859527037455834,3.0585712468140205,18.999133423478483,13.611521223630685,292.4872889912345,1297.2201851442865,0.9571139097869538,0.5724547362392094
1536,1091,-5.123845099229633,5.123845099229633,5.039731306347848,True,1.4750299458490632,0.3787015646376573,0.812391463354287,0.1007788937187125,67.0,20.0,0.6004848519088681,2.9055336819704993,15.242535769440764,9.524283998250514,332.91292482294494,1260.017183267298,0.8555066525572881,0.7452646305472364
1537,524,-5.051048370607439,5.051048370607439,5.039682646429881,True,1.45630736585294,0.3915411416628696,0.8425913158506904,0.221910312194185,77.0,14.0,0.5142713466636888,4.059112862197267,18.660373998334936,13.889732788479115,321.63468189537525,2486.24228723413,0.7386273983411332,0.5628004130050763
1538,2608,-5.045067677943431,5.045067677943431,5.039271042176615,True,1.4930582222547848,0.3913078077364466,0.8226402438706334,0.1436154940619647,61.0,16.0,0.5840694641637194,4.26461301854527,13.334551161381562,7.9939187777588145,454.3442528192607,2451.883823736431,0.871332684149226,0.9343863063628861
1539,1905,-5.052631578947368,5.052631578947368,5.039238225212811,True,1.4762345618415655,0.3742214052372036,0.8303359789975292,0.09545858121126717,84.0,16.0,1.2678064716463786,3.0432005664709285,15.155714787141543,8.62797433793558,334.1887453745387,1431.2629356013597,0.9494063917456905,0.5722844260368178
1540,1428,-5.052703994287517,5.052703994287517,5.039165395080133,True,1.3989887702146773,0.3672137831485704,0.80950215486122,0.28994493289487633,76.0,8.0,1.0058787923731303,2.0557736740719657,15.205327288471292,8.341633389657874,323.211995678049,2439.1823988945607,0.9467205924877751,0.9504842862539262
1541,1740,-5.049701789264414,5.049701789264414,5.038727259032813,True,1.3743945473533237,0.3969851363336583,0.874766212102402,0.10781925803629246,92.0,12.0,4.476703605033135,3.801779576421259,14.032708567061672,11.11033248824554,376.17308811581717,1020.2198649643466,0.888221249102557,0.7446841375729276
1542,989,-5.049212598425196,5.049212598425196,5.038335466926382,True,1.4695664511782303,0.35943099700691705,0.8658180726068494,0.20086133779583662,90.0,17.0,1.1222960294559874,4.13390743373826,17.773405491628473,9.037878575561386,320.3332430321921,1986.7249775811056,0.9240775885483543,0.529948059141005
1543,2041,-5.053763440860215,5.053763440860215,5.038308622476617,True,1.2363165371310143,0.34676285891559927,0.8519372835047229,0.2677969534735478,82.0,16.0,0.9106591481144768,4.265611638363316,16.43260334082744,12.461804717314807,372.8248127059768,1450.0896957117702,0.9493376501053953,0.5009295152405147
1544,2567,-5.073652388520077,5.073652388520077,5.038267469218514,True,1.4506464932594758,0.3670153434051978,0.7467800520808745,0.16502780451340154,78.0,11.0,0.5878640386857792,3.918269029193141,16.205689742703804,11.605967372552309,387.5527494933734,2260.67061174167,0.7634129004276918,0.7441865513349121
1545,1496,-5.090740871066528,5.090740871066528,5.037974782404344,True,1.4928565041188284,0.3684302108111495,0.8533346775809716,0.15094610830068747,70.0,16.0,1.0492057051148496,1.5253227054888854,17.47822608879727,10.927132833133765,294.53168524841675,1067.884303745094,0.9805537989574357,0.8901956466295968
1546,2253,-5.0565610859728505,5.0565610859728505,5.037835071586471,True,1.5124095918540057,0.39586422238285723,0.865974016388068,0.21820218347366002,75.0,20.0,4.438568883262338,3.641770113202125,13.580793055335047,7.096036120815982,455.05963172164695,2362.4134694558547,0.9083978978921445,0.8317813888987415
1547,1085,-5.057077625570776,5.057077625570776,5.037787969307498,True,1.5010323349962096,0.382188653303514,0.8405540106713683,0.1528935179136633,73.0,22.0,2.7209978699023956,4.177267631128034,13.173843251586977,8.322964352203355,459.2357345689075,1478.7324948806884,0.8646220145812418,0.518628662564286
1548,2290,-5.061881188118812,5.061881188118812,5.037711498172204,True,1.4124153474079488,0.35555658306563165,0.8488544407827646,0.20059990808628178,68.0,19.0,3.428621256935317,2.4181182695457553,20.62999523853509,12.65664177996046,229.27762532578677,2344.7455387896152,0.9783634515729216,0.6638101208586477
1549,644,-5.071223210948751,5.071223210948751,5.037512013921096,True,1.4416422161317441,0.37515814840668915,0.861139563019236,0.28834653970137947,60.0,15.0,0.9737307921748597,3.807989020391003,16.96821552329331,11.125650703278643,377.340127751811,1519.793686016033,0.6523508225209931,0.8362381892183157
1550,1644,-5.0550660792951545,5.0550660792951545,5.037298943640474,True,1.5133439686172734,0.3954340747618543,0.8523289816657316,0.10658807366248028,78.0,19.0,3.769767328253179,3.594708019219734,13.330533638898501,9.156212538487706,397.1916370755696,1009.9173726674338,0.877632340613285,0.8630097197763578
1551,1838,-5.088762653378012,5.088762653378012,5.037085060959732,True,1.406715999759176,0.372751153429163,0.8586803265614065,0.14584797755237372,82.0,10.0,0.947062824516224,4.256563099439576,14.567850731879748,11.054176625861972,363.26636707145013,1431.9843231592731,0.7801948730782966,0.9191413107867304
1552,1284,-5.095751351737388,5.095751351737388,5.037040516345114,True,1.3147408877891287,0.36833568921190984,0.838797159811632,0.157382949137231,61.0,12.0,0.7456917670596468,2.8784194579634024,16.02017216980854,10.312970326939304,404.9244747818426,1557.111628407765,0.8670142863231624,0.8191716388481273
1553,2983,-5.057339449541285,5.057339449541285,5.03696064175399,True,1.4398441686850534,0.35160195713896997,0.6762317714761413,0.22258596748715553,75.0,18.0,2.691271906809486,2.8473446670726186,20.988634611719924,15.975854490453504,288.79874961276096,1011.2962797823254,0.7845344263508893,0.5826431353641919
1554,1411,-5.070430834970548,5.070430834970548,5.036522851610096,True,1.4598579896633432,0.3828609658516914,0.7563227963437018,0.2874403949312374,68.0,10.0,0.9338664396597183,3.6032258345214196,17.805750237029933,7.8927728409118885,419.13803061687076,1646.8613357588479,0.8601028734171074,0.8558260252874769
1555,1225,-5.0362443622085795,5.0362443622085795,5.0362443622085795,True,1.5061377082437222,0.3563457212823886,0.8096118175765563,0.18920042616430005,94.0,22.0,2.2244597532479267,2.9702843572106787,15.324422107072019,9.19605338669495,309.9917878414593,1200.7166358929098,0.9971854864054746,0.7550796393027541
1556,1477,-5.0362426935006175,5.0362426935006175,5.0362426935006175,True,1.342602683899654,0.38697091180415655,0.8716910517061159,0.2175347485203954,86.0,18.0,4.151973094248929,3.2113238928548813,16.24036304152493,8.406630150242876,400.2339588419814,2556.680545226273,0.8385910357826808,0.7406957293611856
1557,2099,-5.063533076671019,5.063533076671019,5.035648391317138,True,1.4319228809099143,0.36602788057127417,0.7882451092557645,0.09175182585387456,80.0,9.0,0.6254228487942295,1.8824543387201644,20.988417523996567,14.779829289934238,223.99423757785547,2164.4067592517963,0.9825166734734764,0.8430958664507383
1558,1813,-5.052677016785122,5.052677016785122,5.035309100478782,True,1.4781119150840207,0.3838693872619629,0.8184964781826095,0.09208587637156677,80.0,20.0,1.855411476786533,4.220592764199639,16.576925975217545,12.342020667945691,264.02983017520467,1426.9072240722621,0.918546756646499,0.6506730305530287
1559,2926,-5.0626566416040095,5.0626566416040095,5.035215480688693,True,1.2967713614060163,0.3861716150991557,0.8358141941145255,0.18654886023842357,67.0,19.0,1.5150637951641936,3.8363747395967946,23.804620442351343,14.192797647649035,277.81765889597585,1038.289423408134,0.8908276809663844,0.6752373117238039
1560,1205,-5.1191822988722055,5.1191822988722055,5.035168775838121,True,1.378095029434748,0.3781681708381916,0.8858535336409802,0.1697511737005211,96.0,11.0,0.8613897737711398,2.2770505568258494,17.848436050684494,10.526145057143005,355.5193023980932,1295.1986060175595,0.7132056693874396,0.8216365419737823
1561,2391,-5.0565610859728505,5.0565610859728505,5.034934402970724,True,1.5129523991478238,0.37798668190673357,0.851434950478551,0.23219575501591908,78.0,15.0,4.50926900008408,1.9209040560821973,17.35382884122617,11.329092203664286,247.5018675120619,2020.1112307478797,0.9803263568897892,0.8049460941603765
1562,928,-5.1073098356346325,5.1073098356346325,5.034550215000321,True,1.3463107223621473,0.3835805747876231,0.8831901277961072,0.15957661687890862,89.0,9.0,0.7846234476549196,3.6587488425507644,15.086872859545553,11.550212476809175,382.7205309728591,1270.7207863393228,0.7533008147765754,0.6967469026579258
1563,2528,-5.034494682865159,5.034494682865159,5.034494682865159,True,1.4292259811279318,0.3681250356261551,0.835311005435435,0.18918734292998826,81.0,20.0,3.220528139559919,2.3156684821087157,20.79279699519238,14.760534403481765,208.4397918345021,2637.850608839872,0.9318985394887044,0.6395936581983852
1564,1763,-5.04863813229572,5.04863813229572,5.034407003427381,True,1.4255353973536118,0.37276965345246804,0.8480861972921611,0.24239923487288045,93.0,14.0,1.3896024582817454,3.3729539136745648,13.820486054977323,10.768249946791792,344.5621957080655,1470.6037921474535,0.8953103488710077,0.5628955062020503
1565,1417,-5.06534006465148,5.06534006465148,5.034252462845206,True,1.3334918426967948,0.3677070768773464,0.8391358051505946,0.08914864659241283,79.0,8.0,0.850077875204148,1.7121391216858701,18.62942348892396,8.336232567684338,372.0957442748636,2562.924558739922,0.8210068334568049,0.749942307526839
1566,1427,-5.0440640100791745,5.0440640100791745,5.034039833797619,True,1.4452927592974907,0.3963854456906272,0.8201125698449733,0.25483368236026027,76.0,17.0,3.753014820980456,2.590074639524684,15.638398687996256,8.57947858829072,375.6022276222358,1174.6353314308783,0.845060536198576,0.6740247224764105
1567,396,-5.0546587995071635,5.0546587995071635,5.033970813729968,True,1.358207850216306,0.37902154688668077,0.724929098144732,0.2061783214400291,48.0,10.0,1.4444400084384197,3.332766862621237,18.433387310022223,10.506494247034572,325.3000028921326,1835.3727084279026,0.9002816482499583,0.9548302797812436
1568,2195,-5.05868544600939,5.05868544600939,5.033894995037261,True,1.4249072667130422,0.3913714228926481,0.7799763771623084,0.23697095289857478,73.0,18.0,1.8182351508156125,4.123987310887696,22.692294409859823,15.265643318744829,250.70253046173747,1223.8285100156006,0.966781703081108,0.5168991732728092
1569,2140,-5.060975609756097,5.060975609756097,5.033617419156759,True,1.3986367837273588,0.3817215332103565,0.653364460027912,0.15206427716028084,68.0,21.0,4.365265344526498,3.329188613267812,14.965982474846534,11.72782794116525,318.29233583427833,1223.6509735988384,0.9446425389810523,0.9656517451688598
1570,299,-5.056689342403628,5.056689342403628,5.033561729784926,True,1.4938435512466333,0.32429790663366265,0.8400537304976203,0.15012156786271677,76.0,18.0,2.3680763208268094,3.02601117929984,18.32951427631721,10.840966988310255,297.2112386398275,1887.8888934303918,0.9291152373823354,0.5634966902493316
1571,1631,-5.058275058275058,5.058275058275058,5.033548681303538,True,1.4503468252092107,0.365970753297869,0.8190794950410955,0.14673346340729734,76.0,14.0,4.427536108684421,2.789697743971488,15.443034439418566,11.99825232644591,319.34990087951735,2385.9163599779836,0.9645989473183934,0.539675170896742
1572,1262,-5.05216317711154,5.05216317711154,5.033499883683321,True,1.4609834718657806,0.36219330072708766,0.7853999476942499,0.10574846995604162,73.0,16.0,1.389224267258669,3.309044829678068,13.71643727813054,7.208828794109454,458.1354072434528,1488.600764476237,0.977243333171384,0.5257992474785226
1573,234,-5.114390919540219,5.114390919540219,5.033486482688307,True,1.435898599096695,0.3710313001977413,0.8044443692355688,0.1505307863511937,81.0,9.0,0.9349712704735003,3.6416510081125706,17.292641364401806,10.331987262629744,326.9126184244448,1459.7072158731537,0.8738202645614817,0.9901831969459639
1574,1669,-5.049115913555992,5.049115913555992,5.032969890089328,True,1.4989232582927319,0.3738596992167517,0.8589885801918178,0.2063277404452061,92.0,14.0,3.935559685249508,3.279102043908148,13.690913600222345,7.086971943657291,443.0090649535563,1687.9408310074862,0.9387098190700169,0.5983391890690282
1575,424,-5.099507202421827,5.099507202421827,5.03266318560627,True,1.3933175077790108,0.34215831317557616,0.7781678103808428,0.15679631727849264,71.0,7.0,1.4708617308503469,3.2832154227241874,14.136517192373608,8.466983994963233,425.6045316085831,1345.6074982338318,0.9885999796422902,0.9262792419899313
1576,125,-5.043712947444071,5.043712947444071,5.0325717345815555,True,1.4101701936383673,0.2961844606043371,0.7535662517285031,0.21767149035155972,68.0,17.0,1.208808338397717,3.15715217376057,16.810133798380384,12.526181391928493,311.5122000494687,1657.3081839587128,0.9260078726799461,0.5214325687335202
1577,2235,-5.053648068669528,5.053648068669528,5.032477896731547,True,1.4676410395247554,0.3835125163731298,0.8356409241903768,0.29117350130946096,81.0,18.0,1.2222256030150498,3.6212939337209407,17.051097825422346,10.642438451259228,327.6770675893819,1409.9252056401397,0.835283108841502,0.5516850302540535
1578,1118,-5.091244479884911,5.091244479884911,5.032452110629766,True,1.4882137876457908,0.32949522660263697,0.7016381924715663,0.297971260295454,51.0,16.0,0.949594814040086,2.149297197336036,19.076565594480165,7.676522306455697,369.8902783708049,1558.054951841298,0.9150096550087138,0.7992698714332463
1579,325,-5.075622513659232,5.075622513659232,5.032340349461957,True,1.428981686853567,0.3724861523521596,0.8677304513960165,0.26683816489593526,70.0,6.0,1.6787415484792139,4.084138398220931,16.596780489460897,12.123688931840967,352.96740553000524,1773.9773963427754,0.9397361114948632,0.8211205583974371
1580,2502,-5.094317579682698,5.094317579682698,5.032318462071852,True,1.4959571641876173,0.3639913533959541,0.7671539334366962,0.2912965801706703,77.0,7.0,0.9428147738875765,3.9177579527850237,21.537477680965438,14.989935623898074,241.95005369947984,2139.5216615702416,0.9765761420645721,0.9913469761233923
1581,823,-5.076609520808418,5.076609520808418,5.032034583249011,True,1.3740674677479392,0.3780169540258702,0.8760028759348639,0.17785907482581262,63.0,15.0,1.2947579276686565,3.960808558275512,16.290246799526646,10.727522126823464,343.16651731566384,1345.018228937498,0.7709502736711781,0.9138123665126857
1582,1628,-5.045875335065548,5.045875335065548,5.031988025617198,True,1.48636152429826,0.3720634134021276,0.8566101752803241,0.1745696083282439,53.0,11.0,1.1011872938795404,4.035980570646492,14.660921342469656,9.891977914141473,389.4760564108104,1236.5486718269985,0.9717517874753725,0.8862511147835586
1583,432,-5.0716880645837605,5.0716880645837605,5.031317036422317,True,1.2775616730288768,0.38662277120618593,0.8256264661256996,0.15432003999648525,75.0,17.0,0.8917997261800887,4.006996478397245,20.208247741617225,10.303515718471765,349.7065827464689,1703.9069466012668,0.8057966796396471,0.8245670767207083
1584,426,-5.031397847501329,5.031397847501329,5.031295275562584,True,1.3968640110825656,0.3748412148877427,0.703014809958428,0.17478570002590685,68.0,18.0,1.1494556264939564,3.6044211828246873,19.76631374564022,11.601188098311773,378.203558430482,1137.5029885983765,0.7620350116528917,0.5070966130127094
1585,704,-5.03200655855955,5.03200655855955,5.031269215052312,True,1.4367866678603562,0.38925612845516466,0.8476579105004876,0.2500218764325046,82.0,15.0,1.6370884037587807,3.983549258915792,13.262593209698615,8.024641800977665,409.0802879430735,1987.979580538909,0.9893152682118244,0.5028055795754643
1586,2137,-5.054945054945055,5.054945054945055,5.031252407394865,True,1.5100877867584594,0.3234956110633886,0.8620974506836017,0.2571791720465504,80.0,16.0,2.6442285808296986,2.6979570976752862,10.930736189000019,7.385827650016192,458.34183948074093,1675.10660744791,0.9380073344297626,0.6393040215300377
1587,787,-5.054945054945055,5.054945054945055,5.031193106417319,True,1.330555692956182,0.3850335847656316,0.8379537733433997,0.28068244820272603,80.0,16.0,0.8217201246668107,2.6990211045853476,18.021967031394137,11.324004951249194,324.82300165777406,1585.794426937859,0.8179286648953135,0.5574832695815756
1588,530,-5.05592841163311,5.05592841163311,5.031073874724878,True,1.4346889001795062,0.3622389647740508,0.8585723597556083,0.2925304779790683,76.0,20.0,1.9325075886030423,3.864307592017359,16.18947183221146,11.851556027740697,352.7792639498512,2463.1231479526555,0.8217903881879507,0.5025991897420518
1589,51,-5.041361369281928,5.041361369281928,5.031047974221137,True,1.4741392893705245,0.3418286452384361,0.6897541365335647,0.11029698660088663,59.0,11.0,1.0624099144178214,4.107997340509415,16.92251705370538,10.875269732436175,412.1646014407247,1074.1049660147469,0.7213289727922463,0.8542264918615162
1590,3041,-5.0597607528523385,5.0597607528523385,5.030764538327067,True,1.1826265851585784,0.38783044173191095,0.8416000831643301,0.13669416105367116,86.0,12.0,0.6211067169499116,3.283188542043855,18.001360447916102,13.78538073665206,339.7987326593459,1508.9558241294947,0.8481390905380619,0.7998333783905229
1591,2823,-5.113573823593893,5.113573823593893,5.030316565629294,True,1.469264909562276,0.3917970898177813,0.8821949428219229,0.15453630284299774,80.0,16.0,0.7254445978050921,3.7852141310333685,19.39372957814034,8.310865134875398,313.49994167983704,1215.8128624774095,0.9297540518317371,0.8260733525599891
1592,52,-5.05,5.05,5.030046497072189,True,1.2852813941447079,0.3568998115125279,0.8444314811378719,0.21147198882018292,89.0,16.0,3.178190672916423,3.7828627242512214,15.574719105237087,10.704958731202657,315.6941090863348,2309.1716960218464,0.9946438527065804,0.7813761419548839
1593,2412,-5.044775753744977,5.044775753744977,5.02998763664845,True,1.255821410139252,0.3892217255317487,0.5414012477432562,0.09932904397083848,50.0,11.0,1.016486422043385,1.5855392339021335,16.192760453733975,11.796570718378959,289.88894769116405,1818.701615118783,0.944626472325278,0.824433920904994
1594,24,-5.032866050873892,5.032866050873892,5.02937159769232,True,1.3301292938104983,0.3845475500399521,0.6374221799193794,0.1445876652941278,57.0,19.0,4.561965550577741,1.15872980082852,12.494933542041998,9.030557186203055,362.16336727272244,2758.1031473090843,0.9401188117342316,0.5914310740785196
1595,423,-5.057471264367816,5.057471264367816,5.028927790425028,True,1.5131110559247674,0.37029009723007233,0.8144813545028092,0.19091206400694402,76.0,16.0,0.6249414035904834,2.2352484333650344,14.859500437185297,8.608654600968668,438.5366646851253,2672.0170465484025,0.7804296720895884,0.5614923503186153
1596,2361,-5.098040137249483,5.098040137249483,5.028739999027151,True,1.4200903390526334,0.3745055587339136,0.8215073461398783,0.20009857515066118,55.0,11.0,1.2981361848572852,4.190824575109897,18.653898451698804,12.253476075368992,329.1451387979582,1442.0209171670294,0.839879660711891,0.9678134907320183
1597,238,-5.090943540037055,5.090943540037055,5.028695218602808,True,1.3292590649591787,0.35478537052872666,0.7703716900379995,0.1450957162175528,66.0,8.0,1.4129205624490313,2.716528828858048,15.062292767428312,10.330571042227545,379.7019016596448,1479.2083771547145,0.7568105438355741,0.8828907411686014
1598,1530,-5.0553097345132745,5.0553097345132745,5.028303152180681,True,1.455166785981116,0.36302862226963045,0.8167005220254597,0.24235195168092333,80.0,15.0,4.9971836637705564,2.305519423107178,15.378195074515903,8.455066609106506,347.95672837644815,1981.7530213300647,0.9744291159801499,0.9190603374367723
1599,1661,-5.051807539073475,5.051807539073475,5.02811477534445,True,1.46575046474308,0.3819420511940837,0.804038366231951,0.26629188223045935,49.0,14.0,1.3194351192858476,4.3415678559365745,18.11906997758747,13.935754854159761,311.6402555129022,1114.8813011720526,0.7502331232054158,0.7753968712153227
1600,1752,-5.05720823798627,5.05720823798627,5.028058615414551,True,1.386281277582919,0.3553284792559455,0.8058692258744028,0.15701157204912058,74.0,20.0,4.325232576684936,3.696592910452913,18.945909289447513,13.518924142130953,284.4939640736828,1140.071203098556,0.8484894435197697,0.6239903727444571
1601,1702,-5.050937472177123,5.050937472177123,5.027526046880114,True,1.419491820272708,0.3836407472677027,0.7935492629552529,0.14857023358964025,73.0,7.0,1.3788835319036425,3.8512205024512856,13.437243987862885,10.194687748978982,475.7031844955716,1549.3187133035967,0.5773908142686726,0.8574459863232988
1602,1018,-5.049900199600798,5.049900199600798,5.027468664552983,True,1.4415462481363153,0.36468418086063864,0.8434175851949064,0.19638091373738162,88.0,18.0,4.067058890019483,4.464549556305936,13.513471639992845,7.04490629937503,474.32611973560097,2802.744269208275,0.9616752513497283,0.5359869627110392
1603,2737,-5.081192886459435,5.081192886459435,5.027264815259081,True,1.4138375161951982,0.3543510482486294,0.7608339024896664,0.2098820180313263,47.0,13.0,1.4704540427616128,3.7352240987902032,16.827253315224922,10.161373630078101,395.0105250063807,2318.4073773246196,0.8165567088339779,0.8139831465448958
1604,1778,-5.049019607843137,5.049019607843137,5.026955677376038,True,1.5054927429366196,0.3290119536665184,0.8831358950276167,0.14401773030269205,91.0,16.0,3.2758671676259494,4.058256437004703,15.616150085816235,11.373555424414917,357.8291771383766,1535.9182778399756,0.8319376063599958,0.5965613174598112
1605,576,-5.04930966469428,5.04930966469428,5.0264460119073355,True,1.4597296176552397,0.36134181921005065,0.8285933196250372,0.27586782549905076,91.0,15.0,4.129451126895928,3.679618597098985,13.798839108966018,8.23905299731031,454.2320162256021,2300.1347140007256,0.8285084662900954,0.8320583975927448
1606,768,-5.098474357592773,5.098474357592773,5.026370120312057,True,1.4622912911866122,0.34571456253929134,0.7383435158812657,0.19797125179305008,63.0,13.0,0.8024403574184977,4.4202298972017156,16.34110299579941,10.243712803232608,396.9894952561557,1887.093287553944,0.8829700566535996,0.947224237289063
1607,785,-5.064888093104786,5.064888093104786,5.026310007961735,True,1.4403998047203603,0.3753162134337428,0.7830112927873751,0.2834347972019041,78.0,11.0,0.6221341293181784,3.2045632240832282,16.100957089792637,12.294770127072145,339.7177006565977,1407.3774421703752,0.7194254046239446,0.8542983583858825
1608,397,-5.082045145433508,5.082045145433508,5.025864410984468,True,1.3143679028880324,0.38824413382497336,0.764423018033463,0.1289461802646654,59.0,16.0,0.6772774810829008,3.089148416087138,18.392982312365866,9.687017713145341,328.15757431462623,2371.0808162051544,0.9142257072087079,0.8993798284770829
1609,1749,-5.071052158366415,5.071052158366415,5.025799550384546,True,1.4747770578310904,0.3726344641246341,0.8673493520930463,0.21231755985116663,53.0,17.0,0.6101304198169943,3.850026304579404,15.737051274663232,9.835049968129534,455.21255631452004,2034.012853589846,0.7922950963079964,0.6121869648910937
1610,2840,-5.113002398604095,5.113002398604095,5.025629279997312,True,1.5022741770539603,0.37036444736420543,0.8538920296355548,0.18545379076144433,73.0,6.0,1.3663373336708653,3.712805866279209,16.386103396875036,11.838645817485688,409.19357883105243,1121.8374658830749,0.7503162257451756,0.7822441112484808
1611,2694,-5.052966101694915,5.052966101694915,5.025220224090415,True,1.470400996137685,0.35884460691410497,0.7670911728376808,0.28068013822133464,84.0,15.0,1.763689936791156,2.8668148358915664,18.315572513986055,8.269256325953759,384.62972130941785,1071.069314827813,0.851268157894567,0.5976745704360221
1612,1480,-5.058757338762033,5.058757338762033,5.02506985181485,True,1.3931677572586443,0.31142406489832786,0.7685486438692355,0.10765676557283066,71.0,11.0,0.5654790557012066,3.4323812470036468,14.377213570108676,8.156561982860293,422.7764896166569,1749.4742459475904,0.986075775077241,0.9928425762806949
1613,1927,-5.049701789264414,5.049701789264414,5.024900722431862,True,1.4755396529503748,0.36075952237440084,0.8180356468861061,0.28740906266353555,89.0,17.0,4.884500707547279,4.24877327094123,15.872899499213034,8.863667389998549,409.47787920547756,1373.2225626998033,0.8803206861160033,0.635285526200063
1614,1500,-5.0974776036628064,5.0974776036628064,5.024859436657879,True,1.4223014268444,0.3134835604184381,0.7110399122600674,0.22532591877826175,69.0,7.0,1.034158379558407,2.8513322679989974,13.61964528291384,9.74423135209736,440.70434879367696,1255.5234356396734,0.871118418800678,0.9060706639117327
1615,1280,-5.052083333333333,5.052083333333333,5.024669543582703,True,1.470770163471597,0.3912681685036611,0.7592410264897513,0.19792209947615771,85.0,16.0,0.9014219672829888,3.4159085813369368,15.294976555027636,8.31962778969151,421.458199037138,1581.8363146707095,0.8239189146603655,0.5912233980968986
1616,1754,-5.0548245614035086,5.0548245614035086,5.024554735167132,True,1.3470840067002974,0.3958963316048667,0.8258918343133389,0.21227042578485247,82.0,13.0,2.1775901037707106,3.2506211143328585,14.309456174863056,10.103444461313197,367.61635608860894,1783.822740385924,0.9744747066593604,0.6155399727944646
1617,107,-5.0276632417764455,5.0276632417764455,5.024493867763963,True,1.5034603464381726,0.3012618684775604,0.803270392316322,0.14400545202366385,62.0,18.0,1.0262078977464335,3.009994999211347,20.378867123271284,11.525107389633474,294.18986359703,1806.329067516224,0.9565483748757262,0.5288262029856108
1618,2230,-5.0244648665621545,5.0244648665621545,5.0244648665621545,True,1.2960956934416843,0.34305138055466267,0.7516342427899007,0.16372559047790264,78.0,16.0,1.9318796322060525,1.9186868954408576,18.27354813514863,11.954329867666475,321.37796345900585,1488.4557746697187,0.8085007468657699,0.5537533757229505
1619,1639,-5.056433408577878,5.056433408577878,5.0243446266487535,True,1.4342181786202666,0.3442301182416926,0.8449043431588017,0.15382920242293874,77.0,17.0,1.5028679370356315,4.324615446845643,16.27652611129387,8.544956634629163,440.30343604194223,1522.885744908238,0.9643601381513749,0.5352731870011758
1620,532,-5.053763440860215,5.053763440860215,5.024134487294214,True,1.4768549049064343,0.3985322974957707,0.7283550003747978,0.25212070883495297,82.0,16.0,1.8462638353077725,3.069171657358891,16.381475683024913,8.481691617866872,409.568218815827,1288.957239144463,0.7860639036905472,0.600803963630708
1621,1320,-5.098094639695193,5.098094639695193,5.024056387990142,True,1.4330319811817906,0.39785248741495427,0.7583836741070741,0.21378669938239644,59.0,14.0,0.8025817629506433,4.0601554756288945,18.5253219319346,8.89434817685917,423.15388160444326,2368.5973406658622,0.8809988854354098,0.799490829037591
1622,1867,-5.121560679032523,5.121560679032523,5.023996785615991,True,1.4504641109300036,0.37048766870615,0.8986226831571071,0.17910263489284778,59.0,14.0,1.3513133582997592,2.41711537475437,16.26026362128392,9.436424103157485,386.1604701829576,1309.3736935379043,0.8409768280458203,0.732053379904894
1623,741,-5.0901467130702525,5.0901467130702525,5.02393983229565,True,1.377442318988964,0.37703480583185145,0.8267060771584511,0.24562290950478727,54.0,18.0,0.7052416426800545,3.5345177282579243,21.533204635520445,12.234810018690922,266.03906756823653,2430.4488012560982,0.9160307379764674,0.897959635802615
1624,1278,-5.058097700199631,5.058097700199631,5.023870425773073,True,1.4337402917104203,0.3969257335335866,0.8656059060914911,0.18422089089401342,86.0,16.0,2.0552722559451957,3.0836768172444002,16.582300525029936,7.188477376008823,406.42723447851506,1645.8313351796019,0.8533337414104863,0.9536326954271428
1625,1206,-5.05868544600939,5.05868544600939,5.023147112653431,True,1.4354690496807254,0.38923998668987503,0.791761733494079,0.15062807331316155,70.0,23.0,3.1558223383181465,2.8134531592283674,13.150434253674213,7.146951451097282,429.8192976038478,1606.9675874405764,0.8886663104736056,0.742342145507515
1626,1575,-5.099399138055617,5.099399138055617,5.022952686446667,True,1.3461227339190736,0.3765574031189485,0.8479258114769694,0.19833978920620654,61.0,13.0,0.8942615257875393,1.9476021347345212,16.171114892813986,7.823188431734387,363.52950518014126,2095.2082942635902,0.9750253120184316,0.7979015477396384
1627,1098,-5.047034654418525,5.047034654418525,5.0226071302102655,True,1.3703182289319114,0.39026555772764815,0.8101952958307803,0.18861551664196177,90.0,4.0,0.9865581991945493,2.7306012845415846,15.583091947876005,8.915538827848007,351.7421902915992,1045.687531369455,0.9822634993594687,0.9156043461628744
1628,2077,-5.028500978343451,5.028500978343451,5.021755186710425,True,1.4594751493665767,0.3771030940434365,0.8243323702814905,0.08643166181582362,77.0,13.0,2.9634614670652604,1.0408717456896075,11.443539941242811,7.815560407875663,415.0057552180287,2358.7802344183006,0.9015310321070865,0.8148368488812551
1629,987,-5.082253137292142,5.082253137292142,5.021619783488006,True,1.3729495995119692,0.37803816358609427,0.8746646338540451,0.22358112207953218,57.0,13.0,1.1813915094707295,3.8584790992925324,19.05452794116907,14.052883498489036,282.22355969923126,2503.222358197618,0.7629083889428192,0.8689537150430076
1630,313,-5.046685430009061,5.046685430009061,5.021347859957117,True,1.5174101275980336,0.380479247160714,0.7011164318705283,0.1642652414128165,64.0,13.0,1.3293031950637086,1.5044039782213816,14.073774568369213,8.310288967041856,411.29218442794786,2047.987676552412,0.6729067310606309,0.6616247814358602
1631,1195,-5.1165016631171945,5.1165016631171945,5.020855208516249,True,1.52222389238448,0.373977357279389,0.8287213878965641,0.18541709959604394,73.0,12.0,1.4401123442596955,2.720674568670251,15.630807471602694,8.375694996372468,309.8165973724783,1202.965410178375,0.9363209024977176,0.8889606612737473
1632,1623,-5.0608272506082725,5.0608272506082725,5.020844749983458,True,1.3798085774347728,0.3464004718881939,0.8704723169616806,0.2470369227516086,70.0,18.0,4.645227853162078,2.526653557256148,12.812872775365353,8.64145372851996,457.57603142410517,1498.486147221341,0.871070805577,0.6622722032479942
1633,638,-5.036811611156903,5.036811611156903,5.020379226470677,True,1.4847694670370388,0.37077553966955845,0.8523203816848731,0.2845725402753171,69.0,17.0,2.154329057215394,3.4802053991932733,12.993572174809913,10.30205591868302,374.90055306603034,1861.846793136674,0.9272158401853243,0.5730333151373881
1634,1640,-5.021061387556851,5.021061387556851,5.0203212259461925,True,1.4232617639668057,0.3776196892572826,0.8279782580841484,0.22776702354956746,80.0,12.0,4.811265028309361,3.9040731264706214,14.062248182326638,9.739304773900708,409.54202619675993,1460.3566691631222,0.9787726943157229,0.7791303647640646
1635,1312,-5.071774419008827,5.071774419008827,5.020195810209538,True,1.5176745310989572,0.3783467268080398,0.7410473645951805,0.2817340384440371,54.0,10.0,1.9061345887312102,2.985823503081682,20.775208296849097,9.937040165459381,280.9015750639388,2316.6174912468146,0.7880054198183,0.9759236811844119
1636,1718,-5.040599449517982,5.040599449517982,5.019894831928301,True,1.4795991296728674,0.33924525243577086,0.8703106104422808,0.1769421497231165,93.0,2.0,0.55562607842442,2.9203689565555933,15.825352440642206,12.045238459026761,340.3880592588984,1899.4032461196184,0.9078611840543276,0.8020623930898152
1637,1478,-5.022244746049566,5.022244746049566,5.0194239083745265,True,1.4067545347918562,0.38603394320647344,0.8336464650544948,0.2661674859147852,90.0,11.0,4.393344611746797,1.9272965217910922,15.689220045231494,7.478530469020852,367.91514502869404,2813.755795358705,0.9274022652002734,0.9976034665613747
1638,2432,-5.064777463632824,5.064777463632824,5.018976063572813,True,1.4096600055082138,0.35265449655304476,0.8174526259973539,0.23427905244475436,76.0,16.0,0.9308556582316234,4.23098861677526,17.15898633369317,11.655776839568533,305.6762274302357,1449.8134436833532,0.8424426445407722,0.8400993249913816
1639,716,-5.043035946810545,5.043035946810545,5.0188884137541425,True,1.5140846515141804,0.3980319270819006,0.840565215771066,0.18524208547245144,80.0,15.0,3.1393311881303365,2.478666322801321,15.563610186963778,10.802940308214417,286.12544232429013,1645.4551876226828,0.9161534080472503,0.6788081667075198
1640,693,-5.077265299427262,5.077265299427262,5.018713219105784,True,1.4312594696130796,0.3969610785444769,0.8598805778691396,0.23764678702598935,64.0,16.0,1.0946348844223437,4.251322042058172,18.938360805534767,14.143218967308307,228.57761345140972,1562.672513543485,0.807816958754048,0.9672572055440498
1641,1615,-5.059808612440191,5.059808612440191,5.018409966334863,True,1.485662397833467,0.34183041901637046,0.7418129067729626,0.18426244846067,72.0,17.0,3.081713034276759,2.373132476585173,12.355421109995058,8.1450994102445,397.82605069865684,2395.8444466399146,0.9589253773866804,0.6404495537836536
1642,2921,-5.045237075219157,5.045237075219157,5.018117578525343,True,1.4874223137795926,0.36917215469182174,0.6991602571989306,0.13794610713512634,75.0,19.0,2.7635094232631547,3.5855781277400336,18.908123745229226,10.029997560098568,283.767136511132,1443.1204093655388,0.9570650821770837,0.7356875896623786
1643,2243,-5.097787286159685,5.097787286159685,5.018092115010917,True,1.4959283741899212,0.3859403426290536,0.840018974525888,0.1675320700707288,82.0,16.0,0.5202265297591353,3.274509700234276,16.26465080017307,8.353113191618887,359.43914564997357,2865.4392622246028,0.8475245591557352,0.7707404703602942
1644,401,-5.056818181818182,5.056818181818182,5.017662640744872,True,1.5122739677548624,0.32759998476409563,0.719449231806361,0.12979807751922812,77.0,16.0,2.187180822920366,4.037039703209791,19.04233061735149,13.564240093241782,296.545491540707,1198.6517432497462,0.9344951219936796,0.523782358996766
1645,1003,-5.049579527941234,5.049579527941234,5.01738933448366,True,1.4212545830282297,0.38835455890598275,0.6429194262704007,0.26206235902565256,51.0,13.0,1.6512839115355342,1.9821543020518977,14.811702758395974,9.833786389651863,311.97333422509985,1862.6922009702432,0.7875915187488288,0.9278628798520205
1646,314,-5.057603686635945,5.057603686635945,5.017347509897314,True,1.4866744180475435,0.2949928734707374,0.8045652395675309,0.13957749838065164,77.0,14.0,3.878098491734432,4.440849024424672,13.49970287641602,10.318213646371987,480.09834673305136,1545.321969941037,0.9536267099782737,0.6188256899133098
1647,2845,-5.06281115182695,5.06281115182695,5.017103924464765,True,1.2826807294155462,0.36251218052810047,0.7244325756572071,0.16620654548816147,64.0,9.0,1.1811096557478886,2.1660969627443647,20.555924636082644,15.666437467964625,235.65371164517848,1644.2690305415986,0.8109610218490344,0.8185784481910233
1648,1208,-5.053191489361702,5.053191489361702,5.016970606739719,True,1.3294361920870867,0.363987446293509,0.7768802438464918,0.18044730317372293,83.0,16.0,2.3740096622348763,3.315296206851445,14.058992198392959,7.510876099084645,468.8938957506198,1500.2949965942012,0.8916347243656934,0.5227112434221199
1649,3048,-5.058621872979097,5.058621872979097,5.016833290334455,True,1.4513087050585904,0.3922345004002823,0.795938501885505,0.1733662362290604,83.0,2.0,1.1809585938604519,4.240261786082344,14.29019878420767,9.08133744584334,440.03005310968314,1709.0246683433372,0.9202189469559781,0.9075970923321377
1650,1379,-5.02911532760433,5.02911532760433,5.016568500278364,True,1.5156927129936018,0.399265665272976,0.8082567631070887,0.2370597847435862,79.0,13.0,2.233438186255855,1.430670607909105,12.214667076811217,8.28872319378009,400.777598085352,1916.9038364034204,0.8608216052537836,0.6698891055691618
1651,1803,-5.046770290112635,5.046770290112635,5.016473159324198,True,1.3722792939215682,0.3356283178455322,0.8934768883085238,0.2523958305112996,68.0,6.0,0.7772803591756992,3.8416168719415262,18.850226692186098,11.986514501053032,348.41658724209424,1170.1201232770159,0.9539844548445646,0.8869382067121991
1652,259,-5.020119441604269,5.020119441604269,5.016161883360702,True,1.4418963306706354,0.3882359212500889,0.8606738564510714,0.2022077815395882,75.0,16.0,0.790418632138826,3.832055976918094,20.02744706749082,12.822343743222277,266.3091596596331,1527.413270176296,0.9549180944185693,0.6436564703471959
1653,2605,-5.023051701708397,5.023051701708397,5.01597299053876,True,1.425040232378294,0.3912305345091528,0.8625398939082831,0.19157935485378502,48.0,14.0,1.1952595714197236,3.301132789039014,14.646283906278935,10.321506081995931,359.81851763324426,1797.8545138133245,0.7261714697168785,0.9288168413086342
1654,1242,-5.015818137732693,5.015818137732693,5.015818137732693,True,1.398205085735058,0.33039165410204896,0.8346969533611881,0.26975023230737466,81.0,18.0,4.3378003700748575,2.9292523418650953,17.057967219482162,11.758207433566378,316.63843421265483,2622.3890895020127,0.8446976969589151,0.8310549321020613
1655,2662,-5.056947608200455,5.056947608200455,5.015482934143863,True,1.4236188209241756,0.3855721997542848,0.8545090170919015,0.1288412364740198,75.0,19.0,1.1995011714411048,3.6309150815939315,19.319177519464013,11.808305461226038,314.7227935042748,1309.0573614386306,0.8300257126962348,0.6115837138566638
1656,84,-5.063131313131313,5.063131313131313,5.015145712843554,True,1.422215360462328,0.3682044537116589,0.8573278258573376,0.16152814023354817,67.0,18.0,1.1902934701733754,2.2549887638953545,18.99349139370738,9.317334773979631,327.39044936783904,2738.9489745418905,0.9165935859772181,0.5281585941716405
1657,329,-5.07386541233854,5.07386541233854,5.0146364798868035,True,1.4973833392014109,0.33848117993067195,0.8271094842159362,0.14395822633766373,68.0,12.0,0.7605570729744084,4.23620533974791,17.78434375929186,8.411270480109875,399.6256343101143,1498.0501045606889,0.9870429585759768,0.8772705953356326
1658,1357,-5.094686062979043,5.094686062979043,5.014628056010662,True,1.4442928094195848,0.3861897097104728,0.8873308372092433,0.1811664572190948,64.0,14.0,1.555303106000218,3.061297544063974,17.086742110163687,7.496459817008551,374.90784877735007,1582.5854377942694,0.7925678541589591,0.8713170221290745
1659,115,-5.036737178688098,5.036737178688098,5.014444974202512,True,1.4377741319523636,0.39032931406076665,0.6277525574087292,0.2737487070002752,70.0,18.0,4.48217251624107,2.6428990674580963,16.46878920691666,9.840704716134862,292.2948017771201,2684.117903396219,0.9814090491318603,0.7520040210019068
1660,2594,-5.064599483204134,5.064599483204134,5.014278249715186,True,1.4147671286355183,0.34343386535315185,0.7866994168194055,0.08904164882638635,64.0,20.0,3.0439768416960917,2.7912092335930416,24.170137495430843,17.099516102686714,240.3710998809098,1068.5710232187182,0.8876172629643382,0.7690560042741788
1661,2073,-5.060913013706225,5.060913013706225,5.013890704607601,True,1.4654094227099426,0.3741937515539922,0.8360589222705865,0.16732322419628295,55.0,9.0,1.0482802865678362,3.3446793551139047,13.847051234597343,9.778913206618686,412.6256455204615,1286.30044672231,0.966186109353979,0.9417045426861204
1662,2357,-5.074827396104558,5.074827396104558,5.01380737052895,True,1.5031006945197376,0.37192535547969846,0.7149063107724547,0.08200990855585669,63.0,12.0,1.115584729333767,2.6576267282591024,14.943682323268387,11.376107416298812,366.2925297755412,1906.8235107664584,0.7066268924354187,0.6434631290455407
1663,2698,-5.066314469082583,5.066314469082583,5.013792427340973,True,1.3967085039977647,0.3857746946152435,0.8381597990328972,0.16501154260709883,84.0,4.0,0.8095269537567582,3.9057294617714686,15.18289026705707,11.205964131677096,427.6876264614713,1127.5432281318467,0.9308958380332277,0.7162605366785713
1664,1562,-5.056689342403628,5.056689342403628,5.013700994626991,True,1.4517579815726094,0.3338497560242031,0.8847816583182653,0.12864415893163106,76.0,18.0,1.4998015712638875,3.373877578965252,17.212709102769498,10.304230043015467,323.47062781322074,2629.620466776642,0.9660161182749136,0.5073402799096036
1665,32,-5.042643507713379,5.042643507713379,5.013486844414628,True,1.352054907736493,0.33899708354761815,0.6933110558911013,0.11857338725209453,61.0,20.0,4.850212668367766,2.443649727591163,15.35916967697988,7.99688564092464,421.1788683969396,1282.440190785766,0.8595261166170768,0.9327559214552097
1666,916,-5.043811795161206,5.043811795161206,5.013267557395663,True,1.3409984612411778,0.3987776734199317,0.8465424039679434,0.13153104858488818,78.0,14.0,4.896915649782745,1.851058651814411,16.387658088808024,9.980488544012879,316.93904389695365,2879.126785553039,0.9247972520344582,0.5304322605640466
1667,474,-5.034567033402943,5.034567033402943,5.013026945061958,True,1.4946039379828666,0.36455662515699716,0.8549896344806831,0.1345819558389485,81.0,14.0,0.649451695575606,3.75438022577573,19.066021466233636,14.968646776031058,460.81433026120067,2125.1949010529574,0.5097285690477664,0.9842723126768432
1668,1972,-5.0195289791315165,5.0195289791315165,5.01302426312592,True,1.5208560610662287,0.3509113805621013,0.7595809010525514,0.1684456738964279,78.0,19.0,1.3101303438386283,3.1130996213490834,16.558859805955375,10.250979241527292,393.83013224218155,1153.3788761338474,0.9755256017435905,0.8785247840111776
1669,1827,-5.029625561509933,5.029625561509933,5.012938131472282,True,1.454382865273491,0.3380220615612055,0.8076462930163011,0.10341346499246817,82.0,14.0,2.948648354154175,3.8742091705682595,15.52044316392961,12.413964779853229,319.67560829271946,1680.7102781789765,0.901340517394926,0.5745013350732027
1670,2960,-5.0626566416040095,5.0626566416040095,5.012848815130402,True,1.5017431503902023,0.27600464545341086,0.7333712528456433,0.18028147725143653,67.0,19.0,4.428699484906781,2.7437949108462956,15.541861431487158,10.592570588744596,337.3698773529197,1356.9106960111344,0.9521204895555029,0.7526840998050729
1671,1246,-5.012740786768671,5.012740786768671,5.012740786768671,True,1.4331716691138705,0.35604256461852823,0.7432568601654719,0.18646170544567858,75.0,20.0,1.2770678516899372,2.6292080231568,16.644883648809635,8.009223952253025,414.46282459326994,2825.280936004282,0.9201213246059251,0.5486459291626398
1672,2155,-5.042861906612433,5.042861906612433,5.0126138928717285,True,1.4212282812876778,0.39107244293288745,0.8640455091020764,0.10440710934197958,88.0,5.0,0.7141260103345992,1.9359111600118986,12.922577334284725,9.569397475621557,385.8559831958999,2762.41994889564,0.7841046792729767,0.9147013273117349
1673,621,-5.0124348045346405,5.0124348045346405,5.0124348045346405,True,1.4354290430875913,0.3986692179134847,0.7036937080869664,0.22324486529795645,82.0,23.0,2.7626839279924433,3.3783699899875224,17.10681449850146,7.465465745131896,437.36921774205234,2305.1722926894395,0.8637715853249861,0.504197348594285
1674,98,-5.095237475681052,5.095237475681052,5.011965416734965,True,1.2784929042484185,0.3723098378650099,0.6530302056859336,0.2296101921118204,53.0,14.0,1.201450420944137,1.8862216079886105,14.179021980077302,9.627779578411374,361.66191778931034,2134.592519800108,0.7932947616310349,0.9137472629993262
1675,2626,-5.113020583592287,5.113020583592287,5.011963879340851,True,1.4011599596496727,0.37268524558742006,0.6908341844543815,0.14239975071528418,66.0,18.0,0.7467157714083497,2.232744851598988,21.197913053592377,9.80004748052886,382.88362189235073,1763.854234414022,0.6546206321663359,0.6860722695762196
1676,2078,-5.082273164703792,5.082273164703792,5.0117350617130905,True,1.507970434127599,0.36819715796689745,0.8987325013772294,0.169219804844604,59.0,14.0,1.5368269340865945,3.495930785494055,20.799379795902784,11.66677289442473,248.03450442839016,1399.9654879218883,0.8404765522476302,0.9713073714960261
1677,2255,-5.027523903698557,5.027523903698557,5.011463650322142,True,1.4399587391779363,0.36884751154738454,0.734039146833817,0.2845498666475047,78.0,18.0,4.50669117128584,3.642622357347819,16.302705720810128,10.539372718020896,292.3716467141906,1431.665651008323,0.9244286028888582,0.8381040501999546
1678,1146,-5.024170155731584,5.024170155731584,5.011439658779928,True,1.2837124994185636,0.30501048957453436,0.8947767981750503,0.2231663091370077,98.0,8.0,3.035412923822866,3.2732202119943743,11.603262678742848,9.153649395122931,462.28736846716293,1471.3851943412678,0.8979373155257244,0.7223593195072595
1679,857,-5.071313816132174,5.071313816132174,5.011287956858011,True,1.4015251234892752,0.34889391006890835,0.72815224997828,0.26120049182750366,74.0,12.0,0.6806462461724041,3.435489727438596,17.432851229573288,7.802549297282759,428.02531850995416,2430.4653335368257,0.9799010201600356,0.8700146457162468
1680,3056,-5.045283127866708,5.045283127866708,5.011074402915045,True,1.22611310744851,0.3959137580129639,0.8331090862038524,0.19645442967703175,80.0,18.0,0.6075885035004469,3.5924399947781405,14.307969431055415,7.667995363952469,499.65580826283156,2154.9209782307917,0.8612041117075626,0.7957132902615
1681,673,-5.0534131191146345,5.0534131191146345,5.010977622495331,True,1.4925510359867324,0.33712728898241123,0.7883567478423701,0.2470280368768898,65.0,11.0,1.3142224951246932,4.107361860684005,14.500159224376524,9.201545173919218,407.8456781204976,2728.916756467157,0.8870496647105862,0.8765043475433113
1682,197,-5.058139534883721,5.058139534883721,5.010926492452454,True,1.433775113513156,0.3809506850835428,0.7145374443040441,0.18421773622621923,75.0,16.0,3.7731882620191977,3.91818031788329,17.989334649407937,12.625303255860693,317.9364245049191,1299.3341767291772,0.9461376037672443,0.6424809715767769
1683,439,-5.01090786777042,5.01090786777042,5.01090786777042,True,1.4902930391115157,0.3891524978747516,0.8082025704905391,0.2501820980971001,99.0,27.0,2.971867510720582,2.8971212304231195,20.59349947536316,9.345056659089396,336.693838847176,1179.657640186012,0.9985343763890511,0.5445857082476966
1684,2025,-5.031975382943885,5.031975382943885,5.010589422108124,True,1.4226793670046578,0.35578726673632505,0.8832456057407218,0.09358334448027324,67.0,21.0,4.197787504108988,3.612995471311897,13.518657265051253,6.580496990311914,443.72739350467197,1660.19006848298,0.947759517392317,0.6759541207397317
1685,1589,-5.05800464037123,5.05800464037123,5.010516862649107,True,1.5101050027685006,0.35085148988401105,0.8253887844577124,0.26723459266265087,74.0,18.0,1.4272873378512112,3.1957937370285574,14.269830264254782,8.419853252454823,360.77763946458253,1155.9303346425409,0.9939558582706185,0.666113589974995
1686,1844,-5.010117429000017,5.010117429000017,5.010117429000017,True,1.3865845546043565,0.3697911455739007,0.692715590634193,0.2320895534017941,75.0,19.0,1.371128739307521,2.494217423862368,18.06689961937753,12.41723563070683,237.2043652459979,2251.3329207813094,0.9857571200036156,0.7629277791764943
1687,2962,-5.019614895578896,5.019614895578896,5.010077839720468,True,1.5148039459722125,0.3740197024067118,0.8888802204137148,0.16980691951344992,91.0,10.0,4.2505347590242355,3.297608834359643,18.82983158265818,8.25487314271538,377.538466538069,1391.3889298367262,0.9163754615318828,0.6893441341257299
1688,2491,-5.009718210805952,5.009718210805952,5.009718210805952,True,1.3917385786845076,0.3663717854478831,0.7850187158212066,0.09596206248376316,89.0,22.0,1.523565842096419,1.9341055497931725,14.739956585624267,7.336862691595911,394.6440906633774,2063.242050271518,0.9641197448287799,0.6669662135875893
1689,518,-5.062011095174268,5.062011095174268,5.00967930900732,True,1.3575202141020264,0.35673890898044697,0.774139099148342,0.29006309386003465,62.0,14.0,0.7672707291716234,3.4433484032439337,16.304782177959112,9.64062480257635,449.7088971143224,2902.3802331192164,0.8652199417852985,0.7032919782120137
1690,2336,-5.0760792753339015,5.0760792753339015,5.0094605475444265,True,1.3023635700779694,0.3978934203548269,0.7400293617709397,0.16928259472732837,71.0,12.0,0.5201424648973263,3.5353045985267713,17.249600227913426,12.792776404338973,328.34261364602486,1935.5962591983962,0.9359786600955655,0.6464989134278838
1691,3024,-5.069392674541794,5.069392674541794,5.008823703331549,True,1.40525037690554,0.3450834425826572,0.8139301618776049,0.09687728440096326,79.0,15.0,0.504308502958942,4.4845384951408205,22.895838889429292,10.098224067956908,348.73828740930804,1366.4062189217457,0.8357573342659432,0.7034774408805213
1692,2271,-5.056184554327955,5.056184554327955,5.008823310214046,True,1.4612997106304548,0.374221596246111,0.8118287404499239,0.10281310247097902,74.0,14.0,1.550419268606618,1.380267354742851,19.277410328030776,12.008302300974425,258.8184467225037,1578.2002769160126,0.9053822794152185,0.5441795611353767
1693,267,-5.094540588451238,5.094540588451238,5.008496317877269,True,1.4821156599708072,0.3647221242201093,0.8120606357700051,0.18047074333886978,63.0,16.0,0.6905177189272078,1.8694763743142704,17.61103193742514,9.411848285790434,330.3460154638767,1942.0460317438315,0.7939116447241836,0.7253332687614451
1694,245,-5.0591016548463354,5.0591016548463354,5.008405076062364,True,1.4073854897288325,0.38892315631386964,0.8270689504745795,0.17029389148004617,73.0,17.0,1.4916960130418049,2.682209727788862,20.76330331573836,11.433285310716558,275.7952130670905,2827.55522520668,0.9698506875633343,0.7033393637549129
1695,1801,-5.0080657186517215,5.0080657186517215,5.0080657186517215,True,1.4119751253493054,0.3719199023622341,0.8429437533607064,0.14707259502516334,90.0,23.0,4.849709154360351,4.059738446186252,16.311601583781464,10.410435897821213,428.8773534940576,1608.4877505988104,0.7427060955728022,0.7393006429130237
1696,1538,-5.017432343180226,5.017432343180226,5.008064216236037,True,1.4964013387601969,0.37935450315590186,0.7570841842744076,0.10133603582071699,72.0,17.0,1.5148727683663146,4.030331001510608,17.013884298617928,8.374283513593609,445.9374182305022,1246.7385116183173,0.8204458479092289,0.5193734318952051
1697,1124,-5.025527735127151,5.025527735127151,5.007780327004825,True,1.4780094704125832,0.3755823487148825,0.7892021995881722,0.27738269103138513,56.0,13.0,0.6109562128711428,2.594970797462852,16.14148923841245,7.347600040861216,399.06947872432994,1779.4681616164678,0.9553844405966354,0.9732210191785509
1698,261,-5.0298934520999,5.0298934520999,5.007563760597173,True,1.4051231121379808,0.38986304708482794,0.8329110760434768,0.15738740684900993,78.0,19.0,4.256573846201687,4.097568853926068,15.106695865378875,9.061629677878077,346.10091478897954,1852.8299924636462,0.9245072148736,0.8662948098928034
1699,2721,-5.017761816385345,5.017761816385345,5.007296504123017,True,1.4288187989375987,0.37050026957467797,0.7583548513032331,0.16703296157253278,65.0,15.0,3.4728191071736925,3.611122067695067,12.301111048339797,9.83188377013272,463.7394344828847,1436.5512518017672,0.9398581162174878,0.541364733595401
1700,574,-5.021238790169053,5.021238790169053,5.00708429311096,True,1.455120505795839,0.278581948742397,0.7541839194690121,0.27656505373364804,78.0,14.0,4.116096304581326,3.4924069675444986,16.57093865726574,11.313209781171654,334.9399700478847,1348.8823717548894,0.9498805556969512,0.7513352905109478
1701,1993,-5.042553665420179,5.042553665420179,5.007021799080627,True,1.2945765214019869,0.39447932329159074,0.8950981716309949,0.28200756797699034,64.0,19.0,4.799634854196059,3.958766432071582,14.283285637311735,8.823652628859689,466.433233230829,1070.8814538581687,0.9420188226493749,0.6155127950722703
1702,1995,-5.0339983964166475,5.0339983964166475,5.006677549243497,True,1.4570072057128576,0.39977718946430885,0.7525950420776555,0.12024740384233688,76.0,11.0,0.5855588302195516,2.223862681813979,16.792011572427185,10.804209452215892,314.5580150821545,2182.5053920143177,0.7833893267159284,0.6676918589726393
1703,513,-5.048076923076923,5.048076923076923,5.006534162480487,True,1.5111208088961934,0.344527418930458,0.8588208391484602,0.25018045508310777,96.0,11.0,3.0873016531535757,2.9669991092235897,14.599684730811228,8.257485979443226,401.0464808841735,1216.4667082130268,0.9361212887656514,0.5604783287271857
1704,1113,-5.008681435747693,5.008681435747693,5.00631394749545,True,1.4210336407952802,0.3667352046229351,0.7675651748711176,0.21920454830971936,81.0,12.0,1.413439065400079,2.984974150910951,18.169628089956714,9.681667741914058,381.5023963770725,1931.7195199168973,0.8111698354578608,0.516201024478087
1705,2596,-5.0339332262777985,5.0339332262777985,5.006296582595066,True,1.4845467172741584,0.32617920596422184,0.7661722612591566,0.15308580646216868,76.0,17.0,4.989363408036146,3.087857512741224,16.26488158777291,7.143772811624679,457.1589158499943,1871.9822651103007,0.801855243697724,0.7600899367722748
1706,2151,-5.016943261845867,5.016943261845867,5.006160547974934,True,1.4872106874951143,0.3481494793003295,0.8516451144341106,0.11644949009084446,65.0,20.0,4.5515801526408595,4.474461712043928,14.428901992854787,9.58967283305136,480.5406713830978,1021.9461012831259,0.7742801931604035,0.6743651740461885
1707,1263,-5.056690102184129,5.056690102184129,5.005737653219461,True,1.3821137555764547,0.380328105171474,0.8925182399896299,0.20825239721057406,98.0,8.0,0.9167369345317053,4.364593381426118,15.564169984701973,6.950481543599358,455.63322562197567,1646.9119255066348,0.9917880040593445,0.8265530162369144
1708,2939,-5.069357494107264,5.069357494107264,5.005687974523852,True,1.419426726555454,0.36061687305754453,0.7719804415002635,0.13763593883270775,75.0,9.0,0.7665152932125046,3.5865570383827707,21.26360035713195,9.681749726847315,401.0045222927953,1251.7845171805125,0.81756715985973,0.6688331044434503
1709,11,-5.061283616423914,5.061283616423914,5.005674532856341,True,1.4432706229081036,0.37864207783993004,0.8620700836567485,0.09761181339948914,61.0,20.0,4.901082922513423,2.5864339177722084,18.786907920718882,10.649994635624184,323.47924691366217,2618.648078783347,0.8598514708615204,0.7056435734224211
1710,900,-5.005336955649452,5.005336955649452,5.005336955649452,True,1.3394456185821733,0.36759443016211385,0.8511726114737406,0.21453433828650353,98.0,15.0,4.815758047724923,3.3112611884578733,19.83022811900376,13.417988116878814,265.83320740606456,1604.7747599414054,0.8298534073128156,0.7756496202799769
1711,1707,-5.048828125,5.048828125,5.005192288142695,True,1.3489708665861628,0.38989631917490475,0.8673917504267691,0.2061045802220746,92.0,15.0,4.219489725385602,4.157634360649354,13.92644256135787,10.915611272504481,328.01959040344144,1070.7953076171646,0.956296694105603,0.9211290794022803
1712,1188,-5.058986121725319,5.058986121725319,5.005183540455716,True,1.4650422360601014,0.37950716429576026,0.7574632086428525,0.2098543703009641,66.0,15.0,1.300813604781466,3.082211310803621,15.832045609135568,6.378234207242476,383.51716399117385,1214.3758420357058,0.9046193511837571,0.8413574339604395
1713,2702,-5.063434757918727,5.063434757918727,5.004990850628063,True,1.42474205504318,0.3729406994407356,0.739864948173534,0.17285666768073818,56.0,11.0,1.5956559677951052,4.270169436282495,15.007819478304842,8.566784501198617,468.5721665744019,1433.0607059092342,0.7384980923962681,0.7632292446852124
1714,3013,-5.027062486376767,5.027062486376767,5.004876140992199,True,1.5072610872302656,0.3795085699668421,0.6898676184900374,0.20656548485577853,71.0,21.0,2.9015789692774514,2.2725574136283258,19.34930429380402,9.173176174929562,292.87199456283093,1763.649031842278,0.8549567753081954,0.6741254393098064
1715,1298,-5.043844886207488,5.043844886207488,5.004847839211382,True,1.4364916116996815,0.37159302025153507,0.7740935985026125,0.28548443253447475,88.0,12.0,1.1133309452062385,2.4080405646918095,17.364718307155936,7.9170423359699935,375.2980235989878,1126.5543583596286,0.9000661096207594,0.6626016523331193
1716,2492,-5.061536103348285,5.061536103348285,5.004487875647325,True,1.4874463796150124,0.36393036186782335,0.7717677361551575,0.08452934011352242,70.0,12.0,0.569820766014999,4.153219051405475,18.07328587422491,10.131000811622727,420.2979302580268,1947.149005643098,0.8305558435983135,0.728504626404159
1717,1182,-5.004436470118048,5.004436470118048,5.004436470118048,True,1.3813240273390834,0.38486302615202894,0.8871591290307341,0.255741006168172,99.0,17.0,1.8065244283665587,2.019570664449893,19.72111890365843,8.954615085468854,330.47504707001326,1369.793608807211,0.8993888349367878,0.5297512706900658
1718,692,-5.01673113261634,5.01673113261634,5.004172395400066,True,1.3760451000553569,0.36199635998725976,0.8503007365945021,0.2204567592472883,91.0,11.0,0.6284118060126236,3.8468006054699835,14.57361399353264,10.42533092792008,379.11593861343533,1716.3046625800916,0.7342065152261887,0.8593952090641476
1719,1723,-5.036201951957859,5.036201951957859,5.003857792110363,True,1.2766970364433115,0.39823877180450395,0.8292794854282166,0.11860464792832504,60.0,17.0,2.7032111201401703,2.660712443894754,15.499232479792141,11.356455023535608,389.26793185643055,2051.2413571519137,0.8391171962982988,0.5055525300621629
1720,710,-5.037079403733434,5.037079403733434,5.003599288590939,True,1.504160454464527,0.36125185906628665,0.7197049239106001,0.2677063465941538,66.0,8.0,1.0800383696556457,2.9998258674951996,16.580260879635556,13.021828164636633,319.27218939220984,1994.7693293665977,0.762896708536015,0.764189390361051
1721,1169,-5.032581609054927,5.032581609054927,5.003571836318391,True,1.4558339778623501,0.3972178593535865,0.7568525354525607,0.20345410999834132,41.0,12.0,1.659976020216722,4.307428786966755,17.339556601848678,12.669245690595572,387.4498032341424,1786.2539873370988,0.6426016282263092,0.7098189113208246
1722,2217,-5.032200900541216,5.032200900541216,5.003412640595251,True,1.5108982612304145,0.37402611236964145,0.7088177515099596,0.09630260305813379,72.0,18.0,3.650522406750019,3.084823671366584,20.137111797678152,12.970668784993226,219.53626838855396,1526.4672282574002,0.9810844114572188,0.6701739612175891
1723,1191,-5.017890121859835,5.017890121859835,5.003372437341939,True,1.463741448971135,0.38315415617231685,0.8263440406322469,0.12485958443861757,84.0,2.0,1.028189729964624,4.488504861405774,16.358010818493206,10.144964676232933,419.0470661133501,2451.7515130226875,0.8220571113436452,0.8954736302866918
1724,2559,-5.039237004155733,5.039237004155733,5.003079134447802,True,1.3324246856081725,0.36616213280068755,0.8779471425988183,0.2702362760223375,89.0,17.0,3.8225163044767076,4.437576433722852,20.39597429239163,14.421420995070502,234.84980347127524,1840.5451354225615,0.9786428373255971,0.5316517411145862
1725,8,-5.044771079003478,5.044771079003478,5.003041300391137,True,1.4609205810011336,0.3936473880061341,0.7503732167190207,0.18658827973877506,65.0,14.0,0.5817420874795451,3.995781308351924,14.34622819900616,10.405272265714606,356.9200532189086,1976.7529906919965,0.9356083673344351,0.7518412074141154
1726,2086,-5.019579544865839,5.019579544865839,5.002846029787889,True,1.4454788049566192,0.38996310589210775,0.7957619986596083,0.24082711532033918,90.0,14.0,3.924297780556491,3.571550715100533,15.436908362031723,10.208660074978814,293.9865817886787,1737.434131151626,0.9375887455715628,0.7892697820576753
1727,508,-5.076199265756487,5.076199265756487,5.002833309815855,True,1.461977877356554,0.3998966823563125,0.7022049688179265,0.24193011204515297,60.0,12.0,1.2334302467591078,3.6633242147398075,18.826015254817868,10.04625364998005,310.4449942643185,1819.6406859798385,0.9056705138397532,0.8470552784847352
1728,415,-5.056433408577878,5.056433408577878,5.002686417794513,True,1.2609508351590404,0.38547735547645534,0.7496339821562653,0.20509564908532174,77.0,17.0,3.781295209122657,3.2721873253953873,16.506052441549844,10.1143100380662,356.14515889160907,1414.3183165763444,0.9535665778888116,0.710142556282674
1729,2877,-5.0553097345132745,5.0553097345132745,5.002572106415716,True,1.3781889240960565,0.3566273332247744,0.7837652178769641,0.09009876665509808,80.0,15.0,3.4147388459614567,2.77874030277956,18.134651093608284,9.639603531023257,334.4107272659959,1758.967371004015,0.9078626345558214,0.5945702253238274
1730,974,-5.039537958885848,5.039537958885848,5.001991188652506,True,1.4091252294245737,0.36938767080948337,0.8035283825744096,0.17551625881839705,83.0,15.0,2.373746616489954,3.1619911777464287,23.940521717675104,10.638865381789023,245.3813462887714,1339.575415696333,0.9643838715852902,0.6653045480129602
1731,802,-5.08236380551417,5.08236380551417,5.001859219928402,True,1.432694148062933,0.32657078114474397,0.8480667043620779,0.2843276739729075,60.0,15.0,0.8647390072309324,4.051242546285067,22.12511113195245,17.01098219293695,239.59594535015603,1134.6857781862077,0.8827651583653713,0.9539204864264583
1732,520,-5.055679287305122,5.055679287305122,5.00150231610785,True,1.4668041923648514,0.3611045258996938,0.8313473910962885,0.28527438777728803,77.0,19.0,4.827568753817625,4.091577004494564,17.3065088743184,12.328232813913289,305.8444790509822,1916.9853367813107,0.8408395767113996,0.734016437549144
1733,1943,-5.057830269913294,5.057830269913294,5.001180723907167,True,1.46723350510026,0.3980685344255697,0.8756725981144104,0.12835036980457132,81.0,10.0,0.7572500098918606,2.302126129905066,16.345035967458326,11.596789702229652,316.32570049294486,2009.1758031819677,0.6837279535099516,0.8338077149839904
1734,350,-5.025465010556097,5.025465010556097,5.001105639041185,True,1.3078469771247136,0.3301023353416821,0.5973164680136517,0.09470195632324965,56.0,9.0,1.0898060231507136,2.9073040207016083,15.20529523717885,9.274060689035473,395.1543408446014,2091.356917459371,0.9037323697503845,0.8946671134089328
1735,417,-5.059400349071432,5.059400349071432,5.001005608952455,True,1.4426185463599266,0.37465380826727007,0.6927002046136409,0.21328497172655003,68.0,17.0,1.5625898280952075,2.1837138314014624,22.771579550873252,13.612578185247866,246.4319358936221,1161.825142549772,0.8841633770336461,0.6881748840635531
1736,2579,-5.026118041119807,5.026118041119807,5.00030957694154,True,1.455398945658556,0.3803385057672384,0.7819238713366763,0.1255172771603446,78.0,5.0,0.8040746776111125,4.14935509087888,13.755106672663231,9.521084907316432,489.9076248165196,1735.7720959153523,0.8145465809339609,0.8268793579202643
1737,1361,-5.0352198671686885,5.0352198671686885,5.000159801058006,True,1.4735506528175975,0.34779085543322213,0.7546944003231166,0.2887446911443199,75.0,19.0,0.8221926158128205,1.7507127634944322,16.447930427175727,6.713554895839909,415.91706023389446,1433.4579199395453,0.8523513954570483,0.6310447300702695
1738,2992,-5.025751958399174,5.025751958399174,5.000154341348953,True,1.4055600575260314,0.3657485083034859,0.8716141503090322,0.12850566437297156,91.0,14.0,2.611123964154877,3.7371864466558833,16.663987393670112,10.916256221589201,282.00104467950916,2794.1085374841755,0.9432114981707429,0.631991665948836
1739,2693,-5.025846833073325,5.025846833073325,4.999769596062486,True,1.324438789021012,0.3809063508741398,0.7317444404399163,0.12994601984163193,71.0,21.0,2.069587768396283,3.675288418978906,12.337430785028603,6.819586793761658,482.2519400084474,1682.8528921512063,0.994161846273584,0.5666584724676478
1740,160,-5.045683917594543,5.045683917594543,4.999727209181374,True,1.5035510188243237,0.3755569466440625,0.7378800818578808,0.09603902566395704,79.0,15.0,1.5543739909882537,2.7044998442290367,15.591235418678652,10.003552258803765,310.00842388640376,1172.9868520067794,0.9605373069977572,0.7122169796354405
1741,2125,-5.042148488292652,5.042148488292652,4.999269118771883,True,1.4488575297403186,0.3572401645298302,0.7776006063563052,0.1054982266732227,69.0,13.0,0.5030893428288854,2.6318607077636402,20.370259152645144,9.207030912158649,312.73823606614167,1252.8513108729417,0.9018331128708005,0.9446441222271058
1742,1420,-5.038589643747978,5.038589643747978,4.999021562726921,True,1.294614061558914,0.3492429480334802,0.8120034115855342,0.2592208247832735,74.0,17.0,4.488317916356534,2.9264008123866008,14.445261565555011,8.507424696604762,386.4483517221589,1108.5652332905747,0.9502897491966475,0.6767458643701723
1743,872,-5.0339707247578325,5.0339707247578325,4.999016327242631,True,1.358511180806409,0.32522161415351264,0.8847479214439551,0.15110562921069998,80.0,15.0,1.431350545654062,4.279871579067761,18.30266542353903,8.778659085030435,411.11086609218677,2780.1034088178585,0.9705982318664317,0.53290950615066
1744,1468,-5.043889835751273,5.043889835751273,4.998688816929081,True,1.4391773104743886,0.3973016418256906,0.7999285345172128,0.21142969099217318,70.0,7.0,0.9367797790264105,2.5779648391836587,18.97311195931059,11.159430558339414,345.3203626105363,2291.260104683525,0.7913394191041688,0.7122973833499957
1745,1050,-5.053660784875729,5.053660784875729,4.998655738052306,True,1.3503560298766915,0.3866343498407966,0.8877748384433144,0.0916205302856517,76.0,12.0,1.2510568842747503,3.7929204764223865,22.164099987184343,9.726715442640563,356.40354333754027,1870.0967322891718,0.7498533930150256,0.7039702363439395
1746,2803,-5.0625,5.0625,4.998588112186749,True,1.3654639676893239,0.38327821349490865,0.8744801728465961,0.15145998014605008,66.0,21.0,3.0893590564740543,3.7096036225226854,17.93007329800378,11.367048351388076,302.8206320444364,1229.1525072749769,0.9603040529384906,0.669348459227427
1747,1367,-5.070068612829842,5.070068612829842,4.998428481127586,True,1.4110324047213705,0.3208183741000329,0.6725493033456557,0.12891859316785897,65.0,13.0,0.8908506133510012,3.9642463506894123,17.17243478481528,8.918732563770618,389.0077846414648,1436.119234343797,0.8576803653753002,0.8602364854434237
1748,58,-5.024491131558913,5.024491131558913,4.998387652303019,True,1.481412215564441,0.32559137030429824,0.6547874985040832,0.20038635069830452,60.0,15.0,3.567634447520836,1.764589238494558,13.020837331777264,9.467894287096916,437.81723903133064,1016.2484117969506,0.8659677631679353,0.614509998751873
1749,1062,-4.997954868600021,4.997954868600021,4.997954868600021,True,1.4672686872289453,0.38734064321066325,0.8853585870723045,0.2577723677516053,92.0,26.0,3.5083630487114035,3.6262725209612614,13.605273692790682,7.715889414394336,385.1252671154976,2062.102705673918,0.9895865162610102,0.6968173688622683
1750,380,-5.048571840558354,5.048571840558354,4.997895900104957,True,1.455926614723693,0.37925143715553467,0.7509630422877336,0.25545698185922355,81.0,17.0,0.7525997429515137,3.8220902351453083,19.362945157334554,9.835631249827562,301.6295292358851,1893.5221883342417,0.9530647472965372,0.7200618616783672
1751,1775,-5.08166431386657,5.08166431386657,4.997265503613799,True,1.4832934900094639,0.37238836673941544,0.8044551800366382,0.26198786302612775,71.0,17.0,0.6997293686374686,4.049458116716474,19.346815655037968,12.140960752625944,290.9996371315119,1888.7026490800322,0.742772434188683,0.8179309201181947
1752,1344,-5.056306306306306,5.056306306306306,4.997219816606451,True,1.4154862202931522,0.32269844765211897,0.8591752097010614,0.23823897063553795,79.0,14.0,4.726991600760096,2.2914341585710645,12.830303696292606,8.041905324579695,494.7759287395752,2384.719928470191,0.8387044715675097,0.9241996602886625
1753,484,-5.001599999053501,5.001599999053501,4.9969109963494125,True,1.499114628968854,0.35972658304353516,0.8201357864070281,0.12964589218614275,73.0,24.0,2.8671426057447214,3.0183405450742233,21.669146811328762,13.319967203403635,245.33671146796144,1008.3301233199993,0.8653871823286752,0.5292750693688419
1754,2636,-5.014241981871923,5.014241981871923,4.996882728259028,True,1.4914078392336323,0.3912797910402032,0.8185362350590963,0.2392362539531242,86.0,12.0,0.9694609638024199,4.183855242336164,16.57248884228328,12.191729109368747,419.9691410808024,1306.2720578565297,0.8660264859678878,0.812017902782413
1755,1765,-5.0085319842280125,5.0085319842280125,4.996538933042536,True,1.4886501710518019,0.271038559610841,0.8720076330166879,0.1828973086641384,75.0,16.0,4.45264823641628,4.154861607588828,15.611447234402405,11.79084387023788,312.80235857158533,1324.81038282288,0.9876250535322445,0.8996016699820757
1756,877,-5.048355899419729,5.048355899419729,4.9960003908478985,True,1.3293536239530936,0.35026470488952466,0.8740643582065186,0.29018933740579156,93.0,15.0,4.107511404195876,4.425122011522899,13.820779069106397,8.316631737732003,416.2263218606264,1321.1610502012727,0.9785711275364728,0.7005077395221889
1757,1732,-4.9956254595871865,4.9956254595871865,4.9956254595871865,True,1.2724166450893348,0.3909547687047787,0.8512128004715125,0.11975718854649788,83.0,18.0,4.092536559277159,3.034668794030776,14.940063550009954,11.454188050162136,357.1709243887439,1861.8291320846083,0.7925898394649904,0.6936705922869539
1758,2846,-5.035650414876352,5.035650414876352,4.995388140765916,True,1.425362688473218,0.37427581145716804,0.7355850286395187,0.18938352794055063,66.0,8.0,0.9447800585413793,3.167890625191835,20.73057687944408,13.56135516704398,328.5620634789641,1789.6964419473866,0.7157732085966383,0.7264909485444727
1759,1032,-5.008517103470519,5.008517103470519,4.995154256261928,True,1.432073995166488,0.39774165017979857,0.8294824480400393,0.25092173048423483,94.0,10.0,2.732001275805621,2.46071781205201,19.52299540213872,8.496802088191096,322.45986028739367,1925.4925460703546,0.8942910602369486,0.6641085312771202
1760,1089,-5.061124694376528,5.061124694376528,4.994995332898439,True,1.4404396374936117,0.3956851076425179,0.7998065076731216,0.10874414849801982,69.0,19.0,1.7595343716482947,3.3019111489369912,14.150205260810186,7.852081373732737,393.2623463796305,2159.6737105369257,0.9865213757752953,0.6715384940814321
1761,1431,-5.067118680280117,5.067118680280117,4.9949952837311535,True,1.3183426523611808,0.37202827866095156,0.8867351480686312,0.19644205993137057,46.0,13.0,0.8992381849162567,2.910402429819496,13.851230345685579,8.806319237847157,463.35605263443097,1496.6024039419503,0.9173718746763375,0.822939400339762
1762,1832,-5.020839830648587,5.020839830648587,4.9935800951940035,True,1.433094648735064,0.3784108811087101,0.7186495865517835,0.08151508269462256,78.0,12.0,1.557487391183239,1.2236306157162762,14.056170916218495,7.648599112154982,396.4930016886953,2673.719706114027,0.9094498695983714,0.6316784526195118
1763,1414,-5.058780348130716,5.058780348130716,4.9934904309180315,True,1.1458663193764564,0.37327958277874507,0.7897103828985845,0.257644740489389,92.0,10.0,0.6937442613336393,2.1282234721115256,12.81596530232127,7.8958346761467935,452.95069347069625,2153.7546629709545,0.9310583346235974,0.8373519772587166
1764,960,-5.075073065692294,5.075073065692294,4.993290300293666,True,1.504433263948791,0.3157695403607544,0.7015367838530014,0.15051739930065647,59.0,8.0,1.4837139927436036,1.6446329690515995,19.69739755615592,10.508411336125494,274.3577022879681,1436.7771693519312,0.9686032156459987,0.8561073592863977
1765,2634,-5.04357082741929,5.04357082741929,4.99270463080599,True,1.3783302462591185,0.35198567793910596,0.7297317508895467,0.20023124187510297,70.0,15.0,1.9588430613957872,3.193612276969959,17.202646502952035,10.872278784370346,371.4936821737552,1385.9901882820582,0.9479118742636214,0.5076938001897541
1766,880,-5.022705795033974,5.022705795033974,4.992396632853142,True,1.331058562327371,0.383238424461983,0.8681958941244243,0.25548679551934317,85.0,18.0,1.79122320543703,4.251271445885604,19.008107069965344,7.80766632481783,413.551295854563,2611.5887514297483,0.9279065133101443,0.5073612008015391
1767,321,-5.053313699625796,5.053313699625796,4.99227529313247,True,1.4608224073371634,0.37994920795196446,0.6533541163737278,0.14738155570459954,55.0,8.0,1.5241111293360827,3.0787286419889677,20.187131207362217,11.083399052312068,306.53744988457083,2031.6403298496648,0.9141071339724676,0.8837088985118731
1768,2607,-5.053074301195326,5.053074301195326,4.992054666171086,True,1.3167258123501548,0.3073366550503231,0.6936829024997535,0.1529855075359301,76.0,16.0,3.340706834289148,2.913383805518426,20.72590315005924,15.804971081219367,268.29409855814504,1177.037042870353,0.8309911556342544,0.5013479978613342
1769,2121,-5.008654944485517,5.008654944485517,4.99197382870183,True,1.4405707700771446,0.37377302968741266,0.8634961122550342,0.1561722598851878,64.0,18.0,4.316079168703492,2.3058809664147693,18.391026324476748,12.68686308617114,270.7880566333295,2913.4884084523665,0.8187976018992112,0.731963782744231
1770,335,-5.007084166096746,5.007084166096746,4.991499948515207,True,1.4611184194223592,0.3684360205036231,0.8322300568684586,0.16553479595549797,81.0,1.0,1.188007437359906,3.8987957305838883,18.65225611225923,8.584479414222294,380.71532611763536,1265.5797900726066,0.9835569759506322,0.9286529097602305
1771,1900,-5.062672359516015,5.062672359516015,4.991390806627357,True,1.3600792120590397,0.3923141277198641,0.8389837321069863,0.2857110691010347,83.0,11.0,1.107264577585506,1.8036049724032406,14.384487767615745,6.649280520317117,394.79038768428023,1458.9626986102733,0.9086693717878922,0.867347085387211
1772,2215,-5.05720823798627,5.05720823798627,4.990960194557767,True,1.5094604494768373,0.3884745639931644,0.8876069774994249,0.20208675780984403,74.0,20.0,4.054962046790347,4.3239757266663945,18.06487723757549,12.06338033338863,302.5388650689386,1139.2179084437741,0.8902033098176267,0.6812729207051968
1773,1270,-4.991484534016705,4.991484534016705,4.990756445127648,True,1.4346265195447125,0.3855355320965066,0.855986788714618,0.20646153647685273,73.0,13.0,2.3810005964354053,2.679196539442,19.593986373546546,8.57597222220492,366.1100765686405,2572.9111835794856,0.9080118374587722,0.6037162820327399
1774,359,-5.034415956568116,5.034415956568116,4.990725072127948,True,1.2290387796068543,0.3558257517546488,0.8107752573353597,0.13428533735686765,93.0,11.0,4.440838825117092,4.301064262818456,12.366012301451123,9.498722401640675,447.8654980773121,1551.8725357725516,0.9655123992167114,0.7316562534699803
1775,309,-5.041015177433019,5.041015177433019,4.989864683444956,True,1.4137348176836884,0.3765230646124562,0.834899471399172,0.17921459342726287,70.0,8.0,1.0115436294577478,4.22250547907216,16.726728449855322,11.213792247805339,375.5458942120134,1019.6413729695078,0.8520203774927094,0.8330310052097751
1776,2885,-5.006783475902735,5.006783475902735,4.989660250735604,True,1.3298859773486311,0.3747394541766605,0.7369124497279105,0.1806156626472787,48.0,13.0,0.9208592406210316,3.125451720649658,22.769374068273027,13.291697657052765,313.4588864757734,2195.9808594382316,0.7688356653048414,0.6905255117595077
1777,1818,-4.989322246551839,4.989322246551839,4.989322246551839,True,1.4913747761560578,0.3708239796791483,0.8237942252332108,0.190937921789755,96.0,27.0,4.525500051366159,3.7722170006114193,12.934074037792065,9.088617683780004,403.66818318420997,2208.660893178978,0.964442491292281,0.6395708211929898
1778,2441,-4.994492783078303,4.994492783078303,4.989303799915881,True,1.4373102166587455,0.3935432927498195,0.7912154237933953,0.11657632576541067,69.0,16.0,4.999892852402109,3.5739116294058952,16.11167758291381,11.781668907173566,322.1111419524317,1855.8512525710091,0.8862655794668831,0.6293755279994886
1779,2000,-4.995570330365057,4.995570330365057,4.989241181469352,True,1.382117218546604,0.3858652396699266,0.7871630347548788,0.138035792637468,85.0,17.0,1.521362752187568,4.4157243661508065,14.377635807511819,10.272926577468343,353.27712263692234,1305.40621530391,0.8418014327933891,0.5586462649790855
1780,1250,-5.0588235294117645,5.0588235294117645,4.989026326676695,True,1.4748486936149403,0.3957188657167194,0.8824992991004281,0.1887590431092289,71.0,21.0,3.4108393371689045,2.760655199461186,15.674015459672987,7.076545357499893,408.2231516161682,2353.116477088379,0.8672768659625552,0.5576455484633727
1781,1764,-5.06426735218509,5.06426735218509,4.9889216911072785,True,1.432903743092767,0.34165912643666,0.7442475014420024,0.08031574927919576,65.0,19.0,4.559460770666099,2.9368684768362283,14.112150808584062,8.440056821774231,419.17740757191507,1998.5062186353612,0.920680726147898,0.5854769302532077
1782,1797,-5.053648068669528,5.053648068669528,4.98869553325332,True,1.441548409465984,0.36661767374302234,0.8894630878614991,0.15507788719265,84.0,13.0,4.8192154573886405,2.647269685858112,13.82258845080468,9.56196395211334,383.994670740648,1624.9794792480361,0.9001666543999909,0.7375660015288087
1783,344,-5.005428272980522,5.005428272980522,4.987714773734546,True,1.497852977310703,0.33803560486482226,0.8922783396216682,0.11975885962833595,57.0,10.0,0.5785595380287245,2.895519457704718,17.40687479598792,11.992996150982778,324.0612387954215,1343.3311309946075,0.981123243680831,0.9335940671504145
1784,748,-5.025104039538681,5.025104039538681,4.987597716635488,True,1.5012406213175908,0.30606341734913345,0.6572738386530177,0.26109797191259154,67.0,8.0,0.7602227997550899,4.152558854352452,19.82584747133013,14.121858567945061,310.29231234039037,2519.8326857956954,0.9310018442004961,0.7969008869954105
1785,686,-5.011377156299844,5.011377156299844,4.987451093376431,True,1.5026912334085527,0.38375147215685584,0.673977874930679,0.118775501509399,72.0,16.0,4.864339815407808,3.960370187890469,11.979487841726364,8.944511052214942,417.9527165346302,1959.3491406737,0.9574197405176643,0.7671807582032064
1786,1444,-5.042382821218421,5.042382821218421,4.986858294673848,True,1.2514792969927535,0.37246386821996647,0.8718986134130893,0.2631262666233657,69.0,9.0,1.1663003419874407,4.335932461886473,14.619630520229162,10.24625944046739,421.3510855436153,1521.5574965008948,0.7281756646193573,0.9148697076810788
1787,2135,-5.027552599245005,5.027552599245005,4.9867824222879715,True,1.386414512628055,0.3549063176864389,0.8473086080639614,0.2326542636176233,79.0,9.0,0.7804294485761161,1.8366709179639131,19.40344663919986,8.47973124108804,312.25966410374576,2043.3828941694392,0.9357567390427828,0.7871566091545255
1788,466,-5.041910770427929,5.041910770427929,4.986350075289958,True,1.4498378510005596,0.3246963879987105,0.7120940874288554,0.1554891467893364,70.0,16.0,4.631027460009015,2.251985708169792,19.262936737456297,11.750693461879033,269.3498102728024,1419.7745351856083,0.9565765125259051,0.6224702280561142
1789,1607,-5.02017147731396,5.02017147731396,4.985830790780636,True,1.3782793169364693,0.3624956453181594,0.7039814809393571,0.09515208505608293,48.0,11.0,0.8808292406304061,3.8060093872897625,17.119839163936522,12.11098011288944,329.5279393712202,1760.9159506118654,0.9839936383868405,0.9873773017514623
1790,2150,-5.049946801355433,5.049946801355433,4.984648950708692,True,1.492585825593715,0.3532866872368714,0.8620572607231098,0.11736355158376821,83.0,15.0,2.9550529722819685,1.6393339471455564,20.638316122906037,15.406825226136293,201.36843922749838,1289.572896307786,0.8962211858202116,0.7529434921479206
1791,291,-4.9846031192410285,4.9846031192410285,4.9846031192410285,True,1.3650011627285303,0.3340683866430919,0.8169555149207426,0.13494119660890314,68.0,22.0,4.785463660097779,1.8526307681734042,13.108408072595743,10.106680550596929,341.2939734365348,1483.8766983831003,0.9556644057274115,0.5883041943113958
1792,26,-5.036074523463448,5.036074523463448,4.984279989195777,True,1.3600054424749894,0.3103874675766584,0.7872826953919565,0.145987939661701,59.0,10.0,0.9705404340529395,4.0826649255427,16.95111137253753,10.118393395393243,439.4320024185955,2382.197415068834,0.8460592615742057,0.8247728427358618
1793,1325,-5.01626025549573,5.01626025549573,4.983924584969802,True,1.4621214351560807,0.36172864661041637,0.658800400929253,0.2467567152187964,63.0,7.0,1.322104719062097,3.5140742860021765,16.586640046150954,7.428561076504764,393.2491948936978,2054.8723739197903,0.9768949091091285,0.8880945018622475
1794,1616,-5.049705661329144,5.049705661329144,4.983852029306192,True,1.4002585458287817,0.3878954965888871,0.862809752337997,0.14437594292425934,77.0,18.0,2.8774810359590113,4.009163983210663,14.161107486562305,9.711303689046217,367.89888506856494,1666.1582503366994,0.9228907015720081,0.6003783081177312
1795,317,-5.009787294950794,5.009787294950794,4.983701262602731,True,1.5203313995368042,0.30694621357090346,0.8092747892666361,0.1314004324750846,92.0,7.0,4.971457936045598,2.4699793059995554,15.390742481575806,9.91005588870967,347.99531464575017,2373.529637686412,0.9470140344252123,0.9560542979981794
1796,2683,-5.03312507556542,5.03312507556542,4.983248773036949,True,1.4863866246477675,0.39224733588063065,0.8200542771231578,0.1657278105991553,66.0,7.0,1.2274465414565054,3.5467664483777286,12.948903048456124,8.804128756720287,400.31697833674576,2781.527161772598,0.9907935489919661,0.8896321096070188
1797,1694,-4.983225599559276,4.983225599559276,4.983225599559276,True,1.2367828559906453,0.39091723153526914,0.8331827105614331,0.2195465910192872,73.0,22.0,4.3911488653894475,2.1650486507754003,14.155390485801012,7.843310502555084,407.05883900312966,2449.4493805182105,0.9803306566079835,0.9098310669499079
1798,2166,-5.053646056305297,5.053646056305297,4.982691363683799,True,1.2007737506358611,0.37909626116016093,0.8747805666014477,0.27897228976907174,77.0,15.0,3.551841540832613,2.766630749357025,16.991537458209827,11.000612819492865,339.2474911967116,2170.9642221738154,0.9106930039960999,0.5157013361633473
1799,976,-5.0095269782357095,5.0095269782357095,4.982471796121372,True,1.465900863823776,0.3676633004414138,0.8697664755977472,0.2880437740885163,74.0,20.0,3.2922058747921885,4.467525645859087,12.808523193326238,9.569791804767197,355.9248480356015,1888.683813279963,0.9363040863765058,0.708017566891376
1800,237,-4.986160341098941,4.986160341098941,4.982126573224393,True,1.4156769847441208,0.38817881723922903,0.8336896777746531,0.16183119789813075,66.0,18.0,2.9074621296695415,4.186305770440415,18.24798431004862,12.4518146643391,287.94931353117215,1464.5040486944192,0.9262025639416476,0.6300408748561683
1801,1701,-4.990361857051356,4.990361857051356,4.982026606448189,True,1.277287628668837,0.39328560902406606,0.7798622583152314,0.08519139874428028,69.0,18.0,1.2977187332081206,2.222256709068509,13.624335087690184,9.964574317657615,317.94812205837695,1665.9937145062718,0.9687319818758331,0.6624041492645616
1802,502,-5.055666831274675,5.055666831274675,4.981875435613815,True,1.3681515922635454,0.2775841201717824,0.8098578439068301,0.22176799647209733,64.0,12.0,0.9876399999158465,3.6436558366409115,20.67461355924312,12.128012758452348,306.6753456535389,1573.978338456468,0.9953360694489417,0.9358733517120621
1803,1960,-5.019296785491685,5.019296785491685,4.981792270800581,True,1.4683390254842683,0.3859065085480895,0.8596148495394763,0.21927891308991668,64.0,8.0,1.1187444311456793,3.9984932320311364,18.613219657771303,13.260903498039145,274.7739213712314,1729.8667220344782,0.9236604683582208,0.8870430132528375
1804,1317,-5.053078556263269,5.053078556263269,4.981708249583198,True,1.514120750238227,0.39285662349806744,0.7777391144129445,0.26294808017936655,82.0,18.0,2.4229639771106926,2.9696490432922604,15.703801005346538,11.242206237350953,360.82549908439023,1295.9405121058817,0.7013985582054265,0.533950949901129
1805,2530,-5.014299346088318,5.014299346088318,4.981694075554486,True,1.4811552694403731,0.37348727579423113,0.8131999199278502,0.18919431439061402,45.0,10.0,1.4990608153456164,3.408360402897721,20.38538840625381,10.730770061478653,326.72079749817294,1585.2183696837433,0.821442602734775,0.7953831080509703
1806,1609,-5.042797969891009,5.042797969891009,4.981619765126838,True,1.301692840872526,0.3411039476519998,0.8434591921843168,0.1339741938486104,80.0,13.0,1.5835035243138855,2.2485194670833564,15.32260568962687,9.58975661319806,348.8712056442545,1592.035167463095,0.9542175472468354,0.6022730428643661
1807,456,-5.064775405179388,5.064775405179388,4.981372671040001,True,1.42653630560184,0.3865955278203708,0.7953574715651904,0.19582350663456946,65.0,13.0,1.0874758645223432,4.000678300036351,15.02315517845147,10.23141317347695,426.88199469743745,2123.556349145554,0.8506178265387216,0.6103190734504079
1808,2296,-4.995969749850902,4.995969749850902,4.981180306691629,True,1.3774676285781045,0.373202786520491,0.806795547044526,0.1659658461129127,64.0,20.0,2.6297308918059032,3.385068585387668,16.825164859407042,12.389595589746085,291.00071143710574,1512.8624146682882,0.8316651812268891,0.606559293311147
1809,241,-4.989725093659791,4.989725093659791,4.9806249040288115,True,1.3777002846917843,0.34315981935709716,0.7592976985947081,0.1632728311046958,77.0,14.0,1.0410696549519158,2.3416472277604043,15.724576878662177,7.7313435495474785,338.77918564733267,1686.8460861749843,0.9925697169893534,0.7049361988902092
1810,1507,-4.995499426842429,4.995499426842429,4.979609944022987,True,1.4136070092482784,0.36421506865817743,0.746011632430549,0.2807907362445527,52.0,4.0,1.8139829992663599,3.4070265671347313,19.06676908370294,12.561508485860196,313.55263681313335,1429.5838764384782,0.8551361458424382,0.8441496256247196
1811,242,-5.033045802556672,5.033045802556672,4.979099200470577,True,1.4784118608145462,0.3825539059398848,0.7646543744994976,0.15079273746033084,57.0,12.0,1.1762830234585575,3.512489135382925,20.64439126376041,11.878735646181449,332.09684502565295,2025.6600040213307,0.6761823881058422,0.7034163423359971
1812,1057,-5.049686843761304,5.049686843761304,4.976587276429488,True,1.505881080598399,0.3789102242513968,0.7890150603036412,0.28642216599856374,82.0,12.0,2.0798858213628044,2.1350055908633228,13.223884917208359,6.09317496038142,482.8633463653003,1034.3403147005276,0.9761830619456162,0.6286736544503764
1813,1690,-5.013644052549201,5.013644052549201,4.97650325255594,True,1.469793999498062,0.3337740820408194,0.7187949075229768,0.14426443617454088,78.0,10.0,0.8124245425824064,4.323212945316217,12.95938092003535,9.529594637066932,385.078011208456,1772.5085731928018,0.8113793048639848,0.963069724681314
1814,737,-4.97851373176456,4.97851373176456,4.976500669090931,True,1.3636849078916937,0.34437163961692774,0.6897619306395861,0.15648426766705587,72.0,12.0,1.3236723433523574,3.619694503596816,23.962423950768823,14.058514451884669,299.0476367648298,1215.622345495594,0.8373610015714388,0.5579898031753525
1815,2245,-5.007936476264934,5.007936476264934,4.97594574976792,True,1.4419869228070832,0.3518911084171284,0.758124061116607,0.16246008631465536,75.0,15.0,1.9108728909917745,2.6361501332038375,13.150521000368041,10.208388045439433,338.2654128211202,1336.4921410470192,0.9083103756019943,0.6228988621074631
1816,2393,-5.0246496249039705,5.0246496249039705,4.9758112659927285,True,1.4350533545576463,0.322352445905612,0.7701591216514028,0.15821450972767134,86.0,5.0,0.5328042931270476,1.5044582385840815,15.916873896203445,8.644560704214856,378.166695535268,1399.674566353801,0.8486832620407757,0.8303299624018811
1817,861,-4.998947248422995,4.998947248422995,4.97548653671349,True,1.4396081008664843,0.3812441040137732,0.8674932023113884,0.16614999964818866,85.0,15.0,4.697847114279744,3.876626843449648,15.955085298402258,7.183684971540895,496.2328717873223,2580.1345698917917,0.7474795133420634,0.6861166188229202
1818,2919,-5.050534404882707,5.050534404882707,4.975382890299636,True,1.5132115374046062,0.38997017125479116,0.7577149842828659,0.25163491308589053,78.0,18.0,3.9721282924354107,4.267152205909071,19.19089260844952,15.26348418552001,291.5438210439927,2602.009132210163,0.7550220228219232,0.6406869048031688
1819,2132,-5.042162314558622,5.042162314558622,4.975358853254281,True,1.4487761417944454,0.37761107534245386,0.8155609154906539,0.1319577618274012,87.0,8.0,0.5983752266929638,3.9334715123366015,20.3896754515057,12.906024763172086,287.2710133051339,1858.8884401325658,0.7937085763283411,0.9582703877203713
1820,825,-5.014928265348084,5.014928265348084,4.974012410111439,True,1.3217148660672475,0.38602785287036334,0.8807255816994075,0.25299738214039175,62.0,6.0,1.5763895900884641,3.676445202082347,15.426992631945375,10.298765235080717,444.0619242772957,2091.3944615967007,0.7295441843994215,0.7263176980196318
1821,2685,-4.988273504642639,4.988273504642639,4.973721761763765,True,1.4577202920802448,0.3326995789467207,0.8524973053242122,0.19252327178371303,92.0,14.0,4.356145506053258,3.736590055119037,12.734217271412577,9.08904464828221,382.22426486083816,1298.6505244569298,0.8754754436802965,0.8633075720879618
1822,2961,-5.010025747555201,5.010025747555201,4.973657730263382,True,1.4570408059724356,0.3267620895520862,0.7837533593452108,0.15033520883098173,56.0,18.0,1.556785863274662,3.1612779385993606,21.326194533833544,11.98643811590081,283.0964253284037,1543.6683137340451,0.9932061898166404,0.6283237143920276
1823,92,-5.056596824181541,5.056596824181541,4.973633401683236,True,1.431892823813497,0.388587566582287,0.7191186782318378,0.2692860815589018,56.0,16.0,0.6122920720071612,3.4199867884695183,13.185591396752447,9.849559505153854,434.9679347750134,1553.7440893718126,0.7854067057200877,0.8000727790457849
1824,113,-5.02576704905049,5.02576704905049,4.97246886634097,True,1.4624387105950292,0.3584059180864512,0.8124753135748505,0.18303505821002108,72.0,20.0,3.254916279186529,2.142020228517377,17.17710783529504,8.817039515673391,335.68857662031365,1859.7296672423001,0.8628087177489274,0.6935704659863073
1825,1887,-4.999432587420404,4.999432587420404,4.97227327774232,True,1.4688520095754884,0.39295335598713,0.8114641988225034,0.13012160405309348,62.0,20.0,1.7630337968645242,3.31390965499029,15.417618041060399,9.031981518030905,434.2768044419805,1476.5198348679796,0.7204425923607471,0.5099205138664582
1826,2421,-5.050240487942128,5.050240487942128,4.9722040214761005,True,1.4842929144126356,0.3812391231824509,0.8077164928581544,0.13212802149503203,75.0,10.0,0.6008267474406779,2.6525549919618694,18.53730092222358,13.876243120986777,248.25371544064797,2053.152046300159,0.8536361960067642,0.7898866563243452
1827,2486,-4.9801267870554415,4.9801267870554415,4.971835422714667,True,1.4513087181657616,0.3528209928600121,0.7793073649822198,0.10899396185189358,70.0,13.0,0.5616546260465989,2.6192118996369227,20.190871154192017,11.779306113014513,288.47116503047476,1270.7431137054882,0.9048969419850891,0.6371581864615423
1828,2556,-5.02804294954843,5.02804294954843,4.971786842260467,True,1.4465345259249647,0.3914167732580799,0.8240998103635717,0.22409018280486576,62.0,15.0,0.6125271152930716,4.063938091725398,21.547468633768354,11.629838309857455,287.95909206794556,2244.7587751963974,0.8630571206453284,0.9077522816326076
1829,253,-5.030956078814313,5.030956078814313,4.971634226925513,True,1.4148716994897124,0.3862652952816581,0.6193492961480451,0.17127948672591353,54.0,9.0,1.3636341392016496,2.4701133140836316,15.513581255869537,9.989957078716941,354.4987643405242,2615.0109022376328,0.8156866463823055,0.8874278623360896
1830,292,-4.980083910964197,4.980083910964197,4.971530498224043,True,1.4677742579283213,0.33856917429258054,0.7095719889934352,0.1145014244577564,52.0,12.0,0.5898492596378171,2.102764845419677,16.358346602994008,10.734525278319035,294.77102329019465,1328.1672912460026,0.9732794222355472,0.9013599658484723
1831,1898,-4.971224394776564,4.971224394776564,4.971224394776564,True,1.395809821897545,0.3610311596718281,0.880527020365546,0.1546419052000978,95.0,20.0,3.4126962520255244,3.330952232198018,14.63467772311021,7.977785068358594,379.8218967895975,1806.9718580958115,0.9604603170824426,0.6367396981625923
1832,1314,-5.051362044756696,5.051362044756696,4.97118665043139,True,1.4360362630136025,0.39999581832209685,0.7888670797735357,0.11204328459232295,72.0,20.0,1.3376929620636886,2.8080215415621304,17.55534918910241,8.116216605853044,320.42299478155456,1888.8496317831505,0.9300829202919527,0.7774591939964826
1833,2281,-4.999292375589781,4.999292375589781,4.97106496695076,True,1.4470897863054886,0.32722200052900635,0.6195304647088051,0.18678684081758118,70.0,13.0,3.822940576559297,1.0275453826432686,16.069483860092944,12.793536989673873,250.21860348060727,1689.6840595179299,0.933837254647145,0.9287597463206043
1834,196,-4.978653132327855,4.978653132327855,4.9707983638420785,True,1.5122504422874918,0.39239850944011845,0.6991077607201035,0.22881990362349752,65.0,4.0,1.1397909431224829,3.875289042340973,14.418757619744827,9.525324973747535,443.7944480543195,2904.813044907822,0.8284764638365165,0.9952026264930935
1835,1880,-5.011778952072874,5.011778952072874,4.9700321938410825,True,1.3963467398644664,0.37351300637495727,0.780101816060816,0.09323770675331584,75.0,13.0,2.7460949296241735,3.3126469890100916,16.507619865429703,10.370859446742102,394.0284358810851,1155.5658410165022,0.8668420431515977,0.518845378557343
1836,2332,-5.018635587999191,5.018635587999191,4.969736324735574,True,1.461161556611798,0.3349253083459603,0.7998931823339976,0.2602306826536025,63.0,9.0,1.4115543272928963,3.4529932738700193,17.142020387824488,12.42688357084618,256.3387227163566,1871.9705534027794,0.8880498420195972,0.972435022603626
1837,1579,-4.9705237513645075,4.9705237513645075,4.969017566211533,True,1.403716980481156,0.3463427581106333,0.8802308208685612,0.16854361501169116,57.0,19.0,3.252935351609283,3.802068407748034,16.15315537584531,12.156556990007497,307.77899647310255,1721.6815669596258,0.9209565602011566,0.6764829189840631
1838,1227,-5.008520108063775,5.008520108063775,4.968462339540617,True,1.4851144036419535,0.39155973695875534,0.7716260574296894,0.24476403506414007,68.0,15.0,4.203117682493211,3.36859369466517,13.222246617181153,8.40847923647075,441.92024239881783,1570.6545511603229,0.9319581626136858,0.7736246680380867
1839,228,-5.048953037542042,5.048953037542042,4.96823571801699,True,1.333930615996077,0.38238473946797763,0.7443182828376298,0.1998206529038811,80.0,13.0,4.887229483051906,2.507621197005966,19.032859319461625,9.54797118998882,328.66992455457194,2724.2374393697355,0.9704422711058336,0.781781338873651
1840,786,-4.968093914491332,4.968093914491332,4.968093914491332,True,1.3259267402966417,0.38067649035526957,0.8030337717597105,0.16684567674301576,86.0,16.0,2.6983226305310355,2.242719053075639,21.488635032315557,14.29979878074429,251.3367411337082,1467.5862496264344,0.8206126238783864,0.545421950509035
1841,1511,-5.0206526620620595,5.0206526620620595,4.968001673690428,True,1.3740217406475812,0.3764843422557913,0.775947709603723,0.09141413793715009,78.0,10.0,1.6875056126084433,2.2892281783570767,15.545700991154359,10.605899137594959,350.87790065303574,1172.0667991995372,0.9605385326559495,0.591045548431847
1842,2912,-5.049286838263166,5.049286838263166,4.967989844571818,True,1.5201152288662743,0.32278248682659016,0.70713355593172,0.22581759785134414,75.0,13.0,0.9973331130644745,2.998345281524851,22.722938285156182,13.695183165935097,302.61996136745654,1231.8781153749255,0.8414026096290026,0.7918922392162553
1843,430,-5.047506212977239,5.047506212977239,4.96743898347154,True,1.4473216998621004,0.32593118199255056,0.8614972258128382,0.20057764254474814,85.0,15.0,3.4641351936861673,4.020144838407432,23.01816781524026,10.928493416956353,290.2600399227652,1575.0988252397958,0.9759658680035147,0.6016746154475074
1844,2005,-4.992850146709168,4.992850146709168,4.96725211342229,True,1.5180806714930686,0.3595288268630621,0.8893634304205709,0.19039590639063372,87.0,13.0,3.853795563044135,3.430654983556922,14.281100477857278,9.926016660675332,304.24674325808354,1568.7819009268865,0.9650021228360122,0.5025617016359865
1845,2489,-4.997263573171542,4.997263573171542,4.967233969193755,True,1.3728642215404274,0.37777325081288543,0.894713911500143,0.25379659276839245,70.0,16.0,3.168268993637269,2.6172482654221856,20.04835698052841,13.811769751239513,260.0706928143784,2147.768412379416,0.8202751887418046,0.6620767480626181
1846,3012,-5.038409039133298,5.038409039133298,4.967224424631164,True,1.5210405394304436,0.32736758564784185,0.8118655621674506,0.1111645322957889,75.0,16.0,3.831101326902366,3.2477844572633825,18.75769660965736,14.071825946044495,249.66075132764627,1493.6602960382972,0.9098717759266243,0.5342382659711609
1847,2185,-4.992319816169143,4.992319816169143,4.967103560412678,True,1.5116021218248177,0.35541627952365373,0.7723235974396659,0.11714167460131449,73.0,19.0,4.51033119780996,4.246169331483543,12.098879452210058,7.503345700486035,487.253779637208,1519.3067071515006,0.8034644001881899,0.5463055368283467
1848,531,-4.989802720429505,4.989802720429505,4.966586497922055,True,1.4359119152164879,0.39258529096136585,0.8651288164631596,0.2623248852445455,75.0,19.0,1.4945302534463005,4.472324832447322,17.524260470106498,11.013507692511462,286.8275572872487,1745.0593951885296,0.9025410156176816,0.6598007594280371
1849,1881,-5.020886207451603,5.020886207451603,4.966556853267344,True,1.4371494366935413,0.3324250213668853,0.8543035096122158,0.18608329934293633,69.0,14.0,3.43031165107276,3.0664211438902247,19.452271499246603,13.92704726570674,286.8440175772015,1481.416697899776,0.9617692363163531,0.5742219952363041
1850,2568,-4.991762404456405,4.991762404456405,4.966427384159072,True,1.4682731157397855,0.37911179820455587,0.7776505536894267,0.16929553262705807,83.0,11.0,1.4239543359760936,3.4884998860341545,23.714066523325798,14.268886308492466,255.35878916463056,1400.4549094493582,0.9110716644950135,0.6424986286236408
1851,1811,-4.986043506576634,4.986043506576634,4.966363746467814,True,1.5188244788819605,0.3964813494039751,0.8313968605896197,0.14397881750909408,78.0,14.0,4.4566721094285615,4.184025783623833,13.821836656659325,10.402260104062693,340.0655490267756,1316.2458676495094,0.9840960721913947,0.7277158701026283
1852,331,-4.999322954887229,4.999322954887229,4.9662146942228125,True,1.505397277741972,0.31976170112962243,0.826729222189595,0.23702615664520746,61.0,14.0,0.5123374968182128,2.4747811156063677,20.44998722133478,12.99908847028546,287.6677132700774,2221.8332761521538,0.7233125152714508,0.6930086849654553
1853,1693,-4.984171792080005,4.984171792080005,4.9660980424522005,True,1.4740145473381192,0.38127951587646447,0.7950185405295174,0.16622597992708105,78.0,12.0,4.5613934762847315,1.7775196368683974,16.99787375120484,13.59404822751731,247.70892061637778,1375.004341753348,0.837984914706529,0.9032220749294468
1854,2444,-5.02684014081748,5.02684014081748,4.965925649634477,True,1.3068095352354723,0.3863198528914364,0.7759602060771932,0.25082006265114415,61.0,11.0,1.2498057932498563,4.371779797240819,13.666713729875713,6.647267259279343,491.49842592801565,1358.771140410379,0.848519646956912,0.9339405884833203
1855,1194,-5.035502852285007,5.035502852285007,4.965468754137279,True,1.5149875803205515,0.3444048652560062,0.7624248973926959,0.2624230453419048,72.0,15.0,3.8891239310121173,2.4432934053610147,16.886956346946928,10.507185226581786,319.111522731948,1235.5426524278573,0.9254297136520406,0.7661670627602728
1856,2404,-4.964415403520069,4.964415403520069,4.964415403520069,True,1.443173937145172,0.3297341811655375,0.7677365734084076,0.27018678750871117,93.0,25.0,1.3334149473083576,2.1520114502534615,17.169863180978325,13.615683664634105,261.6437681816133,2007.633848539445,0.9589852826637258,0.5387675346240355
1857,2023,-5.0334679411722165,5.0334679411722165,4.963328584036731,True,1.2735249488152174,0.3460369816660513,0.8989141568541528,0.16744314825613793,59.0,19.0,3.651949326590776,2.679353372659534,16.926874155995584,8.592330608764485,389.443910116996,2108.7101671053733,0.9336496468084934,0.6360304506580436
1858,2371,-5.04365960951071,5.04365960951071,4.963292649858669,True,1.4443514787956033,0.3845281545003841,0.8415431018516697,0.1986016682348128,76.0,13.0,0.7633896726083715,2.0564080863604284,23.484106012693744,15.977527448170854,205.2327522651056,1380.9162291560292,0.9677272097884674,0.8365577090550553
1859,2630,-4.9957758821654785,4.9957758821654785,4.963072144856331,True,1.4643689773380757,0.33280103354901924,0.8072756940109136,0.11842303508168875,89.0,11.0,2.926940017104922,2.8718660361824555,19.79856828846126,11.019908014680887,295.49756817053554,2491.048650009228,0.8422301005793752,0.6088079587335121
1860,2932,-4.999519671781844,4.999519671781844,4.962033996390659,True,1.44376128788254,0.38718551874856566,0.6783798810873674,0.2166354732126895,68.0,10.0,1.2611820074345592,3.3598694083438163,24.604363703599745,10.618950263584871,246.59777533570156,1347.661962644091,0.7920855744409103,0.9098398375439095
1861,1445,-4.961526486164723,4.961526486164723,4.961526486164723,True,1.3082779657069368,0.3722873402787775,0.8380491667863377,0.2883912545289101,82.0,21.0,1.712544119442845,4.317307142003335,15.151589061816408,9.61915588836219,421.9744234567,1825.3905068043669,0.8800892882095325,0.5177806026305272
1862,320,-4.99717934035863,4.99717934035863,4.961487774080726,True,1.4786604636040415,0.35707301867974334,0.8429269552135901,0.13982372083695924,89.0,11.0,2.1838855923413614,4.320157857050174,17.130372420808207,10.133095242190194,370.5534484876873,1102.2332906379697,0.9363722242686282,0.5171849867799538
1863,2036,-5.03559688885835,5.03559688885835,4.961313650179994,True,1.5056829918288483,0.39583788041383894,0.6703586261467979,0.21256816859611805,71.0,17.0,3.614363727653606,1.5238365986952285,22.722199390590294,12.89510734059947,291.5644052568805,1676.8307611346245,0.6895717769154085,0.5395891908649413
1864,1845,-5.012134558113244,5.012134558113244,4.96126388801332,True,1.386452493808967,0.3619678211484488,0.7827859791147529,0.2816845867231664,77.0,13.0,4.4377526051086535,3.7203887505708155,15.979064825169889,11.001779861471455,346.609779404252,1404.2067935095472,0.9754114174107162,0.517060813075283
1865,2984,-5.015485008577851,5.015485008577851,4.9611928278243145,True,1.3919027142197262,0.3782987494503267,0.8296062409349003,0.21701671948986925,52.0,12.0,1.1151343733273689,3.6869542506879736,17.15696569440174,10.799922981654147,419.31377856219365,1589.691386374392,0.6494516174946033,0.7180437739313783
1866,712,-4.985985575810212,4.985985575810212,4.960987486888438,True,1.3348223532882328,0.39866691313272007,0.863597907351171,0.26231170821318983,85.0,13.0,2.5226581678576885,3.296852328831942,12.952097601972122,10.042247466404866,385.9187358896239,2033.4357205232627,0.822293516751885,0.608408537409898
1867,2380,-4.981483648689513,4.981483648689513,4.960680880902892,True,1.3507516738660423,0.3668028768179563,0.8658282289445849,0.2386067298246889,61.0,18.0,1.7945392598538104,1.9588877656838277,19.319038160502316,12.354847174927615,299.4206611735535,2284.966696650077,0.76943365801835,0.5850232101952559
1868,2346,-4.976474545732042,4.976474545732042,4.960575487618433,True,1.4884056889431276,0.3924417889929882,0.8528570105806843,0.1798718408236973,81.0,17.0,2.8091112454073284,4.471899912015661,22.006659082356148,11.849234755887883,290.92481581722757,1578.2099193009715,0.7847501677307784,0.6211773598716909
1869,2764,-4.991570401607956,4.991570401607956,4.960424382601328,True,1.2730810313698768,0.3428506720395696,0.8082386303637221,0.1941080026332449,66.0,14.0,0.755573716266698,3.3425819733486053,15.662012717700371,12.30547889672152,449.9494104446734,2503.78222856699,0.7015701838641513,0.636495155707707
1870,2321,-4.998636865060193,4.998636865060193,4.959930842554159,True,1.4329325707102565,0.3372527879787695,0.8160726479712949,0.14560901063941334,78.0,17.0,0.8687575535283771,4.020272610603891,22.049858162113843,13.627544613374209,404.8525459549787,1433.3480232179204,0.5661341153702266,0.7037874144232581
1871,442,-4.971396601745812,4.971396601745812,4.959880744115947,True,1.494542328492516,0.37860587208644747,0.6824967301070203,0.1929769408328774,66.0,9.0,1.27542929914953,3.3577226582348585,15.93965108524988,9.57634234249321,269.25750186962654,1229.5076985470164,0.9903890117759624,0.9045054392339144
1872,2266,-4.983736850755537,4.983736850755537,4.959687739558463,True,1.4173934407761868,0.3851946046111736,0.7866353453730393,0.19368426091025054,79.0,12.0,2.063369116339878,3.5510324756741385,17.3149406250498,10.337606533248543,350.38188127102177,1370.416718431178,0.9056566377027353,0.5339758037634493
1873,1982,-5.037367845282407,5.037367845282407,4.959666138802156,True,1.4285725347859535,0.3851946441218754,0.7124518311772089,0.08630061511857211,64.0,19.0,2.02195939722757,3.3538117033359236,18.791919728787423,8.371582450143055,377.47558353853515,1426.3468380648883,0.9122290296600585,0.6433495808288208
1874,2949,-4.965455085603781,4.965455085603781,4.959383453519231,True,1.379398590229533,0.3635107083371734,0.8531965559725894,0.16112124318435506,67.0,16.0,3.6019457990125066,3.8490877364400733,22.992133290307336,12.749461443403536,309.6481701474344,1656.0430930050927,0.8203316288592617,0.5299921873198865
1875,1174,-4.972318828534347,4.972318828534347,4.959068035563281,True,1.5092604826152503,0.3833256846648868,0.8632643782340548,0.17359417997955914,50.0,10.0,0.9219736073681757,4.204508827326814,11.52369970434267,8.981712473157138,488.21307529171384,1654.2786696702142,0.867594080070762,0.9034655657284073
1876,2952,-4.965077821254626,4.965077821254626,4.959010596096329,True,1.3203724588397567,0.38785494716293445,0.7629079901024242,0.15333699989360997,74.0,17.0,1.1628054285634284,3.5396733729941694,23.15044201107012,15.327072081464655,275.182345712322,2907.734702392348,0.8726821272982718,0.6313548471713077
1877,2231,-4.983844280720979,4.983844280720979,4.958983218426721,True,1.2276971713736264,0.37995177863187757,0.6405510666848324,0.08519559663395594,66.0,13.0,3.679676422570236,2.306027421469562,12.69364432110639,8.411909715964807,437.7502235342279,1255.1788045070584,0.9967167104296422,0.6657426006833268
1878,2178,-4.967215326555897,4.967215326555897,4.958848845698981,True,1.4665229746442872,0.3906739834571992,0.6763847271174335,0.22336333137127434,73.0,19.0,3.5449692121434486,4.389897472288562,15.207845601253211,10.556447979052999,369.6430536358697,1042.193427681923,0.7680996146303852,0.6551355561241508
1879,1271,-4.962262118332015,4.962262118332015,4.958843235542002,True,1.4000633925113506,0.37612900622837797,0.8318804022316405,0.09186319908348702,92.0,13.0,1.008415174965706,4.186191331867885,18.518755864483907,9.742512558526194,295.82407031141753,1897.3571139475353,0.9021148730657893,0.5594016814235283
1880,1767,-4.964721027600828,4.964721027600828,4.958565032950371,True,1.3284530131225827,0.3674210013233872,0.829272140366498,0.13954020218207883,72.0,16.0,4.290269218815395,4.444696025864945,13.292002066276433,8.987875071265487,409.3553616358413,2599.940074603302,0.9853831134413307,0.9046939817959953
1881,725,-5.018532237764546,5.018532237764546,4.957961759152965,True,1.4623351237906175,0.32023303023743344,0.8737147216479242,0.2153681407632706,69.0,16.0,4.109455396953152,2.6655951785116088,17.912719197850855,13.160285939300817,263.13641150079087,2909.379432526719,0.9039397007917456,0.5100998025660429
1882,727,-5.027792518971602,5.027792518971602,4.957271462292738,True,1.507184766935798,0.3990467971472382,0.8810592802187198,0.27591415439797556,78.0,11.0,1.4875029324476134,2.9929103306139933,16.11442632041486,9.205172350042803,391.0385562349747,1411.3635102179123,0.9803526248131609,0.5195168738692819
1883,1527,-5.032333191559277,5.032333191559277,4.956855754432391,True,1.4582574842245397,0.39292359846839,0.8199244265997545,0.20882250492891388,53.0,12.0,1.1267173895707876,3.2508940283649883,16.176792497401145,8.548524101405317,354.05259257899235,1961.60896123902,0.9347152872405187,0.8841679468678922
1884,747,-5.056835106116374,5.056835106116374,4.956791332680527,True,1.5114693793362024,0.33525875630124585,0.8847595414760854,0.1706573172359457,80.0,15.0,0.7103931498713791,3.4578365185010447,14.29481604189343,6.7762303508177935,441.9902382711157,2058.068142214505,0.8425548479210974,0.8721712335083469
1885,2450,-4.993159099974303,4.993159099974303,4.956458644437342,True,1.5109885824025946,0.35935123393781043,0.8519848243298839,0.20392735393020828,76.0,13.0,2.2687267876571897,2.1922832398021694,18.801345030821587,10.868555214999049,309.9933932596681,1701.1629122331008,0.8038628965682462,0.5675894674611444
1886,2787,-4.983309990229024,4.983309990229024,4.956368013560132,True,1.314675007843212,0.3946224480003826,0.8195371008766005,0.21263514590433896,70.0,6.0,0.9714228035574253,3.183274882395072,19.158002853745522,13.536828130137337,295.071062864585,1509.4633381061258,0.7886830399435447,0.7491085323769184
1887,1177,-4.985459228819545,4.985459228819545,4.9562840528280985,True,1.404306737763196,0.3798047027248509,0.7612642564466485,0.2379717179529157,37.0,12.0,1.1763246813677823,4.472197474191214,14.04993791584091,9.717540052486907,447.1633228404538,1369.6728694055382,0.858052835691819,0.8903606923345178
1888,1977,-5.011496251619503,5.011496251619503,4.9556860279887385,True,1.4591410771215385,0.359699101282082,0.6937768746050901,0.11169561076712234,42.0,13.0,0.7942045585310264,2.5867113171038834,16.290830685306567,9.339273481316077,434.94408733450666,2102.3240514110093,0.7950706346573642,0.7621655333578181
1889,1571,-5.0272888872528485,5.0272888872528485,4.955171098913292,True,1.1452481518289612,0.3758259831680013,0.7859995221403198,0.21055874778354655,63.0,17.0,2.265271806740575,2.410894090425259,14.476421587317231,9.36863164768083,408.0260515771043,2061.733596488562,0.9149773518802586,0.559139212149882
1890,1435,-4.971177015056082,4.971177015056082,4.955115548617717,True,1.2779854210477153,0.39313444935319275,0.6416046091984462,0.2277057953758087,62.0,5.0,1.5527500473950278,2.9137132209848136,16.77270896908807,8.3187678029132,388.52448178250546,1371.5143306122177,0.760696928386544,0.8733466735935964
1891,2214,-5.015578987573797,5.015578987573797,4.9548988962185865,True,1.501729304121708,0.3665834464922235,0.7667196133623315,0.1656622502921032,47.0,15.0,0.9555016949786976,3.260705531116971,15.033179119653218,8.323922630861466,456.5143796077989,1481.2120386351723,0.752171556339588,0.6691511192545978
1892,91,-4.954540843666099,4.954540843666099,4.954540843666099,True,1.267272360104818,0.3834238075327655,0.8351384401283213,0.09715477020989632,86.0,18.0,1.7448232618457786,3.188982942886029,18.428481116576027,8.39816868930889,344.7102981901621,1122.7718035307985,0.9845890226748917,0.6106963242490163
1893,665,-4.985933556792743,4.985933556792743,4.954530913980195,True,1.4834226081989863,0.39775742191879,0.8495458172297901,0.2167851112113186,79.0,6.0,0.5235137288543781,3.147995060350463,14.421200320124132,8.928641111971057,438.07333233010536,1811.3077555562097,0.7797756282206512,0.9355314653085329
1894,2814,-4.9767937007501395,4.9767937007501395,4.953748102769536,True,1.4238855025321246,0.34663661319762473,0.7836767265506208,0.22268151828215474,77.0,19.0,2.5111076156162446,3.8240980612824744,19.81084899864795,10.540914178406833,304.66380003511597,1401.622041299252,0.8829693263258911,0.667333733777633
1895,1462,-5.015195733638658,5.015195733638658,4.953224316293145,True,1.5237734144067525,0.3920630016842839,0.6490664029831131,0.09026064303201876,60.0,7.0,1.6839090166491317,4.26499840401151,17.379602640568745,11.55782827509147,387.9718480164447,1728.5858283333266,0.6153160330627135,0.776988973873568
1896,2720,-5.041943694935092,5.041943694935092,4.9531925360545435,True,1.4856275250274473,0.3604081493919124,0.7677154650912715,0.2592591893889047,57.0,13.0,1.3929238012060523,2.7217543680542318,15.003743724228958,10.516153058183908,437.36964327655755,1964.3834867607343,0.810862871602148,0.6217861946246421
1897,2789,-4.977364943044908,4.977364943044908,4.953109404802415,True,1.4232440087954459,0.3963497355951351,0.7888186937863166,0.16593213882474883,64.0,12.0,0.5318554392637651,3.6894015760393444,18.648297887286063,12.283090990285178,288.01186968374054,1097.3125528937474,0.9273083614297876,0.6670162815585899
1898,2968,-5.012182862768867,5.012182862768867,4.953057071595772,True,1.516447747038764,0.33143074173697257,0.6837712544710527,0.2241433572396636,72.0,17.0,2.5115464974820196,3.575040654747089,17.02343126515788,7.99852397889776,355.59005495639923,1884.8143640050503,0.991172257971412,0.7273798124886002
1899,608,-5.0196270076145595,5.0196270076145595,4.95298472145043,True,1.3875306073856464,0.37164543269528943,0.8971072996830145,0.24186117669271737,64.0,19.0,3.247660188595765,3.47668996586449,13.748441784482178,7.430628642647233,477.7088454658085,1895.972529279142,0.8725168922550772,0.5341994075567904
1900,2959,-5.009201257342943,5.009201257342943,4.9529105467649375,True,1.4711679245821767,0.33840817373176646,0.7051056068420517,0.16019688281117764,68.0,16.0,3.733967329095292,4.0792403465219245,13.13373508605946,9.009990176888667,451.07560196134295,1367.528877547506,0.9590127895659684,0.5213924386853082
1901,286,-5.0203777755345635,5.0203777755345635,4.95270526951321,True,1.4962567423198454,0.3441711066847933,0.8103330517216248,0.2994200689038961,67.0,18.0,1.0285735499031494,3.410556206967135,15.104090378465562,8.98015554410242,353.6301098999999,2436.8359782299767,0.9727545804026849,0.6025930610485375
1902,2317,-4.980633417461712,4.980633417461712,4.9525925318007555,True,1.3929154581586634,0.3567723180513427,0.7044506386147152,0.27687605076301597,55.0,11.0,0.5180263495099093,2.349029424190259,17.37049174624983,10.780105607250789,362.50633861174254,1682.8220572412865,0.8390701265233675,0.8118332326876869
1903,1396,-5.0008505470133855,5.0008505470133855,4.952422088334682,True,1.3198033616019722,0.39799174936609194,0.884342109893574,0.2315020703215105,80.0,13.0,3.304756181925997,2.8137572090367717,12.87853349911949,7.531124229562042,451.84215123247753,1987.4730044474775,0.8842824211382936,0.5472678868577956
1904,1202,-4.991743855313384,4.991743855313384,4.952134339971324,True,1.461782440402804,0.3767583089385777,0.8001539079894783,0.2877791149628794,88.0,14.0,1.470537400368353,4.241251419400576,20.466021680347144,9.62255702145404,340.70650485934607,1613.526377533857,0.81831653228282,0.653580984458082
1905,1252,-5.0245451454281085,5.0245451454281085,4.952098834771645,True,1.4046775781766498,0.3848117678678351,0.8460679426758217,0.22702377165879617,94.0,4.0,0.9842857761592241,3.7047692079009886,16.839208325427652,6.803437322427962,462.6725922661754,1449.7049022708225,0.9824162766386859,0.7862309887614288
1906,262,-4.968424028478091,4.968424028478091,4.951829925498705,True,1.28241446774795,0.3498753486186043,0.8597250510705206,0.20334987685588837,58.0,17.0,3.465816172148881,3.336102691138145,12.658946284290199,9.339420900749339,440.5584090040617,2290.6739319950316,0.9072339753033944,0.7466000282547648
1907,1964,-5.025962050976261,5.025962050976261,4.951743383780091,True,1.5008578506661672,0.3957651519329726,0.8033260834091343,0.16947148656753652,77.0,17.0,3.5160266589650906,4.18069229317922,17.206185322801062,9.153659270947156,341.32302991593224,2317.838771899882,0.9485395305935613,0.5766565954559402
1908,1489,-5.00448595820235,5.00448595820235,4.9516327515505685,True,1.4113240109419618,0.37526022819187144,0.8973635556078641,0.2758549911878495,76.0,14.0,2.6841306799169296,2.7683169413161712,10.553047431630336,8.33254655433807,451.1301661105007,2328.9335045814123,0.9076659115429415,0.7679877920726325
1909,2092,-5.040276990254048,5.040276990254048,4.9511913955236375,True,1.456779539770491,0.3892580897038356,0.8818362047352015,0.21774178351843898,69.0,18.0,3.867579311485478,1.9459771079646995,16.34440463015135,12.966830121676793,320.31751139923665,1367.444993287901,0.7001522435641891,0.5119004715507942
1910,2312,-4.970118046644962,4.970118046644962,4.951186457180853,True,1.417029456427541,0.31223603736703964,0.741937956014828,0.09631018608168283,80.0,8.0,0.5223979217041905,4.159845578951327,19.81741551243387,9.622953180695806,395.1472719771034,1704.9939590440993,0.7934486685870797,0.7922843424333057
1911,366,-5.019443342864872,5.019443342864872,4.950241217886587,True,1.384703447156141,0.30326175679323597,0.6220244157838801,0.15230779979533138,60.0,12.0,0.716418018299648,2.5994037050475054,17.91418813454187,12.19090876355596,318.59454485383685,2162.706767891174,0.8046245435375585,0.8118086314681735
1912,2860,-4.994736051364335,4.994736051364335,4.950151781129706,True,1.3448234637748668,0.3861888539065004,0.8499763313680888,0.09169920699889582,74.0,15.0,3.4654292688280126,2.9985080591664506,13.896254991453294,7.874210490250632,411.03664825015153,2094.962054562273,0.9234426814573309,0.7380876607040536
1913,469,-5.0074891907965045,5.0074891907965045,4.949928125509326,True,1.5095153199242959,0.36778524036446336,0.7157847061409958,0.29335317662236726,80.0,11.0,4.804666016250849,3.3943924280880906,21.01433434616882,13.531777904822796,281.677034970419,1569.2332627978124,0.9650749366606834,0.6139614465158016
1914,81,-5.016174669796385,5.016174669796385,4.949654209906401,True,1.485831039300801,0.3675556882343215,0.8439942116588074,0.17045707291374287,100.0,10.0,2.4645810618306307,2.4044738714887783,13.694849661443588,9.745688100723385,395.18929888333156,1674.80674899744,0.7025057101959742,0.6031240848428462
1915,1130,-4.995456722978188,4.995456722978188,4.949221834829243,True,1.4314349969604947,0.3867827454344582,0.8019012721145202,0.22980896092023642,58.0,11.0,1.1975637098715373,3.3618181705705603,19.433262939485427,13.946369259992862,261.12391577408846,2486.1153140877236,0.9149474969218385,0.6973082069831302
1916,2861,-4.94852350554324,4.94852350554324,4.94852350554324,True,1.323239863749688,0.37149283664837146,0.8929470641357813,0.21858246380874113,97.0,20.0,1.1978969339940586,2.9803747993523895,19.16385992155224,8.933617622966539,403.269270627823,1108.1396901422804,0.82799770128887,0.5487740828565307
1917,1042,-5.000389289649007,5.000389289649007,4.948419834419221,True,1.2369637714591344,0.3847729484633381,0.8483039985050062,0.2217963332091058,79.0,9.0,0.9236182168701172,4.455000228711365,17.47946432395768,10.170908814448826,360.776111770568,1902.7281388548304,0.8052659940871837,0.9191064940052275
1918,1142,-4.995301682549397,4.995301682549397,4.9479547777203745,True,1.4703995814142359,0.3687160427714436,0.743786070351277,0.1268507479883367,79.0,11.0,2.6277213012827088,1.773188587615482,15.51808056197448,8.197578300456378,479.28203976417046,2087.5033624804164,0.7041380199167258,0.5092047257625346
1919,3030,-4.9933297666370855,4.9933297666370855,4.947658637343132,True,1.4765684035031585,0.3652447387762464,0.8539029092087658,0.18784573781015002,76.0,15.0,1.8261818998359263,3.298851195427466,14.490860544980587,10.80437104313581,355.29082826509625,2407.0794694925835,0.8209966934712617,0.5776541479811141
1920,41,-4.955619449906425,4.955619449906425,4.947432908624292,True,1.4893991920218046,0.3362801812802961,0.6499367164640483,0.23227591945216647,53.0,7.0,1.5914451597844852,3.9436251399724083,20.469423947761427,13.880150769489333,285.2840873392313,2350.7718138756136,0.6374137447481327,0.9025620313993707
1921,2418,-5.021551681752218,5.021551681752218,4.947328038646685,True,1.3905641927760453,0.37694248286790055,0.8391567135533637,0.10627342168003047,69.0,12.0,0.6231910599930277,2.1811060930389354,20.86511247472435,12.328508889888816,246.80746735161665,1477.548233820746,0.8390124217735213,0.895722169124535
1922,1904,-5.030435379301039,5.030435379301039,4.946996927090028,True,1.4429628554958869,0.34459155295827315,0.7928296240329904,0.12040184213396028,79.0,9.0,1.4137575371738365,2.7486125347158343,16.836879617198296,11.91605560137037,260.5177537604684,1241.116987682075,0.8275157454603325,0.9326715976141772
1923,1362,-4.988892855343494,4.988892855343494,4.946949458673996,True,1.494167347071528,0.37401320536845173,0.8846024690105757,0.14816067608954017,84.0,8.0,1.9050173516510198,2.520651930178953,13.86068696893583,6.454515587027998,477.6455124215899,1542.275786490919,0.9977268993714382,0.6156938438619028
1924,1418,-4.968545922614372,4.968545922614372,4.94673594041881,True,1.3931933475691902,0.3848027707222651,0.8694132601322124,0.2862669905755023,73.0,12.0,0.7123154964471801,4.418131146153154,14.68783919738406,7.725339868900573,384.83311789434964,2249.843735547629,0.8727991565332633,0.9148544736364517
1925,2563,-5.0242543646099165,5.0242543646099165,4.9463476539473055,True,1.4647570014755693,0.2735484677796877,0.844788116389932,0.17467029393214356,91.0,9.0,3.8550377293915696,2.518711599029433,12.479652435721288,7.866874999580217,456.2847654949611,1001.094361872764,0.9139692260205097,0.7392615781317484
1926,1779,-5.014536405283933,5.014536405283933,4.9460315025496255,True,1.212661478780551,0.3959037062917644,0.8538827050784336,0.08660028330950907,81.0,7.0,1.2226062982282249,3.607000997788783,14.095048681344103,11.080460927835563,404.8475645873929,1439.1130540717095,0.9102645660441412,0.7872246321337051
1927,1292,-4.957276214663086,4.957276214663086,4.945995707594302,True,1.3743549964108306,0.3571702162355937,0.810137895202664,0.23062471643145357,81.0,14.0,2.2130858091976657,3.5146674790147974,19.05934980875028,8.766802697416894,322.59372222875857,1423.6125191575286,0.9177576220462458,0.7213092063190121
1928,801,-5.023910571526027,5.023910571526027,4.945515928715456,True,1.4747185339494229,0.36872981482717426,0.7831346087939306,0.25843829279565267,67.0,9.0,1.1307416116252187,3.2718661570077994,19.4822777341223,13.103905256022456,336.349124197955,2264.019606074882,0.6583059936403575,0.5930442676597509
1929,1913,-4.987626334750999,4.987626334750999,4.945227850890495,True,1.4442430831280275,0.3905564621323271,0.8183156397589183,0.24663065332336107,104.0,4.0,2.1088908799095236,1.8928272691884687,14.003437701487918,9.342680190121984,379.4500958996148,1659.6677955501782,0.8073724083137439,0.593918860347491
1930,1393,-5.0086926218062535,5.0086926218062535,4.943736265715046,True,1.240494977705352,0.36665138300526734,0.8272966779459349,0.2855069778826964,59.0,12.0,0.6605954125250832,2.771451100245573,16.19156023530475,6.837809162135025,446.35889661664595,1651.6465581079437,0.9246301154954105,0.8819385520296306
1931,2716,-4.955588526708969,4.955588526708969,4.9431769144749405,True,1.3099780356659911,0.37173411201590945,0.7750795478399863,0.264283109368401,73.0,13.0,4.081728163271366,2.0380578465082078,14.925691953739632,9.924945555912513,342.01137322056996,1890.5874146492197,0.8421776829239476,0.6265387291431745
1932,1984,-4.944871893056473,4.944871893056473,4.942639526391672,True,1.5205229396565527,0.3431503211155438,0.8382350190954115,0.09123551619941542,80.0,9.0,0.7625305941486109,2.542258072177204,15.155673463395448,9.169156506533414,330.6165092592793,1237.590147309831,0.9922619173867657,0.65542194728346
1933,2792,-4.966643544556365,4.966643544556365,4.9424312053498,True,1.4936984013744103,0.37499358452468584,0.7588237783769984,0.2346258839880079,75.0,14.0,1.4021356111845544,4.239309883707465,22.40771643641405,14.483408307308018,293.77466370572955,1692.7832243686503,0.7845846541332394,0.5103946357306856
1934,1355,-4.976749303514492,4.976749303514492,4.942193405953093,True,1.444423024644966,0.38398147723419057,0.8695368821431673,0.2155437954945637,93.0,7.0,4.939213934061714,3.3831966806414995,14.389838123251536,11.072138465888244,370.71669473489055,1613.6657998673063,0.8732456979923826,0.7544682863180547
1935,2681,-4.948774013781516,4.948774013781516,4.941858025458983,True,1.3324035018521874,0.37873723189881636,0.7251081194929921,0.14588638858317085,67.0,13.0,1.741245568802965,1.1859296810313567,18.470247236826303,12.205902970895012,285.3172541682119,1387.474095291439,0.7864828825480263,0.6025867993807825
1936,726,-4.975029576172955,4.975029576172955,4.941607873771727,True,1.4526384818490528,0.39571865244314797,0.8853321759754003,0.21668009145418576,63.0,17.0,1.6228994538801889,2.6752034044198507,14.85650076928633,9.05418876378673,350.4922126814979,1792.7472263343855,0.887851855874791,0.5675790520499041
1937,1721,-5.004756199320356,5.004756199320356,4.9415993120007755,True,1.4431636825174226,0.3957277430287477,0.8704147368687392,0.18271905965906904,83.0,12.0,3.771090785363537,2.95501463299315,13.95896293613209,9.706784950691025,338.10047566984184,1632.0085354352082,0.9538370588842098,0.7518043928283599
1938,1520,-4.966892762778177,4.966892762778177,4.9411048658950545,True,1.4915432740203163,0.3648260007398705,0.776487230600123,0.26243205320237817,88.0,11.0,1.5466662750311815,3.163427093825742,11.08866623757231,6.33451242779858,456.60083573449936,1014.2129096205823,0.9921004255373517,0.6252191756480037
1939,2242,-4.948472774281722,4.948472774281722,4.9407909523993085,True,1.131184142831909,0.3696309325087813,0.7836975443853906,0.14331458931171764,53.0,17.0,4.76545928521578,2.9104127064933722,15.477324841452445,9.425282511607094,430.9590348956468,1850.6250200841394,0.870729792914578,0.5057148132382863
1940,2430,-4.958360057026508,4.958360057026508,4.940516036187964,True,1.2762847618319562,0.3935988496713857,0.8220938269496929,0.29632965910598846,66.0,19.0,4.058513341134218,3.276068535164067,19.494236664689303,11.576040801077294,316.8753861449659,1893.6524331782944,0.7903311345400545,0.543484138372478
1941,271,-4.967726870965498,4.967726870965498,4.940458288057748,True,1.2902528794725021,0.39491274002709154,0.7960604026130034,0.1626331104825807,73.0,16.0,3.343157865156436,3.501163479018335,14.362035312389114,11.345247336197463,293.956281751878,1872.1218104407342,0.9695074635699539,0.8431351723307873
1942,2964,-5.0175281165356935,5.0175281165356935,4.94031262232457,True,1.4285863379596127,0.380209027980966,0.8284121397400818,0.12114073278631254,88.0,18.0,2.596364827723564,3.8378670554387764,22.412817911466608,17.175708013178838,204.13300673478653,2344.182732425387,0.8358899164091007,0.723827676919184
1943,2369,-4.968437848246175,4.968437848246175,4.9401535560561936,True,1.3212874420819682,0.35163983292545953,0.8466605434026183,0.1605611901195405,91.0,9.0,3.5723978149245044,2.6427017457282256,14.851172454919359,11.711106775424827,276.0823556616397,2509.8139199823513,0.951050502815987,0.8083576091975218
1944,3070,-4.951372249942887,4.951372249942887,4.938840993720629,True,1.4370863213773077,0.3908282666977678,0.8087294200671421,0.1547139317419586,55.0,17.0,0.5446855212544879,3.1044676829850846,20.19304779534486,15.868500034705797,324.01458058788484,1824.7330272828412,0.556500008615867,0.6425642637817306
1945,1200,-4.990350731564939,4.990350731564939,4.938519996784264,True,1.5019907137453632,0.3761835607438135,0.8866857490407551,0.2440413679364793,67.0,18.0,1.3783233311973324,3.6730789960822094,17.41601711966317,7.439704238896483,402.59639073641324,1642.6034642017328,0.8873604381187888,0.583819306428202
1946,493,-4.999291350235108,4.999291350235108,4.938417201218681,True,1.5174935324420653,0.33795434740545716,0.7823680692003387,0.20769666227835432,90.0,11.0,2.1227472394880325,3.4751387895328683,18.031532579415124,7.41703163738139,384.2637382627874,1549.2357241569284,0.924607037802097,0.5975501265458554
1947,511,-5.013672546543239,5.013672546543239,4.938065787927619,True,1.4428789871069028,0.3500523453298017,0.7882853792243478,0.10816679996931187,77.0,18.0,0.7843504607388434,2.380270500731946,16.56104326994011,7.2151419757251345,391.1782986009745,1831.4499273272231,0.8667522013764051,0.5836655027233064
1948,420,-4.962176142780911,4.962176142780911,4.937598037479639,True,1.3159130053373826,0.36113581775158815,0.708414133255242,0.08266345450654626,80.0,13.0,3.815945125184953,3.1007359673658463,18.460508678596188,13.306111272734125,226.938848696768,2376.870384794635,0.9571740116309713,0.6195216063077997
1949,2382,-5.014746583309357,5.014746583309357,4.9372865221762625,True,1.5143378850285847,0.3815685965826645,0.8013385933694008,0.16414844548189908,55.0,17.0,1.5425597021682529,1.693453417159617,18.17773543468978,12.064794391573429,257.73302948436566,1450.5157391126168,0.9795539079528421,0.5508456217439275
1950,640,-4.962819125929414,4.962819125929414,4.936824599109299,True,1.3643268537470612,0.3645147830200476,0.6339332540118595,0.2694990081959726,45.0,13.0,0.7613362759911246,3.3339926279874184,20.817706380032753,14.37199164563539,280.07676577875856,1118.4831064832151,0.8511358074507336,0.8175528774729639
1951,2986,-4.987713496141371,4.987713496141371,4.936808901031215,True,1.3860179822672092,0.38379405721378057,0.7725776234450659,0.23326616398913086,99.0,4.0,4.843255593947637,1.2780262036549102,17.010310318246706,10.889063078505592,305.8266367297542,1145.2432981600314,0.8646631253570354,0.700679509422011
1952,1691,-4.993308204392168,4.993308204392168,4.936293210477707,True,1.316583019091648,0.335540942780761,0.8353622266253091,0.19309158556470093,82.0,12.0,2.1938317298900207,2.9254590017642372,21.97293565668347,10.861819645732119,304.02108168192115,1545.310952933945,0.919863914176038,0.6593268592171598
1953,2199,-4.978839006464371,4.978839006464371,4.935348015203973,True,1.4866983012719843,0.33898317518135834,0.8660206238006809,0.2527754818721968,38.0,9.0,1.41035250518268,2.699103809904025,17.270958322738156,11.104744039669107,333.4653252082462,1704.3790939300834,0.9423474099424001,0.7421570013209053
1954,46,-5.013359626082718,5.013359626082718,4.935039849335405,True,1.4501253944923314,0.3618122984971102,0.5951586253530744,0.15592908188139026,66.0,20.0,1.6337383921496544,3.307928665377188,19.22419594494691,9.850348477245761,376.79929808058694,1026.9056625046028,0.8187007063839975,0.7396886472716545
1955,200,-4.98513646697257,4.98513646697257,4.934853206538973,True,1.5227355231834232,0.3956256573032749,0.7351036804124824,0.2719515485357946,53.0,17.0,1.4543407748405965,3.0205606553859283,16.464367284936255,10.515146483651664,337.07732113860925,2616.9398979179377,0.9864210810638843,0.6164818561400585
1956,1308,-5.024414490408587,5.024414490408587,4.934754145465307,True,1.4852062531054022,0.34368000601102344,0.7598324436530313,0.1538818758829518,82.0,16.0,4.791703143344902,3.0544672036942706,17.94470653164286,9.067816651159312,292.7342208458404,1745.486074571143,0.9608090299185796,0.8673682342363729
1957,1316,-5.016537218354563,5.016537218354563,4.934229389735033,True,1.4667351355646532,0.3854071691651303,0.8837945063093844,0.21572797028062107,70.0,21.0,3.7853746079016144,3.5455775653283625,13.955581493057258,9.247815894069717,338.30291469353045,2671.6094149530445,0.9114049960547892,0.7641453665775484
1958,988,-4.983583713271324,4.983583713271324,4.934116853924303,True,1.5189785260505149,0.328531510144225,0.6914796076645863,0.08228735691336134,71.0,9.0,0.6796785498315927,4.422576238179799,18.164352278864936,10.036186595461078,350.1676873259275,2101.725543628866,0.9321146983033421,0.8001615091829637
1959,2358,-4.9751089440798175,4.9751089440798175,4.933275716174438,True,1.4151558371291901,0.3790832718590671,0.8220426533952288,0.2595969010102412,62.0,13.0,4.625546777043541,2.232439489096778,20.08410087637708,15.839537122365572,240.01380027141607,1914.4267008936718,0.920796568241967,0.671805291864068
1960,1030,-4.955457595391886,4.955457595391886,4.932999492381595,True,1.3009230167322836,0.37437351310038364,0.8246229775770582,0.23203549030720338,62.0,16.0,0.6134720305116765,2.2294592214813953,17.38229841354579,8.68431401642156,346.57977058982624,2176.9618478412785,0.8885186496932425,0.6630358083727478
1961,757,-4.987104503270448,4.987104503270448,4.932997409692077,True,1.4559754014017827,0.3959858116252819,0.8088779725000429,0.2502385496340033,85.0,3.0,0.7077863728118521,3.4967202187713426,16.7279428327999,12.92955983765453,347.3307642780905,1701.166001555834,0.7600040802818482,0.7322590980263363
1962,2475,-5.003128333883284,5.003128333883284,4.932916249265742,True,1.300546373499938,0.3796253134445923,0.8783087102642103,0.20447407687539623,83.0,10.0,4.423007968132065,3.63170287036548,16.11479568226944,10.982661179277091,376.4946586426832,1767.7941379684785,0.9625951913461588,0.6851335593423352
1963,2868,-4.937290386239114,4.937290386239114,4.932321851635348,True,1.4999882114683076,0.3161510422377475,0.7206700171863031,0.18799576803922605,59.0,9.0,0.9881644033744386,4.248865530366877,18.32990809865222,9.493517979017586,350.07040840223027,2057.850605751474,0.8608956985731535,0.8438205855691749
1964,229,-4.96647435929233,4.96647435929233,4.932010821566285,True,1.4790329149247892,0.3682008685386095,0.6241132697090507,0.0939986253529787,63.0,20.0,4.550083053763956,2.3700687011424026,15.712721083759398,7.434185132442645,442.36245220527053,2962.4929260462523,0.9039109980178578,0.7217280244420893
1965,2204,-5.013060410542646,5.013060410542646,4.931942729896663,True,1.475162073759657,0.327494503347145,0.796537959147942,0.20221737232625675,65.0,11.0,1.0415677599102071,2.8998574730701048,15.532762518812278,10.625674891371549,330.5888848665629,1660.9780551001118,0.8748270325085377,0.7378485760953449
1966,1239,-4.9585063402342815,4.9585063402342815,4.931626464729584,True,1.5079662891640715,0.37737522255466044,0.8147352562132971,0.0954501190390827,66.0,14.0,3.558731769686528,3.31332406515076,15.275540586687733,7.191097632790463,462.31528523845634,1302.4146599340959,0.9144639184503345,0.5622686852881573
1967,2752,-4.936630342600653,4.936630342600653,4.930901118591125,True,1.4845796651036607,0.3936511253827212,0.7580895293873038,0.262181845671998,65.0,19.0,2.917310975089814,3.9972998739650176,15.06270473234597,12.002885142997977,300.6950568389643,1714.234288571013,0.8120431237316701,0.575812690326413
1968,1828,-5.008934588748137,5.008934588748137,4.9308924986267915,True,1.1190383112264193,0.35564199945464803,0.8636334599250051,0.1303633377840425,83.0,16.0,2.174047997051177,4.052192786636696,12.926516628632852,10.060869625524468,466.2956563145788,1316.2867601317175,0.8714063796214759,0.599289001403904
1969,2009,-4.968196501571532,4.968196501571532,4.930502874086318,True,1.3111743699539382,0.3460962830553525,0.786460827171654,0.1010839177999661,83.0,12.0,4.835682538726392,3.1712531649309716,16.904008574742306,12.952906888496267,286.9952997089027,1020.8494861728651,0.8726455577511231,0.7493178339878707
1970,1033,-4.940658613081116,4.940658613081116,4.930116790198034,True,1.4449836731589727,0.37963885460098196,0.84027694800512,0.21937472223225327,68.0,17.0,1.1848671264681199,3.520862158131803,17.374220825768877,7.037778632747553,394.83710331954524,1341.0236978166981,0.8711608049167464,0.6094362324885281
1971,1901,-5.005879872195376,5.005879872195376,4.930070156731271,True,1.5222439617922314,0.3354191849892234,0.8342296072846904,0.1594446029973689,80.0,13.0,3.31875537267008,3.2464681893570675,11.64332267934959,8.86972115853445,387.5364805693084,1578.8928696766382,0.9882452002269404,0.7856516584056477
1972,2688,-4.982830820783798,4.982830820783798,4.930028341084278,True,1.5098838197892426,0.37618504744023085,0.8967256333784153,0.18389672807822513,102.0,14.0,1.0428049000154127,3.5354422762197317,20.703938300793595,12.091817473775553,258.63629326975354,1842.6822394670803,0.8003785671206329,0.6517470465214583
1973,552,-4.9393059697408805,4.9393059697408805,4.929794762958501,True,1.3921671277216956,0.38563945011214673,0.8661758992322672,0.23874359971062092,82.0,14.0,2.1424268988361033,3.9397775247130795,21.213694683317513,14.409510991743481,255.65045906628228,2233.1093835276174,0.7488078873504893,0.595818478157367
1974,2451,-4.992586640859381,4.992586640859381,4.9296097244626615,True,1.3858954993560992,0.3507879365877156,0.8733594383775647,0.25071574306722,76.0,14.0,2.6101152208783653,3.1946606600565524,18.104637804519214,10.756380989184514,353.66380340121816,2563.985886061469,0.8281328140262699,0.534825374515123
1975,2402,-4.961850090748324,4.961850090748324,4.929347585771659,True,1.3855919720181107,0.35552014734124426,0.7815588880141943,0.2885425120075348,72.0,15.0,1.210300036102745,3.1425630009881385,17.031190279838647,10.956255863751014,317.2901583411448,1224.4132588972936,0.851049366452927,0.5055797017554983
1976,947,-4.9756367177801675,4.9756367177801675,4.928845214779723,True,1.4048714092977834,0.3928491655103564,0.8075048501769941,0.17165946294861212,90.0,15.0,1.3923105357034369,3.7173055855790054,15.479345950041633,9.578343509639508,414.1783367095202,1689.466648472311,0.8174755341220199,0.9410056156738267
1977,2674,-4.964585504353275,4.964585504353275,4.928767058449765,True,1.4056982778431326,0.37781968355935847,0.7607604006206985,0.24453098224475978,75.0,14.0,3.437725868433322,4.475999658580301,24.563749716701142,17.10527792095064,234.39650137973047,2260.5428821008327,0.9487730660091754,0.6228627248477876
1978,6,-5.005020070834432,5.005020070834432,4.928539328043517,True,1.5204312999250553,0.39177357655868694,0.8283226960127311,0.15182565247770075,77.0,18.0,1.7549586103847084,3.413183353420921,18.768647033795453,11.125788091724,306.9381015532449,1416.0809751098755,0.7575734596874305,0.5931992941739892
1979,1559,-4.975750423517184,4.975750423517184,4.928518766112369,True,1.5177678497152147,0.3600560453794298,0.6697257410040923,0.18754825565937214,68.0,14.0,1.5743594242807997,3.6266200603938743,12.691445208490318,8.471799614744377,416.79040188883346,1851.7304061626435,0.9994607335566237,0.5666105068454265
1980,2827,-5.003904695040918,5.003904695040918,4.928453537787916,True,1.3449886095473607,0.37665280145145824,0.7834369565394192,0.21285855039093043,82.0,10.0,0.7632853860945705,3.750640889489328,17.414122082330366,7.2951044461102015,415.59225020153997,1367.9584918313503,0.769356808506549,0.9485317476211339
1981,2208,-4.9720576894958155,4.9720576894958155,4.927955097040356,True,1.403845108851724,0.3978860638990543,0.7723810288586966,0.11332030980853883,79.0,15.0,1.0724481680978637,2.3258681742695972,15.9323432117435,10.84005921781475,342.25534249032876,1742.6840416617401,0.839123179023141,0.9084056585942674
1982,235,-4.928527838935802,4.928527838935802,4.927806582755013,True,1.4314632991368854,0.3335199672868731,0.7470042099012394,0.11489122339559273,75.0,10.0,4.094564090745766,2.6263094539270333,24.081953573040664,17.172006193584036,213.85839227586982,1424.3944650587118,0.9213966167558268,0.7281572041101754
1983,248,-4.993592882521316,4.993592882521316,4.927556376493714,True,1.400080272184578,0.3922843407485115,0.7789622742371659,0.2366200242252002,45.0,12.0,1.0389147845397237,3.0813386829942155,20.98471808220082,12.379553019889455,262.2757080875799,2554.5676569017523,0.8854166373146592,0.9458766873040587
1984,1162,-4.953524141360298,4.953524141360298,4.927024823625638,True,1.29310022207199,0.3501817533940602,0.8018621466888975,0.253427263153629,69.0,18.0,3.2877943122557847,2.7507917416174923,13.748240978890193,7.420563812507047,455.05636570815295,1860.1356286947444,0.8713830716206243,0.7022395330970088
1985,2037,-4.984329615475378,4.984329615475378,4.926746531552739,True,1.2563257789056372,0.38963584249963845,0.8420793818607692,0.1427892319177481,62.0,16.0,0.6186625789192477,2.9093115474802977,13.735188569078447,8.737575471338392,380.2153858206829,1035.0597939425452,0.9534216825345726,0.7340135665491583
1986,749,-4.971557625698361,4.971557625698361,4.926520652080207,True,1.4252811538002597,0.3195086923049193,0.8510337523678908,0.23196377252641553,59.0,12.0,0.8283208229363996,3.932476666956003,21.549380536622454,13.675594651980983,261.53699499829474,1527.2473927553722,0.7917758377541702,0.9484332106039532
1987,1261,-5.004347527046986,5.004347527046986,4.926183491632672,True,1.491693291671196,0.3731965473366753,0.7712368150317415,0.29584523728280326,82.0,14.0,1.8301206257216722,2.331287146292422,13.277410794452255,10.406336935813203,340.1112783995923,1516.5785408871807,0.8175305989205297,0.5940672367474735
1988,2799,-4.957804795401557,4.957804795401557,4.925978076879705,True,1.4333871622806802,0.36794623972722096,0.8225321879562671,0.10610709586476952,56.0,6.0,1.764240368404137,4.369330088497353,18.73871455714457,13.389607874543026,290.75621212415984,1092.1973114008806,0.7271636696004671,0.8637716064835796
1989,2133,-4.952736422837221,4.952736422837221,4.925369280180849,True,1.463493163499686,0.38817876977450116,0.8246335701875769,0.18981983451038392,77.0,13.0,2.6259871887594155,2.944375386793834,16.27383075015606,10.187627082292018,314.158809701954,1770.8868462600212,0.8602037275000174,0.5433408517432705
1990,2275,-4.974582249663455,4.974582249663455,4.925346773464416,True,1.5045518624263634,0.36827609341111606,0.7041187854787851,0.13310887431724588,61.0,18.0,1.3508738747284188,3.19843731595461,14.671339108699506,8.167534502385182,378.9469285756441,1314.4983749231462,0.9359669346910714,0.5440535897624118
1991,2548,-4.927762093497535,4.927762093497535,4.924961890847774,True,1.480348865964695,0.28202435446201246,0.7442276674311601,0.08393507113121178,66.0,13.0,3.4234158052981876,2.9508586945091877,15.71999694569281,9.165721690412152,362.4930900237281,1053.0968666000772,0.9613267928629035,0.7259500491651552
1992,1052,-4.968521449055664,4.968521449055664,4.924159643999938,True,1.338600935935317,0.39709728791772636,0.8748084295341675,0.17741734214492147,75.0,15.0,3.357766018556275,3.619273457613444,13.059509867644305,8.40488763558464,494.58897767606015,2255.693333324255,0.7571846296673441,0.6714946868237215
1993,2578,-4.9610579715435605,4.9610579715435605,4.924093940856612,True,1.478859782107768,0.2991998173803145,0.7997201688020688,0.16893717858316604,68.0,14.0,4.851750128562633,3.7069925745280896,17.154054468653747,10.120653564375965,474.6111541310477,2160.400914028077,0.743115925337281,0.6309418192656668
1994,2079,-4.945560630264997,4.945560630264997,4.923993556307433,True,1.466991002735621,0.3302941261052907,0.794710009550575,0.17404443273340428,38.0,8.0,1.512657754423185,2.573597306341165,20.645355388348488,14.88229258462905,246.00825258363614,1416.7193461527947,0.84660422629723,0.8247687489208171
1995,2136,-4.968398459760065,4.968398459760065,4.923929863971694,True,1.4715206257443032,0.3802460958163254,0.8301656004540569,0.09044546656151509,69.0,15.0,4.3180921393911245,4.274864562133834,16.227784985574544,11.111177451461744,351.2260742895653,2306.486986258457,0.9202273623716459,0.7638897805584699
1996,280,-4.9992425260068565,4.9992425260068565,4.923293832020681,True,1.4641341903986682,0.366691664523901,0.7297441521154366,0.12027530572604196,67.0,17.0,2.162766739281922,3.5284407946510004,13.933097799858531,8.323198203896315,401.6540350442169,1018.0611419061274,0.9601859530021394,0.6206344294387478
1997,2363,-4.9566679420649,4.9566679420649,4.923190285951819,True,1.5034581713678212,0.37519202838652976,0.8443172963930555,0.23459668210869095,61.0,5.0,1.0970341824443897,3.455081130961016,20.938199498308542,14.417984412862983,249.08821608441386,1487.2722006913332,0.9778111867816205,0.84720763907314
1998,2850,-4.936205820949613,4.936205820949613,4.9229940902440195,True,1.4928722487751067,0.3682450491424465,0.7743666395391313,0.11877904525637356,64.0,12.0,2.458056156976297,3.495598688768269,24.722597077029352,17.64254248195664,222.58535448090032,1994.9554220568739,0.9705878579404176,0.6838147492275687
1999,1209,-4.951003142288126,4.951003142288126,4.9222490462184805,True,1.3338565200288273,0.3473785214771967,0.8565258110773841,0.18856158995533004,100.0,10.0,1.6716719191079819,4.038738651907963,14.533433233381272,11.133258188990174,294.428320023996,1566.3639031941575,0.9651421101413272,0.6327418802456808
2000,2236,-4.925003648288289,4.925003648288289,4.922024937336608,True,1.2946826779489464,0.39736931541203535,0.8228235173050007,0.1651934533276988,59.0,15.0,4.019294749884908,1.1359964717913131,21.849818041309756,13.67511579337031,233.04571053607043,2444.420142569098,0.8630337821319405,0.5377891201117915
2001,1318,-5.006433574104969,5.006433574104969,4.920114377937344,True,1.3720896869860473,0.3863742364737085,0.8098312780322483,0.09944056927903387,80.0,17.0,3.436742599940658,3.4926873834159036,13.387973857080457,8.503446294879026,374.50969655163135,1329.2339858125506,0.9096601040982244,0.9174529731466117
2002,1760,-4.94278619712933,4.94278619712933,4.919929822677817,True,1.342778079229673,0.3617297889429588,0.5922189049422741,0.1675349983884908,59.0,14.0,2.864695669372392,3.8713488765886956,14.579897062409511,11.15350088904458,451.5938755122059,1879.1842414979806,0.8749741588162803,0.5429974505368833
2003,1408,-4.971019513280078,4.971019513280078,4.919909263324896,True,1.3781595522140277,0.3368491927750631,0.8731955825959314,0.23923441151439445,72.0,15.0,1.1962781647768097,3.325279458383454,22.233340256989482,10.068117515095107,297.76245841053606,1510.9503107709006,0.9457723805158214,0.5485517755664022
2004,2717,-4.997426391849154,4.997426391849154,4.919677753865361,True,1.3011425528358669,0.39578701645843073,0.8835978280838754,0.19105054916458916,91.0,6.0,3.7720506646092336,1.4929577840324597,12.155187404256932,9.373059629572072,423.10209519815913,1630.781802928634,0.8567591744334369,0.8744338926320492
2005,2735,-4.991471862871969,4.991471862871969,4.918834136059566,True,1.4595892307192389,0.3817084308204702,0.749375221332513,0.21284065322982876,72.0,17.0,3.8234819033568153,2.55281778300012,15.376572395465624,9.512014821421984,282.8256402632146,1573.1389568806555,0.9779099854845799,0.7793996333533485
2006,2042,-4.936461797340703,4.936461797340703,4.918792303243562,True,1.3981977470885214,0.37348145020611695,0.8175646297517343,0.08170667429187493,87.0,10.0,1.7636368342213808,4.396206651232102,21.13394319172426,9.748664790543158,344.4232295373956,2992.3605940860725,0.9657660904423093,0.6014898281077504
2007,767,-4.980914523418224,4.980914523418224,4.918716796520486,True,1.4044110145754896,0.2781728376544921,0.885097921385454,0.15519681316310696,90.0,11.0,2.166799559714309,2.5120119660684264,13.758495756927992,10.090669980572352,388.2777952721838,1645.316878960719,0.8697195065591135,0.5788354271247637
2008,385,-4.999046049414761,4.999046049414761,4.918700387536886,True,1.3932200312915182,0.3657682343904636,0.7083607457305139,0.17437345432847198,62.0,16.0,1.4811901646302104,2.517651565051855,20.706184464473797,10.654253007628405,314.46519312901,2918.5988770516965,0.9468236095946663,0.5970245907925174
2009,1226,-4.999757849545739,4.999757849545739,4.91861781773731,True,1.4526098778261831,0.3861813974827641,0.7888104482519481,0.2773179151089705,65.0,19.0,0.9718426733714078,2.5706630335823384,16.774617079707255,8.064287085213564,335.86605567750206,2063.6659069471775,0.9056471324884143,0.6091667865962567
2010,1053,-4.985315356128185,4.985315356128185,4.9184874978299975,True,1.4080858094122515,0.35105143050601584,0.8662715558708193,0.17358276197118314,70.0,8.0,1.134500046769353,3.401406007542283,17.603682431521168,8.304232632807722,443.687200579891,2030.4026778841098,0.7559079336498773,0.6801053438502136
2011,885,-4.972569937348684,4.972569937348684,4.918438980037767,True,1.4769346299187436,0.38691029210633576,0.7420180720998577,0.24832907249895286,56.0,14.0,0.7388558349466234,3.11484022289317,20.718927537968522,9.04080012082699,322.13351941730286,2408.895046336511,0.7628258538034294,0.9971356661859891
2012,2351,-4.9508796614066455,4.9508796614066455,4.918078725862263,True,1.4401428759468358,0.371372525182479,0.7351079653860297,0.10842487211779951,80.0,13.0,4.479391564470449,3.4786102654351745,17.25121353090841,10.205753317805858,297.3227655199271,1955.2155018102155,0.9021083304413311,0.796139605514873
2013,1955,-4.973178804987157,4.973178804987157,4.917459257339495,True,1.1865941540513343,0.3778185493898582,0.8708123919238037,0.0810677379900453,75.0,15.0,1.2940036342326273,2.273613973738024,15.016737176478014,11.736216789710792,352.42074185110886,1172.2430924510168,0.8136897826929477,0.7615777046107292
2014,869,-4.963593380729646,4.963593380729646,4.917018510941186,True,1.4735277786092333,0.3993995191311167,0.7130682653692361,0.26583243021651454,66.0,12.0,0.6178600562179102,4.017162454364131,20.3973743263966,11.334265104324555,305.0268755891159,1468.1529255011096,0.8217194907468544,0.7656017495622373
2015,1122,-4.946022148174336,4.946022148174336,4.916621002666961,True,1.382687459015542,0.37010497759108313,0.8394178453826971,0.2995565719464074,86.0,11.0,3.411236660760628,3.377317430430618,11.626672434945391,7.265185502436265,437.015645137228,1750.0620977271853,0.9296323088380357,0.8153825702842931
2016,2463,-4.943247742201391,4.943247742201391,4.915829348860391,True,1.1697748874964273,0.3808197795166589,0.8002329034434742,0.288520281922719,71.0,14.0,3.1259212302125103,4.226222521720726,18.91227485469974,8.056733751951079,405.7185870759222,1130.5631197139546,0.971759104860751,0.5794137025811127
2017,1829,-4.977472088571505,4.977472088571505,4.91516091710831,True,1.48288130195682,0.3904244455194514,0.8969552706455624,0.11833427601914946,85.0,8.0,3.3711948799186855,1.7585741972722573,15.283300725193794,9.801255978394641,408.83564391073656,1529.8543382676007,0.7303657595986242,0.541651151050104
2018,1398,-4.931880189892204,4.931880189892204,4.9147612437516885,True,1.4641643515879001,0.3723239884817466,0.7060086584399977,0.09315726972223204,72.0,14.0,2.3076293497583764,2.963292066005486,14.146254358682443,6.220424269619397,403.19443447104845,1745.5969499669536,0.9986602509759632,0.537976905143118
2019,1902,-4.982534135692994,4.982534135692994,4.914357697641474,True,1.4982452976624017,0.38711532692299633,0.8409992385579743,0.1565406630397938,52.0,12.0,0.7085393427527453,2.0915799448801238,15.210073520672417,10.973032799203171,343.2006366102172,1081.1363201530205,0.823351091350158,0.6866317027901592
2020,1094,-4.961145507857805,4.961145507857805,4.91398291711724,True,1.19163719294955,0.38024849659058035,0.7410203346861386,0.279948469768442,90.0,7.0,1.9090299329672789,2.0109170378718795,15.278706613770197,7.527971030669518,407.84972666857726,1794.1416843235436,0.9333350763480726,0.5272914696257379
2021,2392,-4.9472907210536965,4.9472907210536965,4.913666349715795,True,1.4240980162308041,0.37924100991511056,0.7265357245875752,0.29045124214562007,49.0,10.0,1.0902226553902015,1.643255867246909,15.607841379615651,11.84891140388445,257.0671923917814,2030.94470630461,0.8797629067338242,0.8811982102836041
2022,2448,-4.945046328425908,4.945046328425908,4.913613281766888,True,1.3969785295928245,0.32720382696770095,0.8710335017540048,0.15299964276751632,91.0,12.0,4.260471732196573,3.8470877164734985,18.88819879816774,14.69619270013081,221.9350745743977,1178.1067761489003,0.9476834577163583,0.9974351533602479
2023,1437,-4.9339435509760525,4.9339435509760525,4.913125301109053,True,1.5177362978919273,0.3549131518138394,0.8222017860210306,0.0919738029197999,75.0,15.0,2.538130429410188,3.8287528093562613,16.51643160539193,6.859762437719598,415.0967300684448,2081.9709041080428,0.8589839280155471,0.6141248678803177
2024,351,-4.94705252376514,4.94705252376514,4.912661175787271,True,1.4465792530008152,0.3880625725490354,0.7077152172709195,0.1477066411067774,66.0,17.0,1.7697699332771097,3.6093055292040894,16.121875477966288,9.947040793165089,292.7751697316523,2682.4315350151587,0.994857166495708,0.6610040667860101
2025,2811,-4.974053448552208,4.974053448552208,4.912660002678484,True,1.5104318739108726,0.36654593476616437,0.7171556482547861,0.16924194315383312,79.0,15.0,1.2874549591023683,4.315827756519034,22.407739885162986,13.190231431374531,287.79139144774854,1210.723302499633,0.795171835027963,0.5825854664620495
2026,1038,-4.98526343331549,4.98526343331549,4.912495359526959,True,1.4486798436720019,0.3422051833477514,0.7743289833321139,0.20971024408991465,82.0,12.0,2.5475562789842257,3.392304231000753,19.365601929099487,8.434936457018651,377.13695884553516,2087.8500018123027,0.8866935107271401,0.5391821070374949
2027,1342,-4.929850983820037,4.929850983820037,4.912321765584692,True,1.5214364116621253,0.3377813284388803,0.802542265586901,0.11431409309473069,72.0,9.0,0.7072293757671799,3.8679892497193897,23.333079516350264,11.097430515015745,361.18287559293947,1226.665448397398,0.6259545341113073,0.7042526455875142
2028,2352,-4.919694899313344,4.919694899313344,4.911436318094086,True,1.45955848992417,0.36774874009461056,0.8298378281391234,0.21853929134331873,88.0,11.0,2.1288082215692743,3.737780426299145,12.248429486367293,9.37940945776057,340.9374707865008,1574.4429656261025,0.9359200473037158,0.6952940401440578
2029,204,-4.954343486552968,4.954343486552968,4.911375904127745,True,1.4567463810153842,0.35600732749249836,0.6862942299861342,0.19863580244220352,59.0,16.0,1.0792934073489988,2.2618410166403637,15.985608874190355,10.313727304597153,290.8694191130303,2367.8507768645886,0.9646593183420855,0.5420559078333655
2030,1676,-4.957820676937384,4.957820676937384,4.911332139948768,True,1.338193720827146,0.2996757887523287,0.794489796001512,0.23238440555297527,75.0,11.0,4.352322127802792,3.443002404333006,14.735652902144368,10.105598181947567,416.56712257887335,2313.3972798214218,0.9358375502981214,0.7778248706842497
2031,4,-4.9675935409269325,4.9675935409269325,4.911066988927758,True,1.5184026235758759,0.3593849803678285,0.6767613520923588,0.10917624667399761,69.0,15.0,2.104284505967073,3.113312151792655,17.89038656901485,9.98564209036357,321.5674213317336,1875.090418922157,0.8869495604235573,0.5258418829938547
2032,264,-4.913310375709031,4.913310375709031,4.910972017927351,True,1.523358002881679,0.39481791712381814,0.7982750956333993,0.13633165982158835,76.0,2.0,0.8762729671000229,4.357400446452891,20.33135154100897,10.959420688282618,340.94338585337954,2824.228638739374,0.8922392078884234,0.9196722690165402
2033,2536,-4.965075204964842,4.965075204964842,4.910504442187407,True,1.4374032889300636,0.3851261891499236,0.6080168768593331,0.14987458032444742,62.0,17.0,1.322612072999568,3.1558969933996073,19.766159501603283,12.007233544394147,280.22441060375667,2256.5718875362795,0.8804020678245603,0.6600097420496788
2034,2592,-4.949982295435166,4.949982295435166,4.908958451985637,True,1.5211027700363884,0.39734857683145786,0.7736370508134371,0.1537672828962126,64.0,9.0,1.2303019435526914,4.083623252666439,18.531884887099853,10.104955109989145,376.47515587683097,1649.1893270219518,0.6475060016042303,0.6539433612499885
2035,2482,-4.942198575655143,4.942198575655143,4.907782316470411,True,1.5049611236677238,0.3489705871422887,0.7958520374881544,0.09519234136511383,56.0,16.0,4.685220534119423,3.424601795100932,17.749015691798267,13.085484326427938,331.95747065044293,1780.32640717451,0.806432341328564,0.5478899566865719
2036,28,-4.920910763404188,4.920910763404188,4.907572576255603,True,1.5004269711957512,0.36555726655843623,0.6834184508809967,0.23461494731840155,52.0,16.0,0.5550696597533298,4.15933896810454,17.055424855984466,12.178620755646836,440.51395701244473,1115.4977288097143,0.7348331436901914,0.8698747028567482
2037,1383,-4.914311968739684,4.914311968739684,4.907348915299363,True,1.2868170329475095,0.3861484027767238,0.888395915523037,0.19770245637062833,85.0,11.0,4.221140289895532,1.6779029870085198,11.16826452140218,8.549048608225377,403.0964963741353,1923.5199285008407,0.9082312888498933,0.8613479974352556
2038,418,-4.951939093321662,4.951939093321662,4.9073113290512,True,1.4272735602009545,0.3921982208689262,0.573570689999021,0.11468775784871175,59.0,19.0,4.326199842900217,2.6424313517793316,16.303444709008108,8.734858510800294,319.8771968927106,1981.1672964698678,0.9964679512590979,0.5496339694885
2039,1348,-4.96559841639048,4.96559841639048,4.907276841527316,True,1.4716728207683945,0.36843929275204856,0.7551496799010593,0.21294077779369908,67.0,16.0,0.7403827626799666,1.6431478951061862,18.584258889956285,7.85070478252947,321.1333236794001,2018.3399896573335,0.8818784864051816,0.5519686537498978
2040,2354,-4.981423921653953,4.981423921653953,4.906825152563674,True,1.3804428575289833,0.3642985639582961,0.7760399474372329,0.22208020908165893,71.0,14.0,0.5149166459356112,2.345444258479689,20.384574949464866,14.344526422286588,269.9714144350678,1388.3656222040995,0.6947728075107584,0.7960431930497742
2041,2118,-4.9765845866548375,4.9765845866548375,4.9068152500427455,True,1.5090459777454335,0.3981848219950129,0.8711977501494623,0.09473737452449793,75.0,14.0,1.3740998047978654,3.5093382544651237,23.06007789951392,12.924585378524647,326.6232114249886,1194.1189046326544,0.7387000717156083,0.5296744630356331
2042,1664,-4.910209175191736,4.910209175191736,4.906517390236772,True,1.396755714542377,0.37924190196026897,0.8636571091131535,0.16346732146840937,86.0,9.0,3.05947359778994,2.617503308926133,14.836652383060876,10.75811488378602,356.3217162569862,2120.4833845535263,0.7305429909715884,0.5623228793821403
2043,2449,-4.966970114382081,4.966970114382081,4.9053023199947265,True,1.4043442174662717,0.3854605052935664,0.8873972247977991,0.2156889578590983,58.0,10.0,1.113850186000849,3.369960545518805,22.539569427497213,12.60757011360668,245.98706999796494,1493.154017083314,0.7974857270686517,0.9694084651214848
2044,2319,-4.922292557422428,4.922292557422428,4.905197368834183,True,1.4916087409064955,0.35320020009315345,0.7006513806031818,0.20413633855416638,43.0,12.0,0.5052366937640174,3.0731307429921717,17.179079233105707,11.748651698273996,317.5857754069642,1127.0035969128398,0.9957335893800416,0.814522793610311
2045,1685,-4.965224236958713,4.965224236958713,4.904811325058311,True,1.1746967525516028,0.360988329555238,0.8239238852652413,0.0869138364648349,63.0,7.0,0.7282575693863813,3.222869084816541,16.32625218875587,10.96478448881284,397.4693866392554,1375.0840090353477,0.8754554348203769,0.7775618661440002
2046,2510,-4.972810076708777,4.972810076708777,4.904011687951872,True,1.426060436468425,0.3385072561542634,0.6795112938725989,0.15733034788033085,50.0,8.0,1.5418375382550225,4.029967912858332,22.20715935661645,10.577254879430269,305.90461305984854,1848.8152432597574,0.8007449162277709,0.9354146368274598
2047,1148,-4.91083497649652,4.91083497649652,4.903938045977719,True,1.5016693487893207,0.3827324947677299,0.7638839024120495,0.24105800462629595,76.0,10.0,2.7904656233638576,1.711252667256339,16.461707793286045,11.609546048603116,231.12188482790356,1552.4679859623252,0.976855800792207,0.7109863936433183
2048,1555,-4.903784843741059,4.903784843741059,4.903784843741059,True,1.2140741933450896,0.36266230620443823,0.8437500334917443,0.1923932186106248,80.0,18.0,4.8307612916124505,3.0321420733068427,13.981825925323768,10.486673314738407,368.2393145845308,1011.2870352496832,0.9036063559992398,0.7218032759769829
2049,756,-4.970877905826066,4.970877905826066,4.903768183496103,True,1.3749890298224152,0.36852297639876197,0.7769785588774074,0.15600606507153392,65.0,12.0,0.6726689598775506,2.5274211688980754,19.001875117679806,12.146664076783045,329.76972214572055,2384.0113564904245,0.6417621660320298,0.5892672669580838
2050,124,-4.969221482511636,4.969221482511636,4.902598908763978,True,1.4361227249956174,0.3906871774052333,0.7402577654481919,0.2280954196438495,79.0,19.0,3.9730657464206,3.6292744263166083,15.941805706945072,10.116970125547594,305.9712516448026,2483.0977125634026,0.8779413096564983,0.6863058893941343
2051,2847,-4.9532084114558295,4.9532084114558295,4.902337890494373,True,1.4143339443839695,0.3938463252522998,0.7363925738021265,0.18689099899466705,79.0,17.0,4.854197191254202,3.7638729502496866,12.636101236849665,5.864927892718326,488.998780506851,1313.0266100667877,0.8736424593392252,0.8432222076758468
2052,2687,-4.986785931273674,4.986785931273674,4.9019079081160415,True,1.449576486475535,0.348166738841854,0.7918200204439193,0.28676070225132977,85.0,11.0,0.8247319956726182,1.8121540174351956,16.58513244864778,7.049565049616818,345.57536799426094,1096.014357832672,0.9826291461027814,0.7114864716984142
2053,937,-4.951735479212196,4.951735479212196,4.901674962979681,True,1.515759595100137,0.3534234184694386,0.7289895079091584,0.09102034585152105,45.0,11.0,0.9590721066777681,2.5611098724979953,22.270802110914552,17.22794566910096,275.98753915685074,1842.457200211771,0.6415410720293654,0.6818743572008269
2054,2651,-4.973249075116489,4.973249075116489,4.901226056239638,True,1.4845988187247585,0.3598855951507349,0.7839254898839649,0.0924816645857877,49.0,15.0,0.5011832853695406,2.6422631242167482,22.283237749917426,12.488033692803244,295.8856872346694,1304.9778522082597,0.8097171216226757,0.6283101960086157
2055,2699,-4.90119773836733,4.90119773836733,4.90119773836733,True,1.230386641705272,0.380079282952147,0.7181460407550122,0.2893463037120283,80.0,21.0,4.586836293229401,2.5787368310627556,17.609454685795143,10.800653047049682,318.9273556146075,1629.0945653923382,0.9168566020150934,0.766321696830017
2056,104,-4.918118979231307,4.918118979231307,4.90059611945604,True,1.455124001590725,0.3874815362328869,0.7305609142323689,0.22453774844376945,38.0,5.0,1.80968269129687,2.4637154263289696,17.217925110335425,10.665477240748794,325.9527206849722,2856.947680231251,0.9620495137335439,0.7889502559282792
2057,2171,-4.931668479281351,4.931668479281351,4.90044403198378,True,1.4579679733878326,0.38611093744536,0.770334015706942,0.10692703913716767,67.0,13.0,3.729675333946148,3.5474066681052907,16.613293285635475,11.309069460902347,339.7476487521912,1076.210703068534,0.9177568644213141,0.7004614327830951
2058,2785,-4.911497027294789,4.911497027294789,4.900286920279866,True,1.4113258372487234,0.31374551987989113,0.6934551622620705,0.18121967425511096,74.0,10.0,4.9352705274630955,1.4795445308289283,17.188489813191087,11.318946218013158,277.37096144884777,1808.162236198865,0.857061672965604,0.8780204142798529
2059,864,-4.902079342815666,4.902079342815666,4.899710955834122,True,1.4330949379059987,0.3451475232871577,0.8119974442786525,0.20601683581836672,87.0,14.0,1.4166615533815994,2.5374938933511677,17.6106826531272,12.020127805083447,303.24096888621875,1731.981519086417,0.9781284665694903,0.8218535021227241
2060,2691,-4.90455382844853,4.90455382844853,4.899693762777083,True,1.505494277141142,0.38074441570198064,0.8492479805605501,0.13818065085323034,83.0,11.0,4.9541552788924905,3.314577024230166,15.840091014035977,10.487360377150413,336.8089083266112,1908.3223901480744,0.7524209191988954,0.8141291776825563
2061,2518,-4.939583443265887,4.939583443265887,4.899455655655894,True,1.2876424723657542,0.3503985042773348,0.61657860383687,0.10313725169673077,65.0,8.0,0.7085392830231703,2.6951839079192323,14.479919325029126,8.447157294821029,490.26947845553013,2181.2685240465753,0.6910026314699989,0.7163059207935315
2062,3028,-4.936052322487465,4.936052322487465,4.899243003792017,True,1.4810129996823596,0.37788730759173633,0.7635147406248741,0.21447260906553756,86.0,6.0,3.021014527580226,2.693843533247772,22.88316774891711,15.296245611112411,259.8963218813107,1006.4972404346348,0.8849663524068351,0.6436465943322421
2063,2149,-4.941155288254902,4.941155288254902,4.898946662705594,True,1.4982107789486137,0.37527006158063764,0.6626165774483121,0.299032905329085,51.0,8.0,0.8705188107748869,2.558609731260171,18.760224927346094,11.011688448613393,303.22063501688234,1467.8573756240573,0.9021689437401523,0.9398218192489868
2064,728,-4.912334770779664,4.912334770779664,4.898935884307845,True,1.4783614932477112,0.39461113479865295,0.8137480162462392,0.19287101090757794,69.0,14.0,0.9870189225910229,4.286217435983479,14.324995120426507,10.523168016351564,364.76073021091315,2257.0901008007927,0.8728824965655804,0.5181222294585457
2065,2375,-4.963780517878971,4.963780517878971,4.898900644669919,True,1.4659432228708869,0.3083980082720518,0.8116035500162461,0.15230017041108998,80.0,16.0,4.409643373452127,4.327511651566464,13.235544090008613,9.64222167339981,418.5376815282283,1599.3162781904239,0.840821661055088,0.6067074172520284
2066,102,-4.949617323877668,4.949617323877668,4.898864205365457,True,1.4846611442444857,0.3718850341652606,0.7884949742058409,0.14206012688365616,81.0,12.0,0.5351292681142898,3.530160253967278,17.050580671384598,9.654283986626142,336.15060444982737,1186.8659506261565,0.8778838109555216,0.6191714990628798
2067,176,-4.93091767470456,4.93091767470456,4.898816885566698,True,1.5080502934887525,0.3475006154678982,0.7699673433964356,0.11448031457192914,72.0,12.0,4.931634334567215,2.2963984250946377,15.723128883388199,6.667085413593757,439.7949659158003,2016.9642496904119,0.8492026647481148,0.5233803067090301
2068,222,-4.96719462045314,4.96719462045314,4.897704088370403,True,1.5042027083626675,0.38965438349307757,0.8352231834459816,0.2329593704455754,77.0,8.0,1.141480699257205,2.4468690945840237,14.846666923215977,9.950209890174875,394.2013196135429,2330.2887963720423,0.9220844755801517,0.5185219934431454
2069,1353,-4.968323579867902,4.968323579867902,4.897653809542066,True,1.4759828557952748,0.3757360599494919,0.7481546774278622,0.2069416258504638,75.0,16.0,1.661170124832973,2.932980422344805,16.77173681301504,6.893272120846765,389.59547185878614,1527.0430756628054,0.8555237028861769,0.7269304122220598
2070,715,-4.964769951441834,4.964769951441834,4.897592127037414,True,1.4910421229118724,0.39763225004341357,0.8561754648058932,0.2829831879731993,98.0,10.0,4.3777224165830075,3.246404776464823,14.763747511025814,8.5676873630572,392.2920212126607,2911.247043825141,0.7765818775906296,0.7865167179752258
2071,1726,-4.90362706092918,4.90362706092918,4.89739647706578,True,1.4531314021951993,0.37297081499356277,0.8532091247579314,0.13427484662023798,90.0,4.0,4.68382971143568,2.243423738920119,14.909451779231027,10.089698728765873,342.8724545181606,1696.164807134277,0.8859866793971076,0.6293819417591641
2072,383,-4.935573149369581,4.935573149369581,4.89587226573728,True,1.393573269962265,0.35161002322385226,0.79341973722019,0.28794479865580797,52.0,6.0,1.1028664149413407,2.6787201012086643,12.39404914215597,7.9357063645488655,459.13303189807914,1676.5097701296067,0.9996977961946687,0.7744013190011828
2073,354,-4.906242052927066,4.906242052927066,4.894697698979703,True,1.2885088779912737,0.3935877089451742,0.761649652769158,0.21562881271106793,72.0,16.0,1.8105998513984187,4.005272880906085,13.98985956024306,9.596021165099579,325.2533867544806,2349.4621243444512,0.9753609991506855,0.6940109045872898
2074,2508,-4.947012173957303,4.947012173957303,4.893989917502919,True,1.47506674311967,0.2798552317553317,0.8425698030050788,0.16843797235735583,66.0,13.0,3.6999178153673173,2.054291092934224,12.407983566236666,7.422755562505941,478.2432127152116,2228.243252088405,0.8427027209656547,0.6297406186110748
2075,2340,-4.9341385125036075,4.9341385125036075,4.893749852016274,True,1.199216921563717,0.39461742425977053,0.8541323689442208,0.16911802268463552,92.0,14.0,1.9861256431866545,4.0479565433811695,22.51605795601501,16.191130917663806,215.25101882427074,2150.455280411072,0.9494962567192538,0.5404693325418171
2076,2994,-4.930609738711494,4.930609738711494,4.8934255730105685,True,1.4838308630532984,0.33889375326125637,0.8296715144312686,0.10679514093440157,69.0,15.0,1.5845139806463926,3.4617085163825383,16.793006134018388,7.292872218172939,442.22919620744034,2025.4448314043002,0.8088879024611173,0.5049215678619996
2077,269,-4.957221814202268,4.957221814202268,4.892002524530846,True,1.4725779570616542,0.38381206959017516,0.736626469171872,0.14635038365232572,68.0,14.0,1.6867095849410902,1.0825825348611027,18.37604901414072,8.39527706617526,310.5110183324684,1584.7049962152364,0.8896747041413912,0.7624468054243942
2078,268,-4.9204431920865055,4.9204431920865055,4.891524935352641,True,1.48865987325938,0.39071890643780016,0.8831740339505626,0.10879941134554105,92.0,8.0,1.9434767774540003,3.2805473476668934,13.13454887127736,7.971066118408129,437.68554105309966,2570.8992491334407,0.8034772882543648,0.5082178687846498
2079,2289,-4.942917347080045,4.942917347080045,4.891381951529443,True,1.4612561497380367,0.35140974617891096,0.7394158715337068,0.12943079137112232,63.0,15.0,2.7934523994924554,2.7154305728117287,14.490149855792428,6.5384590338704065,444.12694375411337,1593.3529146336884,0.935593874791844,0.6538264748233618
2080,2725,-4.892495593793121,4.892495593793121,4.891351029729457,True,1.4777292451939288,0.37518973208379947,0.83796592128968,0.16224755786669404,92.0,8.0,4.323343203412548,3.2841010216016056,10.547648118856557,5.824186699625583,492.56424172706056,1290.0825858895073,0.9397273107684656,0.8227921047053874
2081,951,-4.948218011612777,4.948218011612777,4.89043799289671,True,1.4237553471747513,0.28974439753326564,0.8473781650047577,0.24078097604271936,66.0,14.0,1.9339961506303491,2.645976098634818,17.179819866426197,11.646366530087887,330.71089255303394,2226.8273911853667,0.8176446626891833,0.5406315832040854
2082,9,-4.959398728779594,4.959398728779594,4.889258492333295,True,1.4952833025266583,0.3543258785529978,0.7530428612018598,0.09099188517114867,62.0,19.0,2.81068640416384,2.8104958615102684,16.913969052887545,8.523314549867145,298.9779857099746,1410.4366982699403,0.9641301368919987,0.5533609785861135
2083,2074,-4.946819169186587,4.946819169186587,4.8891157307077435,True,1.3758738626331257,0.3417788465682875,0.7732604548738014,0.24373299913850718,71.0,14.0,4.6060859468899,3.343415917563912,14.705210392398378,10.232245006520095,371.6013440815853,2505.8917160358405,0.8607358270959824,0.8625800952656789
2084,2458,-4.915734451496688,4.915734451496688,4.888801293124647,True,1.467425412475765,0.3835212572250979,0.8172882705506362,0.2264689916244736,82.0,10.0,4.724458338005396,2.9160572949388857,13.894284548267695,5.567286733657591,462.15297715035587,1659.2170991790624,0.952264220525508,0.8356961476841709
2085,1683,-4.94982828314021,4.94982828314021,4.888665202227137,True,1.473392253951035,0.3876201984582147,0.7563177390320367,0.09843096604790035,82.0,6.0,1.8342757401002667,2.2887191983538715,15.560366463946849,11.755053446030187,336.77562263927206,1244.4089691694198,0.9378062047097188,0.5296486635110718
2086,1243,-4.933773503494939,4.933773503494939,4.888456110039634,True,1.5006312071493437,0.38620644473028853,0.8229058916394973,0.29459894880095583,69.0,16.0,4.100262963614258,4.00236033435227,14.442779292182685,7.301860132740425,414.02201839038116,1992.4679962820496,0.9152566146180057,0.6684418116287074
2087,1066,-4.917544813354203,4.917544813354203,4.8876291718733045,True,1.3541454301237368,0.3772498566284776,0.6570264187904673,0.2634676754168037,45.0,8.0,1.2586492697650173,2.6019548517826765,15.882330746301532,11.88544097771188,347.7543381005984,1388.4469474717162,0.7423503488378933,0.7082600600482148
2088,1962,-4.9009927508269735,4.9009927508269735,4.887417957481885,True,1.2869960282158943,0.3816045921266601,0.8587986549170938,0.1794947571261479,51.0,17.0,4.404130835401781,1.5192560766801206,16.4435586843853,8.042319189933199,361.9905697304164,1002.0910581585483,0.9162367636622908,0.9306883312119043
2089,1120,-4.959740957917717,4.959740957917717,4.887219668623633,True,1.3485194954733895,0.37629149131615863,0.8255242978075112,0.22051039371898068,94.0,7.0,2.325270456112153,3.163222502550661,15.169849667571327,7.04032746522595,463.6504138658021,1844.738505733577,0.8897472420990404,0.5702946674201663
2090,1512,-4.916788110403196,4.916788110403196,4.886900771575745,True,1.490402288521639,0.3706930148229003,0.8337832991033793,0.14797419816932783,78.0,6.0,3.242654132888986,1.6732956105843186,11.695376998412415,8.967040421064091,398.0122611637161,2658.197635277516,0.9686837151716469,0.504038869835132
2091,287,-4.938994082405229,4.938994082405229,4.886802475827365,True,1.4350581677076928,0.3678793370412288,0.7955261097917161,0.26366434825989404,85.0,7.0,2.059091294729051,3.3190365453900443,13.85613509755112,8.673949099293896,413.48197426188574,1740.1546043439482,0.9751953524737436,0.6061801147118592
2092,1688,-4.959170956105619,4.959170956105619,4.8867468097358655,True,1.3635202340194221,0.3992787585251656,0.7975003817329862,0.16993654729051594,71.0,14.0,3.5794952916372047,1.6514426734136967,15.846506053071119,9.28480693847605,307.1876553088259,1352.2544364558407,0.9074116317779394,0.8150698750967671
2093,1213,-4.910847894191029,4.910847894191029,4.886736418522364,True,1.434285676237649,0.3855930514188094,0.8723876849395715,0.08458647573954006,71.0,15.0,0.8727438450992189,3.8442024931742473,18.80438935296978,8.21254616441137,328.2185187022389,1953.3403147150352,0.9252424450088685,0.5867799937421921
2094,2620,-4.922149449585873,4.922149449585873,4.886526756351507,True,1.438413700526187,0.3391960184449995,0.8181490563707685,0.14832797077293608,57.0,18.0,2.4732488745567145,3.4638291590195593,14.662689422558188,6.52227132335377,455.36339748540007,1019.7803474575542,0.9215498058494356,0.6156689317627742
2095,2713,-4.910885246107307,4.910885246107307,4.886385447494065,True,1.4831800569307325,0.35867342097494803,0.7945121465393259,0.20312275926953502,73.0,11.0,3.985788763443714,3.6472320641393594,20.258976538250067,9.572699570170109,413.77673811716744,1565.5935892593473,0.7810793162030646,0.5305795486331967
2096,945,-4.905078989092062,4.905078989092062,4.885830959259127,True,1.5176166057139113,0.3294225411600104,0.6657303473778775,0.1783582043577915,58.0,14.0,1.4172129290459683,3.122695968357533,20.66902348593981,13.156091927625141,289.0980709969274,1351.2175988817896,0.8394773528528878,0.5605116897989069
2097,2379,-4.929269430688262,4.929269430688262,4.885580598252834,True,1.4437695322470814,0.36720544782859804,0.7913817084125627,0.27192763345071813,43.0,14.0,0.579743459638963,3.801976807365523,21.179647011268685,14.874295323683043,316.5273468919254,2191.4182528811666,0.7269632620403106,0.6474343865279519
2098,526,-4.9472164734438575,4.9472164734438575,4.885546305823122,True,1.4033743877543459,0.3569068349503901,0.5952394045480088,0.23176450412209204,65.0,16.0,2.1750406986544566,1.8482322961400621,10.685286100061205,7.7455041114186365,396.06274310665117,2419.3962083739098,0.9610620359430911,0.7314660978266314
2099,2882,-4.89072528457112,4.89072528457112,4.8854854763522315,True,1.5183091704974192,0.33990941450261214,0.8022371486500822,0.17904281510443384,95.0,4.0,4.175462481512717,1.7576446977243827,17.33038143681644,10.067155652094446,261.6875482258711,1424.9689210036993,0.930437643610249,0.663739637341064
2100,3035,-4.927352463309101,4.927352463309101,4.884763501023223,True,1.5160379112298528,0.367933865196973,0.7702046027336695,0.11598432067042129,64.0,14.0,1.5175634628978916,3.296075315150679,20.6809844561209,8.287316477146364,321.3611522398821,1305.5876665059768,0.8724716419077089,0.8669785449787049
2101,912,-4.973859132549806,4.973859132549806,4.88464148913036,True,1.2017550413308944,0.39573154332682375,0.8427565875297833,0.282900433028078,99.0,7.0,1.1446694479191661,4.4469743397113675,15.811474866770954,8.185725212649334,463.2659173861305,1986.8412549364753,0.834933646647998,0.9584443773623171
2102,1485,-4.897439119932682,4.897439119932682,4.8842076604222475,True,1.3937975305761245,0.3434394131488799,0.8569989955919699,0.14387175648056733,98.0,4.0,1.359904741242904,2.263458213181245,13.528354146212903,6.367439657793063,450.8069053722862,2243.2994176706156,0.8683065105822096,0.6755731316847804
2103,207,-4.902675071262568,4.902675071262568,4.884075584332175,True,1.506016264341318,0.39255165095472616,0.6931719791329934,0.13159360399914474,80.0,7.0,4.447171659361835,2.6318428022782463,14.748342946385392,10.0593700184492,325.3183429569299,1596.503871169256,0.9510649360010905,0.9466502109531144
2104,1736,-4.91069118361802,4.91069118361802,4.883415209374,True,1.2974292080241046,0.3799055609120561,0.8417682732226197,0.0988021498352035,105.0,5.0,1.1071687998457969,3.0568687439111555,16.25352205260193,12.141980165971272,298.6568682123709,1694.752283313148,0.8247414694248774,0.6495243535615889
2105,1842,-4.895385187197209,4.895385187197209,4.882773691063395,True,1.522519663523909,0.3917389538260405,0.8486758069759524,0.10380294915968283,88.0,8.0,4.516565690339686,4.290051571337569,14.491070308355232,8.99898634014195,356.75653433412623,1479.6067033349805,0.9584621794274887,0.8803192656650175
2106,1509,-4.895842108354711,4.895842108354711,4.882737297933243,True,1.5124147507369232,0.3571049045059278,0.771011779422444,0.23431368265485072,33.0,8.0,1.3809646950021768,3.203964197799807,12.714352754708658,8.34931683608459,450.62870599229416,1098.6259528409057,0.7939390212853432,0.9925388451018036
2107,1985,-4.952769311282534,4.952769311282534,4.8816567568686375,True,1.188698412653694,0.36682287904080874,0.7943212381345242,0.08590327542384292,65.0,16.0,0.5875437942055961,2.943163862461869,19.8318444850937,15.402966591217266,273.060211843363,2043.894060460756,0.8414518494628929,0.8103123103075414
2108,1071,-4.946091436712405,4.946091436712405,4.8795768056998465,True,1.497651614386072,0.2623471514815054,0.789876011393146,0.255000993170321,72.0,11.0,0.5862706324288567,3.906983579099956,19.965621957304883,11.8460795228242,338.653722224109,2345.9633415509247,0.9245434209866981,0.8962210663451264
2109,395,-4.907312611605173,4.907312611605173,4.878769081246524,True,1.3020218223525584,0.33779432265032827,0.7374302437853572,0.1546923797110954,53.0,17.0,4.782912977318151,2.635781840986008,16.492506744331628,8.842004415122272,381.6039402153587,1868.5429953227288,0.8249975974888679,0.8576955291738388
2110,3015,-4.903754406253137,4.903754406253137,4.877836627669568,True,1.4736672153534602,0.36449995761926773,0.7502781674366019,0.29287758254998153,47.0,10.0,0.7781138934436189,3.9597432458797766,12.591508765687824,8.819835339700816,474.0866634203794,2465.177001666098,0.9010889800802537,0.7276747613225221
2111,2471,-4.927668605327367,4.927668605327367,4.8775443281466835,True,1.515968378955926,0.36264142650830516,0.7594929908514536,0.21825451645409147,64.0,15.0,0.5543298759367601,3.9049876160799926,14.31548024873436,10.335384748179607,342.80856068561013,1353.8289345011046,0.7541330009382636,0.7312533222071902
2112,2198,-4.9689308627812165,4.9689308627812165,4.877460511601206,True,1.502403135822263,0.34149854932545326,0.8889539734197431,0.23792459545114644,65.0,19.0,1.5352300975232447,2.2056062386018205,15.30899034741346,9.073214780623681,329.9143225977582,1364.5082473133793,0.9098478577791054,0.6849580362128342
2113,372,-4.882749534992334,4.882749534992334,4.877278908282418,True,1.5136391405315213,0.36598343397068056,0.8435478044821143,0.08327672530121108,74.0,9.0,3.0619354657568234,2.9519192824555094,15.253290007946084,9.152320752388782,329.1779651296353,1386.1627630260514,0.9845553840254455,0.7007610778842538
2114,2119,-4.934139448431701,4.934139448431701,4.87726358633674,True,1.3984280983096018,0.3632177331740412,0.8011534731568516,0.14354975895530853,43.0,13.0,0.6892784416530144,2.6594447832664296,16.483287877891197,11.137647401210053,438.32211323501417,1212.414826571132,0.6196010509620693,0.6580680235738969
2115,2812,-4.890774252844881,4.890774252844881,4.876879570680863,True,1.5013246940965437,0.38638232617682555,0.849590017833424,0.17849646608459874,92.0,4.0,3.25099574796855,1.4524524244666637,12.967827107750086,10.112695414399454,313.38276096845277,1080.541918300524,0.8921072220141572,0.8523257435768923
2116,2967,-4.897425085588922,4.897425085588922,4.876404843313663,True,1.3677705846336847,0.38365299444360723,0.8710851143707465,0.2414585369514047,67.0,13.0,4.609855653906511,3.999761180855552,14.502525694240838,11.10584941533374,337.4085701070726,2090.776099127065,0.9373759562447531,0.7281689143230187
2117,1450,-4.902517869070715,4.902517869070715,4.876363019053401,True,1.5231989954419354,0.3166477732273338,0.6942482598986275,0.2872873297334415,49.0,8.0,0.6057648356451715,2.9318637454816985,12.535198133276793,7.096555610601296,496.6427212294592,1497.0539743882116,0.9999297476305445,0.9806244098230121
2118,2399,-4.926030642938099,4.926030642938099,4.876120288474695,True,1.2553575225820692,0.3409640593172322,0.8399646046764393,0.08429326919149718,63.0,14.0,2.4750564131199453,2.529019799808049,13.38107811497015,8.44403785982514,439.5238081326104,2754.23066400302,0.8743013602789974,0.6109513638717908
2119,255,-4.892730671014399,4.892730671014399,4.875994095491541,True,1.325611816924645,0.3932550148550875,0.5772733673340912,0.19770999589224297,49.0,14.0,2.896931110501114,2.434268994063775,12.567794933792673,9.521966459493752,433.55438659692584,1856.5418471341782,0.9929555173887696,0.6519350444701104
2120,131,-4.9306435824262405,4.9306435824262405,4.875979615775113,True,1.3418299930898974,0.3620690964907408,0.77083632980358,0.25959773462045377,64.0,15.0,3.7908069613139848,3.164649827087297,17.416655756407614,9.719972519174515,332.3788691036057,2159.1567043215036,0.9254931462543603,0.7367072175997007
2121,278,-4.911012273588697,4.911012273588697,4.875371001297973,True,1.4809796752726454,0.3661387598578453,0.6618811057334335,0.1832930213204945,66.0,13.0,2.0349023954745755,3.890791340152165,17.48460656118379,7.722774554711227,410.9559430621304,2236.047142304922,0.9811921336819421,0.62624190435914
2122,2969,-4.922658665388749,4.922658665388749,4.87532557739677,True,1.4981691554111574,0.28866950205375114,0.8997141535972779,0.19963768066610607,88.0,8.0,4.855125610250594,3.0523530709311766,16.36792744736516,11.852995106157675,346.8471090487958,1834.0089084184042,0.7455610720848337,0.6100330155641662
2123,1259,-4.896942289410788,4.896942289410788,4.875324328294207,True,1.4440768984075356,0.3549843617404226,0.8481696865475835,0.2568785809933941,85.0,7.0,4.689362852599121,2.074297468167744,11.77841771722495,9.227007852223895,440.1005216529013,1478.2295081961474,0.7365753273089818,0.7772464162168415
2124,2417,-4.95259179524641,4.95259179524641,4.875162350886624,True,1.4621908082771056,0.36136802217188396,0.8166173121411564,0.2340143487108651,75.0,15.0,3.3057015658344775,2.957501769510549,12.413510021299189,8.39801660987966,350.90359351564234,1007.3778122790592,0.9593822358518413,0.794430613356719
2125,47,-4.923454493687331,4.923454493687331,4.8747622159449895,True,1.324492326238644,0.36666712874051793,0.8414267465263309,0.12352009663851928,96.0,7.0,0.6599648444838611,3.697751262362213,12.934113908201205,9.069236036736708,365.6945867611455,1516.3672215108174,0.9511372511670966,0.6436662248526369
2126,1709,-4.935001265015113,4.935001265015113,4.874635470400458,True,1.4631511754157982,0.34051905571180163,0.8466274379287997,0.1496512071221523,85.0,10.0,2.6447004658154567,3.6189314984444545,10.731885494472493,8.560746441347966,436.8901200383623,1966.1686885624024,0.9074251048637625,0.520893263405944
2127,1921,-4.916537027459212,4.916537027459212,4.874291438405722,True,1.3814150548808053,0.3641399811370842,0.7776992370428137,0.09588799164986817,93.0,5.0,4.347915676632845,2.2489843565662655,12.72106313207068,9.361803117158196,388.9287876151258,1198.1198653017245,0.8410568421371704,0.8802172210689703
2128,1233,-4.949137049161369,4.949137049161369,4.874108283153409,True,1.4450824596072853,0.3965047180594836,0.8496995294146417,0.2917376152046598,65.0,19.0,1.169596637955352,3.500368892777468,18.515317115443167,7.971177684722253,318.8157015270058,1800.2947348890284,0.928720349742238,0.7697867890558454
2129,2001,-4.941619254154972,4.941619254154972,4.873416890382192,True,1.3465878396672406,0.3764839672463708,0.876250461329773,0.1296910056024242,82.0,15.0,2.792260009329766,1.5508586089126766,17.583058621756102,12.991213677240541,306.9609687663615,2204.0990619817712,0.7044397103600204,0.5407158703162269
2130,2706,-4.9340733631755445,4.9340733631755445,4.873174116418989,True,1.4673732292088337,0.3930857640759209,0.7653352596979657,0.18247962474930354,78.0,13.0,3.111063829734248,2.4558045083531415,13.650995794168477,9.850710075802825,286.9214939505789,1271.0752947343585,0.9583389044594915,0.716698229122981
2131,1178,-4.931004463636403,4.931004463636403,4.8726776238178715,True,1.4869851642607117,0.38133192400679783,0.6721759867051802,0.23662887160748133,59.0,16.0,1.3621489285757888,3.0581508387415743,18.61038038893812,10.456602237646093,303.43622347634516,1615.2933813207503,0.9003274354723825,0.576216985138756
2132,1841,-4.9007799829287,4.9007799829287,4.872553129242803,True,1.3312143740861733,0.369196292726711,0.7014039343953916,0.11171254737953419,54.0,5.0,1.0769592939843964,3.0951398159285572,16.920709437920188,11.356835159783262,351.86826917431495,2138.476165206689,0.8093251315548143,0.7942051377474738
2133,1114,-4.9191822147535165,4.9191822147535165,4.872436288945369,True,1.458652196556428,0.3941023185060798,0.8551433238035799,0.27697882790875206,72.0,15.0,2.567842331966718,2.0020545723653536,16.88303876318539,6.948334229699428,339.4053777814631,1505.6726509935213,0.932417921836215,0.61215069610233
2134,2800,-4.87179729515276,4.87179729515276,4.87179729515276,True,1.3143640377235184,0.3691776542418575,0.7075771153891433,0.15605145986928337,70.0,22.0,4.2943668679015925,1.6794928563075342,14.256765230152244,11.094334036500578,349.3241087300675,1348.7498109372702,0.9257854581997693,0.6967610317590187
2135,1083,-4.9215408166433825,4.9215408166433825,4.8716053412183165,True,1.363008954860008,0.38848879457454916,0.7006128345810498,0.11500984798724823,58.0,15.0,1.7124819636129123,2.4440528734688214,16.935239593656554,13.09271721824258,269.3174712452424,1697.1258238266757,0.8796251892703031,0.5368769600230199
2136,1482,-4.906556708697385,4.906556708697385,4.871514614539905,True,1.4905529197085456,0.3553503917740022,0.7418356514855575,0.1778466688884939,42.0,13.0,0.7602382739428928,3.490991071987998,15.494128901784343,8.869270333071094,404.08282707934274,1517.4124491931548,0.7472088771631316,0.9566006014347987
2137,2139,-4.93982933354388,4.93982933354388,4.871502399134924,True,1.3049118825360582,0.38011897117678783,0.7490735167982612,0.09336552774959295,73.0,14.0,3.6336331888758777,3.949408112135761,16.44035926623778,8.25326120070428,431.1003748578181,1080.788081591013,0.885038858463894,0.7179894556356887
2138,2232,-4.908694978896661,4.908694978896661,4.8714523782723145,True,1.4710881214554838,0.34839215501901205,0.8709658316786344,0.21004300339023182,73.0,12.0,4.930849468761875,3.0110314811520786,17.22445428770239,8.486444383927699,316.15728261417513,1989.0711713954797,0.9708347581613006,0.7533040848546675
2139,1998,-4.915559858410793,4.915559858410793,4.87108768482775,True,1.5102276799109995,0.36405388142011286,0.8740174428946882,0.15493855991726885,77.0,9.0,3.1646528558659854,3.505421216601097,13.633871400941286,8.616577349282231,416.77882370664037,2332.9603593361367,0.9502167176327518,0.7145561242366938
2140,1076,-4.878512145580785,4.878512145580785,4.870955522242942,True,1.4794799807177306,0.39705764152175704,0.6883423759008256,0.28833213352173115,36.0,11.0,0.8579142463203695,3.408586410805583,16.482641793919782,9.134029359618367,394.9968566109371,1103.4229819152756,0.7849669726786122,0.9504819002543321
2141,606,-4.936610694900597,4.936610694900597,4.870857669849931,True,1.2943216188489206,0.38536629637465863,0.7887449719949455,0.2281503621327588,44.0,12.0,0.8558823124255883,3.414353776218284,18.424674872341868,10.90146310477609,334.33430086397556,2244.175482949186,0.8180393733271772,0.8595798950877855
2142,876,-4.898469339943723,4.898469339943723,4.870636458094987,True,1.4359339431538505,0.3347707264381869,0.8127225339453656,0.26611690085603656,79.0,11.0,4.00603567169362,3.3641982359266045,18.29647536241165,9.869816407018968,310.8989679321876,2392.025784895823,0.8802350306968038,0.5477347694202457
2143,1929,-4.9389717280875605,4.9389717280875605,4.870463510795497,True,1.5140708812247325,0.3099477892369032,0.7362182107716662,0.28174530991505237,61.0,9.0,0.7586880954099593,1.3360962755161427,16.331715394006704,8.845194882583296,338.9232528407243,1584.9316001374668,0.7980068566038184,0.7920000448392988
2144,1710,-4.905935198782943,4.905935198782943,4.86990865884656,True,1.4167251837492614,0.3436504361678092,0.8832739762251636,0.12339656053470875,81.0,6.0,4.127321061837359,2.5212995322130163,14.895149398957797,10.493583219745531,346.63144426871406,2152.8556440182083,0.9430067714780839,0.7180591114406273
2145,2743,-4.89783040981011,4.89783040981011,4.869502455987572,True,1.3454075001250094,0.38640696096932153,0.6563813382193326,0.14145141175406561,69.0,13.0,4.194374354428564,2.995509023047027,13.187051525489917,5.952990795345185,478.65550333161207,1087.311920250046,0.9362523165529507,0.8864873984931402
2146,1366,-4.914149535184362,4.914149535184362,4.869348423074541,True,1.4935343356920112,0.3876598764982489,0.8643596674436496,0.29932537775777446,99.0,13.0,1.442494283493373,4.18233249690824,15.550775706564657,6.545929624871984,400.5780805063962,1066.2102371068695,0.8813033229099388,0.758775311266481
2147,2072,-4.907072177302088,4.907072177302088,4.869317129608854,True,1.356981523534491,0.37540909762098706,0.8038801002922049,0.18617600842267049,51.0,6.0,0.9848317816091567,2.7535148056701018,17.796652768055694,10.852522849994562,327.4340364816975,2401.264831918616,0.9201615102138775,0.8616596998554961
2148,2295,-4.899401448286267,4.899401448286267,4.869103157561882,True,1.4547109029212764,0.3756081421644105,0.8768079792550818,0.20145476232882584,77.0,10.0,2.2761579699393,4.03200300658216,19.867331894666727,11.175022978802437,304.3712192524598,1636.130967607664,0.9601842699382963,0.5848177287313484
2149,356,-4.88687666006457,4.88687666006457,4.868950594975753,True,1.3538288900591433,0.37476634842609846,0.7778893441363728,0.15418630860056207,63.0,13.0,2.2210892140496363,2.1553868368261426,22.981844710832412,15.835500610501242,253.41498166913317,2100.980608524896,0.7071815254525669,0.5957812000530064
2150,1805,-4.890567389063029,4.890567389063029,4.868604535707878,True,1.4795070365883212,0.37386286250138945,0.7538017453146268,0.20617638035732305,64.0,16.0,1.572887050581863,3.778125366716232,14.285447141796451,7.963514219973598,384.056823651379,1186.4595030206965,0.8935511160267313,0.6889847556431972
2151,1433,-4.91794254365852,4.91794254365852,4.868228980889802,True,1.2863515455957744,0.3796230335012186,0.8847338157546907,0.26014974236816635,60.0,16.0,3.7230884553982824,3.2793086636792177,15.945069682003739,11.241952584635467,368.1180913995965,1048.1018899361734,0.7926543689271696,0.6285006168159313
2152,45,-4.92360823948498,4.92360823948498,4.867895817843821,True,1.4566829332223397,0.3664046728328513,0.7596953848249489,0.1925454416966956,85.0,9.0,0.7360829705985266,3.2786123044214808,22.76622107825626,11.744086201005429,257.6279445283941,1153.2127501668303,0.9532594003918231,0.7219646020870056
2153,411,-4.916135060359396,4.916135060359396,4.867575528373673,True,1.3934791492761218,0.3623987920835155,0.8209435682049694,0.0890074166076679,53.0,15.0,4.677135543171954,1.8212566853335979,18.930933545759558,9.884351352225632,340.74467585192775,1817.9904606376792,0.8289300375390867,0.6151615431147786
2154,1151,-4.873927194120425,4.873927194120425,4.86751616756511,True,1.4710069445322878,0.365608327557019,0.842083380463424,0.22741134562735615,85.0,8.0,1.3501518494168792,2.781916494868608,15.956063379497792,7.556000182774017,325.47864690904555,1254.7152584161668,0.9827171359580931,0.5539546571594134
2155,1919,-4.928813369828232,4.928813369828232,4.867430633913853,True,1.3394580010544332,0.3567458077881359,0.8404559373752358,0.10245767447783831,83.0,8.0,3.7640808366334144,3.9140797349095333,12.791050386055957,8.894480065643378,453.40713000821427,2842.164785355503,0.9872506108835832,0.5023315356887619
2156,1304,-4.883663627488081,4.883663627488081,4.866628351852168,True,1.510653029658895,0.3549486539890272,0.7491034399565644,0.18753965481252574,52.0,15.0,2.3764030906543443,3.206806174434156,16.741376272042224,7.0521831248522275,440.7112968482838,1882.4478466073467,0.9097785966341745,0.6026740988999035
2157,1495,-4.8855995576453,4.8855995576453,4.866578060064134,True,1.5219925595794233,0.37248207070112066,0.7572082164473087,0.27474856233111195,64.0,15.0,0.6372753246709055,3.356765889030409,14.882196213611868,8.29390499132409,406.0850605555584,1984.2878990084948,0.7795354468432049,0.5336677905471525
2158,146,-4.9366589981073075,4.9366589981073075,4.866573172844436,True,1.3928860498389988,0.362045886641538,0.85463389941255,0.21431753720116214,56.0,14.0,4.48736331964271,1.7250249996632534,14.505066954637138,8.345585327134962,388.00862267908127,1505.9664858036895,0.9330548829666216,0.8227098571252457
2159,2692,-4.906687057062383,4.906687057062383,4.866241498238475,True,1.4225998873651127,0.37114742020032715,0.7843499643100917,0.16786519867053407,59.0,17.0,3.8254123075490005,3.6585127652652316,17.60644883842608,12.54917347840555,317.164839391726,2581.879054678189,0.7613793842725968,0.5960355843025702
2160,1795,-4.89616598042516,4.89616598042516,4.866134721559581,True,1.3826929395306402,0.36060700189322237,0.8475723579119632,0.20143408051801176,69.0,13.0,3.9434982365562186,4.443177814822015,12.932213224557945,10.120745189234093,373.61234749899637,1888.3990577854076,0.981694668087502,0.5248302588815792
2161,1506,-4.888535563002372,4.888535563002372,4.866087108113453,True,1.505894897008103,0.36466420754378104,0.7800168501510417,0.2581915004264755,72.0,7.0,4.105024605324905,3.0576410552658024,13.482229156184122,10.342908862534006,393.3222522237499,1663.5425533270554,0.9630547468751978,0.8039817264388862
2162,494,-4.933867948290876,4.933867948290876,4.8657434272033315,True,1.4039291009570374,0.3677046619185209,0.6901541207122069,0.15344244151482284,59.0,17.0,1.9151407541154768,3.6684828854989515,23.095619022116576,13.040543029930836,257.16828528731935,1504.4989547157847,0.9039899291690291,0.6149853831146785
2163,2400,-4.907804278200408,4.907804278200408,4.864743367849603,True,1.493292334264266,0.3058246305114235,0.807756213572819,0.15617109952145103,34.0,10.0,0.9882863520669578,2.8159932189837775,18.270735711081333,13.900913148453228,274.6892983676372,1352.2541310066404,0.8798977227904496,0.8673679419895343
2164,867,-4.911118259041749,4.911118259041749,4.864501698295675,True,1.3785618083922806,0.39595841428102835,0.8086314950937943,0.13818425479916768,42.0,11.0,1.0977589724671613,4.126890752073581,23.94768611801823,12.806552813696612,259.76981096686734,1347.2873928318,0.796007423028905,0.9494705939435203
2165,2469,-4.945299197308367,4.945299197308367,4.864037733178136,True,1.4612387524354928,0.3956163990227388,0.7616150546949703,0.110401385434588,75.0,12.0,2.5494936752286375,1.714945482551245,22.98247711050516,12.296643622081056,274.07305820204914,2835.912264919302,0.7618431139962833,0.6491453413033327
2166,1392,-4.916304822426942,4.916304822426942,4.863462160145876,True,1.445766145392898,0.3757390647070108,0.7740243527783013,0.2856322510752873,66.0,17.0,1.8572376023385475,2.5908726034525156,15.648351370843862,7.187671817251917,335.75899887139144,1285.7850667039575,0.9733327344931664,0.7805696933688245
2167,225,-4.881947075847599,4.881947075847599,4.863306516367665,True,1.4099445567711628,0.35139679411366476,0.6466159605576157,0.23239515877633998,52.0,8.0,0.6920905125346799,2.6865357355931025,12.475813443244498,7.5945670991602,461.8940570383179,1620.6316702614665,0.8539168769759873,0.8813104812790673
2168,2745,-4.920289020566775,4.920289020566775,4.863232944699844,True,1.195951742404078,0.3769843146331931,0.8958429464992099,0.26623327811358627,66.0,14.0,0.5175518308067044,2.33166324534606,16.03128154122583,12.68075675922696,267.2006133171889,1805.3009440962505,0.9815257009889753,0.9551022600188278
2169,2899,-4.930072440062865,4.930072440062865,4.863139067372979,True,1.370124277652971,0.37423574187165976,0.7600737351464957,0.18235807804111315,58.0,14.0,4.562529973532,2.095239444657234,13.915088950183389,9.405496599339784,467.61320953175755,1177.1603456043817,0.7452656212270342,0.554787020196031
2170,2481,-4.916279450598919,4.916279450598919,4.862985306319131,True,1.3202847586763007,0.3712061673895294,0.7929982077892643,0.23114042236220114,88.0,10.0,3.9035417292501053,4.2455645857887525,19.594329731565093,9.927611059440485,341.41250791088765,2322.8734984213297,0.8665278857349774,0.646260050182907
2171,998,-4.874815314103851,4.874815314103851,4.862973209524018,True,1.5234629974832585,0.396454728007401,0.8505627764838066,0.16814615058830112,55.0,18.0,1.4705530338199206,3.688412747218263,13.965962855683985,9.475348739016464,342.51745180074596,1844.262445847886,0.8620190693546105,0.5843099549875448
2172,1517,-4.894442522861251,4.894442522861251,4.862911656868247,True,1.4285494523222004,0.3778421439336821,0.7161007963796119,0.23371133824399776,68.0,5.0,0.9603117351239285,3.0387454973185952,14.605811341929325,6.482788795923063,465.560002787946,2164.670270842769,0.8260005785610351,0.7692622560250563
2173,2443,-4.8889564505840575,4.8889564505840575,4.862802706467567,True,1.475787031851651,0.35881090454989367,0.6607229466822115,0.15780739590090848,62.0,14.0,1.5350561407545376,2.672185633740382,18.477922358226202,14.334866666409118,216.835802047678,1743.0699441734046,0.8938554027327822,0.7286445163190365
2174,1956,-4.913355395385467,4.913355395385467,4.862739542583309,True,1.4595632028733905,0.38656910486125773,0.7732844511290631,0.12192092311889532,58.0,17.0,1.6363698738942267,1.8985657205549322,14.571227079366045,10.798151251269669,268.0203687452961,1829.848448943251,0.9182418253632736,0.7843275910373362
2175,1456,-4.886932068732318,4.886932068732318,4.862678887218742,True,1.3507208538454494,0.3927854664352205,0.839086438903434,0.1728106949000851,64.0,14.0,1.7234037837634124,2.9508734557805,13.89637418316267,7.279226459630081,450.6430210375803,2071.6849718580847,0.8269209369160889,0.5958670430413149
2176,1457,-4.863145766783574,4.863145766783574,4.8626198607567845,True,1.4131665747123838,0.2683868668305834,0.6477084799778521,0.13494948850406482,64.0,10.0,1.7751336763492698,2.300344676287841,14.322918304981618,9.367676740077572,393.59376104297917,1003.6440789696795,0.8776622401705803,0.5382631062529981
2177,1061,-4.928713530481865,4.928713530481865,4.862347868880033,True,1.5100589036493954,0.39289291623142564,0.8125698595836612,0.17105210931092898,69.0,11.0,2.3965947111867307,2.102895272740964,16.030446953588633,10.829535790657143,337.6661823254166,1601.5419322604307,0.8206080379202483,0.5907666490713673
2178,2343,-4.896794932478546,4.896794932478546,4.8615719738225245,True,1.3942182896313275,0.398456773864485,0.7924297695181192,0.11294888972672011,68.0,13.0,3.3950805469813896,4.404033917468041,20.742935370298756,13.396963156386011,281.01507591023494,1768.743383205472,0.9347379778764626,0.5484409270864936
2179,1101,-4.865415309121802,4.865415309121802,4.861552079842273,True,1.437867594590627,0.37710820448217675,0.7150838942023254,0.15481462191765646,63.0,10.0,4.172197218046019,2.1675887410644545,20.855073011974227,12.35469899398993,262.97426498000993,1233.7941405144304,0.9049499839540918,0.6529706832413782
2180,1625,-4.917983836970028,4.917983836970028,4.861070410467288,True,1.428069523547496,0.3620971775557201,0.6557231803767496,0.20307727247366256,54.0,18.0,3.1707482451914086,1.898587056974069,17.23929738257935,11.907240387278758,270.6045104995966,2329.4422977621466,0.8052168205080166,0.7031471920925888
2181,982,-4.8903972179164885,4.8903972179164885,4.860751646302134,True,1.4382864376494018,0.3736737362897403,0.8666641035935632,0.14117504147616222,34.0,6.0,1.5979532978730249,3.9282413392270454,17.924924106695066,13.007683597791344,360.24126725633056,2229.5302818250684,0.709399876865315,0.7403673757542579
2182,1072,-4.87261972052154,4.87261972052154,4.860634853330042,True,1.344258880011671,0.3740802199094799,0.8056018913007723,0.24048561600778404,55.0,14.0,2.4935278130675766,1.7088018243154743,17.18932442633164,8.433620774936493,331.89165301163337,1949.0448061246673,0.8941563508529589,0.5456125334994298
2183,1012,-4.9324191747472055,4.9324191747472055,4.860379435186822,True,1.3898130840897074,0.3780502417639695,0.7628031439075199,0.21237822802737355,61.0,16.0,1.1228900235477686,3.5669996053911746,24.81159355202934,16.393662617051433,273.23722348591264,2992.2289797872836,0.7707865149802298,0.7083785747403164
2184,2113,-4.888932447291655,4.888932447291655,4.860288638771268,True,1.5061211180615954,0.3677795778087596,0.8020542792953739,0.21289653669195144,72.0,14.0,3.857767105767575,4.046328016926481,17.116952810043813,9.534320341330803,332.80747127417516,2659.6081199243135,0.8615193186033286,0.6694283157993979
2185,1911,-4.9301730159853925,4.9301730159853925,4.859998474733125,True,1.3428902166243755,0.3653406781104477,0.774530685444698,0.11080377362493876,66.0,4.0,1.0272893897085662,2.543264797478085,13.032479680993294,8.79674425716638,382.8832183547614,1611.54811106322,0.8859490228366889,0.9510140865115158
2186,352,-4.909375174758286,4.909375174758286,4.859979081143667,True,1.437350192117844,0.39434521359527464,0.7790588871453461,0.26371734952051473,66.0,12.0,2.7510384096357177,2.252325443970787,17.09408375851656,12.187480576321056,276.82232153005697,1704.2220019364177,0.861874712687208,0.64069562912982
2187,297,-4.915776367551108,4.915776367551108,4.859371303367187,True,1.5039671583512657,0.37038500035389677,0.8322600094669628,0.08537841338928942,76.0,10.0,2.4467994620915983,2.6755221628290045,20.03694909199322,10.26993514517613,304.7191460731637,1854.653114719983,0.8646166739898342,0.5363824289195446
2188,944,-4.882973296796815,4.882973296796815,4.859269134566073,True,1.5227678183228393,0.39770955345533715,0.7139628468126061,0.14437046686591415,67.0,13.0,0.8724303638477375,4.322210298732077,20.139935215959945,12.91693842357048,368.21518675196984,1493.370839737694,0.7008551495353526,0.9005157889925383
2189,2521,-4.911249407190013,4.911249407190013,4.8592194867301135,True,1.5152740527924142,0.3496461436097805,0.8368156891749152,0.09459738649994781,78.0,13.0,1.8480424101208754,4.374530501693618,17.270835052572515,8.05409946409928,434.34044374091866,2659.107565407285,0.7956848481890432,0.5640280409063201
2190,2098,-4.923560216059897,4.923560216059897,4.858163350763812,True,1.2171593969865564,0.3701885192866783,0.763682004544884,0.15215718369369693,65.0,9.0,0.6771503836399564,3.4179259793878005,15.680898231886644,10.265372131615036,382.0388083433525,1495.2630434562973,0.967046656207663,0.6950489898325709
2191,883,-4.859014291637501,4.859014291637501,4.857667366584243,True,1.4801467178152943,0.32299280877915404,0.7787722196953569,0.2855750579127258,82.0,10.0,3.1030456191675544,3.5612240730291815,11.17312073473576,8.078460836967043,450.51335514175355,1367.7014999102648,0.8011156235072232,0.5807292241066211
2192,2797,-4.899989695620597,4.899989695620597,4.857173477001849,True,1.2929173533278404,0.3674584615485988,0.7564847909361753,0.252615104595414,59.0,14.0,3.5997882569468014,2.369902906307317,24.95881551339523,15.047333441519811,244.9530274198989,1619.619091032967,0.8379530117521571,0.6972096765754723
2193,1816,-4.8896251820548295,4.8896251820548295,4.85676362099642,True,1.4769197401172236,0.3933358955582232,0.8579296937404064,0.1226121321919483,57.0,13.0,3.1194320403044347,3.046714573524178,13.47627238165521,8.97921473111031,385.9655052683913,1952.9068131974645,0.9817840764299035,0.6494865928186013
2194,3014,-4.878806680011423,4.878806680011423,4.856073917154434,True,1.4597526888605208,0.32841175841642467,0.8031467635580621,0.09355298990833773,86.0,7.0,2.0739961624129135,4.06159785787487,21.780562533470874,15.273635263779678,243.82650712504983,1896.667331457138,0.8786730099306216,0.6394474012777209
2195,400,-4.887846860244359,4.887846860244359,4.855886438637956,True,1.4141981853908665,0.38627159725942617,0.7733935030211869,0.27258343841318305,58.0,16.0,4.215298686899478,3.274620621795905,15.113131948076957,11.198568314941456,310.09355336968065,1505.8636141869347,0.861364706759127,0.8150599591490781
2196,272,-4.923818292187784,4.923818292187784,4.854580880175304,True,1.4888625749377933,0.3789935720783993,0.7116173840860148,0.21442224773273322,74.0,15.0,1.1401890472784035,3.962784182827161,16.65335011488579,10.104110739901671,403.22926866030406,1130.3084459900715,0.9245722652194847,0.9765646750181728
2197,888,-4.919804434861811,4.919804434861811,4.854422094071006,True,1.4211548212321872,0.39211315441833683,0.7948295421387106,0.1936221667532352,50.0,10.0,1.1694479184826165,4.492379779456118,19.934282065495097,8.389176410675017,414.28033003205434,1539.7635755027131,0.7670709248375158,0.7341331323573101
2198,1387,-4.915813376528877,4.915813376528877,4.853683517493245,True,1.4188370334205804,0.35863303223411797,0.8361623106866403,0.1308335319740779,56.0,14.0,3.414117788714132,2.0123634980991483,23.522177613256137,13.169161793730042,237.24086089875397,2159.325886765981,0.9053497494239557,0.6337764738127589
2199,1123,-4.8853062769933775,4.8853062769933775,4.853548863036398,True,1.4090482340373076,0.3637356348163642,0.8032625415317195,0.22451493529640934,76.0,11.0,1.9264815074419404,3.307694137480743,17.85293395639141,9.339419938566241,341.8191078596406,1291.691091264643,0.858563572624568,0.6091097433442627
2200,1508,-4.890266220893849,4.890266220893849,4.853523371634607,True,1.4644750928983352,0.39599438351734817,0.7134143356894879,0.09671296186207569,42.0,6.0,1.7316265174358056,2.612985103058365,13.267382237698945,6.5449579601181815,445.1736604208809,1311.7515128625528,0.8629011913880397,0.8907480827969847
2201,2084,-4.889068637775922,4.889068637775922,4.852976482215949,True,1.516736294005624,0.34927338088754956,0.7875012638291383,0.20930334807748185,54.0,14.0,1.861763402407659,3.2336414586359403,19.954743912424654,10.762601714038473,309.7847036700796,1767.6181618982177,0.9868605121138372,0.5163724305790853
2202,3010,-4.875511524021078,4.875511524021078,4.852861903960405,True,1.184918005229263,0.3930255071897355,0.6895895582451861,0.2887289361611718,69.0,12.0,4.253439871156107,2.842730708007146,18.47931028961464,8.80912738396903,432.431301753968,2195.9419299459214,0.7161180909371594,0.6154552898117881
2203,2479,-4.896309987687646,4.896309987687646,4.852767928095924,True,1.2991344425933413,0.379446979154691,0.8755208104994098,0.1526320929743838,56.0,16.0,3.2373892691393955,3.078486195988987,21.842218926750537,11.12180159259612,299.8951774511712,2637.350082397461,0.8567221297125431,0.5956266392022371
2204,1705,-4.861504579146831,4.861504579146831,4.852144372284273,True,1.4605290333289438,0.34881592629361335,0.8190116799220342,0.20434126954680326,50.0,14.0,2.1568971047664522,2.6997236608891453,13.875501296701316,10.433822722526331,337.6543289802449,2911.080531090188,0.9426518298765338,0.6349648165169484
2205,2258,-4.88050822406482,4.88050822406482,4.852143098476157,True,1.3322562886109899,0.3549014376061674,0.7804428245273636,0.13606587768866768,63.0,13.0,2.1752043132377543,2.5217364226906986,18.463601740525533,11.461594291746199,273.54447914597415,1881.0737248719615,0.9001957690881314,0.6992433761840926
2206,100,-4.896896456207853,4.896896456207853,4.851977747422492,True,1.468868601289222,0.3715114812450433,0.6739574491138435,0.20990413231775162,33.0,9.0,1.2059219359824485,2.872984295826292,17.691348399966955,9.570576718771061,335.3616339159954,2593.6254651106233,0.9637701608907001,0.8181797283506548
2207,506,-4.91287504033931,4.91287504033931,4.851948103141952,True,1.3041168218872592,0.34903186410003484,0.703132360052309,0.20478809772509393,59.0,6.0,0.7970328813682572,1.5696835361893882,14.629425679217503,6.889648865538811,406.463146224787,1813.845094906734,0.9451282778351953,0.9521990085433658
2208,2644,-4.920533235146608,4.920533235146608,4.8517709034368455,True,1.395712099682317,0.35677988579795605,0.8533856504236697,0.13858190793312813,43.0,8.0,1.3741656776148532,3.519932403865477,14.325019840465192,8.412320258671397,491.52689050385686,1529.8544657248683,0.6811277959553697,0.7993424981591759
2209,2436,-4.8973117807332125,4.8973117807332125,4.851219827578352,True,1.3814056615821557,0.35286364570836554,0.7239045599492895,0.163422505726041,62.0,13.0,1.827009841742694,3.834131008239594,14.726392507636097,9.892101480844554,365.23503135156244,1362.714780373292,0.99820128991694,0.5340330263440047
2210,2955,-4.907744905007078,4.907744905007078,4.851215329928407,True,1.3147971133907603,0.3994979878510729,0.891038804292073,0.14863445938398465,92.0,7.0,4.71581319179259,3.632859136221887,22.495994854149604,14.755934076266417,295.3730520803612,1044.0087195564122,0.7375054918502764,0.53166564146883
2211,1791,-4.8690855893001315,4.8690855893001315,4.850289587475268,True,1.3105667895775626,0.35816369414449933,0.8218435039494096,0.20171999232417692,66.0,16.0,1.4216726284588344,3.3450316322071245,17.848799183194114,9.137773468514363,334.9618667592445,1937.8849904860206,0.8879312684754455,0.6076338893807727
2212,2031,-4.860312226381333,4.860312226381333,4.850157847430071,True,1.373818266720057,0.3869366584572038,0.7859156401924388,0.11123593575336758,73.0,8.0,4.720998577071989,2.814812139157913,14.002739235417792,9.698421731414497,406.6341115134654,1186.5111208323328,0.8243594656794271,0.7890495065383605
2213,2734,-4.896956270772509,4.896956270772509,4.849920341122482,True,1.4676373972861738,0.3215997565889572,0.8791489131508998,0.08029162144998946,96.0,5.0,4.300504820162651,3.2399942925167746,13.0368903448283,6.6922104414913415,478.2596480059823,1851.691158479999,0.8716059268637552,0.9048015882058547
2214,2514,-4.911586511338355,4.911586511338355,4.849458573547578,True,1.3568120211083057,0.3605507625688057,0.8788501261399442,0.26864160693174854,85.0,5.0,3.9210131648562436,3.0150605558958543,21.21079694407038,15.094000263667716,255.69899694476152,1369.0460940190453,0.97881609974812,0.6749866066257199
2215,1968,-4.918670070813452,4.918670070813452,4.849358064831085,True,1.2485336742514181,0.3769741014696042,0.7921172588754369,0.09254351025629852,61.0,16.0,3.517531507555325,3.7906625499356035,11.957854661633405,8.038148143357173,487.84127024153867,1266.353451395855,0.8928805579514147,0.8031546761187889
2216,3057,-4.858463785550126,4.858463785550126,4.8493572727600345,True,1.3160004838623294,0.38759908879976057,0.8720063794351336,0.2194738829229838,71.0,11.0,4.640312412857032,4.093050036061787,22.88614027346643,16.668784782136896,293.6066316982441,1372.3380245105263,0.7550086919260942,0.6803141120207914
2217,2227,-4.9266638922378725,4.9266638922378725,4.848915605995043,True,1.3964896363137713,0.38550842738640057,0.8452795592277081,0.09965663741078998,65.0,13.0,1.063775608764645,1.0884243971371657,12.317007261969703,6.143852970649,436.9667128894622,2950.304503247102,0.9644868896549491,0.650682396057064
2218,2575,-4.883776256728218,4.883776256728218,4.848409310748304,True,1.415692367302679,0.3897054595402305,0.800960440499228,0.2207583801750671,62.0,3.0,0.9615451976357541,1.6642360940089078,18.793199082061374,12.155306445934565,302.3936320929191,2330.8943577522323,0.7996034322795573,0.6747745435776619
2219,233,-4.857927055679802,4.857927055679802,4.8480401961114135,True,1.469764733560079,0.37280241674752307,0.7045658174510678,0.20560187325744797,67.0,16.0,1.5812842202542683,3.9898367724736605,15.257273065854918,9.401462725663334,323.47592943813567,2969.08178053221,0.9191691172534692,0.6049069799482822
2220,2966,-4.863566548580846,4.863566548580846,4.847417345622835,True,1.4689661433219023,0.36353724150535266,0.7706552987591649,0.15131642931667,49.0,8.0,0.5789008288198256,4.1500583977973875,14.381368340454255,8.680546330003098,491.49988528404253,1181.1181522396487,0.8164316249236871,0.9995100064225632
2221,1249,-4.906942498334779,4.906942498334779,4.8473972952794,True,1.470377857335887,0.39552315791741066,0.749339448629445,0.25527713036619765,58.0,18.0,1.6647257776034377,4.353318157252534,19.403043339378193,9.83421413587402,357.94350081767857,2019.2005540368086,0.8268006970921913,0.5088959913404422
2222,2322,-4.913211839270954,4.913211839270954,4.847257153651482,True,1.3546191226817903,0.3913375914441174,0.7968959514206323,0.2768815671500554,69.0,11.0,0.914774511513043,3.4490320466281514,19.401302007101034,12.288504971213627,214.15788962500815,1116.8208291526057,0.9464809828832303,0.9074669137460486
2223,2637,-4.9012480017346505,4.9012480017346505,4.846569143655882,True,1.4358737695016046,0.3741179665179361,0.7864994539325567,0.13982515434106899,75.0,10.0,2.10475080816777,2.8067288360852443,18.075611174599253,9.95682032967169,362.3998785059484,1773.07111214862,0.7791637606758542,0.5992658781562871
2224,2194,-4.905023695857621,4.905023695857621,4.8461407811672075,True,1.3363302164707802,0.3745236337723667,0.872751554238807,0.2175172108651391,78.0,8.0,4.416084056011081,3.635946789820095,11.79610818686948,8.627342776391512,467.40967684842553,1823.8526142635023,0.9745597485127024,0.650018706929234
2225,1553,-4.8852148484360445,4.8852148484360445,4.8460408980539516,True,1.470081326320924,0.32755659348275,0.8422447029501201,0.15585674750389159,64.0,10.0,0.6243178829305656,4.389017199632654,14.581229907750277,10.811363497364308,349.29318454235926,1830.2723559273536,0.792640210958687,0.8237325511925211
2226,1063,-4.898997365465601,4.898997365465601,4.845271388109095,True,1.4289559052031349,0.3841114668302661,0.8486726716023516,0.26765778399363394,86.0,10.0,4.976167554171322,4.343978232226192,17.448210944116266,8.438870144712707,408.3070275534356,1464.3121409076884,0.812801937653618,0.655181050251501
2227,936,-4.9012631535984115,4.9012631535984115,4.844915970800763,True,1.1235654461374731,0.38246872065103527,0.7217933053324692,0.25657658736203814,76.0,11.0,3.91184479388157,3.489143199672795,23.822094926168432,12.027406971280708,287.24554983556163,1178.18983078591,0.9184095611918202,0.7505053235277959
2228,1372,-4.906736280634605,4.906736280634605,4.84440825723954,True,1.479601488159887,0.3764513334039754,0.7464077121959303,0.13655227869216627,79.0,10.0,4.31607787675877,3.425177438677652,17.86244112156717,8.9148903497187,366.8041556753251,1488.0510477660137,0.8424633841357282,0.5858012493104208
2229,2378,-4.92202603594092,4.92202603594092,4.844021861389533,True,1.510833353385497,0.27950525472991233,0.8284009606953611,0.18028454173499117,71.0,12.0,4.25079697119283,1.4701192922318223,11.589257921306046,7.238468404194021,488.61895376019265,2489.5569653367406,0.9096045554736116,0.7687126057340061
2230,2193,-4.895768178969789,4.895768178969789,4.8438210898403185,True,1.4978185771848005,0.37936267278830704,0.8374463558061369,0.1841545726628854,60.0,11.0,4.021486111478985,3.9031374977362994,13.791797759435074,8.98151675850359,464.12814572618026,2345.841092450645,0.9889445537150177,0.6066638905576998
2231,1596,-4.9007269990319005,4.9007269990319005,4.843721647153926,True,1.5065041641608676,0.3353303639552172,0.8954777137707789,0.17345395530628108,57.0,16.0,4.1882872944982426,3.398246828700774,14.852184919314558,11.49683582141711,330.82530173163326,2316.3440693661287,0.8431949229551907,0.7584745314299536
2232,2726,-4.8547530839572195,4.8547530839572195,4.843631219960088,True,1.4785142627041787,0.3904975383312427,0.7986502866363958,0.09425771652229345,96.0,1.0,2.0999752773366818,2.6268597662237547,23.991967722465812,11.477460083908154,281.3644962613166,1142.4854214208349,0.9009574790706475,0.6250786967053836
2233,89,-4.914764122783202,4.914764122783202,4.84350942982088,True,1.4596202926634851,0.39176869693982763,0.6562615449756101,0.1534661885941132,54.0,3.0,1.7703008707350478,4.286800454785283,17.91228396042171,8.492474753138458,364.7964886102602,2966.406289545401,0.9840213864056768,0.9132371327206343
2234,2221,-4.866273833500066,4.866273833500066,4.843369727031815,True,1.4882705925939645,0.31676718766754597,0.8077598672837145,0.20339811375736688,72.0,11.0,4.701802788105782,2.9609449793477367,18.09648100159591,11.639778683948318,258.63686734836335,1762.4861159055633,0.9061658100325519,0.7950083877120614
2235,2282,-4.882032232581492,4.882032232581492,4.84334212097043,True,1.4661226190918735,0.35569222503272263,0.7690807966251298,0.15716169637459523,87.0,4.0,2.0180481077364156,1.375473367597833,16.988759902785873,12.07463698980408,293.07799524992316,1632.885481406417,0.787601014900942,0.6305335317297434
2236,1272,-4.893866201749427,4.893866201749427,4.842762138213363,True,1.4337894891073957,0.37258974304327075,0.8221160533397305,0.2907496045582342,65.0,9.0,0.6471145582393958,3.8372085624370804,17.71331522046726,7.532702288981845,436.14754551917383,2935.0982953117787,0.8162399250835572,0.6911648278430891
2237,55,-4.870370270162803,4.870370270162803,4.842452074049542,True,1.2902084824408668,0.28018938522018183,0.692573708413506,0.10384623912665876,66.0,9.0,4.790567735068775,2.4626020793156362,16.633287210874343,9.207834403269311,384.4506922338269,1015.1585403183982,0.9683169011110384,0.7111459947997767
2238,2773,-4.885070277110762,4.885070277110762,4.841866240677221,True,1.3097883875247347,0.381435622831453,0.7099771919687541,0.1852911535171049,79.0,2.0,0.9593038072518172,3.7423631036157747,20.798716353146276,11.9026449696882,334.30407005749254,1363.4704093540167,0.7960540886379811,0.8409007569611395
2239,1068,-4.872547569542502,4.872547569542502,4.8399095796731935,True,1.380613993752956,0.36744302895950687,0.8793015051752671,0.1866277775391733,63.0,5.0,0.6909180704929612,1.6763405408660716,20.19900927243155,14.879798842171848,267.0335408237791,1085.0630153277546,0.8387350643958738,0.6955582669958138
2240,386,-4.839945507113799,4.839945507113799,4.839491328724562,True,1.2328712620735538,0.3558332002295175,0.8097178452767759,0.09943527559887391,93.0,6.0,0.8904442927838108,3.057138543384125,17.433662610323793,8.703001992497379,391.70419918373227,2904.3682952136364,0.9408099991676906,0.5807709121145308
2241,2028,-4.91295198445251,4.91295198445251,4.8394245948429795,True,1.4749964701451335,0.3601372673614549,0.8450518711505529,0.11369310555898501,71.0,13.0,0.5779474797528867,2.2274011626483907,14.567342123827242,10.029571892321645,296.0190185748879,1608.3225566611986,0.8906424133249415,0.7309606371499249
2242,2068,-4.904125778233668,4.904125778233668,4.839146212497445,True,1.4627679515017853,0.3580325027036066,0.6535484069291431,0.15230702226120837,45.0,10.0,1.3888699721814004,3.0090979998569045,22.40382237515868,9.776002971918873,269.67460790619555,1343.8816270484444,0.7913075085601474,0.8032943049695449
2243,2464,-4.857456916504076,4.857456916504076,4.837893961854168,True,1.4719682150578421,0.37405139377752983,0.7910614189701675,0.1218318125146291,71.0,11.0,1.3580578398680254,4.315150888002832,16.54099388789494,13.089281040337982,281.3586513364031,1076.0592581491928,0.9454326190256909,0.5161605715515714
2244,1311,-4.858267355667142,4.858267355667142,4.83774113756723,True,1.423050389341819,0.3746538252369742,0.8773798221832344,0.10504420824561576,76.0,8.0,1.3799090207703795,3.51854990440632,16.307113930240998,12.939258407581288,296.1640716503761,2789.576214755747,0.8984698393338539,0.594609682566241
2245,578,-4.896924713301377,4.896924713301377,4.836282961207265,True,1.1934135721644172,0.36861915922929367,0.8669812586275993,0.19401256137744902,61.0,14.0,2.185062500935161,3.101585788374617,22.680507443819465,12.496688300021647,286.8495306345025,2553.026936424686,0.8977310381726152,0.5373229847230501
2246,139,-4.860044727611377,4.860044727611377,4.836062792104926,True,1.462200886535906,0.3303447256892318,0.7767629860458819,0.13118540416182253,78.0,6.0,1.9294000854627542,1.2256088722497225,19.821351447303474,12.790671184776336,266.64819930308835,2217.799975276718,0.7732241131257729,0.6254220163481751
2247,3044,-4.860577167436314,4.860577167436314,4.835999932451854,True,1.4287157683030272,0.34763152707161643,0.7994752767571456,0.22346498693146233,10.0,1.0,1.6154650301601423,2.9621428508134584,12.54376628514109,8.097843679779281,491.3344498557035,2376.028282314216,0.8967024354278197,0.9005490588267151
2248,1231,-4.9081328948571095,4.9081328948571095,4.835587107059098,True,1.3774842070824875,0.37490433103942045,0.7749362470694893,0.29458778553160725,76.0,16.0,1.648993007613598,3.096051527413726,17.77186826503136,7.492630989094036,365.9086971420324,1452.2085633077268,0.861301064638109,0.6654874025662749
2249,1160,-4.847033227195732,4.847033227195732,4.835518055296761,True,1.429588917495609,0.2928100780840133,0.7757848594138591,0.14837076442122532,75.0,6.0,2.216168252070105,2.2888756109854675,11.364387483837561,7.825783734355602,434.0814323571538,2682.7927603857815,0.9865492568773794,0.7018265151584144
2250,2697,-4.897188270441648,4.897188270441648,4.835389407542403,True,1.2586926183177845,0.3663768974248056,0.6994028276144064,0.16621476271994326,68.0,11.0,1.6792656501973866,2.5511480755915876,12.383251162945841,8.530900400879446,431.8592721999775,1827.1590768371268,0.8879714140104079,0.5470759164009035
2251,2858,-4.860323947972178,4.860323947972178,4.835107706409113,True,1.2872541490299656,0.31363312794657117,0.6839182261397054,0.10078204870765552,50.0,15.0,1.8589516797011565,1.9797773190735164,22.970421309983614,11.835318360815029,270.8165057701708,1209.6770874910521,0.8821788855983477,0.5965172137792429
2252,2854,-4.864536321133697,4.864536321133697,4.835074220724729,True,1.2606783098335907,0.365530768672833,0.7959405557138293,0.10822881891870292,72.0,11.0,4.81929579516933,4.499084093257109,15.763004585385413,10.612076922725063,489.9888576212718,1101.2954816146585,0.7103199237882605,0.8918527683623667
2253,2904,-4.853128587617158,4.853128587617158,4.834736395185076,True,1.4280359954871742,0.36904955687851204,0.7685813006891397,0.2114071446579219,72.0,10.0,2.1513051625744186,2.6223416502663293,19.352163513441837,10.211613759013748,331.2904173042572,1948.7841007772465,0.7544195470331797,0.5408595895252784
2254,1413,-4.873016223107564,4.873016223107564,4.834553088337746,True,1.4563229098552781,0.32900375314160857,0.7907349203304342,0.1025986836318362,44.0,10.0,1.0453644146699872,3.2522043398784257,18.644334099353685,13.912172619506169,287.58610738338143,1919.0151575571645,0.8063386315223482,0.7219108183756829
2255,2313,-4.896274238727052,4.896274238727052,4.834545572595073,True,1.3921814690926078,0.36311886570600554,0.7381927195005554,0.10663623010060877,67.0,1.0,0.9976526180883609,2.1186773361958107,12.388976601281817,9.667865760976099,490.0105704230348,1542.8460859661334,0.7252252316542885,0.7225814914958844
2256,1738,-4.868755172822594,4.868755172822594,4.83343330332664,True,1.397021024561864,0.37807280678044397,0.7802745734851908,0.19003402486499868,83.0,10.0,3.761962893895185,4.19551372370281,10.96969526574835,7.118604668233553,452.9187071508588,1315.151743587303,0.9580751659714715,0.9617083581758721
2257,2903,-4.882287532689054,4.882287532689054,4.831394163507561,True,1.4968294380728535,0.3547394002476116,0.6917997045601971,0.12726801768719914,33.0,11.0,1.194502849536634,3.49296015733853,19.835447147797545,8.84547223860168,326.02338610051936,1346.1296478573522,0.8497211332804848,0.9083171555869878
2258,381,-4.849258464376755,4.849258464376755,4.831339663261287,True,1.52279666837477,0.3567997984905077,0.7211358896795977,0.09159318795169039,41.0,9.0,0.8913839553983134,3.476080793053859,16.06857020022142,9.374131570294871,403.7011602291313,1849.7556734270647,0.764698404363694,0.7396809354556384
2259,2224,-4.843648521562453,4.843648521562453,4.831196771469065,True,1.497202593472204,0.3488305149277615,0.8715996586860153,0.2231540590745106,43.0,13.0,3.2782159432128353,1.5351890366294312,14.917409417181203,11.610195777494415,317.95906504925006,2155.202934936256,0.8675475413204358,0.6306540810250756
2260,213,-4.836499732989925,4.836499732989925,4.830253869663217,True,1.4876913791511541,0.39708218759734526,0.7601104730652786,0.21658765129665858,84.0,6.0,2.158267310312933,2.3696543441987115,20.12979894650125,8.300796742210364,283.8070584523902,2191.850981560486,0.9416289047176614,0.6839629593014022
2261,168,-4.856603332895317,4.856603332895317,4.830038346077852,True,1.442203369649127,0.39879971587635477,0.7831347425338168,0.25261453652754423,90.0,8.0,3.1782992388092057,4.27389142010361,15.638205110397562,10.442672156775682,365.82788025126706,1837.3945625059719,0.7350349565125885,0.5939303166233003
2262,2894,-4.874381320492946,4.874381320492946,4.829488225186296,True,1.431320224341081,0.37551603464534256,0.8962889815650712,0.18611798357829148,67.0,9.0,4.970587077001578,4.113233632999439,15.109294676728926,11.09282191809892,452.5432345452282,1436.4584399643477,0.8611200398809048,0.6364657525741374
2263,3052,-4.87365999498823,4.87365999498823,4.828787139123757,True,1.491750861021294,0.2838999610699714,0.8595704224109253,0.1936825753681229,77.0,10.0,1.2007433029915544,3.478478526901055,13.411991862592814,10.467654836396745,373.94812463065443,2678.498538706238,0.8213160894479441,0.5327517059631646
2264,1090,-4.875781129851725,4.875781129851725,4.828323590359545,True,1.5238430820281825,0.3304816636178045,0.664933805286731,0.2720829820618893,72.0,13.0,1.3434140597055173,2.632002298448739,17.839028857292142,8.864153159332378,388.45825765163175,2139.2719356678404,0.6669429998350795,0.5331630738672447
2265,412,-4.879052370106928,4.879052370106928,4.828227963342071,True,1.386260152484677,0.3492715542893547,0.6174520329475295,0.14568168917917507,53.0,6.0,1.0024368034668119,3.0435207690969377,15.979104639525735,10.32957955265979,331.9897710877701,2198.382355538167,0.8466926727270112,0.9184027280911815
2266,2059,-4.832479294955512,4.832479294955512,4.82779969814203,True,1.4375035816237756,0.32656511350741413,0.8161408537253972,0.24628140233208562,57.0,10.0,1.7758315405350804,1.9492317921539395,14.740070558066781,6.824038324445581,467.3888980178214,1655.916520871001,0.8827941620308892,0.6233683018471539
2267,1198,-4.882168316671503,4.882168316671503,4.827124418994096,True,1.4448944859082564,0.3992508012931926,0.7938440705723226,0.20671211913678106,61.0,10.0,4.3941734145253735,2.5954273703311035,13.266666469506031,9.102049585005384,397.13967630849555,2045.8528221314928,0.9813834768293834,0.6867876532448289
2268,2260,-4.859615730590466,4.859615730590466,4.8268060604394565,True,1.478965329685299,0.35697785419095596,0.7948621947301733,0.1669387054342315,80.0,7.0,4.8231709448844535,2.377043467981042,13.58660831307174,7.4861201910191015,368.0154232469319,1337.4683763385,0.9735864117248296,0.883231177758532
2269,1734,-4.839841247053935,4.839841247053935,4.825587049879453,True,1.4555800441409827,0.38509504020679775,0.8810581254991916,0.24677040728917288,52.0,11.0,0.5666036212795498,4.097912241727005,16.455635807640373,12.290583062869773,373.9604368988086,1580.839754026084,0.5929575679666279,0.9099292910120088
2270,2902,-4.871950886818985,4.871950886818985,4.825046453950035,True,1.4700174714181338,0.36889488354871597,0.7263384987684823,0.1338877270075964,71.0,12.0,0.7291308018460461,3.7128684754172525,23.496439924627257,14.72997573648299,260.7837396202292,2140.781295453286,0.7581462436083557,0.5608990102305703
2271,1770,-4.888240599763781,4.888240599763781,4.823762939750907,True,1.4440953359438122,0.32731823739286386,0.7403567478644686,0.13512518681149327,74.0,12.0,3.8224148501043023,4.137160189568359,16.35256878103637,9.90108075705348,372.81582142707884,1912.6697866754769,0.8497353973088997,0.65363264870737
2272,1974,-4.862138974763303,4.862138974763303,4.823672785242021,True,1.3978848543960496,0.3024465199404588,0.7402592894983675,0.10689497252876118,76.0,7.0,4.6458830458084615,1.7968369140533973,20.086313757498296,13.486245399734555,254.6820519543677,1718.9277717589453,0.8186296899374044,0.6932918487226074
2273,1874,-4.874166679130697,4.874166679130697,4.823476679389051,True,1.4391664408736586,0.39874337776978197,0.8458842944374511,0.21973832733986617,87.0,11.0,3.2418713418194267,3.8506205097367334,14.251313732969034,9.240739071834863,288.7715950606037,1063.2486293469824,0.9799769796962595,0.8027484837016143
2274,1300,-4.85346068498248,4.85346068498248,4.823384154940071,True,1.425493182177148,0.3978051989411837,0.8327386910739917,0.23836503902024345,88.0,5.0,1.7052272121183303,4.003169630862875,18.94622701183481,10.607265521783077,298.2836915184366,1951.3480612187836,0.989760420674425,0.5715558730370334
2275,181,-4.883054690322311,4.883054690322311,4.822803649235943,True,1.476699225100679,0.3830525248285056,0.7842610339351042,0.21182207155992278,82.0,9.0,2.269075317991173,3.812038475362808,16.948294998641998,11.478981048663314,287.97197656596165,1167.0227538655251,0.9146333520099603,0.5408781657231707
2276,109,-4.874260842067667,4.874260842067667,4.822316908143584,True,1.4084873013910482,0.3653104293930297,0.7300383756565951,0.16709833778558844,71.0,6.0,0.6618395086269042,2.5513759223315065,20.416390841652728,9.385015878673428,299.34626155821985,1845.7247388722203,0.7810482698172424,0.9401985995023264
2277,2223,-4.861636050334179,4.861636050334179,4.822303394794453,True,1.185018133855711,0.3594404282940256,0.781095622487108,0.15550314565119233,84.0,6.0,2.055884692148627,2.5524262933829807,15.065060585746956,9.879328322219164,321.5724915653937,1686.285384558657,0.94908630710962,0.5222490585601365
2278,1441,-4.857752330888154,4.857752330888154,4.822218966634405,True,1.4799737409585643,0.3903713449898573,0.7797091721859146,0.2961350449769059,57.0,4.0,1.3876843044581142,2.941951821308964,21.157882114338225,8.89710772884363,327.4595952761572,1544.1581073743396,0.7494019728652627,0.7053180619055931
2279,745,-4.84220994210007,4.84220994210007,4.821997316881694,True,1.50810321364648,0.3682187453061546,0.8740720132531218,0.24488097586316043,94.0,2.0,1.9058640281286119,3.3424363559715777,16.28792640593396,9.950665727284346,360.16645070027204,1986.9790266875232,0.8454228725743322,0.6096453049847896
2280,111,-4.821911278845864,4.821911278845864,4.821550191875235,True,1.4325229794295238,0.3603304441369163,0.8138482266443944,0.1627078290575133,84.0,4.0,4.944997232728094,2.886999072887896,20.96911254651165,9.463312566180676,323.11165063493326,1996.063604250118,0.8600893128146696,0.7289846599142077
2281,2015,-4.883692523775135,4.883692523775135,4.821180268168861,True,1.445096854132875,0.39912855702508043,0.8834932694978415,0.13928203079810342,75.0,9.0,1.19578537506741,4.455305551983422,15.39471765297967,10.160046921255946,360.16151452950214,1820.0829259030083,0.675490143225779,0.7222691806916872
2282,548,-4.888928704469722,4.888928704469722,4.820531014209488,True,1.4328057920104802,0.3602513127401471,0.8413972113514887,0.2952073242822494,81.0,16.0,1.4314850945090771,2.9982186209309174,13.599675947936714,10.46525084993906,341.41674942366336,1719.2040466917852,0.9080509564493826,0.9462347788221356
2283,1925,-4.882237222503703,4.882237222503703,4.819888750580604,True,1.4284446521293948,0.3490265511446995,0.8446190679778287,0.19569476804299465,87.0,8.0,1.369616695915585,4.081705701652399,14.962948005371901,11.228937607093357,307.87018923397466,1450.2459718369132,0.9399337751259116,0.5523791090521881
2284,2263,-4.873107776192658,4.873107776192658,4.819341067552391,True,1.4707375751023732,0.38369515862315895,0.6951605883336356,0.09846588291831483,54.0,14.0,3.6604911685265606,3.910390041956769,18.880637396463502,11.799876762567878,316.64830117229627,2317.9203239898034,0.9261410775389922,0.6187285792026515
2285,646,-4.858488445030263,4.858488445030263,4.81910216832847,True,1.3938551596693067,0.3895411908412809,0.8219414968993546,0.16118651551524632,70.0,4.0,1.0240480827371792,4.480758719882518,19.178901891900335,11.882791417955547,391.03782916017065,2695.252055542089,0.6900934834908206,0.6631759903246477
2286,784,-4.824592054221278,4.824592054221278,4.818992873507902,True,1.4204336940067477,0.3448632235770376,0.8558649828419829,0.24351146908310017,50.0,16.0,0.7423108201555637,4.378646925975998,21.716042639527647,12.446742762056129,346.52799662689637,1412.3502726159218,0.7661944713717928,0.9276506192466903
2287,1220,-4.8595964520339034,4.8595964520339034,4.8187773396185385,True,1.4356818002109175,0.3701099601011566,0.8153381017436744,0.24132063501560783,78.0,9.0,2.1165934080263904,3.3330241344222538,17.15276493418763,9.40618495032911,305.50933914725965,2078.520435994911,0.9464339031046725,0.7339029290564334
2288,2328,-4.8887127687609535,4.8887127687609535,4.81859690561673,True,1.5027157775595459,0.38698647704703226,0.855225164253772,0.2539837404047501,54.0,16.0,1.9464569207304327,1.8466256842881612,16.487736308933687,10.129186640944287,301.24460752154096,1785.6154712824423,0.8129954233304906,0.5893817672958388
2289,666,-4.879703831858642,4.879703831858642,4.818474954433747,True,1.3709295776933181,0.39002555012508444,0.8109638670212818,0.20183008516044945,87.0,6.0,2.11835427419501,3.106180916287019,12.768392698416068,8.066416798409985,429.2688900666911,1636.248720422204,0.8892172166977672,0.6259104561042136
2290,105,-4.833677492823496,4.833677492823496,4.818358789352833,True,1.3223424867663027,0.3869812267871447,0.7071478749881375,0.16301112306118348,73.0,8.0,3.7471656194887792,2.0233387804790066,14.029712465767288,10.126861486007847,297.9452065192163,2713.636048583472,0.9450971722872783,0.6851497615659086
2291,677,-4.82707891460265,4.82707891460265,4.817917634945734,True,1.3458360183951785,0.3688037399860087,0.8783475503722846,0.2504635523071345,62.0,19.0,1.986109030709021,3.0512932412009395,11.234261415612798,8.949917352226905,404.6044648720055,1430.8935491236266,0.8902983116545649,0.6995990622084993
2292,2892,-4.864495247749863,4.864495247749863,4.817028117072512,True,1.4661701227843313,0.39213913245184606,0.7997155428602984,0.1944260042645084,55.0,10.0,0.6063081671863797,3.6941084403164086,19.882680813465957,8.94868683193878,481.61642970137933,1847.1918716802684,0.606922277820118,0.5821328698101719
2293,1872,-4.8880132258427755,4.8880132258427755,4.816207702321944,True,1.4511914865955786,0.3882478819933084,0.8362200929079815,0.22042959992603148,70.0,13.0,4.20742703098579,2.6302988656704342,17.690217066228193,8.95162046687744,345.09390288840865,1527.4104569107294,0.7826637904673439,0.7045448744826889
2294,824,-4.865671031502906,4.865671031502906,4.814132562715856,True,1.485353479169412,0.27388402591797156,0.75122471356554,0.21424029612171638,50.0,14.0,0.6731165290860783,2.030154033435513,15.88211278263352,9.62019471609702,323.5023876172385,2306.5049847874275,0.9523872503609943,0.6843518084651782
2295,2272,-4.867221518354544,4.867221518354544,4.813386212758353,True,1.4014617100566487,0.37135364092422496,0.7438558082339748,0.1411976194806726,45.0,7.0,0.9607219012638137,3.7870548145682466,18.232986347930265,13.8674284759588,391.0005590311264,1552.4591267062094,0.6501395675542865,0.6519408144025346
2296,1566,-4.817609578219192,4.817609578219192,4.812661850495952,True,1.2770423380094784,0.35792786420532363,0.6359684755979564,0.1381953950685127,50.0,10.0,3.323876678863072,2.490809378150661,13.418670637431074,9.683950966870409,431.7632843471202,1484.3654053003947,0.9311918739079115,0.6530209631619016
2297,2647,-4.831781834211467,4.831781834211467,4.812054414525273,True,1.4746011082405068,0.3961399606150015,0.6956487201163881,0.11420455266627065,44.0,9.0,0.8760788577957057,3.2550828995421934,15.237788001453199,8.679764904604902,342.10066812356973,1425.8789492144683,0.9711256094577976,0.7347531868046002
2298,189,-4.827435039665736,4.827435039665736,4.811514619275623,True,1.4212799425036944,0.261349316963359,0.6445088232277006,0.15794446354684633,44.0,13.0,3.4627433701899206,2.1322616288677976,10.415566394016388,7.163409115403814,485.6839996589881,1394.3491693320752,0.9979431994191625,0.7151260235894208
2299,1334,-4.829032849758356,4.829032849758356,4.81142163656069,True,1.3364535848954646,0.38799236373270196,0.8364190411990331,0.28707573619509685,73.0,11.0,1.995921989934876,3.789797132596944,11.16803335489005,7.600004591523081,421.0038598844285,2869.7023029994148,0.9638184341617084,0.6474232978832467
2300,553,-4.8144204298650095,4.8144204298650095,4.8114206310163645,True,1.4923428171788815,0.38029258492543094,0.7805963865568459,0.23415004385064342,65.0,10.0,3.718014204918687,2.0739972275604623,16.82443171769037,11.584750222539018,231.19718394238828,1983.7934799334248,0.9465877464787087,0.8974883963405602
2301,371,-4.8432515166102545,4.8432515166102545,4.811415376162415,True,1.2557762460880633,0.3525049225554711,0.8407266796818856,0.14227809634059668,72.0,14.0,4.306425348855555,3.5008410649165786,12.694063076073416,7.734330083477564,427.8280767716535,1648.2749508880984,0.9241277491204776,0.7602406498044729
2302,2431,-4.871279515349329,4.871279515349329,4.81120135198936,True,1.443613834274964,0.3687914104001016,0.752397107577758,0.10382639713867027,67.0,15.0,4.075491492821484,3.3193191751302744,12.145359159762084,8.374371519066617,389.29888321735746,1251.1746975177261,0.8543705827451262,0.583903624497466
2303,1119,-4.852483093732474,4.852483093732474,4.811149843529865,True,1.364883922631724,0.3808305786420251,0.8712626638970832,0.18281791568292355,73.0,12.0,3.954067912056819,4.26950157317511,14.25286777118926,6.526278035594064,449.8017340560955,1774.254427468681,0.9364957229432418,0.8503161212212329
2304,2709,-4.837505727990148,4.837505727990148,4.810484439385094,True,1.2633955108048065,0.35921426215801455,0.7436744828509825,0.24832442514106934,61.0,12.0,2.866004054054288,2.6181967763821383,12.340533286161115,8.91605395788299,411.24625492888265,1358.7061587406863,0.8428933123698528,0.6643050337132184
2305,964,-4.845031244233894,4.845031244233894,4.8102659826620915,True,1.5120832401146178,0.3560646797960773,0.8303980511944611,0.23522342167913807,42.0,12.0,0.7165015526390763,4.224771019644927,22.60376097085652,14.61000054414589,262.2708995929677,2274.978983109524,0.7111272663592438,0.8523569302285436
2306,1539,-4.868252850254649,4.868252850254649,4.809743726515175,True,1.4211894269916365,0.3941533538219894,0.7305353365052941,0.12368248722481756,86.0,2.0,3.228800549311291,2.2794736774479913,16.038612021597945,11.539742165422833,350.48020463553144,1137.2657544571698,0.8845221182193139,0.6778235015527221
2307,3064,-4.843366010708645,4.843366010708645,4.809581523326807,True,1.255820735312312,0.3742030244373822,0.8500144491279338,0.13748100199308455,98.0,6.0,0.8665137555479896,3.5592119462504064,17.066670178813634,8.944286297607643,388.44853190532694,2030.0219471589328,0.76946527785726,0.9493770794186267
2308,1706,-4.865977252628619,4.865977252628619,4.8093545055336016,True,1.3973788696157823,0.34501274612588473,0.793990813532236,0.12923065010662188,56.0,7.0,0.7413561418200842,4.346230123515578,18.38562225278652,10.814646053817851,366.29648693940374,1810.7364931279483,0.8552631007460272,0.7966071678584792
2309,2021,-4.869075203100641,4.869075203100641,4.809350976361237,True,1.1870014923798031,0.328889894624391,0.7180555710035834,0.16700859858719735,78.0,10.0,2.8447943481521265,4.032444242442217,10.648798102342148,8.311984134896374,483.19567518502686,1303.1558079262531,0.9201764856812564,0.7430165171871717
2310,2646,-4.875905200720419,4.875905200720419,4.809340962275371,True,1.446805977070452,0.3633613054011854,0.7914002111777958,0.20961071062224287,69.0,15.0,4.8400843778306495,3.6255315580547807,16.902402725603896,12.449235726781657,265.3567395038632,1105.3937051876046,0.8159717746561397,0.6184065090381851
2311,2519,-4.8481147687136374,4.8481147687136374,4.809139530061669,True,1.3993248820151918,0.31294780905414366,0.809731974007083,0.15799083083700793,78.0,8.0,4.281146439039579,4.3804164066582345,16.327909605942928,9.032437557019014,407.8487550017162,1202.4520803271746,0.9483809859643628,0.7672053995248799
2312,679,-4.812068104070708,4.812068104070708,4.808984972927733,True,1.4490909473857214,0.38828158594559403,0.7999601048870715,0.0982765786757883,77.0,5.0,2.868092708357419,2.6062468557747445,15.341492587129697,9.960159743297803,339.9428957922243,1633.015632504675,0.8758492303131891,0.5570299659824768
2313,1442,-4.884247397687582,4.884247397687582,4.808697515505318,True,1.4468018049353195,0.36308118121877864,0.7383745261456294,0.25131162890328257,66.0,19.0,4.836388319628217,3.9506698311988733,22.25891316203674,16.49010516872516,211.46759859499468,1280.0008355068003,0.831221835867832,0.8165577398243213
2314,929,-4.808799772852318,4.808799772852318,4.808341227410701,True,1.4340952168045495,0.37694960329476423,0.8406166280654755,0.09723767409430291,82.0,6.0,1.9972487057476258,3.956152871672792,12.355794544344725,9.86774351617348,380.6329453423031,2257.2690853307095,0.8767574589428164,0.6713615753392066
2315,2750,-4.829915308231843,4.829915308231843,4.808292601421472,True,1.3227108129901046,0.36516413851524704,0.8259550441419392,0.17010154358934124,48.0,15.0,4.3198124300688505,2.442701171086272,16.861171893169264,11.645246805258331,282.30524603277445,1078.8172379087214,0.8682007981544172,0.5415064856984271
2316,2264,-4.845282512468351,4.845282512468351,4.808081122920425,True,1.4809821499127518,0.33407616185543876,0.7356465121316067,0.2730577863808237,13.0,4.0,1.8218459300848402,4.32217499750414,23.010584146128775,10.52405128057092,275.31072522718995,1864.9092510624446,0.7280212723755244,0.9814304690453998
2317,3000,-4.852911641657395,4.852911641657395,4.807961723087985,True,1.4638365322190448,0.3227488663554593,0.7935901891035014,0.09848800868416746,92.0,2.0,3.304802581659003,1.8665900899140677,10.615247815199442,5.827223722093941,486.3283933484231,1500.0118033728015,0.9857592760840896,0.7646842826118052
2318,961,-4.826236673113765,4.826236673113765,4.807750531807366,True,1.475303803804406,0.38737769338847616,0.7525384096221424,0.21399003570132588,33.0,9.0,0.9665060577088627,3.8942198489091786,19.829447224749202,12.741264668612759,316.31730710065654,1576.5733262197086,0.8278182932356765,0.6694969263985796
2319,996,-4.854674311353234,4.854674311353234,4.807004473192004,True,1.4384897508730385,0.3594469010407988,0.7657112231478096,0.28801984353770294,47.0,10.0,0.6582016488682743,2.6041307281702757,21.7179529889665,14.042636221888069,318.38958452299255,1274.9072111482965,0.6740004730663259,0.6163778069028691
2320,2857,-4.86471367284536,4.86471367284536,4.806950663916955,True,1.4335079354902733,0.3718321416063971,0.7173724283272088,0.23791290611630134,42.0,7.0,0.9562637352998138,3.4179825129533867,14.11000632205803,8.64885217397903,469.2572638151979,1660.3398308393475,0.8019207810344693,0.8560873675381879
2321,2820,-4.837059373054303,4.837059373054303,4.806710610757102,True,1.3847740561127981,0.3938253910630469,0.6629274038545779,0.10919420602291845,71.0,14.0,3.112732239938497,3.066807543945375,18.02045078949548,10.806984621122618,252.2675983022238,1696.4085873596784,0.8902286943135052,0.6899733654559392
2322,1115,-4.850955799660698,4.850955799660698,4.806489115306911,True,1.434351266412029,0.3830125586077141,0.8265155080443845,0.1067762170603504,77.0,9.0,3.087232738805858,3.4592466211482416,16.915430176120076,7.486364519007289,393.3970880801122,2660.4579347008557,0.8977757407230507,0.642953791955511
2323,2494,-4.827974362286059,4.827974362286059,4.805174879031597,True,1.4215118906114088,0.2962343372125504,0.8021721177009289,0.2087740882552047,73.0,10.0,1.6397631104840238,2.1228917734976633,15.578307825477761,9.219182962325316,327.378554070037,2311.3417006171744,0.9134811414815639,0.6710091965535516
2324,2060,-4.816975950181845,4.816975950181845,4.804332156439221,True,1.365385206709782,0.3036709929005596,0.7061691572257555,0.17454258338735595,72.0,8.0,2.624237411922909,3.627431354560296,20.05577481255574,14.24188175714201,237.40578699652218,1432.493154803496,0.9996693024646419,0.6421195662504173
2325,2819,-4.857691800794066,4.857691800794066,4.803903157461254,True,1.3296373503399916,0.3047352401917346,0.7938022021822215,0.14271717322006597,51.0,15.0,4.459369197592181,2.958755122071981,15.756648563077674,10.441664675397734,337.85021131691417,1216.0838162594964,0.9078377735421241,0.8556814505015473
2326,2011,-4.82680872638138,4.82680872638138,4.802809572359877,True,1.4748815348166295,0.39080503873192973,0.8971081604180959,0.294973460615383,69.0,2.0,1.0009009701965996,1.4440438449906696,14.113909992234216,9.69443633454837,329.00070803831863,2269.615902578517,0.8185159941165334,0.8750401706585609
2327,478,-4.8415701993174745,4.8415701993174745,4.801986552524908,True,1.4455944514759265,0.3388673968663298,0.7324315448204963,0.12015098914234454,74.0,7.0,0.989429661964953,1.980341752340512,15.614195871586027,8.856431849504778,353.46908488980995,2668.290285874961,0.8818661132622057,0.5354380930546622
2328,2769,-4.809147467970887,4.809147467970887,4.801694059821851,True,1.4893157993567567,0.37871905829146374,0.7963358888175746,0.14793282456351753,84.0,24.0,1.159771425198112,3.829439176446522,20.558031234342476,11.973599403168802,369.495026809033,2004.8804498624063,0.7830009772614832,0.7126768327311511
2329,2200,-4.856059531684581,4.856059531684581,4.801675230713614,True,1.3471636229127817,0.37583650623199905,0.7306942345073455,0.11787665291277542,54.0,17.0,1.5342597834090155,4.061281707740664,19.248240771557057,12.238807694122722,311.43524267848386,1874.809438396416,0.8125313209121245,0.5533316742495583
2330,2416,-4.8475533641639155,4.8475533641639155,4.801159250317349,True,1.3461089332169813,0.3676605497771574,0.83763346501348,0.16371627015412207,47.0,8.0,0.769557350677335,3.9734538092996043,16.879635680987363,8.213297445032197,412.24325834106384,2545.777936806695,0.9607532264405088,0.8600982818664613
2331,3036,-4.8676117638016345,4.8676117638016345,4.800955490099292,True,1.466851477180853,0.36133826511946665,0.8690667806538552,0.2178626854358393,100.0,11.0,1.6636584880183596,4.426861565184415,18.088884307620486,8.767687290968134,310.4611369315438,1405.9466664698678,0.8938122901852784,0.7123154940195626
2332,1100,-4.8669128742039085,4.8669128742039085,4.800372047391589,True,1.4616009735196225,0.34192187315288575,0.8155861756337749,0.24788779675281555,80.0,10.0,1.4146016575523523,2.2747103702781173,16.634933575470875,6.995972879438036,371.5196935563553,2743.2256036649296,0.8882088341116705,0.527087325579641
2333,2532,-4.807786197784806,4.807786197784806,4.79923823683217,True,1.4594747750580406,0.3644051266745575,0.8719849770670858,0.12205346511589596,75.0,9.0,1.4705055125913113,3.329459060272751,24.348132350116337,11.21941686221707,254.3928230133427,2468.4993830994363,0.8138651021343979,0.5302164984369444
2334,1365,-4.861531637016188,4.861531637016188,4.799182995294675,True,1.333192841881366,0.3326681881364555,0.8829771835661473,0.252165453557296,100.0,2.0,4.8438789711430985,1.749808818148597,12.734392679091659,8.003225644046783,473.7950346550104,1306.589789220343,0.8076463493820066,0.8958042278044005
2335,1230,-4.859100887917277,4.859100887917277,4.7990810490603275,True,1.4241613490739509,0.37036931905289466,0.7353702347410034,0.24354794921204787,60.0,12.0,1.5487528989897315,2.7313231440834036,21.6073914203973,12.345998594854713,256.0146232032029,2066.273656335211,0.8998055300776293,0.5657557015251744
2336,2395,-4.845602729428363,4.845602729428363,4.796703282338142,True,1.4547348067874348,0.398163021895102,0.8877509112602394,0.22616331824236788,79.0,9.0,2.3018245111169446,3.9580167711308083,21.89276630815536,15.726025341116301,242.9469518231376,1782.2686158663337,0.770459700322969,0.5183930039856433
2337,2879,-4.864103210704764,4.864103210704764,4.796667389646586,True,1.4554549714133325,0.36974263611084496,0.8226635350100895,0.09870563210460445,85.0,10.0,0.6513435015851496,3.7252404451211394,19.770948260928936,8.435974773502043,304.0196552435103,1480.9513949960362,0.9067083072211084,0.7402469757909436
2338,307,-4.82141177852392,4.82141177852392,4.796301692680473,True,1.3663892006690128,0.3690216608574677,0.8565983955562264,0.1989825175471674,43.0,10.0,0.7146235219732953,4.404953855393234,17.927854107118755,9.205413434276508,346.1164668650408,2168.8660521640113,0.9666677144978951,0.8605683755495854
2339,2781,-4.867721252180667,4.867721252180667,4.795546373518687,True,1.4162430216772086,0.36992797644771064,0.8621357489692554,0.18243496645433047,90.0,8.0,2.6200967740392915,3.4898411804745697,14.841732870328684,8.3102577900681,392.7713708328726,1322.5031225688372,0.7839197145255898,0.5574632507579591
2340,920,-4.804029976159767,4.804029976159767,4.792305762749516,True,1.2076145681590316,0.3682337387711473,0.7197791134174542,0.22156950388568325,41.0,8.0,0.6926104510993483,3.3827516263418116,22.04554059099266,16.14316413752254,266.78279629124575,1013.7349694696733,0.76714099593407,0.9123874488102788
2341,2212,-4.851926338001851,4.851926338001851,4.792126519141564,True,1.3709813138230125,0.33902558597135213,0.7936121041784105,0.16075230053700032,81.0,9.0,2.0375854504099085,4.331701730378143,14.574835522262475,11.593502857084014,314.1279264432707,2460.0774522121937,0.9341666840336604,0.518805915929806
2342,2597,-4.84907727659769,4.84907727659769,4.791794844796434,True,1.4928112798707827,0.32287806463802415,0.6620940628318304,0.25629481187835934,70.0,12.0,3.0106078163304475,2.6976800831208796,20.368258760608015,9.026890955018144,260.1996315604137,1750.5676020153328,0.943132837102124,0.6590100280974107
2343,475,-4.813785536375089,4.813785536375089,4.791026233358032,True,1.507998965695314,0.3232544419908677,0.8531137275111869,0.19312812079471747,85.0,5.0,1.547409199248686,2.875580106601601,20.03802292801934,11.313894445047142,250.8681880720999,1856.5859097494388,0.8878725640606313,0.7688696064509819
2344,373,-4.810979949929708,4.810979949929708,4.789864605140371,True,1.4141499584418438,0.3803061817107156,0.6655064605190473,0.2453377400038858,52.0,12.0,2.5073613364582568,4.38196581211824,24.761808926710735,13.913310866248146,307.7985772960475,2935.4392991868235,0.9020508859440292,0.5661669016749389
2345,212,-4.810582937234274,4.810582937234274,4.789819692393008,True,1.5219572838434203,0.3886910201182132,0.8816486937262717,0.23971025491686743,59.0,10.0,3.916487424501185,1.6178665301105473,15.757686015195336,10.884476150904522,371.4749917168505,2129.9504605311754,0.6543007140598608,0.5137009946010275
2346,2985,-4.844178995106775,4.844178995106775,4.788508339836052,True,1.3981073464146547,0.3855650949366751,0.7836639383133549,0.16728290423750874,62.0,11.0,3.1189579721965313,2.719420895460224,18.871942444780423,10.602215743439054,316.2103734928603,1948.1668329330075,0.8572123523324897,0.6519617879048352
2347,1920,-4.84697594307036,4.84697594307036,4.788452380793347,True,1.4720625000665573,0.3820815124665753,0.8094813188776335,0.11152107896587812,71.0,12.0,3.2534069829672565,4.487548567763061,14.290213135977227,7.740714529545259,436.6788060897226,1346.0520488672432,0.8770967682992368,0.5700677369780149
2348,3033,-4.795516903083465,4.795516903083465,4.787216686910547,True,1.458754296112603,0.3697068010823038,0.7233634177033325,0.12641036210753526,62.0,14.0,4.673574005438436,4.283902805552091,16.529959460038306,12.32050245828077,297.1929464939183,1765.926778336692,0.7645185708693027,0.5614643804493133
2349,2372,-4.787931965590747,4.787931965590747,4.786075036385476,True,1.4541355066069874,0.3383093761400513,0.707555436162961,0.20616817581723332,69.0,7.0,4.0966221961680835,3.004029484032089,16.057540930203647,7.7192120338226395,397.64210002392645,1642.421665041023,0.9080804506636746,0.7059532785650436
2350,487,-4.828336904609597,4.828336904609597,4.785568376531495,True,1.3643831612393946,0.35840154403820546,0.7864810200820737,0.26028662768348787,45.0,5.0,1.522482690132636,3.832713766489178,11.314346126904264,7.6081422273316415,498.42718074214577,1038.5127607258019,0.9547719906732531,0.9316919311205178
2351,2712,-4.837075183506677,4.837075183506677,4.784541590407025,True,1.488493620573569,0.3734021031132314,0.7993613597273654,0.1658652921995959,63.0,15.0,0.8314893232912186,3.4019142971515195,18.552970884970733,9.641685663691751,263.23609995103516,1658.7740060560802,0.911175400196137,0.5640860434975876
2352,1368,-4.845613254151598,4.845613254151598,4.78359279610528,True,1.491089299686731,0.36827782586656116,0.7094060971005758,0.2998928017691073,71.0,12.0,3.262846078220675,3.042556129052418,16.44272581334491,6.940361802216149,348.9181121542894,2194.8119538220044,0.9288616872774996,0.5169768354544486
2353,2784,-4.806076400130922,4.806076400130922,4.783417385726589,True,1.3491142825189648,0.34416643362521193,0.7938703057631771,0.16010853878006875,66.0,10.0,4.118412996710356,2.8861687249819585,22.704742932498014,11.588245427958809,322.4603426942756,1069.5653955629282,0.7424983901768267,0.5372195639647543
2354,2916,-4.787311014692711,4.787311014692711,4.782815647405209,True,1.194359565135431,0.33609895013428476,0.8633934739741124,0.12566148214807207,52.0,14.0,4.522976961175343,4.010196517915507,16.066794216203586,8.831787039455964,447.1647529003683,1415.9889938394904,0.8554742597563931,0.5616576935532457
2355,2535,-4.815586265687643,4.815586265687643,4.7820501448220245,True,1.4992991886125018,0.38418789881526455,0.7324472024438865,0.21371241676979733,61.0,9.0,2.3769570787666146,1.5130715968304496,15.642002554917704,9.05798862099416,303.77028663443906,2484.277336785594,0.9698949101015668,0.7651046270761237
2356,1183,-4.7938848153075035,4.7938848153075035,4.781706669048093,True,1.174716795714433,0.35651141328461355,0.816667330064538,0.2727104822069713,59.0,10.0,4.606247658398605,3.2819586138247807,17.142203941421467,9.96494590033297,366.84277426775395,1193.525199422405,0.9335146675368114,0.8547125902433287
2357,514,-4.800851198485611,4.800851198485611,4.781425041667212,True,1.4586348624337888,0.3372703786820853,0.7404516843364369,0.1343107023370271,54.0,12.0,1.1981142389260173,3.6663092306332192,24.6270641022387,17.131975681314472,220.55256797377945,1536.3286308891668,0.8450051658519213,0.6239124886481575
2358,1046,-4.818641340657375,4.818641340657375,4.7813536108970425,True,1.4603086065698694,0.3408630459977807,0.7952579634014545,0.21089123485669575,81.0,5.0,0.5998862828572742,3.8493779995183672,16.928896615619667,7.965118456026357,407.8610032990879,2588.8024361439693,0.9865695138369668,0.5259320049135787
2359,1714,-4.805769548551939,4.805769548551939,4.781044237667198,True,1.4552490108068272,0.37723813233998216,0.6741772422777981,0.18424547304942118,47.0,13.0,1.4237604803109123,3.243619389003714,15.588789942415486,7.102973605117134,429.16514437940174,1430.8105184727888,0.960820168804663,0.604707394925254
2360,691,-4.8182133462140495,4.8182133462140495,4.780291859870214,True,1.3916548099986568,0.361441906871912,0.7855229505718084,0.2670882441199199,43.0,3.0,1.289676286979171,3.7587189619023125,15.47949493588771,10.555803001393615,422.13567025146705,1731.9901913279273,0.742712858413114,0.7980079760114098
2361,333,-4.824597585598634,4.824597585598634,4.780289550183418,True,1.418725076846334,0.27221073429253806,0.8270934355495956,0.16839958648410258,98.0,4.0,2.4366312273851585,1.2410415303160691,21.311654827853513,13.800239124114821,211.53090131452691,1167.3573961284437,0.9967313452472089,0.732094774958618
2362,1852,-4.805556922399612,4.805556922399612,4.7796241134999455,True,1.1718642876295282,0.39315143454409507,0.6783900533231179,0.16936524933644354,58.0,12.0,2.89788803958172,4.250388186566026,14.72057911604513,8.845481330535678,424.6371359208586,1531.2789633176014,0.9522352907254044,0.594291827762665
2363,582,-4.832302481328751,4.832302481328751,4.778917350754215,True,1.3171540859588,0.39049154838997113,0.6726168672678672,0.22842321395179271,41.0,10.0,0.7461983869208599,3.587581674221699,19.628883638215584,11.38827846976693,289.91907230291616,1755.4510753871778,0.8352177853094056,0.9422748676091708
2364,952,-4.820816887263737,4.820816887263737,4.778574392376175,True,1.4019171161888548,0.36792906952656607,0.6695567376691518,0.1874314202365096,60.0,16.0,2.318973486584722,3.6250464502725563,16.726030051905337,8.233433633177022,312.9589408260767,1177.1230011288512,0.9236417383629514,0.6353888850443101
2365,2362,-4.812941078093135,4.812941078093135,4.778397725798095,True,1.3921179424692316,0.3898135995275291,0.801222728871458,0.122048310901486,35.0,5.0,1.29711074029134,4.160138651984388,19.77756533454157,13.075645792033049,275.2999722738489,1485.6201837531535,0.8975106493368761,0.9315183798293323
2366,2055,-4.825266458004075,4.825266458004075,4.7774887847547145,True,1.4744679961712115,0.38694332892792005,0.7895595251818615,0.18797931459161388,46.0,7.0,1.0865667388221798,3.747258498109955,16.100771943264853,11.944721076614032,355.96177922102,2786.437425724709,0.6637847608704683,0.7368975247070001
2367,2973,-4.783460308467069,4.783460308467069,4.7773793510370535,True,1.4148924136001964,0.34319938458378585,0.8203567025519974,0.20730529887505075,56.0,11.0,1.918868808571104,3.493897069904727,23.918058232407393,15.177515248493519,240.35596849730553,1095.6083370233864,0.8822211341370912,0.663933738968074
2368,2233,-4.848613616442337,4.848613616442337,4.776666750752688,True,1.4186296090806518,0.3456840108422049,0.7919169050796684,0.2266469986744117,67.0,14.0,1.9756063830750574,3.2677775814811136,13.66838753335644,7.344969237224718,386.17585084605804,1721.5771986693994,0.9073846607808627,0.7394577909249678
2369,1036,-4.848476002677444,4.848476002677444,4.776031206065422,True,1.5103773834588459,0.3740179108085753,0.7655986425924013,0.1019083096643649,55.0,13.0,3.2733260984532535,1.3552542227652216,23.11562140626288,14.177605407484423,223.52546360343695,1715.7624203123519,0.7778055669502264,0.7527036200870519
2370,1017,-4.786097979034422,4.786097979034422,4.7754064654515185,True,1.4543487138417126,0.33973932175247606,0.8079928865942623,0.08889278649162004,77.0,7.0,0.6221210131579422,4.436715264129026,17.256897843014197,11.268654918648094,295.58317638246723,2222.5161882298657,0.9316920418530108,0.5590987062288038
2371,1983,-4.835118613444124,4.835118613444124,4.774905326651542,True,1.520696969014895,0.32116490464657543,0.7299523003399373,0.15849072163924574,66.0,16.0,2.052419695313099,4.005487232325092,13.487536660253086,8.473829264310508,357.3302796461001,1136.6151925176382,0.8862106303513015,0.6899559195153415
2372,116,-4.797074266464402,4.797074266464402,4.774617238503283,True,1.437822585924464,0.3686466435697024,0.6451586295643141,0.1156641794643332,25.0,4.0,1.7826206516350438,2.7578027676320227,18.908025460559337,8.328131353330763,427.9408763320938,1210.4563039612797,0.7161561153926181,0.6847928726276391
2373,198,-4.7787922338704405,4.7787922338704405,4.774070128357268,True,1.3939822027056497,0.3807608351612405,0.6318059453533953,0.14030759965259512,58.0,12.0,1.2363712285368,3.0166409782427976,12.904296896178796,9.144156994528874,341.24138182726654,2442.029769597816,0.8994226074043481,0.6371900353657232
2374,1907,-4.830216860912857,4.830216860912857,4.7738984916463405,True,1.430601690256775,0.37612883084402876,0.8322275839099105,0.1721630616198353,41.0,13.0,1.2260465261883875,2.7828009015853565,20.661489206114613,12.927954835654841,268.80069567256896,1458.4185143630525,0.9704369489907146,0.9437934624790376
2375,1077,-4.826634285044006,4.826634285044006,4.773788377216008,True,1.3945300323702847,0.27906665594606117,0.759097397131137,0.27654732583390124,71.0,12.0,0.6852865626996585,3.2692492568333873,15.239895598229712,8.018975476284224,424.7810257136989,2365.4282675475342,0.8784197888657799,0.6164093892369257
2376,3068,-4.812289473385517,4.812289473385517,4.773696451283767,True,1.3744228039434956,0.3672003345642515,0.7694804863133842,0.09286393364358214,77.0,9.0,1.8043246832053375,4.184770152040294,19.957736494518432,9.082451744400228,386.97174648337875,1324.694620142878,0.7800498436239729,0.5924197150477785
2377,1936,-4.8073376806813375,4.8073376806813375,4.7732026354070864,True,1.1897526426967855,0.3725533163926909,0.7903097870360276,0.19627768176731217,81.0,8.0,0.5435036717971666,4.262764134429473,17.877226420326913,11.977996911188411,374.7929665411893,1241.5693693010421,0.7008140507304823,0.5042642088953446
2378,2981,-4.799317807242358,4.799317807242358,4.772663547213496,True,1.36533568066182,0.3807108713704324,0.8476389007138968,0.13759115847746375,94.0,4.0,4.899741257694701,4.146042170706417,11.230476003963997,8.455529625071373,372.1880623590779,1230.1146123875005,0.9762594221681765,0.9597823749273081
2379,1407,-4.821679919294137,4.821679919294137,4.772543517478438,True,1.516494874828622,0.3947981370776988,0.7907143884080764,0.264565392982259,86.0,8.0,3.6372514392087143,3.460416398872081,12.89571540675929,6.2164313700896825,416.44256335245507,1078.378219760515,0.9105306317223867,0.5169788743380029
2380,2162,-4.819892010520753,4.819892010520753,4.771992084829438,True,1.4777420414201914,0.28982811601623,0.8358964386504093,0.2616029315255582,53.0,11.0,3.892189786972107,1.7032899265566812,14.631942721091011,10.782029537142133,297.2171111032367,1786.7154936982197,0.9382878125891965,0.7018191143870354
2381,2591,-4.819895990356995,4.819895990356995,4.770264780760969,True,1.1574005019385971,0.3673846444733473,0.7780574997350106,0.16047267145496646,64.0,11.0,0.7202576501744935,3.055127116503125,20.047030054016016,13.700273567167589,305.3298409142934,2119.188824570909,0.742756134387091,0.7985573776986441
2382,2666,-4.821876412622304,4.821876412622304,4.7699731497084334,True,1.4962473246359258,0.3921799095603169,0.7616716945710995,0.19248244078014906,89.0,4.0,4.666824362031516,1.7796324091932927,23.63553734905483,10.398221985153254,285.1843881042643,2276.6100583711586,0.6792611880577359,0.6281941196243861
2383,2325,-4.795457584488402,4.795457584488402,4.76965595602636,True,1.4420416101759903,0.390018807425225,0.7191478911609053,0.15753242748977392,69.0,14.0,2.1920254124236926,4.07125974605165,12.022852950776995,7.668273943353086,413.11350744885345,1902.7849484741334,0.8188766864844921,0.6930727856335288
2384,20,-4.827844139204353,4.827844139204353,4.769036357748139,True,1.4520634329535245,0.30435108679946915,0.8709133670878442,0.17586886519949393,27.0,8.0,1.6938057911349955,4.078775551086725,15.461462364397867,12.05813396512579,348.292711047235,2126.208511354476,0.7868729439127878,0.9481627907758275
2385,2207,-4.775653107344471,4.775653107344471,4.769004535419516,True,1.4907582092406697,0.3888988808397301,0.8674949799349495,0.10330529918638118,72.0,6.0,2.167621953137747,3.2814406960765004,24.419506261531822,16.017886265309393,226.31995731741443,2718.819167035988,0.8336861683885433,0.5076377421235191
2386,2465,-4.812841878844693,4.812841878844693,4.768703764829038,True,1.4443144184548553,0.397084989864255,0.7586914615657694,0.20982933593170425,54.0,13.0,4.219305785962978,3.1111624664488344,20.307580394729406,12.048815160473444,293.49951761540484,2250.7649766788063,0.7825184446775028,0.6274290684026779
2387,2941,-4.837907281107717,4.837907281107717,4.768679621975579,True,1.490648903876604,0.3523043135675953,0.8420981652709464,0.1784310825859613,90.0,15.0,1.1287051382333244,4.191473868198342,23.398766876467175,11.53219599531617,329.3273505279207,1014.8533065273147,0.7882775027580751,0.9529033744253106
2388,844,-4.833548035925337,4.833548035925337,4.7686720758688095,True,1.4855332554549505,0.348944043032825,0.7288883541579394,0.2374484308831484,46.0,10.0,0.5550510211890489,1.2416240652091801,19.964399742893875,13.178367110826906,222.21525112348053,1153.1798587953674,0.8090505860745907,0.8867599161644251
2389,2109,-4.802063976974127,4.802063976974127,4.768551517767026,True,1.4555567289609392,0.36975468558976665,0.8723277273215737,0.297852011173165,64.0,7.0,3.3452441337022116,2.587323049086048,15.164362019670836,11.954744151533617,295.5727559530343,2243.6730923220343,0.9748330327304372,0.7816142490624437
2390,1467,-4.769680090712657,4.769680090712657,4.768194798002069,True,1.5172346463549848,0.30546204954407535,0.7258140278980136,0.22335565018958778,80.0,6.0,4.182612543925643,3.182331400515239,11.640450202498581,7.151746348863678,490.2553673484639,1555.4835541680404,0.7369129927828908,0.8408762731334645
2391,2180,-4.812916752289428,4.812916752289428,4.767935605973476,True,1.464232884351661,0.3817188371782899,0.8317688665987633,0.25028841454550815,87.0,3.0,2.3293373291484754,2.595096628702884,14.915878596440322,6.493372834907595,408.923850763471,2695.7638695268624,0.9632745357102961,0.7067305642913304
2392,2454,-4.827184492668711,4.827184492668711,4.767421271676641,True,1.422264773573389,0.36111415200817526,0.8080956019719207,0.1489430293349524,64.0,11.0,3.2020685864980427,1.8318306632306904,16.445496305917608,12.63083741617534,213.7690995249495,2237.7249607344293,0.9592365900368621,0.7538229530537426
2393,210,-4.812308184757577,4.812308184757577,4.76685700921167,True,1.4899099208893802,0.35403859568065954,0.6993548601444677,0.13993015883042254,65.0,11.0,1.1947369896229856,4.490516854863667,19.02370188522622,11.921654836516938,345.59885390330226,1680.4202877637242,0.9828970873728915,0.9428136590519115
2394,2326,-4.786389344695429,4.786389344695429,4.7668193193533845,True,1.4013145451338622,0.350508860850428,0.7949845026148146,0.12803662728343923,41.0,5.0,0.8959257361954269,3.6369920219241507,20.84634523728669,14.438589605473698,313.47654850304326,1627.0190623461347,0.7464954777426851,0.727346769274434
2395,1434,-4.831520004960929,4.831520004960929,4.766628239054325,True,1.2818631401888003,0.3315580841574006,0.6734515935731835,0.20513656520887955,70.0,7.0,0.6168916570115237,2.494889939536542,15.417384863413684,10.95013115181395,351.02687522846776,1628.7573476274833,0.7004415790904338,0.7908664732460162
2396,2161,-4.8082213042515605,4.8082213042515605,4.76584201033312,True,1.4294923581276078,0.3599106657637229,0.8138660771786828,0.12222869786496561,45.0,11.0,2.1829837898241937,2.0879986496755425,17.452088497948527,10.027951979202992,322.28357375736175,1112.7262229526373,0.9965344726515402,0.6715112220297169
2397,1309,-4.796438697743009,4.796438697743009,4.765214733172724,True,1.3782178904174571,0.3743527896167126,0.8765844776266045,0.29393768125762954,86.0,5.0,2.859804944617152,3.6377291443484383,19.49018852636685,11.53033227357134,266.8818087060046,1434.680577858317,0.8766483663210352,0.6836540807306599
2398,2993,-4.790047543532946,4.790047543532946,4.765140294169155,True,1.4558737025895407,0.3776031681142617,0.7982624092811106,0.27895034049270173,80.0,8.0,4.913934384637086,4.301925817516553,10.842190136614501,7.754294360788615,461.4579092461945,1262.2448356195566,0.848902456436441,0.8404355137882892
2399,1088,-4.824402152994774,4.824402152994774,4.7633838352825215,True,1.3769149216272116,0.3598737496664858,0.7574913166069974,0.27165444273162875,55.0,13.0,3.2715848093904025,1.690154048013943,17.73327677421006,7.741218686917397,311.8104244658735,2217.887494714002,0.9344965241630219,0.6578614742290649
2400,206,-4.790036424094488,4.790036424094488,4.763160890712941,True,1.333219636043716,0.39933730472790174,0.6203974270454954,0.11724222430889172,50.0,13.0,3.4001650803432937,2.663502068884341,19.64669226789701,10.223738295235405,311.13788662944927,1111.5781899918609,0.8354754511442364,0.6606723220814719
2401,3019,-4.764615720927596,4.764615720927596,4.762938229754992,True,1.4456447213949581,0.3412651332195842,0.7390044050967992,0.19857253307944905,73.0,6.0,4.344851659853795,3.5757330462959107,24.937008609777536,12.364861037862433,316.85635705320215,1372.2191237811448,0.7418884412865272,0.5217393423644063
2402,1518,-4.8153196170333725,4.8153196170333725,4.762899834895912,True,1.4142973201459628,0.39671177375448463,0.8043440530316038,0.2990778256044955,69.0,11.0,2.290380139673998,4.303140080711107,19.153981454372214,7.94691257466282,343.6517385160522,2157.6240026161554,0.9656297800947707,0.6253603479486982
2403,755,-4.794366102136949,4.794366102136949,4.762008003684117,True,1.3395076535669128,0.3650866823973337,0.8717740718625859,0.21945507342742843,55.0,3.0,1.236101517693397,3.2020569583207954,21.96571623801679,14.126612855780365,268.4230360341681,2433.1358959026843,0.8596864955344826,0.8415459275272426
2404,1129,-4.803200737710362,4.803200737710362,4.7609789705622525,True,1.3202836834598537,0.36527999196770694,0.8568268003003362,0.28439398209265215,71.0,7.0,0.922444694184555,4.362697748419479,16.253817708175852,10.071172906826387,346.11026544993734,2525.1890292838816,0.8499512208332527,0.8948248554613139
2405,2632,-4.814748365678418,4.814748365678418,4.760374949990447,True,1.4185024452349622,0.3779682982455963,0.7481651441670224,0.17350647344577977,57.0,12.0,2.592169217759106,1.4857332410894792,13.042664381524393,8.00977558328466,345.4003406526624,1220.280550157856,0.9135550652418364,0.6204959666909617
2406,1307,-4.792580509649313,4.792580509649313,4.760133378561418,True,1.4674631808641527,0.3774318770386489,0.8022020367202283,0.1845808498036707,56.0,13.0,2.170079075493057,3.590889968695766,19.722134781596377,8.799724411628016,362.5868712814909,2180.9270691208003,0.7981700374224973,0.6481204674437093
2407,2064,-4.790382615770394,4.790382615770394,4.759197053140694,True,1.4692065924563602,0.35200289164561077,0.6330255141457183,0.10155967894139652,53.0,11.0,3.011382470274586,2.025086894704514,17.775908895469385,11.539413461329884,276.48921688007925,1038.717100800929,0.8649391679417235,0.6382240152381271
2408,2808,-4.819425853902099,4.819425853902099,4.7591613833771556,True,1.4184544259131195,0.37889235022490714,0.815418768927562,0.1707385455334331,62.0,16.0,2.957491288977964,4.330705629089916,19.653731261193244,8.540324410615376,277.65653011535994,1578.9245895611261,0.984769245247232,0.6183570392572322
2409,182,-4.7602021219791535,4.7602021219791535,4.757970935987265,True,1.3684160203437812,0.3398670064016333,0.7744372791039632,0.16025900007285604,76.0,4.0,4.072845576322498,4.1758667050881115,15.698683498221097,11.848630286699477,339.76468952416565,1054.7551707041766,0.9674294232618172,0.7678705345564767
2410,2977,-4.7975635361578455,4.7975635361578455,4.757902118943765,True,1.4167956309438325,0.3924529418170962,0.8652809741154966,0.16047261607746593,56.0,4.0,1.4473214508843153,4.294856447059638,11.04916655711918,8.169095286892123,470.04248636349814,1123.9680823610206,0.8100126115481896,0.9505950744133143
2411,1885,-4.779266811721325,4.779266811721325,4.755558983672723,True,1.486009474992696,0.3944907151952274,0.8000015972920891,0.16831923945243174,56.0,11.0,4.903448309447706,3.9695111833765115,14.403031710106799,9.51426271576847,379.5416965875291,2159.3458434626295,0.8960386162102644,0.722238198966794
2412,2765,-4.812576253328563,4.812576253328563,4.755116883403716,True,1.4307136115945414,0.33213567291983204,0.7709161130038178,0.1350676952346212,56.0,13.0,4.9803520939312875,3.706213218335747,21.88312768540554,9.559322622911381,292.9821623435748,1120.9084929752241,0.9730646955981309,0.8496724251798089
2413,1665,-4.793384448065238,4.793384448065238,4.754840804340659,True,1.5095665015640878,0.34885588719769645,0.8021334042772652,0.20259005609899758,46.0,13.0,4.508017177693546,3.684071875829678,15.761080784723163,10.778477809154163,352.8847101628252,1457.1647692015813,0.8980155437613296,0.742888804525137
2414,1008,-4.825288200768313,4.825288200768313,4.754165977268004,True,1.4105455844982666,0.36288554517079624,0.8563531739672177,0.11412054404793823,73.0,14.0,2.5448208398252015,3.957876457849367,16.34080274641919,6.749354271742215,383.68001873989266,1134.0716511825558,0.9247661926490529,0.7237707542703438
2415,1800,-4.800347058364669,4.800347058364669,4.753877862383669,True,1.445967991709649,0.37933262274103496,0.8899384698945426,0.15749660113336703,48.0,5.0,1.565296965916907,3.992217962008209,19.958062628330346,12.674401621487778,402.40429524127325,1431.5010680168925,0.6367724516291107,0.6401830008464472
2416,62,-4.8239087894884625,4.8239087894884625,4.753854533225646,True,1.4616694616380126,0.3228965702351523,0.7480638668466935,0.1948120074062311,48.0,14.0,4.8880404031034415,1.4553095753427399,17.516849859345665,13.212934179286028,341.36168730847174,1340.1709345105135,0.5956274146122678,0.7245755763954276
2417,2388,-4.768202879454627,4.768202879454627,4.751921408592437,True,1.5155771573586483,0.33909892247734674,0.772817322225594,0.1416714660542196,31.0,10.0,0.7139456309168803,4.432242623064667,19.58689675518045,14.360097473313465,339.66799508917813,2435.4426320327448,0.7360848423498212,0.5565940728459906
2418,2852,-4.758497702661879,4.758497702661879,4.751555368224831,True,1.4134043158657652,0.39104268214498694,0.7271576541640522,0.22660355305222585,74.0,2.0,4.611277926055449,2.7446315185556096,16.09376889613844,10.603459839294011,406.9287557637553,2978.240456374095,0.8392248287055497,0.7941131114522914
2419,422,-4.783058135408448,4.783058135408448,4.7515162204551515,True,1.3965644725374828,0.36519104551952924,0.7083913591379369,0.11197863522484196,44.0,11.0,0.5416279375209885,2.952532600283857,17.664233497991045,9.047820454182958,348.22161138958995,1308.4011422678898,0.702297996102784,0.9467942961647657
2420,815,-4.810548383692206,4.810548383692206,4.750364892624843,True,1.4894217962794287,0.337130401573849,0.8341580980413069,0.14148619500961068,49.0,2.0,1.439456851452369,3.8037749899677564,23.836657688515466,16.691424166112736,259.8812012107782,1629.1911967334686,0.6929211812616667,0.7819062179131715
2421,1360,-4.788456412827626,4.788456412827626,4.749160557885711,True,1.2762779415666081,0.3699331746196254,0.7597018152970769,0.16498507729103978,61.0,11.0,1.2405838772824904,3.49361521019455,17.526680753134137,8.070023760315724,389.53474365755716,2107.2600720339997,0.8591028400452541,0.5088169919326901
2422,2586,-4.77727748391986,4.77727748391986,4.748547423364448,True,1.427116857845324,0.38283009695985504,0.801152833288554,0.20308090956300215,30.0,10.0,1.3653480062002412,4.311397435508836,15.319210755682954,9.842093071352854,296.2543606216987,1629.707316878477,0.9249350586888148,0.9834179318920081
2423,2318,-4.810909550994684,4.810909550994684,4.748099101661317,True,1.2639674124392737,0.37769801275478826,0.7290119548167763,0.2186244976991595,90.0,5.0,1.8383176794891767,1.3300664763138101,14.165825492222655,7.441781346157665,344.1423083144516,1558.4331237755484,0.9620275801847002,0.7730193159604007
2424,923,-4.762922125092502,4.762922125092502,4.746764936587879,True,1.2918538527731864,0.37898970515466046,0.8787619871936725,0.22524731788821695,98.0,5.0,0.7694371047624748,4.262963956912854,23.526876882420623,17.31105225331111,357.02908173115475,1543.9718365981357,0.674460180827106,0.737807835216323
2425,2878,-4.7849843168807515,4.7849843168807515,4.746526346867836,True,1.3603982633980345,0.39589843574683037,0.848194924729869,0.23174058857905278,35.0,3.0,1.85103195393458,3.52463648908964,12.123596912270315,8.938468665648479,481.77824809604283,1566.521092605417,0.8864107123419425,0.9677466848516663
2426,2287,-4.795422981676264,4.795422981676264,4.746213200337777,True,1.3831884486135102,0.3784567747273963,0.8103597941672638,0.15120681710611222,71.0,7.0,4.465182632669869,2.845656987846733,10.448272463278236,7.775362193455585,420.27683351848043,1487.6593313203484,0.9788878702382343,0.7387386942059695
2427,1591,-4.757711230698629,4.757711230698629,4.745811544734123,True,1.3411941960509868,0.3915252957493067,0.6790398823097349,0.1520630172640085,62.0,10.0,1.7046721396036446,4.491794398985803,17.747125676833093,14.165602895972832,240.22739864885807,1707.5081449002028,0.9635167848318815,0.5667568566277623
2428,2320,-4.782002163862977,4.782002163862977,4.745219391466066,True,1.4257415419778445,0.3490522684318349,0.8251724824623426,0.14798216400370595,39.0,6.0,0.8231485428586001,3.1335542566498873,19.28037903904357,14.229144160263617,229.15468114597337,1196.8988202565536,0.9654808279909199,0.9722901920143714
2429,1502,-4.771412492598969,4.771412492598969,4.7451025374023565,True,1.3243129756708927,0.39824578086246065,0.8416327982146162,0.1079891383371818,48.0,11.0,4.7007727591136685,1.5720584097109689,12.534224961824155,7.755531746275392,358.42482542015705,1873.1441172854504,0.994299074753253,0.6937029627036806
2430,650,-4.789111624154673,4.789111624154673,4.744855249486777,True,1.29265340224817,0.39552284507118934,0.7505234667157769,0.11327417413967161,44.0,7.0,1.0157633427501522,4.210307002434976,12.574980865002289,9.89808050903744,368.3531100073439,1289.3656788642961,0.8077956462885698,0.9664923291238576
2431,1232,-4.753156920740268,4.753156920740268,4.743353791489255,True,1.4399397659271962,0.3888142672051321,0.8224110433048069,0.22060331798200644,66.0,10.0,4.225515054788364,3.8218023205610656,12.37134834221995,6.549818603994231,449.25433104969,1850.117930041363,0.8599054515486146,0.7124434463873989
2432,1476,-4.771053009069392,4.771053009069392,4.742453932296619,True,1.293972239202254,0.37402800366892025,0.8750025528334786,0.23479310089301658,58.0,4.0,0.9649525735418925,3.731711333726272,17.857671182841997,8.097861690413238,402.0772255968251,1927.9004405989747,0.881506170520153,0.8916848433647239
2433,2044,-4.797717359590001,4.797717359590001,4.741915804768299,True,1.2308589520997661,0.34638659788185483,0.8465565531161532,0.26527713299254874,73.0,8.0,4.723484993372525,3.8228479581311383,17.62758991152209,13.115661042455438,278.9384974978859,1434.5151816523862,0.8970059478725807,0.9237229230430665
2434,1574,-4.786240066095479,4.786240066095479,4.741873427067432,True,1.5019163920823064,0.38253503111134135,0.833086588485787,0.09343825205075879,62.0,14.0,2.188224681616182,3.7999041591930642,16.098056839057367,6.599860992242677,361.1997186259871,1191.996818721555,0.9220003560185432,0.7889028137950151
2435,1989,-4.792062782195298,4.792062782195298,4.741681909463441,True,1.1598745599404903,0.3602211151128787,0.8803588694907047,0.13170739908185447,52.0,10.0,1.5031535236418099,1.6684228756588233,12.35351415991741,7.04458370147756,436.99984146956564,1826.9319892461358,0.9874711547402684,0.5728291163040322
2436,1684,-4.804428232777395,4.804428232777395,4.741680374604182,True,1.3557308742957004,0.3758145960407264,0.7832961204140414,0.19251166901516567,73.0,12.0,3.230703296430736,3.272632312234556,12.41969578358621,9.695568134749912,433.9389569450268,2802.869296435992,0.7094356179991121,0.7137758796488246
2437,1910,-4.752283193183502,4.752283193183502,4.740538546856196,True,1.3993726209932125,0.3404304808932257,0.6239324057021951,0.13865201695520923,31.0,3.0,0.9324543428399319,2.840919772694223,12.493275418485727,9.154986796641197,452.7932741701479,2237.3267727829675,0.9267040654591965,0.955111656569366
2438,2908,-4.777797058561372,4.777797058561372,4.7397809741088635,True,1.4991019929590714,0.3794565070793033,0.895836926624179,0.13995467413725468,87.0,7.0,4.845993997732391,3.9004137126399985,14.838844098849679,8.52194036798039,406.8300366455229,1831.596550473942,0.6741460184566677,0.5324030520523924
2439,1949,-4.785400184304854,4.785400184304854,4.739665354618467,True,1.4149172932292169,0.36109812919285245,0.6828877124715947,0.2903306146372757,53.0,12.0,3.010947510179869,3.1024177669766,20.05088340252237,10.331176644517678,265.86080277083056,2065.8163512847827,0.9785487852266826,0.5696324941382204
2440,689,-4.782828858451916,4.782828858451916,4.738459318543469,True,1.4206650447399867,0.39037288627054634,0.7550962523607383,0.1712949102097654,50.0,4.0,0.7402182543555478,3.7643284982748293,13.467268688348657,9.907712492517708,413.54052390333686,1299.996294438451,0.821087622984815,0.9861468609380293
2441,1258,-4.766426012437501,4.766426012437501,4.7377582087701615,True,1.1293064920641485,0.38638590725834093,0.8087448519801427,0.14123417562425328,53.0,16.0,3.5449975358509382,4.262713631819573,16.28662255836256,11.801382078112292,362.3531477675706,2235.152926758309,0.9169492471130765,0.5624411288979538
2442,2739,-4.797126312515814,4.797126312515814,4.737266960987463,True,1.4489543891565226,0.3989845588576018,0.8290244669950874,0.1619628354798449,62.0,10.0,3.425897096189991,3.3763284142816428,24.16334615842598,11.701001050954813,268.5052791129731,2413.6837700233104,0.8719912263417102,0.5855575481777302
2443,2196,-4.736663360830429,4.736663360830429,4.736663360830429,True,1.3591820661949048,0.3610537429054697,0.746512343272313,0.24915479183117314,77.0,19.0,4.397147710725191,1.7034497850831953,13.978240344511965,10.989802337035876,377.06572719529885,2062.6705944130927,0.8405001308407147,0.8049309078007846
2444,1961,-4.783151099111396,4.783151099111396,4.736284876647873,True,1.5125332393596418,0.37326846737799635,0.8014528631997626,0.24888670270024127,59.0,11.0,4.728811306713327,3.5073575159223993,16.177332166558788,8.36810281209438,466.5590993271037,2747.1856982968156,0.7078672412547664,0.6973406003595495
2445,2703,-4.796129457403294,4.796129457403294,4.735793923820325,True,1.4723468838808895,0.22639381468827527,0.6892046710873567,0.11033481281563143,57.0,10.0,3.9671616110083328,2.6395929377930227,15.81245530353573,12.18083853145737,353.8132034094354,1341.2868683638549,0.7736355429243693,0.7392459702002451
2446,2815,-4.791013815549947,4.791013815549947,4.732317218762056,True,1.3995193046949694,0.31669920039734445,0.6461323372081679,0.27902226719004863,59.0,11.0,3.0153026866887225,3.6022770396135275,11.706288167110078,8.268492291678974,498.22261941008975,1608.0213153780933,0.8064015121605679,0.6251347836152745
2447,2298,-4.775868372924924,4.775868372924924,4.731968657271382,True,1.44119462637811,0.3693776331296475,0.8490553932604358,0.2556216331143175,52.0,12.0,2.0253920819412548,3.1433929988346416,23.468080716935905,12.155176911724228,245.10910836149492,2277.087513203107,0.9085245968356945,0.662637556322219
2448,859,-4.736024471360035,4.736024471360035,4.7317225782251215,True,1.4874385293428567,0.3594464875771125,0.775690133937575,0.21444259772813345,66.0,5.0,1.6312758743521865,3.7361149877731927,17.469524650220016,13.577693912066287,290.3267238166455,1125.9839825837205,0.9213723132195942,0.5466001020164002
2449,1689,-4.757381181951215,4.757381181951215,4.730607323326424,True,1.448654604046017,0.34298552354794876,0.8023711873312231,0.12006779986150888,64.0,11.0,1.7868731337265975,4.34949849980104,18.17001310554054,9.09943666590485,338.50840498669885,1233.49392366049,0.85754871738727,0.674705544094195
2450,1175,-4.796551858047707,4.796551858047707,4.7294132354933485,True,1.4228157563106771,0.36487327405998116,0.845316244284861,0.1780475520407195,45.0,15.0,3.702660523366786,2.263820237483954,14.261633565886548,6.024726629066652,425.3529670719958,1392.2754802836514,0.9132421449321986,0.6557735988717635
2451,199,-4.7373746309022895,4.7373746309022895,4.728673156896033,True,1.4988901559514716,0.3773068592006812,0.6693325398963481,0.18333454730217966,66.0,8.0,4.380760959636332,3.062802715118986,19.730217387063846,9.397111493864706,333.7970616375116,1688.4409241502103,0.7481787382713925,0.6359624232063685
2452,731,-4.747281916523647,4.747281916523647,4.7252056818429775,True,1.4293943801893665,0.3811554845009771,0.7915780690343632,0.2687828428922945,86.0,2.0,1.4196993384099275,2.889383297359487,12.427711579341779,7.007234294773378,417.2476403262466,2209.2970667168447,0.8817903729154137,0.5508061159600169
2453,2585,-4.740183271891167,4.740183271891167,4.723970045002324,True,1.4735948154106735,0.3861855364541452,0.8143683017556184,0.18647841491142544,52.0,13.0,1.0883214744054388,3.8846507607326166,12.762909643352032,6.6831667349938435,401.2785612256279,1260.4872770586535,0.966254293914735,0.6538209086284041
2454,252,-4.779614764105814,4.779614764105814,4.723808849599582,True,1.446539561253301,0.37305575264340096,0.7670370564880256,0.10040331059002865,71.0,18.0,1.4718744991877608,3.766833390504676,22.452615392125526,12.226918536106606,341.5603459069346,2698.124904222812,0.6799585364486849,0.7517328488512305
2455,583,-4.780484980407198,4.780484980407198,4.722128087317853,True,1.3480452182143214,0.3933980861274884,0.8701676839079413,0.13689716946333647,94.0,7.0,1.667049913850835,3.4172188583341385,18.939671381235954,9.553093967494172,304.59520623310215,1781.5803419279978,0.8199695646993216,0.6459284780307979
2456,75,-4.750099142053303,4.750099142053303,4.7210268342959205,True,1.4578530629112876,0.3517053292950646,0.6863415374744845,0.14883172542162765,51.0,9.0,1.1648820715712578,2.843918163663637,18.03732777915776,11.352715529861452,277.99900721092797,1379.0490693633835,0.9977005119702311,0.6467899695313326
2457,1725,-4.749805939197959,4.749805939197959,4.7204364380049295,True,1.379171884878727,0.35328873847191733,0.7922949806488844,0.28688237463940575,80.0,22.0,1.4687023654847953,2.7862804539135704,14.81322230293947,11.787088878863146,336.5153660054377,1414.433661384313,0.9004418144265973,0.9917070066692879
2458,1376,-4.767368464175075,4.767368464175075,4.719759694507967,True,1.4352967798141305,0.33709770585453364,0.6562964738940082,0.23162952743959064,33.0,6.0,1.22762778837401,2.8002793402952073,14.501607378755962,9.835427408767064,341.2353331543097,1160.226904536683,0.7834879134654487,0.8520172326440079
2459,336,-4.7763781440153865,4.7763781440153865,4.716685245551351,True,1.4295664840422708,0.3854066031125971,0.757903312310623,0.14251876462706523,60.0,7.0,0.9685035662303252,2.837158502487417,20.618803715069355,10.677507361073426,340.4832336851077,2152.375793553793,0.8681114633769841,0.7212902713830732
2460,1470,-4.746182799546782,4.746182799546782,4.714841845423296,True,1.4706923065438358,0.33592764282637844,0.8838740739192813,0.09444286243479105,53.0,5.0,0.6586108958134465,2.858813478754804,16.119274716561872,7.848147758380236,398.5532264425758,1567.517490712403,0.765354268034546,0.7941106489543204
2461,12,-4.75728952362855,4.75728952362855,4.714072140114659,True,1.1982300635530088,0.35298452327670793,0.6338060700486114,0.12925000749517707,57.0,12.0,3.3913218825091174,3.8144258419710386,14.123889533585025,9.836621200006993,414.8441931965482,1487.3119292760134,0.8037324952391618,0.5982899003527884
2462,2686,-4.727325549626699,4.727325549626699,4.714068551380666,True,1.4226851358835795,0.3410808467819772,0.7290485509849307,0.2568671841051689,51.0,12.0,1.4283363884621936,3.4384726761894724,21.09713887176511,11.710496714148105,228.87504174708323,1502.8587462199494,0.9484678893703067,0.5089551324676798
2463,260,-4.748972419705408,4.748972419705408,4.714026896478189,True,1.4722776120374417,0.38684214801374844,0.7279738966000833,0.21913345169651793,61.0,7.0,1.3051246534527707,1.9672998871152818,18.709688735602004,12.369976624000062,220.72410046259586,1760.2770110489091,0.9617110207524986,0.6825780380420572
2464,2875,-4.738655471527285,4.738655471527285,4.711202879797157,True,1.19888643955868,0.35929524718537675,0.7548016407996931,0.11752193570502699,59.0,5.0,3.348372965739897,1.7562959959462043,12.36007494138166,9.66960376798426,479.28349030183983,1350.8217429628276,0.7735793014820945,0.6484835123074841
2465,2311,-4.715287538098996,4.715287538098996,4.710629357744822,True,1.486001422081277,0.3661845487068545,0.8814659756559122,0.25817224855997145,59.0,7.0,3.2652703466419464,3.137437159179018,13.16410426767076,9.55611218037445,349.4783703097271,2364.330377704103,0.9344526025555917,0.6200021035030887
2466,1525,-4.734105974904767,4.734105974904767,4.710553299078148,True,1.4858222180376632,0.29313009456528877,0.8835252261946507,0.2962528515828856,75.0,9.0,2.124517427348353,3.976527811852846,16.08946028160974,9.669155719664804,316.3298172876239,1109.036895782575,0.912122478643052,0.5343675704286659
2467,2487,-4.7184809388178275,4.7184809388178275,4.710411786975543,True,1.490072100405162,0.3612122210020815,0.8895444932790257,0.25006633100055886,15.0,2.0,1.3015842672499456,1.8742896420881152,21.0976729825514,16.3294644799682,234.98895137060015,2144.4709948530503,0.7168982441933353,0.721334635745734
2468,1439,-4.75946059209806,4.75946059209806,4.710229251532135,True,1.4377988248906837,0.3510857606074378,0.8065778239317445,0.28173917031672546,45.0,14.0,1.1443571050832098,3.802614981252849,20.312800113839135,9.234914253765258,313.8912918855389,2804.687696484691,0.9458420792152042,0.5668299352895243
2469,2767,-4.741153803344059,4.741153803344059,4.708889424461796,True,1.4115719389202275,0.3746706326840523,0.723499206236331,0.2083242358476224,77.0,9.0,3.1881272923201323,3.6297482124201066,13.196805428941467,9.52298688277237,323.2989605806139,2390.6563340578796,0.8570361919980856,0.6639028364372634
2470,2701,-4.73510136392287,4.73510136392287,4.708506634559252,True,1.4722459343147765,0.3865419400547413,0.8161615260234396,0.11362184851497607,51.0,11.0,1.8666695909874451,2.99757972838598,10.847509415440092,6.23324528449667,455.64042731055287,1785.3479882238335,0.9634019587738166,0.7098571805154028
2471,2293,-4.713480450165281,4.713480450165281,4.708014086012259,True,1.5190773609960575,0.24527860507972737,0.7619160930589929,0.27226008734882,38.0,10.0,1.2137412702343993,1.7337186538215936,18.381082620257327,11.021828771867858,279.7034793060911,2420.0552375581224,0.9762975248094341,0.5694120538187237
2472,671,-4.739590770619856,4.739590770619856,4.70746966084354,True,1.359512912978315,0.39679047479170604,0.8906402625436758,0.2403076837763472,83.0,3.0,3.7474011293323986,3.226914540990616,15.867781748270051,8.675052724210593,325.19577238946874,2405.2688283608977,0.9304163465246187,0.8757797821049957
2473,3060,-4.744092919164002,4.744092919164002,4.706071655799649,True,1.2463051684245743,0.376457457655745,0.827189320641851,0.23218662461824308,79.0,5.0,1.2743800449114115,3.971623889530901,14.849675641893322,10.962765225745045,312.64098396886556,1301.8572010866487,0.9035196227786584,0.5129112957176977
2474,615,-4.738878292947051,4.738878292947051,4.7054710024260356,True,1.4880070054096515,0.34371667896705466,0.800129030854425,0.14739148437450847,11.0,3.0,1.0698157183996035,3.854198844127418,21.878510260865927,15.530617037417752,309.8779353390922,2318.0431882112025,0.7164750508975044,0.611136092357862
2475,2420,-4.717546496115757,4.717546496115757,4.704954809700002,True,1.1049821755444567,0.3738708326089808,0.8925533798747778,0.13857967263860543,69.0,15.0,0.6548395607654149,3.516536669076245,18.213261522502016,10.832211695023407,379.2632743410476,1662.2777475842915,0.8987488983846204,0.7944034053718674
2476,1892,-4.7265891058785146,4.7265891058785146,4.70466129831147,True,1.4505588705854473,0.3323635851752087,0.7765063887334192,0.25210504728781546,29.0,6.0,1.0921832773827276,4.043023499839508,24.74899659505506,12.797725369661677,219.03920006039695,2073.8096359583556,0.8528855337294234,0.9959241222655248
2477,342,-4.702356142155031,4.702356142155031,4.701931654666705,True,1.4486678955467243,0.3930623785012761,0.7368318656236355,0.28050588388493547,55.0,10.0,3.055032267283216,3.184758973324516,15.837487646154404,10.159484074914179,262.12028849555895,1412.4593220313748,0.9397262991163446,0.7959169350515946
2478,1215,-4.701992554483884,4.701992554483884,4.700720329752919,True,1.465582425045576,0.39814403134416687,0.8996542491913593,0.23120999529020672,53.0,7.0,4.741204663859564,2.358497079115329,19.348853390215826,10.055209472119897,289.4222236486351,1867.8710230455274,0.9172209864832231,0.746400343532996
2479,2286,-4.748757773665099,4.748757773665099,4.700688148512447,True,1.471216816619758,0.3414894337653811,0.6311994261395998,0.2606450756611829,63.0,11.0,3.244994875880506,3.4365564349458144,17.486424706339307,7.707083128433618,288.02134528087544,1630.9921400663359,0.9915157797928078,0.7039281879501693
2480,1674,-4.703283698768187,4.703283698768187,4.700384548585788,True,1.4451956089463083,0.3207181112486618,0.6940241628541388,0.2631187883286982,55.0,6.0,1.2029556126080587,3.254574342936893,13.959321254540901,8.000029530900637,438.1103791565247,2299.908369217803,0.9870466195750129,0.5233518878644955
2481,2493,-4.706596471408433,4.706596471408433,4.6998586890876,True,1.469332669498603,0.3889384377241103,0.8538858069623136,0.19618582431249085,51.0,10.0,4.284872740553533,2.607184875809173,16.939481895945413,12.309683950219776,271.40166613410395,1813.2668226674564,0.7667801970420229,0.5802837316397047
2482,1580,-4.730138756409817,4.730138756409817,4.699759919957595,True,1.4139935228608291,0.3526062268332348,0.8384557092153535,0.1375379370579377,75.0,4.0,3.592442374314177,4.196329857213898,15.977346001312375,6.904772775683854,478.2834735898344,2146.8559815856565,0.8962599542456583,0.6460939544516642
2483,2832,-4.737176827407698,4.737176827407698,4.698756381423052,True,1.502286116639365,0.37644126919820564,0.8624538887348793,0.2454850208995893,72.0,3.0,2.0964120070684507,3.0981585187998086,22.63432756285441,13.520542116104554,258.79350292364535,1344.243674355138,0.9246306662791434,0.5961361784831223
2484,2452,-4.72224001469853,4.72224001469853,4.698396417187024,True,1.4067382298006654,0.3764630083329399,0.7078710956338866,0.14860278584063052,69.0,5.0,3.4490867235671496,2.4907785467256165,22.082836927316645,15.431595825873561,237.39524503448732,1862.5377083355143,0.7321212009260414,0.6717180251143873
2485,625,-4.742895530060034,4.742895530060034,4.698374892641927,True,1.4135810316490065,0.36564373211089474,0.7371952636442003,0.2539291154945512,61.0,12.0,3.0611044782024335,3.739905248451356,16.24215451622025,7.215868528043371,353.55634848240516,1577.5060604140751,0.8817464576184724,0.7346218542433156
2486,441,-4.703117156526739,4.703117156526739,4.698000590690842,True,1.414943714525743,0.396541724202088,0.8716409734441358,0.20472871877138918,74.0,3.0,3.411667568217654,3.469131469395475,23.370766227416304,10.006107682434072,266.870767172372,1695.2947787940502,0.9634673294923052,0.6426930600985435
2487,1179,-4.703016347361117,4.703016347361117,4.69729166451299,True,1.2799424922937734,0.39502691896779485,0.8813669732656584,0.12512802594877398,89.0,6.0,1.5504184144414275,4.045179157884764,18.545233353820976,8.073657120061988,446.04824362475546,2251.6080744794476,0.670847115741514,0.5099639750913413
2488,589,-4.7283962905094175,4.7283962905094175,4.697250902074442,True,1.469608332939446,0.3571299967312848,0.6453865489338666,0.21928552161198578,68.0,9.0,1.2315505064342867,3.1837626964809997,21.763245012281942,10.208223434605832,286.22530729665004,1549.254109248759,0.7314769516441376,0.5900820558711088
2489,334,-4.750346832926449,4.750346832926449,4.696941213783522,True,1.43063446766234,0.36207235200939003,0.5900262152466395,0.13961611786339148,59.0,17.0,1.4681358635139656,2.9364770713609754,16.436829896424832,8.351120376662687,352.7864645091855,1232.789924441931,0.8012124626097031,0.85188085804711
2490,2206,-4.743878244289611,4.743878244289611,4.69548523418857,True,1.3428469861709738,0.3998373274145359,0.8766707432172871,0.12324039523368471,52.0,10.0,4.70072814302385,2.882144647027457,17.788686115033798,9.392818716239168,301.0639652568807,1846.1763722297167,0.9699041811508367,0.557259890855268
2491,33,-4.743913532431381,4.743913532431381,4.694538196021112,True,1.4001330859086738,0.35060636943825374,0.8588911016461612,0.11316043975309606,56.0,7.0,4.998343283310533,1.5946146227584768,13.445848790065398,9.466366673793585,348.5187298984819,1394.1552339431623,0.8965682178021716,0.7984752284993611
2492,2062,-4.696385516973837,4.696385516973837,4.694443405325564,True,1.4321028783862024,0.26811236470960337,0.6637912312368357,0.13735648253239344,40.0,9.0,3.1954659566506125,2.9521964015668933,12.63592587079091,10.056198662401302,443.3148750804871,1152.226020849194,0.8816168874449121,0.5623413061435032
2493,147,-4.725575652997489,4.725575652997489,4.6935130088118315,True,1.3399632976054425,0.2907990363771404,0.6407344572324662,0.25847201373240664,39.0,13.0,0.9684779025882817,2.824199868973647,11.401625360956777,7.327012995228748,419.02006287598044,1157.9680389504624,0.9807280978529633,0.6683996720250974
2494,2409,-4.707774409613273,4.707774409613273,4.692964318929769,True,1.3547039754692412,0.2683713789824469,0.6399926546647625,0.10125585136760666,54.0,8.0,1.2036974124432414,1.3355952592434872,12.074871372924655,5.227087063752997,486.3499622479377,2550.295823198918,0.9895155940163511,0.6609216811191669
2495,2003,-4.704004733865282,4.704004733865282,4.690344896403396,True,1.444129517475143,0.2674416997402355,0.8428203045417851,0.2869547704234719,47.0,6.0,4.2318000998348,2.072852051261525,10.975371925160289,8.65030473062867,466.47044121832516,1581.0298981062401,0.9886504369950576,0.771386164306232
2496,25,-4.7186221662372265,4.7186221662372265,4.689717793796407,True,1.1564234272446483,0.3961944793537259,0.6350194729864598,0.1814458980411291,47.0,9.0,4.290831228718162,1.5373400570824742,12.557692881673574,9.13390607178868,352.88253482431173,2128.646371886134,0.933078387286514,0.5033320733346045
2497,2758,-4.695807105784269,4.695807105784269,4.689619601785487,True,1.2711735766407908,0.3863263157518312,0.8169603964416119,0.11378717401281135,57.0,13.0,4.6371729672367685,3.9303203954997286,20.27161292828628,12.776373554616866,236.22531818500693,2659.1422761029244,0.8819476191609361,0.7416645497107557
2498,1180,-4.704011538371631,4.704011538371631,4.689461911959771,True,1.1613719168087073,0.3901193407743436,0.662448443019108,0.16690073423044738,48.0,13.0,4.535254926420748,3.2542004215763662,18.324776532507254,11.988185461551625,354.38003407007943,1544.194125107408,0.6758170635454921,0.6282090156101422
2499,2927,-4.7379959460517025,4.7379959460517025,4.689277793002389,True,1.3538620447762837,0.3464143061483578,0.8627610689029099,0.12130649112700734,54.0,6.0,2.3245237208118263,2.1282282777763415,14.195823280190597,8.346274853520868,419.5165635242467,1175.809118266779,0.9751364340811356,0.6104470513774887
2500,76,-4.696175948979424,4.696175948979424,4.688503716504384,True,1.383490493530883,0.32482374333448827,0.6202876287036315,0.21649265289994335,47.0,10.0,2.0951236509199895,3.640137613786832,22.37077194238103,14.241731351483015,212.0754762549318,1598.5663032586535,0.9906813418492675,0.7122143935660616
2501,2988,-4.692587593376146,4.692587593376146,4.687807640472734,True,1.391915772609613,0.3284461010133961,0.8475231102989317,0.11632303922696602,37.0,12.0,1.758278051343583,3.444127873964284,21.592579485647207,9.311057055237029,313.74972518131693,2229.214474257244,0.8985235180283622,0.5587513585759583
2502,2619,-4.712728099845625,4.712728099845625,4.68673307692094,True,1.1372890892553769,0.3981691650302104,0.8329405622172181,0.1589882096652809,89.0,7.0,4.591053550897708,3.861356450146652,12.17072626296273,8.16544414706668,421.3759059961726,1607.3626632154105,0.9133836595802971,0.7859660122925819
2503,137,-4.71359698785505,4.71359698785505,4.686580264444579,True,1.2102800666876137,0.3520975768385063,0.7509942137956132,0.12544841218510605,53.0,4.0,1.161281562765928,2.794320403408244,18.657152492191916,10.516096840965224,346.36901458725333,1470.5621395260096,0.7418900789123961,0.8662284357105127
2504,720,-4.704172351896479,4.704172351896479,4.685961029751253,True,1.2315078768412517,0.3287101956447887,0.6765898250379572,0.24694270790399853,44.0,10.0,2.550385469507572,1.838256980221404,16.578881699271104,7.442432058053874,372.02005936754506,1525.7330060807074,0.9041958490293682,0.6913760276335044
2505,1617,-4.71685497183806,4.71685497183806,4.685830408152145,True,1.3359814609938734,0.35072035731268236,0.7597966243647891,0.17798180575866476,35.0,8.0,0.7259764731517913,3.504762921542727,13.253539274633507,7.557747202317751,385.767646670287,1825.6141073992544,0.8802205319961214,0.9343785428354409
2506,2456,-4.715478307007199,4.715478307007199,4.68472754062634,True,1.289719180649271,0.2459427221512178,0.7938142401006403,0.26935219875135824,75.0,6.0,0.8602424055129962,2.712897232697453,18.848186139030776,12.957538702637054,290.9631946759579,1088.6021018041015,0.9635273682611196,0.5675801606111837
2507,2793,-4.705309480773457,4.705309480773457,4.684278782063023,True,1.4233512284892758,0.3731182693744911,0.6658516895955733,0.19374022311272676,52.0,9.0,3.3175424344336686,2.5460191443562508,10.972888143733144,7.34203737768088,407.40166804881136,2022.8779566758956,0.9398687358007204,0.7302358784460741
2508,887,-4.706199807080679,4.706199807080679,4.6841262599641205,True,1.4738897991558764,0.3910441064468424,0.7167717265051301,0.20765631338252724,54.0,10.0,1.5695684487850476,3.4886508120001425,16.45244814104513,8.4103735769889,314.9190814534935,2011.3667721756285,0.9336820241484081,0.530773370528753
2509,1523,-4.692870251068267,4.692870251068267,4.679684468410359,True,1.286920223259707,0.3734427782430426,0.7865104099824116,0.21714782103015007,56.0,7.0,2.6448997966519627,2.014884787420821,13.500888735438823,8.705903841323845,334.0372548011071,1921.5235051415368,0.9210128443745865,0.7644710271487241
2510,495,-4.703335522105971,4.703335522105971,4.6787636433528,True,1.522664441912023,0.36512208484429154,0.8361603585143131,0.10405995386735326,83.0,8.0,1.7015889396693424,4.012022360146442,16.295019604274657,7.270707122724858,301.10542595212087,1383.6437192268395,0.9645461770663883,0.865089100921723
2511,623,-4.690257846303985,4.690257846303985,4.678304539737898,True,1.2875319838146,0.3965500565500546,0.684822525871072,0.23526447605439657,52.0,8.0,4.524263137858575,3.4272231245413423,16.640979599735328,10.475858264995578,397.0630438408482,2006.0216131208865,0.7534567490978636,0.7292347540308184
2512,2522,-4.73313469481195,4.73313469481195,4.676259335149758,True,1.3558683038110142,0.34922728043317697,0.7403677938143947,0.21520777242640718,61.0,11.0,4.578044519143109,3.131498006144708,16.363229887216747,11.963425950494484,239.00604658733033,1325.7195561319331,0.9166324074651214,0.762656552901642
2513,254,-4.712391613281849,4.712391613281849,4.675130512762524,True,1.2561278901557578,0.29302196699512384,0.6116212502566448,0.27994892066244426,54.0,6.0,2.4303574738833804,2.5058185544485903,12.580299742631151,7.859544861165835,467.98194778305594,1457.9068655909691,0.9712441805329692,0.5547599101377114
2514,1310,-4.702331738738094,4.702331738738094,4.674825998151177,True,1.4201446319522504,0.32458509263462926,0.6711950685698653,0.2845385112279043,66.0,7.0,1.7357989404502678,3.844157320512087,19.57135451490351,9.82254937142081,326.0939090479981,2471.8028865411934,0.8114337914496949,0.6446749266809778
2515,1039,-4.722655123555567,4.722655123555567,4.6746815815327185,True,1.4008719314171096,0.38916223233303104,0.7855134568787223,0.2982293873534284,41.0,13.0,1.9380580398800202,3.600773255983751,19.437240656568132,10.683276199622004,263.11590742391815,2316.1339442148865,0.9824061781474904,0.6521582576774267
2516,407,-4.724882251858226,4.724882251858226,4.674314076422306,True,1.423673971280362,0.3444446941961897,0.7525902523289032,0.20937915833493723,72.0,7.0,0.8922391694123681,3.3073865333587626,22.83247384088824,12.579198186891933,235.51394430099793,1607.0752428388723,0.7865914104012481,0.5429521379681217
2517,1969,-4.690335378114345,4.690335378114345,4.673826101277407,True,1.5099634891513296,0.3527039412244267,0.6726920352334796,0.2979808796422558,46.0,12.0,4.602218587463599,3.7397079149661234,13.957412405906261,11.108620951604655,277.15452751922874,2834.8930604217644,0.9369780904264071,0.5765364223493321
2518,171,-4.686107098816876,4.686107098816876,4.672640504548386,True,1.491419009369936,0.2901802880555271,0.719420132322562,0.24742274906671125,45.0,10.0,1.210096406512462,3.734424164009442,18.003703716839063,8.640697560665092,358.66383757171985,1114.341632450878,0.9632387090397181,0.6440232393202114
2519,367,-4.719414042882548,4.719414042882548,4.672595658740219,True,1.3606726932797963,0.39267114440072826,0.6777554721732137,0.14107476585075052,56.0,12.0,1.9956468484751078,3.702745524091343,14.685713912249355,9.067332241769721,302.7491849649758,1494.1717765832527,0.9222313407791523,0.7568432075830511
2520,205,-4.710744120815019,4.710744120815019,4.672537869206972,True,1.5113651916539088,0.32503794277169396,0.8828187300617678,0.15150375988161663,66.0,4.0,3.164267187078065,1.9633920485777845,10.88731637224555,8.149764587823439,364.7806804202367,2135.7212200568747,0.9949800011475851,0.7482291376500873
2521,2660,-4.724369043538921,4.724369043538921,4.67249600291392,True,1.345107431074253,0.3246611426872474,0.7266804656460526,0.20794856298271466,70.0,6.0,1.7460640236029494,3.9608813851936686,20.601866108514134,10.929871152520217,298.11693965149425,1462.8123954735865,0.8862156996883979,0.5131733877538946
2522,2668,-4.674217539912138,4.674217539912138,4.671328857751094,True,1.511059996262408,0.34553226649568447,0.7236890149798924,0.18609834836076802,76.0,5.0,1.0689392779774654,4.287563528632974,18.22842466450327,7.772659681176754,404.04157866783436,2646.080267211363,0.7219612717186042,0.5387122840359762
2523,813,-4.691073989046384,4.691073989046384,4.670076596243611,True,1.3504804183454011,0.3508484539752271,0.7293833876155947,0.2735663834649287,39.0,10.0,0.9474375272570612,1.463544565901294,12.890960849305053,8.325546801259986,329.3607374794072,1394.415001069105,0.9900333476685443,0.6619863313400135
2524,2770,-4.707400732894611,4.707400732894611,4.670031544491981,True,1.2624357890318738,0.38423508409410717,0.7132865021784036,0.2928150321356952,52.0,9.0,3.093902796189725,2.9341993221708647,16.924217281018297,7.47442439408964,396.78608728572726,1282.5689595859292,0.8847186330176637,0.6413046918500884
2525,3049,-4.669425733345285,4.669425733345285,4.669030463687677,True,1.4460989797561092,0.35525270002109716,0.7665548042230513,0.1541291417535521,57.0,7.0,1.234294385684124,3.8374514387877374,18.265964963043675,9.300716244117142,325.38958448739163,1598.9932184849768,0.9018759200023299,0.5974374213279244
2526,2776,-4.722228569781288,4.722228569781288,4.668722001283971,True,1.4989045846442357,0.35016803565780213,0.7909584190742933,0.25260217699934073,76.0,3.0,1.5926452342923778,1.6158007037645463,14.361903888101283,5.8492831036804915,393.67024277986536,2791.186214099789,0.9431892133009804,0.8118776589681413
2527,276,-4.721724030440311,4.721724030440311,4.668167057823387,True,1.4569505999509855,0.3482551461720502,0.5855474197986907,0.1563101347534126,61.0,19.0,1.5985048321813473,3.4516091954491994,16.080650727165402,9.349675563753019,399.40591790533176,1741.4365159984561,0.9541906149718511,0.6948157406511583
2528,2506,-4.6881941784326475,4.6881941784326475,4.666950197343332,True,1.2947797328750896,0.365002421314774,0.7752407230373902,0.16042651989778434,26.0,2.0,1.2300986961989115,4.4243591752989655,23.878681362462537,13.41320095331995,260.99540734601226,2300.2193679595675,0.7378380190504084,0.9429196749461723
2529,1268,-4.668229965005681,4.668229965005681,4.661912380955368,True,1.3613294237796172,0.3775319262626912,0.8296709405699934,0.15418757283686674,84.0,22.0,0.5275250825505302,2.4524506549864853,15.571680283132793,8.56014357128877,439.2680530436337,2569.449866527154,0.8877392219633731,0.7836100959415923
2530,2871,-4.664252879239148,4.664252879239148,4.661836856874314,True,1.4683495503682686,0.3853411422937864,0.6929347382010216,0.20052770262268027,36.0,11.0,3.024508682293588,4.446415415939059,19.76989860768494,15.574944975206463,264.63451470151495,1646.3882843094482,0.8986596555546073,0.5463553267634484
2531,1922,-4.686900281081945,4.686900281081945,4.661631000270674,True,1.5085805482528765,0.32600327534397616,0.8336414645363774,0.1994315316357431,50.0,8.0,2.1190727298069354,2.1598602930276294,13.31167954102125,8.163908818992745,325.98084115244745,1216.8614292233226,0.9939725366406,0.7794730181452754
2532,2897,-4.709894614436197,4.709894614436197,4.659776257503449,True,1.081637642412321,0.3766867360723951,0.8063390242240758,0.10650092501115374,69.0,6.0,4.495568829963033,4.131375001968662,14.902924123793877,10.731759723311619,496.35269254194765,1372.7697862078198,0.6537635516341458,0.721222762039168
2533,85,-4.6911920604256725,4.6911920604256725,4.659453783497186,True,1.4465672827294043,0.3872403139033141,0.8035019008303806,0.12257963939809248,73.0,2.0,2.8832586505677007,3.624066879149559,17.393788041579402,11.484650858653076,294.13517751427537,1664.6832589462092,0.9334820020822034,0.6021756687407702
2534,1133,-4.669939953217044,4.669939953217044,4.658783959205344,True,1.473583053328097,0.3102940982207656,0.6996632292866707,0.10152844581753015,39.0,9.0,0.553123421035707,2.5062907468527555,16.56456931028515,7.668707503441475,465.5985959805548,1432.63547308743,0.7712351074442267,0.5803391453810036
2535,2440,-4.674359872121464,4.674359872121464,4.658505043399592,True,1.444938963922867,0.353636697869951,0.8374039376528228,0.14084279174728084,52.0,6.0,1.7103417972759452,2.5915170161062577,19.673589684108062,9.917258232678416,287.76341251718463,1183.607257072088,0.9885601895214822,0.6104917191918114
2536,3066,-4.681609055506424,4.681609055506424,4.6584620832293755,True,1.4103497916438315,0.3458794530009054,0.7511401891442866,0.11890635734329459,57.0,8.0,2.434203644393936,3.4317222504540124,23.617061093839204,14.229539060707928,295.07482720267353,1799.6302811323676,0.6354362494693812,0.5007947395481718
2537,2056,-4.688152872487952,4.688152872487952,4.6580679393999205,True,1.3569695585953272,0.3613065035635268,0.7845099075917902,0.1483173908740762,38.0,10.0,1.8446955269147294,1.6575175209652828,23.320305496178296,13.430108286540133,238.23717022995982,2359.8192809780376,0.8193383552069078,0.6436243088484702
2538,1022,-4.692471151685278,4.692471151685278,4.6572321635002885,True,1.1328074485797313,0.3702511967170372,0.8038493043359343,0.09288595540118436,69.0,7.0,2.50893087596949,3.2453698224181142,14.52614187799885,9.907529492962007,348.2488461110873,2518.2872834955924,0.9048226678275013,0.7176221265783103
2539,1771,-4.699320979270252,4.699320979270252,4.657217022887242,True,1.2782545149038744,0.32003123488277196,0.6485634318923468,0.22609752855294254,63.0,3.0,3.0982957487129483,1.0437223170212777,13.950823522434712,9.324566170593275,359.51966074005395,1630.660577277395,0.8775492609446287,0.6912533277521989
2540,2350,-4.6840346786863085,4.6840346786863085,4.655669271838939,True,1.3261463372137063,0.37124936224498206,0.6554105770193793,0.12556058914667834,46.0,9.0,2.6873928219562737,3.6917248081712475,11.371260332354566,8.814786694678652,436.9202557797795,2351.4624229108695,0.929760806359617,0.6621082490310073
2541,2622,-4.710573792972618,4.710573792972618,4.653527834567239,True,1.3951402859483297,0.3964406336033618,0.7708207516503494,0.25339124725967793,54.0,12.0,3.4227767213011724,3.935247363370515,10.489961916382796,8.040858009031165,448.28496305271983,2068.1834015995264,0.8203605523790524,0.8029122608110149
2542,3067,-4.669123456907986,4.669123456907986,4.652436619115231,True,1.4573369416285447,0.2773514691017496,0.8868496410354195,0.1408293174393475,16.0,4.0,0.8565809080496793,2.130607379314357,15.318415357747059,9.219665025492727,389.46236250922084,1383.1130377948284,0.777422884674125,0.7323672465985661
2543,57,-4.7016091734119865,4.7016091734119865,4.6517737083045,True,1.4028106282815183,0.3924588158510273,0.858273042205437,0.22900536698084117,53.0,7.0,3.58085112327939,2.2730746435462574,13.190429561246466,10.238951389794234,391.6877240135286,1828.4114254642375,0.7591397615904226,0.5403258617494475
2544,870,-4.664915714258369,4.664915714258369,4.649630511618303,True,1.232572189481929,0.34412825061440333,0.7282007629019744,0.10862861607223749,19.0,3.0,0.9511550161987543,3.311072121318785,17.099017092953346,12.463130956531407,384.5893402120327,2362.0438712964283,0.6767672595832955,0.6451055970974267
2545,2034,-4.6999348165143635,4.6999348165143635,4.6490980222723985,True,1.268872898904451,0.3647690716949424,0.8754882384613045,0.19898321713795378,47.0,8.0,3.636249605887228,1.9961959069198816,11.691673895677178,8.134044761337732,426.55586142880645,1851.8499215346153,0.910136836819615,0.7931308808154988
2546,471,-4.65844794966184,4.65844794966184,4.648269676472109,True,1.4472780657147997,0.36026033156981074,0.677184214666815,0.16857866458426018,17.0,1.0,1.2548021139162293,3.8824164553402487,20.304340563628717,9.114764133497363,338.343173614462,1381.9122940777124,0.9815538534879517,0.7645696858686507
2547,2933,-4.675855325660447,4.675855325660447,4.648116568468678,True,1.4925116163102632,0.3476298640042778,0.7771612318931614,0.22867145518938706,39.0,5.0,0.6553738934672797,3.6869511415511673,17.3765297230249,8.82311320680852,355.58154966131144,1104.5857385865045,0.9175958890571934,0.7397818516597174
2548,649,-4.68031614685611,4.68031614685611,4.647063644793341,True,1.380485661541993,0.3937961583599363,0.714561984474113,0.15070304059047449,69.0,5.0,2.119369870741181,3.8765597503859963,24.092283165001795,13.895154364400732,205.94918430881103,2102.9141211712827,0.9144701914517755,0.766102039862564
2549,624,-4.693908024037267,4.693908024037267,4.646956317748067,True,1.3950630644138855,0.32643162099905737,0.8688196727577646,0.2553672998572435,83.0,4.0,4.0303633443598335,2.851696820142606,11.141025310603798,7.888151298997979,426.45678461577256,2715.2470071547605,0.9310499221417974,0.9016853049244009
2550,2863,-4.647407458827251,4.647407458827251,4.643785901116198,True,1.4751184703069284,0.3966573711333222,0.6828575341537505,0.1425435349683344,41.0,9.0,0.7952131156589464,3.231208530344895,15.423814269679017,8.661536961183588,330.5986770290453,1454.8675105199572,0.978188308384508,0.7266818676242031
2551,78,-4.676298862153107,4.676298862153107,4.641561273162797,True,1.3894689812412437,0.38082300083752485,0.6194005882353141,0.2018201184579949,41.0,8.0,1.6865126013887908,2.587547124363482,15.98824463677788,9.203728076754702,373.17908063151464,2102.13530847611,0.9306018575699238,0.5971064250378053
2552,3,-4.643150261305624,4.643150261305624,4.640107326493762,True,1.5049680419023779,0.37427978612814056,0.6795253478068441,0.2037419409458721,52.0,11.0,2.0318836524039687,3.4521541280765993,14.312893398656563,9.755298525651643,368.1653985994456,2007.57022246601,0.6467365158441833,0.5866377689038238
2553,2453,-4.690103457138299,4.690103457138299,4.638474182376444,True,1.4411984262671322,0.3922311609532433,0.7705292440160842,0.22762834564851286,85.0,18.0,0.9087899603705984,3.42926253664875,15.76874472706992,7.318869588347938,433.9030890725553,2364.9817282461236,0.7634200574556106,0.8974015239424942
2554,133,-4.671926938741327,4.671926938741327,4.637895051641487,True,1.3068166658965439,0.37475565630942587,0.5714487726527864,0.15966039949915697,26.0,6.0,0.9221295795078586,3.2050918840062685,11.201491190897094,7.5684593848712645,403.0617675404384,1541.873674839735,0.9239468449671298,0.8532204199261906
2555,2526,-4.6599799546966905,4.6599799546966905,4.633636136757466,True,1.315448861579585,0.3765688835437728,0.5970697256847575,0.2967600942161256,27.0,4.0,1.058035347099071,3.742480935304168,16.039519095223497,8.205234869974014,429.9529786221683,1101.9061335228832,0.8026495321532092,0.6473633538833259
2556,348,-4.659072894945736,4.659072894945736,4.630338972957191,True,1.4426402512364656,0.39200757344854276,0.7043239437837537,0.2084145803826779,54.0,6.0,2.5767969770868175,3.7013027479414227,13.629401609599515,7.7600203311060785,403.0319639182692,1795.0182102051226,0.9993819913390619,0.5706593088084131
2557,2474,-4.649664203884539,4.649664203884539,4.629528442740311,True,1.4499602711833013,0.3695424126512064,0.7460163817089491,0.2006136499165693,48.0,10.0,2.2141151321296326,2.51289985258253,14.134808931475646,6.370817274199005,372.0551435301785,1620.231055889575,0.8819874941664083,0.6969966689490047
2558,2225,-4.663427176606166,4.663427176606166,4.627541438741788,True,1.3371291092027475,0.38673819050192837,0.8047234532202077,0.08381599611305067,57.0,7.0,3.464684270498471,3.6565882760108153,14.69732980722361,8.445207525176631,449.1208396379283,2222.015106281389,0.7361162147198552,0.5984959982289344
2559,1604,-4.6421790569982475,4.6421790569982475,4.626189039558963,True,1.478993463295299,0.3480511292193019,0.8762473762769222,0.12761703980061156,60.0,4.0,2.817151222734994,2.164843795699036,18.554737998997417,10.470897017204855,271.3913365943688,2894.2402480844275,0.8671904597303415,0.6627816563691541
2560,1583,-4.680284739368451,4.680284739368451,4.624993745774753,True,1.4046860523563027,0.35111029675270444,0.8709160769382279,0.12455115788109666,44.0,13.0,0.8154113243429111,1.4597858907472323,14.336495452583046,10.143668219146063,304.5242111467466,2991.6218043026374,0.8528391931315853,0.6085396947111197
2561,1492,-4.641057907661002,4.641057907661002,4.623903196600577,True,1.1469793113437747,0.3720361483371021,0.7553049276650766,0.22713242467307565,55.0,10.0,2.7896833742875398,2.116232111807845,16.750415900725272,11.432997075596564,282.41150088987007,1415.340946260364,0.8801827058335034,0.51639345328821
2562,1276,-4.658262451698494,4.658262451698494,4.623009905950173,True,1.440951545416329,0.31495812794185435,0.8122072816360104,0.27405615745612144,43.0,9.0,4.451187103944149,2.803081642353261,17.75009045880068,8.959612867331481,354.40290800946457,1286.36041316289,0.8255063494121336,0.7255751052128812
2563,2381,-4.654768423229589,4.654768423229589,4.621267323186541,True,1.4435639101142692,0.3926073995718562,0.8824011942273173,0.2703310813729472,59.0,16.0,1.703132967782404,4.441578655627848,22.01124560105822,13.544133205567256,284.30074834339905,1638.3389773618337,0.9086276774414384,0.945494041410391
2564,2813,-4.666799789715503,4.666799789715503,4.62032535384918,True,1.5191699116816586,0.3249423440279064,0.6592416519449764,0.19449700057321276,72.0,3.0,4.155972501573423,3.8854226494255815,14.61612972460772,7.862985633328026,443.42852694251394,1369.2950498253813,0.7925621594781789,0.7206978810888022
2565,1390,-4.654154840098049,4.654154840098049,4.617775444382458,True,1.442492340295696,0.3381893235155991,0.7304538031655564,0.28605344362027085,64.0,4.0,1.3812084837112315,3.1807644017217,18.922325748657794,10.177004002472133,272.7822983145533,2259.6014595868655,0.9277365225677097,0.7379197766799999
2566,3011,-4.661419303668493,4.661419303668493,4.61475237459314,True,1.4304886642789196,0.37212669979683055,0.6825792847161698,0.11663406936467999,17.0,2.0,1.914812101531367,4.411741960439784,21.7669748734212,15.992556731457242,342.3580334689436,2174.461502632594,0.7332613648875856,0.5898228353314809
2567,1140,-4.6512656553431375,4.6512656553431375,4.613761978854442,True,1.225212257720275,0.37538044434788315,0.7831733569446258,0.22681925965466382,58.0,7.0,1.7770432391192386,4.203472692028203,15.94982030213982,7.844828904646385,461.1917694769702,1104.9149222671986,0.7885675136931241,0.525466846767813
2568,723,-4.654103112300492,4.654103112300492,4.612612028837315,True,1.4751690590603468,0.3623786045473222,0.7058192214769456,0.19834145083938529,19.0,3.0,1.3081254897851466,3.9578708385971995,14.675152732700598,6.845656299162834,387.9184071858007,2352.231603361975,0.7672459208406508,0.9164786400661462
2569,898,-4.622732751802035,4.622732751802035,4.612174756081236,True,1.5086321134540082,0.3865680103129477,0.8369543209293578,0.21659099947861093,27.0,9.0,0.6880403983581296,3.8227056608125807,17.957949028504988,14.262365458892377,337.93568503113335,2136.7948877048,0.731318428656538,0.8208336482531761
2570,482,-4.659058525614811,4.659058525614811,4.6103664011352015,True,1.4682821946066895,0.3454443638149191,0.7088871704393523,0.13927750386136,47.0,12.0,0.5344906900170079,1.8510416893505908,13.808861253233843,8.969616035404535,444.0813598807531,1392.9315680255718,0.8657467421503893,0.8198363661529611
2571,2116,-4.637051086475406,4.637051086475406,4.60839957963138,True,1.3734616664840438,0.3767550299543838,0.6596017855458663,0.2850664726869568,43.0,8.0,1.4542417290539777,3.8333141447870065,19.54700100452699,10.806464447284634,315.1579142191582,2372.1098879528267,0.9346118454306553,0.5816034347779697
2572,1010,-4.616231765736446,4.616231765736446,4.603537325987203,True,1.4860474691533219,0.34971248968667235,0.8317060996765768,0.20630574885190475,41.0,7.0,1.5046166942752042,2.939138847413605,18.740424014622544,10.59421938642719,305.9735974152469,1709.0797809122093,0.8709412337026006,0.6313439138447073
2573,1189,-4.644635115325324,4.644635115325324,4.600991940842481,True,1.4838555347911773,0.38017153785021374,0.7442978822100756,0.2563306527718616,55.0,8.0,1.6006959522265158,3.2606652802590945,17.538907038808762,7.455257641371861,359.7850601734798,1605.0242937450807,0.786521451502797,0.7321113581844194
2574,65,-4.603104197414483,4.603104197414483,4.600060401876775,True,1.3715923475420553,0.3038409319147468,0.8442876938652185,0.1848194562830031,34.0,10.0,4.348400174078117,4.085168999221721,11.065975078030515,7.111424993308173,499.3229802697897,1485.8955418005194,0.877645419944226,0.6952006060506537
2575,3001,-4.6545987586787785,4.6545987586787785,4.598428278799277,True,1.5230227007185286,0.35786232597083345,0.8648963240906598,0.19477313280527192,79.0,11.0,1.0216588624753058,2.215926519467529,15.180902327312651,11.800824778709032,443.053295245266,1165.6748979307822,0.7144792872852379,0.5356498071355748
2576,2250,-4.6115273709103715,4.6115273709103715,4.59770358656119,True,1.2290418029912966,0.36460883615094464,0.7797388924730179,0.16477337369302414,81.0,9.0,1.0112087300050485,4.019625862173983,18.612352489396972,8.6189729848315,396.92647420178133,2404.684654353051,0.7591321595234097,0.5225185083334352
2577,2515,-4.612731882306846,4.612731882306846,4.595262874737278,True,1.2790288487235058,0.36554066797609264,0.8099315388938281,0.09872429464669422,61.0,2.0,1.3323444595263974,1.771467717043457,23.858680549511043,13.748995166004239,236.78732590030268,1127.3311696706674,0.7833970100754499,0.6202023025168686
2578,1769,-4.612292408948424,4.612292408948424,4.594929036783931,True,1.5067652594377003,0.39899655313127935,0.820646348272798,0.20713523838236259,10.0,1.0,0.6880658847861092,4.144494967004217,10.575018821136993,7.609488648207462,406.4015347474778,1591.2098970798463,0.7457694501752838,0.8178754846004153
2579,2422,-4.598989802518475,4.598989802518475,4.59327402234179,True,1.249274264690594,0.36543789641450336,0.8275709240253396,0.13619440423582202,54.0,2.0,2.9129117143604004,1.7164160296086548,17.38616403655723,13.836362634173954,216.42495228436493,2370.890614965703,0.9818072662982122,0.5721540041415115
2580,464,-4.612937930213994,4.612937930213994,4.592720972618178,True,1.308233732506316,0.37085831346228293,0.601839783772975,0.12784975825267936,36.0,4.0,0.5802589426590408,4.423287400754969,14.607850779247313,9.203952476348828,338.4976098943019,1973.7184139165206,0.9575398473373753,0.9721067736555808
2581,909,-4.61138004042233,4.61138004042233,4.592618489083497,True,1.4521499738729755,0.3097582959597321,0.7808280852304225,0.24342312406505395,63.0,3.0,2.822049701366953,4.286859317139254,15.66246180696189,9.594669011540901,393.0973977035967,1808.1887292858028,0.8169858536616443,0.5202543454637267
2582,2539,-4.634641722845558,4.634641722845558,4.590892718620595,True,1.4443683738403021,0.3762580184594041,0.6723024274964898,0.1039894721570447,75.0,3.0,1.968577682304414,3.861833044631067,14.436691742682996,8.418686095480243,293.8144950214577,1298.3911224765984,0.9665473854812394,0.7450179538421975
2583,427,-4.606985772325293,4.606985772325293,4.590462380733673,True,1.3207818897031247,0.32444130796939136,0.828399388678372,0.16862708199769258,26.0,2.0,0.899580336175859,4.4163414454087615,13.165212427265942,8.111618307702633,451.1423407122493,2051.3263512402773,0.8214858737774193,0.8692864715121686
2584,2558,-4.621444328999886,4.621444328999886,4.586554779189367,True,1.3877046375776323,0.389386919140018,0.7825697641238484,0.22315428481220267,30.0,10.0,1.5703651072435114,1.0962950490536945,15.87375050354679,11.843027676639762,204.9160361728034,2947.2542465554725,0.9819489592671223,0.8790476633425446
2585,1519,-4.591111365641485,4.591111365641485,4.586213142386404,True,1.3328109181734686,0.3969942358160985,0.8447465533320634,0.1528782555622675,27.0,4.0,0.5339751242358579,4.395892620984775,16.662653539715528,11.406026432320191,336.19510460288177,2373.765658715065,0.8767788079567254,0.8521651072393572
2586,408,-4.621609343258969,4.621609343258969,4.58533873061968,True,1.5164154993549517,0.35039022027394395,0.7604852550587622,0.22569664025896446,44.0,7.0,2.073945199834054,3.9595808303444047,12.01448101232786,8.121143487115436,490.319144410576,1706.9207210713464,0.8578982973144904,0.5540019728276513
2587,2283,-4.598795050343467,4.598795050343467,4.585166774366603,True,1.2396975330683473,0.2924261921246375,0.4949936728433607,0.19688704460174145,49.0,12.0,4.7855613024000805,1.6129535947764624,15.734136022298456,10.407077719211294,380.0134258703635,1509.4993103040354,0.7183883100184606,0.8869929312749188
2588,1245,-4.620687226500586,4.620687226500586,4.583854081800615,True,1.4686569901198507,0.36021180888735427,0.7586946604477056,0.26976848850313173,38.0,8.0,1.08012624540803,2.4771961905544275,17.215568249771234,7.896800567187112,323.4460444752553,2279.1441079936462,0.9701722732537985,0.5483472306951555
2589,296,-4.611241017736162,4.611241017736162,4.583795930989213,True,1.4430544271096588,0.36977461242209153,0.8142369017302948,0.21251675255596636,47.0,12.0,2.499867618468507,3.282931448120466,15.304653876297944,6.700062839298152,389.0238751551619,1703.012999763866,0.8155089132165549,0.6562787928221541
2590,2359,-4.646087854355378,4.646087854355378,4.581854747988992,True,0.9805680237949927,0.3556563636668869,0.8488823521578815,0.10694745004083489,73.0,13.0,3.451571599064664,2.994811200958859,13.37470330546941,10.058781126253303,410.97722557922395,1119.2364079543486,0.9814186651674883,0.7325402486564085
2591,690,-4.596633664301687,4.596633664301687,4.580290309800885,True,1.4529548955555793,0.38867092750926435,0.8161380914322929,0.17472720056465993,41.0,8.0,1.5195329993781759,1.501532887005654,13.386636453243739,10.347355925808285,284.33568336718906,2416.964487351066,0.8085972229629912,0.7573859712218216
2592,1109,-4.595164601563178,4.595164601563178,4.579316236149793,True,1.3571450228090098,0.3568421960740293,0.8078368911760401,0.17936865074909525,45.0,8.0,3.966585212751017,3.75478842981554,17.92352253349169,7.7152200841790615,342.0640361910509,1944.6285258871362,0.8818968052226615,0.7781771415943125
2593,2252,-4.59480787544211,4.59480787544211,4.57881371411401,True,1.3817037008580315,0.3640693884753188,0.6658350920877146,0.13367729220668886,43.0,7.0,4.4441661653108895,1.1086161980273395,10.164522491832564,6.521823844507843,398.62205722888586,2126.510825000542,0.9231641291745302,0.9809853932509386
2594,2999,-4.612311011045109,4.612311011045109,4.5781702228777785,True,1.3631626125104535,0.3541795405618657,0.6964968521375452,0.17988537362507068,52.0,6.0,2.2332046743764287,2.0706206287021836,16.345366155728698,12.117306599582038,253.0757263302803,1667.3351522826595,0.7807481815347501,0.7201824666449361
2595,1237,-4.620028623094518,4.620028623094518,4.577562289093389,True,1.280025571030956,0.34538924348300726,0.6569705338103535,0.14640786242645792,37.0,11.0,1.0987500398257228,1.9395964177300842,19.119198714713708,8.398771623929445,286.3678313526617,1095.968095458761,0.9252689924962338,0.7325774670779542
2596,1095,-4.594602708658165,4.594602708658165,4.576038633129721,True,1.1709452675011605,0.3327587813374943,0.6868736344889805,0.10893371449783444,58.0,8.0,4.762855352940084,3.2966488147422233,16.425305431497915,7.197577193693272,392.4868002944895,1584.0456327474317,0.9077795252317915,0.8723183735138806
2597,805,-4.62198691953068,4.62198691953068,4.575517259018384,True,1.3626020949280977,0.36085425309308583,0.7672770013568841,0.270659384915685,54.0,8.0,2.889885025729065,3.899856490348131,20.19102768197151,10.996954880518237,246.37834026815005,2152.239713892131,0.8680690477981055,0.7040908676271038
2598,440,-4.581643703762054,4.581643703762054,4.575330496687029,True,1.354081126736805,0.36712812288638264,0.5836248141447274,0.16866533504089734,33.0,10.0,1.3675198943215667,3.463776291602536,23.892430229190012,10.394802140806576,269.2124714375659,2556.405392646614,0.8016683307743939,0.6785964949393587
2599,2947,-4.612364131652829,4.612364131652829,4.573730366394484,True,1.3742041890079755,0.3310131822192055,0.8955186898880161,0.15721945971726053,61.0,4.0,4.472263732195424,3.9526205417198645,17.224291886557978,9.13425912456048,382.79720062014997,1012.6156117597865,0.8061158573718576,0.6404411028763726
2600,1222,-4.575112286939941,4.575112286939941,4.57364560986209,True,1.4492484370176257,0.3168695045966104,0.8956505643630377,0.1685100229427314,8.0,1.0,4.634700296786313,2.9719600627916485,19.470937382676198,11.004106500859285,351.38999991817957,2246.3467072823864,0.7705064408381481,0.5991909813749028
2601,1784,-4.576466395064609,4.576466395064609,4.571533771538399,True,1.2256973505627455,0.30720555514977044,0.5743740067922234,0.16030362923306646,8.0,1.0,1.0860715121188265,1.5718410139222825,11.396746570244431,9.086449506054933,291.768745991271,2952.5898285210133,0.8596585115393012,0.686822191838078
2602,2403,-4.586811766945566,4.586811766945566,4.570546031621451,True,1.3090875770023713,0.39214301828981835,0.8373172984607425,0.244872778159242,89.0,22.0,1.070874029747836,3.236612892547993,15.81106679763531,11.753647890806224,364.47199252689626,2313.996487286849,0.9924306346694612,0.8833264168037445
2603,2650,-4.6012483695591255,4.6012483695591255,4.570327803576471,True,1.2525485520867112,0.342933166465337,0.6659581157632639,0.13240180902613924,34.0,7.0,2.452352043747219,1.451023012509935,21.291991201793728,16.032298346225776,214.52242446630504,1283.9746966511348,0.8534275069845045,0.6363383332402339
2604,1356,-4.567387331661624,4.567387331661624,4.565436933629743,True,1.4642444900408638,0.3324231315573269,0.7318176278924015,0.08848457823410365,30.0,9.0,2.380634560827426,2.665258568229149,20.457763638205062,10.500751321839681,309.077988889733,2351.4649734714603,0.6969508718185244,0.5988335178099063
2605,2786,-4.597374302727346,4.597374302727346,4.559893533243313,True,1.43906626247715,0.3532414822081447,0.7951730405911803,0.18387498843787217,74.0,1.0,2.495983878528261,2.134865207208841,16.867491376696833,13.157240962077099,220.7800008306368,1721.5716176128376,0.9321382557755058,0.5911258545751938
2606,1395,-4.596256523566028,4.596256523566028,4.557354130729988,True,1.5210139452966154,0.3974368625090525,0.848865730269931,0.23275464552896835,68.0,1.0,2.3535021667789633,2.1861747180543727,10.34766046319099,7.032106443694582,402.46197460219264,2628.3088740541193,0.8919836717430629,0.6162827376815062
2607,790,-4.560728965109096,4.560728965109096,4.556183582475544,True,1.2891844265098868,0.35010767420301203,0.7398132224241752,0.27330343592429596,34.0,8.0,3.7922964403405786,4.0004225037992,17.939689630360576,11.611140066891112,324.0296699360997,2191.171141334647,0.800969113237392,0.570757804634194
2608,2497,-4.604498662161023,4.604498662161023,4.554376487811052,True,1.406400594476461,0.29789775563037235,0.8938608374771435,0.23410806495185008,36.0,12.0,0.5209696306045757,4.4931221476313,21.00957723003779,11.14784218170237,358.0099015252522,1826.3285476568713,0.7391832902044494,0.6998354881739287
2609,2269,-4.63677347678878,4.63677347678878,4.553498967427704,True,1.4313099273739656,0.3887667932212919,0.804416733722526,0.17963762708171105,75.0,11.0,1.0099450696655445,2.092763499924319,14.426605238473655,10.066475341426282,384.3594478258167,2680.4768539050415,0.9813375436771952,0.6894806683021485
2610,1110,-4.552869709720042,4.552869709720042,4.552869709720042,True,1.4224376509129142,0.3151403265206627,0.8934097549735953,0.24331402321996276,99.0,18.0,3.0403832999931066,2.5876010660128017,19.820766390877605,13.0055475172131,265.11571183060755,1456.8604024403085,0.9312154009448228,0.600567997146173
2611,2541,-4.549807011803773,4.549807011803773,4.549807011803773,True,1.1820528114111917,0.3696205567087797,0.7535194737759586,0.1854994167114017,61.0,19.0,3.692143027818429,2.3690221901847597,12.630031941961855,8.944147179414433,462.9683501185504,1756.5018872071441,0.9594472141113208,0.766774904776215
2612,2122,-4.620812513175655,4.620812513175655,4.547911367142911,True,1.4586249201155708,0.30107545751844095,0.8370986827720058,0.09993092084985432,62.0,13.0,1.9257470180237402,1.4804776841219065,14.814912516333795,10.47094021541259,375.99200683182335,2600.570781720779,0.8242250895078553,0.561004512321982
2613,1136,-4.584182537994327,4.584182537994327,4.5422860622736145,True,1.365998081555343,0.3892986323751526,0.6718517648565746,0.18938706414143056,59.0,4.0,0.7431453401119983,3.1842839606168427,12.990180622902201,10.219650737091353,282.84754449056356,1875.813535391324,0.9088645513040278,0.5022988157574093
2614,1570,-4.558269907797766,4.558269907797766,4.538547437294368,True,1.1655590197048515,0.37929831792557966,0.5884849229277561,0.14802705484400439,43.0,6.0,4.736259699287345,3.3002361803590246,20.806510871104287,9.354869013340137,422.23396821424086,1137.238049850081,0.6630641476382645,0.8963724775239825
2615,446,-4.551004159311167,4.551004159311167,4.538235166592475,True,1.52166323271197,0.37276016034230447,0.8364234035431127,0.08717453208372805,24.0,8.0,2.0579013391397893,2.1664207523351884,17.872052966844787,7.178717744217297,302.2985800776165,2474.2450360920366,0.9777190309133275,0.8441084654942017
2616,1866,-4.560404058509514,4.560404058509514,4.536370704845268,True,1.4951963165957851,0.3288683641282276,0.6935009724099513,0.20024870732491662,35.0,6.0,4.849551749274394,3.2575404295347847,16.653460719901716,11.388231407900989,299.11843262388135,1229.6752971443793,0.9280439238402721,0.7792590774503926
2617,3069,-4.547974584744944,4.547974584744944,4.53613778073133,True,1.2832067488582772,0.38971645563985546,0.6810815063225603,0.19218637365514604,37.0,8.0,3.6118274002370017,3.8908611006249143,16.50243610728266,6.805538099296084,368.44560080546273,1012.5668645959129,0.9298531547557076,0.707898202863323
2618,2958,-4.5712220066841285,4.5712220066841285,4.536016579698773,True,1.2884339063755188,0.328474228826931,0.8363600532551303,0.1617670468733419,43.0,6.0,2.2332039818748335,3.3858364042547766,24.410908398397467,14.332229117600473,284.06419610645275,2316.157513503807,0.6890474686434276,0.5663036719287069
2619,2447,-4.551514305508025,4.551514305508025,4.533952353698771,True,1.2202518009345107,0.3428467478975654,0.7494263811036945,0.15915278950706124,67.0,8.0,4.331904674880207,4.08677094874316,18.93177656212292,11.896475695035017,376.5445332042873,1632.9351548944937,0.6292303286275179,0.6641967300653814
2620,507,-4.567041839296399,4.567041839296399,4.531770125837763,True,1.342916908408331,0.37991551005246027,0.6588515539322655,0.14216204502426985,49.0,4.0,1.4429622464221026,3.07270592215298,14.593162068635312,8.025925802600451,408.43922269556145,2576.4766123210466,0.8279412356602557,0.6416032176225135
2621,1315,-4.557496082377369,4.557496082377369,4.526619408473887,True,1.5055898230968336,0.38243115354282187,0.6604484338696144,0.2511415465061435,46.0,8.0,2.731205951302763,4.231750085094062,17.245336786539756,6.931037003051162,428.82842536081387,1283.308296147496,0.6941988018360126,0.6537915307640687
2622,891,-4.62500890327675,4.62500890327675,4.526012027803611,True,1.2902422693048048,0.3969764595235389,0.8803246215821071,0.26975380221359796,63.0,21.0,1.4682583541013967,3.7006337374535985,19.612279775146384,10.948751421487472,353.14436261915046,1736.7304528458578,0.8209784004505897,0.8340380283619745
2623,1577,-4.523169325547772,4.523169325547772,4.520067956404544,True,1.2443570434338629,0.3687775472958057,0.8570471922673373,0.1507185298173029,36.0,4.0,2.2507575329927643,2.24292016423672,22.41085305831163,14.212903283949732,235.6410892054338,1615.6019630867493,0.8947441912578661,0.6938209199303984
2624,166,-4.52084504195267,4.52084504195267,4.518487123020117,True,1.0027056058984982,0.3927251556455097,0.711178732483544,0.2726082817449123,67.0,13.0,4.952155063871587,4.185273775998425,14.269535889188443,9.798848854360909,397.3717137577908,1655.4348328679073,0.9861729488982498,0.9763608986051253
2625,645,-4.549941315762728,4.549941315762728,4.5184742778529055,True,1.4076187979765238,0.3638758285393359,0.8644339573903546,0.22271267476321235,81.0,20.0,1.5099285479663147,3.442257564220705,17.36989818047732,7.308395953534402,429.71000078992955,2108.064241140858,0.867795229633634,0.9261225377493454
2626,1203,-4.536046838350511,4.536046838350511,4.515526982311228,True,1.5189033266165926,0.2548436404350801,0.8783943622068588,0.1342963390820804,91.0,6.0,4.682779592502644,2.2530991646650755,18.842511639589286,13.426972347983826,308.1084750383773,2360.5875831618328,0.8121672777331892,0.7418403333283036
2627,1837,-4.527747574538,4.527747574538,4.512699851106005,True,1.4962270741063242,0.28943623591293033,0.7220109486827421,0.1430862271682941,42.0,3.0,4.1173215188398045,2.7509125561559133,18.979475894314476,12.848202949083031,274.46399331752576,2653.5629712242994,0.8327126818002997,0.6650786073706307
2628,1283,-4.509589976656153,4.509589976656153,4.508752991367814,True,1.5105104410017298,0.38554997200726937,0.8343521181129808,0.25890502808166654,19.0,5.0,0.5469888416502848,1.6111326053042103,14.24783691919724,7.2002112836424415,441.8062156437667,1720.9096564516615,0.7785149914802784,0.6491241186219409
2629,2383,-4.519416881020256,4.519416881020256,4.507013441694111,True,1.499057547683301,0.3991357192925362,0.8942306499340884,0.20145490976840386,78.0,18.0,1.7041439403633136,2.905126147317366,18.925077199133135,13.065587943533586,296.3590055815073,2599.8784313732567,0.7615580101582834,0.8496116803307971
2630,2733,-4.536144072365728,4.536144072365728,4.50552467568112,True,1.1939880544228694,0.3366576207339499,0.8145958373099323,0.2296801963178189,45.0,3.0,2.751167014253361,3.5895910681010874,23.67793024322747,17.1917704540109,238.68372775022448,1212.027477610644,0.9240539428365336,0.6772770220413804
2631,843,-4.55555595038981,4.55555595038981,4.505259443284302,True,1.4429134005346753,0.3580700706787514,0.7110449484726175,0.2231079861417196,78.0,15.0,2.1429989945643158,3.3683838249221116,19.50934607261582,10.36773455694243,289.9719393182559,2206.5314985007913,0.7993204887412593,0.6157588071276152
2632,2466,-4.504184399903768,4.504184399903768,4.501908726026311,True,1.4473875134888419,0.33649582104760806,0.6171640913387498,0.1820986398226715,37.0,3.0,4.692055718732679,4.077348085950571,18.13754549396571,13.446226680817514,299.0339575463556,1290.7247527010709,0.9542265617206249,0.7303168240808435
2633,2097,-4.516896641593088,4.516896641593088,4.500869307781254,True,1.3633755869249402,0.3433956497089167,0.8202480677609394,0.11851734855791467,33.0,5.0,4.270318904261281,4.301617296923653,23.986122743226588,10.085789727297453,470.4330717230538,1169.6119824007592,0.5919150986775783,0.5359840676463248
2634,510,-4.526206712058423,4.526206712058423,4.498869827609621,True,1.4909621372610542,0.31639068452766234,0.8208207387200163,0.1262197873238488,39.0,7.0,1.5871342267014166,3.4229849581651015,14.471831683736063,9.37949631666263,346.26257796090835,1572.1423844776477,0.7085891334143117,0.5629487390891392
2635,2610,-4.505770431480586,4.505770431480586,4.497165590536349,True,1.4217730509036262,0.3980077215618404,0.8440395449786479,0.18102963832463495,32.0,4.0,4.911582353203514,3.416142633899476,11.644478980712782,8.719372166328142,482.61086241904246,1189.002483547666,0.8534981894363157,0.749303004008796
2636,2614,-4.491464859477425,4.491464859477425,4.487393340729671,True,1.403607063743467,0.2546617466093625,0.7706124630665281,0.11780340670698812,10.0,1.0,2.1778055996072343,3.616560700628305,18.106426156400936,8.453028123303346,319.6658314318716,2005.9534505334966,0.8403385463700377,0.7439549496891846
2637,2848,-4.486139089520815,4.486139089520815,4.48470453323134,True,0.9815830568466336,0.35027681254708803,0.7825207786601952,0.21428498606422694,12.0,1.0,4.596886190270909,1.0199460677565115,17.7015483379364,10.767180956288048,300.02479018659204,1550.776840121744,0.8498398893552424,0.6848554776349961
2638,2478,-4.486325197772272,4.486325197772272,4.481001197991488,True,1.515621848814734,0.30268886507382486,0.8991171805833365,0.18772568971265832,36.0,2.0,1.1927834525098915,2.781747920029774,13.29549393693798,8.616987247251156,419.22400423086054,1956.1444025193287,0.9050459865735339,0.503457986985345
2639,2189,-4.479419574686603,4.479419574686603,4.477996537351233,True,0.9944514813730527,0.36217424091668404,0.6856360596138072,0.15752976678032815,54.0,3.0,3.9287690287455916,2.185099099644348,16.327013584077825,11.926383136347939,289.75031412820994,1393.651545688653,0.9412010632863483,0.9804629902355373
2640,129,-4.487573520167659,4.487573520167659,4.471156234195821,True,1.453425559608341,0.3643119832062413,0.6590996734809507,0.17110750032899824,50.0,2.0,2.274163166463469,3.829590991923226,23.625160150298214,11.18484898423959,228.8349503564049,1724.6046902598332,0.8990146783117248,0.8021439110571654
2641,2989,-4.473860878677134,4.473860878677134,4.462433500517275,True,1.3049139085637897,0.37639478410514127,0.7099732231889364,0.22870532052337483,34.0,4.0,1.3584444288339448,2.9166052732188263,12.45827549409811,5.2052266107003895,453.10682460892355,2009.255106959289,0.976301544219057,0.6855945298929813
2642,1422,-4.461509674855401,4.461509674855401,4.461241590695922,True,1.3892463245692603,0.33102748919980984,0.6337505341795963,0.27903513516689765,17.0,4.0,2.1261189710348845,1.9739232430638562,13.187272507187977,5.955902439980196,451.69245756832964,1271.812565624714,0.781859915999046,0.6121957441207015
2643,303,-4.521281779421814,4.521281779421814,4.460020776048189,True,1.3903169940829738,0.29005638679712215,0.5728450556191527,0.15727499646693618,57.0,13.0,1.540224385676526,3.312752224879881,20.393951956059972,10.522795546023485,307.15758543195443,1795.6980766690517,0.8801337719480444,0.8700445059062301
2644,2439,-4.4599975479663305,4.4599975479663305,4.457039233020957,True,1.2946711928512689,0.3290897959656029,0.8686800717034775,0.12479852973876035,18.0,2.0,3.3574265605154303,1.723066687957552,11.382344023232623,8.829499125770731,413.7915069350567,2407.195695066513,0.9387755721228698,0.8199354008210533
2645,312,-4.4744936515020495,4.4744936515020495,4.454459472099536,True,1.3992006145445013,0.34302676380850705,0.7435769495391398,0.2770106712621914,29.0,5.0,4.837680159426121,2.1201026630587876,10.326095651835203,6.025384791888162,389.4403424440558,1968.599567364227,0.9755044641375501,0.5909916595555842
2646,1218,-4.459668540827041,4.459668540827041,4.453391088109039,True,1.3619859509970969,0.3889466952790524,0.8171271144554139,0.20687405532381473,12.0,2.0,1.3234935700902395,3.438966792503116,12.734062809586472,5.449183904592177,480.46260195935463,1812.7657791061883,0.84337311129185,0.5096342586374105
2647,1541,-4.45925085465134,4.45925085465134,4.451357504010345,True,0.9563866374391053,0.35424994057450554,0.8559301545021295,0.12688827996918794,44.0,8.0,2.0303381464439556,2.3831217469061596,12.541613791556195,9.839815028713742,389.8442747480276,1450.1951591103516,0.9578674258165065,0.5525986608078084
2648,1524,-4.457647162057713,4.457647162057713,4.444635157543113,True,1.0945186827853322,0.3456010963903281,0.7608919767351107,0.2854672411499781,39.0,10.0,0.6173173449327001,2.709135172881236,20.40988232296577,14.999980956835353,379.3047526341427,1114.9580035815156,0.7322499161293872,0.8399075112912537
2649,1425,-4.459371006553047,4.459371006553047,4.442092914572006,True,1.3087125736145269,0.3485144616864255,0.7012168745861371,0.23035764729599398,16.0,5.0,0.8398813929199607,3.1083928730909953,12.173748937431139,5.334829052663343,462.6274402504629,1389.9408461978742,0.8465374447711489,0.7373335414769416
2650,2513,-4.457090096445594,4.457090096445594,4.441671282622815,True,1.3857787849039591,0.36393429391566845,0.7900340944230364,0.21134453366351208,25.0,3.0,0.9378669442571259,1.6044494003281213,18.235817006681742,14.078217405946699,212.42408780858943,1330.9189859120447,0.8386389430561664,0.5896332102104186
2651,2082,-4.436975170966556,4.436975170966556,4.43418152175576,True,1.28962533938655,0.35365426175905956,0.5563767170418699,0.10080482765444569,34.0,2.0,0.9377812354972888,3.268605650278559,18.442594587641658,11.286300200663964,488.05282500265423,2431.15812122071,0.5065537465202734,0.9517160578631492
2652,2220,-4.489212696368762,4.489212696368762,4.43157192404712,True,1.4298661479169765,0.3816459196178955,0.815161028684188,0.16349235069231863,78.0,11.0,1.7314873818225305,3.12267646035702,17.174903105261,10.665719118625681,355.63215533835074,2673.686300708239,0.7693821514589526,0.8871170771256228
2653,2307,-4.434178040365368,4.434178040365368,4.4276053039498535,True,1.3929733934088913,0.3146605298746761,0.7931430734577447,0.08457633568676386,34.0,1.0,1.6249973101749662,2.4780643996703633,12.207591389022014,8.9147451112979,337.0105894535097,2036.6238320899786,0.9637281858672392,0.6974944776299208
2654,837,-4.479928888449475,4.479928888449475,4.406365993172951,True,1.4270081307743159,0.3764622474266948,0.8248445846674621,0.27716836497771,78.0,17.0,0.9341460018276233,3.552751611094985,20.986277435884407,11.071121443826302,345.39628145242216,1014.1346186018048,0.8231513777782195,0.9296791756778715
2655,971,-4.445233550673452,4.445233550673452,4.397854653508746,True,1.2310236218835988,0.3634284349303086,0.7758019880900586,0.09947923185623281,66.0,8.0,3.8548785366676337,1.628204932736634,18.770843600044707,12.798179361960313,306.8633412180365,2382.450318966387,0.7685384381272807,0.650756231727935
2656,2680,-4.39846646987161,4.39846646987161,4.3972360270046655,True,1.2926779511847142,0.36247668510923764,0.7935266369983156,0.15322779004056739,78.0,14.0,0.8004080993426765,2.6664011232747415,21.282138521784812,14.986843484544004,274.4547577830487,2415.8889526338567,0.8451399180531847,0.5889095797934188
2657,2744,-4.402104460767942,4.402104460767942,4.394340065856952,True,1.357272038698464,0.3229052842904824,0.8371042513777454,0.15239100914312115,26.0,2.0,1.3904612705020516,3.053211330788469,23.354793946637535,10.321381514436785,275.09644473598803,1558.419704431919,0.7285924753528165,0.5105894344078391
2658,1297,-4.455332149179963,4.455332149179963,4.389050722883161,True,1.412437151783112,0.36109148335243835,0.5022513430280036,0.29643145536054116,53.0,17.0,2.581417483377321,2.585527750271797,12.291995865707275,5.428171248870639,459.84890356894095,1489.490392223304,0.9133511495658608,0.5573952222183751
2659,596,-4.383253897516466,4.383253897516466,4.383253897516466,True,1.5155687374372564,0.37487000666551157,0.8463327447964519,0.2566383957429881,104.0,27.0,1.7809085138678697,1.32091353068886,10.825352839181573,7.493649031360197,409.8210215719598,1663.74704230977,0.9064136392475668,0.7516600349334366
2660,1772,-4.39467525451586,4.39467525451586,4.372951463903801,True,1.0291554108949366,0.32455107033690167,0.5360179930903992,0.19195633246093632,35.0,2.0,3.540195036798681,2.3265034433223897,11.099641165849908,7.8870898058978804,466.2457411861313,2693.2023120440213,0.9879632493896459,0.7974705821851833
2661,1219,-4.369692015155795,4.369692015155795,4.369692015155795,True,1.2343509930040744,0.3906890744059893,0.8344019929055012,0.1837642052414363,97.0,27.0,1.5927694920849873,1.7333812221713525,15.523291396115383,8.210978900402328,316.90181026731267,1119.3018658565943,0.8865622680378971,0.7442072724914398
2662,854,-4.380143281731708,4.380143281731708,4.365557325147605,True,1.2425311788619977,0.2959608286165494,0.6913227408297951,0.26738300005368315,23.0,1.0,0.5453119429668032,3.6697207731910355,18.44769774034958,10.334689148847595,347.25293756442557,2992.193881323372,0.8033904466803605,0.8640686882049757
2663,2867,-4.36251906474268,4.36251906474268,4.36251906474268,True,1.468757667284383,0.39921857075472483,0.7438477277295883,0.18461551067706636,72.0,20.0,1.6399790220423835,4.0657023444586295,17.593885998850297,8.615248247263471,464.00133136910983,2138.756385732546,0.8622715334114751,0.5088049428683156
2664,1745,-4.360391390242136,4.360391390242136,4.360391390242136,True,1.5194469438478044,0.392194252363117,0.852900365967904,0.17662920434109292,94.0,26.0,2.6679966884777016,1.5062802209113784,17.012031461284977,13.110725209170868,304.3577505687883,1619.5195527055748,0.573323442595945,0.5274702529174913
2665,2387,-4.364820087439565,4.364820087439565,4.359828644483357,True,1.4822170558793757,0.391103177731104,0.8226332416360186,0.1726636218984861,86.0,15.0,1.0834544400927226,2.219057715983757,12.041303371492258,9.59110502643278,434.8538161315134,1799.2634543935633,0.6145171157682131,0.9046689539715911
2666,1720,-4.359612195433091,4.359612195433091,4.359612195433091,True,1.0721238981454402,0.38826463901616914,0.8732576138695265,0.1205070064930423,103.0,21.0,3.2781863399669025,1.1848025667575186,12.085995790458366,8.136123243774524,486.44502067693077,2595.048618218296,0.6827900940973108,0.6011678338843418
2667,1034,-4.3594877151060745,4.3594877151060745,4.359406870240757,True,1.4964916816706835,0.384142500130342,0.8797055511489686,0.2778353627983171,96.0,13.0,1.85374239223269,2.880680572388343,17.783590939192344,7.412614289884138,381.2945290351852,1932.7030744311387,0.865318285549889,0.9465120959978383
2668,2120,-4.370062878746239,4.370062878746239,4.359020544628987,True,1.5178761344578764,0.37292469880793316,0.8829949476011656,0.25084379303948495,93.0,19.0,0.9969914348606288,2.2217375909477965,14.481957332252003,10.104504871731116,404.3593770550012,1299.796981883318,0.8827339013193306,0.872199045644017
2669,2308,-4.3557629910647435,4.3557629910647435,4.3557629910647435,True,1.4579326969510868,0.38175346422682044,0.8634542857273124,0.15968054489244396,101.0,21.0,3.389182304829757,2.2929454197983414,10.83774235754294,6.41002975271331,352.8647471830799,2048.96791591591,0.947823772536333,0.8960243470185905
2670,1895,-4.3536280885502805,4.3536280885502805,4.3536280885502805,True,1.4512616641781557,0.38858870691669994,0.82824625491807,0.18730095013333514,98.0,22.0,3.0223818983736175,2.850373919270443,15.227188353081802,9.197443118517292,296.4090870641393,2171.1554602141805,0.862860491208872,0.7078666441475967
2671,2796,-4.385869836214626,4.385869836214626,4.350343819086211,True,1.3358058850722847,0.38523769564926624,0.7847396363975329,0.19433981687925184,72.0,15.0,1.25847553529371,3.0934833069635346,17.56690663976522,13.62503820206279,334.82911137300664,2882.177293382518,0.834752671689629,0.8173763111546912
2672,1460,-4.3498386492907555,4.3498386492907555,4.3498386492907555,True,1.192842409966138,0.33423078191052596,0.8007410315978633,0.285181964095241,96.0,22.0,2.3976926089617745,2.15124139381684,14.190015610524119,8.23671496335372,402.46867836578804,1042.3175043378951,0.8001330820591617,0.7319199171270973
2673,2512,-4.3498386492907555,4.3498386492907555,4.3498386492907555,True,1.2923829593233294,0.39094197631089744,0.8686379810739704,0.10442107662485943,96.0,22.0,3.7630582664732906,1.3452813128081054,11.716115158051252,7.17889494919845,389.850952521325,1929.4054258721424,0.9439553837137016,0.9719514714547988
2674,792,-4.414002256743488,4.414002256743488,4.346544324047286,True,1.4650754479763277,0.3477959466172541,0.8263573516710164,0.1637749108167194,51.0,14.0,1.0664107104607516,2.8120336217843906,17.743179123820273,7.2722303165930935,421.2925848174647,2291.7611706794496,0.8578089574898003,0.8960275933975675
2675,1475,-4.343070742543965,4.343070742543965,4.343070742543965,True,1.2313537674164419,0.37641834330543933,0.8177443453004518,0.12938498154090416,100.0,18.0,1.8771165848707025,1.345538643178611,15.374197667664955,6.615914761055642,354.29944803981385,1340.8144974577558,0.8862017443234966,0.6874155293927577
2676,2589,-4.393952873419712,4.393952873419712,4.341181391344682,True,1.4355319487071756,0.3446170129380062,0.6039787966637591,0.18862182200138092,69.0,20.0,4.41193686865023,3.940339165044394,13.908940244745517,6.940547038984102,412.12463884764713,1387.6934957619687,0.9036305995330104,0.7084874447777967
2677,1056,-4.337592189283102,4.337592189283102,4.337592189283102,True,1.3931919698933404,0.38419508464851126,0.846125694158138,0.18785699846232204,99.0,17.0,2.77052765369561,1.916822986620169,11.902515349047913,6.773432912739343,403.7956197657026,2673.039789101923,0.7870903717640183,0.8486703803970712
2678,1804,-4.337080502634312,4.337080502634312,4.337080502634313,True,1.3270534887754029,0.3921101618340175,0.8799672472851716,0.18330285136905575,93.0,20.0,4.7848348919281145,4.333555947487419,14.159087840922117,11.074173424480817,386.36125352955736,1049.9343159686975,0.6612979842180398,0.6895195932622742
2679,3031,-4.335898470226828,4.335898470226828,4.335898470226828,True,1.4726537474696826,0.38995032941871915,0.8908224903477309,0.1510534203221062,100.0,16.0,2.6070721393607825,3.3170496360163813,10.278525192941029,6.9082465719772195,442.1098957555924,1283.8616225839671,0.8846705259093333,0.6997400697628195
2680,1078,-4.331453591769659,4.331453591769659,4.331453591769659,True,1.3676021450136535,0.38179155380702756,0.836933723893867,0.14964815326385386,88.0,21.0,3.665519316161253,1.5771630172753675,11.140610460003892,7.722257435855763,340.4482380299992,1329.7401111709055,0.8900349238589027,0.7187787104777691
2681,581,-4.32839755213866,4.32839755213866,4.328397552138659,True,1.4405553309015973,0.3889482289485473,0.858912099920577,0.17608132864998385,96.0,16.0,1.711752521676946,3.096945782368777,11.467285470923281,6.555927971813554,380.1913842967713,2857.830787023015,0.9278623869031432,0.5169398142573065
2682,1330,-4.328122417588713,4.328122417588713,4.328122417588713,True,1.1885946193617192,0.391589592010289,0.8175910603877002,0.17385604795378068,92.0,18.0,3.440269232130085,1.8356347044777408,17.910265216614963,8.418983556662294,306.62266051849974,1301.689455367676,0.8288110552767561,0.796731779766771
2683,1768,-4.343954841710718,4.343954841710718,4.326544555636755,True,1.1916220349197302,0.3614370621825696,0.7778138483579944,0.13505363430827855,64.0,17.0,0.7611958140021404,1.6046829127270783,10.343955973758383,7.047826312042603,408.18691960683276,1095.730163217917,0.8691877495352174,0.9682297420182104
2684,1419,-4.3265421802453625,4.3265421802453625,4.3265421802453625,True,1.3984957488670429,0.3898465859656723,0.8093824905570522,0.2531552534213765,95.0,16.0,3.073717585014096,2.945452404275538,12.166434364521892,7.1243243729855195,314.0441110587674,1781.3119830098358,0.9726724376082921,0.7792416980728082
2685,2616,-4.3262911738267515,4.3262911738267515,4.3262911738267515,True,1.3435801603184099,0.3602992785921559,0.8768521974436756,0.08559404989710731,91.0,18.0,2.3827166633350267,3.144364906520429,10.541038397861131,8.27882092705466,348.3112919144511,1819.3517191835103,0.9915304340697899,0.9762247915045705
2686,1558,-4.3251233732584,4.3251233732584,4.3251233732584,True,1.3423801666945239,0.3915049129197139,0.709235589100655,0.21944806654049756,81.0,24.0,2.661443207150954,1.5017314763644247,14.208704335912417,9.153113291797142,368.49933187831726,2872.302178026432,0.96869287242431,0.6919107959560984
2687,2108,-4.319207131762004,4.319207131762004,4.319207131762004,True,0.9979595262822861,0.35271017849358344,0.7817693861385747,0.10712328612012613,91.0,16.0,4.938457261934953,1.1906042291394576,19.059615120816485,15.081828751818675,251.42526078605638,1018.0151993304169,0.7491077751557744,0.9413322199021545
2688,59,-4.3189931288339665,4.3189931288339665,4.3189931288339665,True,1.4685518913732998,0.3891393663667804,0.7879225807676721,0.12888213181814206,83.0,20.0,3.2960522090452673,2.1991349490510643,11.627406025486202,8.050056519764327,321.2895931011001,2149.799531165249,0.946301755997454,0.9126795036910249
2689,1660,-4.318992084113844,4.318992084113844,4.318992084113844,True,1.403284387564303,0.3704385368969526,0.7189695541286016,0.21865238369455833,81.0,21.0,2.253361721804816,2.106613313193728,14.315923719726916,8.587000973686017,259.58644926409835,1496.6603044857402,0.9845362445194894,0.8489993180344184
2690,905,-4.320257121002357,4.320257121002357,4.3165264814018816,True,1.279185540318489,0.22743488602340223,0.5351536480709911,0.10410379782319068,31.0,3.0,2.4452170776203275,2.6909911478869617,11.58539752010256,8.41359334485282,377.84464294090867,2142.72303879261,0.9803057014942169,0.6357576339505613
2691,1557,-4.3155046231331475,4.3155046231331475,4.3155046231331475,True,1.295019172013473,0.38772060334644387,0.8466783227741957,0.15550438709159956,85.0,18.0,3.3652148511357036,2.0438228289709426,13.80373269210939,10.40112840336802,345.5218396221376,2537.9105379694415,0.7585635572913287,0.7072007745761324
2692,1041,-4.3138039406696125,4.3138039406696125,4.3138039406696125,True,1.3582518387778943,0.38207585667815547,0.8142353986163222,0.24791684132693143,88.0,16.0,2.2413363874376127,1.4973916923770374,13.024815050516155,6.491099974455731,393.9790743910937,2017.1244748453864,0.8098662937011786,0.757498241056907
2693,1343,-4.3138039406696125,4.3138039406696125,4.3138039406696125,True,1.4262005842835859,0.38711485286352687,0.8045614548455035,0.22730791833546035,88.0,16.0,2.752564492101465,3.359881350470389,11.713216617014323,8.367432113848905,337.3631928798537,1713.1174951653945,0.8305603156449506,0.7704761237060586
2694,2280,-4.313061095080948,4.313061095080948,4.313061095080948,True,1.451310972197709,0.3957992929662347,0.8849419626602435,0.17406948064899774,103.0,15.0,4.624346393825711,2.794307545362755,22.482416625296114,14.138646829350028,286.8140415076854,1387.825491104477,0.8411740804106699,0.6446050716737814
2695,560,-4.312136661017258,4.312136661017258,4.312136661017258,True,1.3917010997677757,0.3504106439995674,0.8285682515293357,0.29647243222128206,91.0,14.0,1.8535038589822284,2.3840588352407597,11.458685380147282,8.821149167398122,377.7221663428326,2007.3298351833696,0.8051552769120269,0.6678773160195284
2696,1653,-4.308510362419462,4.308510362419462,4.308510362419462,True,1.440938914909896,0.36927217787608935,0.8653245217541963,0.18476510350805003,87.0,15.0,1.391970449995931,1.528093159276507,10.486472278098166,5.854122116835213,374.3273163169365,2057.745667661259,0.9971378200064245,0.7997388779635928
2697,1587,-4.3067674448271465,4.3067674448271465,4.3067674448271465,True,1.495664372011477,0.35455602201468556,0.856559630054134,0.12179530556203079,82.0,17.0,2.297297664959705,2.0278307336918777,11.09501725265902,7.7285477932352205,342.91397641968666,1690.23863465772,0.9564099078447024,0.9085130392023779
2698,2032,-4.330714952520201,4.330714952520201,4.303301677969743,True,1.5022297101479136,0.3738347311030532,0.8178305834604046,0.2893564411872147,73.0,10.0,0.8172678806090652,2.806945549668864,15.405745073402452,8.926363166249926,431.98733601154595,1515.456496739961,0.9569873271076257,0.7750442106186674
2699,2667,-4.301557480661958,4.301557480661958,4.301557480661958,True,1.0926526740533922,0.3447662272870633,0.8268185574936007,0.23471709660449622,91.0,11.0,2.512247805038441,1.3182923739589598,12.919175314635732,9.26691594683269,306.20719605461306,1211.2767365192626,0.840758784675451,0.5781658994608825
2700,216,-4.382118341268226,4.382118341268226,4.299481379927478,True,1.3900868330776033,0.37050200094063257,0.5521031147437478,0.13257575921903889,60.0,19.0,2.4395962188892675,2.8312646604630953,15.092392426294138,6.0928212803921795,475.56276805760444,1395.4869256351526,0.9470597141637942,0.8527441439914346
2701,2054,-4.298300993729045,4.298300993729045,4.298300993729045,True,1.5009207374216225,0.35243776509350344,0.8505392742185213,0.29031539453019917,77.0,17.0,0.7101719016289132,3.089111707604746,11.402630988009683,7.7878006356440235,457.5351413422187,1859.0061993588101,0.6209943103832174,0.5434419750839954
2702,1409,-4.297002830549719,4.297002830549719,4.297002830549719,True,1.241109374223658,0.3710349822060425,0.8134143878837429,0.23561840856159721,72.0,19.0,3.4061905650817046,1.9873987707476446,13.349535433599378,6.958818817364434,432.27835753739043,1058.1302181077313,0.7697635758035294,0.8646565594699953
2703,1155,-4.296333816087986,4.296333816087986,4.296333816087986,True,1.5026510705305234,0.3713317097389264,0.7700128480355939,0.1524472559866247,82.0,14.0,0.74711241652256,2.5866322754027937,11.254940905910223,5.174830800980454,416.8371564827606,1293.337307982776,0.9542231653240086,0.6447891411787632
2704,1561,-4.294726828191562,4.294726828191562,4.294726828191561,True,1.0821690119206906,0.34331685315817595,0.8378604920363827,0.10291579676792026,92.0,13.0,4.1283471724018455,1.085956692797662,20.75150888413191,13.445235808391702,239.33860707554138,1103.7196554243565,0.715254214693104,0.8745995703798887
2705,2782,-4.292954449953419,4.292954449953419,4.292954449953419,True,1.4579584986946206,0.3728679795645168,0.6899129067201324,0.18987119316230602,80.0,14.0,1.4150566800374218,2.771586979139769,12.00877556590396,7.3478292967420975,337.4081013643977,1259.7797242613997,0.8845935732459859,0.6729829219285735
2706,2801,-4.291843101950461,4.291843101950461,4.291843101950461,True,1.5200476271176429,0.39796040825663537,0.8744381233648336,0.24092184201857217,82.0,22.0,1.1875102526570809,3.6336445523238505,13.357507448712518,8.520232657529945,276.6074247841223,1763.9114595105564,0.9472902391289074,0.7976841238469796
2707,1798,-4.288169134511195,4.288169134511195,4.288169134511195,True,1.2538391255269163,0.3811229074871657,0.7487141142583404,0.1483187720634639,75.0,15.0,2.0029773672115576,1.9583998511978973,13.434945044813242,9.42025004739032,245.1797102744897,1448.4850008334229,0.96498261920456,0.7142004109640054
2708,2905,-4.282948744899554,4.282948744899554,4.282948744899555,True,1.0409361020576708,0.3895396040443163,0.7801921155042297,0.2662910090971697,76.0,13.0,2.119588705222058,2.3731624162755907,10.4717920362427,6.658918880052009,445.465463613058,1186.8369749774101,0.895258360324503,0.9322470214741809
2709,2176,-4.28248792177471,4.28248792177471,4.28248792177471,True,1.3618187675485083,0.3493125950926545,0.8931321186792165,0.16770980786202155,82.0,10.0,3.6897178357648897,1.351814299795597,10.957490905872096,8.620971441787336,352.7260908188018,2789.2841063439846,0.8689293123595603,0.7525003934876288
2710,1102,-4.281861341562834,4.281861341562834,4.281861341562834,True,1.216310751298302,0.3860825640353509,0.6667363065412373,0.24342143027746294,71.0,15.0,1.487317473422407,1.3443362280314193,12.85431502330695,5.886272617206062,435.3206326716843,1631.564224613185,0.8463039899252833,0.6230562558826648
2711,2315,-4.279587201569977,4.279587201569977,4.279587201569977,True,1.3251833028910867,0.3871241410572458,0.8346544450625153,0.08720486144623601,65.0,17.0,3.45431092140388,1.5600612852065188,12.446136128733816,8.865602830747862,295.5119801917437,1693.807824285548,0.9534492856570767,0.9522691801869889
2712,585,-4.278378743092865,4.278378743092865,4.278378743092865,True,1.4596906004728776,0.3734368529671803,0.8863608004881923,0.1756051434789165,82.0,15.0,1.5386114313812662,4.1113854725244465,10.708127289372637,6.408891194310495,414.88466155035815,2168.699455888358,0.8603021141560065,0.7692096671369559
2713,1236,-4.276376545286234,4.276376545286234,4.276376545286234,True,1.395606855570802,0.3909673906869642,0.7456693423820162,0.19260353824578277,74.0,12.0,4.188957913481566,2.678026766515311,11.056764828483185,7.308203027957509,385.994643542783,2431.4765085479357,0.8554603285809891,0.8332509483483086
2714,1112,-4.274554013989367,4.274554013989367,4.274554013989367,True,1.241693210902444,0.3880456037844898,0.7795611261962602,0.2353625887937082,75.0,11.0,4.340621620529161,2.394747206008457,10.689741503447294,6.391515705234683,424.3898570054439,1494.6096685223454,0.8352024840269435,0.8054071128415673
2715,2144,-4.273659331296899,4.273659331296899,4.273659331296899,True,1.2363501733982118,0.39420066222908023,0.8512847744556884,0.16909524661418326,73.0,22.0,3.8609845878282103,2.6764053225708047,11.386646539796658,8.13204807182569,477.0475098864625,2355.8867248714555,0.7000229643536586,0.7864502175702466
2716,2641,-4.2814905118750435,4.2814905118750435,4.2728719381589375,True,1.2319836329325284,0.32731010174381103,0.710761927659351,0.2498262945506487,25.0,1.0,4.275025625908638,4.22894490091176,12.887909914418643,9.979529057339859,383.89349493318593,1672.5424833366017,0.7115725367330015,0.7493577971776131
2717,2911,-4.322219038241429,4.322219038241429,4.271706987027699,True,1.3803642407808219,0.38035677416297015,0.8310683744941938,0.15264130467195985,50.0,11.0,0.5371392064749534,3.397439290267452,21.21266602832951,16.624399839974444,308.83323752459194,1694.7211597219602,0.7739045221274711,0.7119252296718619
2718,2249,-4.268795791068449,4.268795791068449,4.268795791068449,True,1.502813227478464,0.38673827438106184,0.8543289536407993,0.22700367327630128,69.0,12.0,1.8379234545188987,4.470612849860341,13.747116651109655,9.104642966049493,277.970970810705,2265.440833331789,0.8607170536648285,0.6238292853466432
2719,2384,-4.2665696898186845,4.2665696898186845,4.2665696898186845,True,1.3610683025717056,0.34912684576414516,0.8198870742693545,0.21092825248795577,72.0,10.0,4.98341759480536,1.7950761523097754,10.343260811641812,7.470172501657801,368.92301458597285,1027.3619038558918,0.873456032861981,0.8171239770017564
2720,60,-4.2565493310607945,4.2565493310607945,4.2565493310607945,True,1.4721746978390744,0.3236991154743158,0.7957948471392253,0.1821068224015891,72.0,7.0,1.1481952133646003,1.5917777999237548,10.596274509113346,8.06049233058861,299.4103845801068,2211.0275999255223,0.9784627435164356,0.8322321137372447
2721,886,-4.264378933978316,4.264378933978316,4.23809029972317,True,1.50559054281706,0.37902952071127755,0.8736713304791366,0.29006804930586105,84.0,16.0,1.7778173844439311,3.42465568782108,13.846961069840814,9.374395314970632,436.3052660733316,2409.200728377473,0.9046388809124,0.96587874526407
2722,1459,-4.2819354920044255,4.2819354920044255,4.218137593071637,True,1.4416474905053485,0.3951869912780124,0.8506018680576748,0.24762430711243394,48.0,13.0,1.032901925040523,3.8838331874802687,17.481495011848526,8.211026003013856,422.4122788952767,1588.4553277306115,0.7828706133069897,0.9831049858493216
2723,2724,-4.248394811250177,4.248394811250177,4.216195984080236,True,1.5094418763288409,0.3661831205112694,0.7760914940049756,0.1252167942009635,69.0,14.0,4.4246863160257295,3.262724668499874,15.100392633391383,9.79715647395243,449.03205188439716,1277.1075389589091,0.9437711607112864,0.6421174517845636
2724,1781,-4.213102403736991,4.213102403736991,4.213102403736991,True,0.9567375914997847,0.3646604587906269,0.8468279885812731,0.2509303950718371,74.0,14.0,3.7666194560109396,2.095697030007854,10.873089535509854,8.382179714321744,459.4846327654905,2026.2797658838126,0.8161597111386696,0.8145632572377519
2725,1049,-4.211945661903395,4.211945661903395,4.211945661903395,True,1.2141165591289294,0.3631916179155918,0.8648930516121301,0.18613570973955976,80.0,20.0,3.4913870487629812,2.5883462178452836,12.621483481489122,6.608454791583091,371.4589608390092,1783.5860865465927,0.9567370133516381,0.951794565448317
2726,2013,-4.2103032090708705,4.2103032090708705,4.2103032090708705,True,1.2913142607799366,0.385847158416991,0.8283670149491053,0.1902165362700007,80.0,21.0,2.0435497585303057,3.55441181845785,15.321519553192044,11.272687481031431,265.14590624714947,1372.7139459637292,0.8372969213651857,0.6566049361538776
2727,977,-4.239852254006339,4.239852254006339,4.208268022200445,True,1.4735254088779257,0.39307259980391906,0.8448633012867067,0.2425812110177233,100.0,9.0,1.5454086234279278,3.413496759417299,17.88779944998385,11.905167604235837,363.7167730084932,1880.5934400237327,0.7908663814016488,0.7986050359246657
2728,894,-4.244103338822622,4.244103338822622,4.206818563644884,True,1.2153427147437534,0.34576833492835757,0.6135351365466872,0.2747335664643278,40.0,10.0,0.5745148107132372,3.44942934717983,24.293287478803506,14.552616528756928,275.35360902547836,1614.2806493562384,0.880495419551069,0.5157914543524384
2729,2085,-4.207817379215344,4.207817379215344,4.204318959564818,True,1.36433075462595,0.37118963312269726,0.773647799465,0.10493915976708446,70.0,22.0,1.1773601471281525,3.2081535358557662,22.387307614485742,12.697971517048321,303.0886534484294,1414.2284189892007,0.963290384298334,0.8260746282646991
2730,3006,-4.23690412435308,4.23690412435308,4.196538183036202,True,1.2581106646087783,0.3219635716309571,0.692361036124961,0.16033020378712382,64.0,5.0,4.350507595302119,3.8741191227257517,19.817741753068532,10.775277208257744,392.2821387278167,1876.2055048531486,0.8378214959982646,0.6244439674767257
2731,1144,-4.210890216073468,4.210890216073468,4.187503854547499,True,1.4821945644289087,0.37820384031411625,0.8250632101637198,0.29434735210600765,77.0,19.0,1.1313997903242827,4.449661959280631,19.269268498569097,8.304474476001062,424.53757844700175,2033.946935297022,0.969364483152034,0.7452782956556839
2732,1894,-4.161211558985948,4.161211558985948,4.157099074295231,True,1.5194535209998152,0.3692244738161768,0.8529405446446263,0.1865767544536307,91.0,16.0,1.4199052225031992,3.328622384578887,15.728686919633267,10.105857410665578,428.4541733509217,1354.0396315700127,0.9117472328047052,0.8403942088010227
2733,794,-4.23861627172054,4.23861627172054,4.155158716425646,True,1.4193286902239555,0.38518252457320296,0.8576606358982537,0.22760420640559254,97.0,13.0,1.6471997902630438,3.1209818960482147,20.85832679909843,8.858216470694115,329.5743330399494,1425.871177378818,0.8106219499244447,0.9520438557424078
2734,2254,-4.151392238508437,4.151392238508437,4.150082322806785,True,1.4328169503066879,0.38442577514900933,0.8678801660595841,0.27878531187840916,86.0,21.0,0.670739654299001,2.9598788500908055,21.52045456879999,14.012647759193001,305.312632407243,2719.4899113902425,0.8032037410003969,0.8336845272624028
2735,2142,-4.1984967695274955,4.1984967695274955,4.146573675279314,True,1.4535382548539837,0.31587381052271374,0.7472739285802226,0.2408671542229752,49.0,12.0,4.186695871623622,1.8883856592851374,19.861474790130945,10.960187884954083,231.38920789292715,1216.8178281308074,0.9407830873813801,0.8046814362079016
2736,2570,-4.14026162569756,4.14026162569756,4.14026162569756,True,1.1905695170590433,0.37406781657867527,0.8544056774664377,0.16182421234528233,67.0,18.0,3.9828136991418845,3.1512838425790104,10.431608516535375,7.418943387625799,420.55096862657706,1777.69082816366,0.8602651528761219,0.7758377236091255
2737,450,-4.218870932673193,4.218870932673193,4.13271916514859,True,1.4168915338633514,0.37594605167466316,0.7339140690363872,0.09114350127901495,74.0,4.0,1.720605684695339,3.6885902271112534,14.539247454678732,11.535405021397397,391.14809354725753,1549.8366544180913,0.9504779971409023,0.9502419830869138
2738,595,-4.1607866152631665,4.1607866152631665,4.120432028849803,True,1.2330949360540502,0.3312373421084146,0.870722820153266,0.09661895580113132,69.0,14.0,3.149711659092579,3.041327600446034,17.517899433019995,10.024535705163812,341.9098591369603,2686.434410766662,0.904503627218278,0.6665714903969537
2739,1658,-4.124485239663818,4.124485239663818,4.115886415174855,True,1.4994159068019122,0.27516521258653376,0.8885438916227484,0.16361840873566708,82.0,14.0,0.5045363066696349,2.992402492419938,17.910690792475258,12.190329204237194,363.20888978895573,1059.9404461295453,0.852455838554295,0.9207669866939354
2740,1074,-4.154208648451084,4.154208648451084,4.098315309629545,True,1.4712724353898754,0.37181954599167977,0.7209703868950359,0.10880224418153654,57.0,12.0,0.7412161063464136,3.5615999835848684,22.161131820410596,14.369740958729032,312.16327772638607,1757.603320973264,0.6651384230483465,0.7931138461385503
2741,1729,-4.1387178690756095,4.1387178690756095,4.089176553508352,True,1.4471880268513324,0.3462207893116974,0.6670516708223002,0.2167436932701667,74.0,6.0,0.8107667996213435,1.1104988974519454,12.3932538181686,9.565902024121176,391.064196817336,1891.1266553538298,0.7984594337506721,0.8056070036254823
2742,1533,-4.081216900189921,4.081216900189921,4.080312598718961,True,1.3353540619301023,0.16364103842526673,0.5182943345106487,0.17110737609344662,10.0,2.0,2.5574951474554837,2.883126045577228,22.985767650926775,12.234793407909507,243.64260309867882,1454.9836396229982,0.934755434872582,0.6095237813555838
2743,3021,-4.052706416615779,4.052706416615779,4.052706416615779,True,1.0436829630497293,0.39267842193022073,0.8543794173854367,0.16130183433830808,90.0,11.0,3.440579872127425,2.5531368898926257,10.037258855802651,7.45438510957344,436.3003563383051,2713.047668917353,0.9305687107143693,0.730299989590329
2744,3039,-4.04236771150272,4.04236771150272,4.03545139245961,True,1.3852410763918672,0.38303228761733077,0.8609705167280964,0.26415386374351635,93.0,17.0,0.6892065855055476,4.169643784036267,21.659746630703744,11.078520080344784,376.15305411882036,1893.9548731547295,0.7498429806422745,0.807503736979813
2745,2830,-4.044168884508482,4.044168884508482,4.016513767784715,True,1.4504978770288683,0.2506498981837927,0.6100309845223476,0.19146882940690813,52.0,13.0,1.7579404517118724,4.0243811703228864,20.888924980561065,14.58089629044975,307.49246219345434,2522.426638081783,0.8370672311564913,0.7603172532617504
2746,1161,-4.048641023537508,4.048641023537508,4.015879104971812,True,1.3402898381676764,0.2814618438386799,0.5576951790209707,0.11370230468769674,42.0,5.0,0.6292659567150074,4.486446310866302,21.406549076104277,10.620042852314432,312.03563644483717,2674.076358031724,0.8269285273424593,0.7272472066464852
2747,2305,-4.015960153941624,4.015960153941624,4.0123180545084915,True,1.4279856116888419,0.3166461627634224,0.8524372296407821,0.17697454091997372,94.0,16.0,1.5418862216174603,2.2416691090911627,14.774898016516245,10.060199044114015,380.8309647203423,1049.6184136718512,0.9971595296115641,0.9082710483097888
2748,1040,-4.051691655194925,4.051691655194925,4.0108364387374005,True,1.4630614391694903,0.39783301515921854,0.8024623224214625,0.1967146632733445,56.0,13.0,1.9510116668882214,3.4670615533604368,16.654228982924018,10.86397322724454,373.4870969514835,1686.6824288807807,0.5981283806642539,0.8532825530653112
2749,2016,-4.042684106564479,4.042684106564479,4.0081117579387175,True,1.4549376841266224,0.2741835343447358,0.852681711605012,0.10076741842438146,65.0,7.0,4.991077769894544,3.2086806554134735,19.427292035894236,9.757118089957784,420.26521209417217,1214.9088462283935,0.8530406176820726,0.6452699556639041
2750,1510,-4.041825339283219,4.041825339283219,3.998394081724081,True,1.4045086564048923,0.3371367670748712,0.7659426167668918,0.22355380690449447,62.0,14.0,1.5166410683349567,3.0568439537765917,14.66495648512832,7.470318754793671,445.4173101783154,2124.39472112137,0.9521459242771739,0.9468829741719442
2751,2774,-4.062179569786716,4.062179569786716,3.9969655055470095,True,1.2984510459702565,0.37524987404236904,0.8064587668625545,0.19465915162710926,81.0,18.0,0.7348477381866667,4.402369118672244,18.718858351456948,9.84059127479843,417.159022156796,2691.9246241950905,0.7883554795319285,0.784566156282729
2752,1924,-4.014402986414969,4.014402986414969,3.9680783508639896,True,1.4468896622487284,0.34661943962227393,0.849601858492866,0.28619294494893877,69.0,10.0,1.8743845900317393,4.322099429217478,15.021594358063574,11.37929737774853,410.8435051202635,1949.585567765071,0.854905947386697,0.9015447371825385
2753,634,-4.039691269780911,4.039691269780911,3.962665822552297,True,1.4675449534762852,0.39640033453623424,0.8116306967915421,0.23442610193917293,76.0,19.0,2.004836763565407,4.291754920236066,16.949496586695474,9.93992006336961,392.49421633343457,2161.261968157336,0.7623134756789955,0.9326214876846957
2754,330,-3.957531955447963,3.957531955447963,3.957531955447963,True,1.424866516186459,0.2825567335874626,0.8515192579610166,0.12861172160646792,84.0,20.0,3.4540195141993193,3.2384895661938327,15.608525467651983,11.596758922142426,319.8944314327811,1290.0914770095528,0.9956596340970325,0.743823661232951
2755,2755,-4.026447747500394,4.026447747500394,3.9493363555464844,True,1.4667775164515715,0.33179714032868934,0.8672343621030452,0.20302578489948434,70.0,10.0,1.614056679253855,3.711873129577224,18.00900154873233,10.646744177800148,418.59254630336716,1786.9973019622598,0.805537145912097,0.7376770458346681
2756,1335,-3.985422568482364,3.985422568482364,3.9376646496614542,True,1.4372821159105065,0.35755014440937316,0.8189078498229562,0.2619137799807719,68.0,16.0,1.792314340043508,3.1184100778033748,18.98379177128054,10.456959345497083,313.87899979622244,1272.5662355679865,0.8816935060171238,0.9428765852967502
2757,3058,-3.9122167406794417,3.9122167406794417,3.904300994095809,True,1.443874552315857,0.38014322331139455,0.8658304894153326,0.1679728511959416,98.0,22.0,1.2956627438083963,3.9472991617990756,21.122655370968584,12.614299611409145,367.23075338445364,1042.12357154953,0.7522180481379059,0.9093793912722354
2758,2990,-3.9131513794817665,3.9131513794817665,3.873974314863086,True,1.5226391006822262,0.34009042343967494,0.762329940660117,0.11850582661388433,72.0,22.0,1.6215227695127277,3.972107149140637,18.889198836904967,12.031274621774093,362.7736920924213,1034.853705844367,0.8582823414447499,0.9248313508844216
2759,501,-3.881082878354456,3.881082878354456,3.871259015163673,True,1.4850035770640635,0.24736040078277016,0.5375466967270337,0.28660401880741115,57.0,14.0,3.5203144826228874,2.008961691004332,12.543715918436646,8.244570348229338,352.63883413359144,2291.213662426944,0.8834691606846239,0.7595214364118874
2760,35,-3.867790811375711,3.867790811375711,3.8621416145922343,True,1.523340572392836,0.290303232619292,0.6213742131721255,0.20587347526813,62.0,19.0,2.7585475627292277,2.8708420819294522,16.867870313847597,10.466176726338993,242.07500818608716,2059.226523810992,0.9670210268263034,0.8249938456763488
2761,1266,-3.902722291516711,3.902722291516711,3.8490614753458674,True,1.3256789357507313,0.3164361365358401,0.8586247520584054,0.21748198675643182,57.0,11.0,4.229080394376069,3.4017669940886144,17.419006244199633,13.893649965796826,439.81642834086193,1529.3148677754182,0.6346705122736926,0.5241965386085212
2762,3034,-3.876009281537238,3.876009281537238,3.8398405573341305,True,1.4933289594095875,0.32113857179880145,0.6711350349424321,0.1587958134325826,33.0,6.0,1.016341368221364,3.556777315578706,14.775168971902447,8.360357060735128,482.38703574989694,1429.885195209694,0.8807787121710493,0.9370189552866934
2763,128,-3.8616242085237635,3.8616242085237635,3.8354554186009517,True,1.4964694776597414,0.3401847518685469,0.7664740909950447,0.17261543297176876,72.0,21.0,1.869500460970851,4.2788126809971585,17.487864221547763,9.291796159764614,429.97069152980885,1086.125863113401,0.8516928401461262,0.9325104525860222
2764,2995,-3.8693539103699224,3.8693539103699224,3.8333731456129123,True,1.4120446766654742,0.3379684279083015,0.8288141049901925,0.1447396300094761,66.0,14.0,1.1629359032958746,3.4733186490896486,14.21983802459597,7.37428690884497,464.1562886189943,1443.5212041418176,0.9680502377243401,0.790961259022176
2765,702,-3.8659737342031946,3.8659737342031946,3.8304130206221307,True,1.3102132255579588,0.37952267338668644,0.8771998325742523,0.25041070277001726,48.0,8.0,2.1229805228009306,3.34906886362004,20.136016173900263,12.000925571091168,240.50509705462048,2740.8183569359717,0.8068453738733394,0.7726602815449677
2766,74,-3.8409676741316243,3.8409676741316243,3.803900043685868,True,1.463305860860812,0.39815654329889394,0.8942628419652792,0.1413723403231188,79.0,14.0,1.5704325031696933,4.332790958599727,23.922384853032888,10.296379417984294,223.32737944917682,2673.226196092519,0.9253656037800284,0.7652304966554602
2767,436,-3.854509204286618,3.854509204286618,3.7912954484992483,True,1.4676741352391087,0.236640946421577,0.6249265160897306,0.17355451581929243,65.0,13.0,1.6492777275261217,2.1539033554068654,15.701926942686796,8.91039998657426,430.29590421866993,2062.664791197601,0.7858371282501896,0.6172867407661317
2768,1211,-3.8613948786199783,3.8613948786199783,3.7910131059306265,True,1.342664267067709,0.32867189089003784,0.8445823244125024,0.16011707795617844,71.0,12.0,1.3678506402573838,2.373316958499274,15.336076056791319,7.238321290009907,429.09923272149916,2330.3001730420833,0.9062576373764912,0.9464352715397393
2769,1869,-3.782784695543081,3.782784695543081,3.7728550805902787,True,1.504557963890452,0.36338065497977323,0.8334230890503915,0.11645718626896254,87.0,22.0,1.3297172925421328,2.0762407675469,15.785534704463753,12.328341913880521,362.79796428204486,1004.9925835431313,0.8181511958592671,0.7761378215357776
2770,2103,-3.8331676131294516,3.8331676131294516,3.7570184569627267,True,1.259741830714432,0.37375581885306414,0.48965027676641837,0.21453336008115068,47.0,12.0,1.9189378453339025,4.248900325786037,18.541412814285316,7.49428830973298,409.08695971921276,1168.9985360636776,0.8720162665715292,0.7404337646371304
2771,1277,-3.7458785913622075,3.7458785913622075,3.7443962366470647,True,1.3894044233058893,0.17002136329912831,0.5462016759440304,0.2190499439547942,14.0,2.0,1.9442905051046535,1.599531733004048,12.873135320206446,6.379076881900976,373.4342513525186,1679.7144980450405,0.9187216399090024,0.8030599607038844
2772,2376,-3.743522169044988,3.743522169044988,3.743522169044988,True,1.4128649736174974,0.39222971776022963,0.8731558183309163,0.12229826182614013,66.0,18.0,2.178986474299588,2.0440205010389176,17.736755598756282,13.688262837369749,300.1404946621238,1033.5257198069926,0.9098731169200809,0.5516584623067957
2773,135,-3.8151631306112477,3.8151631306112477,3.738610195861454,True,1.450520526297015,0.3278475725799704,0.5122468086959985,0.11989278702309512,54.0,16.0,1.9234485943397375,3.793940585023404,18.41575365944457,9.28494916264116,351.92292322499367,2579.5631636718035,0.6850606697136323,0.9417376304614462
2774,1582,-3.7398373704534524,3.7398373704534524,3.737829081542653,True,1.3983191949238987,0.3475486036681783,0.8440732325540599,0.19635754811357573,88.0,14.0,1.5444569445846328,3.5381181094941665,17.38103617241593,9.987230821062951,370.9702436555498,2881.5742754368057,0.9314786457546496,0.9986585919680867
2775,568,-3.7327285488149036,3.7327285488149036,3.7327285488149036,True,1.0605796126004257,0.39056625506630366,0.8802528324564347,0.22037960515953012,102.0,18.0,4.365064429494659,2.4759834892519996,12.946828845652767,6.325854464059274,489.50735067720404,2690.157012665357,0.8045600245086693,0.8424596012851474
2776,2956,-3.7967229876730224,3.7967229876730224,3.7323072915295166,True,1.4376888251947402,0.28347377478829067,0.7583990676297455,0.10529258355210092,48.0,12.0,1.0785868386989006,3.383943382215663,17.62926579831,12.044509868895577,386.92995999085224,2111.705450076683,0.7767514815156816,0.7804393077637248
2777,681,-3.7239589147076853,3.7239589147076853,3.716619273092827,True,1.3600756115301906,0.34831457484492573,0.6125583892076053,0.21718050598021277,38.0,12.0,0.9953160233643372,3.7857986690184404,22.995822174807294,9.245490167456499,344.5914424929067,2218.207792216868,0.8324619076127122,0.8043781690772804
2778,1137,-3.7500418054904014,3.7500418054904014,3.7152579653138607,True,1.3226655637393043,0.3499896183031614,0.636599648379538,0.09965198789735452,56.0,8.0,0.7342429083331576,2.229219897168594,17.3831615497345,9.920048278420667,236.4972901218644,1985.04653924833,0.9607811077487467,0.54915439524407
2779,834,-3.74115763043417,3.74115763043417,3.711615937755794,True,1.4462257236515645,0.3730640548758663,0.7906904021119082,0.17006785969662416,73.0,19.0,0.875270908875863,4.055386096973913,18.48066120144733,8.908946471188035,413.50358503315056,1084.5657081965555,0.7255500178195555,0.9674806165660553
2780,742,-3.739176440911958,3.739176440911958,3.7111590876084097,True,1.2613920902589801,0.3771645437750268,0.8417505916639867,0.28230989149800434,83.0,22.0,1.2655482912324802,3.83886275681514,15.014901012239388,10.126407216506196,416.27618952589637,1629.6706415516283,0.7956375490647418,0.982964506926784
2781,2551,-3.7205888730605015,3.7205888730605015,3.7077185186283126,True,1.5041100326856014,0.38879235663651524,0.8745582609226836,0.21799523986248953,83.0,18.0,1.9597157034526886,4.018320495814734,15.106254564610673,11.901704671556223,437.65153633865293,1337.6527509241828,0.8486191768580735,0.8136167994306145
2782,2126,-3.7213887662212684,3.7213887662212684,3.6862493267221557,True,1.5067148712036693,0.3301263312321949,0.5990035076610118,0.13348992748403574,53.0,15.0,1.3480809008790156,3.066098453336094,13.035363195605683,10.37261596858247,279.0173203951384,1337.4128623128672,0.8772640718529363,0.8527944148099769
2783,1269,-3.6966623182606018,3.6966623182606018,3.6797806836083513,True,1.4856291035608775,0.3378525224816988,0.8459279436235877,0.1121080130404735,70.0,21.0,1.4673046380390222,3.1020408037581304,16.366656332353944,10.035275805116855,414.2995386443241,1935.0272769909766,0.7877275614431524,0.7499982732778755
2784,2587,-3.608519027332062,3.608519027332062,3.608519027332062,True,1.2805395799852828,0.3729780636989656,0.8836093255532433,0.12808181318053857,88.0,17.0,1.538913539802107,2.9440922607469324,21.394198671914637,16.733905029997896,297.1260056348908,2988.810086191761,0.7927544532932606,0.6017905389993254
2785,3004,-3.6056047095893966,3.6056047095893966,3.6056047095893966,True,1.3659562561104437,0.3598703922589577,0.8453652607768629,0.2556079999610233,64.0,20.0,4.83625693655447,2.1986405865905754,24.176163554194815,17.77935657667223,275.30144682733714,1491.149706158149,0.7523457438797563,0.5703685679472983
2786,2656,-3.658369614421706,3.658369614421706,3.601435671928723,True,1.279104656392494,0.3917887673667464,0.8499851484532734,0.13459865082954195,65.0,13.0,1.7075080452628,2.6487963205502414,19.737162334696905,13.754636699894412,268.63624416115914,1015.5604022300615,0.8627996072640403,0.96042386412813
2787,1253,-3.6025012420967935,3.6025012420967935,3.5821353414133457,True,0.9537888286552546,0.34468904325772964,0.8739889437853398,0.29085456632077694,52.0,9.0,4.454713774173886,4.4902900801971555,21.670193502000465,14.439628730759978,392.86892681676613,1712.4393511127828,0.6655031689442694,0.6681989592917472
2788,1011,-3.609681353212988,3.609681353212988,3.58113785492747,True,1.447418088815972,0.37753952328320345,0.8390446957067919,0.20843975022600747,71.0,18.0,1.6849688626196737,4.048776302479188,14.451110609250176,9.8010382154299,437.1056267929895,2031.8654498496987,0.7992472126297696,0.9739155345094197
2789,1454,-3.6261092434254665,3.6261092434254665,3.5767600471624736,True,1.3829944770019034,0.36314645204463164,0.8352470200932043,0.22049273832403365,77.0,11.0,1.869334647444628,3.081583800540711,14.252244153612853,7.2292278758415485,498.7152471689668,1573.8263492452888,0.9267214742809982,0.8961220170441577
2790,363,-3.6259011511706722,3.6259011511706722,3.575776279938771,True,1.4445929438661513,0.38794918588054983,0.6502341292731199,0.0980099528455024,53.0,2.0,1.391137902179252,4.385833565278917,21.66691015618735,11.214858502976956,351.3607425645625,1091.7748995278616,0.6795372408213549,0.9913692442492483
2791,2740,-3.5678151886608345,3.5678151886608345,3.5678151886608345,True,1.449360675028021,0.3890592931622946,0.8788032796401977,0.20017364252280023,77.0,8.0,1.6161932037157278,4.298305970840957,10.916187129535778,6.154752035164136,372.0952416551147,1816.4707456100405,0.8909541800693409,0.887797587401205
2792,860,-3.577975838077416,3.577975838077416,3.566755269828249,True,1.0911424060687422,0.2782795270501455,0.8472645712139022,0.2925531438675293,64.0,9.0,0.6075834739775932,4.051875617355108,24.16873788461089,17.71516543518172,329.3031549951712,1657.1354482135553,0.6825357503257692,0.7393422673739194
2793,533,-3.5908471394944645,3.5908471394944645,3.5517277412444597,True,1.492507633244816,0.3956557199795999,0.8877322816247825,0.2729131538857719,88.0,5.0,1.1091951849989439,3.552617001823333,22.299153595914845,12.271202684540869,294.21462593600154,1451.3754332563763,0.8702877138388571,0.9617093407665818
2794,2890,-3.5425711574778425,3.5425711574778425,3.5368470247602866,True,1.2280053305674061,0.3925627550712021,0.8905024244613108,0.20518530385298178,79.0,11.0,4.535024301499775,4.210369304892374,15.94405708242006,8.522899285950734,385.4185800100649,1505.0866900146607,0.8221650091595916,0.9240615075089016
2795,1855,-3.5363382145925977,3.5363382145925977,3.5363382145925977,True,1.5067931983468923,0.37505889876955534,0.8884329074121171,0.1589421237670578,77.0,25.0,4.408378253284225,3.3715780713083836,15.951974470961792,10.179909451028875,429.4771452873184,1542.9684209745856,0.9350659721138139,0.6732539108217832
2796,2642,-3.5461426658811317,3.5461426658811317,3.530682603724783,True,1.3824176739588867,0.38236964971994425,0.7484896197065913,0.08783880793177219,94.0,27.0,0.6922241571447625,1.9581540695938338,11.698263846459021,7.74729120368662,438.0806984439835,1262.4425960012777,0.9614928270483158,0.8936890807497241
2797,491,-3.544828039204547,3.544828039204547,3.5108684285973357,True,1.4648061084943909,0.38996382165273347,0.768370436620356,0.17930229353730553,68.0,13.0,0.834920191163457,2.5813517671111508,20.155877044817625,12.244884218402607,306.9991117508045,1401.3237147324219,0.8760403655487274,0.9211262951048315
2798,470,-3.514047147143212,3.514047147143212,3.505714766866186,True,1.3954314579645302,0.32023180211998875,0.7103973339461891,0.08638591573991859,49.0,16.0,1.2920069459321686,2.4177521679739806,16.492476566351705,10.896763930434402,333.0884648883042,1718.4497404784775,0.7471879898659333,0.945053227311593
2799,3008,-3.5210528681932796,3.5210528681932796,3.504736499783393,True,1.4681277438749196,0.38622747311153344,0.7867826389791646,0.09998807719884528,85.0,14.0,1.7616617026079469,3.7133306337334897,21.640131718874933,13.420926343721788,322.48300202879915,1465.512388666864,0.8989020843716913,0.7794600937887388
2800,1306,-3.5671173836714374,3.5671173836714374,3.502905469951341,True,1.2252760275392158,0.37376004308469857,0.48587648669675965,0.23999908641961065,49.0,16.0,0.5287405518060946,2.3078485130135307,16.735177086318448,7.72732875386103,460.4826521093734,1399.5469711446958,0.8412035373858545,0.7534240325982263
2801,438,-3.4850188393566324,3.4850188393566324,3.4790813056365257,True,1.4120429058471529,0.25677936083704855,0.4895542984975855,0.19996853835226935,50.0,12.0,3.682518561519613,3.0036823424510124,14.950441160204214,9.662936914682643,288.80676800694323,2317.0059868081107,0.8674883036399212,0.9145281108244798
2802,2631,-3.4918370340114904,3.4918370340114904,3.470165976152097,True,1.5233271508586912,0.38695065632421105,0.8345172195721176,0.18332968415288847,91.0,19.0,1.886035242528378,3.803611226542909,20.269168012543382,11.578865238795391,331.4662454574785,1936.4473866476521,0.9170625718957461,0.8509237908682283
2803,459,-3.5224260321422816,3.5224260321422816,3.4677841817928665,True,1.4701456051771902,0.21996694438134065,0.5255345049074279,0.10260074702462406,53.0,12.0,1.9925694258920323,2.4422846757199133,14.189023697857438,8.947131316332356,325.0000126837407,1084.9735349338798,0.821481566339614,0.7242677659214181
2804,194,-3.4628528273337422,3.4628528273337422,3.454547179544576,True,1.4615175850699083,0.38171568842740966,0.8075995416174122,0.1504588044782855,81.0,17.0,0.6328890281861841,4.435693481947958,16.380174970254302,10.92263545931752,426.20903167561835,1705.684021364489,0.9291200896387016,0.9193258957639668
2805,782,-3.5113475527353684,3.5113475527353684,3.443954550922066,True,1.411498837519103,0.39013900364649146,0.852835780027388,0.22914871554017718,77.0,12.0,1.6826821124666886,3.4168894749243006,24.044449397873926,14.393665850703359,300.90799230279185,1398.9781613193757,0.724011776000204,0.7266060799971846
2806,822,-3.5408484387510453,3.5408484387510453,3.4432393425661973,True,1.4584202165132856,0.3400992665341101,0.5944512404501439,0.2693134886853126,66.0,22.0,1.201870496369777,4.207965255940001,18.90428742586481,9.109519494521292,384.2895158467988,1913.212795825138,0.8664002143359686,0.9626515916562135
2807,2834,-3.4348723677778255,3.4348723677778255,3.4348723677778255,True,1.4921415501460396,0.3876114474370291,0.6967366446178588,0.1747941386569372,79.0,23.0,4.920106912513138,3.0216699245766434,17.836354217411547,11.899232281375658,354.3259433124215,1845.020868145115,0.9109769971426593,0.7238528345488053
2808,540,-3.4556662834581218,3.4556662834581218,3.4343970848264833,True,1.435553896096282,0.3932608276220211,0.7906443857043303,0.2550035320592001,90.0,21.0,1.376780499965172,1.4687628498587784,10.80077156193001,7.926476275833051,472.82895047741516,1432.4326370876208,0.9031904775436493,0.898234284796287
2809,549,-3.4403463000878913,3.4403463000878913,3.432590037033262,True,1.2123115184683038,0.1675370554998517,0.34173252225932427,0.2657122949449207,29.0,4.0,1.4702820116654038,2.490039275346799,18.358474924101813,9.319804927463327,315.7900612758448,1615.3961166628428,0.8787754648720298,0.513166012861733
2810,223,-3.4637670058707517,3.4637670058707517,3.431227570230993,True,1.4739087432626712,0.3130388786350885,0.6658712671626503,0.16488687484402384,68.0,12.0,1.417595700202567,3.8038739512530926,16.53075699929838,8.402742027920334,432.7754284265229,1634.441917431991,0.8310419414973579,0.96566192765087
2811,1560,-3.4824072374310453,3.4824072374310453,3.4201305090796974,True,1.0316691215320202,0.35271894444267954,0.6959292920993263,0.25828293500369415,58.0,16.0,0.8795593294435642,2.1896454857919085,15.333355927769533,10.321851808701613,367.28059811494194,1972.268055787674,0.9723667783365104,0.5511217920409599
2812,138,-3.4851307938185196,3.4851307938185196,3.413715850492561,True,1.3918638534766912,0.28680980589783134,0.5627318356029325,0.15589927492475378,59.0,14.0,1.4242615583239855,2.16975834762641,16.654119557153123,9.704738705643795,273.34528367551275,2044.6788551402474,0.8648550322273998,0.9750365519763515
2813,324,-3.426527959035619,3.426527959035619,3.400837985061039,True,1.488665959904179,0.3691960509521277,0.6780076044557611,0.16738531429008272,72.0,20.0,1.7829029046270382,3.569990189756251,18.236584987499267,12.639193618716876,344.8410276031314,1472.131688980339,0.8543727765251694,0.8459944154125589
2814,2913,-3.415078023501408,3.415078023501408,3.400010702348517,True,1.4067919511098963,0.39226156505573884,0.849647786623754,0.14881313016812814,85.0,11.0,1.9089905685800315,3.65201214179255,15.64039475567268,9.604821872844656,466.2537741018799,1398.3715839105425,0.8576558267610985,0.8010923305285118
2815,2580,-3.411453125090147,3.411453125090147,3.351921004727809,True,1.4912406839550822,0.37277708927446007,0.7743181535348018,0.16713317626124172,73.0,6.0,0.8243931263185249,4.118098764091508,16.06352632688289,9.623452551855088,471.4175995273371,1047.4622422566908,0.8220375331975895,0.9732488218876154
2816,170,-3.4027192646540976,3.4027192646540976,3.3510780632055996,True,1.3470320578338397,0.29058394910448304,0.5218044859832726,0.16169338457647614,49.0,16.0,1.3204575823407383,2.663741259347547,16.993704817492045,9.068002723216608,345.06190596328815,2725.8429008427042,0.7988006285768593,0.9913168894418346
2817,2511,-3.384377137619253,3.384377137619253,3.340806488523349,True,1.5073567650533353,0.18862388173674322,0.5300927705231442,0.22281043597067668,45.0,5.0,0.578353998867243,2.702541848715752,18.933361974225008,13.01847616059202,329.3357485382762,1712.7558704954051,0.5793423924179427,0.5937968448612742
2818,2663,-3.330858980849695,3.330858980849695,3.326856967110178,True,1.5067938755598889,0.31072615239396173,0.8555084723537715,0.126480080858132,95.0,9.0,1.9886576788639472,1.9626144119560855,24.748314789080567,11.778011915653462,228.16642859011745,1002.1863500981743,0.9273559853452726,0.6097984459422933
2819,2805,-3.3261157109967954,3.3261157109967954,3.3237627879465705,True,1.519272381336407,0.39916885078000297,0.8988639840713665,0.15305716499465732,102.0,20.0,0.734167288594048,2.9609139863886766,24.08252052502285,13.22326790882729,279.78069711858456,1573.7079894957947,0.7703892238717709,0.9005896249893466
2820,678,-3.338649122147301,3.338649122147301,3.311904936107329,True,1.3701868460171733,0.3350275315111271,0.8406615991329336,0.21051056487769593,97.0,12.0,1.323477952220098,3.0834031206740597,16.394299731229147,11.16692499321523,358.9754794086577,1216.8648382646206,0.7819114148602254,0.8171559218110982
2821,1125,-3.288298362702088,3.288298362702088,3.2788993567746925,True,1.4405092717524999,0.36440045551824857,0.8655860109204094,0.22788016875887573,68.0,12.0,1.8015567306664992,4.142841564954441,15.771181872512797,11.567103483549442,378.5808994247862,2021.3727271974967,0.7463391428541492,0.969963962635917
2822,239,-3.277616251481527,3.277616251481527,3.2711900367465954,True,1.4741095012588155,0.3342887086327187,0.6866621423175012,0.23289411880692631,73.0,18.0,1.4856235929710027,3.7116785855608665,16.217464715412916,12.67525753703315,378.46709930881127,2274.875034022164,0.924372149088067,0.8401559812394004
2823,1951,-3.28662828099088,3.28662828099088,3.2631220686676903,True,1.4781913553092394,0.33976450448571155,0.7876918552697069,0.12127688747457643,71.0,14.0,1.673999002944379,3.8481392026783636,16.552346535652543,11.922652635540828,372.71357877468324,1321.3426411174396,0.9305152719419827,0.8327828758624315
2824,703,-3.35171741038739,3.35171741038739,3.2617458289137384,True,1.4879168372137015,0.3637703401258831,0.8316438173105304,0.2924579114523947,81.0,16.0,1.919452035019952,3.7810459988519205,15.284652568605926,10.7737937008971,354.0558538638352,1944.0965581356168,0.8507229776468993,0.9951104142968958
2825,668,-3.2625102331564815,3.2625102331564815,3.2552716398742287,True,1.4742208775744574,0.370009142755402,0.8429745294317487,0.2808289128301692,84.0,15.0,1.5685442316748117,3.8170041520162217,19.245434102648783,14.206523161978032,337.7485792904216,1486.1865148661097,0.8117085250918548,0.6986479472290184
2826,2553,-3.318654757142389,3.318654757142389,3.2492445244726915,True,1.4447537884335198,0.39603404583386115,0.7036466616233611,0.17584498656257622,73.0,15.0,1.7744479636319077,2.0182501683832204,14.65962730396503,10.648091467735483,338.4280423130958,2900.662625993859,0.862861556240675,0.9753186908274202
2827,1980,-3.2818199293411046,3.2818199293411046,3.240813498868652,True,1.4960268149317535,0.19862986441701652,0.5575947203973066,0.24397971290586176,45.0,9.0,1.8330285347329558,4.119845946426511,21.70765287296019,12.630649072960228,245.73708739324906,1753.0222484493552,0.9032610435580446,0.8905644053593278
2828,774,-3.323619214560768,3.323619214560768,3.2400041918932914,True,1.486617898984868,0.3743277731914856,0.7080870887020316,0.25487364606451657,63.0,19.0,1.861801120878676,3.6837199811622194,18.92455670973807,13.392439609272044,284.5476756508908,1982.0480843417524,0.8315355246358884,0.879031932318826
2829,670,-3.2563644522609705,3.2563644522609705,3.231122078830696,True,1.5044396327418683,0.3917329541886173,0.8321032525407989,0.27806166945228605,85.0,17.0,1.3714058375733262,3.5825881054238566,17.06835342720737,8.753789334121265,405.33759204595026,2324.3014743174604,0.9248639464999283,0.9811546742996773
2830,1481,-3.2231267563094512,3.2231267563094512,3.2125452490120683,True,1.514195716609177,0.34381613147894363,0.8419618642745432,0.24459832163355294,100.0,18.0,1.6272349421728727,4.235019936194744,17.30345866461931,9.308153609376326,373.518041568115,1541.7220064406224,0.8668844510753644,0.8649096476898128
2831,570,-3.225936007555803,3.225936007555803,3.207582761125117,True,1.486123630967144,0.3617402802029765,0.692447489016464,0.20555630452908574,74.0,17.0,1.5990373418179418,3.7258292911359128,11.401815262841048,8.367053934018434,460.8996350684962,2312.929308314358,0.9531021967639584,0.9693297880820408
2832,165,-3.219433068381772,3.219433068381772,3.2035171969620064,True,1.5101623739541867,0.3742205763255058,0.777636761988204,0.08143304075531504,87.0,24.0,2.1278064398850054,3.8103014671723834,16.155347428200592,10.916856300589188,379.27308669790995,1216.1378145158421,0.8646952670788047,0.9926024600651214
2833,443,-3.2431043052247466,3.2431043052247466,3.196691648335957,True,1.5146748564853587,0.37414946804062243,0.6825719213276529,0.24105408029142023,65.0,18.0,1.3997158891977213,4.411170586433428,21.80850391152,9.896574027797715,332.57942920980713,1744.668139358003,0.9767381554326406,0.7514652311935822
2834,1331,-3.2363393934047604,3.2363393934047604,3.1963265954309037,True,1.4026329080208089,0.28081061013209463,0.5641219595384483,0.203302895988793,54.0,14.0,1.1983748509223604,2.2889229882211763,13.935397080984412,5.626074246523445,442.9398486031457,1237.164853197619,0.7838905820511304,0.7258314415989577
2835,1751,-3.239472498384788,3.239472498384788,3.1945694460631575,True,1.4781329254546276,0.34767133257869626,0.7422492664408021,0.22002700196201885,71.0,22.0,1.881737175271081,3.4236519376084247,13.790032621160908,9.821767798391381,421.9885060162846,1325.8588844966525,0.9124663733012733,0.9151228037570943
2836,2762,-3.1916880817431603,3.1916880817431603,3.1869872835177353,True,1.4528024875323022,0.3985606602174542,0.7752197575828698,0.1733634768744147,86.0,15.0,2.2380511317013343,3.894848531186316,16.585966871591854,9.086169477503079,458.46038531339826,1045.5077718606678,0.8271375884647303,0.7540255561438148
2837,99,-3.206463141647815,3.206463141647815,3.168682437348917,True,1.4005262624294654,0.35475313907611516,0.7690115109580762,0.21933769431400454,68.0,21.0,1.2636548093096756,3.1780484591393816,20.265472412671823,10.71831183903161,310.82570037993105,1515.8126271934211,0.862961645524727,0.8540586693350839
2838,804,-3.168369139254172,3.168369139254172,3.168369139254172,True,1.4678542289761816,0.37000612929710014,0.7942541512327383,0.23318605942300002,93.0,15.0,2.0456595296120903,1.147282379932256,14.612435214787515,7.663122879603349,377.431611205604,2052.787423817711,0.964544669805562,0.5802787577982094
2839,1556,-3.180103259051857,3.180103259051857,3.1678023591242894,True,1.4266256369914534,0.37085045773121894,0.860530644797989,0.09458585326134444,70.0,17.0,1.9687089697862328,2.905331502608796,14.096404428297532,9.169836793753174,440.3776124740715,1509.939904018263,0.939509120002334,0.8075346594561004
2840,2645,-3.1844717738679162,3.1844717738679162,3.15933320439077,True,1.5220894028347731,0.38355636850877933,0.6830997700284118,0.1858282263918635,78.0,23.0,1.330406962092233,4.457361739061934,14.848378053066888,10.651955152353164,424.1849310755807,1763.409960592448,0.8087655772249219,0.7641306960120043
2841,2505,-3.2197494081029787,3.2197494081029787,3.1592448378257854,True,1.4987223193608354,0.3727509311964236,0.8222273646656941,0.26695830699466794,61.0,16.0,1.805529655293306,4.068893511881222,19.06047764132213,10.490300511476654,377.8219890716033,2368.3813316145006,0.8788722668640871,0.7518327864276166
2842,1452,-3.227137738625755,3.227137738625755,3.157527694003699,True,1.3729533111637977,0.3947066739967172,0.6054258146657163,0.19061882037694308,65.0,15.0,1.4632361708685893,2.8070493997028323,23.50434121778671,16.93274673891188,296.1702847860581,1178.9539758760425,0.7338210418820381,0.626262283002094
2843,2571,-3.181462182910207,3.181462182910207,3.1485057761674997,True,1.4714361136550245,0.37789759455383837,0.8515250305129713,0.20794345397129288,83.0,17.0,1.5216087453570446,4.088234410761168,24.823578906364748,14.09044180809385,286.19364694296905,1057.6974920303119,0.7553291058911181,0.7795815233502403
2844,1228,-3.1979175430616085,3.1979175430616085,3.1417047777814258,True,1.4382773398816826,0.3771365558008614,0.8050061785211815,0.09976249057644627,79.0,18.0,1.7826634225472648,3.9748997121947967,14.624038594917415,7.547223467917161,457.745565756108,1956.6019248818266,0.842704440483317,0.8803769480529821
2845,2205,-3.222670595057327,3.222670595057327,3.1415910449944953,True,1.4232486788403735,0.3533173801312631,0.7658468841248313,0.19424599603248016,61.0,9.0,1.7797371484016478,3.184217754454439,19.50893302246712,15.146426338977134,261.37477196567414,1964.888247745279,0.9102221812469922,0.9436951889076826
2846,2771,-3.1483543230811244,3.1483543230811244,3.1389152036499683,True,1.5026550477002143,0.3529782774923527,0.7483693011630148,0.18768357577810163,78.0,24.0,1.0022232247716043,3.205415865413538,21.168582470075854,15.617297918687774,282.12805273529614,1475.6945338582955,0.8815806591404757,0.7693404152754021
2847,2164,-3.190762975855093,3.190762975855093,3.1383725153133337,True,1.4804505718874355,0.3773057737873852,0.7176758974771396,0.280538733042411,63.0,19.0,1.592026435663388,3.598112424742416,15.0865530625028,11.879040394315311,341.4941458797529,1229.95260163082,0.9046833567985434,0.8385367100127041
2848,428,-3.2073342454656077,3.2073342454656077,3.1306363504140875,True,1.4470912788098287,0.3798576460052734,0.7959528837347429,0.08435970040377602,72.0,10.0,1.9396891064129587,4.118346756247435,13.667340805180679,8.880849618327533,491.84242368142526,1963.6379598968897,0.9260976468491116,0.8265212012015314
2849,3022,-3.126153182855622,3.126153182855622,3.125394127626851,True,1.4174987652765942,0.3959030145439453,0.8529882325842091,0.2169591345903389,87.0,23.0,1.5723278339588582,3.467149603519585,24.453540218347463,12.431589902646632,282.5850009330519,1400.7215764988791,0.8441462573167218,0.7784687813043181
2850,612,-3.1739115850993214,3.1739115850993214,3.1239208869911304,True,1.4458153233060873,0.3710482895052135,0.8386421174511227,0.23036780340703117,74.0,17.0,1.4170008849107454,3.5757765461919147,16.13684409554753,11.999107103802379,339.3826348937475,1735.3991940844257,0.774247286736238,0.7684437380833486
2851,311,-3.1125106317084534,3.1125106317084534,3.1015877198779074,True,1.5116826888949644,0.3997569921656394,0.7031368207420409,0.2196735268189485,75.0,22.0,2.097621025224438,3.242368827522233,16.371577420168766,10.03985315155418,341.6490544188192,1313.7997983891623,0.9469171483486958,0.892227618972885
2852,1241,-3.136268149930052,3.136268149930052,3.099571128537009,True,1.449065618311548,0.3785981739426975,0.8885186049635858,0.2911134303915404,91.0,15.0,1.5013562943394312,4.376945543086497,18.58144468435583,8.842351292669424,371.04668441467715,1916.827312278771,0.810846348273539,0.8099365062682834
2853,556,-3.185053328055773,3.185053328055773,3.0982222696375277,True,1.4462736941690812,0.3743868570647728,0.8050222842053424,0.2228019633863506,76.0,16.0,1.4346603680128955,4.1721060467073645,19.88151027332391,9.498295195076697,385.9543290318167,2494.9420539378975,0.8140964653201157,0.7508060785614017
2854,2639,-3.1356788503094513,3.1356788503094513,3.096212993788471,True,1.404122839875444,0.34942937553624054,0.8093698689833905,0.10951088867416521,83.0,15.0,1.237142634089683,4.341162607073784,16.69309532079229,11.41839475494463,350.35682354519736,1504.4404814132577,0.893393746964953,0.8024977109643066
2855,7,-3.1213859251580307,3.1213859251580307,3.0949795618473623,True,1.4024524521615815,0.3959036202506443,0.8961191003947068,0.1727340247846103,98.0,14.0,1.861485279538761,3.709440307984919,13.87099556626551,10.288681829537452,365.0836505252079,1980.3356244800161,0.925718710800654,0.9511570613135634
2856,118,-3.1665086039691186,3.1665086039691186,3.0939953312896096,True,1.4671912574395414,0.2578711518510255,0.5932839462623379,0.17128515132852773,65.0,14.0,3.1793827717280174,2.952609147145287,14.072782129138707,7.920669015697617,305.06050735984115,1576.9726617207489,0.9230980414430261,0.6500024408570632
2857,2112,-3.094720075380275,3.094720075380275,3.0894355547246466,True,1.4065641832878923,0.39355806022789774,0.8219852593414056,0.1819354764891458,86.0,21.0,1.452037746530957,2.314392008991767,12.451688828332667,9.150232086990613,446.8560099538163,1357.2246118571793,0.9643873334337949,0.7429624922260778
2858,2058,-3.170201698189401,3.170201698189401,3.0873509992956594,True,1.4737188507463017,0.3750671166089638,0.8699624735388265,0.257079581535009,81.0,9.0,2.1885798715169917,3.725450189936499,17.991456780304738,11.364805800512631,326.90216322270874,1412.0482912180105,0.8064204238676715,0.8904596279183792
2859,705,-3.167035432144636,3.167035432144636,3.0867002330497355,True,1.492388553560615,0.3634877376700417,0.8037450531900023,0.08613821194990956,80.0,15.0,1.4653969162246383,3.639642947033837,13.362068919777972,7.3678929372525115,456.1245245547027,2758.146820880339,0.936349252230808,0.9098450988681117
2860,416,-3.1206587646141912,3.1206587646141912,3.0852092775683513,True,1.4489401091722205,0.3746517817844248,0.7492585506210678,0.20327844934397896,67.0,12.0,1.4636521995681016,2.6789756152189237,15.027044640407615,9.704185649087606,415.17691402267513,2802.9337839011196,0.8346147767597363,0.722025282745626
2861,2935,-3.115263740647504,3.115263740647504,3.081882475751862,True,1.2522422504450264,0.39029486321548834,0.7428969019265402,0.1448468262849457,81.0,18.0,1.3908642919263217,4.066427662667108,11.636888341764191,8.212562080056271,498.76633604326634,1633.2147051189886,0.9250452647936975,0.98763698487722
2862,1157,-3.1710177637554327,3.1710177637554327,3.079772439806598,True,1.501609137442762,0.37728929109313286,0.8202205405038278,0.23105968724227308,58.0,17.0,1.3763364062624082,2.137209709122565,19.66711884569144,10.520376313980341,299.4212386125192,1685.6885292846537,0.8807974959124971,0.8016079668776994
2863,1634,-3.080488341744821,3.080488341744821,3.079383997157856,True,0.9940676314812154,0.2112135410819292,0.36667197881903496,0.21659279142986965,21.0,6.0,2.823386814445257,2.7195748640224338,20.40164894107294,13.268275157144515,260.83297011915823,1004.4946623234451,0.8055089866971701,0.7184332231268231
2864,2576,-3.1044601929822693,3.1044601929822693,3.0785403823632476,True,1.5003637193065,0.3732789713596175,0.8487522095584099,0.08993084058747432,81.0,19.0,1.6457953426376521,3.766791049794244,15.776004099095976,11.37006881694026,414.94621513569416,1335.133631954995,0.8866158821463702,0.6779333124034392
2865,3027,-3.1059576548743095,3.1059576548743095,3.074893291510902,True,1.3336545897318839,0.3988360818885139,0.8340554871744756,0.19480252519935684,95.0,20.0,1.463468970475275,3.9933418624659676,17.966656889586705,12.855184350228688,426.86608648430393,1349.6005426730885,0.7194830325529336,0.6884906862048443
2866,70,-3.0776348028880323,3.0776348028880323,3.073301630388535,True,1.463683581445008,0.3649243502296459,0.7360401160969614,0.08617489690418953,78.0,24.0,0.5318369662796569,3.2391308711038573,15.328882743336614,8.59373182601828,464.23290430794833,2021.9741339372906,0.8721904153939711,0.70048661093704
2867,2810,-3.102128943516808,3.102128943516808,3.065275469151293,True,1.4787517767804312,0.3428202030852575,0.8310637231596164,0.20915894583467068,86.0,19.0,1.5108925468920573,3.296578471178671,17.43948013766417,9.516051899127577,374.4515997976318,1362.5299352483112,0.9333409677235207,0.8008662538674305
2868,3063,-3.109551092100717,3.109551092100717,3.0651011712715013,True,1.414737431426082,0.38381071007130074,0.7282329919206165,0.09806096922651719,80.0,19.0,1.2361050268866451,2.607102560468415,18.7574534003062,11.547771469003335,329.96116363519957,1333.3582115562558,0.6874515815140265,0.8053502261903827
2869,2573,-3.0642668950179517,3.0642668950179517,3.06288266597057,True,1.3852755547003406,0.3990131989082617,0.8028408811845416,0.11060402202614004,87.0,27.0,1.525325373665043,3.581367266170255,19.582565218983426,10.505566951839398,393.88636046503575,1228.272618556133,0.8154044081448508,0.7041062762190251
2870,1746,-3.0889005326681223,3.0889005326681223,3.0628689846053,True,1.3547468070186446,0.32490571530772405,0.847550261828187,0.27435018482470513,86.0,12.0,1.1754074495946358,4.034438024706642,17.811124139216847,11.54238056705881,329.36114779672886,2727.8556971635353,0.9525016465953344,0.9163157672595972
2871,39,-3.0826418494037235,3.0826418494037235,3.054104213278754,True,1.4992105135697804,0.33152972953822246,0.7334705671177673,0.15069246060815214,82.0,19.0,1.3765226494767906,2.173572056229021,16.23858439176755,9.77743527895015,376.9235104198522,1892.4068923172315,0.8264255450293321,0.7445366143969455
2872,208,-3.0980714585895757,3.0980714585895757,3.0509188796290485,True,1.3077994864017821,0.3675803322741471,0.7200845626476278,0.14757985784509386,77.0,18.0,1.4300390483216534,3.16762894745286,17.020425172382982,9.825916585160455,383.6977066762694,2413.2862007721396,0.8352156916622242,0.8564846160581421
2873,1093,-3.042941018393602,3.042941018393602,3.042941018393602,True,1.4200134601004304,0.3972512902641468,0.7749152954588825,0.27453895659306793,70.0,21.0,1.9258664920174189,4.097814920060095,23.151261840828486,9.37865290195788,340.8447836702826,1877.5498116111423,0.9598807795836772,0.5678648182204102
2874,120,-3.095200547838302,3.095200547838302,3.0412243525859184,True,1.499922003827682,0.3118733212481595,0.6341624744417034,0.1461926428146014,56.0,14.0,1.4839961662687255,3.029578082230163,15.124637026990271,8.510759580405718,419.00714329439165,1648.683409097588,0.9870638889234338,0.8159357964341079
2875,938,-3.0395763750473375,3.0395763750473375,3.0192927332923176,True,1.49410656951957,0.3615287757582739,0.8196480910634509,0.24191537143622843,75.0,23.0,1.5803058165735855,3.139205266440465,16.449733203474135,10.12287232014674,394.20099617725384,1444.2609613301913,0.8557750673097209,0.7021944384331107
2876,387,-3.0789086874606713,3.0789086874606713,3.013622474009216,True,1.4311416934141268,0.34348670084855226,0.7587790465296316,0.1769233572112982,77.0,15.0,1.7563748268638875,3.4103784138735236,17.96880790447462,9.686345723563383,383.6701976017263,1622.1892883661758,0.9359428265818506,0.7786562854885748
2877,1572,-3.0148360584680614,3.0148360584680614,3.0092611932647344,True,1.4762972885879224,0.38703400497667717,0.8715306543051595,0.08003211928440446,77.0,18.0,1.5388085430036214,4.252474531562446,15.86455356677785,9.663221066343896,411.43272006561307,1051.5017909549583,0.9655010185060973,0.6694788329423553
2878,185,-3.0363079041086647,3.0363079041086647,3.004017272625679,True,1.4324876844573282,0.37036163950603873,0.815149343774827,0.1819854257979164,80.0,18.0,2.074135910852537,4.0514224964512096,19.858584678406753,12.878915468878906,280.47714931048665,2552.2504205611235,0.9611475182185453,0.8708111581717346
2879,643,-3.013563747540652,3.013563747540652,3.0031050949331046,True,1.453811026364614,0.38649361683212125,0.8944837822921565,0.10384639944050267,93.0,18.0,2.0450437581766234,3.7321437284840595,15.660994629475011,8.147015314612085,445.4020271439654,1399.5495694953288,0.8987276377467102,0.7874496196249113
2880,2588,-3.05558890171221,3.05558890171221,3.001568778014673,True,1.516775280809299,0.3672948840671204,0.8367797921526228,0.09341003608199805,80.0,5.0,1.7822422295472826,3.9920142391607287,13.872345027770212,7.784686734192152,467.07818268410443,1786.045142775497,0.9399459204921354,0.880570912204043
2881,2300,-3.069543992207974,3.069543992207974,3.0015297812146304,True,1.507225200031679,0.3421891044752581,0.7042187478666998,0.13388536865665995,78.0,17.0,1.70117619921643,3.3816382396240003,24.162338457496208,14.587960946522152,241.38024212878244,1508.4957743302873,0.8295091469509008,0.7774433022027363
2882,142,-3.0102410189940234,3.0102410189940234,2.9974430621487085,True,1.4324428210969293,0.3870832580656186,0.7376909895560557,0.22890898438673038,82.0,27.0,0.7258966532999493,4.0184448378254345,16.83718095932987,11.890720404322074,398.34803644979917,1244.0432050260297,0.8648790223524352,0.8453604908645319
2883,2874,-3.0381511845701907,3.0381511845701907,2.9947705881645397,True,1.4422757329493585,0.3875807459208352,0.7274129579448396,0.20014772270562156,67.0,19.0,1.2043508186021699,3.4465661238844403,24.237645577148594,14.045261850565357,261.7092217770842,2000.2643735474373,0.815095821875949,0.6942337929631207
2884,2397,-3.0563241296166246,3.0563241296166246,2.991217452133507,True,1.4315170106974566,0.382433717816249,0.8204318443023977,0.21634395196921036,56.0,13.0,2.057859976095382,4.185398505302992,15.485986797498594,10.793235203068988,390.0629574670141,1605.1236601656367,0.7491397612309528,0.9160776693338643
2885,664,-3.072055258068975,3.072055258068975,2.990774193639134,True,1.3136044064805767,0.36201842282780883,0.8363146452095502,0.2296350395107183,85.0,13.0,1.405495379952605,4.026477734993011,19.71148922618858,10.857028112775739,315.98844725055613,1093.6570701610322,0.9135972888073298,0.9549545411286615
2886,1134,-3.0479299266466917,3.0479299266466917,2.9897609238453837,True,1.5232035154963808,0.3945322419799979,0.8830394847740843,0.21756043988969637,75.0,10.0,2.4607015770135416,3.0662085089706097,12.4762497462211,9.27973725330304,485.2896431602613,1301.8799291192972,0.93663938167286,0.9314284844499772
2887,2484,-3.001094415553377,3.001094415553377,2.9896794384751257,True,1.2935859245074735,0.38437277099786504,0.7825585400038835,0.10179041274870292,76.0,20.0,1.1559268619445868,2.658284399438674,21.93968672799721,12.448065882874289,256.82285248883375,1256.647626715277,0.9717594807782924,0.8782112292045974
2888,17,-3.0314795202814744,3.0314795202814744,2.9824372473015353,True,1.5211142273853469,0.3451056263176579,0.6972914601415694,0.21939451461683496,60.0,10.0,1.7008136146275918,3.5277735719881154,18.44272875193444,10.326592204208572,316.4267077712483,1617.0002537642495,0.9170187091698838,0.8380597587897529
2889,941,-2.997335731028316,2.997335731028316,2.9808064646458177,True,1.4680449001485805,0.3882337300040007,0.8365546089326199,0.16562895293208393,77.0,17.0,1.882082590065239,3.751562846664395,11.85674748338637,8.764168069915064,431.0435209893605,2807.8425722428387,0.9621063271378779,0.9925831133433941
2890,895,-3.028624041435809,3.028624041435809,2.9799852183602304,True,1.492799705070477,0.32370674396323373,0.8735632358000844,0.24948934470870734,73.0,16.0,1.5314870037661503,3.7390605539442516,15.41798845813664,7.764517431471863,480.8921537776573,2380.09275458202,0.7576764657996814,0.7836283138161483
2891,2,-2.980357775755701,2.980357775755701,2.9751652480115016,True,1.4095207596922554,0.3755718835142947,0.801882774158019,0.12304148196275556,73.0,8.0,1.7689428583220985,3.9802421317793732,19.940681268000468,10.34113964830421,334.7832770423195,2774.4909070658478,0.9964791958474455,0.8652148235992356
2892,1303,-3.022852981979251,3.022852981979251,2.9725958629910023,True,1.5116158640321562,0.3715299504169649,0.8109531870480998,0.20284479624462506,67.0,20.0,0.9421048895093915,3.0256286052893633,21.440539116515712,14.562662311578409,202.4318831167804,2564.514763940028,0.8610346445113699,0.902880235613318
2893,274,-2.996297430391464,2.996297430391464,2.971708365961196,True,1.4619452978215468,0.2885112444445662,0.826197911926403,0.12817496122008476,73.0,17.0,1.3383048259428032,3.3734237024236493,15.119871524874872,9.290936890996871,441.7035337736037,2209.2285865517247,0.9171491253460611,0.9469918429972677
2894,653,-2.984778428864599,2.984778428864599,2.9710903380181617,True,1.3765728520382432,0.3772970132150937,0.8111933421221277,0.2102210118594246,65.0,5.0,1.7436627957142468,3.7951769994579903,19.908848750944568,13.324409051120679,284.6137689534535,2260.333075229932,0.7912976221819895,0.9926495760253131
2895,2488,-3.028385740332972,3.028385740332972,2.968654151238928,True,1.4965780964047983,0.363036805616175,0.8133520373662306,0.1719891489687983,68.0,14.0,2.2204702773753153,3.8333479567657807,20.063441157262048,11.331166726787703,293.12308327571276,2184.5524198189437,0.7844392121155148,0.9247980549371578
2896,1973,-2.992785347034261,2.992785347034261,2.9668416184812547,True,1.486290142384526,0.3184916710500504,0.8514178315636725,0.153361762705267,84.0,13.0,1.6749234179520358,4.267966142982536,14.56437759446148,11.263543551464652,348.14560645332546,2117.13190713916,0.932950077746851,0.9190601638789108
2897,2798,-2.960372830822488,2.960372830822488,2.960372830822488,True,1.3459979515362013,0.382989910276355,0.7072790196620298,0.2005923137987471,87.0,27.0,4.722172555763126,2.4650427915654647,16.618346604045453,10.745246447120685,346.14863863412455,1021.6324623860993,0.8561909280302045,0.7407134964829414
2898,384,-3.0336374887327002,3.0336374887327002,2.9535069620866894,True,1.5034740527096768,0.3484675253492838,0.8015966731262489,0.17584473920327473,79.0,14.0,1.821346974696275,4.363829991307349,21.496706528615682,12.398747007785545,313.37124104538236,1543.555316497506,0.7365976334940907,0.7556912327870584
2899,932,-2.963552434192536,2.963552434192536,2.9493609083269305,True,1.4329932646832824,0.39284629468694454,0.8897129328872302,0.1652707629737931,94.0,26.0,1.8958808556403723,3.7730942331275754,14.633569535803156,10.699658797224998,405.9855116654805,2025.6140870224563,0.8429560425977545,0.9182144501326233
2900,1590,-2.9492057370466935,2.9492057370466935,2.948024366767385,True,1.442399656155875,0.3816627771588251,0.7527432115584612,0.25259297145564086,75.0,22.0,0.6271164929003383,2.955801379854712,16.515881093640523,13.181786266374786,279.3782141813962,2895.332551694264,0.8416406032135446,0.949167829432845
2901,2257,-3.0213716690496724,3.0213716690496724,2.947447619348354,True,1.4951508219856438,0.37060982172594537,0.7463522815854999,0.2636576501655421,76.0,12.0,2.0606048984492524,3.664720131518499,16.89315764004943,6.9308296982768125,393.56719519102563,1236.7288775261823,0.8421665309273564,0.9093539071076568
2902,2963,-3.0102277283049026,3.0102277283049026,2.941735356643951,True,1.3788550421914725,0.3949905889134945,0.7213717607441545,0.12959721615209083,57.0,15.0,1.8058756394794948,3.7828831785922867,15.75587700627738,9.387380820272465,334.3787479102434,1760.5697710633226,0.892433132513323,0.9951651522461236
2903,5,-2.9406833949469853,2.9406833949469853,2.9406833949469853,True,1.4459818373752504,0.3907838230851088,0.7426823193124662,0.12938577931611045,84.0,24.0,1.526971086394803,1.4804293241832633,16.711935037227033,8.361189023516546,370.52645699437045,1553.2151585806535,0.8250335695421719,0.5186278323551732
2904,1412,-3.011672069877027,3.011672069877027,2.939929688067013,True,1.4953825673180094,0.3855507951189847,0.7839251130061332,0.10744162939825358,77.0,14.0,1.8199744182919646,4.287971801675607,18.555682300767096,7.5272680699706225,376.39858682842834,2020.0893520686766,0.8930887975606122,0.8418807249927571
2905,1603,-3.0245531493724505,3.0245531493724505,2.9395398294353194,True,1.4943053340735182,0.39093069566163974,0.7473346607043725,0.2599852957060366,61.0,20.0,2.09681758067594,2.977262751594719,16.99453037566918,10.489003174792428,317.82560526913073,1664.6178152367322,0.9330517511496563,0.8502874142326008
2906,37,-2.947516421031591,2.947516421031591,2.9393143603640137,True,0.9684025161955506,0.20297785667268683,0.3470421267673373,0.15097566402385257,17.0,2.0,3.8119484493508935,2.071427988819778,20.684903570852597,11.406448489117466,396.99168391525745,2545.8366585574627,0.5264682404953562,0.5148447714745998
2907,939,-2.947382462835524,2.947382462835524,2.939040240966129,True,1.5079528289921822,0.35686560655087585,0.7920935112946773,0.21916057459506155,70.0,20.0,1.847058324334085,3.0361169446937377,16.78308316363407,8.369342887155973,409.59300845709765,2357.3260360408726,0.9221428085298276,0.7421189420051577
2908,1700,-2.938925466021137,2.938925466021137,2.9384182981176745,True,1.4851715809907764,0.36892934177435105,0.8735969260599685,0.20922502702362333,78.0,6.0,4.581867051581527,2.1177154411561787,20.880681918933988,11.872630353997172,397.42532782256603,2508.975815027952,0.6201122114507207,0.5057937241738499
2909,93,-2.9664298149335018,2.9664298149335018,2.934247046746573,True,1.4073173101985648,0.3916700572632225,0.8133584215265861,0.13902417563109168,76.0,16.0,2.018647146408601,2.838987240469472,21.885065132491487,8.9980047491864,293.6109875391931,2396.613102741323,0.8813615659292204,0.5105394369404687
2910,1986,-2.931268307141032,2.931268307141032,2.931268307141032,True,1.4617991718038452,0.2896720623070082,0.777360077596658,0.20042533246546554,70.0,20.0,1.2861312572789352,2.6006995370770714,17.29995662447647,10.309297537574265,299.77623558905236,1353.0069883707242,0.9368748504050529,0.6723503077677051
2911,326,-2.9450039346651784,2.9450039346651784,2.9290514542118236,True,1.382436911049309,0.29655839486656027,0.7360625200606838,0.1895602836418666,89.0,21.0,0.6543340259930495,2.919118617042682,20.584201757392094,11.16184113873028,375.3685028030389,1102.0233652765696,0.8441172610616035,0.6899556522991519
2912,2833,-2.9702031873866632,2.9702031873866632,2.929035919460336,True,1.4772894654819035,0.2889522686121653,0.7955049723392605,0.1415682603405121,89.0,17.0,1.7644426103802107,3.7879803230446147,16.473676293854805,10.532779100556127,392.98895912924695,1044.3970786005038,0.877490424268621,0.8440436148249602
2913,1680,-3.027660372279721,3.027660372279721,2.927505210997583,True,1.5154301676174047,0.3926003415728002,0.8734131283587524,0.1594932000722809,75.0,17.0,1.6956587650673078,3.3065870571468254,19.175444905279964,13.897069806368812,245.7683294773717,1287.7679798404506,0.9324890723938831,0.7371394103044536
2914,2367,-2.9239175707977725,2.9239175707977725,2.9239175707977725,True,1.4104660055016618,0.39438921990017883,0.883478637703162,0.1914573915828643,78.0,17.0,2.8466378915851798,1.5933347551158414,18.679408075032335,9.651124817767997,322.6709047601372,1711.1598251249598,0.9328003197402738,0.519229156460487
2915,648,-2.952634379572609,2.952634379572609,2.923490649396196,True,1.4503967636921036,0.35089230285873796,0.8764615800735003,0.17650446665538694,91.0,22.0,1.1905067352762437,2.6087230717129923,14.206604493333188,6.18041719340823,462.50978660850484,2711.6055909915613,0.9779909588402429,0.887317121059464
2916,1649,-2.9759555841813023,2.9759555841813023,2.9204534697241504,True,1.3348645456587243,0.2552399147479297,0.5407686357605893,0.22992430988009305,37.0,8.0,1.6201250727492322,3.2614409055518734,11.69056559620841,8.761195316764555,332.89885683129967,1358.057887090079,0.8803917816460725,0.961188776381267
2917,1267,-2.9953887260144842,2.9953887260144842,2.915886031654991,True,1.4862203438959933,0.3051970127729753,0.8034329723580123,0.08460995799622967,74.0,11.0,1.1933323091142902,3.4933844676011425,17.35263145695534,8.671495177905708,441.6689620106134,2253.0331585613453,0.7570887347673292,0.7156157215673302
2918,830,-2.9575366379294064,2.9575366379294064,2.915362637605952,True,1.4007001560113976,0.39115792428306617,0.6475515972822905,0.24852348690833714,62.0,19.0,0.5185371058498665,3.920584878341191,13.093200946859143,9.953284686725619,430.04709311761343,2059.788263255488,0.7595311125757185,0.9966529594932232
2919,183,-3.0017016237122864,3.0017016237122864,2.914757100636719,True,1.499095837831248,0.34084873951121825,0.7686483566544271,0.2484700544409676,54.0,14.0,1.9898884570899027,4.217612954572708,18.638763341689852,9.619202236589787,372.28478561906644,2456.9342771775923,0.9069081080634638,0.8226547870602461
2920,3020,-2.9395282480991907,2.9395282480991907,2.913171601308139,True,1.4624939969101216,0.36880181528377726,0.8338614087761145,0.19489026076299543,75.0,19.0,2.0603524284229238,4.484622189243088,23.6410526008465,12.087141603572276,291.75847204764284,2086.728824715259,0.987526416986181,0.7468281870428162
2921,617,-2.958661071705699,2.958661071705699,2.912109037660025,True,1.2622613453799232,0.38178799290025556,0.8682954066838204,0.2676227877018601,92.0,12.0,0.9456667843379556,4.4671627748436,23.418976615581613,11.656168052186151,337.9476523297911,2031.8935240104993,0.7411131299714155,0.7512402078643664
2922,2917,-2.9177362373212157,2.9177362373212157,2.9119667838374843,True,1.3110779730038795,0.3613987790780042,0.8464762842766811,0.1650312334574811,94.0,16.0,0.6007749850555646,3.4299521843684797,15.857162457434272,7.882268581821085,427.49177405724464,1419.9926763232356,0.9034375316737899,0.7230940999897867
2923,1217,-2.9267389670176622,2.9267389670176622,2.910118396209945,True,1.4547564416718008,0.37343248636821125,0.8116745951029977,0.2751767508317572,83.0,21.0,1.6620145773963626,3.667997480254997,18.08312038967031,7.6233403996540625,411.3919082442506,2151.6705917452437,0.9729711192391748,0.7354384523300649
2924,2791,-2.93616281283752,2.93616281283752,2.899484387053867,True,1.5215041414983481,0.2732711058616702,0.7792301269926392,0.22762227930909637,84.0,8.0,0.9405651292268966,4.1799744575121505,15.71866726728439,9.569725753976824,460.82640569393,2951.7693429204487,0.7979337016208834,0.8214142611359705
2925,1007,-2.9102334137645673,2.9102334137645673,2.8972315507152873,True,1.4361485921147943,0.3346195372573532,0.8997331872849885,0.2660281973727622,93.0,15.0,2.8485337162906883,3.8649623927025325,13.442133334606172,7.799593498978457,396.49148923266245,1722.7212307080586,0.9316676599250423,0.6782963850163679
2926,2922,-2.937452014696452,2.937452014696452,2.8945265027042297,True,1.473442484597303,0.3939962180772466,0.7240119577508548,0.12815511315690764,75.0,16.0,1.6892592343422321,3.966729036196454,20.668159799561955,9.52626476630056,388.2747626611206,1778.4701891438915,0.8358996060087189,0.6118935183224917
2927,2978,-2.9220520479853063,2.9220520479853063,2.893997123768697,True,1.1865739863662657,0.37863795460944333,0.8079214738403613,0.13506914028904607,60.0,12.0,3.6088551787437693,1.9920737013581566,17.10797380656004,11.923876817759147,330.85291907191277,1373.044454171848,0.9457971192938346,0.5937309910657447
2928,656,-2.8917268026548593,2.8917268026548593,2.8904964735584864,True,1.1944425953135696,0.3391125380134099,0.8252390194289088,0.1510626334312719,91.0,19.0,1.1350193625999072,3.399487510270561,15.804221546277404,11.92054916909889,379.3807174016768,2007.6997976737982,0.9112008763730653,0.81495152747347
2929,1588,-2.974713277312706,2.974713277312706,2.8900471004007824,True,1.417588799956356,0.3087493472562213,0.7995939767029233,0.12920748412595576,54.0,16.0,0.8919213693020474,2.069495533841985,20.11761911061571,14.446061757997132,247.1459202785502,1237.8509865677074,0.9413488602108699,0.7768525616907773
2930,1686,-2.893347845736427,2.893347845736427,2.885074347411832,True,1.3536664644744798,0.33010381800654204,0.7831448139622808,0.195385081434144,78.0,13.0,2.8824278137359505,1.6993936586911451,21.44457065500319,14.991955322740345,268.78986320913134,1538.6760758710784,0.7179270652788962,0.5204759711055513
2931,611,-2.9185596482309384,2.9185596482309384,2.877620063691243,True,1.4485066184382633,0.3635889449760473,0.8122743675436679,0.23846344925855747,84.0,17.0,1.9268591133335453,3.9395258957492003,18.5962216978785,10.314120655058032,398.25372948353333,2637.165496511815,0.8561190705967805,0.7705071983997098
2932,49,-2.915329115436523,2.915329115436523,2.87506571740075,True,1.3481955461380652,0.36491210681345376,0.8864999135360938,0.2723002637925811,97.0,15.0,1.9745417915467538,4.2203958932118155,17.48138191151584,8.064101228376732,442.3237839325366,2663.301873872718,0.9827873217417714,0.8525395752742994
2933,676,-2.941624883403246,2.941624883403246,2.8731870657847405,True,1.4803007812573936,0.3571190859959445,0.7251567971693341,0.26010316042772014,76.0,12.0,1.7162087190088848,3.0186286705184857,16.904446578036623,7.510798541978775,367.84598599659046,1817.0095379129057,0.8213994438059631,0.8563963101022375
2934,2714,-2.8801745125796527,2.8801745125796527,2.8647578911627223,True,1.420160151495373,0.3719578503796879,0.8388071096887193,0.26022550779337317,93.0,25.0,0.8790529588095395,3.4086527543519796,19.425631161568347,12.388020997800243,345.6710553011505,1042.7084590347051,0.6856278980690602,0.6975872260184391
2935,736,-2.9561680648156026,2.9561680648156026,2.863954178895672,True,1.4567671548977574,0.3695801533881481,0.7267023378882315,0.24903809996326048,70.0,13.0,1.4870398908558569,3.790128853626498,20.85057463764709,12.658780506501147,309.2436418367694,1349.3186957039104,0.771949870702446,0.7044568938063869
2936,647,-2.856741552081736,2.856741552081736,2.84655256693143,True,1.5071114701510584,0.3849259233245582,0.8737187502255976,0.22498186949886045,88.0,27.0,0.5314597466124176,3.752118000401836,21.983061808150932,12.182587678370378,331.49522846844826,1939.9598725227145,0.8898630094919662,0.8617271857246243
2937,2826,-2.845963865082002,2.845963865082002,2.845963865082002,True,1.4769677523947515,0.3922119285861585,0.8698507017708454,0.13368493577293772,102.0,32.0,2.057000341047922,3.4403313635040105,22.090132606031005,16.642656077817094,289.78778507650617,1415.2065639293642,0.7853422706255111,0.5373093628409965
2938,528,-2.9034339584030953,2.9034339584030953,2.845573257574646,True,1.2879274129283624,0.3936802063923707,0.6688868299721502,0.23883365791418568,54.0,18.0,0.6928133720373619,2.6223983681898146,18.414104192967045,14.295459855120406,266.30939652426457,2170.825484998545,0.8169304462192195,0.7378698534704389
2939,406,-2.8443824042199015,2.8443824042199015,2.8443824042199015,True,1.3506536617509601,0.3422915704661406,0.750425867102251,0.230134669572178,84.0,17.0,2.3961591364651245,3.7579529605254183,18.277717848373655,10.895940491384891,341.6007118503501,2816.183817764182,0.9480315388336275,0.5690342532470822
2940,130,-2.908289960650241,2.908289960650241,2.842654294781961,True,1.510606260437789,0.3450748722173311,0.6421818425926112,0.08391842150523154,39.0,9.0,1.9872315730899572,3.3740819983845083,16.22246083672551,12.429364673313595,329.73170443455984,1858.440637588501,0.7928045894950628,0.8666474116854872
2941,984,-2.917594084568895,2.917594084568895,2.842347197760047,True,1.4204259388457932,0.3620622766645183,0.7718524287338966,0.1340473080112616,58.0,15.0,1.649529658949573,3.1869254348055254,11.106449310701308,7.806957759114091,476.07260681061734,2013.5030073231997,0.8692645699597239,0.9208038587431251
2942,1673,-2.9288562912492058,2.9288562912492058,2.839409632028607,True,1.3993432064018687,0.3825945270704759,0.7939174367163347,0.18016408355404878,66.0,17.0,1.4799566378845785,3.6429680238586086,15.046216319817239,8.386034752403486,487.73497881648177,1325.9259193884304,0.7602785883875758,0.9301637867683953
2943,2623,-2.886076522133822,2.886076522133822,2.838063958741054,True,1.4102820941302,0.38364123139238165,0.6316216185418473,0.08969450417382183,64.0,19.0,2.2791525610295,2.019412860497413,22.67406948733876,14.688038004398917,220.6427703628688,1808.5805629884721,0.7813293463179749,0.6946722667730811
2944,1339,-2.9255424068677947,2.9255424068677947,2.8380463403505622,True,1.4690784175423817,0.36817631290295977,0.8686824935946669,0.19376508743801485,76.0,13.0,1.8169854880170924,3.1215013359659025,20.696621258896506,10.30300228082882,349.89768083578554,1756.4328363630743,0.9091490480852187,0.7565415080398168
2945,1854,-2.900138937903924,2.900138937903924,2.8362563107973178,True,1.4757978744298317,0.30877007968278025,0.7603114583301108,0.17408566952348242,74.0,15.0,0.9924772648419808,3.0907390878409093,14.876133814415018,11.442852856535684,406.521229816694,1782.8417411655298,0.5955680022346712,0.7692187212587743
2946,2437,-2.8766789064441367,2.8766789064441367,2.829234513173124,True,1.4774772087382495,0.3893623710077211,0.7405781658381207,0.1333532372688825,74.0,12.0,1.906317507724492,3.7866754803013567,18.69804316531027,11.37683694752349,305.50232030039865,2748.3895972097184,0.7909494291565378,0.8382587857253594
2947,458,-2.895057784468601,2.895057784468601,2.825332533147113,True,1.3997441239406847,0.3814800469719807,0.8438720001108222,0.12970684819010747,79.0,18.0,2.030887730217175,3.3681246732761494,16.256426449656207,8.90304237715926,303.80212764140794,1521.1649744891715,0.9546758494946435,0.5990657525273064
2948,390,-2.8531920619108893,2.8531920619108893,2.8214836890170596,True,1.2389612472233458,0.37924062228113237,0.7912193158553061,0.14389816508901887,73.0,18.0,1.1988378125656958,3.5322896245285147,17.12406118930226,9.001740416550875,372.4470267603258,2146.019888068654,0.8700069492765246,0.9393002590878143
2949,599,-2.8335446672053934,2.8335446672053934,2.820955756037884,True,1.5066397606820705,0.35908664290105435,0.7370994699533292,0.28963002458150244,67.0,21.0,1.8571640989805802,3.712483691099597,19.779870168089964,14.033580279251314,201.81428489413625,1438.6545359210495,0.9986414472124929,0.6415794366674372
2950,270,-2.877042061739054,2.877042061739054,2.816990082293052,True,1.5052555082304862,0.3712966461242542,0.7095985994078374,0.10882407785398214,67.0,11.0,2.025520411010086,3.906030670476759,18.16949550485574,10.044592047611886,396.6399856436887,2704.2509873268255,0.9490312554206177,0.8032475446722922
2951,1229,-2.884424722555091,2.884424722555091,2.8117565361940007,True,1.3156956625834082,0.37951830532493297,0.7556485426034452,0.08073343498395578,84.0,14.0,1.680859762736345,2.2222704511021503,16.091341669796986,10.44446700675992,297.1758438799934,1503.2191370980327,0.8792473966646306,0.6898395221241056
2952,1156,-2.827365430432756,2.827365430432756,2.8074422067588745,True,1.338825880465447,0.31224301543004984,0.8073409665934559,0.11965389477876127,79.0,15.0,3.4297260996355234,2.5441583059755306,15.89965054308283,10.96968272579983,293.26247999415136,1716.5178044953207,0.9389815708645387,0.6808618500427213
2953,1281,-2.8787289145128145,2.8787289145128145,2.8063212855896245,True,1.3059135811792182,0.3695771486081612,0.857358882972021,0.2482486067752604,62.0,15.0,0.73900001558569,3.3096003187301326,19.12277640098442,10.716357760427407,367.9416443308583,1403.2880516656637,0.8266983402636852,0.6060988693538312
2954,1273,-2.8441426844943773,2.8441426844943773,2.8062054209440577,True,1.3961407028874964,0.3866817077838548,0.8020710425353716,0.21366120357600715,75.0,13.0,0.8347732104222432,3.0014902045773075,17.091426346045466,9.932420895231328,305.99830746650696,1904.5887520821423,0.7796290919515185,0.8856815691113464
2955,2864,-2.8899387143962305,2.8899387143962305,2.805637785882442,True,1.2472003407216996,0.3782076030712931,0.7932249198419958,0.2735317671003805,74.0,13.0,0.6318832663116769,1.5783632553745717,22.038583462024654,13.08195472376865,263.85152507573366,1665.9222862389124,0.7756496986262928,0.7227461153409271
2956,2728,-2.808949294443629,2.808949294443629,2.8053580338830346,True,1.4655485780009647,0.30399769037169155,0.8204908656577096,0.23634202862357778,86.0,24.0,1.2563241132900032,4.286130230969594,20.17478596225257,14.729549108177658,338.6842290280849,1181.1589269495998,0.7653237561960939,0.7590432453066467
2957,2349,-2.8415388883727446,2.8415388883727446,2.8048741532643304,True,1.5118113283957428,0.3971871043155517,0.7550283179125798,0.24759308424394505,50.0,15.0,2.065892182280717,3.4767974772769725,16.296916191290723,9.876111176243068,340.9558076757329,2243.358384977053,0.7937981868700792,0.853933719637233
2958,2760,-2.8272112571058923,2.8272112571058923,2.8026557691439065,True,1.319644143037835,0.39466645252144683,0.8864404104854265,0.13565247236690495,86.0,19.0,1.6446178999118994,4.074822267338959,17.215444235225803,10.376286518808845,380.23138478117653,1327.4317296033446,0.936031573895536,0.7373621321238351
2959,2544,-2.8677103520566645,2.8677103520566645,2.800130110054762,True,1.4807117502517753,0.33149920851189313,0.7516037011907731,0.19658387625229765,56.0,10.0,1.9976171006003742,4.379034178279323,20.902410243026903,11.039755247642564,335.59333711152584,1400.386837937829,0.8515851981136634,0.8269808234314964
2960,1025,-2.80583783510928,2.80583783510928,2.7991846078854206,True,1.4268717963303275,0.32450980102375154,0.8248808718062975,0.2726668718620986,74.0,18.0,1.2125935491805353,3.6212703463696307,17.95150277206573,8.181888804716351,352.6939227245748,2011.2049083504037,0.8831429780327174,0.5068055577850332
2961,2817,-2.830037393448356,2.830037393448356,2.7988096810605163,True,1.4544237076539623,0.3987405101708222,0.8853697693371705,0.2763861204497516,97.0,17.0,1.9189549199502105,3.146937141754793,21.456221374683082,13.567720889800805,278.7836178319694,1563.9373355287248,0.8506704051300573,0.6720610149130478
2962,688,-2.827423518505897,2.827423518505897,2.7942707975944834,True,1.2956712610956618,0.37015405728775075,0.8775194243646942,0.149321072798635,88.0,19.0,1.7298432910703485,3.6460401062276784,16.050422287000384,7.2323433274089135,443.6449449731664,1745.3242342408867,0.9108515087722069,0.8458114859337932
2963,1048,-2.8530628226132406,2.8530628226132406,2.791325136831151,True,1.308281012626485,0.3648713190364421,0.8616957069842082,0.15371252403276633,92.0,10.0,1.7842988707000962,4.164800092639571,13.52240881613967,8.668503014720315,433.1760081004177,1545.311397799587,0.9545991072833414,0.9316034937627007
2964,282,-2.7943171959132567,2.7943171959132567,2.7909644707386034,True,1.5077845871829791,0.28773697749241667,0.8424010019749404,0.09242422361169668,74.0,19.0,3.7895548014419296,2.8468512909470673,19.691948389806587,9.04853913257643,327.72641066431896,1843.0122015878271,0.8786349124549955,0.699361209417626
2965,798,-2.8005369434234875,2.8005369434234875,2.788896873320588,True,1.4540207397060159,0.36107069764286465,0.8308832266363512,0.09629756948037843,87.0,14.0,1.612556105957152,3.837548277481458,19.205677124228956,11.163770354491122,351.9849752510756,1689.6493370023827,0.7968353013049765,0.9402864551008958
2966,2835,-2.8348525762956887,2.8348525762956887,2.779337971847171,True,1.3727782652399543,0.38261339181658227,0.8184320749735681,0.1828945497656917,65.0,7.0,1.458648722153157,4.249941030965686,19.202852484474253,13.785263933083334,282.1171130182273,1256.405756627585,0.7234495123144606,0.7667543055519739
2967,132,-2.8003205526547896,2.8003205526547896,2.77820360374065,True,1.4803531116262678,0.36935147157039483,0.6193999222741629,0.11914857300397508,47.0,11.0,3.3124007513829743,2.1111150607466698,12.67576805910269,8.132133087870317,417.28814613783334,1496.6727840662459,0.9441530954134785,0.5221325708990718
2968,2859,-2.76985323224827,2.76985323224827,2.76985323224827,True,1.199816338657029,0.3557574474758739,0.8110309131805471,0.2686954732254866,76.0,17.0,3.3068535290867693,2.0629275453752247,12.571980529419946,6.2624899057917975,488.2118293619685,2191.699248257324,0.9628587606309107,0.8230662262303303
2969,979,-2.7824701932563545,2.7824701932563545,2.7690494096442513,True,1.432260704793265,0.3420898847381206,0.827667243316466,0.21173478074131147,76.0,16.0,1.511892517162203,3.4513091846525303,17.91765782982111,7.200541874096365,441.6652711129268,2186.6646343747393,0.9301984837484609,0.9227328161364898
2970,698,-2.8066800656681963,2.8066800656681963,2.7633258253184367,True,1.5053092357874072,0.304266210903379,0.7440847505172365,0.20701302597573112,48.0,10.0,1.2760899155544436,2.2818083221670316,21.992969430725495,11.714091549833604,285.8036998884603,1584.983389110367,0.8737254524412066,0.8846071409665827
2971,1371,-2.8801670885340003,2.8801670885340003,2.763203149420098,True,1.3884811367074268,0.32267260268144404,0.8376688632203382,0.19538329683773342,72.0,16.0,1.7359205570847474,3.838933025731464,13.298669960077254,9.181671716349527,473.19930032948474,2015.4742331047823,0.8101473338733608,0.8217067030454384
2972,2590,-2.7715197836188685,2.7715197836188685,2.7609774213911895,True,1.4663986982631105,0.35240850059290474,0.754736024489411,0.1256694360499123,82.0,18.0,1.0708273183310735,4.254378777992763,18.985234794881293,9.846320852276508,415.04739925101376,2589.462060357242,0.8163736219545963,0.5491663178424878
2973,2881,-2.7942375899954093,2.7942375899954093,2.7596865828854065,True,1.5083703277187013,0.28486351432574475,0.8941398606402405,0.1428460510720277,74.0,5.0,1.0201492620669677,1.9118995734486441,14.7047545380682,9.640311611454578,397.5533086683621,1407.811995467966,0.8568497050939385,0.7208155692610247
2974,2938,-2.792474207781487,2.792474207781487,2.7547113503986194,True,1.4874583186268473,0.3230335901686853,0.7801548386459227,0.08855177773583944,77.0,2.0,0.744863256333189,3.588971070809917,14.461748966396945,8.196999831559395,453.8551292400734,2407.3765318071473,0.8304128299575103,0.7237334263085162
2975,106,-2.7558654119136325,2.7558654119136325,2.752240626145912,True,1.4362009976131065,0.14530448723584413,0.6047195742757737,0.2542066155122849,62.0,6.0,1.2677921154705931,2.1020881376942127,20.84512949351568,12.049676238398199,264.1628909713576,2849.3940456302007,0.8994350582301402,0.6118476149000524
2976,2615,-2.7836378073839105,2.7836378073839105,2.747466804919349,True,1.4901632715044881,0.3587730266970631,0.7646574079080106,0.16724128982730477,81.0,18.0,1.5515735226606238,4.290242115312322,13.672268035956598,7.517035721007504,465.5714811981035,1620.722137854385,0.8238287268587381,0.7416108783942923
2977,2411,-2.7627720756664074,2.7627720756664074,2.744088510793845,True,1.5079249470992724,0.31162466885257745,0.8524934153607637,0.10311265160244769,58.0,4.0,1.8336473069263939,4.129258120736002,14.960734785038827,8.889876663595388,432.78625112061854,2316.5466146266635,0.7444765514664049,0.9055691716249198
2978,38,-2.792288721370806,2.792288721370806,2.7435856447238436,True,1.3714182580421155,0.3218836242608188,0.572310128043997,0.250393717663625,56.0,12.0,1.5691054828921653,3.129270605669101,18.55703734002885,8.951078947318361,358.70820842044617,1194.4706173025188,0.8829743140255779,0.8525268279687057
2979,179,-2.8074502486207757,2.8074502486207757,2.7375909610535105,True,1.4886842754287708,0.3128335536632592,0.6835082384545428,0.11563758511400368,53.0,15.0,2.199712482918677,3.56010341909283,15.131154756437128,8.886318065067748,457.23152376222964,2033.9992849942644,0.8799233547263025,0.7731919768668272
2980,2954,-2.7366482376251873,2.7366482376251873,2.7366482376251873,True,1.5006860147682026,0.3164849565004761,0.6610993567431732,0.12810179681702372,67.0,21.0,1.9086934721919016,2.494633295827808,22.947275502199354,12.901779594540304,240.06757768247866,1214.796088253234,0.899076746707917,0.7452863170883125
2981,2202,-2.767039146125632,2.767039146125632,2.7358222796123597,True,1.5179854037114475,0.3802532957233292,0.8111286351440731,0.2165023034956215,92.0,27.0,1.5556036794605237,2.536957891720557,16.84643343946927,11.547008886990442,299.18142149828464,1796.5922367415483,0.943575659765521,0.7194061270991242
2982,1321,-2.746185346784223,2.746185346784223,2.7301953552132074,True,1.4620788204096762,0.3790037439493429,0.8084027181879467,0.15266585381538236,59.0,16.0,1.4313700783948002,3.5985077681231434,14.030407068447413,7.5607543626389635,447.49105794157254,2442.6815417330245,0.9226533769137237,0.7333102257854344
2983,765,-2.7338035376826726,2.7338035376826726,2.727826116504631,True,1.5165346668623387,0.17338621072471141,0.5897655805572868,0.16642619159072636,59.0,8.0,4.598855944350362,2.7833615271374583,21.634740908630192,10.257751698844944,362.9039759747684,2453.666577115655,0.6259097787551582,0.6923201703466475
2984,2564,-2.8033500259545607,2.8033500259545607,2.7248759705824637,True,1.279340999293005,0.3281244939250753,0.7886160179484523,0.13214891362446254,64.0,14.0,1.226047624678057,3.416389385877557,17.02681677647561,10.353405383354232,382.04670878045124,1008.120338125416,0.8325843582325105,0.789106858536188
2985,341,-2.7300562053496296,2.7300562053496296,2.7240454310081668,True,1.3998164594210571,0.3869971258451559,0.6710518814123692,0.1999512639653333,70.0,12.0,1.0981518404290784,1.8976199993961735,16.815113106247527,9.686728680188828,264.58919540344715,1598.9253235992587,0.8840054932349068,0.7164832876340005
2986,2790,-2.740708595012265,2.740708595012265,2.7218565830007533,True,1.2808686820037716,0.39804026098557677,0.8675754520752574,0.11691686653986974,51.0,16.0,4.641631965070409,2.226590092441353,17.423515251908793,7.805633147784745,407.3835652340153,1331.3617910191565,0.9892169592286753,0.8137455215561337
2987,1187,-2.779293848232669,2.779293848232669,2.721801923475285,True,1.4184523621892702,0.3594061048995242,0.799675646033966,0.216998744621548,47.0,15.0,1.5299787571461607,2.8128187128052407,16.090117023694926,7.558496336788817,391.96909074357586,2808.818091716047,0.8914602976340043,0.8669186771158741
2988,2671,-2.7174096517726407,2.7174096517726407,2.7174096517726407,True,1.4910660042966126,0.35906024654290414,0.7821163980332408,0.23531136971061703,93.0,23.0,2.332694876739896,2.5577496199182588,15.4775810329444,6.984019293774662,354.65993331745267,2661.19407009565,0.9895080068840563,0.7302601511798137
2989,2248,-2.748425526127983,2.748425526127983,2.7149170828850906,True,1.4108421514481013,0.3942088194433804,0.7411034277877471,0.19006594457814385,69.0,17.0,1.637120125644061,1.901784018767109,13.28494157383048,10.264958532238422,392.8507858225088,1373.8001817945578,0.9473367335719691,0.8856760095278441
2990,2756,-2.7356877463675278,2.7356877463675278,2.7103277191072164,True,1.4576585219950313,0.37831532104722465,0.8862566822103333,0.1635332388381285,87.0,4.0,1.8783724798365897,3.609326841005064,18.016322419877817,9.148310132615428,377.58159939269893,1857.5517191954227,0.8466384663667818,0.876544631151289
2991,1889,-2.730455024808462,2.730455024808462,2.708618899373449,True,1.4431373231616955,0.371169177134532,0.899259218738595,0.22598139872487794,82.0,19.0,3.415773836551083,2.4442742596972713,12.724730911480114,8.612305889069916,393.94374535307884,2513.5254948236793,0.8366125648058147,0.8727577471421787
2992,2971,-2.7888630586600636,2.7888630586600636,2.7049576869188856,True,1.236665176778987,0.3832468583371408,0.8032161576989015,0.1555586829486017,83.0,13.0,2.5347809043236746,1.8612980639756331,17.00151173361591,9.743408015154092,316.4895241045814,1095.2448207057923,0.8975331489822992,0.6320021178605197
2993,1429,-2.727837056591384,2.727837056591384,2.70290475696324,True,1.488636106756581,0.3656985582830015,0.846583278550836,0.25037439013458124,66.0,19.0,1.5501298339320644,3.062289419076359,13.435083060242789,9.48491818197546,406.6314446406976,1592.4845288651654,0.9862638681551847,0.7026316410523266
2994,2851,-2.700439522361409,2.700439522361409,2.699452546680813,True,1.4818938886625896,0.34158421061194133,0.7578025858059724,0.09376666936038087,84.0,18.0,1.0278961188620246,3.7973188564167106,21.38718027827268,10.056003796525854,454.55523765680823,1798.1103610675066,0.7127280746094344,0.598433556572384
2995,1979,-2.699342674751199,2.699342674751199,2.699342674751199,True,1.516723777711633,0.2918293166119523,0.8931211521141115,0.1616517461477308,93.0,17.0,3.364518903786295,2.460470773480831,23.01502464069936,16.058937145014013,254.26141621434704,1625.2606720105437,0.7630593843010018,0.5072434921445184
2996,919,-2.745373034760911,2.745373034760911,2.692673413753526,True,1.5068060578864957,0.3968586923887798,0.8646303849062441,0.10024740775159785,66.0,8.0,3.065185502427475,3.948223716035281,15.710671249624152,6.320102747980648,447.4041139324429,1056.6037895292347,0.8827663901206697,0.9782183442434336
2997,1903,-2.7060721019284335,2.7060721019284335,2.6924353000362604,True,1.4953557357235636,0.37162287930075505,0.7949759178616852,0.14496656028793165,72.0,17.0,2.2192518025918107,4.059545935153883,15.215533698518154,9.548803961482108,460.76217732969934,1568.8459278299256,0.9584352914026635,0.8961580494659083
2998,2975,-2.727092934250878,2.727092934250878,2.690488794442206,True,1.3388737029376898,0.35856633213668054,0.7391638274156336,0.2090682056546211,70.0,17.0,3.4991085218948923,1.1211914338242885,13.645388070907673,7.5024383131347605,406.72505349988404,2054.002978883768,0.8620225259711298,0.6964616495299343
2999,2866,-2.720816236771931,2.720816236771931,2.6901430682374627,True,1.4132327143536063,0.36666623077731264,0.7911677957142824,0.15689670925959942,90.0,10.0,1.589723834879111,3.593793264493014,13.16165343070006,9.821463947585467,483.58611217914313,1361.2421415222104,0.6430116121746108,0.654825214331773
3000,1121,-2.7159766870993245,2.7159766870993245,2.6874235321225504,True,1.0837431963623583,0.38520481534937656,0.8356411584899048,0.24475327406298336,86.0,17.0,4.370105380454664,3.9583294110121563,21.94271542051633,10.652766424368973,376.1235994047704,1816.4606670543785,0.8776339794892559,0.560209486463312
3001,1173,-2.7314938540016978,2.7314938540016978,2.6856044888177446,True,1.2259401079106649,0.3827939922438254,0.6847630294242923,0.25636863387134223,52.0,15.0,1.3837648763830663,4.254323910809335,15.811695222674617,8.846398904970425,426.7188227543729,1872.7640847912637,0.9191299621447738,0.8206515189273149
3002,437,-2.764633765496544,2.764633765496544,2.6837810345197135,True,1.4470327635889535,0.30673558906243087,0.780420525503249,0.15468035220993215,85.0,7.0,1.8270010776815435,4.315852098978193,17.950180599756415,11.769682218516303,338.8717211194718,1681.6582961548004,0.8991722627953719,0.8006432015527813
3003,2339,-2.7454342897505155,2.7454342897505155,2.6829995601669294,True,1.4357903780720034,0.3805630543798028,0.8990652866788638,0.11061016163179041,60.0,11.0,1.7666944811368221,2.589618173552524,17.171963621153978,12.205023268434736,337.55803323446537,2238.1783587612754,0.8818505669603699,0.8244568197709277
3004,1359,-2.780773637018375,2.780773637018375,2.6826762935441044,True,1.485642110263138,0.3888956133366856,0.8227137060093819,0.21308469293321672,67.0,17.0,1.6712424038470106,3.8526777070646596,14.162565082779881,7.659500340420092,498.0550194960292,1754.4642608986956,0.9459668749827709,0.6333979397089189
3005,2842,-2.700903242254842,2.700903242254842,2.6809547606569084,True,1.339961917470039,0.26715385850518947,0.882659048790398,0.2419496023346871,28.0,1.0,0.8118153030051694,2.053402816184007,23.992097311065006,13.608209854583755,238.44019249081612,2789.8823626547555,0.9742828303171527,0.5949786157579338
3006,2004,-2.6976610234139726,2.6976610234139726,2.679755549095155,True,1.4485375003965721,0.27076686890951046,0.8461763850787717,0.17200147787654874,87.0,10.0,0.5409075504677463,2.020391141320129,13.878037758469988,9.618982068288025,322.49425031782437,1609.1399786633945,0.9341919896628375,0.6524238904622232
3007,82,-2.743144352639793,2.743144352639793,2.6767997026072923,True,1.4153592757189688,0.3536727522781906,0.76309938320858,0.10877655209567513,69.0,8.0,2.2261041810832563,3.3362388442563358,15.006113964684133,9.227851355870785,376.2073861920793,1427.6036499502156,0.7344170566502671,0.9398572060307911
3008,2689,-2.740513631829163,2.740513631829163,2.6740857675462877,True,1.2812455307376367,0.3627953262232948,0.8306373610489058,0.13546424979589483,94.0,9.0,1.534979976784374,4.20968800097646,18.56767803945141,13.482633246868797,372.395111856057,2783.6239299881004,0.7643666466616896,0.6724477578759854
3009,763,-2.6867866873296236,2.6867866873296236,2.674013930682485,True,1.4372096601593953,0.3365501227029541,0.7944571450731993,0.2498807092956283,82.0,20.0,1.461156681612559,3.7439529955798774,22.24241639217686,11.941901557378703,316.87835031174774,1550.3148947435668,0.8800722314317597,0.9249777931045746
3010,3059,-2.672281073762928,2.672281073762928,2.672281073762928,True,1.3671767507265737,0.3145968400678189,0.7202605403039808,0.1777315126300003,83.0,21.0,4.124728206461532,3.690578677653885,14.906790676089544,10.881963320745559,383.1340972635753,1639.161230760073,0.8623452678300363,0.8009908403675855
3011,2240,-2.6979953839062856,2.6979953839062856,2.666343675695987,True,1.3043558769784753,0.3620414223445255,0.8139788581555036,0.14841394619603304,67.0,12.0,1.8636824122437237,3.278279050098506,15.570046466874867,11.303965648130836,372.50733408111495,2526.015307968923,0.9948633908122491,0.7712271155975794
3012,2888,-2.7299967842328337,2.7299967842328337,2.666091284371007,True,1.3929982605612583,0.3606710350456001,0.8365967452695535,0.16869683917339243,72.0,14.0,1.6623173028089524,3.845270731832726,19.276223849409032,9.63421480376136,307.14466484761203,2328.108672363195,0.8312528325083137,0.6257079420162892
3013,2017,-2.7116521576426527,2.7116521576426527,2.665109252582102,True,1.2783281668098558,0.3398395767929765,0.8141855309477093,0.12072714011765116,79.0,9.0,0.7088511226556498,4.046010467758791,14.016257376854893,8.55581989535552,448.1839072729182,1178.8861607176814,0.9516942273769566,0.7132206016016558
3014,1086,-2.7348756264008056,2.7348756264008056,2.661292182049735,True,1.3250658194345843,0.3997237699199778,0.818763290220905,0.2485495961968379,72.0,13.0,0.7390733330495598,3.590765339330956,21.605082674176224,11.764502438931977,238.09871392677917,2607.3341842997456,0.8864882996037233,0.8726623310085877
3015,3007,-2.696062539232906,2.696062539232906,2.6481783390466838,True,1.4730386166635525,0.3938382222641954,0.7555530901483036,0.1675733364864931,83.0,10.0,1.2673710289543338,3.55260479026282,13.726260740786673,8.36968798028247,464.6451153540206,1439.1485718713707,0.5943838156551091,0.8020073181821494
3016,2100,-2.6875518374241887,2.6875518374241887,2.6478218089798586,True,1.401422995460597,0.37622136133717576,0.7735427170971331,0.1740777896534293,77.0,19.0,2.0777187335112615,2.9387113053431277,17.50319636181362,8.730403519360149,356.7148578588593,1529.3549686757822,0.905553202385053,0.8033151654689517
3017,917,-2.7085550128118494,2.7085550128118494,2.6451207018073686,True,1.4339569270736499,0.3803867289412715,0.7783813179592745,0.19760039395520462,58.0,15.0,1.6593630386049172,3.9558381071256035,16.926901734206258,7.158451329007985,488.4226907707456,2955.002277713112,0.9590986978703622,0.6919318948447514
3018,2884,-2.650402039951122,2.650402039951122,2.642321385683669,True,1.3768677421343414,0.3581393049877686,0.882741342267056,0.13290921779349446,97.0,18.0,1.780720671905716,4.460957232004245,17.222648527698226,10.701799750338632,396.96208632057784,1497.908830262812,0.9934193188843161,0.6699591253891224
3019,1474,-2.6791344978643727,2.6791344978643727,2.6376830703731176,True,1.4240889056623405,0.30380296636372806,0.8549345835064925,0.11084565000179691,87.0,10.0,0.6669174241865323,4.2944991254123135,16.43710157547144,8.540973862509436,399.2904405201097,1592.1688123121835,0.8213241920094467,0.7422237258918285
3020,1029,-2.6598933787046075,2.6598933787046075,2.6273915287731544,True,1.5212956392546264,0.35384112195888284,0.8172466046132649,0.22643807190311302,82.0,22.0,1.623073458190113,3.973820973721628,20.0472232240636,9.401629113577082,360.681487152804,2651.9032429045656,0.8678753738454603,0.9187975395358738
3021,2754,-2.626233180713549,2.626233180713549,2.623418152182248,True,0.9628522628152039,0.33871501035988333,0.3371432589367032,0.2208469551987946,6.0,2.0,4.408282666258289,2.4282199067432226,15.257071797129985,10.179558465721986,366.9831928797066,1295.7001668760336,0.7931843733092477,0.9068858134560287
3022,2741,-2.679774539066369,2.679774539066369,2.6208370628820554,True,1.4617500367724212,0.38485610222305733,0.7183182884778481,0.1722729936009051,72.0,18.0,2.17919433308814,3.86678457652324,23.550323565574367,11.353146965885617,297.45514758503384,1394.2504344060608,0.7998693878208802,0.7030342694676343
3023,743,-2.6455957573129063,2.6455957573129063,2.6201079646700483,True,1.4320915941060162,0.2876656683132646,0.8016596150351052,0.23340398771773582,91.0,4.0,0.9461633539758623,1.8969888219563913,14.803719422591994,8.099402941138557,391.1078583033414,2643.723181648673,0.8481970957953,0.6691968441972078
3024,2459,-2.679078858803931,2.679078858803931,2.6136199801894677,True,1.40267436814079,0.345372918104702,0.816550379653818,0.267398044259879,61.0,10.0,1.8085974453786968,4.089762268971101,20.7847838106065,13.610652670949044,225.19551536124283,2285.308063894175,0.9029274933872273,0.9638194749131799
3025,1347,-2.6652540188893257,2.6652540188893257,2.6107581749931263,True,1.3830466232418264,0.18419310703873634,0.4826207641673924,0.2254874415940887,35.0,10.0,1.127569116990245,3.2424330921639966,24.721659847618096,12.040138349809652,253.71104531397782,1919.2480756425516,0.9769942902424875,0.7528747431040528
3026,523,-2.6466620522241673,2.6466620522241673,2.6088146194112216,True,1.322812776202094,0.30928208327309453,0.7663332122087129,0.1984246221887953,68.0,5.0,0.9502981599828444,4.38094917733213,19.22567299148591,14.11859009490411,352.58815134260726,2381.1250248896176,0.7603576542801407,0.6878674165376031
3027,2088,-2.629012628875957,2.629012628875957,2.6079296657820272,True,1.3951818040228325,0.35961309985450546,0.7707871841039348,0.10841215495447726,83.0,22.0,1.057974031077062,3.832895178146443,15.234630549928061,6.876823514121924,428.67976607201115,1638.812991821988,0.9164976923684496,0.9236313050676306
3028,2675,-2.6547423124662295,2.6547423124662295,2.6047654913259315,True,1.482669672129608,0.2491409146241451,0.8124028847538215,0.09165122405314192,79.0,12.0,1.4601159017315,4.460977717701592,14.009741670251653,8.13699911681508,483.44795468049335,1096.6943918345564,0.9948708931512514,0.8215857323558202
3029,2524,-2.632614969688253,2.632614969688253,2.600037180436211,True,1.4979101711768432,0.3211562307772041,0.7260662785194596,0.2915264937467873,62.0,16.0,3.0679418831947745,4.014333697766629,10.542797981761396,8.209578868015605,407.73526690487154,1223.359365016222,0.8719517095366762,0.6870541346331084
3030,2353,-2.6487232266012954,2.6487232266012954,2.598403801771931,True,1.4865442894261796,0.3122685923804998,0.8719556752407919,0.19024261522906183,73.0,5.0,4.2492138070665515,1.8966007695508842,15.57843584138058,6.7670822236837225,358.59673597830994,1259.879773083621,0.8951948881251341,0.8455085839024032
3031,1648,-2.6502212925142183,2.6502212925142183,2.596503501475291,True,1.4283676261145022,0.3783561764463569,0.8299271522332807,0.1896278481364706,61.0,8.0,1.8737014892637973,3.931102082038949,14.571198761465258,6.915634527915664,366.1823847596807,1532.2704731360864,0.9666364154165636,0.9644958782334478
3032,2053,-2.605214553530552,2.605214553530552,2.5895572392121933,True,1.3892751127382539,0.3693605128941,0.6601040143906763,0.21955743213144918,31.0,6.0,2.042762511462275,4.347490192279961,19.9406908646591,14.102916704043183,208.23497328541296,1906.7427887515917,0.9545155993820201,0.9787091912349196
3033,1875,-2.6459554089161683,2.6459554089161683,2.5797910372473956,True,1.393222236883757,0.3739117028328807,0.8885128598291983,0.2624132420459456,52.0,15.0,1.8430256605465452,2.7859578086828685,15.514790531591435,7.623279970015005,394.98645960170626,1068.395660715678,0.9744626068755993,0.8612480831055987
3034,641,-2.605487952482951,2.605487952482951,2.579089680772458,True,1.468826134388446,0.3307785951279195,0.8267940898571858,0.21256799414338767,64.0,17.0,2.1232469548887156,1.5772140706907072,16.627477125561565,11.029178945389534,332.4187975463413,1444.0693553715016,0.6895990116540824,0.5320683729207427
3035,454,-2.5928397758850874,2.5928397758850874,2.5788684641083455,True,1.4776806753297738,0.33478810653317886,0.7528637633087748,0.13779867200098048,73.0,15.0,3.6638688703055955,2.9712948753740096,20.81313098473119,10.336683978238902,274.7396822639566,1790.8236897744528,0.7909874496300761,0.7062040490536048
3036,847,-2.6446559621229637,2.6446559621229637,2.5767395314198422,True,1.5003792547818202,0.3275658575894397,0.8959520057500767,0.19727325382670863,59.0,3.0,1.7610978130072399,2.9268102580750894,15.303230474248304,7.153342275017788,443.6163126537307,1078.9425100824774,0.9730893952364423,0.8732324590195069
3037,419,-2.633037502215609,2.633037502215609,2.5749256022679776,True,1.201314887429146,0.2916435497301309,0.559920970397059,0.11512770019378628,58.0,13.0,3.5810998130390392,1.8625552879918348,14.925553309271066,11.54505616940144,298.22853133543305,1973.847397911464,0.9932627495789188,0.8609910237103481
3038,2467,-2.588818765035089,2.588818765035089,2.5719798584655353,True,1.0823975968951514,0.39434828394077714,0.797436710888568,0.22130750249616257,63.0,15.0,0.5912644405053529,1.5044939619649036,19.001126081085683,13.973437556105203,229.98708988310537,1000.310961794727,0.9382433978757083,0.7942330490721963
3039,657,-2.645212038957166,2.645212038957166,2.57091070478324,True,1.3104529433753342,0.1610346085578203,0.4837974697351456,0.2563436373509466,55.0,13.0,2.753005800768733,1.2009615818969905,20.276104267686605,14.947876956460174,237.87593143060803,1289.8833509534597,0.8221137481741607,0.6475294218398631
3040,2030,-2.570783891730177,2.570783891730177,2.570783891730177,True,1.4341935904497591,0.3390602561219902,0.8150642889670758,0.16206678412139716,96.0,27.0,4.6896823216072985,2.385439900077559,14.026658879927833,6.879601602245323,409.58376266424057,1561.9262612608388,0.9698357831251372,0.7129714598473615
3041,1381,-2.6151496543642456,2.6151496543642456,2.5633813003751125,True,1.4518625881390839,0.3863593434798932,0.7331663513737358,0.23772787401143883,69.0,12.0,1.6844281269574568,3.2136576781744455,15.53932580102215,8.68303127255647,284.79534028206433,2034.6756897740051,0.9276293955826498,0.9682611748710874
3042,3071,-2.567621356711047,2.567621356711047,2.5569842427880407,True,1.3833685720781914,0.36545174004376246,0.7500427762210667,0.29854844257235524,15.0,3.0,1.8339441698631902,4.4954409989701185,13.807130751760656,9.115632604573618,441.53958866112646,1554.571779427404,0.7127610055115197,0.7525252459820244
3043,2190,-2.5842511764203757,2.5842511764203757,2.5518509294814797,True,1.0921509474541993,0.3831907074469148,0.8712570054655772,0.26099797490066423,85.0,15.0,4.117321049860551,4.028401722121676,18.633171443318826,10.705304537497264,324.2661480463024,1218.948696779476,0.961143531644095,0.8202890968434837
3044,2160,-2.5504628179328526,2.5504628179328526,2.5483994409566977,True,1.3727829740139952,0.3976527133977989,0.8253369610044496,0.11493421045253817,81.0,18.0,1.7099311528625787,2.7416504093443916,23.819069456743627,11.340695594517102,279.05907442439855,1039.8418919619758,0.9150049714312517,0.9198528323483692
3045,43,-2.5658016672428734,2.5658016672428734,2.538970490815173,True,1.1271064642014912,0.3771199665620469,0.8768250221949088,0.24773966407212308,61.0,17.0,1.2033848969361307,4.389321800844493,17.18011345123872,10.066453206055396,402.2693563357088,1832.6209072149793,0.8874758568698052,0.770310850300173
3046,2795,-2.5550113812107016,2.5550113812107016,2.5332138085560088,True,1.4728746473465062,0.3202214568592447,0.821759101888202,0.14504380651940346,78.0,20.0,3.1301050206578416,4.1917281071491646,19.705255340604147,13.926605469167807,287.4254214569079,2179.676511303997,0.7517977419855337,0.5567068343315762
3047,2101,-2.553064208725987,2.553064208725987,2.5275121445345126,True,1.4931358725553032,0.35093065384951083,0.7473255306843074,0.09346789536748652,65.0,15.0,2.679043709263724,3.8168331837004255,14.168026172298836,8.181502638375772,406.76575986618076,2245.7702894907206,0.9280662744530159,0.9569684879789135
3048,779,-2.5703127314674497,2.5703127314674497,2.5253505797334377,True,1.242920707134187,0.3834263648663406,0.5974874073388106,0.26847457039602074,43.0,8.0,1.2345673558913905,3.9060829257042986,22.940101305365665,13.856609360398135,307.70273773723784,1624.7687297105747,0.7402897288728343,0.6122425362198219
3049,2836,-2.565861153712992,2.565861153712992,2.5250668545986668,True,1.4865082109430863,0.3886629435197473,0.6868229245987976,0.1108830160772595,67.0,7.0,3.1109648114116077,4.2200109552176155,12.888563465883331,9.602039926715337,397.0801048202742,1459.1407224165628,0.6307665478002844,0.6899554617815111
3050,1117,-2.5704069973835386,2.5704069973835386,2.5243692564448823,True,1.3265273559823676,0.37141207331284265,0.8135520694277311,0.20821489983149527,75.0,7.0,2.3579930614493185,4.415116032552271,20.073076875075575,10.634070297903119,312.4824389691048,2034.4796312620126,0.7132398811768847,0.5952514672150968
3051,543,-2.533701700743406,2.533701700743406,2.519654321707484,True,1.4838744976253615,0.3761030203768746,0.7883552653175221,0.2498695915874664,70.0,16.0,2.623105159763872,3.112466246055765,14.681102339083674,10.04455564403051,392.63510485528866,2931.570957606705,0.8838142775780999,0.8587937712088969
3052,2090,-2.5462534966099954,2.5462534966099954,2.5165536114439875,True,1.435892637369838,0.3285945336250473,0.6363965612467825,0.18308808029986912,52.0,5.0,1.5151339096321297,3.2654506018267577,11.911955840437653,5.417588035252693,471.4679388066865,1128.15096762119,0.976405255557453,0.9674537431834157
3053,1638,-2.5897521360014313,2.5897521360014313,2.5143182599302687,True,1.4185886880913778,0.39231844830105334,0.8860761477840412,0.18166826785822646,78.0,18.0,2.3278604394112667,4.134552475321105,14.39882364964707,7.78072389093799,480.5467209174312,1132.7497209661574,0.8496388387597916,0.7500352129089796
3054,1247,-2.587546442682613,2.587546442682613,2.51148229163267,True,1.4891311422931777,0.3700881280658958,0.7624896440654412,0.2627732337263049,65.0,13.0,2.620612366270529,3.6501076551183695,15.034526699659743,10.495103169506491,337.5598798564624,2148.284517353314,0.8628663517552864,0.9387157293896895
3055,639,-2.509496787215197,2.509496787215197,2.509496787215197,True,1.3853391604904162,0.32620569474245303,0.7711952883697843,0.12353530607466286,82.0,22.0,4.851411951701278,3.730346360624235,14.7139433038993,10.798758159182682,333.8403069332404,2320.3060121287253,0.9172177585713636,0.9712369750754697
3056,1621,-2.5187138075265842,2.5187138075265842,2.5091990985783292,True,1.0591807401455715,0.3644007678133856,0.7465468299015134,0.2502276138640208,7.0,2.0,1.1346668831857483,1.726684474627647,13.960056658765081,10.935947826261371,409.83119308581274,2831.0179252162584,0.7967629225378651,0.6184803416313396
3057,2049,-2.5103960009264563,2.5103960009264563,2.5083209555309294,True,1.468875486353382,0.27517778439611446,0.8822492440326879,0.21294100905153812,65.0,4.0,3.224554151514023,1.0683108633581624,14.205234451272354,7.545213028058473,342.73456355536166,1028.5957410106266,0.926215179636139,0.6768883959073587
3058,1944,-2.5159907858879667,2.5159907858879667,2.503751734091961,True,1.3180148404613137,0.22773154433816672,0.4064899211749434,0.20527484016492964,15.0,5.0,4.135992147028446,2.314138266723603,11.860807063058019,9.413354196691131,484.0228112414479,2710.0203931331635,0.7327654450200498,0.7951058358885348
3059,2472,-2.5349132839163455,2.5349132839163455,2.499678202848917,True,1.4039121736228417,0.31007917026744797,0.6744702415982673,0.21082002599918206,48.0,9.0,1.7551734750760664,2.9039478605363866,21.58532931750051,14.147073843380255,244.54524197598352,1957.22386526853,0.9342601867026749,0.7782730933273885
3060,1406,-2.5306257824765956,2.5306257824765956,2.4967117746251506,True,1.427258829817246,0.3340569942272751,0.8418147978803195,0.19282216674977443,59.0,5.0,1.8571654130896902,3.175284352522956,14.464323137180935,6.955515147491617,442.7326877556641,1067.1726937535257,0.7832534118108148,0.9325814086223212
3061,2934,-2.494980875485349,2.494980875485349,2.4866112858627707,True,1.4381157314828594,0.3528657804750409,0.7560516763149141,0.15543217131936132,64.0,13.0,2.738116379902377,3.8100678414315374,11.768638795799681,7.947823509849357,372.7027708074878,1083.6954381144585,0.8833304882964945,0.5761780371831429
3062,2937,-2.483620617039569,2.483620617039569,2.483620617039569,True,1.3999892625250918,0.3634912706362325,0.8832895320446756,0.0950327928364277,105.0,30.0,1.7327503964190363,2.4276806888487235,24.63420216520005,17.535867239637767,216.49406758756652,2248.0315137757702,0.8894309986793438,0.6772869292719583
3063,2673,-2.53479577177209,2.53479577177209,2.4835277906216064,True,1.5178071553552062,0.3407711774634006,0.6978309594150401,0.12826831905404462,69.0,11.0,1.5727998362882905,3.9056216973507576,21.181531876407217,9.94409748717008,242.50550773504284,1318.809114530418,0.9933789273400679,0.8828250369795984
3064,2201,-2.5084790395590013,2.5084790395590013,2.4827628443123575,True,1.2220228257904369,0.33214773673402054,0.6586779424010826,0.13056779144331812,52.0,15.0,4.763480826183372,4.136618485667188,13.642903655997793,10.465781191339294,400.59160559125576,1731.9703039657404,0.9281162565959009,0.8985625459962047
3065,1486,-2.5350954767927374,2.5350954767927374,2.474551562853336,True,1.3930533647940537,0.3765269081349279,0.6411709550768138,0.14224574794764988,63.0,13.0,1.606730481470538,3.113755410461428,16.149062591716508,6.590900282828808,441.82084163017277,2189.011604728,0.8390454965495271,0.7308093138072813
3066,931,-2.5421686708804945,2.5421686708804945,2.473549349041245,True,1.3752192117817448,0.38156923565334067,0.891589317666504,0.21902909113436486,82.0,18.0,1.450456019961817,4.013340997651591,14.364114717661296,9.865382843829412,418.02097511112595,2291.8212345480924,0.807236287895622,0.6497359621127432
3067,2886,-2.4708469283520405,2.4708469283520405,2.4680833784353275,True,1.1628027557164815,0.3192832439226973,0.7775420581389567,0.20020523786312733,86.0,17.0,0.8895603786126913,3.884124090546089,17.251789122396573,12.926969200743669,421.5117267700008,1171.6847354765412,0.755667691067281,0.5502233372053832
3068,44,-2.543871155195025,2.543871155195025,2.4676976972756943,True,1.3499643209769545,0.34563847399818964,0.6738334220970099,0.24965886752776173,58.0,13.0,2.1352752163336044,4.353798962642829,16.379513559929737,8.784098097393183,345.90556396143666,1869.1209627654985,0.9907982268713187,0.9669155203866062
3069,1400,-2.4666492909768594,2.4666492909768594,2.462889544382389,True,1.2018126314068922,0.34012858611929625,0.8522828923527972,0.16471493188292136,57.0,18.0,3.4642904670285346,2.945971547526754,14.155358748367904,6.69214716006543,497.1276646661978,1556.3319006918782,0.8221370250255113,0.529226016253233
3070,2540,-2.489173718690484,2.489173718690484,2.457736429011282,True,1.2684354078315163,0.3956808672624573,0.7915886405839442,0.1399845145076389,56.0,12.0,1.7092074059908686,2.6097608767449856,18.246744308050463,9.427256954360143,329.36426237239397,2471.6859804595388,0.7560160731687973,0.6588684758344103
3071,1043,-2.4564210690989357,2.4564210690989357,2.456218697504941,True,1.3929200457693927,0.35492671986828445,0.7265226444767561,0.23497437291955933,67.0,12.0,4.088886513034922,2.7462763499440497,15.97696682560006,6.6281182986994835,356.2310873700843,2667.1837429066354,0.8974401524591666,0.8426649778850615
3072,393,-2.476107313929076,2.476107313929076,2.451774911901094,True,1.292800782548955,0.3309018346763214,0.6102221018053513,0.14336535428487718,46.0,10.0,3.230685732644833,2.009707130129679,17.22313205828517,8.91298137054249,300.1163618986587,1622.7828532662065,0.8310627769740437,0.7401133579784693
3073,1870,-2.512224412260812,2.512224412260812,2.4436876863037806,True,1.469999791825175,0.3557170515035229,0.771011153736046,0.23512674763441466,78.0,13.0,3.492423319879122,2.7124182260365695,11.699988440291177,6.753190630378527,491.5213364218981,1675.9876995812745,0.7188487265422917,0.6682263246720295
3074,816,-2.4516634242689515,2.4516634242689515,2.4392074217868887,True,1.515685161941035,0.3691404990714705,0.5629324839201829,0.12838529904902152,47.0,15.0,3.6460927202309077,1.9651169906614796,13.765778460175344,10.974773211536641,245.41232998025453,2208.800443504737,0.877942219720881,0.8927694345018498
3075,87,-2.458721008476477,2.458721008476477,2.4375077922844017,True,1.2656306133533821,0.36830133609473703,0.6501578129525263,0.08887031158374885,50.0,13.0,2.315776243037203,3.1684626499051776,16.087527059839278,10.175000380662505,327.78645477828616,1911.993511154184,0.9996416954958772,0.9499324063418066
3076,2844,-2.4510492597981552,2.4510492597981552,2.4339592568281696,True,1.4226800867556657,0.36739394756630556,0.7827207455092886,0.18100385845962874,53.0,6.0,2.368712226686542,3.558467938640275,14.373159726480571,9.379730972187476,398.03038075516537,1277.129774669048,0.815642443344706,0.8162064089689247
3077,2069,-2.4863910211125058,2.4863910211125058,2.4138899372759797,True,1.3677676871658602,0.39254622035760867,0.8881312418100566,0.1794362319410386,75.0,12.0,1.8872029277987092,3.5699474239883084,15.322613389886689,10.080939376909907,374.2726822628903,2295.347361582276,0.8241485450575794,0.7124636993859411
3078,1416,-2.4321085198548316,2.4321085198548316,2.409787633475278,True,1.37169204332615,0.39574544654642957,0.7228198296118372,0.2614970451484968,39.0,11.0,1.3231286590092832,4.026146761700802,18.94091298915781,12.28713077146725,294.210864702867,1701.9722124215373,0.6990396755556495,0.692504160678586
3079,1608,-2.410805302961126,2.410805302961126,2.400826838174765,True,1.4026224082424439,0.21473876532167196,0.5704071845859289,0.21057761998847124,25.0,3.0,2.85603365387694,2.0409055681633337,18.46183614044841,13.647948280232193,218.55758408777044,1080.2355009050652,0.8515654669220853,0.7781156517043679
3080,1440,-2.434951268675231,2.434951268675231,2.3953746328857526,True,1.2500352872492293,0.3031492673268192,0.8564067937245075,0.24391394775363678,88.0,2.0,3.273208336211555,4.324915090575814,14.54696936449505,11.559541425508401,423.63622228277694,1392.4326568123242,0.970082605508056,0.6563945391634776
3081,635,-2.4022562947887303,2.4022562947887303,2.39448508864619,True,1.460344961450332,0.3871122172251209,0.8874548982870967,0.29481569067000846,51.0,17.0,2.608633972479132,3.5155864149452185,17.898936554564116,13.111378462047373,278.12540532212404,1608.0779108865681,0.7327745833367886,0.8200270437755592
3082,50,-2.3719335865838267,2.3719335865838267,2.3719335865838267,True,1.4862818298688634,0.3574409489604143,0.8557050889022619,0.0931509360692772,91.0,20.0,4.72808793591987,1.448490940929342,21.072126812899317,11.112195478370253,315.53887726252077,1277.830735579767,0.7915831509820418,0.5934086411389615
3083,561,-2.421650233127619,2.421650233127619,2.363837040515963,True,1.304270686454214,0.37119214249956733,0.7933261533919544,0.2695439943517372,53.0,16.0,1.8621389552565952,4.315857415974908,20.093184426755613,14.277416092497342,335.370807805337,2434.423270146531,0.6982717951972277,0.7408590413235198
3084,1084,-2.4036543057425774,2.4036543057425774,2.363000291267981,True,1.353498193877417,0.367171223493817,0.7937039872197449,0.19998312808892818,89.0,8.0,0.5463133501503936,3.7758808845250496,15.697988342049692,11.352193014226607,288.4721022412497,1661.842247917343,0.915380969307844,0.7001502295964351
3085,740,-2.4151685885484326,2.4151685885484326,2.3606228201210735,True,1.2531253675433551,0.38312977311808516,0.7360639370017806,0.28079388863222937,48.0,9.0,1.6089746249602985,3.9500536272966094,16.157585073362217,10.508808674123026,369.0640785187595,1315.6672115492593,0.9054398524610741,0.7683598606126014
3086,2599,-2.362341475882197,2.362341475882197,2.350181337035306,True,1.4507112422890154,0.2943981420350193,0.6307110396670579,0.17180388871414837,66.0,20.0,3.1704275737672907,4.083660618134822,15.338498681639164,8.45409127123158,403.11838297890705,1979.0497198700905,0.9998048778445376,0.5429655765178092
3087,96,-2.374808555325728,2.374808555325728,2.348726534820154,True,1.301273255483001,0.3481323630562976,0.6422262073606905,0.1323180647100875,55.0,13.0,3.924850933253765,3.3784669007827755,24.427152147646296,16.53057851566001,238.16318361364227,2641.040523568712,0.762296813821544,0.5032117264464091
3088,2883,-2.4041068035685402,2.4041068035685402,2.3379771529140356,True,1.4066853583836547,0.39255586653950414,0.793223202284711,0.20412762324933909,63.0,12.0,1.3940662091170404,2.7237301389464976,16.89594670664267,9.75965531051235,446.35779588551065,1525.0393389336118,0.7654420418136454,0.7276871956167281
3089,1296,-2.3624673561747467,2.3624673561747467,2.3373331284914936,True,1.4694226010028721,0.39037560141025807,0.8435634935701527,0.2605026859655134,79.0,16.0,4.080325466128614,1.9024715136881094,13.72482018468443,8.702804371113354,363.8506906844102,2392.485340447862,0.7767979745162337,0.8745144522664385
3090,1824,-2.4262189131802083,2.4262189131802083,2.3370008095197567,True,1.4391399877883917,0.22078911658376454,0.5420883711290024,0.12270778595376317,37.0,10.0,2.371701464459753,3.0632507805260953,24.1920655121521,10.44053061031515,367.8225547098839,1986.0452838171639,0.5979326062218331,0.543292424413621
3091,2584,-2.341111637363621,2.341111637363621,2.3280057800948173,True,1.3125372595286968,0.368848284171311,0.8216551441709957,0.21554266446811568,59.0,13.0,2.5789174861054014,3.4469915846267494,12.56507572921064,7.369734133906598,364.9649619087086,1357.9078471245289,0.9261394809255803,0.745559225900494
3092,2618,-2.3513949210542333,2.3513949210542333,2.3200602293273556,True,1.4284455627949701,0.3595542901117667,0.7135027372100199,0.23995436514095453,32.0,8.0,3.063490506086285,4.48396802373202,10.324250274689865,6.250062570585007,425.89191865623775,1282.6698802948777,0.85173211332484,0.5686078906488223
3093,795,-2.3825514192883643,2.3825514192883643,2.3114504538655343,True,1.3644162551488093,0.3683212888495731,0.8586885967024629,0.215059888527054,91.0,5.0,2.0404339408271053,3.6325144626311876,15.623820416460262,8.466709233730885,425.26246691036545,2007.3567020993712,0.7405401717696396,0.7751588436779024
3094,2105,-2.3343920940409832,2.3343920940409832,2.3092603106841922,True,1.2263880123232695,0.36680305699724536,0.889972859894856,0.1054287141365663,60.0,19.0,2.092195045956294,2.859599749975338,17.696082257180386,13.556699835023707,267.96096596050677,1638.8067363861967,0.994663468045953,0.8002136205814745
3095,141,-2.339009499864219,2.339009499864219,2.3039681359908255,True,1.3597518367991859,0.3781343885927768,0.8266243235007902,0.08544964369032024,100.0,24.0,1.826388492648897,2.673236635550727,15.475586576271365,9.147045382538396,376.7879839184575,1266.0863649206694,0.9431416533923268,0.9565145899392793
3096,1953,-2.358347962551354,2.358347962551354,2.296301236057109,True,1.4424199411112701,0.24866457801535732,0.6836193261408915,0.18051402729840632,61.0,15.0,4.155579943144746,3.207670172983318,15.348951221285844,9.294213606410262,395.23614535854233,2976.9482031995185,0.9119963684666031,0.7171758079634222
3097,2768,-2.3743247674227312,2.3743247674227312,2.2943772124669586,True,1.0315992317563194,0.3279581578394162,0.8318262255885474,0.09552921808592729,82.0,13.0,3.7667303472155087,3.078133665402575,16.053246254022458,12.050473190801705,467.87506440402626,1509.3536127706413,0.7321703383848233,0.6665490916989563
3098,2476,-2.372706906582043,2.372706906582043,2.292437363007675,True,1.4726506261035315,0.3963366845935195,0.8057944018400441,0.1296294835304013,58.0,11.0,1.8947179681282977,2.063284690135981,18.80880898236462,11.75553160741316,297.85556105685447,1425.624914405643,0.8015673087988842,0.8635376548677492
3099,2711,-2.315202135341679,2.315202135341679,2.279887537242209,True,1.4221283192366392,0.3914694267375305,0.8910612261306596,0.16704724044876448,103.0,22.0,1.5045088827653879,3.223169283574077,22.67731999278454,13.565423501553427,335.70219064887215,1159.5667000191606,0.6970364341009199,0.666246115863332
3100,1790,-2.2695206722151657,2.2695206722151657,2.266499514972184,True,1.4847538562321447,0.36385567602634644,0.7968207541101627,0.13337992458966474,94.0,31.0,1.4162623223024455,2.3734830081429985,14.891770803431479,11.601689441501525,364.06374468497665,1221.2039710194172,0.8679406285059665,0.9659282761092602
3101,2360,-2.265734190341294,2.265734190341294,2.265734190341294,True,1.460246039218698,0.38811524151082116,0.6682277038579486,0.21726221401142803,76.0,24.0,3.3952835042215126,1.963215049020424,12.85674972244443,8.956160737893082,346.1282199143433,2105.3482983203444,0.8127382360779207,0.8339789680827672
3102,3037,-2.279866203668935,2.279866203668935,2.264390683554975,True,1.3612918178434805,0.33278162140522255,0.8711694977146924,0.1283906678782423,21.0,7.0,3.1137681404520774,4.36570925750119,19.92724965882139,13.127115457007578,203.3163959452074,1225.3501021271063,0.82369505120816,0.7682646679910303
3103,2218,-2.3611825530255794,2.3611825530255794,2.2621191349807566,True,1.4142668449200926,0.39474578106009356,0.8171243045027052,0.2659461021430974,70.0,19.0,1.4580751605031024,3.9358913600813707,15.498496195704552,8.668981814762926,383.4009154686725,1420.2420439462899,0.7022807628390413,0.9566811386652233
3104,654,-2.2843411644855713,2.2843411644855713,2.2559074156702206,True,1.35226569027831,0.2032929850789505,0.5419135946025346,0.22808122119180899,39.0,6.0,4.371931527275592,2.5212847421482962,19.292930997908115,14.643282502185773,252.41603143513203,2081.1419865912194,0.9808149995047817,0.7795059154287455
3105,425,-2.2536907475794368,2.2536907475794368,2.2502649332233893,True,1.1935721539389341,0.39885342324862927,0.5947951089007777,0.13231554154617897,55.0,6.0,3.5973193261804015,2.8710657743778603,15.69615722482817,10.024999413854204,258.4302388731634,1769.5263451155274,0.8905532642613518,0.8588788516142495
3106,1848,-2.244353993494344,2.244353993494344,2.238232401709662,True,1.5004979378324528,0.37934566920724094,0.8955800207798494,0.08597643967879537,91.0,18.0,0.8626216989259112,1.909739638918509,17.812581033534382,12.30743589623804,337.45436879252446,2462.210346201525,0.7773825827352798,0.7637580102309585
3107,263,-2.2373516849540804,2.2373516849540804,2.2331737543579147,True,1.371992562772706,0.2763569500669837,0.6560130663957818,0.1537771570123732,24.0,4.0,2.1082021174383203,3.6789368804796823,21.347091157509738,15.701590578062897,203.155427519232,2929.395496944284,0.7761938317116929,0.5492333611739881
3108,2423,-2.2646494978439557,2.2646494978439557,2.229592496383927,True,1.337568441819587,0.3730702637664753,0.8222564275966064,0.2623431657851553,75.0,2.0,4.068724168922931,3.8366474236153643,14.50216753226633,10.244946504640202,290.049693319044,2034.9222226134534,0.8388311584727091,0.8035011749178086
3109,2816,-2.247539163395646,2.247539163395646,2.2278984000733058,True,1.4737290554572948,0.2691758709487709,0.8026001428056391,0.22898351560944008,70.0,2.0,2.3683034447317075,3.0884514186935097,12.588122038379407,5.603673067525266,486.0110415522729,1830.8451322469969,0.8896452132275552,0.628890080140147
3110,2889,-2.2451531683043866,2.2451531683043866,2.2271149262530567,True,1.4580126314310569,0.31499568091231217,0.7126770437916435,0.1301743281705731,77.0,16.0,1.9022796408980713,2.84772174914855,13.589072531713065,6.161310102322818,458.7741878826008,2908.6696530604304,0.9606789281336097,0.8530706557326153
3111,1256,-2.2435944296884958,2.2435944296884958,2.220490845899612,True,1.2641788182702485,0.3523021312589947,0.7884126902593322,0.2895202014967046,53.0,8.0,0.5354488249345164,3.2616968689056804,20.07859796859605,10.76422546732973,388.0683426495725,1806.390084524026,0.6242166180604762,0.8247560557722431
3112,2707,-2.254845812477356,2.254845812477356,2.2028326018388666,True,1.351843432320043,0.3520427103759462,0.6989738920437869,0.2572496473663823,80.0,2.0,3.0988159876197883,3.12648067538272,18.3754443544777,11.737789799241181,258.86918832705203,1535.7443005729674,0.7995819446283221,0.6585645850324381
3113,1742,-2.266604990617289,2.266604990617289,2.192403809668589,True,1.367053566502027,0.39987149816062817,0.8679819369288944,0.28897436540937926,64.0,11.0,1.566444134993168,4.444045554404506,17.55269622244679,13.486925047867679,351.461189827178,1507.3765788394508,0.9657301322021801,0.9488979779429625
3114,2501,-2.225853993224781,2.225853993224781,2.1840093899506665,True,1.411649991821238,0.21955072254020527,0.6345498394472516,0.19402927901181133,61.0,4.0,3.4925642543759325,1.960893338898159,20.22481643166723,13.270877883006369,279.2345760690762,2678.1993322906046,0.8255705674305309,0.5359672195245957
3115,453,-2.2216837001336547,2.2216837001336547,2.179954601139203,True,1.153235156807508,0.39529706828296185,0.45047221772115714,0.08129015485830043,35.0,3.0,1.3941647684379554,1.7402683701570116,17.492362102267208,11.264268286874975,316.20590517341014,2538.7479715847894,0.6867819978312981,0.6914487807448817
3116,2507,-2.1890982223305504,2.1890982223305504,2.165392446155779,True,1.4109141531474096,0.3520994003730266,0.588423527474073,0.09727594821794741,67.0,21.0,3.01587576412797,1.7052031198448705,23.7232323435543,12.236560581401383,225.58242809763908,2870.623111390649,0.8829029334326921,0.7544749961242232
3117,1655,-2.1692249217318307,2.1692249217318307,2.164973573143063,True,1.4453013612058276,0.3593366150957194,0.8660017805406366,0.1754788381436043,87.0,22.0,1.1347289136397918,2.1209336788387123,15.464584821186158,11.875391672837189,435.68449291549473,1256.2340681042804,0.7560048247425692,0.6062360484903271
3118,1394,-2.2400610378060217,2.2400610378060217,2.15599607412844,True,1.3770497391352372,0.3793814028865269,0.7991966074714324,0.23850814186338587,80.0,18.0,1.9704836827071923,4.319794689579172,10.085069671787519,7.926050215679382,451.06731667494523,1398.0590002681656,0.9911360478164016,0.9824175558943438
3119,2887,-2.223393749938973,2.223393749938973,2.1449707862866285,True,1.5206192051690812,0.3899028991702521,0.8624213032101571,0.1301599087424034,44.0,10.0,2.602465019348473,3.385162137247644,11.047705533088095,6.991727145230794,466.70817631633537,1405.5953637455211,0.7855501879478827,0.9605306551812627
3120,2843,-2.188934598267843,2.188934598267843,2.134466314178444,True,1.4277056757332955,0.36291883718495016,0.6741436638033347,0.15044164878556832,75.0,15.0,2.5951291618303305,4.4277717210159535,17.434107015333904,9.836101070574841,385.6928326815152,1335.624204860575,0.8747517887708864,0.6998808191072184
3121,232,-2.2005872936379496,2.2005872936379496,2.1138292515398507,True,1.4223607230203417,0.39697552351119303,0.6279470855977923,0.2068054172105126,62.0,10.0,1.7443967316252986,3.8192056662316585,13.947177312399939,10.252198331408206,339.68380524387277,1700.4396453556365,0.9019869572494812,0.7447417067630783
3122,2603,-2.131386379971382,2.131386379971382,2.1011772107359925,True,1.0637261024454545,0.3480889210991691,0.6532169475947108,0.1602741106986368,35.0,7.0,2.8288077308568664,1.3960664556427829,12.275077369622556,9.471986415341162,397.2761717222735,2122.769924809735,0.715250573467247,0.6652260495441111
3123,2569,-2.1275312530864277,2.1275312530864277,2.079211282757422,True,1.28940559175844,0.35974288543263977,0.863421742627529,0.1254476649317014,72.0,15.0,2.4557969272952964,3.2441062725405505,10.648664288715352,7.929625527095576,495.26805442002245,1461.9702801853623,0.9746105982322802,0.9348926646316529
3124,1497,-2.146609151342994,2.146609151342994,2.0659619484721903,True,1.458134014932949,0.3673175569695932,0.8600390984764049,0.27444749551629544,76.0,13.0,0.8252599859854559,2.9356578568927736,11.727422692819767,9.087172449038423,452.90532589733994,2392.7980973285203,0.6424286514018822,0.9265725765669193
3125,1295,-2.053340353038404,2.053340353038404,2.0370262485285573,True,1.3862083752060403,0.32996171701726196,0.8835006598423837,0.2173475325627613,104.0,17.0,2.5240307328947997,3.6234785834330596,18.646804854102825,13.862015057367142,306.11992680673524,1989.9173195802605,0.8969109240600927,0.7590041647265166
3126,1005,-2.0707986317571825,2.0707986317571825,2.026327474203878,True,1.1499767641306153,0.27475271069960494,0.5689790389988235,0.20018924957115655,41.0,12.0,2.995998401176204,3.6534295701865536,15.244632088631732,9.422617662797295,368.0745495968533,1282.3639924508425,0.9656435963768042,0.725542009874226
3127,1323,-2.024565938877207,2.024565938877207,2.024565938877207,True,1.4589303425333657,0.3749506632183737,0.8778198935256665,0.20016303560919368,84.0,21.0,1.9739156272275604,4.463412452288415,10.954618645749697,7.788114540335359,444.34216320143713,1045.8046911337751,0.6443693938298355,0.7176137338098858
3128,1865,-2.0152654388944065,2.0152654388944065,2.0152654388944065,True,1.5095628406967008,0.317570952460443,0.7915525973722483,0.20744883746630013,84.0,20.0,1.895621164724512,3.295934547044123,10.233794903132345,5.854927808800021,491.1681741654119,1897.4981166309526,0.848587928771521,0.7417235878581351
3129,709,-2.044610592018522,2.044610592018522,2.0125038910845774,True,1.3939358322191984,0.19469483636319637,0.45880585954637676,0.11394419065938187,44.0,9.0,2.516513954918079,4.235728635114437,21.335527911874753,9.454889473491942,296.23387278075796,2704.76884557652,0.9152720711586748,0.8235032263859703
3130,1201,-2.0418217870288995,2.0418217870288995,1.9999742797719193,True,1.5228858926514188,0.2620144150670792,0.8112338505104381,0.10978700298053362,70.0,10.0,1.3039716143914268,4.237294953429641,12.907661287985839,7.965052870115764,467.0318925622803,1888.5607591103646,0.9248244484210644,0.6406505050096643
3131,192,-2.0652513250604265,2.0652513250604265,1.9941924930341175,True,1.4599853086579135,0.3851929210422925,0.7817136147325723,0.11856425539617027,84.0,23.0,3.2075187399758125,3.7663935836849634,13.96269333910136,10.032584271951933,388.45962002294675,1277.7492483998867,0.8617531629993846,0.9099261806844183
3132,3062,-1.9884574272320834,1.9884574272320834,1.9795048361702388,True,1.4992259419499674,0.39865112998617946,0.8040555768427695,0.20807971760233546,88.0,17.0,1.8046739399433136,1.897413694431724,19.519266560913266,9.858134335557923,385.6178038703547,1158.2138306584723,0.6639995214092204,0.6859363566517166
3133,1529,-1.9807649015983584,1.9807649015983584,1.9751654044835476,True,1.2351168090603157,0.23900449348543312,0.7795637217512864,0.20590068879685677,33.0,4.0,3.3925510838639705,3.996286514629622,18.495276929111036,14.432795891968745,297.100306171274,1421.1894175207813,0.7602505562836812,0.6456517297774553
3134,1337,-1.9877229602449553,1.9877229602449553,1.9686450315292126,True,1.1532880258239167,0.2977282201449618,0.40467630567747515,0.2555786784054925,34.0,2.0,3.2404125900469225,2.9498453440140335,13.133438838044412,10.072851602410033,338.8890949242752,1664.5986026005262,0.7302010877849178,0.7075553339795305
3135,1882,-2.0135682473026124,2.0135682473026124,1.95102094800224,True,1.454061087374274,0.3773390995036705,0.8678607010373764,0.15132445194602984,78.0,23.0,1.406772193923412,3.0004165237747515,16.09267359412526,12.460927060822234,231.1136384267091,1151.125191454269,0.912012653994662,0.6525724793022878
3136,164,-2.0087232739051935,2.0087232739051935,1.9487458050849495,True,1.4466079995347094,0.362615139759357,0.7562169123440982,0.22544626918298455,60.0,10.0,2.48326888424816,2.659846422883721,17.791971320450976,11.412200905254892,223.48815369061128,2396.0342896142874,0.913080206689723,0.9623476207086004
3137,1341,-1.9529755748773,1.9529755748773,1.9254695326460887,True,1.384496173210216,0.2896463170843657,0.5474907993349883,0.09964535707585359,65.0,20.0,2.1764677505563537,3.074594236237197,11.320268485842817,6.0581548777673095,394.33332925680776,1036.6258334156414,0.98432535136036,0.98473219322693
3138,1663,-1.9512575537719998,1.9512575537719998,1.919309697642304,True,1.2442434874290886,0.3448143212211529,0.7193029548137833,0.1048298678189434,55.0,2.0,3.961497966174444,4.427716657669871,18.16856026303068,12.159440538488964,252.66251079015962,1739.9775712677638,0.7871387780632491,0.8570360706697411
3139,2930,-1.892898670215457,1.892898670215457,1.892898670215457,True,1.0122189852808254,0.34588408617832817,0.7211449961044318,0.20662515822781974,84.0,15.0,4.122257423762795,2.3313218865312444,18.54419549556257,11.911374687279409,302.94708778509045,1626.0801324551812,0.9573733182623982,0.5918902172692596
3140,2520,-1.8952807375049918,1.8952807375049918,1.873726449141424,True,1.4693135057654791,0.3194874301150239,0.8263594815950205,0.13920617964990412,37.0,5.0,1.1299165118485586,3.1558998552627124,10.793948920403489,7.567848587143287,405.5358236652261,1362.7653344122443,0.8556833443768577,0.8016446757166769
3141,1403,-1.923949978504056,1.923949978504056,1.8538168724420432,True,1.483968276098509,0.3961068716725411,0.8925521553961879,0.2575253005441754,83.0,19.0,2.601001436905864,4.310342215269794,14.598712762180378,10.19257068892847,391.02872333480343,1561.4972207119447,0.8543807134879092,0.705395448979661
3142,1415,-1.9120696838350155,1.9120696838350155,1.849324758137413,True,1.3989406399038395,0.3891089634251216,0.8934501115442288,0.2800924374074487,74.0,16.0,2.3827160082113386,3.8294651203745094,15.492216152208922,6.395566195499037,320.963684770597,1385.9128766875297,0.9883967228476177,0.9340848806918283
3143,2965,-1.8683848519975337,1.8683848519975337,1.8420075082170335,True,1.4886121470374407,0.38815105180020787,0.8642440878994062,0.17037815917263507,100.0,9.0,2.187654594480742,3.5583969211084843,16.254782633917127,9.657075090575127,439.6008746423749,2870.012648891397,0.7880440587365629,0.7900179510181218
3144,2405,-1.900016570559222,1.900016570559222,1.839232518534157,True,1.1679727431849125,0.29066424548529035,0.463243896475525,0.16565622122903945,38.0,2.0,1.8632160184611133,3.015009126420839,15.092084892738317,8.322836353223707,409.6225927714263,1660.8948139025754,0.8929198399442793,0.811137980213307
3145,1958,-1.8258246601120334,1.8258246601120334,1.7921365608403157,True,1.3428803073440767,0.3730447013897926,0.8401592945337415,0.19540668120334423,83.0,20.0,2.3783430367989977,3.6871864917006145,12.148552582571394,9.28383589179251,423.6283585080469,1115.2882981082685,0.9665102533157359,0.8186956095208018
3146,1595,-1.846604538471965,1.846604538471965,1.7765839242369088,True,1.3521618916622016,0.3886027137318382,0.7450788389859206,0.1387200051114092,72.0,3.0,2.0056036193855107,2.8740167796033127,14.366690919999535,8.764623218356734,407.81722310864717,1581.633122846221,0.6271405316347685,0.735315033222238
3147,1332,-1.7547128187891734,1.7547128187891734,1.752740293425322,True,1.0971216946057976,0.26425708435475825,0.32520843129605054,0.17149552889168262,15.0,3.0,4.3583597633987665,4.380056982859969,11.00237172562629,5.463835649605572,466.50604987517,2519.4264333695173,0.9482985944487154,0.7593706538900733
3148,2763,-1.6481668236274243,1.6481668236274243,1.6481668236274243,True,1.0255198289220715,0.35339100187641054,0.8050425645781393,0.23470701186399667,99.0,23.0,1.4301429777374834,2.080731673927866,17.764015066561388,10.505729784234225,252.28237521645354,1271.3263984501436,0.8923029401659188,0.7840066486946136
3149,2525,-1.5646171370344724,1.5646171370344724,1.5252350561698615,True,1.0369249025336729,0.3040768676161631,0.7936191573818949,0.10395606831793797,74.0,10.0,2.6291731452093487,1.3521277426530838,16.94399943238235,11.797187216710643,296.3792819252268,1831.2209492135612,0.7653978489534083,0.7176907699695032
3150,1199,-1.5191465751472721,1.5191465751472721,1.4783812343317644,True,1.3555843496763202,0.37293587898169556,0.721598348445208,0.23358243812743928,81.0,19.0,3.989390413526003,1.7562126884632725,13.220171868296806,8.346056084861413,352.34175930579704,2019.5647442583538,0.8499394875780326,0.8608268411749804
3151,2722,-1.2986087643008046,1.2986087643008046,1.2986087643008046,True,1.4295468164190992,0.273075915880087,0.8177991773830646,0.19362401636189774,81.0,21.0,1.442776705667407,4.335554082944202,16.963055861165678,11.76255805990617,246.87970416014707,1473.123702848179,0.8015872247281621,0.7116103196244056
3152,3046,-1.2449458079778175,1.2449458079778175,1.2449458079778175,True,0.9555385434170289,0.3803267926475474,0.7601054557307607,0.11152689439804951,88.0,26.0,4.508706704632765,2.0386381889694527,22.63066171245005,13.840603664062161,269.6406829446706,1570.8161814299735,0.7475992851937544,0.9660906384137657
3153,632,-1.2140844802884674,1.2140844802884674,1.2140844802884674,True,1.4412225036410329,0.3869062688415236,0.8204381273819961,0.25650851502786665,74.0,22.0,2.092850301437526,4.156890628522318,10.325760332664105,7.577636510227987,360.5296287851326,2864.5155838359183,0.7918272324567845,0.9123795830146745
3154,2134,-1.2374296742033701,1.2374296742033701,1.2139634147647413,True,1.223619852779433,0.24056817017495633,0.6407523281872273,0.21180412681773303,35.0,5.0,2.9977760943584144,1.9031796068884432,16.2825647322461,11.631784296023287,354.03778878971934,2449.593076482415,0.8561767344363034,0.5677626337856054
3155,601,-1.2053193995500897,1.2053193995500897,1.1943369991091655,True,1.2897254568689749,0.22594373054722666,0.5498191035516203,0.1955544799159479,29.0,7.0,3.3176236034895012,3.6276824937274155,12.663128933887727,9.910988652779176,260.19604131885933,1669.1104342107715,0.9720468647843261,0.640171526470634
3156,2504,-1.1789446462499185,1.1789446462499185,1.1789446462499185,True,0.9980150340939049,0.33277274649028077,0.8552598711053474,0.12110120615875015,78.0,10.0,1.8779002888083969,3.5392414978010267,16.749595412512566,11.570897188597034,213.85235687588366,2664.576513233127,0.9432319839105028,0.8883820884825265
3157,2950,-1.1542799857542025,1.1542799857542025,1.1542799857542025,True,1.3727162033357203,0.32554160856631,0.8390461212975651,0.25657223519206096,98.0,32.0,4.167750269236976,3.344265817768101,15.495649447238394,6.375666500122082,338.43762328996024,1837.278888785501,0.9537578569725156,0.8286069849493465
3158,3023,-1.15812641873437,1.15812641873437,1.1334342457529898,True,1.5159002921871045,0.3689282125194407,0.8946852349130487,0.14907472971619326,87.0,7.0,2.6113129627898366,3.7105494844051963,17.910446376319374,7.961095739094526,420.28723306693206,1615.3410443853277,0.8550209529279262,0.8431533696850848
3159,1846,-1.1024602250416544,1.1024602250416544,1.1024602250416544,True,1.14140667745471,0.17435657151043416,0.8806697477978798,0.15476093645877953,79.0,19.0,3.205579034984112,1.6309797293506563,17.006540447897788,10.702886779866876,285.3935787850916,1217.5980680263037,0.7760167500343127,0.8573138733631012
3160,1430,-1.1473217259534678,1.1473217259534678,1.1010621547149437,True,1.5182974521310715,0.3949437081622248,0.8603808738291265,0.14225878595020833,47.0,15.0,1.502635429732445,4.331007369173966,24.01265476853669,13.09128673274516,332.5262327462244,2198.9093758791196,0.587339493186976,0.8475609598557767
3161,2542,-1.0664043962240282,1.0664043962240282,1.0434934293981684,True,1.4616258945730316,0.35557678164233064,0.8081530882205472,0.23549375625220517,79.0,24.0,2.1961877716131717,2.966854511309945,13.008968324032786,10.162857383525777,405.08178957322,1116.401574036292,0.6525948893790483,0.6904004727078223
3162,1863,-0.9436532712558678,0.9436532712558678,0.9379155500233392,True,1.4551078949486096,0.36152410112321376,0.8298013454116315,0.19178311793133615,73.0,21.0,0.505702624686958,4.412614747098802,15.300579553710483,11.868779400268227,439.3003687967196,2647.7829681696426,0.5957873449660838,0.9608318834006829
3163,1622,-0.8927772505943876,0.8927772505943876,0.8927772505943876,True,1.1667012963509809,0.22714903140804388,0.7998547694723708,0.17481008186545774,86.0,25.0,2.205802529236478,1.9306817960451754,12.558513371968424,7.262208289956284,349.302864866743,2720.5630953206205,0.9998902771529526,0.888125053757902
3164,328,-0.8329032016790734,0.8329032016790734,0.8297108876423671,True,1.4480017905857436,0.33031577118384764,0.7520472252837052,0.18550443938218375,71.0,22.0,1.5519686644571469,3.831323369527716,18.88840859071449,11.50439469440817,366.2085921492402,2817.3707890020514,0.9465059067741175,0.8909547052862015
3165,1877,-0.8155396368135914,0.8155396368135914,0.8155396368135914,True,0.965684167906642,0.3120860073557996,0.7906986792008007,0.2895663305217563,87.0,17.0,2.430067504760243,4.474018021952361,10.75163994344832,8.495385287565089,382.3353549746583,2005.819123557857,0.7873941967263818,0.9376359842472911
3166,392,-0.8322873917331721,0.8322873917331721,0.7930937855914726,True,1.470207178112939,0.2734505258026908,0.5731223194529865,0.14075830381117274,49.0,10.0,1.1001500206861414,3.2206186280256333,12.395266647090505,8.083096913573224,482.4110849760473,1387.2660274977475,0.868886582331037,0.7845557514597639
3167,2146,-0.7142857142857143,0.7142857142857143,0.7142857142857143,True,1.1872037975955056,0.18130181323736905,0.6993259052801716,0.23194737191470352,5.0,1.0,2.0142153575811634,4.3545339638367295,16.31345799479299,6.537367029737711,229.92565031876495,2668.888280498785,0.6847037905827165,0.9836540432447497
3168,479,-0.6920765112864915,0.6920765112864915,0.6715390198915916,True,1.4055257923121907,0.2954025151678532,0.8028627572785955,0.21341144180106178,31.0,10.0,4.228930397727251,3.435240239930914,14.919400869064862,11.346324176186775,355.9309414651212,2135.858369654841,0.8241820318989617,0.939844377117873
3169,2772,-0.662159744369573,0.662159744369573,0.6053221797110275,True,1.4688375901497817,0.36232287237152055,0.7348194564941808,0.16881281099078635,64.0,17.0,1.8794820623215196,2.7239058595345536,19.481405280397226,13.948632433481045,321.2851478082377,1271.425193636965,0.802151859642197,0.7461295109097088
3170,921,-0.6299327561075501,0.6299327561075501,0.5803455188897892,True,1.460450618984422,0.394468454713122,0.7314605050926937,0.1036927936788369,73.0,23.0,2.6301300011160222,4.1607182330968735,18.443288386980775,10.382014242568621,354.5860150204446,1845.1416281022246,0.8805675597566992,0.7910719650090834
3171,739,-0.5208333333333334,0.5208333333333334,0.5208333333333334,True,1.4899394976581155,0.18962849747389554,0.7106102879364203,0.13316313937306404,7.0,2.0,0.9041884534222742,2.9552118512801826,20.495352768554977,13.894696067347082,269.52195701254726,2512.2810277618855,0.5482753135632196,0.8790768361650407
3172,2633,-0.4246706059908085,0.4246706059908085,0.3830734463598571,True,1.4356943720990807,0.33261126195620605,0.7065823830124226,0.09017232053333057,66.0,14.0,1.6870332998384998,3.8841837013943907,24.589302631099123,15.171795348727407,235.30835154927104,1290.3703656047583,0.7965673872803856,0.9954889037580745
3173,21,-0.273644382664207,0.273644382664207,0.27264260606380475,True,1.4687534263079076,0.3910623821442213,0.7175962857615146,0.16222250273090935,69.0,23.0,1.3653628617872173,1.8202995560131967,18.350324409498242,9.219258376757196,371.8132332649559,1881.1790556622611,0.7724461024417855,0.8815542982191477
3174,2759,-0.21739130434782608,0.21739130434782608,0.21739130434782608,True,0.9951217916570604,0.12279204696416854,0.4165811385959387,0.2842980232276022,18.0,6.0,3.997659103013575,1.770498005207628,12.33317534904927,8.465455610362504,443.99708341807127,1336.5281634032726,0.5179613288491964,0.9671554300002754
3175,838,-0.16233766233766234,0.16233766233766234,0.16233766233766234,True,1.3334911671510514,0.24582485812291338,0.5482636570930481,0.26416635445389186,27.0,4.0,2.1669977985466256,1.749621975235641,23.848285748243782,15.201596054687883,467.20329374074936,1019.9112445116043,0.8982096757551559,0.7315335036829065
3176,2546,-0.14285714285714285,0.14285714285714285,0.14285714285714285,True,1.0944202993496353,0.23062460459768774,0.4635130987766546,0.13060874521653928,30.0,6.0,1.6611955147810682,1.4202382985667152,12.572859947652807,6.212236212113028,311.3746225317092,1727.12704552243,0.6900289947765312,0.6801949799447359
3177,2273,-0.13227513227513227,0.13227513227513227,0.13227513227513227,True,1.4294024425246947,0.3837253069577549,0.6041076704142777,0.0996080130161168,31.0,9.0,3.8198817195370793,2.281551584578515,17.141160828240032,12.106248654304903,209.40757647922933,2150.1904554114244,0.8998938136418861,0.8403839062831021
3178,2841,-0.13157894736842105,0.13157894736842105,0.13157894736842105,True,1.3251561119989488,0.39580919387806657,0.6251736920300873,0.11400856470778119,33.0,6.0,3.1397827116172836,4.468900814507105,19.05540966375549,7.866935925433525,251.30372737647332,1179.5869110800818,0.546263602928796,0.900172474365015
3179,468,-0.1282051282051282,0.1282051282051282,0.1282051282051282,True,1.4540423610206223,0.37242624123069945,0.5422267612069845,0.2702473119833152,34.0,6.0,1.0397749775180305,3.4896734393669813,17.29483436851068,10.321517230211347,219.43563250857818,1040.2868054578707,0.9493462901724291,0.9637437425532629
3180,2925,-0.1650064646429641,0.1650064646429641,0.1257800062875365,True,1.250935528026507,0.37908939776045314,0.7081145448607726,0.288112512412495,71.0,20.0,1.2183140073137682,4.212530364792638,17.004814747824646,8.656649846261004,466.23104961258093,1303.0930428797633,0.7394402995307346,0.5940436907324818
3181,722,-0.12562814070351758,0.12562814070351758,0.12562814070351758,True,1.3030929512296583,0.18016697605026277,0.5717431627171438,0.15824620770635803,36.0,4.0,4.828090556431562,3.167782231450992,21.004219088733855,15.102794712843194,409.1848026710188,1123.2660618147588,0.9168277842605448,0.5962826676081745
3182,2473,-0.11312217194570136,0.11312217194570136,0.11312217194570136,True,1.2595488062004312,0.2984624716331933,0.65158559052565,0.16048652955014236,41.0,3.0,0.7096370199449993,4.400970542346647,21.77847710831913,16.779520259784316,474.20823757421675,2951.4937042720794,0.9228572840903453,0.8744513482227404
3183,2211,-0.11261261261261261,0.11261261261261261,0.11261261261261261,True,1.0818237211704254,0.3357395046949387,0.879305160418153,0.2130625166334385,40.0,5.0,0.5106177043144764,3.993196340732435,12.280485993251204,5.441650162648963,332.79803660612697,2551.32003025137,0.721117336768657,0.5241535136500151
3184,2625,-0.1111111111111111,0.1111111111111111,0.1111111111111111,True,1.402672985071506,0.24961666586600967,0.6932973817239455,0.16610626523270264,43.0,1.0,2.0011702173579176,1.5156591395274535,11.313890258148493,5.5757719729730155,335.4362145973096,1391.413343234176,0.8512563359788848,0.842006587192946
3185,1926,-0.1059322033898305,0.1059322033898305,0.1059322033898305,True,1.170091894670884,0.21526324742014497,0.6977407935961367,0.2106522295685549,41.0,8.0,1.4841978831183207,2.777491104736388,23.736245441250503,15.580163449894798,264.89265926706423,1219.2560221572417,0.566851046497477,0.5657743174646745
3186,340,-0.10416666666666667,0.10416666666666667,0.10416666666666667,True,0.9754049664201027,0.21035799119243645,0.6923420141491331,0.2018767681983471,40.0,11.0,4.198736239161417,2.312459197955164,23.14228823405443,11.57249066057779,314.9373184511525,2610.519023968557,0.5101583607028264,0.7088935427306374
3187,1108,-0.09615384615384616,0.09615384615384616,0.09615384615384616,True,1.1677899441492026,0.3677958645647229,0.8650341635354661,0.2692687263048399,44.0,11.0,3.9602078493218316,3.6385208410126078,15.406310189911437,9.923517226115022,308.2355907946227,2142.0261349649763,0.649959686339144,0.859331145956531
3188,1168,-0.09293680297397769,0.09293680297397769,0.09293680297397769,True,1.0496844344269485,0.27597229950129987,0.6176772421225906,0.17678475435823202,47.0,9.0,4.741086481139064,3.713156793732196,15.972941196523607,6.721570734646019,418.51854138076305,1218.729531392455,0.5673436666838825,0.6248238412663341
3189,2329,-0.09057971014492754,0.09057971014492754,0.09057971014492754,True,1.3897313122059498,0.33836111126185786,0.6528093870274423,0.09247667176409341,46.0,13.0,3.0474351891098883,4.039153334288033,14.103580155811105,8.109203255615588,327.15178692712254,1681.2794612705393,0.7902288661594421,0.8177554450177884
3190,1873,-0.08896797153024912,0.08896797153024912,0.08896797153024912,True,1.3221389725663812,0.30260406173617604,0.6772880251196167,0.12394026947258838,50.0,8.0,3.165134056563617,2.450725445831586,18.707635663842602,11.130789598022215,221.72061744766984,1029.8884752807985,0.8652203653258261,0.8329724024133256
3191,2163,-0.08417508417508418,0.08417508417508418,0.08417508417508418,True,1.2910397718877935,0.35342726990323936,0.825717254320084,0.22702380552264612,55.0,5.0,1.3704387436944274,1.3174887172086687,16.461745781111414,7.082453339767216,302.61930089892024,2730.830065816399,0.8393319537159213,0.7695171957791254
3192,77,-0.08012820512820513,0.08012820512820513,0.08012820512820513,True,1.3742314400902398,0.38270833174458885,0.7403618406486214,0.12623712381441693,52.0,15.0,3.2903935634497374,2.7556506064301622,23.11908775755684,17.52492165193138,495.4545423211889,1598.910735335113,0.7622374870724917,0.8414143065795858
3193,2829,-0.07936507936507936,0.07936507936507936,0.07936507936507936,True,1.5048104174267394,0.34569793292018486,0.6008851658530995,0.26419979399399074,58.0,6.0,2.1534748838555067,3.5847874567243947,19.821528558155347,8.236568465392079,254.75456456686743,1418.1639229678617,0.7489206598076792,0.5830130417352435
3194,1528,-0.06756756756756757,0.06756756756756757,0.06756756756756757,True,1.2779523626221116,0.25094991947374723,0.85699769501108,0.22322949393317076,63.0,16.0,0.5593456241836434,3.839635598177407,21.73187065494417,15.197503419285061,496.94009794733404,2586.4085171559454,0.9024880616925657,0.8956821220403037
3195,2684,-0.05924170616113744,0.05924170616113744,0.05924170616113744,True,1.459091555820388,0.2394087381227229,0.7866256607337674,0.22523481225379094,74.0,15.0,3.4297564788936103,3.1006328863869643,11.109631923027337,5.892754246575938,477.8099008932311,2526.427048044848,0.6856197880234061,0.9355935858019366
3196,298,-0.054466230936819175,0.054466230936819175,0.054466230936819175,True,1.3704562213335403,0.1927969143451242,0.8922148772800473,0.11706552103695346,79.0,19.0,3.32538404343917,3.5118341469232557,10.062038220873355,5.11849661530999,282.123289934381,1201.8760217024833,0.7193694198090991,0.837178329438911
3197,3047,-0.04930966469428008,0.04930966469428008,0.04930966469428008,True,1.0238176464876223,0.37124266387490557,0.7961413637224346,0.16382919876183274,88.0,20.0,0.6982237926283585,3.924544321341023,20.83964263490726,13.455919184105033,462.09593448881276,2087.7230604807864,0.8788863199227059,0.7815017152871369
3198,2719,-0.049019607843137254,0.049019607843137254,0.049019607843137254,True,1.4881975641181038,0.39552655471781956,0.7510464632140258,0.11376259837339535,85.0,26.0,2.1464311014290525,2.279192981807301,16.565573953079994,7.2369768379948365,255.64059970859893,1234.9432692259788,0.9645689349997628,0.968021248448106
3199,2593,-0.04752851711026616,0.04752851711026616,0.04752851711026616,True,1.0082713820494218,0.3921411531309176,0.7678540035914223,0.13316229663337376,90.0,23.0,1.4029100305729918,4.038213027264792,12.181070244080722,6.497988717319356,423.2342897021,1513.5778216260503,0.7300022289783286,0.6258566758125234
3200,746,0.35947203100192304,-0.35947203100192304,-0.4598898231461135,True,1.4340805575161137,0.37847075121760637,0.8249864532566368,0.2802187978813961,91.0,18.0,2.1690786591608213,3.48165734111294,12.70193744336166,6.464854144498245,441.9527005927249,1620.6782286153175,0.8262467557151268,0.9402910073426384
