generation,island,estimated_completed_candidates,elapsed_seconds,estimated_candidates_per_second,eta_seconds,convergence,feasible_population_fraction,finite_energy_relative_std,best_objective,best_score,global_best_score,wing_span,wing_chord,tail_arm,nose_length,extra_shipping_containers,sensor_weight_kg,mission3_sensor_weight_kg,batt_capacity,prop_diameter_in,prop_pitch_in,mission3_prop_diameter_in,mission3_prop_pitch_in,motor_kv,motor_max_power,takeoff_flap_deflection_deg
1,0,1024,62.01498969999375,16.512136903573545,13643.297733998625,4.1581234523083855e-05,1.0,0.24049310018557732,12.575918722733155,-12.575918722733155,-12.575918722733155,1.5991488802030682,0.3984489644691348,0.6053027892485261,0.11658680802211166,0.0,16.09529959471778,4.968736095878726,3.144125309344884,21.0,13.5,22.0,12.0,251.54261044226587,2432.5593765825033,33.56717396527529
2,0,1536,86.44839070001035,17.76782641715291,12650.281172434848,4.3287996037001684e-05,1.0,0.23101092486360877,12.575918722733155,-12.575918722733155,-12.575918722733155,1.5991488802030682,0.3984489644691348,0.6053027892485261,0.11658680802211166,0.0,16.09529959471778,4.968736095878726,3.144125309344884,21.0,13.5,22.0,12.0,251.54261044226587,2432.5593765825033,33.56717396527529
3,0,2048,111.90894439999829,18.300592602140846,12254.029411799813,4.104595468287912e-05,1.0,0.24362936804028437,12.575918722733155,-12.575918722733155,-12.575918722733155,1.5991488802030682,0.3984489644691348,0.6053027892485261,0.11658680802211166,0.0,16.09529959471778,4.968736095878726,3.144125309344884,21.0,13.5,22.0,12.0,251.54261044226587,2432.5593765825033,33.56717396527529
4,0,2560,137.75984210000024,18.58306427312605,12040.21019954002,4.1168195061064336e-05,1.0,0.24290596139002696,12.575918722733155,-12.575918722733155,-12.575918722733155,1.5991488802030682,0.3984489644691348,0.6053027892485261,0.11658680802211166,0.0,16.09529959471778,4.968736095878726,3.144125309344884,21.0,13.5,22.0,12.0,251.54261044226587,2432.5593765825033,33.56717396527529
5,0,3072,169.81039220001549,18.09076558978538,12339.55516653446,4.0601932404638504e-05,1.0,0.24629369608175491,12.347634994177696,-12.347634994177696,-12.347634994177696,1.825949122647849,0.38952265666842045,0.5506455643102527,0.16534931415527468,0.0,15.008921679746548,10.032721964312424,2.686423547631107,17.0,12.0,15.0,10.0,341.75854734403134,2808.8899833220235,35.45363203700388
6,0,3584,197.87038800001028,18.112866893452566,12296.231254286353,3.929080563421871e-05,1.0,0.2545124702480242,12.27836766548916,-12.27836766548916,-12.27836766548916,1.8263550879683343,0.31393199789782145,0.6996876201343896,0.2662575346520314,0.0,17.075675012375722,10.943081685527332,3.1993447848941035,16.0,10.0,21.0,13.5,380.39405175932,2557.3973089207407,32.243683885701884
7,0,4096,225.12302269999054,18.19449628418734,12212.923981474485,3.8385655821251024e-05,1.0,0.2605139807058814,11.967646794550355,-11.967646794550355,-11.967646794550355,1.7817097610780166,0.36183715206567457,0.8890137019884167,0.2846703120385811,0.0,16.186067146801122,10.007386033345794,3.232582544372474,16.0,10.0,20.0,11.0,413.67716109536383,2708.806421174343,35.79974562544052
8,0,4608,249.69879250001395,18.45423421500824,12013.28635027845,3.776327130350088e-05,1.0,0.2648075671101336,11.917661059957403,-11.917661059957403,-11.917661059957403,1.8189049493768366,0.3349152063167559,0.7252300249632884,0.1839103001084525,0.0,16.680519671129915,11.034595318822909,3.024499839534895,16.0,8.0,18.0,10.0,407.34352503910435,2239.954422668776,16.96128630303732
9,0,5120,274.07710369999404,18.680874581936525,11840.130879839742,3.720790202638283e-05,1.0,0.26876011426038854,11.917661059957403,-11.917661059957403,-11.917661059957403,1.8189049493768366,0.3349152063167559,0.7252300249632884,0.1839103001084525,0.0,16.680519671129915,11.034595318822909,3.024499839534895,16.0,8.0,18.0,10.0,407.34352503910435,2239.954422668776,16.96128630303732
10,0,5632,304.4050937000138,18.501661491743114,11927.145034973268,3.663975561506732e-05,1.0,0.27292758459032146,11.917661059957403,-11.917661059957403,-11.917661059957403,1.8189049493768366,0.3349152063167559,0.7252300249632884,0.1839103001084525,0.0,16.680519671129915,11.034595318822909,3.024499839534895,16.0,8.0,18.0,10.0,407.34352503910435,2239.954422668776,16.96128630303732
11,1,6656,362.972356400016,18.337484611816315,11978.087761200528,4.502743645788846e-05,1.0,0.2220868160982784,17.5,-17.5,-11.917661059957403,1.391541563325748,0.37564766969531777,0.5426642009988427,0.2740836336277425,0.0,18.850267017468195,2.6527899260313443,1.7757239990137719,10.0,6.0,15.0,8.0,611.6114584729075,1090.2891904115677,26.343734301626682
12,1,7168,379.3972223000019,18.893127252081,11598.715081742916,4.4344821913104695e-05,1.0,0.2255054720840994,17.5,-17.5,-11.917661059957403,1.391541563325748,0.37564766969531777,0.5426642009988427,0.2740836336277425,0.0,18.850267017468195,2.6527899260313443,1.7757239990137719,10.0,6.0,15.0,8.0,611.6114584729075,1090.2891904115677,26.343734301626682
13,1,7680,394.22056869999506,19.481479683635026,11222.145522326526,4.4171350495343247e-05,1.0,0.22639108580241935,17.5,-17.5,-11.917661059957403,1.391541563325748,0.37564766969531777,0.5426642009988427,0.2740836336277425,0.0,18.850267017468195,2.6527899260313443,1.7757239990137719,10.0,6.0,15.0,8.0,611.6114584729075,1090.2891904115677,26.343734301626682
14,1,8192,408.8686844999902,20.03577263447819,10886.128724812239,4.396324703463073e-05,1.0,0.22746272567453427,17.5,-17.5,-11.917661059957403,1.391541563325748,0.37564766969531777,0.5426642009988427,0.2740836336277425,0.0,18.850267017468195,2.6527899260313443,1.7757239990137719,10.0,6.0,15.0,8.0,611.6114584729075,1090.2891904115677,26.343734301626682
15,1,8704,425.4111321000091,20.460207416372434,10635.278302500228,4.5639382407436617e-05,1.0,0.2191090122720539,13.59457291366192,-13.59457291366192,-11.917661059957403,1.8203822305806916,0.34127148771822924,0.3469924171278742,0.28327908899948195,0.0,16.078894707655813,1.722231583844465,1.9087816931296908,11.0,8.0,18.0,10.0,495.24816260305647,1056.8627557354719,7.4790069740770075
16,1,9216,442.21180099999765,20.840692127978848,10416.544645777723,4.456893626038141e-05,1.0,0.22437152059402582,13.119726927384953,-13.119726927384953,-11.917661059957403,1.6014525706108504,0.38082837304579176,0.766733152727767,0.10038487249985337,0.0,15.892701604118121,5.120751788879735,2.460613377996393,13.0,10.0,14.0,7.0,417.0726943795329,1798.3698048041508,27.159728705883026
17,1,9728,459.80920109999715,21.15660142669568,10236.804845542041,4.277151081469403e-05,1.0,0.23380048563925218,11.262780573138151,-11.262780573138151,-11.262780573138151,1.7011595455300061,0.32713965790523986,0.6025355058663642,0.10238888131701543,0.0,15.225837772840997,7.8419182048370315,3.3483554468431334,16.0,12.0,17.0,8.0,359.77551252922444,2433.153381568738,31.19653332978487
18,1,10240,483.2282164999924,21.190815540880486,10196.11536814984,4.0648889606720227e-05,1.0,0.24600917999852953,11.262780573138151,-11.262780573138151,-11.262780573138151,1.7011595455300061,0.32713965790523986,0.6025355058663642,0.10238888131701543,0.0,15.225837772840997,7.8419182048370315,3.3483554468431334,16.0,12.0,17.0,8.0,359.77551252922444,2433.153381568738,31.19653332978487
19,1,10752,510.67007150000427,21.054689906572897,10237.719052452467,3.882754027109061e-05,1.0,0.2575491501697207,11.262780573138151,-11.262780573138151,-11.262780573138151,1.7011595455300061,0.32713965790523986,0.6025355058663642,0.10238888131701543,0.0,15.225837772840997,7.8419182048370315,3.3483554468431334,16.0,12.0,17.0,8.0,359.77551252922444,2433.153381568738,31.19653332978487
20,1,11264,540.7527010999911,20.830224198763943,10323.460657363466,3.834931008278642e-05,1.0,0.2607608840527387,11.262780573138151,-11.262780573138151,-11.262780573138151,1.7011595455300061,0.32713965790523986,0.6025355058663642,0.10238888131701543,0.0,15.225837772840997,7.8419182048370315,3.3483554468431334,16.0,12.0,17.0,8.0,359.77551252922444,2433.153381568738,31.19653332978487
21,2,12288,599.5030591000104,20.496976309757393,10441.344945991848,4.436601993766228e-05,1.0,0.22539772587333215,12.661718477525739,-12.661718477525739,-11.262780573138151,1.7739317201625555,0.2545846411585808,0.364844842068851,0.2784683666937053,0.0,15.384336279491954,10.364968696454653,2.99541920262414,14.0,8.5,11.0,8.5,499.2220899555832,2383.553110063076,13.439892865717411
22,2,12800,616.0897567000065,20.77619350232554,10276.37714175611,4.3935339116655206e-05,1.0,0.22760721098449757,12.661718477525739,-12.661718477525739,-11.262780573138151,1.7739317201625555,0.2545846411585808,0.364844842068851,0.2784683666937053,0.0,15.384336279491954,10.364968696454653,2.99541920262414,14.0,8.5,11.0,8.5,499.2220899555832,2383.553110063076,13.439892865717411
23,2,13312,634.3459945000068,20.98539301173101,10149.535912000109,4.1965829940306863e-05,1.0,0.2382891036403716,12.661718477525739,-12.661718477525739,-11.262780573138151,1.7739317201625555,0.2545846411585808,0.364844842068851,0.2784683666937053,0.0,15.384336279491954,10.364968696454653,2.99541920262414,14.0,8.5,11.0,8.5,499.2220899555832,2383.553110063076,13.439892865717411
24,2,13824,655.0206727999903,21.104677415610578,10067.910341185036,3.999880902982891e-05,1.0,0.2500074437852023,12.661718477525739,-12.661718477525739,-11.262780573138151,1.7739317201625555,0.2545846411585808,0.364844842068851,0.2784683666937053,0.0,15.384336279491954,10.364968696454653,2.99541920262414,14.0,8.5,11.0,8.5,499.2220899555832,2383.553110063076,13.439892865717411
25,2,14336,676.44098449999,21.193275287121832,10001.663127964137,3.8854962188528496e-05,1.0,0.2573673846722307,12.597693079885678,-12.597693079885678,-11.262780573138151,1.7892163770324299,0.3761433206511226,0.6671490491332175,0.2582274256822195,0.0,17.85608459274,16.07400373646949,2.8639543368802522,13.0,6.5,15.0,7.0,594.4389145550849,1946.6326866333804,0.16456702101202225
26,2,14848,691.4753535999916,21.47292730347892,9847.562794372294,3.972790213924512e-05,1.0,0.25171225918122453,12.597693079885678,-12.597693079885678,-11.262780573138151,1.7892163770324299,0.3761433206511226,0.6671490491332175,0.2582274256822195,0.0,17.85608459274,16.07400373646949,2.8639543368802522,13.0,6.5,15.0,7.0,594.4389145550849,1946.6326866333804,0.16456702101202225
27,2,15360,707.8584343999973,21.699254050733476,9721.25583242663,3.9649632068437614e-05,1.0,0.2522091499547688,12.561314871172147,-12.561314871172147,-11.262780573138151,1.8139097552100356,0.3943447444359899,0.4110786203098045,0.2893112850317349,0.0,15.710351103925664,13.773928119423719,2.9346206386471447,12.0,6.0,11.0,7.0,524.8727755471903,1678.4263921962217,7.796739741032681
28,2,15872,720.5322199999937,22.028161349953425,9552.862658709593,3.929051441858368e-05,1.0,0.25451435665780386,12.561314871172147,-12.561314871172147,-11.262780573138151,1.8139097552100356,0.3943447444359899,0.4110786203098045,0.2893112850317349,0.0,15.710351103925664,13.773928119423719,2.9346206386471447,12.0,6.0,11.0,7.0,524.8727755471903,1678.4263921962217,7.796739741032681
29,2,16384,735.1889984000009,22.28542597299016,9419.609042000011,3.895545049711024e-05,1.0,0.2567034875066277,12.561314871172147,-12.561314871172147,-11.262780573138151,1.8139097552100356,0.3943447444359899,0.4110786203098045,0.2893112850317349,0.0,15.710351103925664,13.773928119423719,2.9346206386471447,12.0,6.0,11.0,7.0,524.8727755471903,1678.4263921962217,7.796739741032681
30,2,16896,750.8680624999979,22.50195586125365,9306.213259469672,3.738589781259381e-05,1.0,0.2674805363810574,11.748991352910284,-11.748991352910284,-11.262780573138151,1.8169993364210537,0.33123408638642915,0.4583209900657745,0.2520118252607598,0.0,15.173321686684282,14.575989459830694,3.233495957591275,12.0,8.0,13.0,10.0,567.2569576876361,2087.5871094092327,9.410804480119566
31,3,17920,811.379351200012,22.085846741720403,9435.182741097284,4.254998793984427e-05,1.0,0.2350176929341943,12.726710626712745,-12.726710626712745,-11.262780573138151,1.7830942341852931,0.30574483141303066,0.8806621519848705,0.29787492396309967,0.0,16.250250164566133,5.900411370729692,2.8069870300792354,15.0,7.0,14.0,8.5,434.86862145364285,1923.4166666865349,20.27951955795288
32,3,18432,830.4687602999911,22.194693986251558,9365.8421300499,4.3401779312788204e-05,1.0,0.23040530038945942,12.726710626712745,-12.726710626712745,-11.262780573138151,1.7830942341852931,0.30574483141303066,0.8806621519848705,0.29787492396309967,0.0,16.250250164566133,5.900411370729692,2.8069870300792354,15.0,7.0,14.0,8.5,434.86862145364285,1923.4166666865349,20.27951955795288
33,3,18944,849.8633417999954,22.290642587168126,9302.558200783735,4.19559041465728e-05,1.0,0.2383454773150646,12.219864921969275,-12.219864921969275,-11.262780573138151,1.603132404266856,0.360141921051999,0.701776275200804,0.2935775025514294,0.0,15.86665716926001,8.607804627450427,3.2796542243764533,19.0,10.0,18.0,10.0,340.4444741318679,2372.97999050736,24.7427065027102
34,3,19456,875.422404699988,22.22469963704856,9307.122407863031,4.1409905792779144e-05,1.0,0.24148811277285598,12.219864921969275,-12.219864921969275,-11.262780573138151,1.603132404266856,0.360141921051999,0.701776275200804,0.2935775025514294,0.0,15.86665716926001,8.607804627450427,3.2796542243764533,19.0,10.0,18.0,10.0,340.4444741318679,2372.97999050736,24.7427065027102
35,3,19968,898.3626112999918,22.22710490044209,9283.080316766582,4.084893533842529e-05,1.0,0.24480442188154927,12.219864921969275,-12.219864921969275,-11.262780573138151,1.603132404266856,0.360141921051999,0.701776275200804,0.2935775025514294,0.0,15.86665716926001,8.607804627450427,3.2796542243764533,19.0,10.0,18.0,10.0,340.4444741318679,2372.97999050736,24.7427065027102
36,3,20480,928.0195822000096,22.06849983860156,9326.596801110096,4.108225494506543e-05,1.0,0.24341409723910826,12.219864921969275,-12.219864921969275,-11.262780573138151,1.603132404266856,0.360141921051999,0.701776275200804,0.2935775025514294,0.0,15.86665716926001,8.607804627450427,3.2796542243764533,19.0,10.0,18.0,10.0,340.4444741318679,2372.97999050736,24.7427065027102
37,3,20992,966.5727601000108,21.717971855349997,9453.553092685472,3.822524952879729e-05,1.0,0.26160718695809726,11.8723162474828,-11.8723162474828,-11.262780573138151,1.8143329175851446,0.3670067018119849,0.858642512329802,0.28547773100020013,0.0,15.91055539635825,9.729182532286494,2.869299570941095,22.0,13.0,19.0,12.0,235.0937836850121,2133.48188499109,35.09480368963661
38,3,21504,1006.570564900001,21.36362888987951,9586.386332380962,3.748473985760929e-05,1.0,0.26677522741217646,11.8723162474828,-11.8723162474828,-11.262780573138151,1.8143329175851446,0.3670067018119849,0.858642512329802,0.28547773100020013,0.0,15.91055539635825,9.729182532286494,2.869299570941095,22.0,13.0,19.0,12.0,235.0937836850121,2133.48188499109,35.09480368963661
39,3,22016,1038.9336907000106,21.19095780325124,9640.33819975126,3.6881903752070184e-05,1.0,0.2711356785490958,11.839838070916176,-11.839838070916176,-11.262780573138151,1.775151313788479,0.36336480195134707,0.7039102015635,0.28356497896994703,0.0,16.33732110923763,9.668862126776293,3.2127729631505875,17.0,8.0,19.0,10.0,386.49120551928985,2049.3014057054875,7.823720743103699
40,3,22528,1065.0479119000083,21.152100058870435,9633.842475822803,3.704394834215919e-05,1.0,0.26994962598571426,11.839838070916176,-11.839838070916176,-11.262780573138151,1.775151313788479,0.36336480195134707,0.7039102015635,0.28356497896994703,0.0,16.33732110923763,9.668862126776293,3.2127729631505875,17.0,8.0,19.0,10.0,386.49120551928985,2049.3014057054875,7.823720743103699
41,4,23552,1121.8469011000125,20.99395200620191,9657.638539904456,4.458870671427421e-05,1.0,0.2242720351608378,13.257282552961167,-13.257282552961167,-11.262780573138151,1.7516013418735683,0.33781882603758917,0.7205608528107406,0.20607338661612076,0.0,15.060937753443916,3.913652054281825,3.159356323448387,14.0,8.5,17.0,8.0,391.7476783506572,2636.3000326804004,17.763237804174423
42,4,24064,1145.9236392000166,20.999654057926037,9630.634840085246,3.9051600685997494e-05,1.0,0.25607144968031065,12.476748222561561,-12.476748222561561,-11.262780573138151,1.809253494137626,0.369714196874183,0.8804564534256198,0.09002808955958796,0.0,18.612059170838222,16.137299182130306,3.2684820378364714,13.0,10.0,17.0,7.0,469.84072291018094,2283.0024031004245,0.7615618407726288
43,4,24576,1161.0584524000005,21.166892975284274,9530.354796783336,3.890250754221807e-05,1.0,0.25705283879574387,12.476748222561561,-12.476748222561561,-11.262780573138151,1.809253494137626,0.369714196874183,0.8804564534256198,0.09002808955958796,0.0,18.612059170838222,16.137299182130306,3.2684820378364714,13.0,10.0,17.0,7.0,469.84072291018094,2283.0024031004245,0.7615618407726288
44,4,25088,1175.4300588000042,21.343677415917305,9427.428838946973,3.935807444347515e-05,1.0,0.2540774705419515,12.476748222561561,-12.476748222561561,-11.262780573138151,1.809253494137626,0.369714196874183,0.8804564534256198,0.09002808955958796,0.0,18.612059170838222,16.137299182130306,3.2684820378364714,13.0,10.0,17.0,7.0,469.84072291018094,2283.0024031004245,0.7615618407726288
45,4,25600,1188.159841100016,21.54592262291843,9315.173154224125,4.0317402860051634e-05,1.0,0.24803184953930799,12.476748222561561,-12.476748222561561,-11.262780573138151,1.809253494137626,0.369714196874183,0.8804564534256198,0.09002808955958796,0.0,18.612059170838222,16.137299182130306,3.2684820378364714,13.0,10.0,17.0,7.0,469.84072291018094,2283.0024031004245,0.7615618407726288
46,4,26112,1202.4118039000023,21.716353677921468,9218.490496566683,4.017496881195353e-05,1.0,0.2489112075433553,12.476748222561561,-12.476748222561561,-11.262780573138151,1.809253494137626,0.369714196874183,0.8804564534256198,0.09002808955958796,0.0,18.612059170838222,16.137299182130306,3.2684820378364714,13.0,10.0,17.0,7.0,469.84072291018094,2283.0024031004245,0.7615618407726288
47,4,26624,1216.262064200011,21.8900192513295,9121.965481500083,4.1320384913595874e-05,1.0,0.24201129831948,12.417763177107489,-12.417763177107489,-11.262780573138151,1.7566686193880034,0.3719605340528416,0.8530852614055567,0.1004080911724401,0.0,16.601418106920814,12.440903001175165,3.202114129498551,13.0,8.0,20.0,10.0,543.875775053744,2873.7148830437545,6.928654283803738
48,4,27136,1238.7070042999985,21.906713941070134,9091.641974956594,3.975781935914464e-05,1.0,0.25152284911973943,12.417763177107489,-12.417763177107489,-11.262780573138151,1.7566686193880034,0.3719605340528416,0.8530852614055567,0.1004080911724401,0.0,16.601418106920814,12.440903001175165,3.202114129498551,13.0,8.0,20.0,10.0,543.875775053744,2873.7148830437545,6.928654283803738
49,4,27648,1259.5721111999883,21.950311343159132,9050.258873066583,3.912217422329611e-05,1.0,0.25560951553774547,12.417763177107489,-12.417763177107489,-11.262780573138151,1.7566686193880034,0.3719605340528416,0.8530852614055567,0.1004080911724401,0.0,16.601418106920814,12.440903001175165,3.202114129498551,13.0,8.0,20.0,10.0,543.875775053744,2873.7148830437545,6.928654283803738
50,4,28160,1279.3280854999903,22.011554595859934,9001.81761979084,3.810161949442122e-05,1.0,0.262456035535817,11.798628359146239,-11.798628359146239,-11.262780573138151,1.80934962795041,0.3696258226402724,0.8196357310820257,0.28375643299283626,0.0,15.907021977916427,13.331195743095329,3.1328067476229364,14.0,10.0,14.0,8.5,425.87058042306035,2691.3404794719295,14.02961127000089
51,5,29184,1342.7357053000014,21.734731477539395,9069.355202464922,4.548235517331805e-05,1.0,0.21986548326033983,17.5,-17.5,-11.262780573138151,1.8099185495100913,0.22715491387993098,0.818449254333973,0.20486027853563427,0.0,19.84712997012,8.814790473354257,2.428928839596542,13.0,10.0,22.0,13.0,359.4131101388484,2712.258920073509,29.29920431226492
52,5,29696,1363.113307599997,21.78542299780279,9024.750174455152,4.676359319386405e-05,1.0,0.21384156599224097,12.958500434654548,-12.958500434654548,-11.262780573138151,1.7385015579143208,0.3695298605412245,0.8064221307635309,0.2626786791539211,0.0,17.126242721020045,11.12249636020081,2.5099854668652686,18.0,12.0,15.0,10.0,369.5791753689679,2531.16806037724,11.592805793392685
53,5,30208,1385.1829137000022,21.807950200100674,8991.95010079832,4.587485502342214e-05,1.0,0.21798434011168713,12.734247428200579,-12.734247428200579,-11.262780573138151,1.8169278233853434,0.2842931130155921,0.7910146230831743,0.19917453517966496,0.0,17.095292083121112,14.169422215473423,2.971092847556177,16.0,8.0,20.0,15.0,389.335765956948,2149.0874125005735,23.249845458178278
54,5,30720,1403.1244776000094,21.893994788363596,8933.22584072006,4.5616914612751046e-05,1.0,0.21921693049368898,12.410294235654739,-12.410294235654739,-11.262780573138151,1.7821912509132176,0.2613996080309153,0.8886497360695269,0.24478987714275718,0.0,15.485617538212624,10.912017904645365,3.279658742033175,16.0,8.0,20.0,15.0,475.62543215915724,2455.2171856047075,23.60379341202297
55,5,31232,1421.9491576,21.964217098109273,8881.354574518033,4.404201566429495e-05,1.0,0.22705591125128802,12.410294235654739,-12.410294235654739,-11.262780573138151,1.7821912509132176,0.2613996080309153,0.8886497360695269,0.24478987714275718,0.0,15.485617538212624,10.912017904645365,3.279658742033175,16.0,8.0,20.0,15.0,475.62543215915724,2455.2171856047075,23.60379341202297
56,5,31744,1447.9819386000163,21.92292538585926,8874.728010774294,4.155299239075133e-05,1.0,0.24065655503129887,11.939539117103166,-11.939539117103166,-11.262780573138151,1.6704044902214776,0.34111739044868594,0.6507436625967925,0.20135612560957883,0.0,15.527067006616884,14.680799058061819,3.2036319804814957,17.0,10.0,20.0,15.0,341.09061846748176,2194.1374121149906,8.309632749337418
57,5,32256,1469.9627386000066,21.943413362110547,8843.10917348258,3.93109306646178e-05,1.0,0.2543821738873405,11.939539117103166,-11.939539117103166,-11.262780573138151,1.6704044902214776,0.34111739044868594,0.6507436625967925,0.20135612560957883,0.0,15.527067006616884,14.680799058061819,3.2036319804814957,17.0,10.0,20.0,15.0,341.09061846748176,2194.1374121149906,8.309632749337418
58,5,32768,1493.5193229000142,21.940124575270527,8821.098500878208,3.8982491828214494e-05,1.0,0.2565254177200201,11.939539117103166,-11.939539117103166,-11.262780573138151,1.6704044902214776,0.34111739044868594,0.6507436625967925,0.20135612560957883,0.0,15.527067006616884,14.680799058061819,3.2036319804814957,17.0,10.0,20.0,15.0,341.09061846748176,2194.1374121149906,8.309632749337418
59,5,33280,1519.1898711000104,21.90641251175715,8811.30125238006,3.86398634601316e-05,1.0,0.25880008634911295,11.939539117103166,-11.939539117103166,-11.262780573138151,1.6704044902214776,0.34111739044868594,0.6507436625967925,0.20135612560957883,0.0,15.527067006616884,14.680799058061819,3.2036319804814957,17.0,10.0,20.0,15.0,341.09061846748176,2194.1374121149906,8.309632749337418
60,5,33792,1542.8395751999924,21.90247161349855,8789.510307199957,3.742783303271264e-05,1.0,0.26718084349846816,11.410827407508755,-11.410827407508755,-11.262780573138151,1.8148741080316073,0.3627905255638887,0.7614627709452043,0.20535978983727488,0.0,15.073818067996248,12.955386027420847,3.1491276273628057,16.0,7.0,20.0,13.0,429.1310864116614,2673.8184107121933,4.313064306951821
61,0,34816,1635.900725399988,21.282465041689658,8997.453989699934,3.557556136878263e-05,1.0,0.28109183988239017,11.917661059957403,-11.917661059957403,-11.262780573138151,1.8189049493768366,0.3349152063167559,0.7252300249632884,0.1839103001084525,0.0,16.680519671129915,11.034595318822909,3.024499839534895,16.0,8.0,18.0,10.0,407.34352503910435,2239.954422668776,16.96128630303732
62,0,35328,1665.209709399991,21.215345911434422,9001.78582037966,3.595708981904724e-05,1.0,0.2781092699749794,11.35312877035294,-11.35312877035294,-11.262780573138151,1.7161830753365412,0.3348172969887773,0.5737963571019097,0.1133071927050243,0.0,15.663069303026452,9.235530925149794,3.338230838582866,22.0,10.0,20.0,11.0,291.066329304221,2468.534880262485,20.288956216666815
63,0,35840,1694.9420508999901,21.145265692694018,9007.406327639948,3.651051352437717e-05,1.0,0.2738937099124404,11.35312877035294,-11.35312877035294,-11.262780573138151,1.7161830753365412,0.3348172969887773,0.5737963571019097,0.1133071927050243,0.0,15.663069303026452,9.235530925149794,3.338230838582866,22.0,10.0,20.0,11.0,291.066329304221,2468.534880262485,20.288956216666815
64,0,36352,1727.1571175999998,21.04730347318577,9025.004093374646,3.688196130285282e-05,1.0,0.27113525546773165,11.35312877035294,-11.35312877035294,-11.262780573138151,1.7161830753365412,0.3348172969887773,0.5737963571019097,0.1133071927050243,0.0,15.663069303026452,9.235530925149794,3.338230838582866,22.0,10.0,20.0,11.0,291.066329304221,2468.534880262485,20.288956216666815
65,0,36864,1753.116967400012,21.027689929139036,9009.073304694506,3.769010385032702e-05,1.0,0.2653216356131963,11.35312877035294,-11.35312877035294,-11.262780573138151,1.7161830753365412,0.3348172969887773,0.5737963571019097,0.1133071927050243,0.0,15.663069303026452,9.235530925149794,3.338230838582866,22.0,10.0,20.0,11.0,291.066329304221,2468.534880262485,20.288956216666815
66,0,37376,1791.6185591999965,20.861583403494848,9056.263675956146,3.922797866376838e-05,1.0,0.25492009378592223,10.996128395173114,-10.996128395173114,-10.996128395173114,1.788691240594555,0.3348172969887773,0.6727191387814784,0.12625628405716877,0.0,15.924175153832566,13.733877678746028,3.338230838582866,22.0,10.0,19.0,12.0,291.9206734926443,2468.534880262485,21.395708058987616
67,0,37888,1817.7149385999946,20.84375233730618,9039.447262227,3.948113720565902e-05,1.0,0.2532855106961469,10.996128395173114,-10.996128395173114,-10.996128395173114,1.788691240594555,0.3348172969887773,0.6727191387814784,0.12625628405716877,0.0,15.924175153832566,13.733877678746028,3.338230838582866,22.0,10.0,19.0,12.0,291.9206734926443,2468.534880262485,21.395708058987616
68,0,38400,1851.5904613000166,20.738927318214337,9060.449323961415,3.9520115017558806e-05,1.0,0.25303570082113847,10.996128395173114,-10.996128395173114,-10.996128395173114,1.788691240594555,0.3348172969887773,0.6727191387814784,0.12625628405716877,0.0,15.924175153832566,13.733877678746028,3.338230838582866,22.0,10.0,19.0,12.0,291.9206734926443,2468.534880262485,21.395708058987616
69,0,38912,1883.809585800016,20.656015498230335,9072.03037372113,4.065330072530749e-05,1.0,0.24598248657764687,10.996128395173114,-10.996128395173114,-10.996128395173114,1.788691240594555,0.3348172969887773,0.6727191387814784,0.12625628405716877,0.0,15.924175153832566,13.733877678746028,3.338230838582866,22.0,10.0,19.0,12.0,291.9206734926443,2468.534880262485,21.395708058987616
70,0,39424,1914.691450400016,20.590262724452842,9076.134797350725,4.2787528563829345e-05,1.0,0.2337129611279662,10.996128395173114,-10.996128395173114,-10.996128395173114,1.788691240594555,0.3348172969887773,0.6727191387814784,0.12625628405716877,0.0,15.924175153832566,13.733877678746028,3.338230838582866,22.0,10.0,19.0,12.0,291.9206734926443,2468.534880262485,21.395708058987616
71,1,40448,1994.6386470000143,20.278359722366147,9165.238340012724,3.7952757889548644e-05,1.0,0.26348546340432805,11.262780573138151,-11.262780573138151,-10.996128395173114,1.7011595455300061,0.32713965790523986,0.6025355058663642,0.10238888131701543,0.0,15.225837772840997,7.8419182048370315,3.3483554468431334,16.0,12.0,17.0,8.0,359.77551252922444,2433.153381568738,31.19653332978487
72,1,40960,2018.958117400005,20.28769177874175,9135.785481235023,3.852018695238562e-05,1.0,0.25960413983350816,11.16638456323059,-11.16638456323059,-10.996128395173114,1.7873437324130885,0.3800554152784155,0.6237787450418046,0.24691483741567335,0.0,15.824730791146202,12.511343351499939,3.268472574485795,15.0,8.0,15.0,10.0,465.7050048153672,2145.8021003000813,36.20051762588912
73,1,41472,2047.5117419000017,20.254828898571194,9125.330108961736,3.751192718761763e-05,1.0,0.2665818780779919,11.16638456323059,-11.16638456323059,-10.996128395173114,1.7873437324130885,0.3800554152784155,0.6237787450418046,0.24691483741567335,0.0,15.824730791146202,12.511343351499939,3.268472574485795,15.0,8.0,15.0,10.0,465.7050048153672,2145.8021003000813,36.20051762588912
74,1,41984,2072.7051875999896,20.255654422621376,9099.68131141459,3.8649764845579166e-05,1.0,0.25873378634912475,11.16638456323059,-11.16638456323059,-10.996128395173114,1.7873437324130885,0.3800554152784155,0.6237787450418046,0.24691483741567335,0.0,15.824730791146202,12.511343351499939,3.268472574485795,15.0,8.0,15.0,10.0,465.7050048153672,2145.8021003000813,36.20051762588912
75,1,42496,2097.3610562999966,20.26165207576047,9071.718303755408,3.897145563944436e-05,1.0,0.25659806224632387,11.16638456323059,-11.16638456323059,-10.996128395173114,1.7873437324130885,0.3800554152784155,0.6237787450418046,0.24691483741567335,0.0,15.824730791146202,12.511343351499939,3.268472574485795,15.0,8.0,15.0,10.0,465.7050048153672,2145.8021003000813,36.20051762588912
76,1,43008,2122.711618400004,20.26087746785751,9046.794754609542,4.033357162610329e-05,1.0,0.2479324194916609,11.16638456323059,-11.16638456323059,-10.996128395173114,1.7873437324130885,0.3800554152784155,0.6237787450418046,0.24691483741567335,0.0,15.824730791146202,12.511343351499939,3.268472574485795,15.0,8.0,15.0,10.0,465.7050048153672,2145.8021003000813,36.20051762588912
77,1,43520,2145.0085629000096,20.2889632949352,9009.03596418004,4.101824971645897e-05,1.0,0.2437939226838193,11.16638456323059,-11.16638456323059,-10.996128395173114,1.7873437324130885,0.3800554152784155,0.6237787450418046,0.24691483741567335,0.0,15.824730791146202,12.511343351499939,3.268472574485795,15.0,8.0,15.0,10.0,465.7050048153672,2145.8021003000813,36.20051762588912
78,1,44032,2167.2015566999908,20.31744572343689,8971.206444013915,4.1805109109229115e-05,1.0,0.23920521230722824,11.16638456323059,-11.16638456323059,-10.996128395173114,1.7873437324130885,0.3800554152784155,0.6237787450418046,0.24691483741567335,0.0,15.824730791146202,12.511343351499939,3.268472574485795,15.0,8.0,15.0,10.0,465.7050048153672,2145.8021003000813,36.20051762588912
79,1,44544,2192.9544723000145,20.312323198065013,8948.262501913852,4.248479476584672e-05,1.0,0.23537832900251962,11.16638456323059,-11.16638456323059,-10.996128395173114,1.7873437324130885,0.3800554152784155,0.6237787450418046,0.24691483741567335,0.0,15.824730791146202,12.511343351499939,3.268472574485795,15.0,8.0,15.0,10.0,465.7050048153672,2145.8021003000813,36.20051762588912
80,1,45056,2217.5275040999986,20.31812454037017,8920.508368765904,4.386378235737559e-05,1.0,0.22797851581803946,11.16638456323059,-11.16638456323059,-10.996128395173114,1.7873437324130885,0.3800554152784155,0.6237787450418046,0.24691483741567335,0.0,15.824730791146202,12.511343351499939,3.268472574485795,15.0,8.0,15.0,10.0,465.7050048153672,2145.8021003000813,36.20051762588912
81,2,46080,2275.516112500016,20.250351006907966,8899.796351111174,3.689844268599705e-05,1.0,0.2710141478083299,11.748991352910284,-11.748991352910284,-10.996128395173114,1.8169993364210537,0.33123408638642915,0.4583209900657745,0.2520118252607598,0.0,15.173321686684282,14.575989459830696,3.233495957591275,12.0,8.0,13.0,10.0,567.2569576876361,2087.5871094092327,9.410804480119566
82,2,46592,2289.9831232000142,20.34600147397266,8832.792046628625,3.5986245263009606e-05,1.0,0.27788395057372184,11.614178732158804,-11.614178732158804,-10.996128395173114,1.8068327165676346,0.3463726223071791,0.4802940575698994,0.16378689230637322,0.0,15.49180812890226,13.267376730360628,3.2296338777380376,13.0,5.5,11.0,7.0,588.4618370235457,2159.519522530375,5.42254319669107
83,2,47104,2304.814631999994,20.43721839752713,8768.316534782587,3.5172301719083435e-05,1.0,0.2843146314355166,11.614178732158804,-11.614178732158804,-10.996128395173114,1.8068327165676346,0.3463726223071791,0.4802940575698994,0.16378689230637322,0.0,15.49180812890226,13.267376730360628,3.2296338777380376,13.0,5.5,11.0,7.0,588.4618370235457,2159.519522530375,5.42254319669107
84,2,47616,2319.327004199993,20.53009339078696,8703.711015761266,3.5010424711469226e-05,1.0,0.2856292113681228,11.614178732158804,-11.614178732158804,-10.996128395173114,1.8068327165676346,0.3463726223071791,0.4802940575698994,0.16378689230637322,0.0,15.49180812890226,13.267376730360628,3.2296338777380376,13.0,5.5,11.0,7.0,588.4618370235457,2159.519522530375,5.42254319669107
85,2,48128,2334.956444999989,20.61194764598713,8644.306838936129,3.4392200695431904e-05,1.0,0.290763597495761,11.614178732158804,-11.614178732158804,-10.996128395173114,1.8068327165676346,0.3463726223071791,0.4802940575698994,0.16378689230637322,0.0,15.49180812890226,13.267376730360628,3.2296338777380376,13.0,5.5,11.0,7.0,588.4618370235457,2159.519522530375,5.42254319669107
86,2,48640,2349.029956899991,20.706419625312098,8580.141000466283,3.3854192518862565e-05,1.0,0.2953843898190242,11.614178732158804,-11.614178732158804,-10.996128395173114,1.8068327165676346,0.3463726223071791,0.4802940575698994,0.16378689230637322,0.0,15.49180812890226,13.267376730360628,3.2296338777380376,13.0,5.5,11.0,7.0,588.4618370235457,2159.519522530375,5.42254319669107
87,2,49152,2365.072060800012,20.782453445995124,8524.113885800043,3.352123100396838e-05,1.0,0.298318400025827,11.505818371303729,-11.505818371303729,-10.996128395173114,1.8084439553146,0.35537861027954454,0.3566202613044963,0.19581207465022404,0.0,15.491276126432144,12.194885770897077,3.351657980680794,14.0,7.0,11.0,7.0,564.2007744992623,2906.371256123381,36.84801642120298
88,2,49664,2383.492255799996,20.8366525543129,8477.369363412357,3.368686188626117e-05,1.0,0.2968516341404418,11.505818371303729,-11.505818371303729,-10.996128395173114,1.8084439553146,0.35537861027954454,0.3566202613044963,0.19581207465022404,0.0,15.491276126432144,12.194885770897077,3.351657980680794,14.0,7.0,11.0,7.0,564.2007744992623,2906.371256123381,36.84801642120298
89,2,50176,2405.0809295999934,20.862499628378465,8442.324895738753,3.448647823629853e-05,1.0,0.28996872140671515,11.505818371303729,-11.505818371303729,-10.996128395173114,1.8084439553146,0.35537861027954454,0.3566202613044963,0.19581207465022404,0.0,15.491276126432144,12.194885770897077,3.351657980680794,14.0,7.0,11.0,7.0,564.2007744992623,2906.371256123381,36.84801642120298
90,2,50688,2425.370834100002,20.89907212841088,8403.05248582122,3.538085188018321e-05,1.0,0.2826387570843365,11.505818371303729,-11.505818371303729,-10.996128395173114,1.8084439553146,0.35537861027954454,0.3566202613044963,0.19581207465022404,0.0,15.491276126432144,12.194885770897077,3.351657980680794,14.0,7.0,11.0,7.0,564.2007744992623,2906.371256123381,36.84801642120298
91,3,51712,2514.715602000011,20.563756775864537,8490.277428534691,3.721014185755521e-05,1.0,0.26874393648594963,11.839838070916176,-11.839838070916176,-10.996128395173114,1.775151313788479,0.36336480195134707,0.7039102015635,0.28356497896994703,0.0,16.33732110923763,9.668862126776293,3.2127729631505875,17.0,8.0,19.0,10.0,386.49120551928985,2049.3014057054875,7.823720743103699
92,3,52224,2552.9960572000127,20.455965786831822,8509.986857333377,3.627786821094808e-05,1.0,0.27565015512631896,11.435621586636259,-11.435621586636259,-10.996128395173114,1.8047594254958996,0.3991719765475481,0.8562164551796809,0.2535556199763253,0.0,15.123983820199904,11.523124653222801,3.179591898113741,18.0,10.0,24.0,12.0,315.8391609088081,1772.0826589255037,30.3533744984774
93,3,52736,2592.7720603999915,20.33962059582836,8533.492509471816,3.591643015007007e-05,1.0,0.2784241072460951,10.919417303536996,-10.919417303536996,-10.919417303536996,1.7666815652372738,0.3868131236605339,0.645170543947922,0.2692388965097159,0.0,15.2352328197154,10.526787416218236,3.327241254958737,19.0,10.0,22.0,13.0,302.5724568965258,2464.5891237887586,33.03890833210542
94,3,53248,2626.9225694999914,20.2701064044439,8537.498350874972,3.623624164893298e-05,1.0,0.2759668096068803,10.919417303536996,-10.919417303536996,-10.919417303536996,1.7666815652372738,0.3868131236605339,0.645170543947922,0.2692388965097159,0.0,15.2352328197154,10.526787416218236,3.327241254958737,19.0,10.0,22.0,13.0,302.5724568965258,2464.5891237887586,33.03890833210542
95,3,53760,2669.1844617000024,20.140983424487747,8566.811081837152,3.6291278556681785e-05,1.0,0.27554829693810384,10.919417303536996,-10.919417303536996,-10.919417303536996,1.7666815652372738,0.3868131236605339,0.645170543947922,0.2692388965097159,0.0,15.2352328197154,10.526787416218236,3.327241254958737,19.0,10.0,22.0,13.0,302.5724568965258,2464.5891237887586,33.03890833210542
96,3,54272,2714.02602640001,19.99686055774067,8602.950423305692,3.750386848588898e-05,1.0,0.2666391602712275,10.919417303536996,-10.919417303536996,-10.919417303536996,1.7666815652372738,0.3868131236605339,0.645170543947922,0.2692388965097159,0.0,15.2352328197154,10.526787416218236,3.327241254958737,19.0,10.0,22.0,13.0,302.5724568965258,2464.5891237887586,33.03890833210542
97,3,54784,2751.101067200012,19.91348142500541,8613.260350579476,3.789303225281814e-05,1.0,0.26390075973020827,10.919417303536996,-10.919417303536996,-10.919417303536996,1.7666815652372738,0.3868131236605339,0.645170543947922,0.2692388965097159,0.0,15.2352328197154,10.526787416218236,3.327241254958737,19.0,10.0,22.0,13.0,302.5724568965258,2464.5891237887586,33.03890833210542
98,3,55296,2794.9197305999987,19.784468009794807,8643.54805574444,3.9452922725463346e-05,1.0,0.2534666460476421,10.919417303536996,-10.919417303536996,-10.919417303536996,1.7666815652372738,0.3868131236605339,0.645170543947922,0.2692388965097159,0.0,15.2352328197154,10.526787416218236,3.327241254958737,19.0,10.0,22.0,13.0,302.5724568965258,2464.5891237887586,33.03890833210542
99,3,55808,2844.133351299999,19.62214604828259,8688.957853054126,4.0546821170201534e-05,1.0,0.24662845844371992,10.907641354509868,-10.907641354509868,-10.907641354509868,1.7818203594609585,0.39356341251993365,0.6987267899466292,0.197389437261145,0.0,15.087685141385608,9.265212958889093,3.3179101815594354,20.0,8.0,21.0,13.0,330.2314234092864,2433.2875751225192,35.3835161606476
100,3,56320,2888.5392280000087,19.49774455339328,8718.136579054571,4.2966121428141917e-05,1.0,0.2327415104648054,10.907641354509868,-10.907641354509868,-10.907641354509868,1.7818203594609585,0.39356341251993365,0.6987267899466292,0.197389437261145,0.0,15.087685141385608,9.265212958889093,3.3179101815594354,20.0,8.0,21.0,13.0,330.2314234092864,2433.2875751225192,35.3835161606476
101,4,57344,2953.0984039999894,19.41824895585166,8701.093511785684,3.7106620556953866e-05,1.0,0.26949368737719687,11.798628359146239,-11.798628359146239,-10.907641354509868,1.80934962795041,0.3696258226402724,0.8196357310820257,0.28375643299283626,0.0,15.907021977916427,13.331195743095329,3.1328067476229364,14.0,10.0,14.0,8.5,425.87058042306035,2691.3404794719295,14.02961127000089
102,4,57856,2972.860078700003,19.461393563231454,8655.495273383196,3.541158554733688e-05,1.0,0.2823934552897206,11.798628359146239,-11.798628359146239,-10.907641354509868,1.80934962795041,0.3696258226402724,0.8196357310820257,0.28375643299283626,0.0,15.907021977916427,13.331195743095329,3.1328067476229364,14.0,10.0,14.0,8.5,425.87058042306035,2691.3404794719295,14.02961127000089
103,4,58368,2991.6339111000125,19.51040860428618,8607.508095094772,3.438412877223089e-05,1.0,0.29083185635566067,11.798628359146239,-11.798628359146239,-10.907641354509868,1.80934962795041,0.3696258226402724,0.8196357310820257,0.28375643299283626,0.0,15.907021977916427,13.331195743095329,3.1328067476229364,14.0,10.0,14.0,8.5,425.87058042306035,2691.3404794719295,14.02961127000089
104,4,58880,3009.4382350000087,19.56511328766308,8557.2721986522,3.403589168655501e-05,1.0,0.29380749275184204,11.798628359146239,-11.798628359146239,-10.907641354509868,1.80934962795041,0.3696258226402724,0.8196357310820257,0.28375643299283626,0.0,15.907021977916427,13.331195743095329,3.1328067476229364,14.0,10.0,14.0,8.5,425.87058042306035,2691.3404794719295,14.02961127000089
105,4,59392,3028.6656050000165,19.609956246721293,8511.594717500047,3.380762651511204e-05,1.0,0.295791246851653,11.798628359146239,-11.798628359146239,-10.907641354509868,1.80934962795041,0.3696258226402724,0.8196357310820257,0.28375643299283626,0.0,15.907021977916427,13.331195743095329,3.1328067476229364,14.0,10.0,14.0,8.5,425.87058042306035,2691.3404794719295,14.02961127000089
106,4,59904,3046.0100316999888,19.666383031104914,8461.138976944414,3.3444624287787786e-05,1.0,0.2990017144145783,11.798628359146239,-11.798628359146239,-10.907641354509868,1.80934962795041,0.3696258226402724,0.8196357310820257,0.28375643299283626,0.0,15.907021977916427,13.331195743095329,3.1328067476229364,14.0,10.0,14.0,8.5,425.87058042306035,2691.3404794719295,14.02961127000089
107,4,60416,3064.724674500001,19.71335321005847,8415.006733372884,3.368578360326982e-05,1.0,0.29686113637057593,11.798628359146239,-11.798628359146239,-10.907641354509868,1.80934962795041,0.3696258226402724,0.8196357310820257,0.28375643299283626,0.0,15.907021977916427,13.331195743095329,3.1328067476229364,14.0,10.0,14.0,8.5,425.87058042306035,2691.3404794719295,14.02961127000089
108,4,60928,3085.040745200007,19.749496046299367,8373.682022685734,3.411356807396704e-05,1.0,0.293138494874456,11.70504575117257,-11.70504575117257,-10.907641354509868,1.7230181875694062,0.380288296541697,0.608929068007109,0.10884985978990586,0.0,15.92162847616764,13.060752167176773,3.1457478168776953,16.0,10.0,21.0,12.0,403.1225051237896,2690.897168929716,23.351413160173546
109,4,61440,3114.166208300012,19.729197444968552,8356.3459922717,3.518367674440355e-05,1.0,0.28422271136261024,11.70504575117257,-11.70504575117257,-10.907641354509868,1.7230181875694062,0.380288296541697,0.608929068007109,0.10884985978990586,0.0,15.92162847616764,13.060752167176773,3.1457478168776953,16.0,10.0,21.0,12.0,403.1225051237896,2690.897168929716,23.351413160173546
110,4,61952,3140.7296314999985,19.725352790208817,8332.018278607433,3.600273893666115e-05,1.0,0.2777566456150122,11.274631384236068,-11.274631384236068,-10.907641354509868,1.7615301869157172,0.36442178872082887,0.4425772335557774,0.11779867121386073,0.0,15.427230301636122,11.074492647203371,3.3107226534485132,14.0,8.5,19.0,8.0,480.41070335881534,2316.0557175580825,24.718909578726848
111,5,62976,3213.2227905000036,19.599014480474423,8333.480245280496,3.5031417468275996e-05,1.0,0.28545804659648344,11.410827407508755,-11.410827407508755,-10.907641354509868,1.8148741080316073,0.3627905255638887,0.7614627709452043,0.20535978983727488,0.0,15.073818067996248,12.955386027420847,3.1491276273628057,16.0,7.0,20.0,13.0,429.1310864116614,2673.8184107121933,4.313064306951819
112,5,63488,3231.493972299999,19.646640391166425,8287.218412833869,3.4162626901079384e-05,1.0,0.29271753688484764,11.410827407508755,-11.410827407508755,-10.907641354509868,1.8148741080316073,0.3627905255638887,0.7614627709452043,0.20535978983727488,0.0,15.073818067996248,12.955386027420847,3.1491276273628057,16.0,7.0,20.0,13.0,429.1310864116614,2673.8184107121933,4.313064306951819
113,5,64000,3249.520373200008,19.695214262335938,8240.78366643522,3.386924306036352e-05,1.0,0.2952531292824429,11.410827407508755,-11.410827407508755,-10.907641354509868,1.8148741080316073,0.3627905255638887,0.7614627709452043,0.20535978983727488,0.0,15.073818067996248,12.955386027420847,3.1491276273628057,16.0,7.0,20.0,13.0,429.1310864116614,2673.8184107121933,4.313064306951819
114,5,64512,3269.039236600016,19.734238511953773,8198.542847346072,3.363631610472961e-05,1.0,0.2972977174094844,11.410827407508755,-11.410827407508755,-10.907641354509868,1.8148741080316073,0.3627905255638887,0.7614627709452043,0.20535978983727488,0.0,15.073818067996248,12.955386027420847,3.1491276273628057,16.0,7.0,20.0,13.0,429.1310864116614,2673.8184107121933,4.313064306951819
115,5,65024,3289.151168600016,19.76923426954457,8158.130851252008,3.3487181297611594e-05,1.0,0.2986217296441496,11.410827407508755,-11.410827407508755,-10.907641354509868,1.8148741080316073,0.3627905255638887,0.7614627709452043,0.20535978983727488,0.0,15.073818067996248,12.955386027420847,3.1491276273628057,16.0,7.0,20.0,13.0,429.1310864116614,2673.8184107121933,4.313064306951819
116,5,65536,3309.261558099999,19.803813886995158,8118.032259714061,3.3431880156232726e-05,1.0,0.2991156929633731,11.410827407508755,-11.410827407508755,-10.907641354509868,1.8148741080316073,0.3627905255638887,0.7614627709452043,0.20535978983727488,0.0,15.073818067996248,12.955386027420847,3.1491276273628057,16.0,7.0,20.0,13.0,429.1310864116614,2673.8184107121933,4.313064306951819
117,5,66048,3327.6933174000005,19.847982881909545,8074.170607334886,3.373454271839127e-05,1.0,0.29643206026172786,11.410827407508755,-11.410827407508755,-10.907641354509868,1.8148741080316073,0.3627905255638887,0.7614627709452043,0.20535978983727488,0.0,15.073818067996248,12.955386027420847,3.1491276273628057,16.0,7.0,20.0,13.0,429.1310864116614,2673.8184107121933,4.313064306951819
118,5,66560,3350.2432258999906,19.86721426236738,8040.583742159978,3.37845072516592e-05,1.0,0.2959936613996014,11.410827407508755,-11.410827407508755,-10.907641354509868,1.8148741080316073,0.3627905255638887,0.7614627709452043,0.20535978983727488,0.0,15.073818067996248,12.955386027420847,3.1491276273628057,16.0,7.0,20.0,13.0,429.1310864116614,2673.8184107121933,4.313064306951819
119,5,67072,3370.9487213999964,19.897069206126687,8002.786659201518,3.3615748010855956e-05,1.0,0.297479621657402,11.39002811950597,-11.39002811950597,-10.907641354509868,1.742451047179848,0.36250090797438633,0.6304513747090328,0.21289069587521947,0.0,15.143087986515065,12.194735719285145,3.188311808048984,18.0,8.0,20.0,15.0,381.4660869941707,2093.6233342727037,7.205141616814895
120,5,67584,3397.9628588999913,19.88956407306897,7980.064289840889,3.375125148462332e-05,1.0,0.2962853097330592,11.39002811950597,-11.39002811950597,-10.907641354509868,1.742451047179848,0.36250090797438633,0.6304513747090328,0.21289069587521947,0.0,15.143087986515065,12.194735719285145,3.188311808048984,18.0,8.0,20.0,15.0,381.4660869941707,2093.6233342727037,7.205141616814895
121,0,68608,3501.7734962000104,19.592358007863947,8048.852513653755,4.3073537528769216e-05,1.0,0.2321611033995269,10.996128395173114,-10.996128395173114,-10.907641354509868,1.788691240594555,0.3348172969887773,0.6727191387814784,0.12625628405716877,0.0,15.924175153832566,13.733877678746028,3.338230838582866,22.0,10.0,19.0,12.0,291.9206734926443,2468.534880262485,21.395708058987616
122,0,69120,3546.368695300014,19.490359276970953,8064.705107089661,4.46443069250291e-05,1.0,0.223992725809204,10.996128395173114,-10.996128395173114,-10.907641354509868,1.788691240594555,0.3348172969887773,0.6727191387814784,0.12625628405716877,0.0,15.924175153832566,13.733877678746028,3.338230838582866,22.0,10.0,19.0,12.0,291.9206734926443,2468.534880262485,21.395708058987616
123,0,69632,3590.214770099992,19.394939985181068,8077.983232724983,4.587316598703304e-05,1.0,0.21799236623054727,10.798408205180488,-10.798408205180488,-10.798408205180488,1.7928603402376266,0.37111025233378264,0.8011751635459007,0.1125191226274206,0.0,15.465222805221364,12.487985952671083,3.059846911702255,22.0,10.0,20.0,13.0,269.80637309423446,2371.31573403957,20.668430172402502
124,0,70144,3624.253601000004,19.354054026640373,8068.593783248184,4.66388101055764e-05,1.0,0.2144137034663398,10.798408205180488,-10.798408205180488,-10.798408205180488,1.7928603402376266,0.37111025233378264,0.8011751635459007,0.1125191226274206,0.0,15.465222805221364,12.487985952671083,3.059846911702255,22.0,10.0,20.0,13.0,269.80637309423446,2371.31573403957,20.668430172402502
125,0,70656,3666.1582426000095,19.272490526729513,8076.1746793507455,4.7675146561078235e-05,1.0,0.20975289477482054,10.611474985146877,-10.611474985146877,-10.611474985146877,1.8077440963066764,0.35595097886571964,0.5645145081218502,0.09695577140614314,0.0,15.325919257647692,10.842289461577687,3.3691369235128925,20.0,10.0,16.0,10.0,291.39281005949687,2189.0891351760692,26.457197008585098
126,0,71168,3705.560812999989,19.205729872338274,8077.589398122279,5.066392770142753e-05,1.0,0.19737909107505347,10.611474985146877,-10.611474985146877,-10.611474985146877,1.8077440963066764,0.35595097886571964,0.5645145081218502,0.09695577140614314,0.0,15.325919257647692,10.842289461577687,3.3691369235128925,20.0,10.0,16.0,10.0,291.39281005949687,2189.0891351760692,26.457197008585098
127,0,71680,3751.736400900001,19.10581990323327,8093.031379084287,5.148626057202537e-05,1.0,0.1942265740198931,10.611474985146877,-10.611474985146877,-10.611474985146877,1.8077440963066764,0.35595097886571964,0.5645145081218502,0.09695577140614314,0.0,15.325919257647692,10.842289461577687,3.3691369235128925,20.0,10.0,16.0,10.0,291.39281005949687,2189.0891351760692,26.457197008585098
128,0,72192,3795.573638300004,19.020049900107857,8102.607554101426,5.533584042878317e-05,1.0,0.18071470357208935,10.611474985146877,-10.611474985146877,-10.611474985146877,1.8077440963066764,0.35595097886571964,0.5645145081218502,0.09695577140614314,0.0,15.325919257647692,10.842289461577687,3.3691369235128925,20.0,10.0,16.0,10.0,291.39281005949687,2189.0891351760692,26.457197008585098
129,0,72704,3830.393173699995,18.980819123006913,8092.379944436609,5.6969903741856114e-05,1.0,0.1755312778008598,10.611474985146877,-10.611474985146877,-10.611474985146877,1.8077440963066764,0.35595097886571964,0.5645145081218502,0.09695577140614314,0.0,15.325919257647692,10.842289461577687,3.3691369235128925,20.0,10.0,16.0,10.0,291.39281005949687,2189.0891351760692,26.457197008585098
130,0,73216,3871.5524019000004,18.911277027806356,8095.064113063637,6.097258951186251e-05,1.0,0.16400812365127512,10.580106990743658,-10.580106990743658,-10.580106990743658,1.7993218739340873,0.3650916157123508,0.6442088598773356,0.09554269217421249,0.0,15.519275037994898,7.606120998812473,3.3746124039031686,24.0,12.0,19.0,12.0,233.91503651074873,2546.650606960822,27.505000661736542
131,1,74240,3940.940035000007,18.838145046781932,8072.132347551739,4.5501154509388936e-05,1.0,0.21977464325518467,11.16638456323059,-11.16638456323059,-10.580106990743658,1.7873437324130885,0.3800554152784155,0.6237787450418046,0.24691483741567335,0.0,15.824730791146202,12.511343351499939,3.268472574485795,15.0,8.0,15.0,10.0,465.7050048153672,2145.8021003000813,36.20051762588912
132,1,74752,3964.9475228000083,18.85321295430686,8038.5237448548105,4.8087368295716165e-05,1.0,0.20795481962132734,11.16638456323059,-11.16638456323059,-10.580106990743658,1.7873437324130885,0.3800554152784155,0.6237787450418046,0.24691483741567335,0.0,15.824730791146202,12.511343351499939,3.268472574485795,15.0,8.0,15.0,10.0,465.7050048153672,2145.8021003000813,36.20051762588912
133,1,75264,3988.3389607999998,18.87101390823191,8003.809479156463,4.94089083975156e-05,1.0,0.20239265193931735,11.16638456323059,-11.16638456323059,-10.580106990743658,1.7873437324130885,0.3800554152784155,0.6237787450418046,0.24691483741567335,0.0,15.824730791146202,12.511343351499939,3.268472574485795,15.0,8.0,15.0,10.0,465.7050048153672,2145.8021003000813,36.20051762588912
134,1,75776,4011.7775179000164,18.888385425636788,7969.341826098682,5.149845170007371e-05,1.0,0.1941805951417696,11.16638456323059,-11.16638456323059,-10.580106990743658,1.7873437324130885,0.3800554152784155,0.6237787450418046,0.24691483741567335,0.0,15.824730791146202,12.511343351499939,3.268472574485795,15.0,8.0,15.0,10.0,465.7050048153672,2145.8021003000813,36.20051762588912
135,1,76288,4039.8902447000146,18.88368133270037,7944.21370266513,5.5994892590356065e-05,1.0,0.1785877164397361,11.16638456323059,-11.16638456323059,-10.580106990743658,1.7873437324130885,0.3800554152784155,0.6237787450418046,0.24691483741567335,0.0,15.824730791146202,12.511343351499939,3.268472574485795,15.0,8.0,15.0,10.0,465.7050048153672,2145.8021003000813,36.20051762588912
136,1,76800,4066.1930114999996,18.887445771215084,7915.52239572,5.940609608072292e-05,1.0,0.16833289274574895,11.16638456323059,-11.16638456323059,-10.580106990743658,1.7873437324130885,0.3800554152784155,0.6237787450418046,0.24691483741567335,0.0,15.824730791146202,12.511343351499939,3.268472574485795,15.0,8.0,15.0,10.0,465.7050048153672,2145.8021003000813,36.20051762588912
137,1,77312,4093.1876028999977,18.887968864467616,7888.195976449665,7.138697509476234e-05,1.0,0.1400815763201274,11.095552625682796,-11.095552625682796,-10.580106990743658,1.7688449963152604,0.37130887083839953,0.6108367996851366,0.14780223007137924,0.0,15.146010414812643,9.00167745932139,3.088349805419751,17.0,8.0,16.0,10.0,418.27007756340345,2219.2898337626193,30.201216882975388
138,1,77824,4131.347747199994,18.83743629491004,7882.176622947357,8.184221478209857e-05,1.0,0.12218633167033126,11.095552625682796,-11.095552625682796,-10.580106990743658,1.7688449963152604,0.37130887083839953,0.6108367996851366,0.14780223007137924,0.0,15.146010414812643,9.00167745932139,3.088349805419751,17.0,8.0,16.0,10.0,418.27007756340345,2219.2898337626193,30.201216882975388
139,1,78336,4164.865454200015,18.80877086221426,7866.968080155584,8.520199560006448e-05,1.0,0.11736814295922916,10.830188124866737,-10.830188124866737,-10.580106990743658,1.7495645308101695,0.3628302889901557,0.5131943662756361,0.10932360285446505,0.0,15.060334455996369,9.277729939332152,3.321490488952823,17.0,10.0,17.0,10.0,375.59776824758615,2176.259064266822,27.33845262856383
140,1,78848,4207.226895600004,18.741085745211578,7868.060687875332,0.0001034501792251188,1.0,0.0966648881123627,10.593280302131507,-10.593280302131507,-10.580106990743658,1.7889774030289534,0.3845124042066047,0.4259053522344902,0.2651889375896535,0.0,15.032675685836468,11.003205247248639,3.251183784497349,17.0,8.0,17.0,10.0,366.4732898640692,2204.546090141682,19.17663215287962
141,2,79872,4270.881359399995,18.701526284312664,7829.94915889999,3.596296262244822e-05,1.0,0.27806385433212205,11.505818371303729,-11.505818371303729,-10.580106990743658,1.8084439553146,0.35537861027954454,0.3566202613044963,0.19581207465022404,0.0,15.491276126432144,12.194885770897077,3.351657980680794,14.0,7.0,11.0,7.0,564.2007744992623,2906.371256123381,36.84801642120298
142,2,80384,4294.127869299991,18.71951708161495,7795.072883761131,3.7404841656856544e-05,1.0,0.26734506970348126,11.447390961072914,-11.447390961072914,-10.580106990743658,1.7006165705558633,0.3969682651486643,0.6438256324327815,0.1703329907833314,0.0,15.058480898232494,5.015138096594332,3.3293813090030397,17.0,10.0,11.0,8.0,379.0130819080054,2104.1367501449913,25.337055071781744
143,2,80896,4319.6812846999965,18.72730756468721,7764.490410473411,3.958107155553238e-05,1.0,0.2526460150521685,11.03894881075017,-11.03894881075017,-10.580106990743658,1.7122206050264963,0.3855194387120664,0.4831808697221012,0.16132010110047174,0.0,15.174387772533638,8.41115240872832,3.3487064175278833,15.0,8.0,17.0,12.0,460.97293750364247,2365.720201887572,21.778869084516344
144,2,81408,4346.636039900011,18.728966320785553,7736.465404350335,4.4852375527355194e-05,1.0,0.22295363138349386,11.03894881075017,-11.03894881075017,-10.580106990743658,1.7122206050264963,0.3855194387120664,0.4831808697221012,0.16132010110047174,0.0,15.174387772533638,8.41115240872832,3.3487064175278833,15.0,8.0,17.0,12.0,460.97293750364247,2365.720201887572,21.778869084516344
145,2,81920,4372.137968299998,18.736828662306063,7705.893169128746,4.698431588943611e-05,1.0,0.21283698210126278,11.03894881075017,-11.03894881075017,-10.580106990743658,1.7122206050264963,0.3855194387120664,0.4831808697221012,0.16132010110047174,0.0,15.174387772533638,8.41115240872832,3.3487064175278833,15.0,8.0,17.0,12.0,460.97293750364247,2365.720201887572,21.778869084516344
146,2,82432,4400.484592699999,18.732482358135545,7680.34888539565,5.219026700160868e-05,1.0,0.1916066074099938,11.03894881075017,-11.03894881075017,-10.580106990743658,1.7122206050264963,0.3855194387120664,0.4831808697221012,0.16132010110047174,0.0,15.174387772533638,8.41115240872832,3.3487064175278833,15.0,8.0,17.0,12.0,460.97293750364247,2365.720201887572,21.778869084516344
147,2,82944,4428.581168900011,18.729249128926313,7654.337822790142,5.7195721311393756e-05,1.0,0.17483825311960746,11.03894881075017,-11.03894881075017,-10.580106990743658,1.7122206050264963,0.3855194387120664,0.4831808697221012,0.16132010110047174,0.0,15.174387772533638,8.41115240872832,3.3487064175278833,15.0,8.0,17.0,12.0,460.97293750364247,2365.720201887572,21.778869084516344
148,2,83456,4458.5502003,18.71819229362597,7631.506171065645,6.54648785798491e-05,1.0,0.15275366298591303,11.019749598645426,-11.019749598645426,-10.580106990743658,1.7406120562441325,0.38119526960807715,0.38988310557218775,0.23033379279495086,0.0,15.688291733692848,13.301859073742579,3.3780530594059828,13.0,8.0,15.0,10.0,510.0119453158951,2188.6187436730524,21.102399785543927
149,2,83968,4479.678652300005,18.744201653144977,7593.601617923178,6.785773172429029e-05,1.0,0.14736714219435654,11.019749598645426,-11.019749598645426,-10.580106990743658,1.7406120562441325,0.38119526960807715,0.38988310557218775,0.23033379279495086,0.0,15.688291733692848,13.301859073742579,3.3780530594059828,13.0,8.0,15.0,10.0,510.0119453158951,2188.6187436730524,21.102399785543927
150,2,84480,4502.929985800001,18.761117820265437,7559.464279191518,7.700229360901779e-05,1.0,0.1298662615269018,11.019749598645426,-11.019749598645426,-10.580106990743658,1.7406120562441325,0.38119526960807715,0.38988310557218775,0.23033379279495086,0.0,15.688291733692848,13.301859073742579,3.3780530594059828,13.0,8.0,15.0,10.0,510.0119453158951,2188.6187436730524,21.102399785543927
151,3,85504,4605.243142399995,18.56666355197917,7583.484216526938,4.5010173269840585e-05,1.0,0.22217199520759384,10.132134956386158,-10.132134956386158,-10.132134956386158,1.7941069491016708,0.3957133575115005,0.8029615226606812,0.19402214721558586,0.0,15.420392242423915,13.627232380823026,3.3771939401256326,19.0,8.0,20.0,11.0,340.3950789059565,2270.277813694519,26.807353757059612
152,3,86016,4636.353444600012,18.55251137080227,7561.671689407162,4.753483878694146e-05,1.0,0.2103720188222694,10.132134956386158,-10.132134956386158,-10.132134956386158,1.7941069491016708,0.3957133575115005,0.8029615226606812,0.19402214721558586,0.0,15.420392242423915,13.627232380823026,3.3771939401256326,19.0,8.0,20.0,11.0,340.3950789059565,2270.277813694519,26.807353757059612
153,3,86528,4669.811011200014,18.529229511102777,7543.540864246176,4.833082467843152e-05,1.0,0.20690729087564413,10.132134956386158,-10.132134956386158,-10.132134956386158,1.7941069491016708,0.3957133575115005,0.8029615226606812,0.19402214721558586,0.0,15.420392242423915,13.627232380823026,3.3771939401256326,19.0,8.0,20.0,11.0,340.3950789059565,2270.277813694519,26.807353757059612
154,3,87040,4696.024760400003,18.53482561122314,7513.639616640005,5.093811315794354e-05,1.0,0.1963166552516981,10.132134956386158,-10.132134956386158,-10.132134956386158,1.7941069491016708,0.3957133575115005,0.8029615226606812,0.19402214721558586,0.0,15.420392242423915,13.627232380823026,3.3771939401256326,19.0,8.0,20.0,11.0,340.3950789059565,2270.277813694519,26.807353757059612
155,3,87552,4727.217258299992,18.520832704753992,7491.671795317532,5.2970822136032215e-05,1.0,0.1887831752793905,10.132134956386158,-10.132134956386158,-10.132134956386158,1.7941069491016708,0.3957133575115005,0.8029615226606812,0.19402214721558586,0.0,15.420392242423915,13.627232380823026,3.3771939401256326,19.0,8.0,20.0,11.0,340.3950789059565,2270.277813694519,26.807353757059612
156,3,88064,4754.868511400011,18.520806577271824,7464.037779523273,5.400508794830085e-05,1.0,0.1851677384466627,10.132134956386158,-10.132134956386158,-10.132134956386158,1.7941069491016708,0.3957133575115005,0.8029615226606812,0.19402214721558586,0.0,15.420392242423915,13.627232380823026,3.3771939401256326,19.0,8.0,20.0,11.0,340.3950789059565,2270.277813694519,26.807353757059612
157,3,88576,4787.011910600006,18.50340079661466,7443.388462146829,5.720813208781011e-05,1.0,0.17480032357376662,10.132134956386158,-10.132134956386158,-10.132134956386158,1.7941069491016708,0.3957133575115005,0.8029615226606812,0.19402214721558586,0.0,15.420392242423915,13.627232380823026,3.3771939401256326,19.0,8.0,20.0,11.0,340.3950789059565,2270.277813694519,26.807353757059612
158,3,89088,4815.144735900016,18.501624538052074,7416.4298231103685,5.772555121346319e-05,1.0,0.17323351253972455,10.132134956386158,-10.132134956386158,-10.132134956386158,1.7941069491016708,0.3957133575115005,0.8029615226606812,0.19402214721558586,0.0,15.420392242423915,13.627232380823026,3.3771939401256326,19.0,8.0,20.0,11.0,340.3950789059565,2270.277813694519,26.807353757059612
159,3,89600,4840.441864699998,18.510706771096245,7385.131302142284,5.986530566866304e-05,1.0,0.16704165941032798,10.132134956386158,-10.132134956386158,-10.132134956386158,1.7941069491016708,0.3957133575115005,0.8029615226606812,0.19402214721558586,0.0,15.420392242423915,13.627232380823026,3.3771939401256326,19.0,8.0,20.0,11.0,340.3950789059565,2270.277813694519,26.807353757059612
160,3,90112,4865.336247800005,18.521227600815177,7353.292283606826,6.0610746893737996e-05,1.0,0.1649872425682505,10.132134956386158,-10.132134956386158,-10.132134956386158,1.7941069491016708,0.3957133575115005,0.8029615226606812,0.19402214721558586,0.0,15.420392242423915,13.627232380823026,3.3771939401256326,19.0,8.0,20.0,11.0,340.3950789059565,2270.277813694519,26.807353757059612
161,4,91136,4929.288085600012,18.488673905312346,7310.854239316872,3.621077754499579e-05,1.0,0.27616087468914235,11.274631384236068,-11.274631384236068,-10.132134956386158,1.7615301869157172,0.36442178872082887,0.4425772335557774,0.11779867121386073,0.0,15.427230301636122,11.074492647203371,3.3107226534485132,14.0,8.5,19.0,8.0,480.41070335881534,2316.0557175580825,24.718909578726848
162,4,91648,4951.295548399998,18.509902934317036,7274.808543179885,3.785582606042177e-05,1.0,0.2641601317598768,11.274631384236068,-11.274631384236068,-10.132134956386158,1.7615301869157172,0.36442178872082887,0.4425772335557774,0.11779867121386073,0.0,15.427230301636122,11.074492647203371,3.3107226534485132,14.0,8.5,19.0,8.0,480.41070335881534,2316.0557175580825,24.718909578726848
163,4,92160,4972.362801700016,18.534448043190082,7237.550300252245,3.868079103289735e-05,1.0,0.2585262538063186,11.274631384236068,-11.274631384236068,-10.132134956386158,1.7615301869157172,0.36442178872082887,0.4425772335557774,0.11779867121386073,0.0,15.427230301636122,11.074492647203371,3.3107226534485132,14.0,8.5,19.0,8.0,480.41070335881534,2316.0557175580825,24.718909578726848
164,4,92672,4996.343189700012,18.54796527809455,7204.671671335376,4.09520560282807e-05,1.0,0.2441879839462562,11.274631384236068,-11.274631384236068,-10.132134956386158,1.7615301869157172,0.36442178872082887,0.4425772335557774,0.11779867121386073,0.0,15.427230301636122,11.074492647203371,3.3107226534485132,14.0,8.5,19.0,8.0,480.41070335881534,2316.0557175580825,24.718909578726848
165,4,93184,5021.311112700001,18.55770294023749,7173.301589571431,4.2894853079894966e-05,1.0,0.23312820261615586,11.234378707972756,-11.234378707972756,-10.132134956386158,1.8157224501846558,0.36439536955054236,0.4244552902744395,0.18912970364128623,0.0,15.489965516724695,8.148195732372375,3.322262378339981,14.0,8.5,14.0,10.0,455.7768002628576,2048.4353871275953,15.364827857420956
166,4,93696,5048.657185699994,18.558598168516582,7145.367273750266,4.820756676374289e-05,1.0,0.20743631490484252,11.234378707972756,-11.234378707972756,-10.132134956386158,1.8157224501846558,0.36439536955054236,0.4244552902744395,0.18912970364128623,0.0,15.489965516724695,8.148195732372375,3.322262378339981,14.0,8.5,14.0,10.0,455.7768002628576,2048.4353871275953,15.364827857420956
167,4,94208,5072.604626200016,18.57191855904074,7112.673878041328,5.208191346233557e-05,1.0,0.19200523435514244,11.234378707972756,-11.234378707972756,-10.132134956386158,1.8157224501846558,0.36439536955054236,0.4244552902744395,0.18912970364128623,0.0,15.489965516724695,8.148195732372375,3.322262378339981,14.0,8.5,14.0,10.0,455.7768002628576,2048.4353871275953,15.364827857420956
168,4,94720,5098.772062000004,18.577021849226554,7083.159026670275,5.5224818832748925e-05,1.0,0.18107800462479523,11.234378707972756,-11.234378707972756,-10.132134956386158,1.8157224501846558,0.36439536955054236,0.4244552902744395,0.18912970364128623,0.0,15.489965516724695,8.148195732372375,3.322262378339981,14.0,8.5,14.0,10.0,455.7768002628576,2048.4353871275953,15.364827857420956
169,4,95232,5122.861578500015,18.58961022871989,7050.820237075289,6.102288980621506e-05,1.0,0.16387293410318807,11.234378707972756,-11.234378707972756,-10.132134956386158,1.8157224501846558,0.36439536955054236,0.4244552902744395,0.18912970364128623,0.0,15.489965516724695,8.148195732372375,3.322262378339981,14.0,8.5,14.0,10.0,455.7768002628576,2048.4353871275953,15.364827857420956
170,4,95744,5149.0211498000135,18.594602200015952,7021.3924770000185,7.570611852688032e-05,1.0,0.1320897200197811,11.234378707972756,-11.234378707972756,-10.132134956386158,1.8157224501846558,0.36439536955054236,0.4244552902744395,0.18912970364128623,0.0,15.489965516724695,8.148195732372375,3.322262378339981,14.0,8.5,14.0,10.0,455.7768002628576,2048.4353871275953,15.364827857420956
171,5,96768,5233.666137699998,18.489524829057196,7005.912872159257,3.371390243991568e-05,1.0,0.2966135414854989,11.293786474018189,-11.293786474018189,-10.132134956386158,1.7544433581117065,0.3773720249810934,0.42367395866403657,0.24467176055845624,0.0,15.374152357511509,14.217478562959641,3.3671940212531535,18.0,10.0,20.0,15.0,315.7529052007818,2086.996966430533,7.756078224355292
172,5,97280,5257.1972015000065,18.50415654414555,6972.703656726324,3.381384782211648e-05,1.0,0.2957368251198947,11.293786474018189,-11.293786474018189,-10.132134956386158,1.7544433581117065,0.3773720249810934,0.42367395866403657,0.24467176055845624,0.0,15.374152357511509,14.217478562959641,3.3671940212531535,18.0,10.0,20.0,15.0,315.7529052007818,2086.996966430533,7.756078224355292
173,5,97792,5282.289748600015,18.513183610557938,6941.647784809443,3.432310456886323e-05,1.0,0.29134893610619533,11.293786474018189,-11.293786474018189,-10.132134956386158,1.7544433581117065,0.3773720249810934,0.42367395866403657,0.24467176055845624,0.0,15.374152357511509,14.217478562959641,3.3671940212531535,18.0,10.0,20.0,15.0,315.7529052007818,2086.996966430533,7.756078224355292
174,5,98304,5309.617388000013,18.51432840004097,6913.564307291684,3.418181052396475e-05,1.0,0.2925532570309296,11.293786474018189,-11.293786474018189,-10.132134956386158,1.7544433581117065,0.3773720249810934,0.42367395866403657,0.24467176055845624,0.0,15.374152357511509,14.217478562959641,3.3671940212531535,18.0,10.0,20.0,15.0,315.7529052007818,2086.996966430533,7.756078224355292
175,5,98816,5338.485412400012,18.510118950681086,6887.475998381363,3.447539133845002e-05,1.0,0.29006197208404433,11.293786474018189,-11.293786474018189,-10.132134956386158,1.7544433581117065,0.3773720249810934,0.42367395866403657,0.24467176055845624,0.0,15.374152357511509,14.217478562959641,3.3671940212531535,18.0,10.0,20.0,15.0,315.7529052007818,2086.996966430533,7.756078224355292
176,5,99328,5367.700891699991,18.5047568789814,6861.803201760813,3.5114537151302485e-05,1.0,0.2847823383492631,11.293786474018189,-11.293786474018189,-10.132134956386158,1.7544433581117065,0.3773720249810934,0.42367395866403657,0.24467176055845624,0.0,15.374152357511509,14.217478562959641,3.3671940212531535,18.0,10.0,20.0,15.0,315.7529052007818,2086.996966430533,7.756078224355292
177,5,99840,5398.3733106,18.494460137456358,6837.939526759999,3.6252162573691317e-05,1.0,0.27584561278717007,11.293786474018189,-11.293786474018189,-10.132134956386158,1.7544433581117065,0.3773720249810934,0.42367395866403657,0.24467176055845624,0.0,15.374152357511509,14.217478562959641,3.3671940212531535,18.0,10.0,20.0,15.0,315.7529052007818,2086.996966430533,7.756078224355292
178,5,100352,5426.004562099988,18.49463981304901,6810.189399370393,3.7442861264240636e-05,1.0,0.26707360661965157,11.293786474018189,-11.293786474018189,-10.132134956386158,1.7544433581117065,0.3773720249810934,0.42367395866403657,0.24467176055845624,0.0,15.374152357511509,14.217478562959641,3.3671940212531535,18.0,10.0,20.0,15.0,315.7529052007818,2086.996966430533,7.756078224355292
179,5,100864,5453.630877099989,18.494834409041488,6782.434339540597,3.7768721849285723e-05,1.0,0.2647693517377822,11.023087883464385,-11.023087883464385,-10.132134956386158,1.746280039284642,0.3752176001002922,0.37888299468207454,0.25548718155940403,0.0,15.083623808957885,14.34266380966803,3.132720846048338,20.0,11.0,21.0,13.5,275.5252144403757,2337.401056391683,13.42428432396776
180,5,101376,5481.715201300016,18.493481743808612,6755.244995541434,3.945272983079322e-05,1.0,0.2534678853120805,11.023087883464385,-11.023087883464385,-10.132134956386158,1.746280039284642,0.3752176001002922,0.37888299468207454,0.25548718155940403,0.0,15.083623808957885,14.34266380966803,3.132720846048338,20.0,11.0,21.0,13.5,275.5252144403757,2337.401056391683,13.42428432396776
181,0,102400,5600.815280700015,18.283052532166636,6776.986489647018,6.356882898215875e-05,1.0,0.1573098035643631,10.580106990743658,-10.580106990743658,-10.132134956386158,1.7993218739340873,0.3650916157123508,0.6442088598773356,0.09554269217421249,0.0,15.519275037994898,7.606120998812473,3.3746124039031686,24.0,12.0,19.0,12.0,233.91503651074873,2546.650606960822,27.505000661736542
182,0,102912,5653.643410299992,18.202775189625783,6778.746576528846,6.527883855028723e-05,1.0,0.1531890000202215,10.512655148366596,-10.512655148366596,-10.132134956386158,1.8005906124307771,0.34768713291523423,0.7286241626265418,0.13096460437336135,0.0,15.217291262647196,14.05200501012638,3.370530854495602,22.0,10.0,18.0,10.0,284.67481955934016,2224.9495104345797,29.47577710135546
183,0,103424,5695.0517139,18.160326753060286,6766.398075920792,6.778373229333961e-05,1.0,0.1475280227521874,10.509794663762069,-10.509794663762069,-10.132134956386158,1.8233270522810396,0.352740656181447,0.6779997992686754,0.1222659852571,0.0,15.064494037667169,12.575589830321672,3.153560158539241,22.0,10.0,17.0,12.0,269.1176027427264,2253.7979060248877,33.423999235934815
184,0,103936,5731.703529799997,18.13352687549538,6748.163269074874,7.466231831040272e-05,1.0,0.13393637146955134,10.509794663762069,-10.509794663762069,-10.132134956386158,1.8233270522810396,0.352740656181447,0.6779997992686754,0.1222659852571,0.0,15.064494037667169,12.575589830321672,3.153560158539241,22.0,10.0,17.0,12.0,269.1176027427264,2253.7979060248877,33.423999235934815
185,0,104448,5771.672270800016,18.096661608529338,6733.6176492666855,8.772858358343406e-05,1.0,0.11398793405218387,10.509794663762069,-10.509794663762069,-10.132134956386158,1.8233270522810396,0.352740656181447,0.6779997992686754,0.1222659852571,0.0,15.064494037667169,12.575589830321672,3.153560158539241,22.0,10.0,17.0,12.0,269.1176027427264,2253.7979060248877,33.423999235934815
186,0,104960,5803.177128300013,18.086644208764152,6709.038923937087,9.082034092086778e-05,1.0,0.11010749242521597,10.500314120092117,-10.500314120092117,-10.132134956386158,1.8000765251975985,0.34113826249776824,0.533291176336135,0.1474856651577321,0.0,15.013474424844565,11.09670524881265,3.348265050498873,22.0,10.0,17.0,12.0,279.68385600889053,2397.4184960170746,30.243709173699635
187,0,105472,5841.125111600006,18.056795220931164,6691.774399697094,9.41608836958555e-05,1.0,0.10620121230276995,10.326695003326266,-10.326695003326266,-10.132134956386158,1.8112495431562017,0.3555293706423368,0.5379295368293268,0.14484006957620488,0.0,15.201276611565284,12.406711720917105,3.2546116150934044,20.0,15.0,20.0,15.0,268.8011628119253,2265.8306709457097,20.821278000081776
188,0,105984,5867.916805899993,18.061605763298594,6661.644683026562,9.400801041286565e-05,1.0,0.10637391384076575,10.326695003326266,-10.326695003326266,-10.132134956386158,1.8112495431562017,0.3555293706423368,0.5379295368293268,0.14484006957620488,0.0,15.201276611565284,12.406711720917105,3.2546116150934044,20.0,15.0,20.0,15.0,268.8011628119253,2265.8306709457097,20.821278000081776
189,0,106496,5899.408027199999,18.051980725690804,6636.834030599999,0.00010170259947226904,1.0,0.09832590368279279,10.326695003326266,-10.326695003326266,-10.132134956386158,1.8112495431562017,0.3555293706423368,0.5379295368293268,0.14484006957620488,0.0,15.201276611565284,12.406711720917105,3.2546116150934044,20.0,15.0,20.0,15.0,268.8011628119253,2265.8306709457097,20.821278000081776
190,0,107008,5929.9738765000075,18.045273424232743,6610.9278144713,0.00013133941963974365,1.0,0.07613860353144081,10.326695003326266,-10.326695003326266,-10.132134956386158,1.8112495431562017,0.3555293706423368,0.5379295368293268,0.14484006957620488,0.0,15.201276611565284,12.406711720917105,3.2546116150934044,20.0,15.0,20.0,15.0,268.8011628119253,2265.8306709457097,20.821278000081776
191,1,108032,6008.734053499997,17.979161506918913,6578.282305016584,0.0001130141309141775,1.0,0.08848451002639605,10.593280302131507,-10.593280302131507,-10.132134956386158,1.7889774030289534,0.3845124042066047,0.4259053522344902,0.2651889375896535,0.0,15.032675685836468,11.003205247248639,3.251183784497349,17.0,8.0,17.0,10.0,366.4732898640692,2204.546090141682,19.17663215287962
192,1,108544,6047.431389200006,17.94877742537876,6560.892544886799,0.00011677212768831622,1.0,0.08563687412369157,10.593280302131507,-10.593280302131507,-10.132134956386158,1.7889774030289534,0.3845124042066047,0.4259053522344902,0.2651889375896535,0.0,15.032675685836468,11.003205247248639,3.251183784497349,17.0,8.0,17.0,10.0,366.4732898640692,2204.546090141682,19.17663215287962
193,1,109056,6082.7669551,17.92868291765867,6539.688416515962,0.00013927854013779197,1.0,0.07179856990248967,10.593280302131507,-10.593280302131507,-10.132134956386158,1.7889774030289534,0.3845124042066047,0.4259053522344902,0.2651889375896535,0.0,15.032675685836468,11.003205247248639,3.251183784497349,17.0,8.0,17.0,10.0,366.4732898640692,2204.546090141682,19.17663215287962
194,1,109568,6114.846675000008,17.918356064095402,6514.883373364494,0.00014455837287481052,1.0,0.06917620751487084,10.593280302131507,-10.593280302131507,-10.132134956386158,1.7889774030289534,0.3845124042066047,0.4259053522344902,0.2651889375896535,0.0,15.032675685836468,11.003205247248639,3.251183784497349,17.0,8.0,17.0,10.0,366.4732898640692,2204.546090141682,19.17663215287962
195,1,110080,6148.530513900012,17.903464860610455,6491.704310024663,0.00014402383746583747,1.0,0.06943295065563,10.593280302131507,-10.593280302131507,-10.132134956386158,1.7889774030289534,0.3845124042066047,0.4259053522344902,0.2651889375896535,0.0,15.032675685836468,11.003205247248639,3.251183784497349,17.0,8.0,17.0,10.0,366.4732898640692,2204.546090141682,19.17663215287962
196,1,110592,6183.42495819999,17.885233628224317,6469.69463219073,0.00014950673781967478,1.0,0.06688661759218713,10.593280302131507,-10.593280302131507,-10.132134956386158,1.7889774030289534,0.3845124042066047,0.4259053522344902,0.2651889375896535,0.0,15.032675685836468,11.003205247248639,3.251183784497349,17.0,8.0,17.0,10.0,366.4732898640692,2204.546090141682,19.17663215287962
197,1,111104,6223.7711838000105,17.851556029115436,6453.218969377892,0.00017229095159540612,1.0,0.05804135334676855,10.593280302131507,-10.593280302131507,-10.132134956386158,1.7889774030289534,0.3845124042066047,0.4259053522344902,0.2651889375896535,0.0,15.032675685836468,11.003205247248639,3.251183784497349,17.0,8.0,17.0,10.0,366.4732898640692,2204.546090141682,19.17663215287962
198,1,111616,6259.3061782,17.832008344429255,6431.580660168808,0.00017640894822786208,1.0,0.05668646687402311,10.568190378837517,-10.568190378837517,-10.132134956386158,1.822064725673393,0.37985788836905865,0.5868005816775668,0.2628873532273463,0.0,15.108332193017628,14.456538290470998,3.3252932672802444,17.0,8.0,17.0,10.0,367.9690680006199,2158.516442425337,27.366073210028695
199,1,112128,6286.847109599999,17.835331135821775,6401.675367309588,0.00018934753703499197,1.0,0.05281293940544856,10.568190378837517,-10.568190378837517,-10.132134956386158,1.822064725673393,0.37985788836905865,0.5868005816775668,0.2628873532273463,0.0,15.108332193017628,14.456538290470998,3.3252932672802444,17.0,8.0,17.0,10.0,367.9690680006199,2158.516442425337,27.366073210028695
200,1,112640,6315.947780999995,17.834219646155127,6373.365488099996,0.00018839155083218815,1.0,0.0530809367820724,10.352643664537545,-10.352643664537545,-10.132134956386158,1.814566956261213,0.33978402779349753,0.49875835664812607,0.23283052633477352,0.0,15.058383942688478,14.592144154107094,3.248290883901361,16.0,10.0,16.0,10.0,383.2969740705489,2103.1920000032846,21.469893681649634
201,2,113664,6377.504584800015,17.82264496852012,6320.049588540556,7.938430522543005e-05,1.0,0.12596948441638023,11.019749598645426,-11.019749598645426,-10.132134956386158,1.7406120562441325,0.38119526960807715,0.38988310557218775,0.23033379279495086,0.0,15.688291733692848,13.301859073742579,3.3780530594059828,13.0,8.0,15.0,10.0,510.0119453158951,2188.6187436730524,21.102399785543927
202,2,114176,6398.579079299991,17.843961696022507,6283.80636038878,8.975827788259706e-05,1.0,0.11141033713993356,10.761899169243321,-10.761899169243321,-10.132134956386158,1.7698358670946384,0.3610942375205028,0.4475372717483035,0.17460473991319633,0.0,15.468554229315341,14.895836258433253,3.2987177648742363,15.0,7.0,14.0,7.0,502.8081660276572,2336.9675053017886,23.691639284645653
203,2,114688,6419.532866099995,17.865474387652046,6247.5810929008885,9.520536643214867e-05,1.0,0.10503609591300526,10.761899169243321,-10.761899169243321,-10.132134956386158,1.7698358670946384,0.3610942375205028,0.4475372717483035,0.17460473991319633,0.0,15.468554229315341,14.895836258433253,3.2987177648742363,15.0,7.0,14.0,7.0,502.8081660276572,2336.9675053017886,23.691639284645653
204,2,115200,6443.433125200012,17.878667747703837,6214.333280748457,9.89639883580395e-05,1.0,0.10104685720447333,10.695540099031879,-10.695540099031879,-10.132134956386158,1.808506907122948,0.34543356382564405,0.3487558708512984,0.16219998989021817,0.0,15.295743165370116,15.271136958999442,3.233498054121716,16.0,8.0,15.0,10.0,442.46087759192534,2380.364990639491,25.978801097695467
205,2,115712,6467.61448389999,17.890985971418836,6181.436851869017,0.0001047551859689358,1.0,0.09546066772260217,10.421963685041998,-10.421963685041998,-10.132134956386158,1.8084439553146,0.35537861027954454,0.3849804082743836,0.11530383885949062,0.0,15.111366837312387,12.194885770897077,3.351657980680794,14.0,7.0,14.0,10.0,524.9721123907864,2394.782950462688,21.920697994849107
206,2,116224,6485.093674600008,17.921714909872684,6142.269339378862,0.00011236154014548784,1.0,0.08899842407866417,10.421963685041998,-10.421963685041998,-10.132134956386158,1.8084439553146,0.35537861027954454,0.3849804082743836,0.11530383885949062,0.0,15.111366837312387,12.194885770897077,3.351657980680794,14.0,7.0,14.0,10.0,524.9721123907864,2394.782950462688,21.920697994849107
207,2,116736,6505.582720100007,17.943972895667905,6106.117114479831,0.00012114060968084641,1.0,0.08254870126826741,10.421963685041998,-10.421963685041998,-10.132134956386158,1.8084439553146,0.35537861027954454,0.3849804082743836,0.11530383885949062,0.0,15.111366837312387,12.194885770897077,3.351657980680794,14.0,7.0,14.0,10.0,524.9721123907864,2394.782950462688,21.920697994849107
208,2,117248,6526.4325761999935,17.9650978740774,6070.437287033182,0.00012962273840135525,1.0,0.07714695834489035,10.421963685041998,-10.421963685041998,-10.132134956386158,1.8084439553146,0.35537861027954454,0.3849804082743836,0.11530383885949062,0.0,15.111366837312387,12.194885770897077,3.351657980680794,14.0,7.0,14.0,10.0,524.9721123907864,2394.782950462688,21.920697994849107
209,2,117760,6546.996190900012,17.986874677532324,6034.622575960011,0.0001402307694084913,1.0,0.071311025691302,10.421963685041998,-10.421963685041998,-10.132134956386158,1.8084439553146,0.35537861027954454,0.3849804082743836,0.11530383885949062,0.0,15.111366837312387,12.194885770897077,3.351657980680794,14.0,7.0,14.0,10.0,524.9721123907864,2394.782950462688,21.920697994849107
210,2,118272,6568.767069399997,18.00520535291308,6000.042647806924,0.00013943181410552643,1.0,0.07171964349851787,10.421963685041998,-10.421963685041998,-10.132134956386158,1.8084439553146,0.35537861027954454,0.3849804082743836,0.11530383885949062,0.0,15.111366837312387,12.194885770897077,3.351657980680794,14.0,7.0,14.0,10.0,524.9721123907864,2394.782950462688,21.920697994849107
211,3,119296,6660.280220999994,17.911558679446756,5974.242773343342,6.23998381647222e-05,1.0,0.16025682588474238,10.132134956386158,-10.132134956386158,-10.132134956386158,1.7941069491016708,0.3957133575115005,0.8029615226606812,0.19402214721558586,0.0,15.420392242423915,13.627232380823026,3.3771939401256326,19.0,8.0,20.0,11.0,340.3950789059565,2270.277813694519,26.807353757059612
212,3,119808,6689.274711900012,17.91046192001433,5946.021966133344,6.335539125789607e-05,1.0,0.1578397639325394,10.132134956386158,-10.132134956386158,-10.132134956386158,1.7941069491016708,0.3957133575115005,0.8029615226606812,0.19402214721558586,0.0,15.420392242423915,13.627232380823026,3.3771939401256326,19.0,8.0,20.0,11.0,340.3950789059565,2270.277813694519,26.807353757059612
213,3,120320,6720.9114518999995,17.90233376248181,5920.122002311914,6.478017351367481e-05,1.0,0.1543682188175836,10.132134956386158,-10.132134956386158,-10.132134956386158,1.7941069491016708,0.3957133575115005,0.8029615226606812,0.19402214721558586,0.0,15.420392242423915,13.627232380823026,3.3771939401256326,19.0,8.0,20.0,11.0,340.3950789059565,2270.277813694519,26.807353757059612
214,3,120832,6747.151696199988,17.908593943137944,5889.462921259311,6.52782196615319e-05,1.0,0.1531904523721705,10.132134956386158,-10.132134956386158,-10.132134956386158,1.7941069491016708,0.3957133575115005,0.8029615226606812,0.19402214721558586,0.0,15.420392242423915,13.627232380823026,3.3771939401256326,19.0,8.0,20.0,11.0,340.3950789059565,2270.277813694519,26.807353757059612
215,3,121344,6771.081615100004,17.920918236961445,5856.842747238399,6.623546396429635e-05,1.0,0.15097652226593292,10.132134956386158,-10.132134956386158,-10.132134956386158,1.7941069491016708,0.3957133575115005,0.8029615226606812,0.19402214721558586,0.0,15.420392242423915,13.627232380823026,3.3771939401256326,19.0,8.0,20.0,11.0,340.3950789059565,2270.277813694519,26.807353757059612
216,3,121856,6804.206196200015,17.908922288106677,5832.176739600013,6.567857467686793e-05,1.0,0.15225665369869845,10.132134956386158,-10.132134956386158,-10.132134956386158,1.7941069491016708,0.3957133575115005,0.8029615226606812,0.19402214721558586,0.0,15.420392242423915,13.627232380823026,3.3771939401256326,19.0,8.0,20.0,11.0,340.3950789059565,2270.277813694519,26.807353757059612
217,3,122368,6831.050294999994,17.913497151319117,5802.105480690371,6.777339591616345e-05,1.0,0.14755052280942382,10.132134956386158,-10.132134956386158,-10.132134956386158,1.7941069491016708,0.3957133575115005,0.8029615226606812,0.19402214721558586,0.0,15.420392242423915,13.627232380823026,3.3771939401256326,19.0,8.0,20.0,11.0,340.3950789059565,2270.277813694519,26.807353757059612
218,3,122880,6856.207833499997,17.922443861692493,5770.641593195831,7.399483199004429e-05,1.0,0.13514457335811567,10.132134956386158,-10.132134956386158,-10.132134956386158,1.7941069491016708,0.3957133575115005,0.8029615226606812,0.19402214721558586,0.0,15.420392242423915,13.627232380823026,3.3771939401256326,19.0,8.0,20.0,11.0,340.3950789059565,2270.277813694519,26.807353757059612
219,3,123392,6889.0751765999885,17.91125758347414,5745.660209529451,7.522424767289849e-05,1.0,0.1329358592389452,10.132134956386158,-10.132134956386158,-10.132134956386158,1.7941069491016708,0.3957133575115005,0.8029615226606812,0.19402214721558586,0.0,15.420392242423915,13.627232380823026,3.3771939401256326,19.0,8.0,20.0,11.0,340.3950789059565,2270.277813694519,26.807353757059612
220,3,123904,6916.413542800001,17.91448692783622,5716.0442502479345,7.636554222779503e-05,1.0,0.1309491127578251,10.132134956386158,-10.132134956386158,-10.132134956386158,1.7941069491016708,0.3957133575115005,0.8029615226606812,0.19402214721558586,0.0,15.420392242423915,13.627232380823026,3.3771939401256326,19.0,8.0,20.0,11.0,340.3950789059565,2270.277813694519,26.807353757059612
221,4,124928,6982.302517600008,17.892092140823035,5665.966797068859,8.017218682976508e-05,1.0,0.12473153590326337,11.096809802018083,-11.096809802018083,-10.132134956386158,1.7976727781053503,0.3650669904888888,0.8752144613828263,0.14250272926427707,0.0,16.238951758888312,15.899431617799909,3.362885887644941,16.0,10.0,20.0,11.0,403.87337877440564,2462.9601657658495,13.708501178142354
222,4,125440,7007.068693100009,17.90192240066422,5634.255234860007,8.136754642151182e-05,1.0,0.12289912182182008,10.692756734854255,-10.692756734854255,-10.132134956386158,1.781157779227176,0.38590457221312546,0.8808471273418865,0.20765181935555854,0.0,15.070670340911018,13.2285821114973,3.350377077843017,13.0,8.0,18.0,10.0,498.63962482931214,2143.461978956275,11.534446255436537
223,4,125952,7028.6149827000045,17.919888955365174,5600.034701663419,8.528412093145676e-05,1.0,0.1172551219474611,10.692756734854255,-10.692756734854255,-10.132134956386158,1.781157779227176,0.38590457221312546,0.8808471273418865,0.20765181935555854,0.0,15.070670340911018,13.2285821114973,3.350377077843017,13.0,8.0,18.0,10.0,498.63962482931214,2143.461978956275,11.534446255436537
224,4,126464,7054.832793700014,17.925867798444877,5569.60483713159,9.985476282928995e-05,1.0,0.10014544841587389,10.692756734854255,-10.692756734854255,-10.132134956386158,1.781157779227176,0.38590457221312546,0.8808471273418865,0.20765181935555854,0.0,15.070670340911018,13.2285821114973,3.350377077843017,13.0,8.0,18.0,10.0,498.63962482931214,2143.461978956275,11.534446255436537
225,4,126976,7078.775428299996,17.9375657959662,5537.429165686287,0.00010548234563041192,1.0,0.09480259412355017,10.692756734854255,-10.692756734854255,-10.132134956386158,1.781157779227176,0.38590457221312546,0.8808471273418865,0.20765181935555854,0.0,15.070670340911018,13.2285821114973,3.350377077843017,13.0,8.0,18.0,10.0,498.63962482931214,2143.461978956275,11.534446255436537
226,4,127488,7099.759123800002,17.956665539909842,5503.026148166267,0.00010872225106321515,1.0,0.09197749220797136,10.692756734854255,-10.692756734854255,-10.132134956386158,1.781157779227176,0.38590457221312546,0.8808471273418865,0.20765181935555854,0.0,15.070670340911018,13.2285821114973,3.350377077843017,13.0,8.0,18.0,10.0,498.63962482931214,2143.461978956275,11.534446255436537
227,4,128000,7124.588032200001,17.965951072749238,5471.6836087296015,0.00011120045840003846,1.0,0.08992768684482795,10.692756734854255,-10.692756734854255,-10.132134956386158,1.781157779227176,0.38590457221312546,0.8808471273418865,0.20765181935555854,0.0,15.070670340911018,13.2285821114973,3.350377077843017,13.0,8.0,18.0,10.0,498.63962482931214,2143.461978956275,11.534446255436537
228,4,128512,7149.821928899997,17.97415394089005,5440.701149083265,0.00012942576472319461,1.0,0.07726436866250831,10.692756734854255,-10.692756734854255,-10.132134956386158,1.781157779227176,0.38590457221312546,0.8808471273418865,0.20765181935555854,0.0,15.070670340911018,13.2285821114973,3.350377077843017,13.0,8.0,18.0,10.0,498.63962482931214,2143.461978956275,11.534446255436537
229,4,129024,7170.494362400001,17.993738434070117,5406.3251145079375,0.00013523683756118052,1.0,0.07394434963384897,10.692756734854255,-10.692756734854255,-10.132134956386158,1.781157779227176,0.38590457221312546,0.8808471273418865,0.20765181935555854,0.0,15.070670340911018,13.2285821114973,3.350377077843017,13.0,8.0,18.0,10.0,498.63962482931214,2143.461978956275,11.534446255436537
230,4,129536,7190.971427799988,18.013699720627365,5371.911461874299,0.0001557680650143217,1.0,0.06419801131304123,10.692756734854255,-10.692756734854255,-10.132134956386158,1.781157779227176,0.38590457221312546,0.8808471273418865,0.20765181935555854,0.0,15.070670340911018,13.2285821114973,3.350377077843017,13.0,8.0,18.0,10.0,498.63962482931214,2143.461978956275,11.534446255436537
231,5,130560,7285.295016999997,17.92103129596571,5342.549679133332,4.310993529043454e-05,1.0,0.23196508954674408,10.870917025718333,-10.870917025718333,-10.132134956386158,1.7973295181333508,0.3391452963949907,0.45640692121267457,0.23428006315819822,0.0,15.161463193592667,13.25066871504086,3.142423819220209,19.0,10.0,20.0,15.0,308.4054070180762,2193.6019506631587,14.261465943214803
232,5,131072,7316.111170699995,17.91552874769387,5315.612022461714,4.3822282360950276e-05,1.0,0.22819441300736357,10.639675669310499,-10.639675669310499,-10.132134956386158,1.7706430081454732,0.3476113866062468,0.5453872328895513,0.273267419107706,0.0,15.092463619952879,14.324368260029342,3.2636919805970113,19.0,12.0,24.0,12.0,312.4802443829361,2633.1216826565005,22.509022170596012
233,5,131584,7345.841806799988,17.91271898588855,5287.862779214,4.375884632956751e-05,1.0,0.22852522035625675,10.639675669310499,-10.639675669310499,-10.132134956386158,1.7706430081454732,0.3476113866062468,0.5453872328895513,0.273267419107706,0.0,15.092463619952879,14.324368260029342,3.2636919805970113,19.0,12.0,24.0,12.0,312.4802443829361,2633.1216826565005,22.509022170596012
234,5,132096,7374.633415999997,17.912212383791804,5259.42848272868,4.395823345845313e-05,1.0,0.22748866852102764,10.639675669310499,-10.639675669310499,-10.132134956386158,1.7706430081454732,0.3476113866062468,0.5453872328895513,0.273267419107706,0.0,15.092463619952879,14.324368260029342,3.2636919805970113,19.0,12.0,24.0,12.0,312.4802443829361,2633.1216826565005,22.509022170596012
235,5,132608,7405.844752100005,17.905857392216816,5232.701118279155,4.5566761007968275e-05,1.0,0.21945821425076245,10.639675669310499,-10.639675669310499,-10.132134956386158,1.7706430081454732,0.3476113866062468,0.5453872328895513,0.273267419107706,0.0,15.092463619952879,14.324368260029342,3.2636919805970113,19.0,12.0,24.0,12.0,312.4802443829361,2633.1216826565005,22.509022170596012
236,5,133120,7437.13709959999,17.899360764394128,5205.995969719993,4.9504057858651605e-05,1.0,0.20200364237923446,10.639675669310499,-10.639675669310499,-10.132134956386158,1.7706430081454732,0.3476113866062468,0.5453872328895513,0.273267419107706,0.0,15.092463619952879,14.324368260029342,3.2636919805970113,19.0,12.0,24.0,12.0,312.4802443829361,2633.1216826565005,22.509022170596012
237,5,133632,7476.115851200011,17.874522366925383,5184.586088380084,5.212895315957756e-05,1.0,0.19183197424640222,10.639675669310499,-10.639675669310499,-10.132134956386158,1.7706430081454732,0.3476113866062468,0.5453872328895513,0.273267419107706,0.0,15.092463619952879,14.324368260029342,3.2636919805970113,19.0,12.0,24.0,12.0,312.4802443829361,2633.1216826565005,22.509022170596012
238,5,134144,7507.581878199999,17.867803798386554,5157.880679679389,5.381067650107114e-05,1.0,0.18583672702574056,10.639675669310499,-10.639675669310499,-10.132134956386158,1.7706430081454732,0.3476113866062468,0.5453872328895513,0.273267419107706,0.0,15.092463619952879,14.324368260029342,3.2636919805970113,19.0,12.0,24.0,12.0,312.4802443829361,2633.1216826565005,22.509022170596012
239,5,134656,7544.34108079999,17.848609780209102,5134.741648149042,5.703751149743904e-05,1.0,0.17532321690522884,10.639675669310499,-10.639675669310499,-10.132134956386158,1.7706430081454732,0.3476113866062468,0.5453872328895513,0.273267419107706,0.0,15.092463619952879,14.324368260029342,3.2636919805970113,19.0,12.0,24.0,12.0,312.4802443829361,2633.1216826565005,22.509022170596012
240,5,135168,7574.624983499991,17.844843843020623,5107.1335116022665,6.062701488661061e-05,1.0,0.16494297168849184,10.639675669310499,-10.639675669310499,-10.132134956386158,1.7706430081454732,0.3476113866062468,0.5453872328895513,0.273267419107706,0.0,15.092463619952879,14.324368260029342,3.2636919805970113,19.0,12.0,24.0,12.0,312.4802443829361,2633.1216826565005,22.509022170596012
241,0,136192,7680.066518900014,17.73317974067577,5081.547771903768,0.00014005397863138698,1.0,0.0714010419248376,10.326695003326266,-10.326695003326266,-10.132134956386158,1.8112495431562017,0.3555293706423368,0.5379295368293268,0.14484006957620488,0.0,15.201276611565284,12.406711720917105,3.2546116150934044,20.0,15.0,20.0,15.0,268.8011628119253,2265.8306709457097,20.821278000081776
242,0,136704,7708.458923300001,17.73428403267366,5052.360717518727,0.00014089800509618327,1.0,0.07097332565619735,10.326695003326266,-10.326695003326266,-10.132134956386158,1.8112495431562017,0.3555293706423368,0.5379295368293268,0.14484006957620488,0.0,15.201276611565284,12.406711720917105,3.2546116150934044,20.0,15.0,20.0,15.0,268.8011628119253,2265.8306709457097,20.821278000081776
243,0,137216,7737.403409499995,17.734114758902965,5023.5380345261165,0.00014757444370452238,1.0,0.06776241027221654,10.326695003326266,-10.326695003326266,-10.132134956386158,1.8112495431562017,0.3555293706423368,0.5379295368293268,0.14484006957620488,0.0,15.201276611565284,12.406711720917105,3.2546116150934044,20.0,15.0,20.0,15.0,268.8011628119253,2265.8306709457097,20.821278000081776
244,0,137728,7774.0489313,17.716379356126424,4999.667156560966,0.00015430163338428848,1.0,0.0648081279547764,10.209433747613788,-10.209433747613788,-10.132134956386158,1.8179090397138635,0.3931042346354894,0.6124481580025858,0.20452360162662003,0.0,15.23811795492403,12.612988151871019,3.3454419562806574,22.0,10.0,20.0,15.0,271.30114181497373,2039.879250297849,7.373489752664032
245,0,138240,7809.590826700005,17.701311511401453,4974.998600712596,0.00015405730608582466,1.0,0.06491091045321154,10.209433747613788,-10.209433747613788,-10.132134956386158,1.8179090397138635,0.3931042346354894,0.6124481580025858,0.20452360162662003,0.0,15.23811795492403,12.612988151871019,3.3454419562806574,22.0,10.0,20.0,15.0,271.30114181497373,2039.879250297849,7.373489752664032
246,0,138752,7851.651934399997,17.671695225318604,4954.363397721031,0.00016297286384457256,1.0,0.06135990841725024,10.209433747613788,-10.209433747613788,-10.132134956386158,1.8179090397138635,0.3931042346354894,0.6124481580025858,0.20452360162662003,0.0,15.23811795492403,12.612988151871019,3.3454419562806574,22.0,10.0,20.0,15.0,271.30114181497373,2039.879250297849,7.373489752664032
247,0,139264,7897.904561700008,17.6330315100723,4936.190351062505,0.0001621134176700782,1.0,0.06168520868736022,10.209433747613788,-10.209433747613788,-10.132134956386158,1.8179090397138635,0.3931042346354894,0.6124481580025858,0.20452360162662003,0.0,15.23811795492403,12.612988151871019,3.3454419562806574,22.0,10.0,20.0,15.0,271.30114181497373,2039.879250297849,7.373489752664032
248,0,139776,7942.054932800005,17.59947534771349,4916.510196495241,0.00016121036594694357,1.0,0.062030750574011445,10.209433747613788,-10.209433747613788,-10.132134956386158,1.8179090397138635,0.3931042346354894,0.6124481580025858,0.20452360162662003,0.0,15.23811795492403,12.612988151871019,3.3454419562806574,22.0,10.0,20.0,15.0,271.30114181497373,2039.879250297849,7.373489752664032
249,0,140288,7979.505289299996,17.581039790539045,4892.5433890598515,0.00016016653298718216,1.0,0.06243501568957759,10.209433747613788,-10.209433747613788,-10.132134956386158,1.8179090397138635,0.3931042346354894,0.6124481580025858,0.20452360162662003,0.0,15.23811795492403,12.612988151871019,3.3454419562806574,22.0,10.0,20.0,15.0,271.30114181497373,2039.879250297849,7.373489752664032
250,0,140800,8018.964992199995,17.558375692742818,4869.698740717816,0.0001719311038146458,1.0,0.05816283254239261,10.209433747613788,-10.209433747613788,-10.132134956386158,1.8179090397138635,0.3931042346354894,0.6124481580025858,0.20452360162662003,0.0,15.23811795492403,12.612988151871019,3.3454419562806574,22.0,10.0,20.0,15.0,271.30114181497373,2039.879250297849,7.373489752664032
251,1,141824,8099.974003300013,17.509191997680418,4824.89426189351,0.00018436498539137926,1.0,0.05424023427643517,10.195504985289336,-10.195504985289336,-10.132134956386158,1.8260926343078299,0.34437318070093637,0.5385756187402341,0.13759379546012268,0.0,15.096275246472011,13.69641592447411,3.3607136098966013,17.0,10.0,15.0,10.0,379.68898702050757,2262.9567920945306,20.581230635764793
252,1,142336,8130.906108900002,17.505552037330816,4796.649646976979,0.00018313387134600347,1.0,0.054604863242946944,10.195504985289336,-10.195504985289336,-10.132134956386158,1.8260926343078299,0.34437318070093637,0.5385756187402341,0.13759379546012268,0.0,15.096275246472011,13.69641592447411,3.3607136098966013,17.0,10.0,15.0,10.0,379.68898702050757,2262.9567920945306,20.581230635764793
253,1,142848,8168.584820799995,17.48748444605244,4772.327332582076,0.00019349185271746503,1.0,0.051681762614583376,10.10214266169486,-10.10214266169486,-10.10214266169486,1.8236494908445164,0.3664911654009867,0.5418267659034363,0.1714139893688577,0.0,15.151762560156381,12.399497842406337,3.3613733270839408,18.0,10.0,16.0,10.0,361.0250405022439,2548.5076293721,15.318629389200385
254,1,143360,8211.40673670001,17.458640717341126,4750.885326233577,0.00019159060792978716,1.0,0.0521946253423064,10.10214266169486,-10.10214266169486,-10.10214266169486,1.8236494908445164,0.3664911654009867,0.5418267659034363,0.1714139893688577,0.0,15.151762560156381,12.399497842406337,3.3613733270839408,18.0,10.0,16.0,10.0,361.0250405022439,2548.5076293721,15.318629389200385
255,1,143872,8254.698478400009,17.429104209738068,4729.560338158011,0.00018911973466242878,1.0,0.052876554727879464,10.10214266169486,-10.10214266169486,-10.10214266169486,1.8236494908445164,0.3664911654009867,0.5418267659034363,0.1714139893688577,0.0,15.151762560156381,12.399497842406337,3.3613733270839408,18.0,10.0,16.0,10.0,361.0250405022439,2548.5076293721,15.318629389200385
256,1,144384,8289.556909100007,17.41757751147108,4703.294700198586,0.0002095764566630764,1.0,0.04771528328716979,10.10214266169486,-10.10214266169486,-10.10214266169486,1.8236494908445164,0.3664911654009867,0.5418267659034363,0.1714139893688577,0.0,15.151762560156381,12.399497842406337,3.3613733270839408,18.0,10.0,16.0,10.0,361.0250405022439,2548.5076293721,15.318629389200385
257,1,144896,8325.712768800004,17.403434879832403,4677.697279997175,0.0002118462417403891,1.0,0.04720404722711408,10.10214266169486,-10.10214266169486,-10.10214266169486,1.8236494908445164,0.3664911654009867,0.5418267659034363,0.1714139893688577,0.0,15.151762560156381,12.399497842406337,3.3613733270839408,18.0,10.0,16.0,10.0,361.0250405022439,2548.5076293721,15.318629389200385
258,1,145408,8368.786049799994,17.375040912113548,4655.87392911408,0.0002410208565975928,1.0,0.041490185294195916,10.10214266169486,-10.10214266169486,-10.10214266169486,1.8236494908445164,0.3664911654009867,0.5418267659034363,0.1714139893688577,0.0,15.151762560156381,12.399497842406337,3.3613733270839408,18.0,10.0,16.0,10.0,361.0250405022439,2548.5076293721,15.318629389200385
259,1,145920,8413.463700499997,17.343629828857317,4634.785266591226,0.00024336891907361538,1.0,0.041089881312967085,10.10214266169486,-10.10214266169486,-10.10214266169486,1.8236494908445164,0.3664911654009867,0.5418267659034363,0.1714139893688577,0.0,15.151762560156381,12.399497842406337,3.3613733270839408,18.0,10.0,16.0,10.0,361.0250405022439,2548.5076293721,15.318629389200385
260,1,146432,8456.832444,17.315230137247354,4612.817696727273,0.00024433675565594976,1.0,0.04092712114947181,10.10214266169486,-10.10214266169486,-10.10214266169486,1.8236494908445164,0.3664911654009867,0.5418267659034363,0.1714139893688577,0.0,15.151762560156381,12.399497842406337,3.3613733270839408,18.0,10.0,16.0,10.0,361.0250405022439,2548.5076293721,15.318629389200385
261,2,147456,8517.222535500012,17.31268607640571,4554.348161343756,0.00014166502762281803,1.0,0.07058905198977469,10.421963685041998,-10.421963685041998,-10.10214266169486,1.8084439553146,0.35537861027954454,0.3849804082743836,0.11530383885949062,0.0,15.111366837312387,12.194885770897077,3.351657980680794,14.0,7.0,14.0,10.0,524.9721123907864,2394.782950462688,21.920697994849107
262,2,147968,8536.056214899989,17.334468784509244,4519.088584358818,0.00014153521903741405,1.0,0.07065379251899503,10.421963685041998,-10.421963685041998,-10.10214266169486,1.8084439553146,0.35537861027954454,0.3849804082743836,0.11530383885949062,0.0,15.111366837312387,12.194885770897077,3.351657980680794,14.0,7.0,14.0,10.0,524.9721123907864,2394.782950462688,21.920697994849107
263,2,148480,8555.088596199988,17.355752465959505,4484.04643662896,0.00014304457293797185,1.0,0.06990827959852941,10.421963685041998,-10.421963685041998,-10.10214266169486,1.8084439553146,0.35537861027954454,0.3849804082743836,0.11530383885949062,0.0,15.111366837312387,12.194885770897077,3.351657980680794,14.0,7.0,14.0,10.0,524.9721123907864,2394.782950462688,21.920697994849107
264,2,148992,8576.754511300009,17.37160598495628,4450.480863251894,0.0001418545872311564,1.0,0.07049472417627681,10.421963685041998,-10.421963685041998,-10.10214266169486,1.8084439553146,0.35537861027954454,0.3849804082743836,0.11530383885949062,0.0,15.111366837312387,12.194885770897077,3.351657980680794,14.0,7.0,14.0,10.0,524.9721123907864,2394.782950462688,21.920697994849107
265,2,149504,8597.258064499998,17.389730409202844,4416.399690667807,0.00015640749189867314,1.0,0.06393555627423753,10.421963685041998,-10.421963685041998,-10.10214266169486,1.8084439553146,0.35537861027954454,0.3849804082743836,0.11530383885949062,0.0,15.111366837312387,12.194885770897077,3.351657980680794,14.0,7.0,14.0,10.0,524.9721123907864,2394.782950462688,21.920697994849107
266,2,150016,8618.508239499992,17.406260553590105,4382.790879472692,0.00015621226905719357,1.0,0.06401545832701971,10.421963685041998,-10.421963685041998,-10.10214266169486,1.8084439553146,0.35537861027954454,0.3849804082743836,0.11530383885949062,0.0,15.111366837312387,12.194885770897077,3.351657980680794,14.0,7.0,14.0,10.0,524.9721123907864,2394.782950462688,21.920697994849107
267,2,150528,8639.199725100014,17.42383609475557,4348.984895628579,0.00016509825164092552,1.0,0.06056999332584759,10.421963685041998,-10.421963685041998,-10.10214266169486,1.8084439553146,0.35537861027954454,0.3849804082743836,0.11530383885949062,0.0,15.111366837312387,12.194885770897077,3.351657980680794,14.0,7.0,14.0,10.0,524.9721123907864,2394.782950462688,21.920697994849107
268,2,151040,8662.017043800006,17.437047195388466,4316.327137080003,0.0001872929738307358,1.0,0.053392285868862126,10.421963685041998,-10.421963685041998,-10.10214266169486,1.8084439553146,0.35537861027954454,0.3849804082743836,0.11530383885949062,0.0,15.111366837312387,12.194885770897077,3.351657980680794,14.0,7.0,14.0,10.0,524.9721123907864,2394.782950462688,21.920697994849107
269,2,151552,8683.552689400007,17.452764487166547,4283.103691393247,0.00022937095861302108,1.0,0.0435974983950399,10.421963685041998,-10.421963685041998,-10.10214266169486,1.8084439553146,0.35537861027954454,0.3849804082743836,0.11530383885949062,0.0,15.111366837312387,12.194885770897077,3.351657980680794,14.0,7.0,14.0,10.0,524.9721123907864,2394.782950462688,21.920697994849107
270,2,152064,8704.526205400005,17.469532104534814,4249.684511053875,0.00022865992587624742,1.0,0.04373306761855608,10.421963685041998,-10.421963685041998,-10.10214266169486,1.8084439553146,0.35537861027954454,0.3849804082743836,0.11530383885949062,0.0,15.111366837312387,12.194885770897077,3.351657980680794,14.0,7.0,14.0,10.0,524.9721123907864,2394.782950462688,21.920697994849107
271,3,153088,8795.3145793,17.405630989060533,4206.454798795652,7.811838396696995e-05,1.0,0.1280108406265571,10.132134956386158,-10.132134956386158,-10.10214266169486,1.7941069491016708,0.3957133575115005,0.8029615226606812,0.19402214721558586,0.0,15.420392242423915,13.627232380823026,3.3771939401256326,19.0,8.0,20.0,11.0,340.3950789059565,2270.277813694519,26.807353757059612
272,3,153600,8827.989385099994,17.399205334257452,4178.581642280665,8.019228175311667e-05,1.0,0.12470028014399695,10.132134956386158,-10.132134956386158,-10.10214266169486,1.7941069491016708,0.3957133575115005,0.8029615226606812,0.19402214721558586,0.0,15.420392242423915,13.627232380823026,3.3771939401256326,19.0,8.0,20.0,11.0,340.3950789059565,2270.277813694519,26.807353757059612
273,3,154112,8859.96160499999,17.39420630367395,4150.3474628073045,8.055185158457634e-05,1.0,0.12414363919990552,10.132134956386158,-10.132134956386158,-10.10214266169486,1.7941069491016708,0.3957133575115005,0.8029615226606812,0.19402214721558586,0.0,15.420392242423915,13.627232380823026,3.3771939401256326,19.0,8.0,20.0,11.0,340.3950789059565,2270.277813694519,26.807353757059612
274,3,154624,8889.838304600009,17.393342229857033,4121.1170948476865,8.118493732844235e-05,1.0,0.12317555853426249,10.132134956386158,-10.132134956386158,-10.10214266169486,1.7941069491016708,0.3957133575115005,0.8029615226606812,0.19402214721558586,0.0,15.420392242423915,13.627232380823026,3.3771939401256326,19.0,8.0,20.0,11.0,340.3950789059565,2270.277813694519,26.807353757059612
275,3,155136,8919.020012699999,17.393839208690896,4091.5636361891084,8.440886173239938e-05,1.0,0.11847097324571071,10.132134956386158,-10.132134956386158,-10.10214266169486,1.7941069491016708,0.3957133575115005,0.8029615226606812,0.19402214721558586,0.0,15.420392242423915,13.627232380823026,3.3771939401256326,19.0,8.0,20.0,11.0,340.3950789059565,2270.277813694519,26.807353757059612
276,3,155648,8944.359571000008,17.401804876522654,4060.268489467109,8.416593762981699e-05,1.0,0.11881291032463161,10.132134956386158,-10.132134956386158,-10.10214266169486,1.7941069491016708,0.3957133575115005,0.8029615226606812,0.19402214721558586,0.0,15.420392242423915,13.627232380823026,3.3771939401256326,19.0,8.0,20.0,11.0,340.3950789059565,2270.277813694519,26.807353757059612
277,3,156160,8978.297814099991,17.393051916228277,4032.8747558416353,9.099376682564773e-05,1.0,0.1098976374850036,10.132134956386158,-10.132134956386158,-10.10214266169486,1.7941069491016708,0.3957133575115005,0.8029615226606812,0.19402214721558586,0.0,15.420392242423915,13.627232380823026,3.3771939401256326,19.0,8.0,20.0,11.0,340.3950789059565,2270.277813694519,26.807353757059612
278,3,156672,9008.157416400005,17.392236032062144,4003.6255184000024,9.189073515439011e-05,1.0,0.10882489930239966,10.132134956386158,-10.132134956386158,-10.10214266169486,1.7941069491016708,0.3957133575115005,0.8029615226606812,0.19402214721558586,0.0,15.420392242423915,13.627232380823026,3.3771939401256326,19.0,8.0,20.0,11.0,340.3950789059565,2270.277813694519,26.807353757059612
279,3,157184,9041.646255,17.38444477553828,3975.968222882736,9.338416409329741e-05,1.0,0.10708453726703887,10.132134956386158,-10.132134956386158,-10.10214266169486,1.7941069491016708,0.3957133575115005,0.8029615226606812,0.19402214721558586,0.0,15.420392242423915,13.627232380823026,3.3771939401256326,19.0,8.0,20.0,11.0,340.3950789059565,2270.277813694519,26.807353757059612
280,3,157696,9071.478578500013,17.383715194317897,3946.6822386980575,9.436874824596663e-05,1.0,0.10596728457111208,10.132134956386158,-10.132134956386158,-10.10214266169486,1.7941069491016708,0.3957133575115005,0.8029615226606812,0.19402214721558586,0.0,15.420392242423915,13.627232380823026,3.3771939401256326,19.0,8.0,20.0,11.0,340.3950789059565,2270.277813694519,26.807353757059612
281,4,158720,9132.30010600001,17.38006834616828,3888.592303200004,0.00015485987203257536,1.0,0.06457450770653116,10.692756734854255,-10.692756734854255,-10.10214266169486,1.781157779227176,0.38590457221312546,0.8808471273418865,0.20765181935555854,0.0,15.070670340911018,13.2285821114973,3.350377077843017,13.0,8.0,18.0,10.0,498.63962482931214,2143.461978956275,11.534446255436537
282,4,159232,9154.7812499,17.393315651506075,3856.1940313083596,0.0002102279116238805,1.0,0.04756742300656532,10.692756734854255,-10.692756734854255,-10.10214266169486,1.781157779227176,0.38590457221312546,0.8808471273418865,0.20765181935555854,0.0,15.070670340911018,13.2285821114973,3.350377077843017,13.0,8.0,18.0,10.0,498.63962482931214,2143.461978956275,11.534446255436537
283,4,159744,9179.728533599991,17.40182178757236,3824.8868889999967,0.0002174411348973277,1.0,0.04598945827210567,10.692756734854255,-10.692756734854255,-10.10214266169486,1.781157779227176,0.38590457221312546,0.8808471273418865,0.20765181935555854,0.0,15.070670340911018,13.2285821114973,3.350377077843017,13.0,8.0,18.0,10.0,498.63962482931214,2143.461978956275,11.534446255436537
284,4,160256,9202.607916000008,17.414194048338487,3792.768118734828,0.00021884921153537688,1.0,0.04569356192715118,10.692756734854255,-10.692756734854255,-10.10214266169486,1.781157779227176,0.38590457221312546,0.8808471273418865,0.20765181935555854,0.0,15.070670340911018,13.2285821114973,3.350377077843017,13.0,8.0,18.0,10.0,498.63962482931214,2143.461978956275,11.534446255436537
285,4,160768,9225.408247399988,17.42665426706829,3760.6759734624156,0.00024302260082941155,1.0,0.041148436260129546,10.692756734854255,-10.692756734854255,-10.10214266169486,1.781157779227176,0.38590457221312546,0.8808471273418865,0.20765181935555854,0.0,15.070670340911018,13.2285821114973,3.350377077843017,13.0,8.0,18.0,10.0,498.63962482931214,2143.461978956275,11.534446255436537
286,4,161280,9246.32237129999,17.442610534605965,3727.882352873329,0.00024108838408761542,1.0,0.04147856412843924,10.692756734854255,-10.692756734854255,-10.10214266169486,1.781157779227176,0.38590457221312546,0.8808471273418865,0.20765181935555854,0.0,15.070670340911018,13.2285821114973,3.350377077843017,13.0,8.0,18.0,10.0,498.63962482931214,2143.461978956275,11.534446255436537
287,4,161792,9266.517884400004,17.45984867437353,3694.8773842860774,0.000239685878890428,1.0,0.04172127305243306,10.692756734854255,-10.692756734854255,-10.10214266169486,1.781157779227176,0.38590457221312546,0.8808471273418865,0.20765181935555854,0.0,15.070670340911018,13.2285821114973,3.350377077843017,13.0,8.0,18.0,10.0,498.63962482931214,2143.461978956275,11.534446255436537
288,4,162304,9290.470067000017,17.469944882176403,3663.4345690063155,0.00023927734920234966,1.0,0.04179250578182914,10.692756734854255,-10.692756734854255,-10.10214266169486,1.781157779227176,0.38590457221312546,0.8808471273418865,0.20765181935555854,0.0,15.070670340911018,13.2285821114973,3.350377077843017,13.0,8.0,18.0,10.0,498.63962482931214,2143.461978956275,11.534446255436537
289,4,162816,9312.88866180001,17.482867659295163,3631.440861833966,0.000238243034696921,1.0,0.04197394485308403,10.692756734854255,-10.692756734854255,-10.10214266169486,1.781157779227176,0.38590457221312546,0.8808471273418865,0.20765181935555854,0.0,15.070670340911018,13.2285821114973,3.350377077843017,13.0,8.0,18.0,10.0,498.63962482931214,2143.461978956275,11.534446255436537
290,4,163328,9338.322235900006,17.490079681776887,3600.669702243576,0.00023755841318654053,1.0,0.042094909903896104,10.692756734854255,-10.692756734854255,-10.10214266169486,1.781157779227176,0.38590457221312546,0.8808471273418865,0.20765181935555854,0.0,15.070670340911018,13.2285821114973,3.350377077843017,13.0,8.0,18.0,10.0,498.63962482931214,2143.461978956275,11.534446255436537
291,5,164352,9431.762645800016,17.425374892484843,3555.2750160180744,6.445445718364765e-05,1.0,0.1551483083862977,10.639675669310499,-10.639675669310499,-10.10214266169486,1.7706430081454732,0.3476113866062468,0.5453872328895513,0.273267419107706,0.0,15.092463619952879,14.324368260029342,3.2636919805970113,19.0,12.0,24.0,12.0,312.4802443829361,2633.1216826565005,22.509022170596012
292,5,164864,9468.42635580001,17.411974683523876,3528.6060953291963,6.786598482976906e-05,1.0,0.14734922104325726,10.639675669310499,-10.639675669310499,-10.10214266169486,1.7706430081454732,0.3476113866062468,0.5453872328895513,0.273267419107706,0.0,15.092463619952879,14.324368260029342,3.2636919805970113,19.0,12.0,24.0,12.0,312.4802443829361,2633.1216826565005,22.509022170596012
293,5,165376,9502.371840600012,17.403654874187453,3500.873836010531,6.799608694285463e-05,1.0,0.14706728651023993,10.639675669310499,-10.639675669310499,-10.10214266169486,1.7706430081454732,0.3476113866062468,0.5453872328895513,0.273267419107706,0.0,15.092463619952879,14.324368260029342,3.2636919805970113,19.0,12.0,24.0,12.0,312.4802443829361,2633.1216826565005,22.509022170596012
294,5,165888,9541.043087900005,17.386778203567694,3474.8243344821003,7.212974348515979e-05,1.0,0.13863906228998885,10.639675669310499,-10.639675669310499,-10.10214266169486,1.7706430081454732,0.3476113866062468,0.5453872328895513,0.273267419107706,0.0,15.092463619952879,14.324368260029342,3.2636919805970113,19.0,12.0,24.0,12.0,312.4802443829361,2633.1216826565005,22.509022170596012
295,5,166400,9570.197788099991,17.38731044899711,3445.2712037159968,7.384924453388505e-05,1.0,0.13541099930157818,10.639675669310499,-10.639675669310499,-10.10214266169486,1.7706430081454732,0.3476113866062468,0.5453872328895513,0.273267419107706,0.0,15.092463619952879,14.324368260029342,3.2636919805970113,19.0,12.0,24.0,12.0,312.4802443829361,2633.1216826565005,22.509022170596012
296,5,166912,9605.350564199995,17.376981598370396,3417.854801985274,7.869838536979427e-05,1.0,0.127067409998454,10.639675669310499,-10.639675669310499,-10.10214266169486,1.7706430081454732,0.3476113866062468,0.5453872328895513,0.273267419107706,0.0,15.092463619952879,14.324368260029342,3.2636919805970113,19.0,12.0,24.0,12.0,312.4802443829361,2633.1216826565005,22.509022170596012
297,5,167424,9645.699321699998,17.357372899168134,3392.218415888379,8.336690225668747e-05,1.0,0.1199516802148878,10.459928304746896,-10.459928304746896,-10.10214266169486,1.804163711369595,0.3485101856780612,0.5342771988013665,0.26869861075004225,0.0,15.073554246318217,14.761456902573162,3.3338401367594983,21.0,13.5,18.0,12.0,274.7467359631338,2572.537020906937,12.087941841609062
298,5,167936,9682.314250700001,17.344613658646615,3365.194587133537,8.812435445663971e-05,1.0,0.1134760085524409,10.459928304746896,-10.459928304746896,-10.10214266169486,1.804163711369595,0.3485101856780612,0.5342771988013665,0.26869861075004225,0.0,15.073554246318217,14.761456902573162,3.3338401367594983,21.0,13.5,18.0,12.0,274.7467359631338,2572.537020906937,12.087941841609062
299,5,168448,9716.600398500013,17.33610451099789,3337.3125988769043,9.709866814198104e-05,1.0,0.10298802436072174,10.459928304746896,-10.459928304746896,-10.10214266169486,1.804163711369595,0.3485101856780612,0.5342771988013665,0.26869861075004225,0.0,15.073554246318217,14.761456902573162,3.3338401367594983,21.0,13.5,18.0,12.0,274.7467359631338,2572.537020906937,12.087941841609062
300,5,168960,9753.334332400002,17.323306496192266,3310.2225612993943,0.0001017063923129295,1.0,0.0983222369075097,10.459928304746896,-10.459928304746896,-10.10214266169486,1.804163711369595,0.3485101856780612,0.5342771988013665,0.26869861075004225,0.0,15.073554246318217,14.761456902573162,3.3338401367594983,21.0,13.5,18.0,12.0,274.7467359631338,2572.537020906937,12.087941841609062
301,0,169984,9865.741578899993,17.22972354795379,3268.7698002379493,0.00017165736409347553,1.0,0.058255584039811376,10.209433747613788,-10.209433747613788,-10.10214266169486,1.8179090397138635,0.3931042346354894,0.6124481580025858,0.20452360162662003,0.0,15.23811795492403,12.612988151871019,3.3454419562806574,22.0,10.0,20.0,15.0,271.30114181497373,2039.879250297849,7.373489752664032
302,0,170496,9898.526380399999,17.22438203908795,3240.058184575375,0.00017167481105157716,1.0,0.05824966364457282,10.209433747613788,-10.209433747613788,-10.10214266169486,1.8179090397138635,0.3931042346354894,0.6124481580025858,0.20452360162662003,0.0,15.23811795492403,12.612988151871019,3.3454419562806574,22.0,10.0,20.0,15.0,271.30114181497373,2039.879250297849,7.373489752664032
303,0,171008,9947.050957600004,17.191829088735293,3216.411686888624,0.00017284053456445854,1.0,0.057856798610343325,10.209433747613788,-10.209433747613788,-10.10214266169486,1.8179090397138635,0.3931042346354894,0.6124481580025858,0.20452360162662003,0.0,15.23811795492403,12.612988151871019,3.3454419562806574,22.0,10.0,20.0,15.0,271.30114181497373,2039.879250297849,7.373489752664032
304,0,171520,9990.518661900016,17.16827782466501,3191.001483054632,0.0001738911112346599,1.0,0.057507252262626096,10.209433747613788,-10.209433747613788,-10.10214266169486,1.8179090397138635,0.3931042346354894,0.6124481580025858,0.20452360162662003,0.0,15.23811795492403,12.612988151871019,3.3454419562806574,22.0,10.0,20.0,15.0,271.30114181497373,2039.879250297849,7.373489752664032
305,0,172032,10035.386165200005,17.142539127847446,3165.9253973547634,0.00017479859301027507,1.0,0.057208698467110304,10.031777645142624,-10.031777645142624,-10.031777645142624,1.8071561371703395,0.3914455335377561,0.39361438924588277,0.21721667478709508,0.0,15.185571578016923,14.391351805416877,3.353336715766959,22.0,10.0,20.0,12.0,271.4496447149719,2098.907608178713,13.138196601025689
306,0,172544,10073.006522500014,17.1293446117194,3138.473842321963,0.0001751591344094847,1.0,0.057090942095101335,10.031777645142624,-10.031777645142624,-10.031777645142624,1.8071561371703395,0.3914455335377561,0.39361438924588277,0.21721667478709508,0.0,15.185571578016923,14.391351805416877,3.353336715766959,22.0,10.0,20.0,12.0,271.4496447149719,2098.907608178713,13.138196601025689
307,0,173056,10110.333603800012,17.116744786240897,3110.8718780923114,0.00017568033273338438,1.0,0.05692156796615442,10.031777645142624,-10.031777645142624,-10.031777645142624,1.8071561371703395,0.3914455335377561,0.39361438924588277,0.21721667478709508,0.0,15.185571578016923,14.391351805416877,3.353336715766959,22.0,10.0,20.0,12.0,271.4496447149719,2098.907608178713,13.138196601025689
308,0,173568,10143.499540599994,17.111254287071556,3081.948237999408,0.00019289270902584014,1.0,0.051842291243161226,10.031777645142624,-10.031777645142624,-10.031777645142624,1.8071561371703395,0.3914455335377561,0.39361438924588277,0.21721667478709508,0.0,15.185571578016923,14.391351805416877,3.353336715766959,22.0,10.0,20.0,12.0,271.4496447149719,2098.907608178713,13.138196601025689
309,0,174080,10190.620127200003,17.082375540165543,3057.186038160001,0.00020948179775029575,1.0,0.04773684447715141,10.031777645142624,-10.031777645142624,-10.031777645142624,1.8071561371703395,0.3914455335377561,0.39361438924588277,0.21721667478709508,0.0,15.185571578016923,14.391351805416877,3.353336715766959,22.0,10.0,20.0,12.0,271.4496447149719,2098.907608178713,13.138196601025689
310,0,174592,10238.262486199994,17.052893519318346,3032.447246645746,0.00021169939221129513,1.0,0.04723679126116267,10.031777645142624,-10.031777645142624,-10.031777645142624,1.8071561371703395,0.3914455335377561,0.39361438924588277,0.21721667478709508,0.0,15.185571578016923,14.391351805416877,3.353336715766959,22.0,10.0,20.0,12.0,271.4496447149719,2098.907608178713,13.138196601025689
311,1,175616,10336.379038000014,16.99008901999205,2983.3863695685172,0.0002468755450065792,1.0,0.04050623969147469,10.10214266169486,-10.10214266169486,-10.031777645142624,1.8236494908445164,0.3664911654009867,0.5418267659034363,0.1714139893688577,0.0,15.151762560156381,12.399497842406337,3.3613733270839408,18.0,10.0,16.0,10.0,361.0250405022439,2548.5076293721,15.318629389200385
312,1,176128,10385.718729200016,16.95867224911517,2958.722196109307,0.0002496551071684997,1.0,0.04005525908689161,10.10214266169486,-10.10214266169486,-10.031777645142624,1.8236494908445164,0.3664911654009867,0.5418267659034363,0.1714139893688577,0.0,15.151762560156381,12.399497842406337,3.3613733270839408,18.0,10.0,16.0,10.0,361.0250405022439,2548.5076293721,15.318629389200385
313,1,176640,10434.156271799991,16.929016146461063,2933.6613285930407,0.00025515215413803255,1.0,0.03919230089897705,10.10214266169486,-10.10214266169486,-10.031777645142624,1.8236494908445164,0.3664911654009867,0.5418267659034363,0.1714139893688577,0.0,15.151762560156381,12.399497842406337,3.3613733270839408,18.0,10.0,16.0,10.0,361.0250405022439,2548.5076293721,15.318629389200385
314,1,177152,10483.052977999992,16.898893897777278,2908.592733780345,0.0002615057326188994,1.0,0.038240079480679146,10.028451744769402,-10.028451744769402,-10.028451744769402,1.809835820967228,0.34984640163411246,0.42682673932406934,0.16008804635101084,0.0,15.3269458602314,12.611928593669242,3.3727941584044263,17.0,10.0,16.0,12.0,373.2002425547419,2329.659952318187,17.58910981040836
315,1,177664,10518.5213964,16.8905869280074,2879.710468755043,0.00026245111426533084,1.0,0.03810233394509508,10.028451744769402,-10.028451744769402,-10.028451744769402,1.809835820967228,0.34984640163411246,0.42682673932406934,0.16008804635101084,0.0,15.3269458602314,12.611928593669242,3.3727941584044263,17.0,10.0,16.0,12.0,373.2002425547419,2329.659952318187,17.58910981040836
316,1,178176,10551.069781900005,16.887008017486032,2850.0016077545993,0.0002694204954168381,1.0,0.03711670110519352,10.028451744769402,-10.028451744769402,-10.028451744769402,1.809835820967228,0.34984640163411246,0.42682673932406934,0.16008804635101084,0.0,15.3269458602314,12.611928593669242,3.3727941584044263,17.0,10.0,16.0,12.0,373.2002425547419,2329.659952318187,17.58910981040836
317,1,178688,10583.847250699997,16.88308568400606,2820.337519527506,0.00027302232941826067,1.0,0.036627040803978675,10.028451744769402,-10.028451744769402,-10.028451744769402,1.809835820967228,0.34984640163411246,0.42682673932406934,0.16008804635101084,0.0,15.3269458602314,12.611928593669242,3.3727941584044263,17.0,10.0,16.0,12.0,373.2002425547419,2329.659952318187,17.58910981040836
318,1,179200,10617.598029100016,16.877640263726352,2790.9114819348615,0.00027278810322728955,1.0,0.036658490167615,10.028451744769402,-10.028451744769402,-10.028451744769402,1.809835820967228,0.34984640163411246,0.42682673932406934,0.16008804635101084,0.0,15.3269458602314,12.611928593669242,3.3727941584044263,17.0,10.0,16.0,12.0,373.2002425547419,2329.659952318187,17.58910981040836
319,1,179712,10646.790997000004,16.87945222655712,2760.279147370371,0.0002728080481242642,1.0,0.03665581007875887,10.028451744769402,-10.028451744769402,-10.028451744769402,1.809835820967228,0.34984640163411246,0.42682673932406934,0.16008804635101084,0.0,15.3269458602314,12.611928593669242,3.3727941584044263,17.0,10.0,16.0,12.0,373.2002425547419,2329.659952318187,17.58910981040836
320,1,180224,10679.780226100003,16.875253627369204,2730.6256259914785,0.00027642572585937793,1.0,0.03617608299267737,10.028451744769402,-10.028451744769402,-10.028451744769402,1.809835820967228,0.34984640163411246,0.42682673932406934,0.16008804635101084,0.0,15.3269458602314,12.611928593669242,3.3727941584044263,17.0,10.0,16.0,12.0,373.2002425547419,2329.659952318187,17.58910981040836
321,2,181248,10737.66074729999,16.879654169142498,2669.248999328811,0.0002296037578858395,1.0,0.043553294127581375,10.421963685041998,-10.421963685041998,-10.028451744769402,1.8084439553146,0.35537861027954454,0.3849804082743836,0.11530383885949062,0.0,15.111366837312387,12.194885770897077,3.351657980680794,14.0,7.0,14.0,10.0,524.9721123907864,2394.782950462688,21.920697994849107
322,2,181760,10758.845377099991,16.89400615300903,2636.674782556899,0.00022677234538840313,1.0,0.04409708768885599,10.421963685041998,-10.421963685041998,-10.028451744769402,1.8084439553146,0.35537861027954454,0.3849804082743836,0.11530383885949062,0.0,15.111366837312387,12.194885770897077,3.351657980680794,14.0,7.0,14.0,10.0,524.9721123907864,2394.782950462688,21.920697994849107
323,2,182272,10782.084347299999,16.905080143028535,2604.6608254713483,0.00022775961693279623,1.0,0.04390593966862262,10.421963685041998,-10.421963685041998,-10.028451744769402,1.8084439553146,0.35537861027954454,0.3849804082743836,0.11530383885949062,0.0,15.111366837312387,12.194885770897077,3.351657980680794,14.0,7.0,14.0,10.0,524.9721123907864,2394.782950462688,21.920697994849107
324,2,182784,10804.690977499995,16.917096507492417,2572.5454708333323,0.0002605187059801549,1.0,0.03838495958429064,10.297681368727307,-10.297681368727307,-10.028451744769402,1.811359833120758,0.34668737962438495,0.6425685524165264,0.11968156074075459,0.0,15.049570352705986,11.770583345709234,3.3732807837970977,15.0,7.0,14.0,10.0,502.5361471758666,2303.454674494875,12.651062380789996
325,2,183296,10834.006294099992,16.918579796267956,2542.057342749719,0.0002591296433863353,1.0,0.038590721884686055,10.297681368727307,-10.297681368727307,-10.028451744769402,1.811359833120758,0.34668737962438495,0.6425685524165264,0.11968156074075459,0.0,15.049570352705986,11.770583345709234,3.3732807837970977,15.0,7.0,14.0,10.0,502.5361471758666,2303.454674494875,12.651062380789996
326,2,183808,10855.569814699993,16.93213743152365,2509.7835504738146,0.00026190855894632156,1.0,0.038181264637668653,10.297681368727307,-10.297681368727307,-10.028451744769402,1.811359833120758,0.34668737962438495,0.6425685524165264,0.11968156074075459,0.0,15.049570352705986,11.770583345709234,3.3732807837970977,15.0,7.0,14.0,10.0,502.5361471758666,2303.454674494875,12.651062380789996
327,2,184320,10878.659150899999,16.943264555241726,2477.916806593889,0.00026246982986735234,1.0,0.03809961703047458,10.297681368727307,-10.297681368727307,-10.028451744769402,1.811359833120758,0.34668737962438495,0.6425685524165264,0.11968156074075459,0.0,15.049570352705986,11.770583345709234,3.3732807837970977,15.0,7.0,14.0,10.0,502.5361471758666,2303.454674494875,12.651062380789996
328,2,184832,10908.795303399995,16.94339245162961,2447.6798326188355,0.00026544786910217535,1.0,0.03767218035625207,10.132967149080386,-10.132967149080386,-10.028451744769402,1.811071591862777,0.3629275623210151,0.6670332966366995,0.178433666439721,0.0,15.026338381990602,12.818696590491214,3.370791031542835,14.0,7.0,13.0,10.0,521.1459496717413,2335.4525893010245,5.957608686440501
329,2,185344,10929.1290248,16.958716433800337,2415.277132552486,0.00026850496732937885,1.0,0.037243258847173576,10.132967149080386,-10.132967149080386,-10.028451744769402,1.811071591862777,0.3629275623210151,0.6670332966366995,0.178433666439721,0.0,15.026338381990602,12.818696590491214,3.370791031542835,14.0,7.0,13.0,10.0,521.1459496717413,2335.4525893010245,5.957608686440501
330,2,185856,10952.468188500003,16.96932570825882,2383.5950052107446,0.000267910579498068,1.0,0.03732588693860092,10.132967149080386,-10.132967149080386,-10.028451744769402,1.811071591862777,0.3629275623210151,0.6670332966366995,0.178433666439721,0.0,15.026338381990602,12.818696590491214,3.370791031542835,14.0,7.0,13.0,10.0,521.1459496717413,2335.4525893010245,5.957608686440501
331,3,186880,11044.147633699991,16.921179089435242,2329.861281629861,9.607530474468498e-05,1.0,0.10408501983495601,10.132134956386158,-10.132134956386158,-10.028451744769402,1.7941069491016708,0.3957133575115005,0.8029615226606812,0.19402214721558586,0.0,15.420392242423915,13.627232380823026,3.3771939401256326,19.0,8.0,20.0,11.0,340.3950789059565,2270.277813694519,26.807353757059612
332,3,187392,11076.902873300016,16.917364189560004,2300.121908116943,0.00011526842438638586,1.0,0.08675402698729918,10.132134956386158,-10.132134956386158,-10.028451744769402,1.7941069491016708,0.3957133575115005,0.8029615226606812,0.19402214721558586,0.0,15.420392242423915,13.627232380823026,3.3771939401256326,19.0,8.0,20.0,11.0,340.3950789059565,2270.277813694519,26.807353757059612
333,3,187904,11110.838050999999,16.91177561381954,2270.60723113079,0.00012433563937854,1.0,0.08042746271288284,10.132134956386158,-10.132134956386158,-10.028451744769402,1.7941069491016708,0.3957133575115005,0.8029615226606812,0.19402214721558586,0.0,15.420392242423915,13.627232380823026,3.3771939401256326,19.0,8.0,20.0,11.0,340.3950789059565,2270.277813694519,26.807353757059612
334,3,188416,11139.550690000004,16.91414718989891,2240.0183452717397,0.00012403781976504035,1.0,0.08062057216857371,10.132134956386158,-10.132134956386158,-10.028451744769402,1.7941069491016708,0.3957133575115005,0.8029615226606812,0.19402214721558586,0.0,15.420392242423915,13.627232380823026,3.3771939401256326,19.0,8.0,20.0,11.0,340.3950789059565,2270.277813694519,26.807353757059612
335,3,188928,11172.414170500007,16.910221651006406,2210.260797957996,0.00013358011770557899,1.0,0.07486144024847136,10.132134956386158,-10.132134956386158,-10.028451744769402,1.7941069491016708,0.3957133575115005,0.8029615226606812,0.19402214721558586,0.0,15.420392242423915,13.627232380823026,3.3771939401256326,19.0,8.0,20.0,11.0,340.3950789059565,2270.277813694519,26.807353757059612
336,3,189440,11204.629109800007,16.907297702010357,2180.3602592043258,0.00014666733198253923,1.0,0.0681815088938174,10.068761484132446,-10.068761484132446,-10.028451744769402,1.812213255653304,0.37962629912215207,0.7980124117690065,0.2564647420005758,0.0,15.095902335152314,14.580321931483827,3.3703357641800924,19.0,10.0,22.0,12.0,350.3369171874899,2295.3949199320245,20.520370960424792
337,3,189952,11248.821643200004,16.886390950542573,2152.7394519331547,0.00014663251307792387,1.0,0.06819769906477521,10.068761484132446,-10.068761484132446,-10.028451744769402,1.812213255653304,0.37962629912215207,0.7980124117690065,0.2564647420005758,0.0,15.095902335152314,14.580321931483827,3.3703357641800924,19.0,10.0,22.0,12.0,350.3369171874899,2295.3949199320245,20.520370960424792
338,3,190464,11288.791032900015,16.871957275576484,2124.234871782261,0.00015663605441114446,1.0,0.06384226184446382,10.005022067506072,-10.005022067506072,-10.005022067506072,1.7953778183397942,0.38155119953491096,0.8071941866640109,0.2410716430996731,0.0,15.126769080702879,13.480523273034873,3.2972338060971533,22.0,10.0,22.0,13.0,267.40840746679646,2143.7983373230554,15.107022997534969
339,3,190976,11320.811613400001,16.869461883276035,2094.1983949721184,0.00015651297556556825,1.0,0.06389246619243175,10.005022067506072,-10.005022067506072,-10.005022067506072,1.7953778183397942,0.38155119953491096,0.8071941866640109,0.2410716430996731,0.0,15.126769080702879,13.480523273034873,3.2972338060971533,22.0,10.0,22.0,13.0,267.40840746679646,2143.7983373230554,15.107022997534969
340,3,191488,11360.6324456,16.85539963703022,2065.5695355636367,0.0001662298861066107,1.0,0.060157654163262284,9.960269254795765,-9.960269254795765,-9.960269254795765,1.7734466280304857,0.39816200765255605,0.4041436679276351,0.17740887903298413,0.0,15.073675181057705,14.645850978552499,3.3265072642372866,22.0,10.0,21.0,13.5,268.7846190241731,2090.4755080581353,14.057949606940312
341,4,192512,11420.134882400016,16.85724398025169,2004.5981442510667,0.0002383288339440928,1.0,0.04195883408025128,10.692756734854255,-10.692756734854255,-9.960269254795765,1.781157779227176,0.38590457221312546,0.8808471273418865,0.20765181935555854,0.0,15.070670340911018,13.2285821114973,3.350377077843017,13.0,8.0,18.0,10.0,498.63962482931214,2143.461978956275,11.534446255436537
342,4,193024,11443.593102999992,16.867429509477915,1973.0332936206883,0.00024001764754669745,1.0,0.04166360308174574,10.692756734854255,-10.692756734854255,-9.960269254795765,1.781157779227176,0.38590457221312546,0.8808471273418865,0.20765181935555854,0.0,15.070670340911018,13.2285821114973,3.350377077843017,13.0,8.0,18.0,10.0,498.63962482931214,2143.461978956275,11.534446255436537
343,4,193536,11471.362148100015,16.871230940264148,1942.2412102603203,0.0002736823156857581,1.0,0.0365387145126393,10.46110988262953,-10.46110988262953,-9.960269254795765,1.7895664116720835,0.38324821699986533,0.7887479143676801,0.22070271030804425,0.0,15.24091902649354,13.568791051150658,3.3057752009113117,16.0,8.0,17.0,12.0,435.4493017401305,2164.1656882888037,24.45833571065553
344,4,194048,11501.2289207,16.871936150297028,1911.8137783749341,0.0002761253526535153,1.0,0.03621543586599973,10.46110988262953,-10.46110988262953,-9.960269254795765,1.7895664116720835,0.38324821699986533,0.7887479143676801,0.22070271030804425,0.0,15.24091902649354,13.568791051150658,3.3057752009113117,16.0,8.0,17.0,12.0,435.4493017401305,2164.1656882888037,24.45833571065553
345,4,194560,11531.6532151,16.871821964368085,1881.4802614110524,0.0002704123695945764,1.0,0.036980556825091736,10.46110988262953,-10.46110988262953,-9.960269254795765,1.7895664116720835,0.38324821699986533,0.7887479143676801,0.22070271030804425,0.0,15.24091902649354,13.568791051150658,3.3057752009113117,16.0,8.0,17.0,12.0,435.4493017401305,2164.1656882888037,24.45833571065553
346,4,195072,11562.834545399994,16.870603763642443,1851.2674731480306,0.00027327045427808264,1.0,0.0365937840825772,10.46110988262953,-10.46110988262953,-9.960269254795765,1.7895664116720835,0.38324821699986533,0.7887479143676801,0.22070271030804425,0.0,15.24091902649354,13.568791051150658,3.3057752009113117,16.0,8.0,17.0,12.0,435.4493017401305,2164.1656882888037,24.45833571065553
347,4,195584,11593.492906,16.870153075159866,1820.967472146597,0.00027584959800009816,1.0,0.03625163883688669,10.46110988262953,-10.46110988262953,-9.960269254795765,1.7895664116720835,0.38324821699986533,0.7887479143676801,0.22070271030804425,0.0,15.24091902649354,13.568791051150658,3.3057752009113117,16.0,8.0,17.0,12.0,435.4493017401305,2164.1656882888037,24.45833571065553
348,4,196096,11626.137783500017,16.866822297453098,1790.9716167793758,0.00027881980321954613,1.0,0.03586545820823859,9.980879658364334,-9.980879658364334,-9.960269254795765,1.8016521052281604,0.3808621864605384,0.8333993739635218,0.23688671713569065,0.0,15.31788957115209,13.013333228380867,3.3753468601170225,18.0,10.0,17.0,12.0,360.8248352337354,2376.769169859623,19.42150494935408
349,4,196608,11657.74657670001,16.86500891973021,1760.8054725223972,0.0002784317045688576,1.0,0.03591545012980692,9.980879658364334,-9.980879658364334,-9.960269254795765,1.8016521052281604,0.3808621864605384,0.8333993739635218,0.23688671713569065,0.0,15.31788957115209,13.013333228380867,3.3753468601170225,18.0,10.0,17.0,12.0,360.8248352337354,2376.769169859623,19.42150494935408
350,4,197120,11693.787138000014,16.856814449738085,1731.2879658857164,0.00027459381033276194,1.0,0.03641742684542527,9.980879658364334,-9.980879658364334,-9.960269254795765,1.8016521052281604,0.3808621864605384,0.8333993739635218,0.23688671713569065,0.0,15.31788957115209,13.013333228380867,3.3753468601170225,18.0,10.0,17.0,12.0,360.8248352337354,2376.769169859623,19.42150494935408
351,5,198144,11803.582574900007,16.78676780906737,1677.5117354509055,0.00010023155411432862,1.0,0.09976898082008714,10.459928304746896,-10.459928304746896,-9.960269254795765,1.804163711369595,0.3485101856780612,0.5342771988013665,0.26869861075004225,0.0,15.073554246318217,14.761456902573162,3.3338401367594983,21.0,13.5,18.0,12.0,274.7467359631338,2572.537020906937,12.087941841609062
352,5,198656,11837.47820479999,16.781952757424868,1647.4840800494833,0.00010652360115163913,1.0,0.09387591005081321,10.459928304746896,-10.459928304746896,-9.960269254795765,1.804163711369595,0.3485101856780612,0.5342771988013665,0.26869861075004225,0.0,15.073554246318217,14.761456902573162,3.3338401367594983,21.0,13.5,18.0,12.0,274.7467359631338,2572.537020906937,12.087941841609062
353,5,199168,11875.607890399988,16.77118357545331,1618.013414373263,0.0001063977024275604,1.0,0.09398699193536023,10.459928304746896,-10.459928304746896,-9.960269254795765,1.804163711369595,0.3485101856780612,0.5342771988013665,0.26869861075004225,0.0,15.073554246318217,14.761456902573162,3.3338401367594983,21.0,13.5,18.0,12.0,274.7467359631338,2572.537020906937,12.087941841609062
354,5,199680,11910.81350280001,16.764597980906924,1588.1084670400016,0.00010858056560589194,1.0,0.0920975125170774,10.459928304746896,-10.459928304746896,-9.960269254795765,1.804163711369595,0.3485101856780612,0.5342771988013665,0.26869861075004225,0.0,15.073554246318217,14.761456902573162,3.3338401367594983,21.0,13.5,18.0,12.0,274.7467359631338,2572.537020906937,12.087941841609062
355,5,200192,11946.968433700007,16.756719590494473,1558.3002304826098,0.00011375679844567613,1.0,0.08790683402342248,10.459928304746896,-10.459928304746896,-9.960269254795765,1.804163711369595,0.3485101856780612,0.5342771988013665,0.26869861075004225,0.0,15.073554246318217,14.761456902573162,3.3338401367594983,21.0,13.5,18.0,12.0,274.7467359631338,2572.537020906937,12.087941841609062
356,5,200704,11984.78976439999,16.7465599268314,1528.6721638265294,0.0001394926303026074,1.0,0.07168837506545354,10.459928304746896,-10.459928304746896,-9.960269254795765,1.804163711369595,0.3485101856780612,0.5342771988013665,0.26869861075004225,0.0,15.073554246318217,14.761456902573162,3.3338401367594983,21.0,13.5,18.0,12.0,274.7467359631338,2572.537020906937,12.087941841609062
357,5,201216,12022.705940399988,16.73633215330106,1499.0142266656476,0.0001394045182017954,1.0,0.07173368646147066,10.459928304746896,-10.459928304746896,-9.960269254795765,1.804163711369595,0.3485101856780612,0.5342771988013665,0.26869861075004225,0.0,15.073554246318217,14.761456902573162,3.3338401367594983,21.0,13.5,18.0,12.0,274.7467359631338,2572.537020906937,12.087941841609062
358,5,201728,12059.215227500012,16.728120047146724,1469.142971878174,0.0001387634915371724,1.0,0.07206506473153379,10.459928304746896,-10.459928304746896,-9.960269254795765,1.804163711369595,0.3485101856780612,0.5342771988013665,0.26869861075004225,0.0,15.073554246318217,14.761456902573162,3.3338401367594983,21.0,13.5,18.0,12.0,274.7467359631338,2572.537020906937,12.087941841609062
359,5,202240,12097.302826800005,16.71777609402019,1439.4259059736714,0.00014488276801872155,1.0,0.06902132073227496,10.459928304746896,-10.459928304746896,-9.960269254795765,1.804163711369595,0.3485101856780612,0.5342771988013665,0.26869861075004225,0.0,15.073554246318217,14.761456902573162,3.3338401367594983,21.0,13.5,18.0,12.0,274.7467359631338,2572.537020906937,12.087941841609062
360,5,202752,12129.436153099989,16.71569868877883,1408.9749066732309,0.00016096713289697305,1.0,0.06212448355156118,10.459928304746896,-10.459928304746896,-9.960269254795765,1.804163711369595,0.3485101856780612,0.5342771988013665,0.26869861075004225,0.0,15.073554246318217,14.761456902573162,3.3338401367594983,21.0,13.5,18.0,12.0,274.7467359631338,2572.537020906937,12.087941841609062
361,0,203776,12234.026159000001,16.65649536396418,1352.5054045125628,0.00021319111803211555,1.0,0.046906269324473136,10.031777645142624,-10.031777645142624,-9.960269254795765,1.8071561371703395,0.3914455335377561,0.39361438924588277,0.21721667478709508,0.0,15.185571578016923,14.391351805416877,3.353336715766959,22.0,10.0,20.0,12.0,271.4496447149719,2098.907608178713,13.138196601025687
362,0,204288,12287.944449400005,16.6250751572998,1324.2646900355894,0.00021599008194166284,1.0,0.04629842217801867,10.031777645142624,-10.031777645142624,-9.960269254795765,1.8071561371703395,0.3914455335377561,0.39361438924588277,0.21721667478709508,0.0,15.185571578016923,14.391351805416877,3.353336715766959,22.0,10.0,20.0,12.0,271.4496447149719,2098.907608178713,13.138196601025687
363,0,204800,12342.672315700009,16.592841060804332,1295.980593148501,0.0002152367680334687,1.0,0.04646046347641209,9.835863454767477,-9.835863454767477,-9.835863454767477,1.8000958890896186,0.37493181649185003,0.4637257387516169,0.22123840228436695,0.0,15.03051214391592,14.501116382507862,3.3649698386058127,22.0,10.0,21.0,12.0,269.70284223165686,2197.148555811937,14.417483844375434
364,0,205312,12379.25488600001,16.58516622290346,1265.7093524339164,0.00021758133307090932,1.0,0.045959825040418206,9.835863454767477,-9.835863454767477,-9.835863454767477,1.8000958890896186,0.37493181649185003,0.4637257387516169,0.22123840228436695,0.0,15.03051214391592,14.501116382507862,3.3649698386058127,22.0,10.0,21.0,12.0,269.70284223165686,2197.148555811937,14.417483844375434
365,0,205824,12418.021795800014,16.574620610636483,1235.6240592835836,0.00021886746638632656,1.0,0.04568975081179397,9.835863454767477,-9.835863454767477,-9.835863454767477,1.8000958890896186,0.37493181649185003,0.4637257387516169,0.22123840228436695,0.0,15.03051214391592,14.501116382507862,3.3649698386058127,22.0,10.0,21.0,12.0,269.70284223165686,2197.148555811937,14.417483844375434
366,0,206336,12470.504325799993,16.545922651509393,1206.822999270967,0.00021875042266859468,1.0,0.04571419738534577,9.835863454767477,-9.835863454767477,-9.835863454767477,1.8000958890896186,0.37493181649185003,0.4637257387516169,0.22123840228436695,0.0,15.03051214391592,14.501116382507862,3.3649698386058127,22.0,10.0,21.0,12.0,269.70284223165686,2197.148555811937,14.417483844375434
367,0,206848,12517.354939500015,16.524896913106325,1177.374969556932,0.00022056498183740893,1.0,0.045338112680876626,9.835863454767477,-9.835863454767477,-9.835863454767477,1.8000958890896186,0.37493181649185003,0.4637257387516169,0.22123840228436695,0.0,15.03051214391592,14.501116382507862,3.3649698386058127,22.0,10.0,21.0,12.0,269.70284223165686,2197.148555811937,14.417483844375434
368,1,207872,12603.161936299992,16.493638743249107,1117.5217480463048,0.0002789225768725423,1.0,0.035852242984868096,10.028451744769402,-10.028451744769402,-9.835863454767477,1.809835820967228,0.34984640163411246,0.42682673932406934,0.16008804635101084,0.0,15.3269458602314,12.611928593669242,3.3727941584044263,17.0,10.0,16.0,12.0,373.2002425547419,2329.659952318187,17.58910981040836
369,1,208384,12637.060988400015,16.48991012952163,1086.7251464226056,0.0002823529253819315,1.0,0.03541666864783921,10.028451744769402,-10.028451744769402,-9.835863454767477,1.809835820967228,0.34984640163411246,0.42682673932406934,0.16008804635101084,0.0,15.3269458602314,12.611928593669242,3.3727941584044263,17.0,10.0,16.0,12.0,373.2002425547419,2329.659952318187,17.58910981040836
370,1,208896,12667.867561699997,16.490226076532068,1055.6556301416665,0.0002867836287522037,1.0,0.034869493923031666,10.028451744769402,-10.028451744769402,-9.835863454767477,1.809835820967228,0.34984640163411246,0.42682673932406934,0.16008804635101084,0.0,15.3269458602314,12.611928593669242,3.3727941584044263,17.0,10.0,16.0,12.0,373.2002425547419,2329.659952318187,17.58910981040836
371,1,209408,12701.4068882,16.486992491717317,1024.8078907349634,0.00028536039447221484,1.0,0.035043405439971184,9.9255441942023,-9.9255441942023,-9.835863454767477,1.8108275608772064,0.33164413022716943,0.41125107007577055,0.08279907185758491,0.0,15.052052350439153,14.557357766966675,3.371529129236417,17.0,10.0,16.0,12.0,374.86209507411354,2373.328039922118,26.015727928223207
372,1,209920,12731.918867500004,16.487695388622843,993.7107408780491,0.0002842329862091639,1.0,0.035182404876262494,9.9255441942023,-9.9255441942023,-9.835863454767477,1.8108275608772064,0.33164413022716943,0.41125107007577055,0.08279907185758491,0.0,15.052052350439153,14.557357766966675,3.371529129236417,17.0,10.0,16.0,12.0,374.86209507411354,2373.328039922118,26.015727928223207
373,1,210432,12761.15602190001,16.49004209641101,962.5202838902683,0.00028463831331698,1.0,0.03513230486601324,9.9255441942023,-9.9255441942023,-9.835863454767477,1.8108275608772064,0.33164413022716943,0.41125107007577055,0.08279907185758491,0.0,15.052052350439153,14.557357766966675,3.371529129236417,17.0,10.0,16.0,12.0,374.86209507411354,2373.328039922118,26.015727928223207
374,1,210944,12792.070448499988,16.490215626097925,931.4614404247565,0.00028607140897327196,1.0,0.0349563070140094,9.9255441942023,-9.9255441942023,-9.835863454767477,1.8108275608772064,0.33164413022716943,0.41125107007577055,0.08279907185758491,0.0,15.052052350439153,14.557357766966675,3.371529129236417,17.0,10.0,16.0,12.0,374.86209507411354,2373.328039922118,26.015727928223207
375,2,211968,12854.38621930001,16.48993552735673,869.3787781169088,0.00026891043799315045,1.0,0.03718710242201404,10.132967149080386,-10.132967149080386,-9.835863454767477,1.811071591862777,0.3629275623210151,0.6670332966366995,0.178433666439721,0.0,15.026338381990602,12.818696590491214,3.370791031542835,14.0,7.0,13.0,10.0,521.1459496717413,2335.4525893010245,5.957608686440501
376,2,212480,12874.658820300014,16.5037383099406,837.6284051761454,0.00026660169266328187,1.0,0.03750913919601384,10.132967149080386,-10.132967149080386,-9.835863454767477,1.811071591862777,0.3629275623210151,0.6670332966366995,0.178433666439721,0.0,15.026338381990602,12.818696590491214,3.370791031542835,14.0,7.0,13.0,10.0,521.1459496717413,2335.4525893010245,5.957608686440501
377,2,212992,12898.33296510001,16.513141704149557,806.1458103187507,0.00027133001960934146,1.0,0.03685548696158962,10.132967149080386,-10.132967149080386,-9.835863454767477,1.811071591862777,0.3629275623210151,0.6670332966366995,0.178433666439721,0.0,15.026338381990602,12.818696590491214,3.370791031542835,14.0,7.0,13.0,10.0,521.1459496717413,2335.4525893010245,5.957608686440501
378,2,213504,12921.675460500002,16.522934711729597,774.6807830035972,0.0002804480875232897,1.0,0.03565722301161883,10.132967149080386,-10.132967149080386,-9.835863454767477,1.811071591862777,0.3629275623210151,0.6670332966366995,0.178433666439721,0.0,15.026338381990602,12.818696590491214,3.370791031542835,14.0,7.0,13.0,10.0,521.1459496717413,2335.4525893010245,5.957608686440501
379,2,214016,12944.68762109999,16.533114298652634,743.2356528861238,0.000287213730956294,1.0,0.03481727689934734,10.132967149080386,-10.132967149080386,-9.835863454767477,1.811071591862777,0.3629275623210151,0.6670332966366995,0.178433666439721,0.0,15.026338381990602,12.818696590491214,3.370791031542835,14.0,7.0,13.0,10.0,521.1459496717413,2335.4525893010245,5.957608686440501
380,2,214528,12967.950599500007,16.542937787584673,711.8445436479718,0.0002923526843257516,1.0,0.03420526143983517,10.132967149080386,-10.132967149080386,-9.835863454767477,1.811071591862777,0.3629275623210151,0.6670332966366995,0.178433666439721,0.0,15.026338381990602,12.818696590491214,3.370791031542835,14.0,7.0,13.0,10.0,521.1459496717413,2335.4525893010245,5.957608686440501
381,2,215040,12990.974858400004,16.553030264772968,680.4796354400003,0.000297167948126791,1.0,0.033651004635712904,10.132967149080386,-10.132967149080386,-9.835863454767477,1.811071591862777,0.3629275623210151,0.6670332966366995,0.178433666439721,0.0,15.026338381990602,12.818696590491214,3.370791031542835,14.0,7.0,13.0,10.0,521.1459496717413,2335.4525893010245,5.957608686440501
382,3,216064,13092.586480500002,16.50277432360703,620.5017289336495,0.0001656193969593496,1.0,0.06037940110634753,9.960269254795765,-9.960269254795765,-9.835863454767477,1.7734466280304857,0.39816200765255605,0.4041436679276351,0.17740887903298413,0.0,15.073675181057705,14.645850978552499,3.3265072642372866,22.0,10.0,21.0,13.5,268.7846190241731,2090.4755080581353,14.057949606940312
383,3,216576,13125.641526299994,16.500222070368466,589.567822694326,0.0001649169611645987,1.0,0.060636576913512624,9.960269254795765,-9.960269254795765,-9.835863454767477,1.7734466280304857,0.39816200765255605,0.4041436679276351,0.17740887903298413,0.0,15.073675181057705,14.645850978552499,3.3265072642372866,22.0,10.0,21.0,13.5,268.7846190241731,2090.4755080581353,14.057949606940312
384,3,217088,13158.691065399995,16.497689543819458,558.6236773047167,0.00016434392972296887,1.0,0.0608480034331463,9.9246369732012,-9.9246369732012,-9.835863454767477,1.808145467328812,0.3735260974087908,0.6961366465207353,0.2817633618307298,0.0,15.101255840325887,12.647420996269124,3.3062556328960317,24.0,12.0,20.0,15.0,233.4425851089646,2320.393180892586,14.297986762723664
385,3,217600,13196.82439709999,16.48881529770281,527.8729758839996,0.00016223468484965494,1.0,0.06163910022857997,9.73382860881335,-9.73382860881335,-9.73382860881335,1.81204261467594,0.37655418864334783,0.8443949855879365,0.18895673056602488,0.0,15.076793486420232,12.894146894359178,3.3751074157557697,24.0,12.0,21.0,13.5,229.3391962733981,2421.418843936359,20.26090105716706
386,3,218112,13247.550424799992,16.464326838242098,497.56057933521095,0.000204749659587809,1.0,0.04884013004041823,9.73382860881335,-9.73382860881335,-9.73382860881335,1.81204261467594,0.37655418864334783,0.8443949855879365,0.18895673056602488,0.0,15.076793486420232,12.894146894359178,3.3751074157557697,24.0,12.0,21.0,13.5,229.3391962733981,2421.418843936359,20.26090105716706
387,3,218624,13301.1066077,16.436527158833442,467.2519885608899,0.000204352999561253,1.0,0.04893493132701751,9.73382860881335,-9.73382860881335,-9.73382860881335,1.81204261467594,0.37655418864334783,0.8443949855879365,0.18895673056602488,0.0,15.076793486420232,12.894146894359178,3.3751074157557697,24.0,12.0,21.0,13.5,229.3391962733981,2421.418843936359,20.26090105716706
388,3,219136,13352.190511499997,16.411988715354397,436.7538952359812,0.0002062061105162958,1.0,0.048495168135231796,9.73382860881335,-9.73382860881335,-9.73382860881335,1.81204261467594,0.37655418864334783,0.8443949855879365,0.18895673056602488,0.0,15.076793486420232,12.894146894359178,3.3751074157557697,24.0,12.0,21.0,13.5,229.3391962733981,2421.418843936359,20.26090105716706
389,4,220160,13432.907007000002,16.389602033667973,374.87182345116287,0.0002715632103979267,1.0,0.03682383922824727,9.980879658364334,-9.980879658364334,-9.73382860881335,1.8016521052281604,0.3808621864605384,0.8333993739635218,0.23688671713569065,0.0,15.31788957115209,13.013333228380867,3.3753468601170225,18.0,10.0,17.0,12.0,360.8248352337354,2376.769169859623,19.42150494935408
390,4,220672,13461.073621799995,16.39334322060502,343.5540831549883,0.0002748928549599493,1.0,0.036377809825056735,9.980879658364334,-9.980879658364334,-9.73382860881335,1.8016521052281604,0.3808621864605384,0.8333993739635218,0.23688671713569065,0.0,15.31788957115209,13.013333228380867,3.3753468601170225,18.0,10.0,17.0,12.0,360.8248352337354,2376.769169859623,19.42150494935408
391,4,221184,13496.408943699993,16.388359371938474,312.41687369675907,0.00027579136968753086,1.0,0.03625929270857841,9.980879658364334,-9.980879658364334,-9.73382860881335,1.8016521052281604,0.3808621864605384,0.8333993739635218,0.23688671713569065,0.0,15.31788957115209,13.013333228380867,3.3753468601170225,18.0,10.0,17.0,12.0,360.8248352337354,2376.769169859623,19.42150494935408
392,4,221696,13527.327522900014,16.388750817535644,281.1684704528871,0.00027826712012592885,1.0,0.03593669275577536,9.980879658364334,-9.980879658364334,-9.73382860881335,1.8016521052281604,0.3808621864605384,0.8333993739635218,0.23688671713569065,0.0,15.31788957115209,13.013333228380867,3.3753468601170225,18.0,10.0,17.0,12.0,360.8248352337354,2376.769169859623,19.42150494935408
393,4,222208,13559.929392599995,16.387105977208456,249.95261553179714,0.000278985514202909,1.0,0.035844154950377946,9.980879658364334,-9.980879658364334,-9.73382860881335,1.8016521052281604,0.3808621864605384,0.8333993739635218,0.23688671713569065,0.0,15.31788957115209,13.013333228380867,3.3753468601170225,18.0,10.0,17.0,12.0,360.8248352337354,2376.769169859623,19.42150494935408
394,4,222720,13589.8330441,16.388722310072342,218.68696852574712,0.0002769074225225011,1.0,0.03611315257967617,9.980879658364334,-9.980879658364334,-9.73382860881335,1.8016521052281604,0.3808621864605384,0.8333993739635218,0.23688671713569065,0.0,15.31788957115209,13.013333228380867,3.3753468601170225,18.0,10.0,17.0,12.0,360.8248352337354,2376.769169859623,19.42150494935408
395,5,223744,13694.51767989999,16.338216885754097,156.68784530778018,0.00015877839254828334,1.0,0.06298086181316541,10.30558345107147,-10.30558345107147,-9.73382860881335,1.7993186100298233,0.38797886722410935,0.4586758342117202,0.21611261183918815,0.0,15.080474455315318,14.410867130986022,3.3457832017347484,21.0,13.5,19.0,10.0,268.5653849492074,2192.060595118653,21.868730821488157
396,5,224256,13733.003753500001,16.32971227746486,125.41555939269408,0.0001590393581052081,1.0,0.06287751735884611,10.30558345107147,-10.30558345107147,-9.73382860881335,1.7993186100298233,0.38797886722410935,0.4586758342117202,0.21611261183918815,0.0,15.080474455315318,14.410867130986022,3.3457832017347484,21.0,13.5,19.0,10.0,268.5653849492074,2192.060595118653,21.868730821488157
397,5,224768,13773.967227999994,16.318319644545628,94.12733868792706,0.00015873514815573358,1.0,0.06299801975923479,10.30558345107147,-10.30558345107147,-9.73382860881335,1.7993186100298233,0.38797886722410935,0.4586758342117202,0.21611261183918815,0.0,15.080474455315318,14.410867130986022,3.3457832017347484,21.0,13.5,19.0,10.0,268.5653849492074,2192.060595118653,21.868730821488157
398,5,225280,13806.438934900012,16.317024329172646,62.756540613181876,0.0001591989648026923,1.0,0.06281447880263384,10.30558345107147,-10.30558345107147,-9.73382860881335,1.7993186100298233,0.38797886722410935,0.4586758342117202,0.21611261183918815,0.0,15.080474455315318,14.410867130986022,3.3457832017347484,21.0,13.5,19.0,10.0,268.5653849492074,2192.060595118653,21.868730821488157
399,5,225792,13847.507568300003,16.3056058201324,31.40024391904763,0.00015783076689544515,1.0,0.06335900278951605,10.099458599186919,-10.099458599186919,-9.73382860881335,1.7922148224804157,0.3383703876057005,0.5604958093051482,0.18306945162359795,0.0,15.20181477832492,12.15099673116968,3.3771810046372086,21.0,13.5,19.0,12.0,273.668902104741,2358.493852400949,27.052059354133455
400,5,226304,13904.392679600016,16.275719854490617,0.0,0.00015702506394104707,1.0,0.0636841007990567,10.099458599186919,-10.099458599186919,-9.73382860881335,1.7922148224804157,0.3383703876057005,0.5604958093051482,0.18306945162359795,0.0,15.20181477832492,12.15099673116968,3.3771810046372086,21.0,13.5,19.0,12.0,273.668902104741,2358.493852400949,27.052059354133455
