score,objective,generation,wing_span,wing_chord,tail_arm,nose_length,extra_shipping_containers,sensor_weight_kg,mission3_sensor_weight_kg,batt_capacity,prop_diameter_in,prop_pitch_in,mission3_prop_diameter_in,mission3_prop_pitch_in,motor_kv,motor_max_power,takeoff_flap_deflection_deg
-9.73382860881335,9.73382860881335,385,1.81204261467594,0.37655418864334783,0.8443949855879365,0.18895673056602488,0.0,15.076793486420232,12.894146894359178,3.3751074157557697,24.0,12.0,21.0,13.5,229.3391962733981,2421.418843936359,20.26090105716706
-9.835863454767477,9.835863454767477,363,1.8000958890896186,0.37493181649185003,0.4637257387516169,0.22123840228436695,0.0,15.03051214391592,14.501116382507862,3.3649698386058127,22.0,10.0,21.0,12.0,269.70284223165686,2197.148555811937,14.417483844375434
-9.9246369732012,9.9246369732012,384,1.808145467328812,0.3735260974087908,0.6961366465207353,0.2817633618307298,0.0,15.101255840325887,12.647420996269124,3.3062556328960317,24.0,12.0,20.0,15.0,233.4425851089646,2320.393180892586,14.297986762723664
-9.9255441942023,9.9255441942023,371,1.8108275608772064,0.33164413022716943,0.41125107007577055,0.08279907185758491,0.0,15.052052350439153,14.557357766966675,3.371529129236417,17.0,10.0,16.0,12.0,374.86209507411354,2373.328039922118,26.015727928223207
-9.959216231751645,9.959216231751645,386,1.8105552950097898,0.358167952157705,0.7937160670317897,0.17657486446273624,0.0,15.120785530265309,10.617855506006133,3.3535076482518438,25.0,12.5,20.0,15.0,220.09513030080905,2379.8570829084015,18.681051229715926
-9.960269254795765,9.960269254795765,340,1.7734466280304857,0.39816200765255605,0.4041436679276351,0.17740887903298413,0.0,15.073675181057705,14.645850978552499,3.3265072642372866,22.0,10.0,21.0,13.5,268.7846190241731,2090.4755080581353,14.057949606940312
-9.965097783516192,9.965097783516192,374,1.8152472459205213,0.3347732651189685,0.594014150648344,0.08991355251992379,0.0,15.082873238276582,14.160917089156783,3.368126018002361,17.0,10.0,17.0,12.0,372.9566680892215,2350.3494072305616,23.46888287961033
-9.97274373719489,9.97274373719489,372,1.8156822712161493,0.3282477810805743,0.4114728540833893,0.0874284104511791,0.0,15.038374584849606,14.479602237631523,3.36452100777597,17.0,10.0,16.0,12.0,369.85385649847785,2237.2887841619904,34.39898015555882
-9.980879658364334,9.980879658364334,348,1.8016521052281604,0.3808621864605384,0.8333993739635218,0.23688671713569065,0.0,15.31788957115209,13.013333228380867,3.3753468601170225,18.0,10.0,17.0,12.0,360.8248352337354,2376.769169859623,19.42150494935408
-9.98681035470842,9.98681035470842,372,1.7958431673917572,0.32571383561749934,0.4435023002321515,0.1717731915946124,0.0,15.041886154676238,14.313759691617587,3.3584894759415946,16.0,10.0,17.0,10.0,385.14840710246216,2224.7392775377775,28.62442677104131
-9.992328432420582,9.992328432420582,374,1.8040775744557758,0.3763977953593589,0.4319588986261321,0.16053077188113085,0.0,15.159307967874865,13.834185673036224,3.3642414136998764,20.0,11.0,17.0,12.0,317.4505481929452,2249.1256957166906,22.392393688587532
-10.005022067506065,10.005022067506065,382,1.7953778183397942,0.381551199534911,0.8071941866640109,0.2410716430996731,0.0,15.126769080702879,13.480523273034873,3.2972338060971533,22.0,10.0,22.0,13.0,267.40840746679646,2143.7983373230554,15.107022997534969
-10.005022067506072,10.005022067506072,338,1.7953778183397942,0.38155119953491096,0.8071941866640109,0.2410716430996731,0.0,15.126769080702879,13.480523273034873,3.2972338060971533,22.0,10.0,22.0,13.0,267.40840746679646,2143.7983373230554,15.107022997534969
-10.008120158295455,10.008120158295455,394,1.811292207541633,0.39755706089380405,0.7451765787411178,0.29027203582366584,0.0,15.130583853954047,13.519089102439363,3.3132395175620797,19.0,8.0,16.0,10.0,335.92580767507184,2292.5313598523267,13.940445169827473
-10.012432876599659,10.012432876599659,367,1.7912115020910417,0.3797829858367836,0.4943437305571606,0.13889104283740955,0.0,15.067523358041878,13.744700202351167,3.3518791104352106,22.0,10.0,22.0,13.0,268.95738669689183,2285.660260988423,16.574422048505316
-10.028451744769402,10.028451744769402,314,1.809835820967228,0.34984640163411246,0.42682673932406934,0.16008804635101084,0.0,15.3269458602314,12.611928593669242,3.3727941584044263,17.0,10.0,16.0,12.0,373.2002425547419,2329.659952318187,17.58910981040836
-10.031777645142624,10.031777645142624,305,1.8071561371703395,0.3914455335377561,0.39361438924588277,0.21721667478709508,0.0,15.185571578016923,14.391351805416877,3.353336715766959,22.0,10.0,20.0,12.0,271.4496447149719,2098.907608178713,13.138196601025689
-10.031777645142624,10.031777645142624,361,1.8071561371703395,0.3914455335377561,0.39361438924588277,0.21721667478709508,0.0,15.185571578016923,14.391351805416877,3.353336715766959,22.0,10.0,20.0,12.0,271.4496447149719,2098.907608178713,13.138196601025687
-10.031991114931632,10.031991114931632,362,1.8040360621360292,0.3943687140474179,0.6429455750227095,0.08222223503014546,0.0,15.057615480713213,14.812346638379774,3.302079162439961,22.0,10.0,20.0,15.0,259.00193294334247,2166.4421934185893,22.686898331773936
-10.059336073517155,10.059336073517155,388,1.8114541386467211,0.39105548847905824,0.8354801541528106,0.2642667653640802,0.0,15.148412801936642,14.841685163787691,3.331401463058016,22.0,10.0,22.0,13.0,261.2195070499508,2292.242021224327,30.116628743832756
-10.062695930186168,10.062695930186168,362,1.8230688584901524,0.3882041140755621,0.4308303670485555,0.13810552344472635,0.0,15.341166050748726,11.513443638575465,3.3635352422488776,22.0,10.0,16.0,12.0,267.7899341111081,2412.5010170234837,19.729564897739166
-10.068761484132446,10.068761484132446,336,1.812213255653304,0.37962629912215207,0.7980124117690065,0.2564647420005758,0.0,15.095902335152314,14.580321931483827,3.3703357641800924,19.0,10.0,22.0,12.0,350.3369171874899,2295.3949199320245,20.520370960424792
-10.071647150709488,10.071647150709488,387,1.8174107467130438,0.3872668941681138,0.861737576340591,0.2486764839861422,0.0,15.079817156448936,10.180584005131049,3.356810714554179,19.0,8.0,24.0,12.0,330.1085283244304,2188.176051616689,24.773695851583746
-10.08197707949428,10.08197707949428,366,1.7972149711758205,0.3964792224750964,0.4945987974260383,0.22663841652675715,0.0,15.159644994143067,10.28883683619124,3.3245872081847043,22.0,10.0,18.0,10.0,263.9452992088741,2121.001170818213,24.015615508342766
-10.095251285892054,10.095251285892054,366,1.8170682337186541,0.39458798509367715,0.8209537482861842,0.14307923994860722,0.0,15.18853633165834,13.212652135731979,3.280332306017314,22.0,10.0,20.0,13.0,259.8532959961845,2008.9537304063683,27.801929473984018
-10.099458599186919,10.099458599186919,399,1.7922148224804157,0.3383703876057005,0.5604958093051482,0.18306945162359795,0.0,15.20181477832492,12.15099673116968,3.3771810046372086,21.0,13.5,19.0,12.0,273.668902104741,2358.493852400949,27.052059354133455
-10.10214266169486,10.10214266169486,253,1.8236494908445164,0.3664911654009867,0.5418267659034363,0.1714139893688577,0.0,15.151762560156381,12.399497842406337,3.3613733270839408,18.0,10.0,16.0,10.0,361.0250405022439,2548.5076293721,15.318629389200385
-10.111708972746648,10.111708972746648,386,1.8154121427278018,0.38152968520051767,0.7606169144448575,0.12520542555702058,0.0,15.092048412280546,13.256756137504713,3.3100762694354806,24.0,12.0,22.0,13.0,231.9984018022986,2062.433163670854,12.884180771589001
-10.112257625679923,10.112257625679923,340,1.80973543736216,0.3783709867429221,0.7812960322869248,0.2814958891209699,0.0,15.22056468970207,13.331142139553661,3.2069819567029314,22.0,10.0,22.0,13.0,264.5103915879438,2199.8895043860325,22.928245474115336
-10.112257625679923,10.112257625679923,382,1.80973543736216,0.3783709867429221,0.7812960322869248,0.2814958891209699,0.0,15.22056468970207,13.331142139553661,3.206981956702931,22.0,10.0,22.0,13.0,264.5103915879438,2199.8895043860325,22.928245474115336
-10.116273118871884,10.116273118871884,309,1.8179090397138635,0.3975621625327195,0.3311800761734087,0.20452360162662003,0.0,15.23811795492403,12.612988151871019,3.3454419562806574,22.0,10.0,20.0,11.0,265.10785498582914,2062.630736648952,14.623691530325198
-10.131409273367527,10.131409273367527,363,1.791763972455634,0.39310518392923577,0.46526247727686226,0.1892032184517761,0.0,15.20755680618323,13.812898756111881,3.3662334375271747,22.0,10.0,21.0,13.5,261.6391606374179,2273.501151843844,30.240194417751898
-10.132134956386158,10.132134956386158,151,1.7941069491016708,0.3957133575115005,0.8029615226606812,0.19402214721558586,0.0,15.420392242423915,13.627232380823026,3.3771939401256326,19.0,8.0,20.0,11.0,340.3950789059565,2270.277813694519,26.807353757059612
-10.132967149080386,10.132967149080386,328,1.811071591862777,0.3629275623210151,0.6670332966366995,0.178433666439721,0.0,15.026338381990602,12.818696590491214,3.370791031542835,14.0,7.0,13.0,10.0,521.1459496717413,2335.4525893010245,5.957608686440501
-10.137344350846211,10.137344350846211,317,1.8136522504536832,0.33838382638210507,0.463038185859412,0.23801737784092297,0.0,15.27756280795818,14.783236780861674,3.235231672047534,17.0,10.0,18.0,10.0,366.8905911209776,2353.427797414362,28.106544228957645
-10.139430920192208,10.139430920192208,387,1.8041644099087033,0.357072437054678,0.5258512712774379,0.16772832472101162,0.0,15.094769502298522,13.405655700311684,3.3560497463260166,19.0,8.0,18.0,10.0,338.1268157603056,2225.689979036802,19.42283467597769
-10.140626848546425,10.140626848546425,377,1.8240434516992656,0.35621597449500514,0.4012658963283947,0.1546266345364157,0.0,15.008261205945853,14.101819398083782,3.3695015782604987,14.0,7.0,13.0,10.0,520.5724173978142,2299.4402126365576,16.786060882551865
-10.140959601620374,10.140959601620374,363,1.8278569334197567,0.3695159542068117,0.792435727008905,0.179205866912382,0.0,15.279347329222201,13.639728283443304,3.333305487076655,22.0,12.0,20.0,15.0,245.79359275872216,2246.2781683887633,15.107395920428196
-10.164232464205389,10.164232464205389,387,1.8242806973198666,0.3896702091096437,0.7579796934768432,0.22677039771374902,0.0,15.072941509921979,15.022827760655225,3.3447220222703233,22.0,12.0,20.0,11.0,295.529269154546,2636.5196806210565,15.712469504419316
-10.16655420475905,10.16655420475905,372,1.8215262340082576,0.337140479149836,0.5364920339141791,0.2747182467308917,0.0,15.030473241238862,13.618991077569339,3.3669564162531334,20.0,11.0,18.0,12.0,321.7014849099444,2464.673402672938,18.230459498844414
-10.167430712585311,10.167430712585311,374,1.7939174996537215,0.33442710739646586,0.49770617259926986,0.12085380884846388,0.0,15.100153170815577,12.010060101413186,3.356256651674945,18.0,10.0,17.0,12.0,359.48753680004506,2255.218639259754,31.101027676487647
-10.172306855201533,10.172306855201533,372,1.8208134491163155,0.3236969995745148,0.41508633649028315,0.15023467452730455,0.0,15.010627630806352,14.990459469039365,3.344608997371667,16.0,10.0,17.0,12.0,393.1727861020518,2441.2637513986024,24.50742534550635
-10.176256411259514,10.176256411259514,388,1.8110334829823769,0.38098297568638617,0.8547187136438287,0.19961985290124834,0.0,15.171571838762674,12.677083457886276,3.2966597043237744,24.0,12.0,22.0,12.0,225.80057411947666,2169.7472621528973,32.797382369674764
-10.177246236194152,10.177246236194152,368,1.8245657239575443,0.36703416061221417,0.5017007507651725,0.24519156421380295,0.0,15.148321297253624,15.08055145208721,3.345028951977435,18.0,8.0,16.0,12.0,356.55500449234563,2056.180868636812,22.800020937701824
-10.180054723128606,10.180054723128606,372,1.8271379207419005,0.3260142623638663,0.43364040908561713,0.1203312176049614,0.0,15.129625591506334,14.402530071150828,3.3696231951420907,17.0,10.0,17.0,12.0,376.95612982112067,2250.0110584352988,21.135090989923274
-10.183196160700343,10.183196160700343,374,1.7990014495031557,0.3314229752273884,0.6930126730162655,0.19487612048186792,0.0,15.336491636545482,14.38863460580324,3.3744197028811085,18.0,10.0,17.0,10.0,359.367213529614,2470.6734086779893,31.75501055873722
-10.183782309291482,10.183782309291482,377,1.826565164080139,0.3673783292784262,0.5663912397554786,0.16141248236224803,0.0,15.019399719677786,13.019414871696494,3.3533755955761837,15.0,8.0,16.0,12.0,461.5603987363676,2196.5889100655945,10.051096539750645
-10.189478895365077,10.189478895365077,363,1.8043438355000556,0.38850214785529846,0.4762411399543435,0.2584659698569828,0.0,15.075635091269833,14.728414865589109,3.297620830013016,22.0,10.0,21.0,13.5,273.8209519520875,2193.261543928009,7.049723407375595
-10.190973876242513,10.190973876242513,362,1.7947324604033121,0.3907935661403258,0.48140324955020297,0.2511782016810193,0.0,15.447746806224036,14.27229008334476,3.3231200167054844,22.0,10.0,20.0,13.0,268.88370467933464,2180.83759052085,20.327800082502826
-10.192197355388796,10.192197355388796,371,1.8040775744557758,0.3763977953593589,0.33629724851953763,0.16053077188113085,0.0,15.3435618989067,10.24028994989405,3.3341479033998223,20.0,11.0,17.0,12.0,317.4970648426433,2250.9096393062114,15.670833900933223
-10.192536399043435,10.192536399043435,317,1.8093235247220278,0.3462250003590398,0.5525102785765469,0.18439160302824611,0.0,15.113677865322828,13.225005970653793,3.3236788420199566,17.0,10.0,14.0,10.0,374.38622859417677,2369.460122013533,13.829129877331185
-10.195504985289336,10.195504985289336,251,1.8260926343078299,0.34437318070093637,0.5385756187402341,0.13759379546012268,0.0,15.096275246472011,13.69641592447411,3.3607136098966013,17.0,10.0,15.0,10.0,379.68898702050757,2262.9567920945306,20.581230635764793
-10.199041415282506,10.199041415282506,318,1.8080733273833032,0.3678386382476625,0.8185013694923442,0.11558258372089104,0.0,15.045308859477185,12.106539762790579,3.331637691000128,18.0,10.0,15.0,10.0,362.60572040811735,2422.411284456597,8.684889810482135
-10.202312248307823,10.202312248307823,372,1.8257215005782632,0.3676864587258324,0.7020515999596775,0.11826730234422946,0.0,15.064765761903526,14.709456734797147,3.3165164052966696,17.0,10.0,16.0,10.0,377.4223759902324,2640.4867521003152,13.392103213996979
-10.207230424310207,10.207230424310207,313,1.7821436849632475,0.3554399790906197,0.47556949981959856,0.16273603231713857,0.0,15.242319478911645,15.178428056259003,3.207327494387817,17.0,10.0,17.0,10.0,365.1721749258148,2284.542705303938,28.49087181080953
-10.208132094677746,10.208132094677746,316,1.8200763008492138,0.33914250448731004,0.41392803843106807,0.24657874203275304,0.0,15.036189840682388,11.260741250834336,3.2364102432382866,17.0,10.0,18.0,12.0,371.18056717994256,2299.8176563477346,20.08525804747069
-10.209433747613788,10.209433747613788,244,1.8179090397138635,0.3931042346354894,0.6124481580025858,0.20452360162662003,0.0,15.23811795492403,12.612988151871019,3.3454419562806574,22.0,10.0,20.0,15.0,271.30114181497373,2039.879250297849,7.373489752664032
-10.217026068503198,10.217026068503198,315,1.8208117091918887,0.3605215563772408,0.44012062309457034,0.16751379887488488,0.0,15.264571562713964,12.026878624449068,3.317426256550696,18.0,10.0,20.0,12.0,357.12100774528267,2330.4093857626754,10.750528729675079
-10.219216522203638,10.219216522203638,386,1.8115636827562556,0.37372938866495087,0.8114310010649838,0.1027696013085119,0.0,15.114674611428766,14.175342373780472,3.3480873687274,20.0,8.0,20.0,11.0,326.46641986494234,2127.03495342446,23.964458578815453
-10.219315839260892,10.219315839260892,315,1.801469369138005,0.3561097023883536,0.5574624445163991,0.15077257419378087,0.0,15.422218625374038,12.20789196524713,3.360032055860838,17.0,10.0,16.0,12.0,372.10202036624287,2289.3563160142994,24.174641937104187
-10.224397122350855,10.224397122350855,362,1.8165324489995833,0.3900117938166345,0.8250290660689635,0.2745821867021672,0.0,15.121826560915384,13.531052323308852,3.279081192918709,20.0,13.0,17.0,12.0,290.93568912510125,2665.631031645411,4.211737017003614
-10.229385636087915,10.229385636087915,363,1.8168817564411865,0.3841095671432782,0.5213781119686429,0.1526542895353565,0.0,15.0529956267638,7.518040389170932,3.3373474675113064,22.0,12.0,20.0,15.0,242.56876326331448,2314.199110897932,14.990542921460698
-10.229986383891317,10.229986383891317,371,1.7921742049339575,0.3343217677388022,0.4112419681046593,0.21730519249632377,0.0,15.029909688053829,13.703594904990336,3.365306572298249,17.0,10.0,16.0,12.0,381.25674091473326,2515.4403834131544,20.34387954680073
-10.232308143859868,10.232308143859868,387,1.7764376153517285,0.37668466441895077,0.829512707394951,0.174385828314163,0.0,15.107413202175962,13.560076964928612,3.2742595361660958,22.0,10.0,20.0,15.0,270.57631514769196,2566.847707557369,25.752531996939283
-10.235084307263195,10.235084307263195,311,1.803075452076442,0.3450600637004652,0.5619334747405501,0.14920570671087657,0.0,15.27980210014883,13.218325927199134,3.377999571707212,17.0,10.0,20.0,10.0,376.1147917106398,2364.8081658398196,21.48477474298941
-10.23524370180644,10.23524370180644,309,1.8103766743476852,0.39310518392923577,0.5001617713588831,0.1529790608115882,0.0,15.20755680618323,13.970584102687493,3.3662334375271747,20.0,10.0,21.0,13.5,280.5234781498077,2157.386562451439,25.928417696943168
-10.237025342552318,10.237025342552318,308,1.8206048370096766,0.39302916129835636,0.46985847208687925,0.2035069215406234,0.0,15.222630215893837,14.283763688600015,3.242232898291158,22.0,10.0,20.0,15.0,267.5627367843045,2418.6006753954634,16.549181855122598
-10.242800652449924,10.242800652449924,386,1.7893753726230752,0.37190991018239117,0.8351702885541064,0.1719397213204619,0.0,15.050926028723344,10.339126476313188,3.307544819553515,22.0,10.0,20.0,15.0,267.7611210825024,2063.7512026249688,31.929457028467965
-10.24725684941511,10.24725684941511,319,1.8277535564662077,0.34560581648140154,0.8645187630377961,0.08417831383862254,0.0,15.181953555307322,13.921388874576339,3.354764847803291,18.0,10.0,21.0,13.5,360.8739907468979,2326.0019954668323,14.063404876510326
-10.249034709673271,10.249034709673271,340,1.7777788216462935,0.381359550467104,0.7276007884382393,0.21005075920435523,0.0,15.26233642267649,14.43772304669118,3.366036676995816,19.0,8.0,22.0,10.0,343.7647185019977,2088.710408903694,16.284591142972545
-10.24960617034309,10.24960617034309,374,1.807138165970413,0.3228759416654069,0.44142643908569906,0.1251174272830632,0.0,15.064539601093616,14.257326561046456,3.3574734389649263,16.0,10.0,17.0,12.0,388.30085798031257,2203.596176759915,29.2944102274417
-10.253034193686595,10.253034193686595,387,1.8221823179127241,0.3416079875195319,0.6447369379921976,0.20052927666474205,0.0,15.329950531976413,12.25485693108897,3.340001466132998,24.0,12.0,22.0,13.0,232.51904896295312,2322.6752206897518,20.664336812275756
-10.259181138599455,10.259181138599455,388,1.777586196258739,0.39794054742054846,0.8225553609913391,0.1847394625553607,0.0,15.084604580111375,14.895916545303814,3.3283081746869856,24.0,12.0,25.0,12.5,233.5079512003162,2062.9116103218716,10.384296215556759
-10.259564553747724,10.259564553747724,315,1.803567693872338,0.3546016622807433,0.45582795648296165,0.0855247844982571,0.0,15.028599236042218,12.500959682406338,3.234622301964586,17.0,10.0,19.0,10.0,368.3752492264361,2209.4788019366433,9.749148283441427
-10.265221280162772,10.265221280162772,372,1.8038402094120114,0.331700165379269,0.40193530368117736,0.25258772486647096,0.0,15.362015535432999,14.599075502322624,3.3772531214770694,18.0,12.0,17.0,12.0,328.9810426678847,2421.6831608025523,23.30818025219616
-10.266360610307945,10.266360610307945,367,1.7764909108838345,0.39095478751651475,0.5890367288502436,0.18617794572960275,0.0,15.06505899815285,12.320310859350577,3.3183392956975606,20.0,10.0,21.0,12.0,287.97554767842144,2038.6332097006064,14.592858528559514
-10.268042346553624,10.268042346553624,362,1.8191695732965973,0.3938613647878208,0.47167157864288406,0.28488627611997314,0.0,15.156109321408092,14.290498938930435,3.3396723585407067,20.0,10.0,17.0,12.0,300.7585351971982,2245.2241127667307,9.138973907000317
-10.269877839964462,10.269877839964462,387,1.8132036802715747,0.3658288343386603,0.8857768725544275,0.13691104024058376,0.0,15.080958223702769,14.5654997365767,3.327143016893112,24.0,12.0,21.0,13.5,239.65476436119027,2780.9014304143693,17.553862106748987
-10.272549905469281,10.272549905469281,309,1.8083199320161583,0.3926949138791166,0.34489601542917103,0.16938982114331197,0.0,15.196393826346775,12.206955632036541,3.3320597480451295,22.0,10.0,22.0,13.0,273.83271972648504,2131.248030484493,12.423281387293446
-10.275262881906743,10.275262881906743,311,1.8226766244406456,0.3783540354883944,0.5148560730088563,0.22043460724658862,0.0,15.394751221453024,12.210760534992351,3.334753924585586,19.0,8.0,18.0,12.0,338.6193356312229,2450.879377672043,21.178537044517736
-10.275384879251195,10.275384879251195,373,1.8066020116005317,0.36604844074115833,0.38658725898239893,0.15101993454425433,0.0,15.305018572630821,14.670237711465987,3.3774689659521155,16.0,8.0,13.0,10.0,441.26642884916726,2252.534425946702,19.856176926823796
-10.277214032854872,10.277214032854872,386,1.807920242233664,0.36338937914993374,0.8419737632224474,0.15942601097653702,0.0,15.173337185114825,13.886594713881017,3.2286483291856802,25.0,12.5,20.0,15.0,217.61862062916572,2104.72596032863,17.048892450472472
-10.278355054104114,10.278355054104114,320,1.7749983922952133,0.3692278651153931,0.3878302442431243,0.10047159806070234,0.0,15.399689607095882,13.746536147336517,3.3624934469465315,17.0,10.0,16.0,12.0,373.9801619064761,2336.2883390535517,21.920583995958577
-10.279744593666784,10.279744593666784,363,1.819961074047816,0.38856177150630433,0.38526318159529493,0.23952657504826896,0.0,15.147504615208488,15.04442227353488,3.351708151016909,24.0,12.0,20.0,13.0,236.18497999195816,2202.245709525872,8.657850447873159
-10.281794525681406,10.281794525681406,315,1.8162288215886546,0.3402164776406733,0.4478661389177947,0.1502988782070628,0.0,15.487831785131302,13.19523433032962,3.258202402011321,17.0,10.0,16.0,12.0,368.88418090808256,2196.700737461395,28.731532165172027
-10.284159554412728,10.284159554412728,332,1.8034511807309888,0.37703031569718093,0.6085381767497688,0.169410074942221,0.0,15.254023241341347,14.185930066286945,3.3077739414905043,19.0,10.0,22.0,10.0,355.08527083589286,2404.003316176274,28.548671289306213
-10.28678977658451,10.28678977658451,313,1.7960667372025405,0.34935673554176394,0.5660269491075034,0.09335267284990244,0.0,15.127811617925186,12.744917704172199,3.2567045375280843,18.0,10.0,16.0,10.0,356.7164111350487,2175.806654647944,27.384887686492938
-10.291001864970053,10.291001864970053,363,1.8023325915913906,0.36403305568327077,0.3693984551309815,0.25289840690562876,0.0,15.400429054612939,14.98046166374402,3.357695297309478,20.0,11.0,17.0,10.0,321.6222724791465,2282.203455893652,25.022601710730473
-10.292176552678132,10.292176552678132,363,1.8168277780084066,0.3949906939197786,0.41027265680148517,0.24459005040720827,0.0,15.168407804715283,13.43596551424654,3.294899480479179,20.0,11.0,24.0,12.0,317.82484533575223,2356.729521952067,16.77755637431906
-10.292908727743674,10.292908727743674,374,1.8055245345681685,0.3545876119562236,0.44590089890927875,0.12214233801553197,0.0,15.006237329450123,14.218208577260475,3.318235271426743,17.0,10.0,16.0,10.0,371.0826975839725,2263.4323359832483,29.042171883380014
-10.293141816429337,10.293141816429337,372,1.812943984945596,0.34045035914554955,0.7614959417314993,0.23860223173072753,0.0,15.36016374346161,13.029328704412432,3.36780924632515,16.0,8.0,18.0,12.0,447.57906125224923,2345.769749799782,31.21944870760082
-10.29366188883383,10.29366188883383,389,1.7690206054007793,0.3932169689937491,0.8250687772588667,0.2962438744721185,0.0,15.234813084127481,12.473054078553554,3.352752564929819,19.0,10.0,20.0,13.0,348.3595333086632,2253.9655824394968,18.533383044431435
-10.295770527638561,10.295770527638561,253,1.8214479225604645,0.34175842506165266,0.42420928085967624,0.20703856149118893,0.0,15.030904676371353,13.712694133360078,3.3389096339438757,17.0,10.0,17.0,10.0,374.81332368858693,2175.0846104234743,20.643701471898474
-10.297681368727307,10.297681368727307,324,1.811359833120758,0.34668737962438495,0.6425685524165264,0.11968156074075459,0.0,15.049570352705986,11.770583345709234,3.3732807837970977,15.0,7.0,14.0,10.0,502.5361471758666,2303.454674494875,12.651062380789996
-10.297681368727307,10.297681368727307,375,1.811359833120758,0.34668737962438495,0.6425685524165264,0.11968156074075459,0.0,15.049570352705986,11.770583345709234,3.3732807837970977,15.0,7.0,14.0,10.0,502.5361471758666,2303.454674494875,12.651062380789995
-10.299033620172533,10.299033620172533,247,1.8000958890896186,0.39366833862089523,0.4637257387516169,0.09854673340635602,0.0,15.08600679639926,14.501116382507862,3.1261562166166867,22.0,10.0,20.0,15.0,269.70284223165686,2056.2851299076838,14.417483844375434
-10.299509288108986,10.299509288108986,277,1.796866300030232,0.39902862664937444,0.6491189306754895,0.1662148487876553,0.0,15.339574435547222,12.571450358154763,3.3047521501610975,22.0,10.0,24.0,12.0,267.70166726470154,2041.476670390432,22.790480160610713
-10.300576066036149,10.300576066036149,372,1.7784669252833187,0.3597544090397888,0.42519274437907195,0.09834407692518081,0.0,15.275763210766012,13.630158176016227,3.3590639911713214,19.0,10.0,17.0,10.0,350.3099653028748,2386.196904345714,25.270143781871617
-10.30558345107147,10.30558345107147,395,1.7993186100298233,0.38797886722410935,0.4586758342117202,0.21611261183918815,0.0,15.080474455315318,14.410867130986022,3.3457832017347484,21.0,13.5,19.0,10.0,268.5653849492074,2192.060595118653,21.868730821488157
-10.308010405016113,10.308010405016113,316,1.8256340744906558,0.37764174955067936,0.40692978442869654,0.14256722435942978,0.0,15.525410553228287,12.814745128940507,3.3736704437301346,18.0,10.0,17.0,12.0,360.25944338950626,2269.2975896289813,15.758495087551104
-10.30835153189008,10.30835153189008,280,1.825043727819387,0.3783791681729209,0.855194795128865,0.1786509528139564,0.0,15.375109282499144,14.13796980677682,3.286579827440699,19.0,8.0,21.0,13.5,335.47577057730285,2203.7657190810655,34.96292881871387
-10.312072820400541,10.312072820400541,371,1.8187210610295959,0.33825385662044755,0.44652018166578844,0.1203312176049614,0.0,15.129625591506334,14.402530071150828,3.2296025727899003,17.0,10.0,16.0,12.0,372.90616859214344,2268.379605521859,17.427304646831903
-10.31391332317091,10.31391332317091,367,1.7900861172514546,0.3910218001461484,0.4204737057399618,0.2876638134171065,0.0,15.105065229248327,14.126059859744856,3.325661914796166,22.0,10.0,22.0,13.0,275.18245815992327,2201.486812074052,11.181339812159266
-10.31918088838715,10.31918088838715,382,1.8190171952762608,0.3690815545144578,0.589264605254003,0.14569399652929071,0.0,15.077408473767441,13.934212334540375,3.1506504203901775,20.0,8.0,20.0,13.0,325.81176983106786,2305.3556414385976,21.060426088832482
-10.323951694452132,10.323951694452132,260,1.8170428155052871,0.36604844074115833,0.48640662428658166,0.26659154201999613,0.0,15.255958749636203,12.58587759762567,3.3637263621060702,18.0,8.0,18.0,10.0,356.63501494482324,2138.519224269952,19.856176926823796
-10.32564655846372,10.32564655846372,387,1.8256471238251548,0.3726654089172626,0.668301152378448,0.2431948931428532,0.0,15.160319213382277,14.324090261185674,3.3094165924140277,22.0,13.0,20.0,12.0,274.87234856623377,2151.815495710488,17.525701729026355
-10.326695003326266,10.326695003326266,187,1.8112495431562017,0.3555293706423368,0.5379295368293268,0.14484006957620488,0.0,15.201276611565284,12.406711720917105,3.2546116150934044,20.0,15.0,20.0,15.0,268.8011628119253,2265.8306709457097,20.821278000081776
-10.32808601237548,10.32808601237548,309,1.7656727632847138,0.3826472209567704,0.5281980994840586,0.28184230857876214,0.0,15.34274811423478,13.814086586035149,3.3687224972423495,22.0,10.0,20.0,15.0,275.36618339533254,2306.3286971864663,24.582366731827207
-10.3308068977356,10.3308068977356,259,1.7999665096930537,0.3565776814012764,0.8230124094930159,0.24944060753210023,0.0,15.029522568061358,13.739236281761368,3.3610796320660543,18.0,10.0,16.0,8.0,359.7038691749231,2240.27279649377,36.177817055051655
-10.33172229652829,10.33172229652829,329,1.8169009072854538,0.3435243827599668,0.5776533030529076,0.17063254387313842,0.0,15.0223100657943,12.373887451330043,3.3576483852332037,14.0,7.0,16.0,12.0,525.2165230778131,2435.400074521773,10.367724482560854
-10.334234696497527,10.334234696497527,362,1.8123999662086057,0.3757670501481103,0.7251648761078725,0.15055397019588826,0.0,15.292603251806018,13.269904643306209,3.317588093313634,24.0,12.0,20.0,15.0,239.29926742732692,2559.6655034542005,12.608710649618576
-10.336048044654685,10.336048044654685,366,1.808402437810582,0.3714448785946617,0.5714461704405639,0.29017659209168956,0.0,15.219939773980421,12.410634063312303,3.265818946941829,22.0,10.0,21.0,12.0,269.5268218877562,2147.0847770624846,20.425858805285323
-10.350041120091497,10.350041120091497,313,1.7835997213900452,0.3722411697365705,0.5312287086077239,0.20783456136633033,0.0,15.17217555864508,12.888309809995903,3.2668408119684607,16.0,10.0,16.0,10.0,384.83740120146257,2163.061214848664,13.539798145336604
-10.350233543444574,10.350233543444574,392,1.8159885700942928,0.3824535879763034,0.8951433330067351,0.19627135012698307,0.0,15.33426011635554,14.035961072954613,3.2885219970035617,22.0,10.0,20.0,15.0,266.6877528341569,2593.7092703925955,32.60389634150564
-10.35059253185403,10.35059253185403,304,1.8046491007214902,0.3544632667788785,0.5535884415694277,0.17599866468370948,0.0,15.071077042036052,11.485507292601628,3.347541158671275,22.0,10.0,19.0,10.0,277.53437822705985,2305.7390414838774,24.379376050332134
-10.352643664537545,10.352643664537545,200,1.814566956261213,0.33978402779349753,0.49875835664812607,0.23283052633477352,0.0,15.058383942688478,14.592144154107094,3.248290883901361,16.0,10.0,16.0,10.0,383.2969740705489,2103.1920000032846,21.469893681649634
-10.35352980442429,10.35352980442429,374,1.8027266086925655,0.3523605193656649,0.4052986469599885,0.09294349270388448,0.0,15.495364513730276,11.28723833345264,3.332424592037161,18.0,10.0,15.0,10.0,357.8930914869825,2270.798270474222,25.856940019660204
-10.355620611294444,10.355620611294444,400,1.7201652399358827,0.35250033436533124,0.5283289177268067,0.1467638164941523,0.0,15.013614520416478,11.467660512430472,3.328266994200142,21.0,13.5,17.0,10.0,269.9226332055093,2251.22647930274,31.0158924809811
-10.356572051264422,10.356572051264422,363,1.7993011345544319,0.3874579683780326,0.35530801075687424,0.2936687682895046,0.0,15.236541973360435,13.26646546402046,3.3101205207659135,22.0,10.0,22.0,13.0,274.81024832502317,2116.4531952157313,5.643688166148483
-10.356639217495001,10.356639217495001,335,1.8005257820366487,0.38476573273302855,0.8273446049912353,0.11043493787756946,0.0,15.13648161728959,11.458702700077772,3.326499227752546,19.0,8.0,22.0,10.0,330.77031799451794,2102.7571266246423,27.572050154536424
-10.358170781982068,10.358170781982068,372,1.8048546377871812,0.33069067967427845,0.4050009216258901,0.19252919484900796,0.0,15.070249830150697,12.873803243441127,3.3554482244915596,17.0,10.0,18.0,12.0,369.7490193672395,2189.528907511428,27.082392741999787
-10.361216152459154,10.361216152459154,374,1.8129402728017643,0.36671994343500697,0.6595396019891142,0.0954527566029138,0.0,15.595030413803602,10.425750116250796,3.3388428126342315,18.0,10.0,16.0,10.0,358.9569286223492,2442.685651938365,21.883584937217663
-10.361251761546445,10.361251761546445,325,1.8125254359585177,0.32723947375478346,0.6982226155578234,0.14537989015139283,0.0,15.162309234629696,11.943153653813559,3.3653489463025865,14.0,7.0,15.0,10.0,517.1505177550333,2412.7179330816157,20.115247523378837
-10.361880292194572,10.361880292194572,367,1.7931265312675624,0.3934292715379745,0.8218030348723765,0.2352590176264172,0.0,15.160384678075218,13.675367274730363,3.326718513406229,19.0,10.0,24.0,12.0,297.2199893701497,2280.759234226849,17.19162699131461
-10.363226538676612,10.363226538676612,329,1.7516127665029981,0.37160945064930084,0.7987072877057491,0.24102495446292915,0.0,15.107672608193381,14.328872478273961,3.3287105046944214,15.0,7.0,13.0,10.0,497.01468379726873,2240.1578192286006,13.639997653169864
-10.363226538676612,10.363226538676612,375,1.7516127665029981,0.37160945064930084,0.7987072877057491,0.24102495446292915,0.0,15.107672608193381,14.32887247827396,3.3287105046944214,15.0,7.0,13.0,10.0,497.01468379726873,2240.1578192286006,13.639997653169864
-10.363312537203583,10.363312537203583,385,1.7756450990642656,0.3774129190584627,0.638585085670558,0.25819018359401447,0.0,15.00062477182886,11.984977068251697,3.335520516056609,20.0,8.0,20.0,8.0,325.7665198658366,2167.7177113716766,11.154142734647252
-10.36625351884235,10.36625351884235,376,1.8238356690884359,0.33748129722097214,0.4012658963283947,0.1077956522361795,0.0,15.008261205945853,12.235118117855608,3.2846727688310993,15.0,8.0,13.0,10.0,467.5478878995394,2299.4402126365576,19.603508864854756
-10.36660331653863,10.36660331653863,366,1.79566804872086,0.3579192585481497,0.3790624890549168,0.29730770500843684,0.0,15.142971558824723,13.475703991613877,3.3729850951203098,20.0,11.0,20.0,13.0,323.3742576245858,2322.7989842927723,14.709077329578513
-10.369094256373526,10.369094256373526,337,1.8239614741738466,0.3775910389881718,0.5943478851137596,0.27002871072333773,0.0,15.106459206681123,11.654413105900423,3.3473005765958574,18.0,8.0,22.0,10.0,349.85912213604246,2352.855663165889,23.214999270529816
-10.369094256373526,10.369094256373526,382,1.8239614741738466,0.3775910389881718,0.5943478851137596,0.27002871072333773,0.0,15.106459206681123,11.654413105900423,3.347300576595858,18.0,8.0,22.0,10.0,349.85912213604246,2352.855663165889,23.214999270529816
-10.370270787195809,10.370270787195809,388,1.81443679351508,0.3467596328628173,0.7776065974734022,0.19880726062836002,0.0,15.342219331927977,13.918626816089589,3.3743051336139303,19.0,8.0,22.0,10.0,352.9251387048519,2350.6248141531137,15.394773692073366
-10.372614342307235,10.372614342307235,362,1.8110661633876488,0.38133958019340586,0.35021675171258076,0.1971779898370432,0.0,15.192622524412537,11.4053750638987,3.371128426698827,22.0,10.0,21.0,13.5,261.42422871131544,2170.3378191513384,21.349157371194075
-10.373863018541677,10.373863018541677,398,1.7932769196564244,0.3946537224732596,0.3788851956264724,0.15991731832817124,0.0,15.081281975389683,12.114766834099484,3.3689414253943064,20.0,10.0,22.0,10.0,290.6770257553154,2205.513186919445,9.131326432904023
-10.37892217309037,10.37892217309037,389,1.7794286804971025,0.38640379132100244,0.8044538710915248,0.16898421029832927,0.0,15.104540485038317,12.315353413715881,3.332664538411472,17.0,10.0,19.0,12.0,369.89850643117114,2271.0359063001524,11.885421463053426
-10.378947606311328,10.378947606311328,245,1.7573795228441298,0.3993970685235771,0.5922579700317167,0.19135726592721036,0.0,15.349633402225788,12.896964158109713,3.3490773607517332,21.0,13.5,20.0,13.0,275.84383337643817,2341.8334446999215,17.670496531617466
-10.383491575193425,10.383491575193425,320,1.81444565163984,0.35005599641303303,0.4452022088613419,0.19611689326067552,0.0,15.249624992472546,14.168044888702259,3.3427698035470033,17.0,10.0,17.0,12.0,377.5309952095953,2197.4819717422934,20.685461263512828
-10.383930439716776,10.383930439716776,366,1.8005396959290128,0.3567160216307959,0.4680378267737566,0.13876790119883298,0.0,15.28531051507315,9.948822784390094,3.3356281418349454,22.0,10.0,22.0,10.0,271.18990532524157,2165.3614208499957,26.889805296889598
-10.384831764383136,10.384831764383136,315,1.8027266086925655,0.3523605193656649,0.4136364917477312,0.12242521527029031,0.0,15.495364513730276,11.28723833345264,3.332424592037161,18.0,10.0,13.0,10.0,357.8930914869825,2270.798270474222,27.121284672738316
-10.386611779521987,10.386611779521987,310,1.826686182428939,0.38092922972186133,0.4883053925317329,0.18049009642371858,0.0,15.291565806294614,11.773856478326499,3.376186669959485,22.0,10.0,20.0,15.0,272.2900814963036,2031.445031165133,27.25156183812335
-10.390235597761867,10.390235597761867,379,1.8255351958962005,0.36657368005017366,0.6544335058015986,0.21751546274657074,0.0,15.061889846519655,9.571254036025236,3.360816487710631,14.0,7.0,15.0,10.0,523.0739757755168,2268.500857438326,13.396776732454757
-10.395112408609844,10.395112408609844,333,1.7912930821484327,0.37174709771383113,0.8425088983448763,0.24309175838325323,0.0,15.478854842738446,11.585844620093347,3.36290654980858,22.0,10.0,24.0,12.0,275.87138165083445,2476.7422502756062,18.797576282262245
-10.395334096177319,10.395334096177319,304,1.819961074047816,0.39149436284866956,0.8761938170675356,0.18524973244446286,0.0,15.624654039091073,14.894919136268186,3.351708151016909,24.0,12.0,22.0,13.0,236.18497999195816,2122.6587651647487,8.657850447873159
-10.395334096177319,10.395334096177319,361,1.819961074047816,0.39149436284866956,0.8761938170675356,0.18524973244446286,0.0,15.624654039091073,14.894919136268188,3.351708151016909,24.0,12.0,22.0,13.0,236.18497999195816,2122.6587651647487,8.657850447873159
-10.396965924441275,10.396965924441275,258,1.8126927706143,0.36671994343500697,0.6199759941275178,0.27082181492406054,0.0,15.595030413803602,10.425750116250796,3.3388428126342315,18.0,10.0,16.0,10.0,358.9569286223492,2469.436750537404,24.311153351219343
-10.39709590530563,10.39709590530563,368,1.7928144254177587,0.3737515316872353,0.49395200025143005,0.13958381842574114,0.0,15.385548637294907,15.160761484275874,3.3219204844098185,18.0,10.0,16.0,10.0,359.4715214221252,2165.7401212681243,23.456680103968154
-10.398030919545953,10.398030919545953,216,1.7318191897387072,0.3422232382739472,0.5874473419885301,0.1242327446895633,0.0,15.068035152276988,13.579488008952497,3.3682768628172477,20.0,8.0,18.0,10.0,336.7825224252947,2353.348048089628,25.154418065092212
-10.398087027165342,10.398087027165342,387,1.822593398065576,0.35399058438887254,0.7500560954925516,0.15404558714586197,0.0,15.279600641200535,11.340816386371172,3.3464256339135074,18.0,12.0,20.0,15.0,322.4628451389455,2322.39759256035,19.317902117265337
-10.398913001645303,10.398913001645303,371,1.8105419021317477,0.35120095710215044,0.5766014876735047,0.19295479767058532,0.0,15.363166574608075,12.576238288024115,3.265699895784564,18.0,10.0,15.0,10.0,358.2231298915963,2326.192896478504,20.853211798289074
-10.400423465864453,10.400423465864453,388,1.814474533294498,0.3699402968036964,0.7441841502173829,0.14801091378595158,0.0,15.338270545182864,9.342124109800073,3.335871402365596,22.0,10.0,22.0,13.0,275.57703620638074,2525.73167030525,20.160713238743107
-10.400909007650418,10.400909007650418,373,1.767358026713241,0.37058249352206407,0.3905751472532465,0.12746230184452606,0.0,15.064072663469004,12.574937174820494,3.2775666746144676,19.0,8.0,17.0,12.0,341.06905237504805,2355.5630495423043,23.124028849577204
-10.40339365369864,10.40339365369864,332,1.7707712086521448,0.3741074052000857,0.5950177435024715,0.2049777761090281,0.0,15.350935105082401,14.594048261010874,3.317131831564655,20.0,10.0,24.0,12.0,297.361624037866,2268.8948364364232,14.47099081855525
-10.403546995221879,10.403546995221879,312,1.7713987585465598,0.36491834607545565,0.5300690927156069,0.100550585845702,0.0,15.0108316139167,14.678437035602157,3.2339710721720056,16.0,10.0,14.0,10.0,385.70051373755217,2352.431004092012,13.313143761240266
-10.403603527469004,10.403603527469004,313,1.792940768333667,0.34555693689197625,0.5924079341597157,0.2645278672071942,0.0,15.104090724224783,13.527832956112963,3.3389143787475257,18.0,10.0,15.0,10.0,368.5509100707314,2304.025376165947,25.574645579403857
-10.40451324497648,10.40451324497648,376,1.8170963066080177,0.3685322346162935,0.6336811524209591,0.18079794278598427,0.0,15.037336053511916,11.659297902023157,3.319957372750725,15.0,7.0,11.0,8.5,494.66496005794056,2214.372687292618,6.095444547638596
-10.406825043862153,10.406825043862153,385,1.8096317581075723,0.39020841405973583,0.7271690457472068,0.20960791877556137,0.0,15.062758181202796,13.248965259000519,3.3199036803620903,22.0,10.0,22.0,13.0,284.8240467156113,2269.570899350579,1.766298803279355
-10.407023620746127,10.407023620746127,383,1.7974403559853913,0.37605301512008726,0.4283232638028953,0.18967280771096018,0.0,15.166431861593104,12.805802093800668,3.226403013590984,22.0,10.0,20.0,15.0,274.67160362033735,2120.3135702731706,8.471673586968201
-10.407704819457969,10.407704819457969,333,1.7991769060869354,0.39095437861752375,0.7458149821130379,0.2734861593920451,0.0,15.061582129762378,12.566645527514725,3.291620892706213,20.0,8.0,22.0,10.0,322.06914000409733,2555.649046836693,22.894437410503585
-10.409350682270633,10.409350682270633,318,1.754348340355893,0.3651805451734194,0.5651326448488381,0.14350995419879323,0.0,15.374484770745333,12.610008786884013,3.368097911537925,17.0,10.0,14.0,8.5,375.6613176682244,2522.196440569646,17.924315824189293
-10.418949522444208,10.418949522444208,365,1.826343191133108,0.3755481838313735,0.4281775486909057,0.2353664345423111,0.0,15.060572421519549,14.504741368685975,3.345127882279537,24.0,12.0,20.0,15.0,237.90848989963337,2328.212448438632,18.273202903805895
-10.421963685041998,10.421963685041998,205,1.8084439553146,0.35537861027954454,0.3849804082743836,0.11530383885949062,0.0,15.111366837312387,12.194885770897077,3.351657980680794,14.0,7.0,14.0,10.0,524.9721123907864,2394.782950462688,21.920697994849107
-10.422230087184985,10.422230087184985,324,1.8141737067261277,0.3732559637720191,0.4642538184688782,0.09326621523831129,0.0,15.032530090363577,13.762025005704192,3.3045639723327334,16.0,8.0,18.0,12.0,444.872775178072,2352.7783168891306,25.388148944855985
-10.423875270707086,10.423875270707086,363,1.8215533496593599,0.36175016681929995,0.5520674453111061,0.11532573681069253,0.0,15.43075101047849,14.584108107674336,3.3590503057646623,22.0,12.0,20.0,15.0,264.6539440469911,2390.7615581446316,15.1817233684392
-10.425870364107858,10.425870364107858,247,1.794212594731346,0.38862384769518254,0.6322761734732887,0.2599240328245249,0.0,15.063971478128286,13.148273767062047,3.3041059380238234,19.0,8.0,16.0,10.0,337.3351473128457,2261.512119267581,21.74484989364125
-10.427951946521311,10.427951946521311,388,1.814984497685038,0.38106779232339544,0.5902843485434235,0.17848984519363323,0.0,15.063440442913539,13.031270157533381,3.3499861149478654,24.0,12.0,21.0,13.5,240.08318153196103,2215.222429474434,22.15399024799214
-10.429150688834717,10.429150688834717,330,1.7775414514068986,0.3498646036066379,0.5716239903201761,0.19045557896719156,0.0,15.085402994147008,13.565070534008779,3.3234810176574783,15.0,7.0,11.0,8.5,499.82748339161435,2319.2334883654175,22.554911881113586
-10.430549516385407,10.430549516385407,366,1.7799179134113867,0.36467876152749645,0.38688926257045464,0.18471778239217077,0.0,15.050996085792155,14.851103542922827,3.345670823777364,20.0,12.0,21.0,13.0,300.09346027039817,2309.663627824147,8.674173719994789
-10.43902840220539,10.43902840220539,153,1.8233266768706773,0.39424252154240713,0.752704055737706,0.18993166984329574,0.0,15.343466640455835,12.858685217656998,3.2646594751893625,19.0,8.0,20.0,10.0,339.6511949963269,2448.6795200502547,9.860378456344916
-10.439118518841049,10.439118518841049,389,1.8211172910914102,0.3265038044012556,0.7901968767715265,0.17097030403872446,0.0,15.189617599529393,13.146724483433555,3.27818340513916,19.0,12.0,17.0,12.0,315.1085438101156,2755.959589482365,24.27875279660779
-10.440646896638057,10.440646896638057,374,1.7711827019739417,0.3692841967978433,0.4387062447041966,0.25596401395156304,0.0,15.05631424184911,11.96734270427305,3.350570833685739,18.0,10.0,19.0,10.0,364.4332970529181,2398.8534824780895,11.24181612926006
-10.444290763701037,10.444290763701037,304,1.7990653947635602,0.3988455070301751,0.6713417839607179,0.12497229315019245,0.0,15.143418339026894,14.566347188636154,3.3386271117449393,19.0,10.0,22.0,13.0,291.01070635018687,2205.2583754616535,30.919519900520335
-10.444290763701037,10.444290763701037,361,1.7990653947635602,0.3988455070301751,0.6713417839607179,0.12497229315019245,0.0,15.143418339026894,14.566347188636152,3.3386271117449393,19.0,10.0,22.0,13.0,291.01070635018687,2205.2583754616535,30.919519900520335
-10.446006317455236,10.446006317455236,333,1.7543847757541138,0.37108081479440136,0.6045940466079187,0.167321879142227,0.0,15.139019670848116,15.050110620639757,3.3277059175711496,20.0,8.0,22.0,13.0,326.23529802871946,2433.8733774032835,26.80460882021194
-10.447215251147782,10.447215251147782,372,1.8114453399721304,0.318824819854718,0.41054630434617756,0.16093476651418387,0.0,15.020143970905831,13.607902311302714,3.31947914362165,18.0,10.0,15.0,10.0,363.6436267416308,2272.6709740357423,23.940993288676125
-10.448286112219193,10.448286112219193,363,1.8091557584932954,0.3964206802252911,0.3449176852022856,0.2173781911516339,0.0,15.050105056535854,15.003115986589311,3.349464890735788,22.0,10.0,19.0,10.0,270.0059704400667,2223.1740515879524,10.49238278961165
-10.448760036353029,10.448760036353029,313,1.8199880928802012,0.3718599695883704,0.6841640303428222,0.2349448114938088,0.0,15.00204847509298,11.816897645924287,3.236882221357601,18.0,8.0,16.0,10.0,355.46854626937784,2120.7612638535916,15.609723558732806
-10.449455715499012,10.449455715499012,393,1.7991641107527503,0.3867218019577825,0.6677606342555673,0.2844666402285772,0.0,15.217351363090618,11.394367095579641,3.227861225266032,20.0,13.0,22.0,12.0,285.3778913522812,2267.1215318654495,16.61192495557738
-10.450358757933524,10.450358757933524,371,1.7739203321217527,0.3543624410437194,0.7363721775197805,0.08247427796499328,0.0,15.194275700818723,12.365002972566291,3.340828076049961,18.0,10.0,15.0,10.0,365.1635451452927,2398.4679954296535,18.833234086163895
-10.456288488075904,10.456288488075904,365,1.8284409826005892,0.3626838360597974,0.4939655103291204,0.24297272992942054,0.0,15.700043786151959,14.743402118655151,3.370860238297701,22.0,10.0,20.0,15.0,285.12882114244474,2269.027564108727,23.930059770045155
-10.456509376794791,10.456509376794791,253,1.824797036886224,0.32680459280271656,0.7786879714036805,0.22105040115842278,0.0,15.24246380714569,11.963810586907673,3.3554394566779386,16.0,10.0,16.0,12.0,399.1986876066622,2332.899742067542,18.26420469745028
-10.457707389739996,10.457707389739996,400,1.7607091115902143,0.37697261911486657,0.6879394546403121,0.17541549393940473,0.0,15.186617962870491,13.44208416478983,3.363022456147511,18.0,10.0,19.0,8.0,359.43870993304466,2337.4960751842746,34.46742651824987
-10.458158668024943,10.458158668024943,385,1.8081242229737016,0.36773178192204603,0.8101718671186724,0.18741096537817892,0.0,15.145384278169317,15.121389985500853,3.3573664332807165,24.0,12.0,20.0,15.0,246.72629596429857,2416.886524699727,5.800728123163401
-10.458211121286709,10.458211121286709,190,1.7974304575649418,0.3969600773096175,0.5496083760701357,0.1142240031570028,0.0,15.076513899567923,14.017361537923005,3.2262056628694475,19.0,12.0,18.0,12.0,307.19928559468644,2086.2197630985415,14.579993284397332
-10.458211121286709,10.458211121286709,241,1.7974304575649418,0.3969600773096176,0.5496083760701357,0.1142240031570028,0.0,15.076513899567923,14.017361537923005,3.2262056628694475,19.0,12.0,18.0,12.0,307.19928559468644,2086.2197630985415,14.579993284397332
-10.459031454675674,10.459031454675674,320,1.810070366803563,0.3766382471879398,0.46614966835194893,0.11913926276038916,0.0,15.284509149946333,14.472907062088003,3.234390671846835,19.0,10.0,17.0,10.0,353.29513862390974,2346.6166622430605,24.52553050466845
-10.459928304746896,10.459928304746896,297,1.804163711369595,0.3485101856780612,0.5342771988013665,0.26869861075004225,0.0,15.073554246318217,14.761456902573162,3.3338401367594983,21.0,13.5,18.0,12.0,274.7467359631338,2572.537020906937,12.087941841609062
-10.460811509925197,10.460811509925197,371,1.8086690685528932,0.3464876028651512,0.5136313577990497,0.18127461243281487,0.0,15.592319802598787,14.898101267439323,3.3435741216903785,18.0,10.0,16.0,12.0,363.46885584485227,2318.0684760647396,20.89856109840212
-10.46110988262953,10.46110988262953,343,1.7895664116720835,0.38324821699986533,0.7887479143676801,0.22070271030804425,0.0,15.24091902649354,13.568791051150658,3.3057752009113117,16.0,8.0,17.0,12.0,435.4493017401305,2164.1656882888037,24.45833571065553
-10.461643589137015,10.461643589137015,390,1.7938427125276326,0.3586309854597118,0.7127306210818369,0.2533407471725639,0.0,15.308588010615777,15.114324970694094,3.3413099604397125,18.0,12.0,20.0,15.0,331.50770857342627,2577.1876617374774,9.027924330896369
-10.464359113005663,10.464359113005663,369,1.8049711546909586,0.39264579202705685,0.5507949417560495,0.09527916280017919,0.0,15.7939648349897,12.769908440762086,3.3407421469178376,18.0,10.0,14.0,10.0,356.2305507847574,2344.296609167949,18.55368577885843
-10.464707907005733,10.464707907005733,302,1.7804038416038388,0.3780269520382956,0.8591327402847591,0.19714642103919738,0.0,15.05921512330854,14.91257588476611,3.260710258860757,19.0,8.0,22.0,10.0,335.7418007837182,2485.133006693941,21.99017139618158
-10.464707907005733,10.464707907005733,361,1.7804038416038388,0.3780269520382956,0.8591327402847591,0.19714642103919738,0.0,15.05921512330854,14.91257588476611,3.2607102588607573,19.0,8.0,22.0,10.0,335.7418007837182,2485.133006693941,21.99017139618158
-10.465151260997958,10.465151260997958,371,1.8101339514599852,0.36487999722131814,0.5133500926479176,0.17550670930559437,0.0,15.295181561546041,13.83179989319628,3.361420729699871,17.0,10.0,14.0,10.0,375.5115923266559,2183.702284562618,23.42114696339674
-10.46771182900669,10.46771182900669,369,1.8118459502389266,0.3403222405674411,0.4173993272074169,0.19273356334203104,0.0,15.02658397767597,14.853106566278118,3.345636992560377,18.0,8.0,16.0,12.0,370.89168252539145,2348.6819131803727,18.198914519234847
-10.467937740469406,10.467937740469406,391,1.7776941763288163,0.3854190705711765,0.8952121526772766,0.24280713431395792,0.0,15.212620275301113,13.399732983581657,3.3740497804164313,19.0,10.0,20.0,13.0,304.3548684190398,2274.8076943014776,14.085847244665874
-10.46912378916964,10.46912378916964,366,1.8032582482119683,0.3749631182291842,0.5861639660607981,0.15185511018658132,0.0,15.622833938194164,13.758034802611174,3.3448764164832347,20.0,10.0,20.0,13.0,293.4021244062038,2008.225646227965,19.332283499292956
-10.469382661201571,10.469382661201571,374,1.7887027620122122,0.3561761523761872,0.45740241677407606,0.16621030572391932,0.0,15.447744926823502,15.212101242915177,3.3089485559430534,18.0,10.0,16.0,12.0,361.7132686008213,2314.973079729793,16.66954434787599
-10.469885748661042,10.469885748661042,362,1.8240516546190626,0.38048588217225565,0.4262782558163055,0.2781766251819471,0.0,15.015187374812577,13.856507018076586,3.3151142955720276,22.0,10.0,20.0,10.0,273.21357602508283,2492.7019747647755,15.986818576804783
-10.472488981518783,10.472488981518783,332,1.8064329133740191,0.38110380737457517,0.5817256087089808,0.2935775025514294,0.0,15.718527669435998,15.23949147413293,3.325715045755488,20.0,10.0,22.0,12.0,295.39771532858526,2372.97999050736,16.634687068791273
-10.472488981518783,10.472488981518783,382,1.8064329133740191,0.38110380737457517,0.5817256087089808,0.2935775025514294,0.0,15.718527669435998,15.239491474132928,3.325715045755488,20.0,10.0,22.0,12.0,295.39771532858526,2372.97999050736,16.634687068791273
-10.473820323830317,10.473820323830317,340,1.7697138848346259,0.3978045148065106,0.4096274262102655,0.2586406473532441,0.0,15.072419123746714,14.644602204288628,3.2885818351658367,20.0,8.0,22.0,13.0,321.44603563006336,1973.9324455132391,23.70553065828226
-10.477175549548,10.477175549548,381,1.8223165312458622,0.3579762289155419,0.6968317375066955,0.12481964012803812,0.0,15.001929910561849,11.379775417834134,3.306134614797677,14.0,7.0,17.0,12.0,524.9598891940818,2215.0578529370678,10.450766247880129
-10.477193383642287,10.477193383642287,400,1.7734714027234844,0.36742447561728625,0.5228906847718828,0.15189200699806182,0.0,15.31265717798681,12.681754024089383,3.35569339218428,20.0,11.0,22.0,13.0,323.6737749326576,2380.3775385663216,28.1215053297813
-10.478257605664565,10.478257605664565,378,1.8068987002002155,0.3717966736067099,0.6479239121722699,0.20325840423060162,0.0,15.198870214040086,11.495386405256427,3.320859060231701,16.0,8.0,16.0,10.0,446.7364600854559,2277.339321218138,10.17786937922672
-10.479227747257351,10.479227747257351,328,1.7882945580586571,0.35694889857713175,0.5658885243233297,0.10214865472479985,0.0,15.088959965108575,9.477861320695727,3.3715841190965588,15.0,8.0,20.0,11.0,464.10922290830115,2240.2302196059495,12.130043895599563
-10.481956819729913,10.481956819729913,364,1.8063739787282866,0.3455748054423055,0.5517354807988745,0.21814998490268678,0.0,15.292909098094853,10.809260116652203,3.3388148056915394,22.0,10.0,21.0,12.0,285.0898738584731,2307.473974590738,11.828548575124183
-10.484245384130142,10.484245384130142,278,1.7820498137530614,0.3688724167835726,0.544862225881124,0.16904948470189202,0.0,15.028328574882662,12.866802669845345,3.312298025890213,22.0,12.0,22.0,12.0,259.7133892714388,2072.2498223517023,13.866844167960277
-10.484295823210708,10.484295823210708,389,1.778939920454226,0.3959370945150952,0.7517488252832876,0.22353425773710314,0.0,15.35915696674001,11.700188263402422,3.357379700956117,18.0,8.0,18.0,12.0,357.63305088226326,2078.47760576739,18.132921444714714
-10.484836334407015,10.484836334407015,305,1.8122114750021956,0.3906480374254492,0.6921293337850718,0.2185641767319824,0.0,15.634792816988952,12.726000635115515,3.371621043424766,20.0,11.0,20.0,15.0,276.4206545856902,2226.039645821568,13.120719965314503
-10.484990853702858,10.484990853702858,366,1.8056944200592602,0.3943803258770698,0.4158862109985554,0.2056931501589475,0.0,15.157401542013586,12.739647780289383,3.3664519854305444,22.0,10.0,20.0,15.0,279.5612704004876,2081.4802857973377,17.8562955152125
-10.486583123375322,10.486583123375322,382,1.8283083069841164,0.38066643304029457,0.6351538150141546,0.2837205508768197,0.0,15.38800646339039,14.512785754566831,3.2221367085988475,20.0,12.0,20.0,12.0,299.4194906707171,2246.6861360135936,23.543178174682584
-10.488893097097453,10.488893097097453,391,1.779566882396912,0.3798722761874556,0.8525668468442998,0.20883903488194971,0.0,15.197077300219117,13.732166712006656,3.373356123237885,17.0,10.0,17.0,10.0,379.91638487981083,2301.4608899946534,16.600932054011153
-10.489354733171076,10.489354733171076,388,1.818597866713608,0.3836196172997741,0.7401030424995301,0.2078822595737928,0.0,15.628980650886277,11.699521790739038,3.2331244203854395,25.0,12.5,22.0,13.0,218.98401247811287,2399.5813723688116,14.119502215959304
-10.490173370438297,10.490173370438297,367,1.8000765251975985,0.3577414082715772,0.533291176336135,0.18320508490292678,0.0,15.143240810528841,11.09670524881265,3.3329041366849492,22.0,13.0,22.0,12.0,239.00798356401233,2397.4184960170746,22.943617765089385
-10.492580357934028,10.492580357934028,254,1.8262574128779074,0.3581156937016905,0.41020147695495246,0.1251679298769524,0.0,15.010867960509293,13.841801208565363,3.305446966726133,16.0,10.0,19.0,10.0,391.1477226235768,2405.2260493392373,10.083528778754857
-10.492580357934028,10.492580357934028,311,1.8262574128779074,0.3581156937016905,0.41020147695495246,0.1251679298769524,0.0,15.010867960509293,13.841801208565363,3.305446966726133,16.0,10.0,19.0,10.0,391.1477226235768,2405.2260493392373,10.083528778754856
-10.49374844359275,10.49374844359275,340,1.8076390616558045,0.38561100121195885,0.7614788521440392,0.22430580334832498,0.0,15.135901416489892,11.37761201135055,3.3308673523873153,19.0,8.0,24.0,12.0,329.4874217111493,2163.515317857937,16.082915007573405
-10.497349509986538,10.497349509986538,388,1.7858257444671615,0.33484480266707867,0.6269945806096907,0.2223425689312828,0.0,15.330817609333103,12.964778668980818,3.313486852421457,17.0,10.0,20.0,15.0,375.9185477141748,2479.429845912241,22.875558488797438
-10.497554022954791,10.497554022954791,371,1.8282212907144122,0.3593025985938262,0.516052666508104,0.15955171534667184,0.0,15.197016403885081,14.262429963908238,3.3463127173795764,16.0,10.0,15.0,10.0,392.952936929659,2218.1210677785934,17.731035940000876
-10.498735923633987,10.498735923633987,385,1.823337615445832,0.38106779232339544,0.8987722264208275,0.266313614266087,0.0,15.164011546250016,13.031270157533381,3.255712793392651,22.0,12.0,21.0,13.5,235.62637672376098,2206.5640880460323,19.060375914639714
-10.49924428567699,10.49924428567699,338,1.7867037646713513,0.392740299419825,0.7134048557244064,0.20488935541657496,0.0,15.13053528963989,12.957492381811766,3.3223526490554596,19.0,10.0,21.0,12.0,359.1140741288599,2643.557666464817,24.590773995778488
-10.499387679305563,10.499387679305563,386,1.8246535866311553,0.39513275066721976,0.7256725868478799,0.2824159421694169,0.0,15.33805429818496,11.385616008230762,3.2426775562874224,22.0,12.0,21.0,13.5,240.19494669059733,2290.1966065375527,16.778004891022988
-10.49959685687856,10.49959685687856,209,1.8081299597401332,0.37415185160757447,0.501436655398398,0.12714584533222656,0.0,15.283226626670963,9.932972508897642,3.3501809892511485,17.0,8.0,17.0,8.0,424.75735401973157,2228.5603968140704,22.931553592434916
-10.500145207109298,10.500145207109298,351,1.8255647887787005,0.3608588098565921,0.5701027282583613,0.08439669399168184,0.0,15.625319335053161,13.570993855411901,3.2873033050425224,20.0,13.0,18.0,12.0,282.8702313770813,2159.013816005204,15.466578839145665
-10.500314120092117,10.500314120092117,186,1.8000765251975985,0.34113826249776824,0.533291176336135,0.1474856651577321,0.0,15.013474424844565,11.09670524881265,3.348265050498873,22.0,10.0,17.0,12.0,279.68385600889053,2397.4184960170746,30.243709173699635
-10.506584213353223,10.506584213353223,361,1.7682414994340043,0.3917539314221328,0.46088868100385594,0.12273622472833044,0.0,15.024037443805378,12.91852914847415,3.3637969405865906,20.0,11.0,21.0,12.0,276.24507919139364,1977.961875301542,14.842333247504092
-10.50797979253602,10.50797979253602,371,1.8133788380941738,0.34030755121672096,0.4506483043816036,0.126873209000877,0.0,15.432226889791156,12.827058569321471,3.368540702056112,17.0,10.0,16.0,12.0,379.0484618189852,2470.069078861765,15.33536182086857
-10.509439517683848,10.509439517683848,279,1.7998065150946043,0.38949842655143707,0.7218592927127353,0.20220187663638017,0.0,15.312559384629328,14.810880158205585,3.2911934491765784,19.0,8.0,22.0,10.0,330.93453556467676,2137.410781049054,33.96924955587404
-10.509794663762069,10.509794663762069,183,1.8233270522810396,0.352740656181447,0.6779997992686754,0.1222659852571,0.0,15.064494037667169,12.575589830321672,3.153560158539241,22.0,10.0,17.0,12.0,269.1176027427264,2253.7979060248877,33.423999235934815
-10.509821288634539,10.509821288634539,373,1.8176006063166004,0.37360010778450753,0.48622492084582336,0.09847800202935673,0.0,15.12340936714704,14.922529848167478,3.282545365724493,16.0,10.0,16.0,12.0,392.1841369737319,2275.9341172170903,13.535400320225888
-10.510965717150027,10.510965717150027,387,1.8116305391992347,0.37234630891656856,0.8335247801212943,0.24856779549438943,0.0,15.048887739452443,8.608098122267984,3.349728407132041,22.0,10.0,21.0,13.5,278.0531354238516,2253.8710470452033,22.09770661324511
-10.511903537966937,10.511903537966937,312,1.8285453097778563,0.3624139884788557,0.7802426126924036,0.09573554832017776,0.0,15.228966248245388,11.474332931341891,3.3110782480652574,18.0,8.0,15.0,10.0,418.65019656283874,2283.7684837310153,19.03543774070351
-10.511903537966937,10.511903537966937,368,1.8285453097778563,0.3624139884788557,0.7802426126924036,0.09573554832017778,0.0,15.228966248245388,11.474332931341891,3.3110782480652574,18.0,8.0,15.0,10.0,418.65019656283874,2283.7684837310153,19.03543774070351
-10.512655148366596,10.512655148366596,182,1.8005906124307771,0.34768713291523423,0.7286241626265418,0.13096460437336135,0.0,15.217291262647196,14.05200501012638,3.370530854495602,22.0,10.0,18.0,10.0,284.67481955934016,2224.9495104345797,29.47577710135546
-10.514089523758374,10.514089523758374,350,1.8101132459235967,0.3586309854597118,0.7127306210818369,0.16282201940707913,0.0,15.352114359857307,13.338612539557518,3.3413099604397125,18.0,12.0,21.0,13.5,331.50770857342627,2577.1876617374774,9.79013715160475
-10.514807295506904,10.514807295506904,383,1.803197146431064,0.3920773699459401,0.8808980015561494,0.1985737628469712,0.0,15.123983820199904,14.020671506503227,3.365092710327601,24.0,12.0,20.0,15.0,244.66950928126178,2601.4207101445986,27.60841745633561
-10.516442061235956,10.516442061235956,363,1.8164270840778372,0.38978727075865605,0.4362024305045477,0.18517224766620374,0.0,15.136605038284856,14.698072032972837,3.1214080882170006,24.0,12.0,21.0,13.5,226.85727363043782,2179.2870031929897,6.7485521957233985
-10.516490608288983,10.516490608288983,308,1.8187849047263742,0.3927808822772998,0.4294182122906117,0.29131082287851773,0.0,15.988040694245555,15.519358737184742,3.3552337894735436,22.0,10.0,21.0,13.5,275.4807479585893,2284.5693446743003,24.13640044398914
-10.516864675535516,10.516864675535516,313,1.8187774073274359,0.3946106019487283,0.6304368305243138,0.21915532060248855,0.0,15.100595814116074,10.620198476317352,3.3671565892249316,20.0,11.0,17.0,10.0,332.64335744413904,2675.5715153986316,6.5970049983090195
-10.51815432767641,10.51815432767641,306,1.8071585695498122,0.38955044992129617,0.8695647938093568,0.20243697316246476,0.0,15.067523358041878,14.502444607052066,3.3690256680766266,20.0,10.0,20.0,13.0,299.34166215529854,2309.7099994845785,25.99869903140146
-10.51815432767641,10.51815432767641,361,1.807158569549812,0.38955044992129617,0.8695647938093569,0.20243697316246476,0.0,15.067523358041878,14.502444607052066,3.3690256680766266,20.0,10.0,20.0,13.0,299.34166215529854,2309.7099994845785,25.99869903140146
-10.520044992422427,10.520044992422427,395,1.7848923857223733,0.3729756695486091,0.6688989158702612,0.24035872984717815,0.0,15.23288129736113,14.997873625656917,3.268694900435623,20.0,12.0,20.0,15.0,260.1320822956401,2271.6255681389985,18.19270447329056
-10.520206427652575,10.520206427652575,394,1.8080496469699547,0.3953899494469767,0.6415979930435195,0.18994275778201278,0.0,15.209041082581898,14.367648118471918,3.2926766552770586,16.0,8.0,15.0,10.0,433.34931702416,2117.737995227248,6.884030369001302
-10.520830342214273,10.520830342214273,254,1.772331390391868,0.36395530355657646,0.5219933157724164,0.20102000557082828,0.0,15.088430992840916,10.237072449107322,3.247502867502673,17.0,10.0,17.0,10.0,371.11946055670376,2337.2507584564732,23.644671491872188
-10.522007663266274,10.522007663266274,310,1.8041146784976192,0.3957185737247473,0.4651101063816535,0.2398212898500502,0.0,15.007787033387384,13.988029114825299,3.1214080882170006,24.0,12.0,21.0,12.0,227.0561345455588,2240.158567096276,6.7485521957233985
-10.522425988085763,10.522425988085763,388,1.8131744101147094,0.3650242211780853,0.8825975735859652,0.11961100284552914,0.0,15.459051626915054,14.596561954855384,3.3401378970926334,22.0,10.0,20.0,11.0,276.6676990541447,2608.1763978188305,15.866810932738282
-10.523392269877625,10.523392269877625,372,1.7789306794632331,0.33414189141166195,0.421939845303997,0.1357737595659824,0.0,15.027592504295523,14.696772258194171,3.3096480051185333,20.0,11.0,16.0,12.0,319.1823375756218,2351.390776346402,22.66366090560039
-10.523954560562645,10.523954560562645,315,1.8158827843997554,0.3453937530603194,0.5460256543061054,0.1108012598322334,0.0,15.359123433588568,10.209290609025295,3.3324539557145467,17.0,10.0,16.0,12.0,373.60863537563625,2188.058945195121,28.52003317704157
-10.525000858361363,10.525000858361363,394,1.7788071575107582,0.37480822491337595,0.6066803031175443,0.20691355448866905,0.0,15.236798821757795,9.47055066205465,3.376670227408213,19.0,10.0,18.0,12.0,347.02438500595895,2202.9769603647937,22.330807120476905
-10.525009473477242,10.525009473477242,301,1.8192953087984827,0.3914455335377561,0.39361438924588277,0.21721667478709508,0.0,15.161455380415388,14.391351805416877,3.353336715766959,22.0,10.0,22.0,13.0,281.505426024034,2098.907608178713,6.803766831457846
-10.526222102786171,10.526222102786171,385,1.8167493422824839,0.34132249806902454,0.639568507169755,0.24702257249048215,0.0,15.171915309371965,9.711030415089187,3.2928503556488185,25.0,12.5,20.0,15.0,235.38336746306615,2621.0469427724192,14.297539897499327
-10.526918750574907,10.526918750574907,330,1.8144537978818238,0.3580541718385623,0.739305061452503,0.1584202066738646,0.0,15.148238129696173,13.19631048143687,3.3621857374308544,14.0,7.0,13.0,10.0,529.6645546704762,2583.559838508415,9.271600547258057
-10.527331176271495,10.527331176271495,375,1.803502892025272,0.35439213050207236,0.3595560984952998,0.08059501557689762,0.0,15.059114596162459,12.510172677734865,3.356419996122069,15.0,7.0,13.0,10.0,504.14938938574096,2422.9043956171963,22.858637839631953
-10.527331176271499,10.527331176271499,330,1.803502892025272,0.35439213050207236,0.3595560984952998,0.0805950155768976,0.0,15.059114596162459,12.510172677734865,3.356419996122069,15.0,7.0,13.0,10.0,504.149389385741,2422.9043956171963,22.858637839631953
-10.527579050784485,10.527579050784485,305,1.765159005663409,0.3944796212547812,0.5875339583678163,0.08360764741573984,0.0,15.120118129418135,13.581388581787314,3.369124487872603,22.0,12.0,21.0,13.5,291.43839666972093,2516.154746087615,7.013401758379224
-10.527579050784485,10.527579050784485,361,1.765159005663409,0.3944796212547812,0.5875339583678163,0.08360764741573984,0.0,15.120118129418135,13.581388581787314,3.369124487872603,22.0,12.0,21.0,13.5,291.43839666972093,2516.154746087615,7.0134017583792225
-10.527793478655658,10.527793478655658,303,1.71315525739283,0.3808770521075282,0.5776568064881028,0.1967106823985968,0.0,15.124445170091127,11.987256874170747,3.369692688290873,22.0,10.0,21.0,13.5,273.9445095929658,2055.3568290281537,25.03735854685467
-10.532000368163821,10.532000368163821,369,1.827478413288824,0.3757697155043565,0.5247440896740954,0.10301532988562172,0.0,15.146010414812643,13.085863361419332,3.3756612377010002,18.0,8.0,14.0,8.5,352.2524481929459,2305.3496958907654,24.56191203102758
-10.532464332135278,10.532464332135278,246,1.8242707200256794,0.3964414786849285,0.7191152071425169,0.17743831075472646,0.0,15.195898799712362,9.983108990362055,3.32170232281796,22.0,10.0,20.0,15.0,268.7888839160621,1887.2832792607364,29.474761729867026
-10.53355231726889,10.53355231726889,328,1.7406120562441325,0.38119526960807715,0.7450834356949585,0.10505551863805317,0.0,15.02084295255165,13.301859073742579,3.248783126894167,16.0,7.0,14.0,10.0,475.659543408954,2265.527940953965,21.102399785543927
-10.53355231726889,10.53355231726889,375,1.7406120562441325,0.38119526960807715,0.7450834356949585,0.10505551863805318,0.0,15.02084295255165,13.301859073742579,3.248783126894167,16.0,7.0,14.0,10.0,475.659543408954,2265.527940953965,21.102399785543927
-10.533961427524996,10.533961427524996,368,1.8220208318363278,0.37732865769193386,0.4166812684263923,0.18375223404406696,0.0,15.164287788405273,10.15071472518775,3.337521406465758,16.0,10.0,14.0,10.0,392.5549338156577,2403.2870361489604,6.521611844231714
-10.535207421083152,10.535207421083152,248,1.8137225678415645,0.34675443529676253,0.6874069420139839,0.14923583061838874,0.0,15.077996374502597,8.390151215992756,3.3454255869497187,20.0,10.0,18.0,10.0,300.2689661890247,2003.5670723248086,22.786017208525415
-10.537091726248356,10.537091726248356,337,1.794369540399668,0.38788514352600334,0.7037388973258862,0.2516950686140228,0.0,15.051677064362526,7.947964129775082,3.3735977786283904,19.0,10.0,22.0,10.0,347.1260830375852,2248.479334093452,19.81780011740356
-10.537165367089251,10.537165367089251,386,1.7871232421516106,0.378139402768801,0.8170443573305555,0.28037956365592354,0.0,15.191419498817018,13.19086776411918,3.137785615529096,24.0,12.0,21.0,13.5,232.87666194371764,2322.605166128872,25.393501047514246
-10.53756427403504,10.53756427403504,309,1.8109601132215372,0.3903200852097123,0.6426188451126074,0.22999531494888903,0.0,15.105065229248327,14.126059859744856,3.2179102067567147,22.0,10.0,22.0,13.0,257.7330078366867,2201.486812074052,16.59517464034589
-10.537893633295974,10.537893633295974,313,1.824879146171261,0.36206647424509025,0.3734941988759456,0.19284669741196653,0.0,15.306001798459906,10.970889054345905,3.239036662631788,19.0,8.0,18.0,12.0,344.51484773474414,2422.928018495242,16.172265484410644
-10.53838782765876,10.53838782765876,371,1.7859363272475464,0.3598965965305134,0.40606727045066693,0.16712663251562365,0.0,15.631880049257294,11.421599615414893,3.346101237912415,17.0,10.0,16.0,12.0,373.87077456539066,2413.031098643923,29.216460142096597
-10.538941940758146,10.538941940758146,370,1.8111586044425274,0.3501496437998439,0.5077357270777674,0.20047498373073,0.0,15.467524799738094,13.909397770136703,3.281819082498733,17.0,10.0,17.0,12.0,367.4899508569424,2143.551129982583,22.89903538483726
-10.539563356752133,10.539563356752133,364,1.8059025403102198,0.38054244365148515,0.33598732241015083,0.24628734436294142,0.0,15.187033726253084,9.479327190168965,3.2540970294204996,19.0,8.0,20.0,15.0,331.62008253097395,2001.0266803121212,25.132389509898907
-10.540428935767782,10.540428935767782,379,1.8224721072111638,0.3793126545465344,0.6912311306395564,0.20397695303141938,0.0,15.355398972301735,13.860403819451422,3.3568910194496984,15.0,8.0,16.0,8.0,468.57705283412724,2412.0470776886923,0.8807229466653013
-10.54128917991017,10.54128917991017,374,1.8258830407969706,0.36789770524133986,0.5008655923202647,0.11562048974022941,0.0,15.079709921907572,14.95437812433715,3.37377025522576,16.0,10.0,16.0,12.0,397.2490568599664,2678.4110314480945,16.698920706320667
-10.542337362901268,10.542337362901268,374,1.7978522231228735,0.3465382839509024,0.36596388282575687,0.2537869600170225,0.0,15.325984323096234,12.661296894564787,3.3733228457702698,18.0,12.0,16.0,12.0,328.46892149031476,2465.604046521112,18.075140052160613
-10.544198751233605,10.544198751233605,346,1.7962739761790696,0.3919530991492285,0.7310045997008011,0.29198529974683685,0.0,15.122812947698728,9.257850314043345,3.3466527929600876,16.0,7.0,18.0,10.0,473.60089911227084,2163.8191943313172,23.922187785718187
-10.54532877139616,10.54532877139616,253,1.7574681317591012,0.3554180357376717,0.504220984144731,0.11675753231635477,0.0,15.466423000493435,14.015004956556632,3.373475349484467,17.0,10.0,16.0,8.0,377.18166225085565,2358.021461678236,19.172303476417586
-10.54542924309689,10.54542924309689,325,1.8285200004952626,0.35565086239366717,0.5081268434925443,0.11634897114558229,0.0,15.257816798003907,12.652099782871813,3.225602733409316,16.0,8.0,14.0,10.0,445.42905247358203,2320.497282097954,14.293782725654019
-10.545680059532547,10.545680059532547,315,1.8097865352989533,0.3541130897463554,0.4415486832836416,0.2135285643027832,0.0,15.31635741993911,11.573407444841196,3.3239728036665315,17.0,10.0,15.0,10.0,380.63554242763325,2280.0800824919456,20.32188445767721
-10.54568005953255,10.54568005953255,368,1.8097865352989533,0.35411308974635547,0.4415486832836416,0.2135285643027832,0.0,15.31635741993911,11.573407444841196,3.323972803666532,17.0,10.0,15.0,10.0,380.63554242763325,2280.0800824919456,20.32188445767721
-10.547504145507899,10.547504145507899,327,1.7812823493593641,0.3849833103905367,0.7105100751923286,0.11266124456205134,0.0,15.068860938226026,11.850652750856865,3.358882531869199,15.0,7.0,16.0,12.0,498.7864611027579,2177.791950427174,21.19213799605751
-10.547504145507899,10.547504145507899,375,1.7812823493593641,0.3849833103905367,0.7105100751923286,0.11266124456205136,0.0,15.068860938226026,11.850652750856865,3.358882531869199,15.0,7.0,16.0,12.0,498.7864611027579,2177.791950427174,21.19213799605751
-10.548055854559417,10.548055854559417,394,1.7871181889118064,0.38781103513286413,0.6695681867114567,0.18361372864537542,0.0,15.27138198020297,11.708236190390295,3.3656764387384754,17.0,8.0,18.0,10.0,431.7131156946772,2262.665252112507,19.254299572481383
-10.548792156752334,10.548792156752334,280,1.8090730563897048,0.39724872522155713,0.8455542202746954,0.180267061020185,0.0,15.221488517506257,10.967867925913255,3.2327758203521033,19.0,8.0,18.0,12.0,340.4077086583626,2248.0879873086383,23.59658271211311
-10.548811052065714,10.548811052065714,247,1.8062923160260063,0.3667908966797888,0.6514812226840454,0.2834246923722255,0.0,15.035764771539872,13.909728916720425,3.317336504923224,19.0,10.0,22.0,13.0,309.1306547756171,2207.8814434760334,14.689290178357727
-10.549994002542528,10.549994002542528,369,1.806248255561199,0.3584078422385911,0.42305184422111597,0.21684603560109528,0.0,15.36016374346161,13.029328704412432,3.36780924632515,16.0,8.0,17.0,12.0,447.57906125224923,2345.769749799782,11.888959676762056
-10.550845878941878,10.550845878941878,367,1.802085895739212,0.38263695834871975,0.3672572809119411,0.08725219307927914,0.0,15.758394207846065,14.03083723326197,3.2308366887804563,22.0,10.0,21.0,13.0,273.5874377068874,2198.048108916342,19.557348766243766
-10.553851443224735,10.553851443224735,315,1.8175288604375321,0.30898220813835336,0.5045378963117818,0.24040853878723628,0.0,15.044882783781672,12.496440473344942,3.3759366812969995,16.0,10.0,14.0,10.0,394.46144108607695,2244.8763154746903,19.106235343789777
-10.554655513773568,10.554655513773568,350,1.8252177879993978,0.3832333186547151,0.5346437469513018,0.231035518064247,0.0,15.741249609160167,13.257040948788516,3.2680206026290612,17.0,8.0,15.0,10.0,429.61164809544977,2243.054452071684,18.366098720231538
-10.556383685604708,10.556383685604708,367,1.7810263296854287,0.37673993438835207,0.5440892444110336,0.15623520739774663,0.0,15.090723775453302,14.378258289030885,3.358469850102942,22.0,10.0,24.0,12.0,283.0818761087877,2181.801199561582,8.401022894379736
-10.556546128272775,10.556546128272775,322,1.7993396005130595,0.366883873142265,0.37772835578032404,0.21837165109379122,0.0,15.139759967046398,11.80587350263595,3.3666000765834037,14.0,7.0,16.0,12.0,527.5614596259894,2387.938131048743,23.463651684304438
-10.557543596657773,10.557543596657773,382,1.7363125661060321,0.38963415643648713,0.5214795294119723,0.17866326665914142,0.0,15.156949979093975,14.92894257248102,3.314927335240042,22.0,10.0,24.0,12.0,275.30408195638574,2071.634101551075,14.700643826331481
-10.558827421537682,10.558827421537682,328,1.8036203116211802,0.3423035047087518,0.662459925157947,0.11883953669770916,0.0,15.043566704741004,11.704908112454504,3.1874944149541835,15.0,8.0,19.0,10.0,457.89751867265,2360.5777720462397,17.25168199172735
-10.559432639276228,10.559432639276228,350,1.7710151559949743,0.36975530699446013,0.8660399142027115,0.17208541876135044,0.0,15.0469677394567,11.647104112046277,3.3742499840497002,19.0,12.0,20.0,15.0,319.2865988395509,2447.8232987462284,26.168851126400952
-10.559681202796822,10.559681202796822,363,1.8103618604647076,0.37785090063929483,0.5908903996953244,0.2767523000465151,0.0,15.352749965103095,15.188566030048793,3.32992769701362,19.0,8.0,18.0,12.0,333.0507484341904,1939.6049623602207,18.42384345608507
-10.559828992948624,10.559828992948624,318,1.8021729758634697,0.3597917938587093,0.6593194496369938,0.1609005260644604,0.0,15.616940294997736,13.417539838060708,3.369117778337875,20.0,10.0,20.0,12.0,292.52407829957804,2075.0188410665373,30.131303544339296
-10.560298797423354,10.560298797423354,372,1.8251600347120276,0.333024325428031,0.41663123266063196,0.10299107077939237,0.0,15.84510859412578,15.023717458209639,3.344927591267658,19.0,10.0,18.0,12.0,312.16564063200013,2251.4263094626426,26.2471675584999
-10.56070251834546,10.56070251834546,386,1.8111287683629445,0.3981491743010188,0.6866717646246591,0.1572579466766512,0.0,15.079344851501713,12.794699071372815,3.3735393025972025,25.0,12.5,20.0,13.0,237.43901818044355,2713.5099112926164,24.57877704457014
-10.561304719734206,10.561304719734206,366,1.7723281494631826,0.37874152868458233,0.6141571059241501,0.27911350645584676,0.0,15.374998354891343,14.661858817586241,3.3613050916868032,22.0,10.0,24.0,12.0,269.10031906631303,2250.1810164509498,14.113696744757922
-10.56156799964779,10.56156799964779,320,1.8174611898822666,0.3347487651303582,0.4862948387750635,0.08249284629359309,0.0,15.365453901768996,13.390458793245053,3.353398781031402,17.0,10.0,15.0,10.0,379.2531027930155,2468.0202581200438,14.02638767273311
-10.56156799964779,10.56156799964779,368,1.8174611898822666,0.3347487651303582,0.4862948387750635,0.08249284629359309,0.0,15.365453901768996,13.39045879324505,3.3533987810314025,17.0,10.0,15.0,10.0,379.2531027930155,2468.0202581200438,14.02638767273311
-10.563083430676866,10.563083430676866,264,1.8192466979308966,0.3345421545281881,0.47062527318084557,0.1798651174698219,0.0,15.288352104070688,15.253711973558273,3.3009391634635503,16.0,10.0,17.0,12.0,391.9225020200226,2568.18602712329,28.69360221105289
-10.563083430676866,10.563083430676866,321,1.8192466979308966,0.3345421545281881,0.47062527318084557,0.1798651174698219,0.0,15.288352104070688,15.253711973558273,3.3009391634635508,16.0,10.0,17.0,12.0,391.9225020200226,2568.18602712329,28.69360221105289
-10.56456320546396,10.56456320546396,185,1.782741455723809,0.3520140876890817,0.6755268766032094,0.2757100449451096,0.0,15.27471239936325,13.215702470197366,3.3631352456269266,24.0,12.0,20.0,15.0,241.17834877466115,2284.771833612538,30.676738147070704
-10.56456320546396,10.56456320546396,241,1.782741455723809,0.3520140876890817,0.6755268766032094,0.2757100449451096,0.0,15.27471239936325,13.215702470197366,3.3631352456269266,24.0,12.0,20.0,15.0,241.17834877466115,2284.771833612538,30.676738147070708
-10.56793685609573,10.56793685609573,280,1.8265158825354293,0.3965564811822562,0.8202405670093624,0.20006610087807394,0.0,15.527430358167631,12.826783657691834,3.3166548853100593,19.0,10.0,24.0,12.0,345.0410018218816,2138.8106482796397,18.54760807670655
-10.568031663088046,10.568031663088046,333,1.7753032702160574,0.3831562521413877,0.7083650259943809,0.17150298004098696,0.0,15.560578289082523,14.895916545303814,3.3283081746869856,20.0,10.0,22.0,13.0,339.8342254373331,2557.5175405849905,21.85835350182609
-10.568190378837517,10.568190378837517,198,1.822064725673393,0.37985788836905865,0.5868005816775668,0.2628873532273463,0.0,15.108332193017628,14.456538290470998,3.3252932672802444,17.0,8.0,17.0,10.0,367.9690680006199,2158.516442425337,27.366073210028695
-10.568534823223219,10.568534823223219,309,1.795874439521248,0.3864487484867456,0.5055464896749409,0.21590802356362299,0.0,15.17453399258143,11.554072912190506,3.3689309732047596,22.0,13.0,20.0,15.0,277.59221386993073,2221.093693972144,37.173551398187136
-10.571071019195498,10.571071019195498,362,1.797563257648042,0.37420231467005016,0.6212837995603173,0.2010147422028874,0.0,15.55745745486496,13.291229243703125,3.3344260422423053,20.0,8.0,18.0,10.0,328.0532317707523,2061.89509771936,18.71451921977759
-10.571549582408196,10.571549582408196,316,1.8111078221258512,0.3489149543027366,0.43417034232187407,0.25069911893517816,0.0,15.089757583525525,14.74765687017297,3.338307362542945,20.0,10.0,16.0,12.0,300.0601182254769,2346.862715885548,31.317101989490432
-10.571549582408196,10.571549582408196,368,1.8111078221258512,0.3489149543027366,0.434170342321874,0.25069911893517816,0.0,15.089757583525525,14.74765687017297,3.338307362542945,20.0,10.0,16.0,12.0,300.0601182254769,2346.862715885548,31.317101989490432
-10.573815850885396,10.573815850885396,388,1.826676043892266,0.34774481104121485,0.7175362920564362,0.20040879363629585,0.0,15.317002942336199,13.198954224311883,3.0305603881098886,24.0,12.0,20.0,15.0,233.90889543744342,2381.495818056438,15.897151926970851
-10.577219149819383,10.577219149819383,347,1.8248191797542488,0.36224854987355354,0.8107026450534796,0.2563073855297971,0.0,15.383786625623804,13.97709825921132,3.3588104982982996,15.0,10.0,21.0,13.5,403.63728924996093,2355.926556685373,21.02215738581986
-10.578822795025633,10.578822795025633,375,1.7852235950448976,0.37431175464461214,0.8173049411337924,0.16856203883752366,0.0,15.408375802625793,14.4398337737277,3.3416277060068658,15.0,8.0,16.0,12.0,474.94564987849196,2490.8563647332003,18.380004299627487
-10.580091710416596,10.580091710416596,373,1.825544004454771,0.33101547045216956,0.41681789889668075,0.11284135065160182,0.0,15.391920552689545,14.1626535913284,3.3560347346877046,18.0,12.0,18.0,12.0,330.5915155575176,2427.7628360897706,19.18027559464974
-10.580106990743658,10.580106990743658,130,1.7993218739340873,0.3650916157123508,0.6442088598773356,0.09554269217421249,0.0,15.519275037994898,7.606120998812473,3.3746124039031686,24.0,12.0,19.0,12.0,233.91503651074873,2546.650606960822,27.505000661736542
-10.582764854665468,10.582764854665468,257,1.8280198631748357,0.3668777248132784,0.3610279049351436,0.2908854534524734,0.0,15.226347072996676,14.082941405537365,3.3172406000452628,16.0,8.0,17.0,10.0,452.3350621548347,2635.582746462831,8.763284835002903
-10.582909169789655,10.582909169789655,343,1.7776869607558146,0.3876401174999433,0.8007014393417727,0.15866674805010278,0.0,15.07360896912115,13.7609115033027,3.321064179390106,15.0,8.0,16.0,10.0,469.8432875711155,2311.8169368701697,14.420322729587319
-10.584655695798201,10.584655695798201,310,1.8019967220541202,0.3723415811591943,0.37823799150771975,0.2556948012361223,0.0,15.426398771673309,12.464076211204132,3.3313236640845503,22.0,10.0,22.0,13.0,285.6909284550432,2142.8172681297833,6.68142920217656
-10.584728813983252,10.584728813983252,350,1.7931497865336308,0.3611553992595995,0.7973758909007789,0.20648749056838075,0.0,15.03511417566616,12.711196450253146,3.2547411512442705,18.0,8.0,20.0,13.0,346.23893323908976,2242.001233635954,32.52998758657796
-10.58486821179238,10.58486821179238,376,1.8113497824944698,0.3839873589163842,0.3362846663498191,0.16115760529548867,0.0,15.227749082459189,13.85906689639645,3.369010623821263,15.0,8.0,13.0,10.0,470.31299669071217,2300.904625290247,9.028136097185966
-10.584888543559098,10.584888543559098,367,1.8094897045014122,0.3571681706677803,0.36846063470228063,0.2117393081088907,0.0,15.065885320038104,14.727606106040408,3.360597134950515,22.0,12.0,21.0,13.5,261.47603681552283,2265.4412326266374,8.790114379394215
-10.585038929276594,10.585038929276594,370,1.7875726861236574,0.32852658229042747,0.5340045495568703,0.12508405961581617,0.0,15.103922081019693,15.00967995997377,3.3775382394994296,17.0,8.0,14.0,8.5,430.1040901595569,2312.8145803123375,22.002010008834205
-10.586423038395314,10.586423038395314,393,1.8084691553762315,0.32803389568845776,0.7905199427565451,0.27608523645142263,0.0,15.198718264609411,14.763455402242748,3.3654270891153084,17.0,12.0,20.0,13.0,345.71339191946697,2352.79017006552,20.683842172463798
-10.589226663159208,10.589226663159208,371,1.7917112528080734,0.35490445677021404,0.4782281842216204,0.14765493544515632,0.0,15.242254408062967,12.486537642440078,3.3483593217435974,16.0,10.0,16.0,12.0,390.6183835492682,2331.1581472902885,18.061075772126657
-10.590648536446444,10.590648536446444,246,1.8231155246993396,0.3773720089481893,0.8251952779564538,0.18913614480331425,0.0,15.104910830183591,11.66050179299586,3.2628443710639212,21.0,12.0,20.0,15.0,246.3685906468785,1921.3920132022247,12.821940331872721
-10.592732777054804,10.592732777054804,320,1.8150294791322352,0.3545377735341344,0.4675566961725258,0.15765352187698128,0.0,15.485379221699201,10.575732691921099,3.3662435485760493,19.0,10.0,16.0,12.0,304.13826785725297,2044.8676835293427,20.66777302150536
-10.593280302131507,10.593280302131507,140,1.7889774030289534,0.3845124042066047,0.4259053522344902,0.2651889375896535,0.0,15.032675685836468,11.003205247248639,3.251183784497349,17.0,8.0,17.0,10.0,366.4732898640692,2204.546090141682,19.17663215287962
-10.596414453285508,10.596414453285508,337,1.826676043892266,0.3777383092847277,0.5552463874828184,0.28282154929891334,0.0,15.128497631320387,12.555262288683213,3.0637911560430258,20.0,11.0,20.0,15.0,312.38449307240336,2154.269511045968,17.596526592934353
-10.597258936243769,10.597258936243769,367,1.7545856151697818,0.37739860940317604,0.6161279242814506,0.160143118316531,0.0,15.171611441899927,14.568346137894235,3.3086358468841803,20.0,13.0,21.0,13.5,290.55021001101653,2343.9472870003465,18.946816703710265
-10.59769591175592,10.59769591175592,312,1.781806883384485,0.3817390486007789,0.5135007937331733,0.13902558188851172,0.0,15.557932978896673,13.071913297798908,3.3553978795261115,17.0,10.0,16.0,10.0,372.44426463680367,2344.9273845106104,32.07064553820145
-10.597709690282425,10.597709690282425,364,1.7969733938477543,0.3909993277204963,0.4718598516488417,0.27848901077344634,0.0,15.247871254457486,12.849686267270604,3.146780783109936,22.0,10.0,22.0,12.0,268.64762438495404,2081.2758497119016,16.72530709495808
-10.597718333514116,10.597718333514116,338,1.796464413139848,0.33578250740275245,0.5362908196901475,0.1407383687028703,0.0,15.193257250337602,15.064922962855828,3.3209004389600434,22.0,10.0,20.0,13.0,278.85156760795326,2427.967748999953,36.68381279278715
-10.600533804395662,10.600533804395662,260,1.801073494222503,0.33272631762065663,0.3717530134185473,0.09527916280017919,0.0,15.172975519010821,11.751976408440255,3.273612651550181,18.0,10.0,14.0,10.0,356.2305507847574,2193.748488864593,22.480289484062396
-10.601883430762216,10.601883430762216,391,1.7751437905103298,0.3791819848096925,0.7156962236122024,0.2671411440484506,0.0,15.824311023588262,13.286887295275015,3.336460497732313,15.0,8.0,16.0,12.0,456.60365254769505,2237.2689019641366,19.14146786209826
-10.602898029659658,10.602898029659658,383,1.799835344281056,0.3941739754526167,0.4266955666282462,0.20185364552451468,0.0,15.008334486171227,14.038842445770465,3.2964706791193312,20.0,10.0,22.0,13.0,288.7990910503896,2057.339781089456,27.789668929878637
-10.603480888861725,10.603480888861725,375,1.8164950569254197,0.35277603408280955,0.7197753738924819,0.16545839487065467,0.0,15.296810328264574,14.814004836575577,3.2977889669872944,14.0,7.0,12.0,8.0,527.418933583597,2464.885760211676,28.228596755514094
-10.603480888861728,10.603480888861728,330,1.81649505692542,0.35277603408280955,0.7197753738924819,0.16545839487065467,0.0,15.296810328264574,14.814004836575577,3.2977889669872944,14.0,7.0,12.0,8.0,527.418933583597,2464.885760211676,28.228596755514094
-10.605590121640347,10.605590121640347,258,1.7997093561752826,0.38647167842664565,0.8551451952614186,0.18609916572469834,0.0,15.241493011419978,11.059655725671623,3.3549604647587707,18.0,8.0,16.0,12.0,405.9315327033194,2148.445033229533,29.709203589840495
-10.605773474847197,10.605773474847197,244,1.7621869874266418,0.35886867092485314,0.5141524400202945,0.13254687914219082,0.0,15.028588573910621,13.49003062980913,3.3686636541168284,20.0,11.0,20.0,15.0,329.2137413529648,2329.4624900795725,12.84989440838157
-10.606877880490654,10.606877880490654,345,1.8079905306540365,0.3702279216238513,0.7223545592858732,0.14901105223419128,0.0,15.705834733008487,12.691832682301621,3.3557130257629764,15.0,10.0,20.0,13.0,400.24836894565766,2163.814700116708,16.025403973808125
-10.60758030983425,10.60758030983425,386,1.8060426963941678,0.33989287355272485,0.5934392020569191,0.13922117450762556,0.0,15.06424028938901,11.416856578533022,3.2955633975999232,22.0,12.0,22.0,13.0,262.1487599052184,2338.8273783165664,26.646422086230025
-10.609575348417131,10.609575348417131,268,1.7880649384338323,0.3595707645703948,0.3981095440836655,0.1366499496944963,0.0,15.311158049804817,12.025484374500115,3.33720195823507,14.0,7.0,13.0,8.0,527.1355207467327,2453.813642665503,21.231580690985304
-10.609634576078978,10.609634576078978,382,1.777594513285314,0.39360022125672656,0.45513792130259345,0.21423834701531197,0.0,15.43665876978817,12.041276965386654,3.370523228442111,20.0,8.0,21.0,13.0,332.4572612771562,2185.026124238589,27.107328284061694
-10.610264907897262,10.610264907897262,340,1.7417324451857168,0.37692780291242856,0.6471956852438533,0.2106280313701131,0.0,15.101874159088256,13.64696862433865,3.3540270236395013,18.0,8.0,25.0,12.5,352.2195262429238,2198.962413798992,23.045882082329364
-10.610746893537573,10.610746893537573,400,1.7801326457094349,0.3101459055730136,0.7102917698418499,0.25165007220431773,0.0,15.024030345022249,14.923590828117321,3.2219530281527833,19.0,12.0,21.0,12.0,306.6557805353656,2365.280974762542,31.514524081527128
-10.610832733916563,10.610832733916563,363,1.806339992888039,0.39835630822497936,0.4820722688917908,0.2216251599738332,0.0,15.175033334615993,13.466172907337436,3.2692688025007177,22.0,10.0,21.0,13.5,280.0461959038281,1987.4375031937132,5.994744578547506
-10.611474985146877,10.611474985146877,125,1.8077440963066764,0.35595097886571964,0.5645145081218502,0.09695577140614314,0.0,15.325919257647692,10.842289461577687,3.3691369235128925,20.0,10.0,16.0,10.0,291.39281005949687,2189.0891351760692,26.457197008585098
-10.61182516340791,10.61182516340791,400,1.8191000107824884,0.3666455348962309,0.5945558664943433,0.1714215331391332,0.0,15.393111257738415,12.464478734322544,3.3335377493364895,20.0,15.0,20.0,15.0,270.3356090150238,2466.2333689104053,17.883375585481595
-10.614003267978815,10.614003267978815,349,1.7970155296804495,0.3907682176047693,0.6736091116239097,0.29800042324063053,0.0,15.122793064952592,14.801646143706463,3.373182614347839,18.0,8.0,21.0,13.5,359.09830779475476,2421.571110386731,25.311392403930547
-10.614140223205709,10.614140223205709,324,1.8240064219407606,0.3964836990492629,0.4528711942001975,0.1272276615182581,0.0,15.023978038121724,11.607216813461203,3.374698782308362,14.0,7.0,14.0,10.0,519.2592675395844,2165.4460714522934,19.044437300705074
-10.614349470337118,10.614349470337118,399,1.8128809468005604,0.3328413804077571,0.5124833158152143,0.2580717288498373,0.0,15.072693891072422,13.214176367405248,3.3574439158144562,20.0,12.0,20.0,11.0,307.4672477435661,2484.505655406452,36.07332217883205
-10.61491220846907,10.61491220846907,344,1.7824251300168525,0.3710292986733153,0.768120358822789,0.2177060451030857,0.0,15.079305044029844,14.333922410699856,3.375690926518126,16.0,8.0,15.0,10.0,452.26391220189066,2192.918842863585,26.27024604896514
-10.615078922455421,10.615078922455421,370,1.8024509419923118,0.33093185314346746,0.5631151459264143,0.19726143612226754,0.0,15.180950483556662,10.626798344718917,3.3585203140551476,16.0,10.0,16.0,12.0,395.3949293782356,2317.2570689696367,11.637213002064053
-10.617018303289008,10.617018303289008,318,1.7212425889360887,0.36831941336396834,0.4424615930496334,0.24229243882461451,0.0,15.415186618050873,12.052924348098157,3.3773934663936247,18.0,10.0,15.0,10.0,361.1935715068641,2421.478911443071,19.68686051600332
-10.61719201431092,10.61719201431092,367,1.7728740577456652,0.3986750442388238,0.5195324019724966,0.15678481412879156,0.0,15.180194592047204,13.763726549991299,3.3069820033598676,22.0,10.0,20.0,11.0,282.2060970927374,2401.7000498849025,7.853285237510907
-10.617796827122165,10.617796827122165,216,1.8176255877233853,0.3748316681031237,0.5258512712774379,0.21824810123406013,0.0,15.094769502298522,13.405655700311684,3.248912421739731,19.0,8.0,22.0,12.0,338.1268157603056,2221.7362802893595,29.145535577957578
-10.618546716606225,10.618546716606225,368,1.7582071452333004,0.36183973238354333,0.5470094261094256,0.1271918399522205,0.0,15.206816873120605,14.321272375589686,3.273775071558771,17.0,10.0,16.0,12.0,378.2900442152619,2441.3534720269495,18.656377242357422
-10.619820674658879,10.619820674658879,387,1.7705263320518512,0.38017164450926266,0.6491169208876462,0.1211511503929975,0.0,15.064995671404054,14.855078090616495,3.3250737312078655,22.0,10.0,21.0,13.5,259.93665847807176,2073.163408149326,20.01737203671718
-10.619974201381734,10.619974201381734,382,1.7560759589812505,0.39888377606084,0.7109122689220422,0.16205110097159003,0.0,15.280524993889385,14.93924192258706,3.2850138347936024,22.0,10.0,25.0,12.5,274.8638374256095,2182.914667217139,26.44155435322694
-10.620427349154102,10.620427349154102,362,1.8199237036742497,0.3864368932876334,0.40821454032103066,0.18501996687876376,0.0,15.246085909478227,14.08905431755865,3.264418535120858,22.0,13.0,22.0,12.0,232.56449488108123,2507.5986122513755,19.365360644965193
-10.620531645544919,10.620531645544919,366,1.8217730316158494,0.3762078525569058,0.4532612320914563,0.24618238234798503,0.0,15.166423710946223,14.824810135358183,3.3023970892934904,20.0,10.0,18.0,10.0,298.57134558728256,2224.831905034293,17.403335178069707
-10.621234904619486,10.621234904619486,371,1.78320076350138,0.3465382839509024,0.49136148966755433,0.10445847373234929,0.0,15.592862903959885,12.460466663920766,3.3733228457702698,18.0,12.0,16.0,12.0,328.46892149031476,2550.028855999193,17.993340241686546
-10.622031087607702,10.622031087607702,127,1.7834015225935107,0.3392007117645257,0.5854347119927762,0.12433145083686713,0.0,15.071398813438181,14.851723293731933,3.3212314506737757,22.0,10.0,20.0,11.0,290.0151388877189,2204.503083238209,15.645570139899544
-10.622484448822787,10.622484448822787,364,1.7562378023957486,0.33717811355989885,0.5184299189631204,0.18660287093994726,0.0,15.230338312117789,13.011405770587185,3.3626677084526824,22.0,12.0,20.0,15.0,261.7087901290102,2330.659390830685,11.567354736985616
-10.622501757361185,10.622501757361185,315,1.8002223697199873,0.3496585949260568,0.6087578426758796,0.2448663969163616,0.0,15.17458972951801,14.589585498714236,3.3066382303580104,17.0,10.0,14.0,10.0,377.5259093324137,2336.0138657863154,30.112583431181335
-10.622592846560483,10.622592846560483,314,1.8280003635393962,0.3724394164405125,0.4173993272074169,0.10271802439732369,0.0,15.02658397767597,12.538497969606357,3.3702242921459895,18.0,8.0,18.0,12.0,370.89168252539145,2213.138786594517,10.57518996650149
-10.624759264953035,10.624759264953035,318,1.8211064625082216,0.36652063244047595,0.4501912625022776,0.1411675070612943,0.0,15.092024803222332,13.879457672352377,3.3757728213041815,17.0,10.0,16.0,12.0,381.60862528588603,2229.041624728196,17.887037259416168
-10.626187187517942,10.626187187517942,384,1.8146447241001247,0.3791897168568028,0.6971048771394026,0.10594749725236399,0.0,15.214310447959816,13.908166799670262,3.293642814397825,22.0,10.0,22.0,13.0,280.0193685188083,2216.16399435841,30.10569683583001
-10.62788764295555,10.62788764295555,336,1.7588003370004075,0.3917559816226438,0.7965061188576843,0.1358079683640059,0.0,15.210213674389767,13.9864684774325,3.3752766842520097,20.0,8.0,24.0,12.0,338.6239337180999,2380.152680544842,32.993792113066746
-10.628081209589698,10.628081209589698,323,1.8205014005978637,0.33977778416054893,0.4323689452800653,0.15647816107108448,0.0,15.151398557820038,13.733420338271362,3.2520228191735825,15.0,7.0,14.0,10.0,503.6705436462501,2209.8294148278096,31.615555157092725
-10.628765836986256,10.628765836986256,259,1.8064538023633545,0.3667956404872673,0.5242393255735457,0.1673690989229378,0.0,15.330280901451767,11.64612715242719,3.3404438643819883,20.0,10.0,16.0,12.0,344.8859164731498,2678.07145530413,16.944599888928057
-10.630116445986397,10.630116445986397,371,1.8189249773833114,0.3630530954360469,0.45854098596473325,0.15997631667127782,0.0,15.411637234189712,12.951834079175807,3.3051455742330944,17.0,10.0,15.0,10.0,376.97256360796496,2295.0315391921877,29.142453120249854
-10.630438707546897,10.630438707546897,305,1.8060156547294213,0.3638773603282033,0.6570221726481621,0.20164071451065807,0.0,15.214348928297301,11.080159015933768,3.350887849503848,22.0,10.0,25.0,12.5,282.05933106165014,2288.942619115153,12.742520139990532
-10.631577014874914,10.631577014874914,369,1.7911264456837885,0.3422108321153483,0.6447676557864235,0.22333536641048887,0.0,15.143219362201314,11.613880444293791,3.2915775017091393,18.0,10.0,13.0,10.0,367.3850557084891,2659.404195869735,29.5015998048684
-10.632020262022897,10.632020262022897,363,1.8053542872746091,0.3831958909353256,0.4366960638876013,0.1894827232166174,0.0,15.184576501258753,13.155778119731348,3.3364007542712644,22.0,12.0,20.0,13.0,291.6882235914761,2197.13461155437,14.395181539236603
-10.63292166802368,10.63292166802368,385,1.804901469918931,0.36818861091422594,0.5180180436665482,0.2631736260250701,0.0,15.271023250364209,14.175342373780472,3.3604257150173154,21.0,13.5,20.0,15.0,240.10520684773635,2127.03495342446,12.805368332042777
-10.63347689991321,10.63347689991321,395,1.8116430072618703,0.36761445283458205,0.61507664207611,0.266817879816242,0.0,15.34266427880975,15.240162950863866,3.310202489901693,21.0,13.5,22.0,12.0,282.4151792485878,2312.4396058986763,10.116194857562302
-10.633999869294549,10.633999869294549,280,1.7997647078617531,0.39533754632628193,0.8754994935033158,0.23214636082245887,0.0,15.139528079997026,9.39812221814752,3.3321774761387983,19.0,8.0,20.0,15.0,343.5278790041754,2428.392156150477,29.08527896478538
-10.63591306381446,10.63591306381446,306,1.8261649937551192,0.369350422709024,0.6432659289458328,0.18662253611148522,0.0,15.199772904116116,8.535702465197424,3.3136573096584536,22.0,10.0,19.0,12.0,276.9466554143046,2149.6160559058817,18.793599868389364
-10.636874300183507,10.636874300183507,324,1.822406752237457,0.35968303676251645,0.40117737586070523,0.1686046238938731,0.0,15.409526845721022,12.988147484683628,3.3239398384680636,14.0,7.0,14.0,8.5,514.27688321035,2163.0821563495874,16.71384221727813
-10.637280260125843,10.637280260125843,395,1.8121605355610537,0.3829261202819158,0.767543709116175,0.23056222219453418,0.0,15.048436847175905,13.503458053568588,3.352501646818893,22.0,13.0,20.0,15.0,242.90360071173055,2581.618135843814,10.034883494413409
-10.637522239321655,10.637522239321655,313,1.804367860830734,0.35205218793081683,0.45049856175927927,0.19103461994140733,0.0,15.206372197418888,10.844061081104655,3.338883087751883,18.0,10.0,20.0,10.0,368.73881366258644,2340.930943090334,17.50036409366073
-10.637765718293824,10.637765718293824,372,1.7995667550910561,0.33454050740898456,0.4309444417450368,0.1823394961619272,0.0,15.077246303266824,13.24381719852057,3.2764716549468345,18.0,10.0,16.0,12.0,362.8401204085317,2270.1292008820774,17.11318997980543
-10.637922668712289,10.637922668712289,386,1.7991621710639991,0.3784743169957169,0.7405644891018308,0.21269281899195308,0.0,15.080958223702769,11.580137058439895,3.327143016893112,21.0,12.0,21.0,13.5,251.3722821566843,2634.6905652878986,17.553862106748987
-10.63883000582571,10.63883000582571,320,1.8276993828595303,0.35165905256784,0.3310422137963344,0.12192064653322966,0.0,15.491200296924863,12.7831167044756,3.259514872551745,16.0,10.0,18.0,12.0,383.37792444907683,2106.0004946283225,21.947906743478672
-10.639650499937844,10.639650499937844,379,1.7944166441202496,0.34597962823100714,0.43942182508900607,0.23309037911773045,0.0,15.135918630458107,12.202764436317148,3.2813185875699546,15.0,8.0,14.0,8.5,465.1180289898107,2169.6824710999845,20.646959228291408
-10.639675669310499,10.639675669310499,232,1.7706430081454732,0.3476113866062468,0.5453872328895513,0.273267419107706,0.0,15.092463619952879,14.324368260029342,3.2636919805970113,19.0,12.0,24.0,12.0,312.4802443829361,2633.1216826565005,22.509022170596012
-10.64003805133977,10.64003805133977,153,1.8161273775511246,0.39590068605471795,0.8739455726692867,0.25819018359401447,0.0,15.756413824199477,9.265212958889093,3.335520516056609,20.0,8.0,20.0,8.0,325.7665198658366,2167.7177113716766,22.297889684554725
-10.64003805133977,10.64003805133977,211,1.8161273775511246,0.39590068605471795,0.8739455726692869,0.25819018359401447,0.0,15.756413824199477,9.265212958889093,3.335520516056609,20.0,8.0,20.0,8.0,325.7665198658366,2167.7177113716766,22.297889684554725
-10.6421398742987,10.6421398742987,337,1.808360343360037,0.3380493317002879,0.7561538939272917,0.21223617092473956,0.0,15.062292848798908,12.798492371825066,3.362325222450236,19.0,10.0,22.0,13.0,355.94969291413776,2431.115525710424,36.56976329135648
-10.642271218561,10.642271218561,358,1.7280330361994036,0.3666455348962309,0.6203477261441692,0.2650822115550001,0.0,15.006844518151206,12.464478734322544,3.336150773842703,20.0,15.0,20.0,15.0,270.3356090150238,2466.2333689104053,10.613760310652227
-10.642271218561,10.642271218561,395,1.7280330361994036,0.3666455348962309,0.6203477261441692,0.2650822115550001,0.0,15.006844518151206,12.464478734322544,3.336150773842703,20.0,15.0,20.0,15.0,270.3356090150238,2466.2333689104053,10.613760310652225
-10.645760535671922,10.645760535671922,363,1.7722905463833802,0.39884278983070703,0.3630205846817111,0.22809090471763693,0.0,15.21965977635836,11.46511205856656,3.3432857033609515,25.0,12.5,20.0,15.0,231.62231467815897,2469.472432490052,8.499760566033185
-10.64881995668034,10.64881995668034,374,1.8147094054192063,0.3628356464332774,0.41476214362846187,0.29905605176879374,0.0,15.217115297455862,9.060490856791752,3.3489607773456456,17.0,10.0,17.0,12.0,379.0201259741915,2391.7408385396,27.444137527953746
-10.649224092465305,10.649224092465305,372,1.7695587938904804,0.3376508637581227,0.58622408927771,0.1381445820579086,0.0,15.078968271076738,11.984348509019693,3.3514933939245415,18.0,10.0,18.0,10.0,358.42199920652877,2344.749466275959,9.669344814695952
-10.649330766688038,10.649330766688038,354,1.7990873619532102,0.3290162725953897,0.5341279549263265,0.18256509779978145,0.0,15.154138229480079,13.872001277815382,3.375988380021699,20.0,12.0,22.0,12.0,271.3526132843385,2488.550509701564,18.108261577360228
-10.64949210101307,10.64949210101307,318,1.7470532645481562,0.3540967967251011,0.3563666371341857,0.20170047463336122,0.0,15.343926683640156,12.016599898010053,3.3634132591383294,17.0,10.0,15.0,10.0,381.24963430088616,2330.6506771984364,25.431768845869428
-10.649551797604326,10.649551797604326,387,1.8057200666963613,0.37921835778535967,0.40483554979934433,0.20005721959267506,0.0,15.624136088912223,13.282273077146824,3.301765371142233,22.0,10.0,20.0,15.0,279.2198844421174,2238.074271409579,26.77486907259638
-10.64975643010266,10.64975643010266,347,1.7931851364638205,0.35220994415804896,0.44593437297560945,0.1687422419101604,0.0,15.120285699583773,12.413769399398872,3.3570515451779714,20.0,10.0,16.0,10.0,336.6961273827792,2203.8007448402664,24.28073382001085
-10.649811641584998,10.649811641584998,374,1.8210442238911773,0.3322603124921559,0.5669695858653335,0.08388533085376791,0.0,15.508675771254186,13.419232710495887,3.2876311416595123,16.0,10.0,16.0,10.0,394.24972528516804,2476.2448182366393,21.696793696882885
-10.650119927188308,10.650119927188308,216,1.8131777450629807,0.34122520722326033,0.8089700557807582,0.13632392822081474,0.0,15.468594519493207,11.89710491794326,3.337430914567838,20.0,8.0,21.0,12.0,343.2314543586268,2259.765279555392,32.256399789969635
-10.65270035363088,10.65270035363088,130,1.7970699438649755,0.3671095691293819,0.6851442867507677,0.14531653153655424,0.0,15.123006695353364,10.886415843264542,3.3308736715921503,20.0,8.0,17.0,10.0,344.31828482805713,2721.640348649884,23.423535358398944
-10.652717932596865,10.652717932596865,313,1.8141698126618349,0.3819658696048056,0.5191762602398017,0.15781232626657762,0.0,15.204988477549243,11.560546236786852,3.3553469776009113,20.0,10.0,17.0,10.0,305.64142134719566,2686.9653800990654,12.31810522099348
-10.653267805819148,10.653267805819148,393,1.8261883199055116,0.38035604083318886,0.5799283642696434,0.08237400487528959,0.0,15.355271740141927,13.692623551037808,3.34782014063219,16.0,10.0,17.0,8.0,391.79160760445745,2379.1343170315035,19.505334681185474
-10.653945428018247,10.653945428018247,258,1.7966478974810722,0.35487377624424354,0.7344909854797667,0.19774734408534264,0.0,15.249804264036156,12.480856904079417,3.360062352321494,17.0,10.0,16.0,10.0,390.1904870728834,2526.8402284074027,11.878238719996762
-10.65572412321836,10.65572412321836,354,1.7751897010589561,0.3682949656690065,0.6540479794781694,0.23463330959698703,0.0,15.376744530700789,14.824173300799387,3.3015804934181405,20.0,13.0,20.0,15.0,295.6801386187654,2533.9019881656477,16.44605491243381
-10.65572412321836,10.65572412321836,395,1.7751897010589561,0.36829496566900655,0.6540479794781694,0.23463330959698703,0.0,15.376744530700789,14.824173300799387,3.3015804934181405,20.0,13.0,20.0,15.0,295.6801386187654,2533.9019881656477,16.44605491243381
-10.656296365184657,10.656296365184657,369,1.8268394133706802,0.37468928528758566,0.6337357249016285,0.17249521573739884,0.0,15.156106357480743,10.223581270805132,3.3561586418962355,17.0,10.0,15.0,10.0,383.51709471570024,2591.1643944079797,5.38854921305335
-10.656430909016676,10.656430909016676,309,1.7766628537982334,0.3949758218238043,0.3812619980586507,0.18660287093994726,0.0,15.364979421623863,13.011405770587185,3.3239009184117574,22.0,12.0,20.0,15.0,243.6394647851534,2311.791723597834,11.567354736985616
-10.657556368002293,10.657556368002293,363,1.7815687976115784,0.3912274761202285,0.5034133247630275,0.19729158416079876,0.0,15.151272275601556,13.424303049492362,3.3298921015661325,24.0,12.0,18.0,12.0,236.26308458011226,2215.4264061244576,8.143715729753705
-10.657644515723884,10.657644515723884,268,1.8096883588617922,0.367156584533775,0.5254895243333968,0.1569181389239313,0.0,15.062430523216078,13.714183045216789,3.1899557099035443,16.0,7.0,15.0,10.0,474.3585882141696,2126.0397682017347,23.877752855650385
-10.658521396190006,10.658521396190006,259,1.7961079182846702,0.34560581648140154,0.8645187630377961,0.15452672013900415,0.0,15.286773122446009,13.463776467123392,3.3703463780447476,18.0,12.0,18.0,10.0,333.72272841717245,2617.4547257278655,22.325642056710954
-10.658781217434989,10.658781217434989,345,1.8075788285771723,0.35505156764092305,0.7002724946802643,0.1907188827701724,0.0,15.059144866470545,14.578833496398216,3.1499219873513997,16.0,8.0,17.0,12.0,441.0838439147017,2183.0064313103144,18.79451794152281
-10.659288901105903,10.659288901105903,324,1.8142770593812192,0.35592732610797645,0.4082535269340698,0.15947196957495244,0.0,15.049761480238521,13.883926256234007,3.302068106103851,14.0,7.0,11.0,8.0,530.1066203549505,2422.315429129963,10.754411953876453
-10.660106793574176,10.660106793574176,325,1.8215664957058997,0.3467566056422946,0.523230363713805,0.11907900917740709,0.0,15.017361753402945,10.057802954143098,3.369664691887096,14.0,7.0,16.0,12.0,535.0951559633063,2393.9964231273307,10.482006726042648
-10.663576309072893,10.663576309072893,247,1.812197291744344,0.3795585934639468,0.7549213396084808,0.17609576446146633,0.0,15.32327444322132,11.85972623661121,3.350262963472548,22.0,10.0,21.0,12.0,281.09531293766565,2211.387453157587,28.741128062190697
-10.663596018760447,10.663596018760447,311,1.7933181100421758,0.3861157983256823,0.4263346655434695,0.2550491610027864,0.0,15.297689164066838,13.586339585051494,3.3277028718144273,18.0,10.0,15.0,10.0,371.71896470423815,2622.6403109352027,12.423306890083307
-10.664170463898868,10.664170463898868,319,1.7922489292902497,0.3673177806871845,0.5805587351858306,0.29644619501692515,0.0,15.504814031064058,14.944597176424253,3.346259752562621,18.0,12.0,17.0,12.0,329.2739067709042,2634.2913778980765,16.169310357123614
-10.664509626658571,10.664509626658571,393,1.8074738765158438,0.38361587046552803,0.8203088472813025,0.2637784271367168,0.0,15.106220523846524,12.458490921506987,3.343338658525071,20.0,10.0,20.0,15.0,299.01771162014717,2425.250092575862,26.29793079588724
-10.666044025936804,10.666044025936804,349,1.8121952187574344,0.38483402966798946,0.838018537316145,0.2529119842425685,0.0,15.487717326311884,12.506355701260809,3.3652875698578493,18.0,8.0,20.0,13.0,352.4666907084324,2339.628221603621,11.2969326570719
-10.666272210690838,10.666272210690838,348,1.7803208619383586,0.3848575790788293,0.7047472469243516,0.20691355448866905,0.0,15.236798821757795,12.646103952550373,3.305377971329245,16.0,8.0,17.0,10.0,439.11361910040154,2175.0529369338806,7.238233100169937
-10.666626046624629,10.666626046624629,259,1.8274213292061592,0.3368904923468209,0.6608023828833549,0.127074940082093,0.0,15.093527934551602,8.306201733160982,3.3274857377109655,19.0,8.0,15.0,10.0,348.6126086345107,2225.904750385378,6.835501657751092
-10.666740642873787,10.666740642873787,315,1.8148565847091775,0.36742616582363946,0.5209120415951823,0.22414498470126243,0.0,15.205563356314906,13.963760692639456,3.3706843165532625,16.0,10.0,16.0,10.0,403.12581793234267,2507.8188460136507,19.2111004106804
-10.667750635580907,10.667750635580907,346,1.8084691553762318,0.38158612724224517,0.7905199427565451,0.20380310469881613,0.0,15.198718264609411,14.763455402242748,3.292471201086504,17.0,8.0,21.0,13.5,365.67625950755576,2314.8671931325293,20.683842172463798
-10.667750635580907,10.667750635580907,389,1.8084691553762315,0.38158612724224517,0.7905199427565451,0.20380310469881613,0.0,15.198718264609411,14.763455402242748,3.292471201086504,17.0,8.0,21.0,13.5,365.67625950755576,2314.8671931325293,20.683842172463798
-10.66808747611255,10.66808747611255,249,1.8003857203553761,0.38294563093843326,0.4878989371679418,0.21235727059192183,0.0,15.094126774712972,12.452862973794671,3.184781576454352,22.0,10.0,25.0,12.5,266.7045233233339,1920.1572263349228,20.507094295238435
-10.668209818073333,10.668209818073333,382,1.8022807869434634,0.3926600160038112,0.35919729962072916,0.2461568119801,0.0,15.091745762518853,14.057587715212422,3.330850374699206,22.0,10.0,21.0,13.5,290.62427386424366,2477.213669178233,24.338482214221706
-10.668265824485298,10.668265824485298,314,1.8087820806218697,0.36088310431474296,0.5630608812554174,0.2528753946908509,0.0,15.113601377800741,12.714165471126613,3.374277838252997,17.0,8.0,16.0,8.0,379.5465338927868,2180.5636641498536,18.449432543366107
-10.668571113079551,10.668571113079551,301,1.7924914445583473,0.3700363090734824,0.668274445445886,0.2505174414647221,0.0,15.453882754607509,12.993516931298828,3.349163295486652,20.0,11.0,20.0,15.0,278.8876727477159,2293.178206537206,12.996888229402861
-10.66883589795321,10.66883589795321,312,1.8201537049075722,0.37050487167065577,0.4478661389177947,0.16980531903794469,0.0,15.487831785131302,13.180099896174477,3.3173468654511264,16.0,8.0,15.0,10.0,449.9632852637492,2466.4904938621903,15.795682041139393
-10.669067831370816,10.669067831370816,243,1.7621869874266418,0.3569162893493223,0.7505355805215543,0.22112252997578857,0.0,15.028588573910621,13.53256191996414,3.3686636541168284,20.0,11.0,20.0,15.0,329.2137413529648,2329.4624900795725,11.59180220374521
-10.669252999498996,10.669252999498996,328,1.7904590259580955,0.3580143463318266,0.3389802682884981,0.15715147571935723,0.0,15.13321049944417,8.996508264197427,3.345190306076613,14.0,7.0,16.0,12.0,527.6950472733099,2328.704664473125,13.669603095225733
-10.669317402263012,10.669317402263012,348,1.802935990253922,0.38088877349135375,0.8541458215373392,0.2401598574635317,0.0,15.10574561279348,11.962388711118026,3.367668401034786,17.0,8.0,22.0,13.0,371.7153762380123,2102.1630527249113,23.902791937279048
-10.671020811470296,10.671020811470296,386,1.8272779429174046,0.37309579254804015,0.3356023561467786,0.19742558089835974,0.0,15.115786888585149,14.540255883971588,3.3599014107217977,19.0,10.0,22.0,13.0,360.57479219015556,2638.573189101262,6.094351695317858
-10.671930287277553,10.671930287277553,332,1.8095001168820173,0.36841948614444964,0.8278092793818106,0.14088252016245476,0.0,15.292390240650978,14.056599274041636,3.301136571827205,19.0,8.0,21.0,13.0,346.02209638699566,2739.724748929403,31.036958766940298
-10.67222654873083,10.67222654873083,378,1.8120639814082535,0.35074145360165465,0.5424731270985046,0.23036487589908292,0.0,15.408324868220701,11.987484417139052,3.3208900467959417,14.0,7.0,13.0,10.0,526.7918137210943,2471.2726836655747,26.36943415869696
-10.673304592380855,10.673304592380855,324,1.7928323407334732,0.35828086759315797,0.4860798616952209,0.11179239030972075,0.0,15.056680932173581,14.216333010558628,3.369331974366259,14.0,7.0,13.0,10.0,533.5199651925735,2466.6966296942346,26.881431812754638
-10.673314630216444,10.673314630216444,362,1.8259351531257195,0.3990284731591619,0.7655910101977631,0.24090035513129668,0.0,15.342469133933266,13.7031640251872,3.3043258889019276,20.0,8.0,22.0,10.0,340.7919857616663,2416.6034004574726,18.07636898668103
-10.67359241500703,10.67359241500703,311,1.796757359080381,0.39803887750518313,0.5036370050464246,0.22403846277486517,0.0,15.480544099727467,12.081803032152123,3.3735578978027565,19.0,10.0,13.0,10.0,358.19678773927103,2375.1910860368907,8.883636848727717
-10.67359241500703,10.67359241500703,368,1.796757359080381,0.3980388775051832,0.5036370050464246,0.22403846277486517,0.0,15.480544099727467,12.081803032152123,3.3735578978027565,19.0,10.0,13.0,10.0,358.19678773927103,2375.1910860368907,8.883636848727717
-10.673715053738466,10.673715053738466,253,1.8021806515648524,0.3387221060029172,0.5115235402220949,0.2633972350184129,0.0,15.03108104817548,8.727747882508973,3.230810238404054,16.0,10.0,16.0,12.0,390.59162731094153,2204.527910623856,19.32771330084827
-10.674212258471503,10.674212258471503,383,1.8127153101994584,0.37278226351671145,0.39389716457821217,0.26548956246393196,0.0,15.272600269868516,10.026933703378862,3.360562537004159,18.0,8.0,20.0,11.0,361.06234908261166,2373.9537422563512,8.83736175659784
-10.674270365630463,10.674270365630463,380,1.814930686464568,0.3374072161972389,0.6082222299394109,0.17667507454173137,0.0,15.244507217149252,13.441341937500992,3.3683589273874857,13.0,6.5,13.0,8.0,565.0565738624382,2199.8874645672836,20.384721992151444
-10.67461166454736,10.67461166454736,315,1.775413963599959,0.3445203511351549,0.3954466490288612,0.10297544033228048,0.0,15.197941172394936,10.973992261846234,3.294766470703855,16.0,10.0,15.0,10.0,389.47621350040157,2238.825768385742,25.3892503965901
-10.675036040632936,10.675036040632936,393,1.772223030301905,0.3855464305810162,0.6694648883853733,0.20512571791667433,0.0,15.364177306203846,12.81323757663318,3.373961993090283,20.0,10.0,17.0,12.0,301.0832834737375,2071.118322311501,15.596743998626948
-10.675262129345194,10.675262129345194,369,1.8201453330836206,0.3697117252070834,0.4665797000856293,0.1619702338170843,0.0,15.068962254676268,14.193374592673491,3.302386704637817,19.0,10.0,16.0,10.0,359.132408373566,2274.742893782471,24.762255314973007
-10.675370944665133,10.675370944665133,248,1.816016590562381,0.33507845888012117,0.8004617852096605,0.2460698197572884,0.0,15.343674043257748,11.733661375952373,3.337741756966217,24.0,12.0,21.0,13.0,244.40420853113545,2340.758440395617,19.567992855744286
-10.675996220778945,10.675996220778945,368,1.8217655443012708,0.3603245229651479,0.3857863627286953,0.20823970599040073,0.0,15.279363672396162,9.49700322981015,3.3590504019315373,18.0,10.0,16.0,10.0,358.5212879832272,2158.1947147383503,18.678416439168082
-10.676266270854555,10.676266270854555,303,1.784604069176357,0.3766684576909476,0.7668540018313255,0.1472422252899804,0.0,15.171192756771255,8.738413205814217,3.328628894076045,22.0,10.0,20.0,10.0,264.22568279220184,2176.2213913751766,38.88392196641859
-10.676280454406339,10.676280454406339,366,1.7918247062572763,0.3919512602452476,0.47515856808393075,0.28409279907909124,0.0,15.035921882152383,13.753185793602844,3.378213672557333,22.0,12.0,20.0,13.0,258.2362600312525,2537.615546413682,15.426451212056225
-10.677339804762122,10.677339804762122,340,1.7950967241610956,0.3650242211780853,0.8825975735859652,0.1863664531512462,0.0,15.556411089197638,14.264502809906071,3.3401378970926334,22.0,10.0,20.0,11.0,282.98186531458987,2257.1095951221637,15.866810932738282
-10.677647979383394,10.677647979383394,337,1.7535568508647075,0.38010297899401946,0.5990387758323844,0.1516125534053057,0.0,15.05218884472945,14.948376091351932,3.368983239654714,19.0,8.0,22.0,12.0,334.46558603233456,2428.1427964016984,29.25251845193236
-10.67828085641146,10.67828085641146,371,1.8135820513037777,0.3576863101210675,0.4338151541009461,0.20743583149753828,0.0,15.26148066420894,11.371833563383062,3.3536785006761614,17.0,10.0,16.0,10.0,385.7132435048294,2712.3747708363762,13.052650890526103
-10.679166916387365,10.679166916387365,370,1.7848532241926143,0.3376832163801818,0.38996076753913633,0.21262084632303344,0.0,15.527796877986853,14.482987132486517,3.2243751969356476,17.0,10.0,19.0,10.0,365.93961398475244,2367.3150193552874,23.39926832991594
-10.679490166416265,10.679490166416265,369,1.8135110324009007,0.3830864909201461,0.33114254363389617,0.267690004102,0.0,15.237924307133856,13.217740433131675,3.324675109004438,14.0,7.0,14.0,8.5,522.2704444820085,2234.0709535652522,18.455819755946386
-10.679494638179708,10.679494638179708,330,1.8175819547900864,0.334260946382846,0.5165320411438358,0.1886673784410556,0.0,15.036272768799538,13.043618083178085,3.375300935127239,14.0,7.0,16.0,10.0,540.8595838985144,2232.4808311141546,19.2695159113529
-10.681200638815387,10.681200638815387,383,1.7794898150399598,0.3930430839461566,0.45960602128818034,0.19192137055191286,0.0,15.466493315632498,10.76309448917415,3.269033448023384,20.0,10.0,20.0,13.0,286.71716557910906,2070.677455007803,22.672022004246628
-10.681518667937185,10.681518667937185,366,1.7899092105030971,0.37081663293014333,0.4122127742752785,0.1377489173361064,0.0,15.825173625283563,13.922735737470987,3.3393900270851278,20.0,11.0,20.0,11.0,320.57987324617227,2405.972787909276,28.038731613457244
-10.68246455974124,10.68246455974124,350,1.8170986269817793,0.38908183412088854,0.7456357167569703,0.23521228019398563,0.0,15.380845285430453,12.350587785907988,3.369780809017005,18.0,12.0,20.0,13.0,326.1556083935504,2320.4638586869464,9.965427738461514
-10.68246455974124,10.68246455974124,389,1.8170986269817793,0.38908183412088854,0.7456357167569703,0.2352122801939856,0.0,15.380845285430453,12.350587785907988,3.369780809017005,18.0,12.0,20.0,13.0,326.1556083935504,2320.4638586869464,9.965427738461514
-10.682829868495133,10.682829868495133,153,1.7767902019175423,0.3963422474777849,0.8556666062173842,0.19142634704525777,0.0,15.593714185040351,9.17495878994624,3.304280870985739,20.0,8.0,25.0,12.5,319.8179388827706,2107.408216343974,27.831718608647854
-10.683140409704151,10.683140409704151,397,1.7659351853661889,0.3717614776042798,0.5355254152737823,0.2608577869110433,0.0,15.064404114513748,14.750470049743715,3.3308285639499644,20.0,13.0,19.0,10.0,290.7508103606773,2697.270293708909,28.07665476243059
-10.684222922972644,10.684222922972644,379,1.807931538095862,0.366947430233725,0.4816050788596111,0.19629930117928737,0.0,15.108824309411178,10.593036284712042,3.326144744700139,16.0,8.0,16.0,12.0,447.1275764182153,2226.2793785989616,15.115927853642788
-10.684375750518981,10.684375750518981,244,1.765708943510162,0.3438328567899627,0.5918821866437214,0.15310405925019466,0.0,15.336268337897739,14.256170943878248,3.3398610333372454,22.0,12.0,20.0,15.0,266.09388243216677,2340.2220344758184,9.940785379137472
-10.684375750518981,10.684375750518981,301,1.765708943510162,0.3438328567899628,0.5918821866437214,0.15310405925019466,0.0,15.336268337897739,14.256170943878248,3.339861033337246,22.0,12.0,20.0,15.0,266.09388243216677,2340.2220344758184,9.940785379137472
-10.685346298606838,10.685346298606838,377,1.8085302902803604,0.37543549528406844,0.6267072184098567,0.23004426179725193,0.0,15.328398651054924,13.457128016661425,3.3042917359174613,15.0,8.0,15.0,10.0,460.42641454203977,2373.8566825842818,29.07543533394067
-10.68546196003106,10.68546196003106,248,1.8059025403102198,0.390044268511778,0.7475284124906606,0.24628734436294142,0.0,15.122196948741715,13.6864454276157,3.2540970294204996,20.0,11.0,20.0,15.0,265.13716022189226,1822.8959538863633,25.132389509898907
-10.68597005901891,10.68597005901891,383,1.7990382165022119,0.31996015968028113,0.4993410629334606,0.20688709024791907,0.0,15.052452662552875,14.176393341641168,3.3674260884258636,19.0,10.0,21.0,13.5,313.41701052285697,2326.9097850127528,24.07775113435871
-10.687136136015784,10.687136136015784,393,1.817564936329073,0.3759648372861288,0.7189809333373328,0.18346699269024613,0.0,15.032736773704645,11.931484509097045,3.3166581671226565,21.0,13.0,21.0,12.0,238.57886820097204,2307.7611601364647,29.428858856082485
-10.690035504681378,10.690035504681378,313,1.8230415046512178,0.3829221579643395,0.45242387618941027,0.1939995734380486,0.0,15.249624992472546,11.90039851026953,3.3427698035470033,17.0,10.0,16.0,10.0,377.5309952095953,2199.370907173835,20.685461263512828
-10.690037989095963,10.690037989095963,322,1.7959908308009118,0.35794033441324485,0.39300330574518383,0.12834793110724657,0.0,15.035211222405048,7.496922511336134,3.342824254866515,14.0,7.0,16.0,10.0,526.2941189325238,2430.85517928667,21.499595071201615
-10.69012036139239,10.69012036139239,279,1.7742701947810968,0.341489787604351,0.4166057175704988,0.2579873452919247,0.0,15.211079557122925,9.620874272608107,3.322984748664517,16.0,10.0,22.0,10.0,391.34058939152607,2211.871944782813,26.90109824703707
-10.690157297284635,10.690157297284635,190,1.7910207269469156,0.3475993359950713,0.6660948364730575,0.2734561050239699,0.0,15.340779567347383,12.58052490998755,3.1973498445547164,20.0,13.0,21.0,13.5,286.897159001556,2244.909475323873,18.776472724451075
-10.691380236790842,10.691380236790842,318,1.8192958471691325,0.3360422655909505,0.6003124000930186,0.17550670930559437,0.0,15.294447987114719,12.808204765976102,3.361420729699871,16.0,10.0,14.0,10.0,391.84054085866234,2183.702284562618,14.915525708340516
-10.691796931812352,10.691796931812352,312,1.756381405259802,0.3444843395283641,0.5746991199702908,0.26259906395833926,0.0,15.209104983742124,13.600824154006277,3.231706338577352,15.0,8.0,14.0,10.0,459.36488360552784,2332.5981948060007,24.87693924107587
-10.692240970826834,10.692240970826834,338,1.8251348502323896,0.37635204899046837,0.7201092206074085,0.265136251181723,0.0,15.59710367098593,14.836231662714072,3.175700556365819,20.0,10.0,22.0,13.0,290.9898285828955,2280.656795951906,17.177624684174468
-10.692602659149813,10.692602659149813,320,1.8139154543630294,0.3532510884140412,0.354817907020874,0.18137921672307789,0.0,15.173830872377843,15.157231480804231,3.330519286255565,18.0,8.0,16.0,12.0,351.23298506754014,2385.4963807957665,19.242625454858462
-10.692756734854255,10.692756734854255,222,1.781157779227176,0.38590457221312546,0.8808471273418865,0.20765181935555854,0.0,15.070670340911018,13.2285821114973,3.350377077843017,13.0,8.0,18.0,10.0,498.63962482931214,2143.461978956275,11.534446255436537
-10.694694050605465,10.694694050605465,312,1.7966295074634586,0.370025101093531,0.4930963364184512,0.08969363065634711,0.0,15.115015712767416,12.633191797595716,3.305197824389463,20.0,8.0,16.0,12.0,338.5080738374429,2736.2618313736566,19.22952283492252
-10.694820070081096,10.694820070081096,395,1.776301645764365,0.3315934145109694,0.600936840444617,0.23882796685556812,0.0,15.095085896102278,12.829608860697611,3.3290273493402696,19.0,8.0,20.0,10.0,351.4634584467985,2515.963726252424,34.208992804203874
-10.694880699334451,10.694880699334451,396,1.8093018445784717,0.3871530518296141,0.6466262204840271,0.2813608588714461,0.0,15.47650838877893,14.92800457958524,3.204214447245866,22.0,13.0,22.0,13.0,272.81403253903034,2359.183857458519,21.969744597194172
-10.695136037692581,10.695136037692581,330,1.805952134023517,0.3532650819325081,0.8639285657384619,0.19029067197468352,0.0,15.221972900872883,11.491650933954975,3.354111308412964,15.0,8.0,16.0,12.0,468.65380596316976,2400.80824192926,8.063804403314146
-10.695215136066953,10.695215136066953,366,1.7611045034572268,0.3792642862782108,0.4464806408867959,0.2987357479338175,0.0,15.04946695613505,14.342099470747527,3.3048235792143172,19.0,10.0,20.0,13.0,310.29794424536095,1943.4806025908426,21.621384694313505
-10.695429307736966,10.695429307736966,349,1.7719289099713293,0.37873028019836136,0.7251068355447287,0.1700066308306866,0.0,15.179519835618475,11.154426960064121,3.346144349045912,18.0,8.0,17.0,12.0,364.89404373913675,2478.5222937872154,18.016653432865255
-10.695540099031879,10.695540099031879,204,1.808506907122948,0.34543356382564405,0.3487558708512984,0.16219998989021817,0.0,15.295743165370116,15.271136958999442,3.233498054121716,16.0,8.0,15.0,10.0,442.46087759192534,2380.364990639491,25.978801097695467
-10.696369197014366,10.696369197014366,357,1.8269992862170623,0.3313085232861769,0.3494156905981152,0.2941970202297882,0.0,15.205122184513726,13.880408074810074,3.2424377264915263,19.0,12.0,20.0,15.0,318.8158817444684,2623.49716101035,28.054836727913646
-10.696446960671727,10.696446960671727,278,1.8215773564061106,0.388948580139323,0.5812143174355848,0.08306929697414056,0.0,15.452924011420436,14.522184695186532,3.1356130000007103,19.0,8.0,20.0,10.0,333.74633348385436,2366.3418772409714,19.86634396305687
-10.696446960671727,10.696446960671727,331,1.8215773564061106,0.388948580139323,0.5812143174355848,0.08306929697414056,0.0,15.452924011420436,14.522184695186532,3.1356130000007107,19.0,8.0,20.0,10.0,333.74633348385436,2366.3418772409714,19.86634396305687
-10.696474304998866,10.696474304998866,228,1.8153492554174697,0.3824535879763034,0.502407634890131,0.25935666083667686,0.0,15.33426011635554,14.403182843820106,3.2885219970035617,16.0,10.0,17.0,10.0,398.8226682414177,2382.5196429382004,8.598599630711512
-10.69784027119369,10.69784027119369,332,1.811852755947742,0.3619809859166695,0.6777655757315058,0.26501862557855815,0.0,15.482704096095283,14.88158224036705,3.354012611947903,20.0,8.0,21.0,12.0,327.1068051667285,2511.634467007427,22.158938998406065
-10.698790766577645,10.698790766577645,389,1.7446412666628601,0.3637323468370107,0.6158855604773222,0.20680913960190925,0.0,15.334652294114072,9.901897643302613,3.3353205339965664,17.0,10.0,17.0,12.0,377.9370119149314,2296.966558874241,18.222132254968923
-10.699218931915322,10.699218931915322,394,1.7934782076584999,0.3587759770610858,0.8699034669672673,0.2367288086590128,0.0,15.063777768816522,11.621459525503072,3.35623383410593,19.0,8.0,18.0,12.0,334.93642522784785,2389.3096920428725,16.271968072976165
-10.69984499242689,10.69984499242689,305,1.7747583091192187,0.36224910702730934,0.5714461704405639,0.19097760015375068,0.0,15.219939773980421,12.410634063312303,3.3628136028105082,22.0,10.0,25.0,12.5,269.4754673017567,2405.285786127909,21.714247308982753
-10.70018699770752,10.70018699770752,328,1.7320561965343393,0.36594534453417393,0.8702814201700066,0.10541854413505855,0.0,15.060868109563273,14.089870701523552,3.3529775904923875,15.0,7.0,15.0,8.0,513.7883455096417,2338.204853717105,18.266946461216847
-10.700200322901896,10.700200322901896,254,1.7987421130621661,0.3509432931056558,0.703216685318794,0.17680393040441728,0.0,15.174995269492268,14.527591187096947,3.2552783004570145,15.0,8.0,19.0,8.0,468.5138977659406,2774.854027946073,13.783635961147276
-10.700260961286002,10.700260961286002,270,1.828584538662978,0.35996154389540186,0.66020535581313,0.11894549361868617,0.0,15.00415809099674,9.61715927701689,3.3476350240202333,16.0,7.0,14.0,10.0,487.2364375694025,2550.3601869210697,33.37236959448289
-10.700260961286006,10.700260961286006,321,1.828584538662978,0.3599615438954019,0.66020535581313,0.11894549361868617,0.0,15.00415809099674,9.61715927701689,3.3476350240202333,16.0,7.0,14.0,10.0,487.2364375694025,2550.3601869210697,33.37236959448289
-10.700316129452077,10.700316129452077,290,1.8040482105754894,0.3765725672563434,0.7310983726773952,0.17993842433367538,0.0,15.161865147287283,13.502034244090696,3.3528841824789897,15.0,10.0,17.0,12.0,407.995104909839,2511.868623562137,5.866038971577797
-10.700316129452077,10.700316129452077,341,1.8040482105754894,0.3765725672563434,0.7310983726773952,0.17993842433367538,0.0,15.161865147287283,13.502034244090696,3.3528841824789897,15.0,10.0,17.0,12.0,407.995104909839,2511.868623562137,5.866038971577796
-10.700316129452077,10.700316129452077,389,1.8040482105754894,0.3765725672563434,0.7310983726773952,0.17993842433367538,0.0,15.161865147287283,13.502034244090696,3.3528841824789897,15.0,10.0,17.0,12.0,407.995104909839,2511.868623562137,5.866038971577794
