mission,total_mass_kg,weight_n,cg_x_m,cg_y_m,cg_z_m,static_margin,static_margin_percent,static_margin_feasible,placement_feasible,inertia_xx_kg_m2,inertia_xy_kg_m2,inertia_xz_kg_m2,inertia_yy_kg_m2,inertia_yz_kg_m2,inertia_zz_kg_m2,warnings
M1,3.49372461891,34.2594636131,0.0518157908461,0,-0.0525038785039,0.211655710221,21.1655710221,True,True,0.080770977422,0,-0.0250695050706,0.355437605286,0,0.423939336035,Mission 2 selected fuselage width 0.2352 m after 3 duck-width increase(s).
M2,6.26372461891,61.4220836131,0.079954093884,-0.00502464618335,-0.0746859291204,0.12,12,True,True,0.0972014856808,0.00376595442701,-0.0246582439355,0.43522780793,-0.000797352352795,0.509895810642,Mission 2 selected fuselage width 0.2352 m after 3 duck-width increase(s).
M3,3.73389703271,36.6145943027,0.055394093884,0,-0.0491267143445,0.2,20,True,True,0.0814979012479,0,-0.0257258878426,0.358006430353,0,0.425888674058,Mission 2 selected fuselage width 0.2352 m after 3 duck-width increase(s).
