mission,total_mass_kg,weight_n,cg_x_m,cg_y_m,cg_z_m,static_margin,static_margin_percent,static_margin_feasible,placement_feasible,inertia_xx_kg_m2,inertia_xy_kg_m2,inertia_xz_kg_m2,inertia_yy_kg_m2,inertia_yz_kg_m2,inertia_zz_kg_m2,warnings
M1,2.94742412515,28.9024409713,0.0728573884521,0,-0.0496042869278,0.226498842871,22.6498842871,True,True,0.0782349404656,0,-0.0230006783402,0.277224441923,0,0.344641054321,Mission 2 selected fuselage width 0.2352 m after 3 duck-width increase(s).
M2,5.57342412515,54.6529969713,0.105552533214,-0.00534726935018,-0.0752876620511,0.12,12,True,True,0.0942045934963,0.00352572954366,-0.0206361800134,0.332292353269,-0.000776890042955,0.405216239898,Mission 2 selected fuselage width 0.2352 m after 3 duck-width increase(s).
M3,3.18759653895,31.2575716609,0.0809925332135,0,-0.0458668059824,0.2,20,True,True,0.0788888151704,0,-0.0241900761388,0.281613630905,0,0.348483805381,Mission 2 selected fuselage width 0.2352 m after 3 duck-width increase(s).
