mission,total_mass_kg,weight_n,cg_x_m,cg_y_m,cg_z_m,static_margin,static_margin_percent,static_margin_feasible,placement_feasible,inertia_xx_kg_m2,inertia_xy_kg_m2,inertia_xz_kg_m2,inertia_yy_kg_m2,inertia_yz_kg_m2,inertia_zz_kg_m2,warnings
M1,2.82022412515,27.6551177713,0.0994955605559,0,-0.0489098971858,0.139729552631,13.9729552631,True,True,0.0759550064649,0,-0.0207349189224,0.222864064263,0,0.288422042275,
M2,3.28622412515,32.2247137713,0.105552533214,-0.00044476576896,-0.0568354637082,0.12,12,True,True,0.0776036283654,0.000170135322398,-0.0201740736838,0.228233557557,-2.83032062441e-05,0.292563543248,
M3,3.04231895274,29.8329796506,0.102193740755,0,-0.0453393855624,0.130940692048,13.0940692048,True,True,0.0765441018995,0,-0.0211070974591,0.224871193148,0,0.289936665955,Mission-3 banner center x=-0.1540 m was outside its allowed range and was clipped to x=0.1365 m.
