mission,total_mass_kg,weight_n,cg_x_m,cg_y_m,cg_z_m,static_margin,static_margin_percent,static_margin_feasible,placement_feasible,inertia_xx_kg_m2,inertia_xy_kg_m2,inertia_xz_kg_m2,inertia_yy_kg_m2,inertia_yz_kg_m2,inertia_zz_kg_m2,warnings
M1,2.93869284649,28.8168220526,0.0744029403392,0,-0.0501437324034,0.138081933371,13.8081933371,True,True,0.0759894348495,0,-0.0225539933339,0.239495771741,0,0.304985377962,
M2,3.40469284649,33.3864180526,0.079954093884,-0.000429289826102,-0.0576246482593,0.12,12,True,True,0.0775904001358,0.00016772372881,-0.0220562495491,0.244749576242,-2.71497341042e-05,0.309058891996,
M3,3.16078767407,30.9946839319,0.0768485128777,0,-0.0466203500218,0.130115899043,13.0115899043,True,True,0.0766052202347,0,-0.0229143656343,0.241498474715,0,0.30646888578,Mission-3 banner center x=-0.1961 m was outside its allowed range and was clipped to x=0.1092 m.
