mission,total_mass_kg,weight_n,cg_x_m,cg_y_m,cg_z_m,static_margin,static_margin_percent,static_margin_feasible,placement_feasible,inertia_xx_kg_m2,inertia_xy_kg_m2,inertia_xz_kg_m2,inertia_yy_kg_m2,inertia_yz_kg_m2,inertia_zz_kg_m2,warnings
M1,2.82390667581,27.691228863,0.0798635905436,0,-0.0495398547743,0.120294799154,12.0294799154,True,True,0.0757458719808,0,-0.0219418855436,0.222504976831,0,0.288127062751,
M2,3.04790667581,29.887772863,0.079954093884,-0.000205518103613,-0.0536856091804,0.12,12,True,True,0.0765930691312,2.03959558888e-05,-0.0219939777343,0.223516716958,-1.41030144094e-05,0.288495677534,
M3,3.02792391719,29.6918219319,0.0834448364697,0,-0.0462019292564,0.108629502978,10.8629502978,True,True,0.0762985778423,0,-0.0224428872609,0.224722347808,0,0.289877471545,Mission-3 banner center x=-0.2833 m was outside its allowed range and was clipped to x=0.1330 m.
