score,objective,generation,wing_span,wing_chord,tail_arm,nose_length,extra_shipping_containers,sensor_length_m,sensor_weight_kg,mission3_sensor_weight_kg,batt_capacity,prop_diameter_in,prop_pitch_in,mission3_prop_diameter_in,mission3_prop_pitch_in,motor_kv,motor_max_power,takeoff_flap_deflection_deg
6.297513744104741,-6.297513744104741,224,1.7367164619627762,0.3451429252447184,0.7682779995710951,0.19299185491297316,0.0,0.37654594717783973,11.13535554190927,6.668917105053055,3.1286835679647362,20.0,15.0,19.0,12.0,246.08978516808793,2259.9800444201533,21.488738827096068
6.270092721836089,-6.270092721836089,295,1.7275797420634686,0.36638729307696005,0.5738952874379359,0.17126566259400422,0.0,0.33765673828549364,10.633815295517856,7.019385603749836,3.2833597347653627,20.0,15.0,18.0,12.0,241.5654964772823,2396.5473624361143,29.353037567241955
6.267158693345919,-6.267158693345919,274,1.776495684776896,0.3612811783034233,0.5110556425885944,0.18736381878772695,0.0,0.3100745050178141,10.424254448446561,7.655004242279894,3.3287540719813324,20.0,15.0,17.0,12.0,272.41132227633284,2300.2014563347866,25.132978724788796
6.2601798370306065,-6.2601798370306065,270,1.819755986090506,0.3578780317749693,0.5955719148559098,0.14112640105216204,0.0,0.3369266895971124,10.68976251478796,5.9660781331798685,3.2243745524648366,21.0,13.5,22.0,13.0,221.76357563405793,1893.6788188345283,24.9772758309933
6.258870496448678,-6.258870496448678,294,1.7200422334725538,0.3929007754604748,0.43462342459172654,0.17107910659388406,0.0,0.3133182737683453,10.825571824975835,6.938595284030462,3.3589260706196367,21.0,13.5,20.0,13.0,234.38293054600624,2046.6567839470383,13.018253559985066
6.2584572640919625,-6.2584572640919625,218,1.755394074819291,0.3905531943633339,0.5349376690696503,0.17010452792904596,0.0,0.421356239603112,10.57530821654884,6.086868740930825,3.3438008606806706,20.0,15.0,17.0,12.0,244.74256083545447,2390.41571431406,28.109572720400617
6.258401867065265,-6.258401867065265,238,1.7693344873734829,0.3882361687966315,0.5843311871712707,0.19644302814565684,0.0,0.41330420700020476,10.74490320776109,5.752516197032867,3.1317642027937365,20.0,15.0,16.0,12.0,248.08379270390847,2174.1591465223123,29.315354400993115
6.251732026583908,-6.251732026583908,291,1.8026515820836384,0.3617590821337813,0.8302559611161981,0.2664895575915905,0.0,0.3878910104114674,10.943237949543525,5.12206692122682,3.180477813830044,20.0,15.0,19.0,12.0,239.62803995332288,1915.1396066888042,16.98836618574707
6.251444542593259,-6.251444542593259,293,1.764957098398594,0.332517204567239,0.5817608609560266,0.12701074970748466,0.0,0.35167722018552655,10.609891262458639,6.766892359986287,3.2061330482223163,20.0,15.0,20.0,13.0,242.19777781782173,1956.1231997213004,23.37097199460148
6.25080923382314,-6.25080923382314,285,1.7699580625523121,0.36810498185250007,0.8269346257906864,0.23000798785366555,0.0,0.4231438154449164,10.475729589621789,7.067189396053195,3.3188043674007437,20.0,15.0,18.0,12.0,253.4762418193497,2587.5237732814103,16.28388135344049
6.245708405488978,-6.245708405488978,297,1.7057516821790415,0.380412967808908,0.758191852564732,0.13578151007093647,0.0,0.3577965615809173,10.999862443754306,4.617882292143848,3.3699677518687237,20.0,15.0,18.0,12.0,239.10793328840396,2450.9595922003596,37.55413783400358
6.244970688101002,-6.244970688101002,297,1.8187421804502488,0.3512491481262756,0.6568492729954173,0.13448677165563178,0.0,0.34471158053042056,10.392716261867525,6.957245280767592,3.250548178666244,20.0,15.0,20.0,15.0,237.4093925965314,2628.119299728086,23.08118391019695
6.243750939657792,-6.243750939657792,236,1.7435802417528852,0.38464031924558006,0.7554369867064017,0.19872212691425323,0.0,0.4644839057060001,10.724820472273503,5.795014067015243,3.2517456006958243,20.0,15.0,17.0,12.0,229.95277535508083,2242.2957626748253,30.095163631947752
6.241365560582494,-6.241365560582494,197,1.740705850304801,0.3409067277155539,0.6711835238058653,0.14648675792203739,0.0,0.28942971275772716,9.946506824573516,7.371026705032637,3.3673011169751565,20.0,15.0,20.0,15.0,230.774317326628,1837.6737685900289,23.813173533540848
6.241365560582494,-6.241365560582494,251,1.740705850304801,0.3409067277155539,0.6711835238058653,0.14648675792203739,0.0,0.2894297127577271,9.946506824573516,7.371026705032637,3.3673011169751565,20.0,15.0,20.0,15.0,230.774317326628,1837.6737685900289,23.813173533540848
6.238157577931789,-6.238157577931789,272,1.7850370109685465,0.37844567164875026,0.4952447744684651,0.20919448130180598,0.0,0.3598650444558076,10.550804097488772,6.39657052301076,3.2054890314632702,20.0,15.0,16.0,12.0,262.9799462100143,1932.8089900504056,23.742357374044573
6.236098297058132,-6.236098297058132,259,1.7959031815877537,0.35309572477944917,0.6069404870803158,0.2803008993646036,0.0,0.3415080006022049,10.428354937515603,5.757743373693453,3.3539155584042675,20.0,15.0,20.0,15.0,226.0367867269029,2618.6312859360387,36.96893978318212
6.234541328563566,-6.234541328563566,256,1.8217333583771553,0.39052336236453944,0.5507796836582678,0.2555996353043715,0.0,0.5573506919423222,10.954778797532885,6.818574659458346,3.2070764579135993,20.0,15.0,20.0,15.0,242.83826101091705,2037.6337279803965,12.294638274787268
6.233688570929663,-6.233688570929663,236,1.7626278686642238,0.314993132256296,0.6496484455806549,0.25387795191009804,0.0,0.37234531656721476,10.77013056433192,5.3570772656445484,3.197070470263019,20.0,15.0,18.0,12.0,255.87436559254567,2670.59662619714,31.356523274945953
6.233658485715482,-6.233658485715482,291,1.7421512083527986,0.3881521670133271,0.487933807508833,0.22398212671407602,0.0,0.34192069659707514,10.712481883869973,5.630868937727369,3.045448543293446,20.0,15.0,19.0,12.0,244.10696179454496,1979.4045384334956,27.12233413144864
6.2319905053193985,-6.2319905053193985,267,1.824310151016672,0.3799188704935649,0.6622087682012132,0.17893816830773698,0.0,0.3731919808839555,10.293657606692314,5.8052083759975925,3.258019983096942,20.0,15.0,20.0,12.0,236.06558932480607,2852.943242060569,18.942519647088684
6.230065799824629,-6.230065799824629,265,1.799853508971471,0.3814811972049762,0.7805712014934327,0.17673177188252634,0.0,0.4254375955358736,10.621424307769178,5.702026311914076,3.376242336841731,21.0,13.5,20.0,15.0,223.82652852924397,2592.215183580411,17.7804715369722
6.228888303497601,-6.228888303497601,268,1.7550216366413476,0.3814677737973549,0.42015403788895545,0.1862665401390779,0.0,0.3320701400980606,10.227250117616265,6.0270600803568835,3.3317773653264355,20.0,15.0,21.0,12.0,239.92205312151455,2491.608122974366,30.193980721193043
6.226929958610541,-6.226929958610541,178,1.7843682834282206,0.3476579522700367,0.7074013512128523,0.22305394089628852,0.0,0.4386321751704444,10.582758304096044,5.7223530096831885,3.144648692150006,21.0,13.5,17.0,12.0,228.46846461814616,2714.2711911005326,24.464792487014194
6.214742015092535,-6.214742015092535,205,1.8188916292099764,0.39321409749552966,0.6001766369177959,0.15569640153364753,0.0,0.452191105567992,10.719544950592354,6.070428000495435,3.174180526823239,22.0,13.0,20.0,15.0,220.88776227685463,2446.5365618501883,13.324937861449078
6.214660625055307,-6.214660625055307,261,1.799853508971471,0.33037459527775814,0.7805712014934327,0.08236276723941553,0.0,0.4254375955358736,9.996242949803502,5.832254317792744,3.376242336841731,22.0,13.0,20.0,15.0,223.09171809680782,1811.8390647223537,17.7804715369722
6.214252834280397,-6.214252834280397,269,1.8228704713955297,0.3958319195465103,0.8498958377874948,0.1386002143761068,0.0,0.4052346245012325,10.81123518174646,5.727335129876684,3.1588172580666427,20.0,15.0,20.0,13.0,252.02649092166277,2102.5082362631797,31.283301506206563
6.213434155650156,-6.213434155650156,268,1.7866371216931742,0.3978430059833099,0.7419134335827389,0.2135683166990923,0.0,0.4160768121055528,10.314992159837608,5.762989091395516,3.2062670430243836,20.0,15.0,17.0,12.0,246.60475432162013,2773.0441459230265,25.892649615175742
6.211254731633674,-6.211254731633674,200,1.800582233892644,0.36690846482872796,0.7723494379654254,0.10918811859957314,0.0,0.34056779090922384,10.400477044330955,7.460710033209109,3.3503552314710863,20.0,15.0,20.0,15.0,221.6191188754601,2102.7054916156853,22.43716030656013
6.209762799666071,-6.209762799666071,298,1.8046246926243634,0.31991488182191913,0.5319181906091256,0.12257987895022289,0.0,0.3765068367537593,9.911223167553983,5.902638861740479,3.329622795177814,20.0,15.0,20.0,15.0,231.3191070729615,2570.849391705313,35.0738312818261
6.208667489763151,-6.208667489763151,290,1.7017308391107133,0.354689078924955,0.7461680095995352,0.1864721867764678,0.0,0.32344377448866923,10.731755637906184,7.101977708876352,3.1659343090361647,20.0,15.0,20.0,13.0,243.95701256207818,2378.3141941076633,26.599841247350007
6.208039415253713,-6.208039415253713,133,1.800455898306415,0.3519517516954333,0.7342977429164445,0.24485527813414487,0.0,0.5664515549882435,10.211301375796403,6.866348974787657,3.376030902718468,20.0,15.0,20.0,15.0,220.22364085748066,1813.1876336155747,36.66952569488923
6.206687290177927,-6.206687290177927,274,1.7271453138034867,0.304993256364909,0.6676724144197942,0.21693489059491147,0.0,0.4060890524526879,10.526271530624015,5.461534451226398,3.2550169318866766,20.0,15.0,17.0,12.0,248.5345486796707,2121.9037466944083,33.910719440335185
6.203662299260694,-6.203662299260694,296,1.7557019804542553,0.3302732919767683,0.5076955748699415,0.20739818320558912,0.0,0.32717888520164595,10.03296406529072,6.175976254308093,3.0925636108324595,20.0,15.0,17.0,12.0,243.89669685883808,2028.6065474854179,21.633908369983445
6.203135230998393,-6.203135230998393,205,1.798294833857117,0.3725954658063836,0.48347986901580486,0.11813261524337211,0.0,0.386550959267036,9.458828340794854,6.656997803274122,3.353246551741136,20.0,13.0,20.0,11.0,243.173959042289,1909.2157958389294,19.24049265049562
6.203135230998393,-6.203135230998393,261,1.798294833857117,0.3725954658063836,0.48347986901580486,0.11813261524337211,0.0,0.386550959267036,9.458828340794854,6.6569978032741215,3.353246551741136,20.0,13.0,20.0,11.0,243.173959042289,1909.2157958389294,19.24049265049562
6.200834312695566,-6.200834312695566,158,1.8091329889022827,0.383586327580661,0.3997084702309973,0.08024620062937855,0.0,0.5042748758213914,10.25661910795344,5.598749447621082,3.341170800739986,20.0,15.0,18.0,12.0,225.29330058498613,2956.9668355800045,26.930997042995102
6.2007825204963805,-6.2007825204963805,252,1.8044033226945004,0.39731275245547293,0.7447474119189896,0.24712402531587713,0.0,0.4461636805828412,10.091339754172896,7.7070869012017695,3.3448908134006063,20.0,15.0,20.0,15.0,236.1257079438923,1880.0835883390764,39.65171521618302
6.199909601238183,-6.199909601238183,290,1.7472589484075258,0.3593219259143789,0.7383526973501326,0.24324932951168293,0.0,0.4118157457459791,9.807998153270841,5.9101443590795535,3.3498851543010733,20.0,15.0,21.0,13.5,219.9504652041058,2286.460874020908,16.65739864946604
6.198684839582074,-6.198684839582074,259,1.7834516192091496,0.3264486281852297,0.5445302818741632,0.14774519188493102,0.0,0.3608318410100819,10.414979253926738,6.377177799980283,3.1717003529035175,20.0,15.0,20.0,15.0,242.80179381604717,1915.766706013625,30.431970802724905
6.198356524763269,-6.198356524763269,227,1.8156468329891866,0.37042587652689224,0.6235689597781564,0.18997409854640362,0.0,0.3390418435056708,10.561660426057516,4.44452953367825,3.0928185424897423,20.0,15.0,17.0,12.0,243.60361900061105,1772.8844752635803,19.146944191726057
6.1965064023757215,-6.1965064023757215,297,1.7387109589204128,0.30351788888135545,0.4810623619260429,0.12182667946992234,0.0,0.5099781914807033,10.426215971726023,7.205987216935034,3.2068410114658006,20.0,15.0,20.0,13.0,241.92662491592688,2166.3981805783546,33.1213349053882
6.195355676674251,-6.195355676674251,174,1.775632188918506,0.37757566062468567,0.44570509095987787,0.20337156005280554,0.0,0.5139815651959009,10.47620267716168,5.536245232462974,3.291740520953562,22.0,13.0,20.0,13.0,225.44406295958325,2520.647802120467,15.998840257642142
6.195168785814424,-6.195168785814424,292,1.82523822521644,0.325071583567084,0.6735349890207187,0.1657639228935139,0.0,0.43396543301493296,10.341437758388754,6.0646708204320765,3.1451808114973865,20.0,13.0,20.0,13.0,244.41814436829253,2056.261776579521,24.21836788893782
6.194237367903699,-6.194237367903699,192,1.8277562016092723,0.34919926335384843,0.7735701685761497,0.19566088144283542,0.0,0.5062446155693339,10.083342867429838,6.613902372011775,3.2662623866043847,20.0,15.0,22.0,13.0,221.9892422819139,1599.2941947145698,38.132965146832504
6.193969700899225,-6.193969700899225,289,1.7309354565996797,0.354689078924955,0.7456387494607026,0.22940452849555998,0.0,0.32344377448866923,10.52047786240718,6.483371969890997,3.0682488720775347,20.0,15.0,17.0,12.0,243.95701256207818,2378.3141941076633,18.54042960350081
6.192074258949116,-6.192074258949116,265,1.7806205836611677,0.3101578250036188,0.5462627960048143,0.14162945085311962,0.0,0.4369447270066465,10.019301211350104,5.965584171792008,3.374126746241623,22.0,13.0,20.0,15.0,221.13344214159116,2274.661905131786,17.653194842375562
6.191836012070207,-6.191836012070207,253,1.7406409152355815,0.344847778084632,0.8080766425809912,0.21610380204042678,0.0,0.3733084752868245,10.0380232886071,6.888196677929649,3.375334748949406,20.0,15.0,20.0,15.0,222.51909738343645,1817.0683970041998,31.21552701782003
6.190151134389472,-6.190151134389472,263,1.7481135053349441,0.34274760028124074,0.43736364394657556,0.2595487040810595,0.0,0.33109508533440063,10.980575680742843,4.9017290074805056,3.072677916917338,21.0,13.5,20.0,15.0,230.8774073404217,2422.4963688565163,33.539587949160826
6.189694306407567,-6.189694306407567,289,1.72570650903794,0.35909523719206626,0.8390699949034737,0.14743455232748043,0.0,0.34791858075790966,10.896350297888766,4.392394762975039,3.1704251165632096,20.0,15.0,18.0,12.0,243.09152641942265,2047.2989037572424,17.93125730761538
6.189026030441754,-6.189026030441754,280,1.7513947577075148,0.31944764569026374,0.5796067883582984,0.17223113162886106,0.0,0.4703545744541252,10.458460417542657,6.977467922683934,3.316848561081059,20.0,15.0,18.0,12.0,266.9529595187447,2501.8115974607626,31.42921069879947
6.188400340812651,-6.188400340812651,287,1.7805734010458163,0.39930795949920705,0.680068378642335,0.12251781850528683,0.0,0.36914980358820687,10.095240907407323,6.558847129025114,3.3109330966184527,21.0,13.5,20.0,15.0,216.30163339133233,2614.9713461676847,8.595461672625287
6.1881485779869765,-6.1881485779869765,138,1.7577732997185351,0.37339454098909164,0.8795549088788015,0.18988376363247922,0.0,0.5581739578610313,10.798665787727575,5.3339955756487525,3.3192894408885167,20.0,15.0,20.0,15.0,261.60526383720685,2018.0017998920277,35.68948375403186
6.1881485779869765,-6.1881485779869765,191,1.7577732997185351,0.37339454098909164,0.8795549088788015,0.18988376363247922,0.0,0.5581739578610313,10.798665787727575,5.3339955756487525,3.319289440888517,20.0,15.0,20.0,15.0,261.60526383720685,2018.0017998920277,35.68948375403187
6.18797621449651,-6.18797621449651,286,1.7604952122841908,0.35644432274446725,0.7183164542743596,0.2639012877528691,0.0,0.3634236280270489,10.251494839474255,8.298862589718402,3.238068976334599,21.0,13.5,21.0,13.0,234.19577908964663,2355.1192534160446,24.239297728625676
6.187905028206449,-6.187905028206449,200,1.7546179506869786,0.3561297806458565,0.5125911874214993,0.18317544754179038,0.0,0.2946383280636873,10.082687480464248,6.750142021133142,3.3188969785047937,20.0,15.0,20.0,15.0,215.5069991935683,2012.9176059961499,26.83336815321716
6.187905028206449,-6.187905028206449,251,1.7546179506869786,0.3561297806458565,0.5125911874214993,0.18317544754179038,0.0,0.2946383280636873,10.082687480464248,6.750142021133142,3.318896978504794,20.0,15.0,20.0,15.0,215.5069991935683,2012.9176059961499,26.83336815321716
6.187609308714505,-6.187609308714505,268,1.826354257003042,0.34230350708060236,0.5033648283305083,0.18068516153011882,0.0,0.37445584004990473,10.595048060530473,6.4521748775079395,3.2073106407784304,20.0,15.0,19.0,12.0,248.84215233149558,1929.1948011526501,12.205545012983304
6.184983496540959,-6.184983496540959,250,1.7952528446746103,0.32541011054955576,0.8645435055677653,0.283685644021552,0.0,0.4384876713831716,9.563862500344399,6.141923889861333,3.283876340566967,20.0,15.0,22.0,13.0,220.01989964298275,1935.7335979007523,19.122912540728592
6.1846196513921186,-6.1846196513921186,277,1.788534901191758,0.34522685043357243,0.3794112037318942,0.14024154627114024,0.0,0.38620037888526265,10.583664944095595,5.905659894425072,3.285543808978855,20.0,15.0,18.0,12.0,269.4792872787367,2448.9953766232584,25.336714178405195
6.183731401398189,-6.183731401398189,252,1.766360758511146,0.31334448536034115,0.5056089986535182,0.18602415043156043,0.0,0.29284726094708274,9.810333459533833,7.140377671251619,3.312417971504031,21.0,13.5,20.0,15.0,222.98417607199497,2471.1100893096627,18.29200643489846
6.18314687462185,-6.18314687462185,268,1.7577294309151479,0.39148011213136735,0.6608854525930943,0.14571983416570958,0.0,0.31293602202768517,9.880824420835584,5.9451810103925204,3.298473440082899,22.0,13.0,19.0,12.0,230.16546698691823,2929.6165013412583,17.893112010725144
6.182779226409782,-6.182779226409782,243,1.803716764363342,0.3278515186591236,0.3566401371491148,0.2878969039908996,0.0,0.3592262211744765,9.562477153524643,6.38936359154635,3.3415235728452686,21.0,13.5,22.0,13.0,216.66332136131152,1720.4596813736314,32.443219056501135
6.182556226103105,-6.182556226103105,267,1.819634024420516,0.3773068666938132,0.8151290593277065,0.215413380422399,0.0,0.451992030889397,10.069078151489808,4.616210794935183,3.3738980516453054,20.0,15.0,17.0,12.0,238.9831677741691,1843.0049367003166,16.852318462178523
6.180850123107895,-6.180850123107895,280,1.6873647921005037,0.3634171676971434,0.5228236586346705,0.21726982782544044,0.0,0.4067184671472602,10.164819159168447,6.481969233328637,3.196255319829665,20.0,15.0,18.0,12.0,246.88541623609825,2366.7683081365376,38.07117729872907
6.1805581884826655,-6.1805581884826655,196,1.741772110946738,0.3354915181299235,0.7009473317681595,0.2084094493340946,0.0,0.4451689429252968,10.001935527473908,7.4034047935506875,3.360699403533954,20.0,15.0,20.0,13.0,237.07243122999088,2085.9606747205794,25.89567170860121
6.179994756729939,-6.179994756729939,277,1.7356247861620036,0.3333343190202063,0.49947542423084024,0.17567794303514242,0.0,0.33773052355896993,10.864113786801187,6.117339233029707,3.2796514873457054,20.0,15.0,20.0,12.0,254.9432223612128,2331.3349239758613,33.07509627883458
6.179717590625418,-6.179717590625418,282,1.8015926504446458,0.28311675875228914,0.7383526973501326,0.2299853670457635,0.0,0.3438187930191439,9.807998153270841,6.253298414997336,3.3498851543010733,20.0,15.0,20.0,12.0,248.29239068219613,2260.044857184791,16.65739864946604
6.179420796339913,-6.179420796339913,291,1.772822326054768,0.3450458965826714,0.6626638061025272,0.14860586163458975,0.0,0.5070082442751827,9.65232337408964,6.317890988164789,3.3387145446167272,20.0,15.0,18.0,12.0,244.8321040716519,2416.8456613380527,33.29942156343935
6.179211108420086,-6.179211108420086,299,1.7313128105183937,0.38889754062156623,0.655189409745336,0.2102048909592279,0.0,0.3324328724361055,10.427520620824792,5.307191208103147,3.300693084146439,20.0,15.0,16.0,12.0,247.1813376768657,1803.2361966690116,26.38864620979976
6.177829420892756,-6.177829420892756,272,1.7593476926577656,0.39346467892603687,0.49907982943819895,0.11140377338381968,0.0,0.41449422334569874,9.432419173847858,6.20905840483313,3.318475146369317,20.0,15.0,20.0,15.0,214.58607496878605,2172.3941068311397,12.820410586085407
6.177221198086233,-6.177221198086233,255,1.7849153392246155,0.36919168308763217,0.7702284855070042,0.17073663255143856,0.0,0.4649568502617995,10.165246876928663,5.277093266032818,3.3707254388530425,20.0,15.0,20.0,15.0,237.93647738225815,1915.0004146687731,39.790869565783815
6.175778311170031,-6.175778311170031,227,1.8206879661846789,0.3357604424617761,0.7601030271048204,0.16724566870166946,0.0,0.30991062983879386,10.957104565615047,5.067499304579748,2.986332014141292,20.0,15.0,20.0,15.0,247.60856147850114,2191.648623450581,14.878123614653731
6.174754813648202,-6.174754813648202,214,1.8155474186877627,0.3502971532009662,0.3699298454808522,0.11054770279757735,0.0,0.417376170067299,10.045924275747364,7.649933185726399,3.190148881707696,20.0,15.0,20.0,13.0,230.40006823559608,1821.5495613500627,21.31811363464561
6.1737205060389,-6.1737205060389,261,1.7590140527505442,0.28403429516648715,0.6042104199999145,0.21241367716042692,0.0,0.2931963626097567,10.035640062377531,5.586098746822217,3.0091667733908936,21.0,13.5,20.0,15.0,234.61877259116392,2052.5753871665574,15.924020625013483
6.173330780907027,-6.173330780907027,213,1.7994175085137543,0.33211057671331035,0.4086015791061981,0.26412844157601073,0.0,0.4067184671472602,10.238586478806264,7.294874104636452,3.156465895149364,20.0,15.0,19.0,12.0,246.88541623609825,2715.0876517712995,38.07117729872907
6.17328225037159,-6.17328225037159,297,1.7802712159510585,0.3599746022946695,0.7375066073237054,0.22823971198674292,0.0,0.38048265107827955,9.861007620582845,5.422508392457381,3.279552617063205,20.0,13.0,21.0,13.0,239.6316554163589,2178.719974493137,25.111462237430015
6.1730180096210505,-6.1730180096210505,231,1.8088758448846096,0.381078133222615,0.8280388833528938,0.19872212691425323,0.0,0.3821937472030864,10.576506694207366,5.376923769325022,3.2517456006958243,20.0,13.0,18.0,12.0,229.95277535508083,1914.6336146960805,37.61506035931565
6.172890855186901,-6.172890855186901,296,1.7053245589452146,0.3940059852150444,0.5238116106474695,0.21707470218536265,0.0,0.29791150379214193,9.810326082136529,6.080100150694979,3.2368155386677966,20.0,15.0,18.0,12.0,230.76841968837408,2209.624408942511,22.67499301099597
6.171454910049945,-6.171454910049945,205,1.8077968416557297,0.3806509282013574,0.4772333417237594,0.12723040296112123,0.0,0.4456048841705895,9.982293295442592,5.738715055789742,3.1208315036696104,19.0,12.0,16.0,12.0,252.9520855322559,1694.7424189832218,8.958256411811954
6.171454910049945,-6.171454910049945,261,1.8077968416557297,0.3806509282013574,0.4772333417237594,0.12723040296112126,0.0,0.4456048841705895,9.982293295442592,5.738715055789742,3.1208315036696104,19.0,12.0,16.0,12.0,252.9520855322559,1694.7424189832218,8.958256411811954
6.170716274043414,-6.170716274043414,231,1.8134656149207204,0.3734868768097318,0.5568316973453069,0.18651653589765657,0.0,0.3883922695689584,10.43150602208496,7.392563580328735,3.161549560924632,21.0,13.0,22.0,13.0,228.12587661441333,2276.5028094129334,17.738972394143495
6.170598018425778,-6.170598018425778,231,1.8077777124605934,0.3581415237372149,0.8692700903405486,0.2166355272595897,0.0,0.4357914106271277,9.780812577088565,7.075863922852051,3.0355493881488855,20.0,15.0,20.0,13.0,216.25722588894496,1773.293746994445,25.91435385836254
6.170538911085284,-6.170538911085284,253,1.7885363946324342,0.3809919044904315,0.6726618408849335,0.10297730919621763,0.0,0.39515296086226304,9.40704039428676,6.586780692694757,3.320475036671951,20.0,15.0,20.0,15.0,214.2323010414076,1571.7721806109703,30.288838427383094
6.1703366028836495,-6.1703366028836495,197,1.7778605486499452,0.3883068764152616,0.5511246015674379,0.2085997286205975,0.0,0.5616476732640138,10.764661734853007,6.1730924570617525,3.0820153675239723,20.0,15.0,20.0,15.0,232.8045264811566,1787.1142698843562,33.26230618788906
6.169954466517623,-6.169954466517623,266,1.8003864353015622,0.371242487164796,0.5980122951465151,0.12044771399342787,0.0,0.34440752376344813,10.128738889654397,5.0062868004966115,3.201647722764664,20.0,15.0,21.0,13.5,238.16782690212662,1682.729566356795,10.168186448585557
6.169917729395433,-6.169917729395433,266,1.8084418346715707,0.36127129529486923,0.6383374022818934,0.211151576033067,0.0,0.3345117865443128,10.708298601172189,5.297624753721285,3.0511078007126913,20.0,15.0,17.0,12.0,238.69281683354725,1981.359929086233,23.383226834150825
6.165433637551628,-6.165433637551628,298,1.8035649065494008,0.3323317902428831,0.6418637243026323,0.22024733863300505,0.0,0.4670665800004825,10.79163714186176,4.3153157937383835,3.099063847695432,20.0,15.0,18.0,12.0,252.1475985222571,2383.461941405595,24.211651583202382
6.165356669577564,-6.165356669577564,267,1.7757354170661945,0.38149559944944156,0.7766615506926673,0.20087506117888895,0.0,0.35626427128693605,10.15517580703251,5.370312888986563,3.3603666500470712,21.0,13.5,20.0,13.0,243.0495902019507,2913.1685570956433,37.807025235956225
6.1652638911800395,-6.1652638911800395,254,1.7432341635246738,0.3931869232093077,0.7933037726006792,0.17439386020086425,0.0,0.38404645735267084,10.297872440950082,5.4081881954849536,3.321614948526843,20.0,15.0,20.0,15.0,241.54405298148555,1875.664383208105,25.52964232122983
6.165103603268356,-6.165103603268356,180,1.7814569485185405,0.3621241617697817,0.6286251276966015,0.12223585695752708,0.0,0.3717795506488729,10.276534085602261,5.172672123005328,3.230274522800199,20.0,15.0,20.0,15.0,247.77643139136558,2660.146064182854,21.22363790517283
6.1650859232805715,-6.1650859232805715,252,1.7831050596518836,0.34008436171367346,0.6879453326895373,0.1538452545546195,0.0,0.3550154095952642,9.73889720521941,6.091818960548349,3.2634046039848843,22.0,13.0,20.0,15.0,210.2980091859829,1651.3939578003008,26.973991695373172
6.164658162923869,-6.164658162923869,261,1.8133886616108397,0.3544966464675495,0.5061743727574884,0.2386907504720766,0.0,0.4200954134869605,9.915961600160852,7.211458441350411,3.2139464159382642,22.0,13.0,20.0,15.0,223.49307712090817,2313.1545631411223,13.585803157861529
6.164305567437685,-6.164305567437685,280,1.733751009745268,0.3828774075184967,0.8061287826975707,0.21655173961463722,0.0,0.4979381029201638,10.349461313318212,4.897390494043208,3.210977811345437,20.0,15.0,17.0,12.0,250.1659229105084,2169.4714594733323,21.137312410877954
6.163920337286183,-6.163920337286183,289,1.7539720413388311,0.33672282691424904,0.6716091366248745,0.16501506932277651,0.0,0.38168211288484866,10.890175078097226,7.0539517693654235,3.2517481452861645,20.0,15.0,21.0,13.5,248.8187679317306,2639.1987101240056,22.32588713843811
6.163664441257449,-6.163664441257449,133,1.760777693728397,0.3791880660426197,0.7911421146442656,0.1328824189397296,0.0,0.4545474902530347,10.238982014334896,5.410051227788957,3.176981530722082,21.0,13.5,20.0,13.0,216.1652286743917,2468.9470836556707,16.497931731725316
6.163355043253959,-6.163355043253959,218,1.8171162849914908,0.33913577473591044,0.8143776130497714,0.1473422288778744,0.0,0.3884776271518411,9.76269381296001,6.4780161686796,3.2701029999927087,20.0,13.0,21.0,13.5,234.35986318033972,2683.3267070010916,14.648675761508677
6.163329218365922,-6.163329218365922,299,1.8121656334302254,0.33080788655247945,0.891609356613703,0.1731923244677214,0.0,0.37253865130936803,10.31459899589529,6.9461192491219075,2.857613803975356,20.0,15.0,21.0,13.5,229.47611938776814,2363.7242200096402,15.935132257305153
6.1628050689020295,-6.1628050689020295,260,1.7583321731627866,0.28276020615017583,0.7459823966894216,0.18721444986213837,0.0,0.34876900286739526,9.608012759281689,6.8435587181992155,3.3569340716938525,20.0,15.0,20.0,15.0,234.1895239982534,1903.0028753916692,33.13305712958659
6.162281568530818,-6.162281568530818,145,1.792338865684765,0.3750943905753396,0.3800675690804538,0.1837756097721657,0.0,0.4666112215459169,10.227460872957387,6.6392312393575885,3.29658969732809,21.0,12.0,20.0,13.0,223.22496270065568,1938.2325305825182,15.252890686782985
6.162281568530818,-6.162281568530818,201,1.792338865684765,0.3750943905753396,0.3800675690804538,0.1837756097721657,0.0,0.4666112215459169,10.227460872957387,6.6392312393575885,3.2965896973280904,21.0,12.0,20.0,13.0,223.22496270065568,1938.2325305825182,15.252890686782985
6.1622148930380956,-6.1622148930380956,275,1.7124806624611453,0.37840272211996445,0.5121055406021624,0.15424400321731632,0.0,0.35166226866363504,10.155936517687573,5.304508957535246,3.344793842268026,20.0,15.0,17.0,12.0,255.57282603373366,2685.667093930848,18.71859207283133
6.161982683396026,-6.161982683396026,285,1.7759088509689596,0.3732631999405921,0.7441165344294505,0.16630746463370696,0.0,0.3022218461757055,10.23095939985161,6.347487475953374,3.1531370162913563,20.0,15.0,21.0,13.0,222.95239803716353,2519.874559385333,21.816994473749077
6.16190906921851,-6.16190906921851,268,1.699473271488361,0.3791419630159752,0.6276118755010944,0.22269449391175342,0.0,0.38133917641058,10.519984062033961,4.8029194620727065,3.311058229730037,20.0,15.0,20.0,13.0,256.2442179788799,2628.325692635718,27.85985508055875
6.161861581362139,-6.161861581362139,268,1.6621183493527836,0.38019556242968644,0.6889734853803321,0.19109564540569657,0.0,0.385612257297526,10.51371209652967,5.177868846103343,3.347523794959862,21.0,13.5,21.0,13.0,237.14865171759723,2719.972984958825,16.21020106448532
6.161218936512815,-6.161218936512815,298,1.7061919204983593,0.3414112684246581,0.726940845180301,0.21797177614917698,0.0,0.31767871717277263,9.653080564868013,6.778110818763129,3.361404790532543,21.0,13.5,20.0,13.0,235.93096146720433,1903.2454040761736,21.175150535166214
6.1603588741295905,-6.1603588741295905,268,1.7993886428436572,0.39973849258459726,0.44765749025337553,0.1633246244403313,0.0,0.42062120459026847,10.118552908106123,5.648932208405911,3.235463493698375,20.0,12.0,20.0,12.0,225.18648609825271,2153.6175987556853,21.151055281182774
6.160297538948651,-6.160297538948651,292,1.8141457132174426,0.393311326388733,0.8303538661912535,0.0879358473223263,0.0,0.5044838574679786,10.373312283062024,5.748615456551233,3.0901513678523953,20.0,15.0,20.0,15.0,250.215548143206,2271.468727492142,36.60781479607933
6.159377669558518,-6.159377669558518,270,1.7051236807792036,0.3782309233377899,0.5077425470088962,0.2979175727474191,0.0,0.3255401176682402,10.468948283865288,4.9643784055357445,3.1812408670012147,21.0,13.5,20.0,13.0,224.38506381566896,2439.3117206207867,25.802501032063894
6.159132033305861,-6.159132033305861,268,1.8158619897654904,0.38902268739882745,0.7865616580881015,0.19473804370089098,0.0,0.3572248582336795,10.429837818316127,4.5840054552295895,3.150963927661218,20.0,15.0,20.0,13.0,233.93922276116885,2215.7148997800414,38.399195490515
6.158795540017172,-6.158795540017172,266,1.8189950710264344,0.3740921839307925,0.7103958475749584,0.1329664737503263,0.0,0.5843866504398687,10.295854593900971,6.088081681744905,3.3092857628914767,21.0,13.5,22.0,13.0,219.21986699112696,2275.327795033399,14.271505269093181
6.158103830504464,-6.158103830504464,245,1.7947219128346497,0.32481451645848214,0.8092353591127713,0.2801897806096059,0.0,0.38429692452720654,9.485477675228992,6.937467634917899,3.328837603111179,22.0,13.0,21.0,13.5,220.83667232464197,1665.721209924623,29.803767864109
6.157784727847458,-6.157784727847458,298,1.7818264100290198,0.28220474637359116,0.4457162488666814,0.09091010555682823,0.0,0.3632491113540832,9.564240069397531,6.604118356996807,3.353662695800802,20.0,15.0,20.0,15.0,223.42106754867538,2580.642520317797,33.27095607508444
6.154723127968178,-6.154723127968178,263,1.732603101817231,0.392560429541012,0.5984963671287526,0.166832631363647,0.0,0.4262355971414111,10.266954492152628,5.3465541350434895,3.221249381788615,22.0,13.0,20.0,15.0,219.95681786724637,2379.7197610135745,16.33183564406593
6.154265451592636,-6.154265451592636,198,1.7912242469535438,0.359643259031175,0.7240065597603875,0.26607219970438045,0.0,0.4568811478433167,9.742701480138852,6.73488521545565,3.2931353225119087,22.0,13.0,22.0,13.0,214.5956050674913,1977.864820848904,39.53692049941112
6.153627168494381,-6.153627168494381,262,1.699473271488361,0.37049032864693976,0.567764210166988,0.18432342849271632,0.0,0.3520952429146422,10.519984062033961,6.13456060075108,3.09774947113153,21.0,13.5,21.0,13.5,233.7553575496655,1927.8636948026012,14.914768776465138
6.153536300172805,-6.153536300172805,266,1.7687812019900806,0.3356822940681182,0.3714464730407214,0.14493764372192422,0.0,0.40996266851804186,9.772218701480385,5.2762707608395605,3.3341033469257297,21.0,13.5,20.0,12.0,228.6486111029621,2105.838168449819,16.58834782907668
6.1534180742060745,-6.1534180742060745,260,1.806746814994425,0.36339658587658286,0.5440799190084863,0.16772559723094402,0.0,0.30203536311704826,9.83613856802057,5.891012410104365,3.2693559249265993,21.0,13.5,20.0,15.0,202.51247050030705,2251.847775445891,33.462428825415515
6.15293212857634,-6.15293212857634,219,1.8194678657966898,0.2891340129943338,0.4129861545141319,0.21704588324944205,0.0,0.5499938042954199,10.050708015340328,5.573136749249485,3.229678419131869,20.0,15.0,16.0,12.0,269.0949882802302,2115.949748868729,19.22204359237861
6.152869847186118,-6.152869847186118,178,1.8116497628050094,0.3810315593261932,0.6505068715010484,0.08407029002913992,0.0,0.5272094219740282,9.414943333963805,6.982698153842497,3.1868313548026332,20.0,15.0,22.0,13.0,208.6234425654775,2353.8344319318153,23.060352149498378
6.152869847186118,-6.152869847186118,231,1.8116497628050094,0.38103155932619326,0.6505068715010484,0.08407029002913992,0.0,0.5272094219740282,9.414943333963805,6.982698153842497,3.1868313548026332,20.0,15.0,22.0,13.0,208.6234425654775,2353.8344319318153,23.060352149498378
6.152049337416793,-6.152049337416793,252,1.7332911207646093,0.3648547653385419,0.6766530149402669,0.11892477750013046,0.0,0.3179173377146502,10.24138923911704,5.768504441107658,3.2982708279632167,20.0,15.0,20.0,15.0,248.91656264073575,2070.5239560722084,24.93679790736946
6.151573722032374,-6.151573722032374,215,1.8186561537165713,0.3710479325139098,0.3073535380062632,0.08049976413511163,0.0,0.31723208770033595,9.686465248748167,6.536032315563203,3.1646847632758255,20.0,13.0,18.0,12.0,237.94576555970787,2742.2623682899716,32.95796593203945
6.151492845547052,-6.151492845547052,195,1.803101218552822,0.389233169728767,0.7207410351090568,0.2101973168599466,0.0,0.5150026091686353,10.982338049846133,3.6265538959834185,3.2560560677225974,20.0,15.0,20.0,15.0,233.47970101978936,1887.2100062807078,29.791488661502108
6.151172183194959,-6.151172183194959,268,1.7911303988528957,0.30002334123576274,0.5026935534338788,0.223553551405018,0.0,0.40624432753436557,9.806942350631527,6.681302504890281,3.25252283518355,20.0,15.0,20.0,13.0,247.27764916848565,2392.6370658991127,8.43057514914232
6.150827773554304,-6.150827773554304,180,1.7580861158069436,0.2968108654858293,0.7473114043836625,0.2636092337738053,0.0,0.28688822611295306,9.82944522656716,4.642550876760415,3.234662390884995,21.0,13.5,16.0,12.0,231.94720764984194,2581.2116419422346,32.884432110020406
6.150566286372284,-6.150566286372284,252,1.8217333583771553,0.3302136526308417,0.5859167275395065,0.22935208950188557,0.0,0.27466879161577223,9.548982069208208,7.113208962636781,3.1849570034844517,20.0,15.0,20.0,15.0,230.0144133448169,1601.4871256842805,12.294638274787268
6.1501656954242,-6.1501656954242,227,1.8001761264491334,0.3403909727106267,0.7944203951379532,0.14953164595019566,0.0,0.37925478631553344,10.845278535060359,3.427799558537365,3.0476113888948513,20.0,15.0,16.0,12.0,252.3631997997414,2302.278416835289,34.56677519039778
6.14992904698674,-6.14992904698674,149,1.823745963802842,0.3575466304736898,0.4309783110311433,0.23899850006287884,0.0,0.38608958714202046,9.980395557274386,5.688399184647853,3.0098353807558285,22.0,12.0,20.0,15.0,220.28585283591045,1606.3723765603459,13.952522694074528
6.149760407236317,-6.149760407236317,254,1.7984883929111422,0.2855507690289818,0.7582991830607569,0.15451438078549112,0.0,0.2668844998069906,9.51180002294881,5.83916675153589,3.250176404755768,20.0,15.0,20.0,15.0,235.76164170306214,1788.0038794227723,34.22323191804726
6.149694590037225,-6.149694590037225,267,1.772343508076374,0.38484654693763437,0.7844289711422157,0.2412347054247222,0.0,0.4526975928247624,10.287688827137153,4.918848858936591,3.3655090448740594,21.0,13.5,20.0,12.0,221.33862744302178,2407.406386253737,21.485361508867594
6.149675191563607,-6.149675191563607,285,1.7632698730983858,0.37307057571753693,0.8341965473224938,0.14585042097069195,0.0,0.3149481363584023,10.29955628555623,5.320516873800428,3.117825407024652,20.0,15.0,20.0,13.0,252.80054071047218,2220.7391569708952,25.900224755734737
6.149293699716011,-6.149293699716011,260,1.7910107189877849,0.33903006726157986,0.6241499011825103,0.11905736981510398,0.0,0.26874966210401413,9.38869792774245,6.095890631813313,3.364005647318305,20.0,15.0,20.0,15.0,227.79413677611052,1609.8785865135824,25.300073053944793
6.148884868741953,-6.148884868741953,280,1.7024986318906417,0.3390259443746438,0.4316772858710147,0.12316414440444722,0.0,0.2913583997245649,10.377953784643418,6.364460169787093,3.0663012095528694,20.0,15.0,17.0,12.0,255.60834699851003,2075.877902091526,32.199425467764804
6.148201322907462,-6.148201322907462,255,1.8090564864786731,0.3189023217205947,0.8108207837462182,0.21980594627918873,0.0,0.30801932647822455,9.901615571827666,5.390360371416175,2.9979735094053015,20.0,15.0,21.0,13.0,216.09458171002595,2149.2065523842984,24.38955252688416
6.147445222709604,-6.147445222709604,196,1.7731776722014867,0.37516289102115086,0.6774388750189871,0.2898998650014209,0.0,0.5295385416617728,10.24247863200631,4.641900639701257,3.278650980470484,20.0,15.0,20.0,15.0,238.89797553109517,1891.0872227095297,39.318232855829784
6.147436976710117,-6.147436976710117,196,1.7510055711965586,0.38506340644145476,0.7652404272952329,0.2423269821907875,0.0,0.4500453626535475,10.340034109555582,5.5208266947294335,3.190099903302178,20.0,15.0,21.0,13.5,242.7311005739957,2099.900500690836,31.5627967476643
6.146503121837711,-6.146503121837711,297,1.7139931652692184,0.3982977499532515,0.6388252241283803,0.12524215668441685,0.0,0.37742741862834817,10.427023694820862,4.868331120808651,3.1979834791542436,20.0,13.0,18.0,12.0,239.74972915058814,2523.8665244850586,13.60488497567051
6.146318373395917,-6.146318373395917,260,1.77581234218701,0.35169325334837437,0.6782254121943742,0.235563808324262,0.0,0.37727202000487803,9.435230730042464,6.602410962513057,3.305577262331573,20.0,15.0,20.0,15.0,223.6176134109798,2123.5137923008347,26.04528678786955
6.1460111074284285,-6.1460111074284285,260,1.7982151339943817,0.3319901820581672,0.661500117973799,0.2071537588093956,0.0,0.4450887340922292,9.388508707066102,6.211336813532151,3.3473354730992906,20.0,15.0,20.0,15.0,218.7671417884023,1900.5674249347428,28.167269784400375
6.145997869078306,-6.145997869078306,272,1.8248374122024638,0.3828774075184967,0.5092444880548661,0.1289999521313163,0.0,0.4979381029201638,10.349461313318212,4.761682971026989,3.210977811345437,20.0,15.0,20.0,11.0,250.1659229105084,2085.532172921372,31.179428194474788
6.145740630041922,-6.145740630041922,178,1.7745405941433519,0.3802438043908559,0.5310051219004653,0.13975012275527476,0.0,0.4876365713931764,10.441037012281562,4.854946379796552,3.2384538709255946,22.0,13.0,19.0,12.0,224.63565765142712,2295.4686392805056,19.57970043866152
6.145482509843278,-6.145482509843278,290,1.7538573442218204,0.3393602368668567,0.8748763470769891,0.14736667573716708,0.0,0.3190208273544144,10.37422452855499,5.075119225596411,3.164721970487401,20.0,15.0,20.0,15.0,230.38735454785962,2063.963146160066,36.40451956491992
6.144744678544331,-6.144744678544331,234,1.8129093621572496,0.34968672024448916,0.4729958975463435,0.08996863215329863,0.0,0.41645776882707053,10.92512233841061,4.389609351872774,3.3222301345024245,20.0,12.0,20.0,15.0,243.6383388236185,1931.8164296248067,29.134526545209507
6.144744678544331,-6.144744678544331,291,1.8129093621572494,0.34968672024448916,0.4729958975463435,0.08996863215329863,0.0,0.41645776882707053,10.92512233841061,4.389609351872774,3.3222301345024245,20.0,12.0,20.0,15.0,243.6383388236185,1931.8164296248067,29.134526545209507
6.14440542744179,-6.14440542744179,245,1.7978986138668118,0.342715545869658,0.3300244859298761,0.09972711078779384,0.0,0.3338453773648083,9.722278663445094,5.153341037876578,3.314452372313105,21.0,13.5,20.0,15.0,231.18601976198326,2098.0152997524356,11.119516235573732
6.14428653170528,-6.14428653170528,260,1.801828720345757,0.3113150219599326,0.5841753814441933,0.1036563614188368,0.0,0.3201507146386119,9.650476098301642,5.784837714391817,3.354635780606391,20.0,15.0,20.0,15.0,242.14669740310686,1781.615926550926,24.355083786169534
6.14424378915398,-6.14424378915398,255,1.7450658009585118,0.32989912616812145,0.6466910685544398,0.21069463758179674,0.0,0.36216549392482283,9.592410535821937,5.9112696681696475,3.3274161299509144,20.0,15.0,20.0,12.0,221.8793639951317,2050.9294221754244,29.125234359800693
6.143769411131991,-6.143769411131991,245,1.801438653728194,0.31442562880500424,0.4671859987205851,0.18133297498686607,0.0,0.3562492796811049,9.452298852875973,5.9321892582778215,3.1812516954247334,21.0,13.0,22.0,13.0,226.82543618266922,1647.737139993044,38.954560506717144
6.143232809127474,-6.143232809127474,292,1.8132120944515127,0.35988338806705544,0.4577947451558547,0.1389372357910992,0.0,0.38898757961641667,9.838100846041332,6.290975872376765,3.02761014117772,20.0,15.0,20.0,13.0,211.84909879913363,1729.0659237493605,32.49448505826222
6.142769916502479,-6.142769916502479,269,1.8110233739827906,0.3451669567183149,0.7952299439111656,0.1134062257449951,0.0,0.3348047995301449,10.146401349185108,6.241717809519972,2.6788901342373754,20.0,12.0,20.0,11.0,241.8384986256194,2415.860973006287,24.081295643608218
6.142692409386746,-6.142692409386746,292,1.759332491909613,0.30763718234941395,0.334157798560316,0.19153182397509536,0.0,0.4067194883764344,9.666679929916889,6.538072444568692,3.3317804307850816,21.0,13.5,20.0,13.0,229.46989995430843,2376.6986281367585,34.59499046724655
6.142468804513311,-6.142468804513311,257,1.7178673495126238,0.30007395608724846,0.5933076313008674,0.12283799147819019,0.0,0.27472663276468895,9.49894996035939,5.7136650124161585,3.310824674465534,20.0,15.0,20.0,15.0,233.1480045002412,1984.902009629274,9.995201729661433
6.1414267791280075,-6.1414267791280075,270,1.797271718581878,0.3616524891235227,0.8599939268179655,0.26072678102542085,0.0,0.4733118275947779,9.984051929014718,6.93454766541933,3.377203162980593,22.0,13.0,21.0,13.5,224.3954593084949,2969.8907072803213,18.362197090822367
6.141194701050405,-6.141194701050405,265,1.8006992024220554,0.35551818017203374,0.7188297392369412,0.18474350274905543,0.0,0.4204388611794183,10.063140891978218,5.432317466050333,3.2586667872738726,21.0,13.5,20.0,15.0,229.37656149036138,2582.97384249445,17.437873708849715
6.140992565859815,-6.140992565859815,259,1.7651074945500183,0.34549496643161526,0.6907447941616702,0.14607098181056521,0.0,0.4205900468289995,9.879451401716212,6.235610796214739,3.355171047705247,20.0,15.0,20.0,15.0,234.4136124490318,2077.511997571514,25.480631239459967
6.140597383731178,-6.140597383731178,241,1.8147926773630005,0.27873922932642325,0.40909256469203636,0.21149223032967704,0.0,0.2546221737227987,8.780193280178082,7.044784992058116,3.2671436896975448,22.0,13.0,20.0,13.0,218.09361524226725,1645.4551340370222,36.02247912146696
6.139720656850603,-6.139720656850603,232,1.7758390795866936,0.34511191233311544,0.6210376396896891,0.12990478827860286,0.0,0.4769051229537601,9.580292942460556,6.8829258031298,3.30271065314858,20.0,15.0,19.0,12.0,253.73516630428426,2674.6160174247425,21.228923307594044
6.139601928687451,-6.139601928687451,251,1.6896868041647588,0.36244859250708034,0.7809551344620174,0.2986664950069199,0.0,0.2879645917684639,9.536509766474058,7.261949760703374,3.207604169013844,20.0,15.0,20.0,15.0,210.94925663349557,2277.473160428014,27.93292570714103
6.139291354205632,-6.139291354205632,203,1.7193283503895305,0.3930920013464982,0.7058295850807635,0.17204311143986287,0.0,0.4717345551279599,10.12578232588401,5.13546386876569,3.3583509431379293,21.0,12.0,17.0,12.0,230.31720003927353,1766.9245650223456,25.05208972877565
6.138003214084354,-6.138003214084354,294,1.8118100920038247,0.24617066301823592,0.5617846733246751,0.2185545536267719,0.0,0.4149430047408761,9.945067929159372,4.203886495033136,3.349430807432143,20.0,15.0,17.0,12.0,245.26271841337845,2340.7742924614263,30.287254174790284
6.1379279687220105,-6.1379279687220105,267,1.8028902288010964,0.3439575451719481,0.7722712009643828,0.2033170137949049,0.0,0.33505939237737326,9.733807316095133,5.282169242042736,3.055025725577268,20.0,13.0,20.0,15.0,226.395423892412,1985.3217418038682,15.601088138479453
6.137812203045559,-6.137812203045559,265,1.7826631726057565,0.37904001641526514,0.7110605596749403,0.17644950209969523,0.0,0.5109935619989512,10.464726735120918,6.267411748760029,3.1866478433383305,21.0,13.5,20.0,15.0,221.60316853085803,1956.0703210135664,30.305900635790863
6.13762021353359,-6.13762021353359,255,1.7892062443347725,0.37268661334972253,0.7618352717518473,0.09256127038334258,0.0,0.30725488811369894,9.590456805491002,7.87366148867496,3.321091217751242,21.0,13.5,20.0,15.0,226.68059863754098,1871.3543316507464,28.285047210844972
6.136236570233016,-6.136236570233016,265,1.7936153092579916,0.3709120305139041,0.6197831873135,0.08142444960847374,0.0,0.3927281096382608,10.092883772840697,5.771469828866088,3.035715497702087,21.0,13.5,20.0,15.0,222.4189951677063,1898.5104276000877,20.803896556431916
6.135834869935728,-6.135834869935728,255,1.758635233922235,0.3562613697397812,0.6138657567122787,0.18875919195771385,0.0,0.30176897048783374,9.42151027232304,7.156005562847357,3.304735525434217,22.0,13.0,20.0,15.0,215.5459409537752,1845.5179815772212,30.98506482612634
6.135528852623866,-6.135528852623866,296,1.7851489825048577,0.39469790731812415,0.7172232376744003,0.14834793780090966,0.0,0.5404412785922204,9.53538232690729,7.632394300308247,3.3772148592643996,20.0,12.0,21.0,13.0,247.54000448035262,2241.9977475818205,35.964873016691826
6.135178123593019,-6.135178123593019,256,1.686980948561058,0.388075393147284,0.6917614534333807,0.1344650256150346,0.0,0.5312005351776259,10.46951487722946,6.633468663418422,3.2664313935947957,21.0,13.5,22.0,13.0,224.38572954253382,1915.5088962090751,33.20392243954454
6.13499497571396,-6.13499497571396,265,1.813395543326141,0.3535239937467709,0.684880374224828,0.21610156465027924,0.0,0.36380376448136004,9.76329810972113,5.430205346324921,3.091888482738177,22.0,13.0,20.0,15.0,223.60068082893673,2692.5810072994504,8.99513052905165
6.134694975493448,-6.134694975493448,276,1.8083874690357296,0.36770292990700576,0.8875474305855872,0.19082144485846986,0.0,0.3459774783947852,9.823305858582108,5.534688369567309,3.007604759672611,20.0,15.0,16.0,12.0,260.5186682915627,1760.512220119751,22.62133732485395
6.134689185651898,-6.134689185651898,253,1.6926243962503833,0.342007107245435,0.7906528612298414,0.17373418805451193,0.0,0.3049060642589218,9.512438334680823,6.786330498165839,3.3156218662956,20.0,15.0,21.0,13.0,213.5728476191151,2000.8392219026057,30.306128062660143
6.134635376217181,-6.134635376217181,272,1.6805912502403046,0.3935697211640577,0.5371993615448942,0.0864371629684716,0.0,0.32112518802883055,10.194785957959214,7.013556158842505,3.3001608545679884,21.0,13.5,20.0,15.0,219.9076131892469,2335.037326804277,16.51339801341635
6.133743584977195,-6.133743584977195,134,1.7788427497312864,0.32091221912613704,0.5899816894885713,0.16727102826703105,0.0,0.4615349769952204,10.172278863560676,6.209080462274992,3.1206391387189143,20.0,15.0,20.0,15.0,232.48810665787568,2396.8165666411846,29.263750058354834
6.133483735433034,-6.133483735433034,197,1.8025325976657678,0.3541131223888409,0.714809339807727,0.1390252054656264,0.0,0.34056779090922384,10.393750813437496,7.460710033209109,3.3503552314710863,21.0,12.0,20.0,15.0,234.91173177854924,1936.4474230195412,22.43716030656013
6.131889703878502,-6.131889703878502,260,1.7526817581940715,0.35885857286773903,0.8109888003561712,0.16780169715038973,0.0,0.43766178126285277,9.868588651043929,6.210492537807869,3.322901559145212,20.0,15.0,20.0,15.0,245.496351776324,2204.6394971231907,37.63030049551958
6.131397221547643,-6.131397221547643,217,1.800150488055697,0.36184547645274256,0.5523052120910438,0.0940906869627864,0.0,0.4729047450724818,10.39658910317294,4.35201791270335,3.146871131763722,22.0,13.0,18.0,12.0,223.63950816805254,2533.840866780015,30.9605026944448
6.131068266178279,-6.131068266178279,260,1.795071741027924,0.39603581564180923,0.806902605985127,0.08564556821335938,0.0,0.41084510083315184,10.319756059720293,3.4498056826025865,3.310087318722295,20.0,15.0,20.0,15.0,234.36084687859636,1653.532147196876,26.898979187348218
6.130250199604994,-6.130250199604994,297,1.819044893833335,0.32325185226501785,0.8213712578917265,0.14836529325007175,0.0,0.5958778985439364,9.459023706403359,6.403446419822081,3.285930339852362,21.0,13.5,20.0,13.0,223.2451515333503,1974.7936355834286,18.12834483330778
6.129340107220952,-6.129340107220952,267,1.7498734937135203,0.3945278095772836,0.7795745960229337,0.14379690401779766,0.0,0.3452746038797172,10.664219310360725,3.846683616464521,3.233509597358279,21.0,13.0,20.0,15.0,224.58585398564432,2324.512772282223,26.186303732503088
6.129081160119024,-6.129081160119024,157,1.7087414628447457,0.350705503974703,0.8053331430953954,0.11250886352798939,0.0,0.4189259618659468,9.842738439460293,6.52938592262937,3.291334529928351,20.0,15.0,21.0,13.5,234.42902877575867,2766.629698043154,17.91567893543829
6.129081160119024,-6.129081160119024,211,1.7087414628447457,0.350705503974703,0.8053331430953954,0.1125088635279894,0.0,0.4189259618659468,9.842738439460293,6.52938592262937,3.291334529928351,20.0,15.0,21.0,13.5,234.42902877575867,2766.629698043154,17.91567893543829
6.128622006672071,-6.128622006672071,239,1.7636825425443783,0.394009308801138,0.5744746322946789,0.2442056831948446,0.0,0.4873813241078022,10.567545812410422,4.714164147549871,3.096923983311986,22.0,13.0,19.0,12.0,226.80218401197925,2750.6705632870944,11.86420708645333
6.127828739474232,-6.127828739474232,177,1.7745405941433519,0.3802438043908559,0.5310051219004653,0.24135739625839187,0.0,0.5535595709944039,10.501194653214132,4.85428238324962,3.2384538709255946,22.0,13.0,20.0,15.0,224.63565765142712,2239.205300400192,19.57970043866152
6.126680625505079,-6.126680625505079,255,1.7178958980781929,0.30921697084206207,0.762604775520126,0.2168512224522842,0.0,0.36313907264987194,9.442682789111146,7.126442123353735,3.342613020755439,20.0,15.0,20.0,13.0,249.71309548381728,2041.9894263701963,22.130692407325814
6.126261984259786,-6.126261984259786,293,1.7573559927787432,0.3438715836507395,0.5472702248980249,0.22834925436292516,0.0,0.458402438816832,10.551868621321546,3.654427110072165,3.0851457268841753,20.0,15.0,17.0,12.0,236.20728975696377,2443.763910111875,30.44295601912804
6.125072452916685,-6.125072452916685,298,1.7034226375587043,0.39870903651754347,0.5859430664223126,0.16048452795483678,0.0,0.43038324034817593,9.706944095572815,5.3673769513238305,3.2006441538666266,20.0,15.0,20.0,13.0,224.5960051573479,1533.3503645453652,29.113213517214934
6.125032253081173,-6.125032253081173,283,1.7291857093444447,0.3684997932607335,0.43781256430395876,0.15054655024100927,0.0,0.29501830699489134,9.67736279740631,6.867988146872549,3.258899662858684,20.0,12.0,20.0,13.0,238.5028781893082,2777.9382523314107,17.39068201034904
6.124072945303994,-6.124072945303994,200,1.804488865494688,0.32782180781466874,0.610085146959703,0.08010327525455775,0.0,0.2886483423669653,9.451908290562674,6.550512454099897,3.2936066669478516,20.0,15.0,20.0,15.0,235.43818994049147,1748.1197107410467,27.04124416206778
6.124072945303994,-6.124072945303994,251,1.804488865494688,0.32782180781466874,0.610085146959703,0.08010327525455777,0.0,0.28864834236696524,9.451908290562674,6.550512454099897,3.2936066669478516,20.0,15.0,20.0,15.0,235.43818994049147,1748.1197107410467,27.04124416206778
6.123852385798186,-6.123852385798186,298,1.6713824503486205,0.37694163293205407,0.807686676285175,0.24102287091490063,0.0,0.31901426724829585,11.049383237561187,2.559194153275172,3.3682449771929104,20.0,15.0,18.0,12.0,251.99418815543314,2384.3148749024867,31.32590907619148
6.12354496315374,-6.12354496315374,299,1.7379240672970342,0.35275054320016463,0.5646133042422168,0.18692369287148364,0.0,0.37277340453420477,10.375951297187568,5.468637726389007,3.0292251479220127,20.0,15.0,20.0,13.0,241.72636558840733,2257.1263938657075,17.825702715607843
6.12263529355816,-6.12263529355816,215,1.75372784249082,0.3897494781505311,0.6551252424993955,0.10322896099812372,0.0,0.4833447384176658,8.70966883463405,7.603915043828424,3.371188084537846,20.0,15.0,20.0,13.0,214.25094084304536,2366.884825539938,34.456499075521585
6.122592110491827,-6.122592110491827,119,1.7917116489405283,0.34968672024448916,0.5753375783098675,0.18705480860049709,0.0,0.41645776882707053,9.517495371883612,6.342481312470212,3.3222301345024245,20.0,13.0,20.0,15.0,225.9502256511587,2394.5304871399635,27.17313620577262
6.122592110491827,-6.122592110491827,171,1.7917116489405283,0.34968672024448916,0.5753375783098675,0.18705480860049709,0.0,0.41645776882707053,9.517495371883612,6.342481312470213,3.3222301345024245,20.0,13.0,20.0,15.0,225.9502256511587,2394.5304871399635,27.17313620577262
6.122338665005594,-6.122338665005594,293,1.799621099544811,0.36119699225549795,0.6947462591384258,0.2506557651155963,0.0,0.4171459291905692,9.648590650562287,5.602642593193482,3.072682373672955,20.0,15.0,18.0,12.0,249.87658181426738,2391.981265901213,33.61788238261795
6.122332048693605,-6.122332048693605,200,1.7347835721946903,0.343662008003548,0.6669668838729057,0.15990507074588536,0.0,0.30430794076864176,9.112249670996833,6.194763409875866,3.349586393030053,21.0,13.5,20.0,15.0,223.42101072892706,1507.720114904115,18.801129916013352
6.122332048693605,-6.122332048693605,251,1.7347835721946903,0.34366200800354796,0.6669668838729057,0.15990507074588536,0.0,0.30430794076864176,9.112249670996833,6.194763409875866,3.349586393030053,21.0,13.5,20.0,15.0,223.42101072892706,1507.720114904115,18.801129916013352
6.122154959856044,-6.122154959856044,205,1.8144939454489764,0.2933876242350873,0.5126060132014413,0.23240747885389543,0.0,0.43482035220362425,9.68468885563545,6.507700118105992,3.1670763991719078,20.0,15.0,18.0,12.0,263.4541777259796,1975.1875816750028,16.606217604750114
6.122138267164376,-6.122138267164376,147,1.8035251084769683,0.3939293438985204,0.5485041552583854,0.1692659138949033,0.0,0.48551384202616055,9.633164971624327,5.644614366963,3.373271605839352,20.0,12.0,20.0,13.0,219.97084857418724,2218.926930880279,20.45007311865153
6.122113572184109,-6.122113572184109,144,1.750103473386004,0.35828477931322816,0.3916868547323851,0.2787439428680516,0.0,0.42226864537923653,9.46343639107912,5.401764330645536,3.3698783710444804,21.0,13.0,18.0,12.0,237.68263563311194,2013.3873122009763,27.348207273480845
6.121551196623534,-6.121551196623534,255,1.8068652239095324,0.3297727093697156,0.6278323880493235,0.16058446091783615,0.0,0.38526718537507676,9.5787603210912,6.655634117510846,3.0206227196492934,20.0,15.0,20.0,15.0,231.72864745030574,1695.8841621547708,26.848347854093856
6.121508947258858,-6.121508947258858,174,1.7727198031699916,0.3030246209146534,0.46768562854577433,0.18036846374288482,0.0,0.3049951943191091,9.444156449017857,6.866736426506116,3.140484251766964,20.0,12.0,20.0,13.0,230.31598369782242,2265.1897426106857,20.553405306343944
6.121442472092664,-6.121442472092664,291,1.7590958957067646,0.374514569391567,0.603504162866713,0.21655754129248764,0.0,0.5063448365259096,9.73918722809226,5.65930604472995,3.3416356008971464,20.0,15.0,16.0,12.0,252.51457220494592,2445.5886786713904,36.077208366701186
6.120561271699819,-6.120561271699819,268,1.7566274218848994,0.3820924615008948,0.5637066446363814,0.18468058861386244,0.0,0.43057758591064743,10.47240094644662,3.556751497602167,3.1094505630411646,20.0,15.0,19.0,12.0,242.64265864398834,2465.377192835872,28.58840013269947
6.119303941945217,-6.119303941945217,266,1.8010603982246558,0.39927694797987834,0.8538387175027404,0.10226239443568372,0.0,0.3773023545097102,9.965914975863862,5.49910941740386,2.99431590845273,21.0,13.0,20.0,15.0,214.47047336830127,2525.4529000310995,21.47188517808931
6.118608704071005,-6.118608704071005,295,1.8134827585683344,0.3789946417384416,0.4337291884483159,0.28231746402675173,0.0,0.48301053803611227,10.449286323255741,7.48414326711748,3.305518183799969,20.0,15.0,20.0,15.0,225.20497281665706,1722.3019056623002,39.65370752555593
6.1181501401833005,-6.1181501401833005,214,1.8195423430137934,0.3465842169597171,0.4163612792612895,0.17140697710482883,0.0,0.5682631386994066,9.580993138559597,6.272212489590529,3.234325938701029,20.0,15.0,20.0,15.0,222.09884201474367,1709.9599953977545,30.75075462460518
6.1181501401833005,-6.1181501401833005,271,1.8195423430137934,0.3465842169597171,0.4163612792612895,0.17140697710482883,0.0,0.5682631386994066,9.580993138559597,6.27221248959053,3.234325938701029,20.0,15.0,20.0,15.0,222.09884201474367,1709.9599953977545,30.75075462460518
6.118128998650077,-6.118128998650077,290,1.7705121275811513,0.32100772213263595,0.7686923299829916,0.1749005029897908,0.0,0.3627747256364771,8.691034835763201,6.638569892095917,3.321788434673498,20.0,15.0,19.0,12.0,235.2221449551394,2583.527000926824,15.214760615250436
6.118038726031534,-6.118038726031534,158,1.8058277246733803,0.36519372746553425,0.8678959220607001,0.11694251033477053,0.0,0.4952742483780113,8.925672537064582,6.4518795961942494,3.3371227563710693,20.0,15.0,18.0,12.0,248.44711918816918,2798.9885480614944,14.404365370761134
6.117667923404975,-6.117667923404975,238,1.7941740096664287,0.39124450331030847,0.5334007254027204,0.18823852545262762,0.0,0.42348621752828336,9.631422168899697,6.274835120844415,3.287921443507565,19.0,12.0,20.0,15.0,251.8368978980725,2333.9267072059865,18.236442861766538
6.117667923404975,-6.117667923404975,291,1.7941740096664287,0.39124450331030847,0.5334007254027204,0.18823852545262762,0.0,0.42348621752828336,9.631422168899697,6.274835120844415,3.2879214435075657,19.0,12.0,20.0,15.0,251.8368978980725,2333.9267072059865,18.236442861766538
6.117585770005614,-6.117585770005614,266,1.7133330566472802,0.3713975560455172,0.7010120209770652,0.1171066019737737,0.0,0.33833437148897844,10.808863295105953,6.539445306181811,3.243943131979541,21.0,13.5,20.0,15.0,230.97233697148732,2176.884787828458,17.922029154923717
6.117515193687192,-6.117515193687192,226,1.748726623520886,0.3710007975759658,0.6970059315183539,0.15797676032605126,0.0,0.345178887990779,9.223339748837176,5.723601548572755,3.296684887546718,20.0,15.0,20.0,13.0,214.36305277355498,2276.010735500299,12.917857318814303
6.117515193687192,-6.117515193687192,281,1.748726623520886,0.3710007975759658,0.6970059315183539,0.15797676032605126,0.0,0.345178887990779,9.223339748837176,5.723601548572755,3.296684887546718,20.0,15.0,20.0,13.0,214.36305277355498,2276.010735500299,12.9178573188143
6.117230411608748,-6.117230411608748,214,1.8049667302255072,0.36749744910603027,0.7376576161971129,0.12727500402992603,0.0,0.44691007070165845,10.342225346876173,7.426305095454736,3.341317346646825,20.0,15.0,20.0,15.0,234.07349327843428,2837.5567649505215,24.174229620973975
6.117230411608748,-6.117230411608748,271,1.8049667302255072,0.3674974491060303,0.7376576161971129,0.12727500402992603,0.0,0.44691007070165845,10.342225346876173,7.426305095454736,3.341317346646825,20.0,15.0,20.0,15.0,234.07349327843428,2837.5567649505215,24.174229620973975
6.116889696182877,-6.116889696182877,291,1.8221599836827103,0.3842867974756915,0.5878549538690204,0.2613857396206324,0.0,0.5993727688747548,10.708667573889779,3.682682091214189,3.151981751753788,21.0,13.5,20.0,13.0,221.5181215188524,1764.2427732714998,38.080116552021224
6.11649920599057,-6.11649920599057,290,1.7879254873826926,0.2993413790758522,0.6708257325055833,0.16466337712815335,0.0,0.42942560794776247,9.869202238398634,4.826157542041926,3.0862701301154893,20.0,13.0,20.0,13.0,243.16243397495967,2427.628214722956,17.182407554791233
6.116041912696678,-6.116041912696678,245,1.8045772766836188,0.34117415835391246,0.3950495759324225,0.2942736748134717,0.0,0.4373192198418151,9.98117557811732,5.3757652996625085,3.2851860434189817,20.0,15.0,21.0,13.5,241.71913171506534,1766.3469537174417,30.267502479728243
6.116041370511136,-6.116041370511136,245,1.7395045332707748,0.28934016478492075,0.8497873190574514,0.21256592294457496,0.0,0.3331897068203191,9.656695961147086,5.837834427409977,3.343170778106111,19.0,12.0,20.0,15.0,257.62426271346527,1823.6485695674014,36.72271734319048
6.115739506759679,-6.115739506759679,268,1.7875315891474812,0.3387497243697729,0.7822829891848156,0.2596435489971051,0.0,0.3936014430086048,10.66814179655113,3.0927967607028943,3.1805556134275887,20.0,15.0,20.0,13.0,237.32588581318348,2139.512685313238,27.722762514002063
6.114869477102482,-6.114869477102482,293,1.7680274477150708,0.39994556757220145,0.7635905974981487,0.28512238340965446,0.0,0.4659239521891476,9.682778458748977,6.614611560117291,3.018137952281506,20.0,15.0,17.0,12.0,260.28185791191413,2289.0132757562415,30.895983009420135
6.11365994748121,-6.11365994748121,268,1.7195276297656077,0.3531659058375458,0.5743597072198837,0.15509352305118984,0.0,0.3507158192576219,9.935941568778084,5.76900556692979,3.0551577088329793,20.0,15.0,22.0,13.0,230.2030172666914,1883.4229438932634,7.296040554963813
6.113570793797399,-6.113570793797399,232,1.7952541874658843,0.349842083241318,0.745187052927388,0.1680260538223143,0.0,0.4382907482026896,9.986939451395603,6.09344261528178,2.9859104275289186,22.0,12.0,21.0,13.5,221.13651709047647,2086.415865411704,14.57843169284304
6.113504107095966,-6.113504107095966,254,1.7687871526668493,0.2913468936469046,0.5707456136581899,0.1296501812031489,0.0,0.31210193113724627,9.896278224635166,6.979837420666943,3.1724312929717517,20.0,15.0,20.0,15.0,248.7363938912626,2170.4270760362397,7.855783866429697
6.113348809725766,-6.113348809725766,232,1.7485794093693539,0.3580313934178509,0.6551940604026205,0.16897378373284605,0.0,0.3028043576489592,9.898308417001441,5.1368141496762965,3.20447529427906,20.0,15.0,21.0,13.5,232.82392350452375,2819.789029390655,30.38036192475019
6.1117608932658865,-6.1117608932658865,224,1.7802715229436408,0.31501737056246293,0.5537522217945116,0.24907173093660107,0.0,0.28764228511768386,9.195775853015686,6.192914573343659,3.1970963133225165,20.0,15.0,18.0,12.0,245.7554344740278,2451.1339787312745,20.139022927564657
6.111059865734087,-6.111059865734087,264,1.7259952692070737,0.39527719018695406,0.6335705318040347,0.22858144688903026,0.0,0.46481274942385825,9.860927636995704,6.000588449164741,3.1521526027997977,21.0,13.0,20.0,15.0,229.5370076400351,2090.5786929547116,15.842006974762924
6.111053286510744,-6.111053286510744,156,1.8008702726709798,0.2528284091187771,0.5777856211494897,0.16128974188142794,0.0,0.4044082118186805,9.312173945686357,5.577579142952049,3.375049247162919,20.0,15.0,19.0,12.0,235.5769188168706,2224.727421278089,19.25556126356408
6.11011359306768,-6.11011359306768,274,1.7536803447543303,0.32992159566253004,0.6466764952849644,0.25188540757845607,0.0,0.44427119429752926,9.57764089927593,4.467316352972494,3.2685965022522785,20.0,15.0,18.0,12.0,230.0481109419725,2705.557245716477,27.55577292953098
6.109851197512861,-6.109851197512861,259,1.800422383232314,0.370696416805171,0.8180183847467716,0.15657813285409453,0.0,0.30278003104259016,9.685923270750733,7.0749506122618415,3.334021455709115,20.0,15.0,20.0,15.0,215.67343999358,1707.0190389144752,20.310663323157478
6.109776284468176,-6.109776284468176,268,1.7784198099617012,0.37937620324947147,0.7717834571305222,0.12274476284757616,0.0,0.3392630867790446,10.405640487291706,5.710039173085481,3.123611622034674,21.0,13.5,22.0,13.0,237.17877416607803,2839.3498053776093,5.671012753340147
6.109486568025544,-6.109486568025544,257,1.7411146230983496,0.3489732747449942,0.7020667244671563,0.17891144580591029,0.0,0.4534835586578049,9.274444476223751,7.0226689195752625,3.155405821159508,20.0,15.0,20.0,15.0,207.73725796604072,2546.8499040755637,24.979542115614958
6.109457893818786,-6.109457893818786,259,1.741456323142264,0.3477414171576961,0.776548820214225,0.1655599191627934,0.0,0.49410849072485363,10.025861457837525,6.494661412842196,3.2856911661944594,20.0,15.0,20.0,15.0,246.52656572092835,1988.8898353805305,29.139456857290078
6.109046714584349,-6.109046714584349,216,1.8234118360134208,0.38889608202096937,0.47835933766825117,0.28155411338460834,0.0,0.3457276445382846,10.014829907304597,4.294287119656176,3.340050407730393,20.0,15.0,17.0,10.0,271.9808794912657,2256.889705668147,23.130777098384527
6.108781178213188,-6.108781178213188,230,1.811660262343036,0.2765878111218137,0.5496479880273691,0.22450606797247713,0.0,0.477202455839956,9.438299797538235,6.331294269291659,3.2708029777140055,20.0,15.0,20.0,15.0,225.81058378985082,2300.3484085647488,27.222306965040502
6.10858673795901,-6.10858673795901,285,1.7825859135260353,0.28507633972702967,0.8352701432870575,0.17396812803638537,0.0,0.29788253576399826,9.33785429451823,6.634196767662126,3.1971922741496153,20.0,13.0,20.0,12.0,245.2253507881976,2075.5552824345273,15.976992550773744
6.108567611165161,-6.108567611165161,214,1.8159633137085556,0.36619451831580285,0.4153019350882676,0.2779445044153186,0.0,0.4392148841485845,9.415189161675055,6.364460169787093,3.2961138998867523,20.0,15.0,20.0,13.0,255.60834699851003,2427.668514421692,22.27348460454662
6.108069379197808,-6.108069379197808,210,1.7923292767377514,0.39834322403852085,0.7178898813583081,0.25696392272885,0.0,0.5123909520499871,10.04783655490196,3.99129359331019,3.02865687678553,20.0,12.0,16.0,12.0,243.16928388779309,2005.526681491171,9.798483856816812
6.108069379197808,-6.108069379197808,261,1.7923292767377514,0.39834322403852085,0.7178898813583081,0.25696392272885,0.0,0.5123909520499871,10.04783655490196,3.99129359331019,3.02865687678553,20.0,12.0,16.0,12.0,243.16928388779309,2005.526681491171,9.79848385681681
6.107949184884285,-6.107949184884285,266,1.8149412702838512,0.3891431919650359,0.7439920259774171,0.15105709312318621,0.0,0.38133478597613635,9.222338487680226,5.456741304604543,3.2240860702127163,20.0,15.0,20.0,15.0,218.30749507595846,2795.5259120803157,25.421546825559634
6.10773774961558,-6.10773774961558,263,1.7255139500589727,0.2978695429111157,0.35518172497223305,0.16827487426402157,0.0,0.3879109233664464,9.791519155492317,7.141363159885088,3.1535167464018126,21.0,13.0,21.0,13.5,233.95720654979286,2406.6217540696284,20.548756647263467
6.106814041518444,-6.106814041518444,197,1.7959031815877537,0.3858464930010088,0.6138035340613681,0.2803008993646036,0.0,0.5859349074729489,9.64689813540026,5.930038849835485,3.1931674040267044,20.0,15.0,20.0,15.0,231.74465617579588,2618.6312859360387,36.96893978318212
6.10630227080658,-6.10630227080658,278,1.7840190137867307,0.36158903002874787,0.35729079502630157,0.24468511684430289,0.0,0.3662797283173917,9.795518304565698,5.186039039111806,3.299787373573517,21.0,13.5,20.0,15.0,240.28545157898546,2705.076276186306,31.088880397772837
6.106241304886492,-6.106241304886492,293,1.7466330304979383,0.31511750718601284,0.6429837518315792,0.21296517949039068,0.0,0.5109242604318345,9.79503534263208,4.69729656637893,3.190531472256829,20.0,13.0,16.0,12.0,247.0239886037612,2556.850558234776,14.713272387449967
6.105924109402973,-6.105924109402973,238,1.7890699245351072,0.3859015294231575,0.5464395221015887,0.1206133692548246,0.0,0.44345653510952615,11.026753384106232,2.79100004676315,3.227121003616337,21.0,13.5,19.0,12.0,240.02914973336252,2926.014003955018,35.54205339801955
6.105817360320707,-6.105817360320707,253,1.7657979257971137,0.3955845621443913,0.6064430189101515,0.1859358433305702,0.0,0.3884971191804806,10.6363469202163,7.094046327173986,3.060873534440341,22.0,13.0,20.0,15.0,220.29462788374644,1804.0771130775377,19.451514936055577
6.105587210838877,-6.105587210838877,229,1.7301717486040364,0.3930736915833568,0.8525982765929685,0.2314050223675031,0.0,0.3630037287616529,10.787178777410464,3.5434167795268534,3.19868290740212,21.0,13.5,20.0,13.0,225.4437453934211,2157.8043513649227,33.067983914442074
6.105587210838877,-6.105587210838877,281,1.7301717486040364,0.3930736915833568,0.8525982765929685,0.2314050223675031,0.0,0.3630037287616529,10.787178777410464,3.5434167795268534,3.1986829074021195,21.0,13.5,20.0,13.0,225.4437453934211,2157.8043513649227,33.067983914442074
6.104739026545671,-6.104739026545671,195,1.7677906564143995,0.3879918428273975,0.7909143228030211,0.29976300262660216,0.0,0.3078443337305732,8.953977246233293,7.3082373338943585,3.241472243978043,20.0,15.0,20.0,11.0,244.87396704414522,1736.4115699995384,31.791439169718082
6.104739026545671,-6.104739026545671,251,1.7677906564143995,0.3879918428273975,0.7909143228030211,0.29976300262660216,0.0,0.3078443337305732,8.953977246233293,7.3082373338943585,3.241472243978043,20.0,15.0,20.0,11.0,244.87396704414522,1736.4115699995384,31.791439169718085
6.103689260364913,-6.103689260364913,296,1.7541812499084868,0.3728991418404288,0.5713043814814915,0.24834756719516587,0.0,0.3109488364418972,10.701878376347121,3.539292203585962,2.969807834920948,20.0,15.0,20.0,13.0,244.42732196859106,2455.8191157146985,35.74493722851017
6.102885435744048,-6.102885435744048,259,1.76764460180448,0.3622117877691713,0.6237427203976413,0.15203524068835628,0.0,0.27709268009954224,9.729984311312911,5.159945521519998,2.9227052442413664,20.0,15.0,22.0,13.0,227.19800848920482,1784.6991564592079,30.180037924741097
6.102670452976189,-6.102670452976189,280,1.8160565358179743,0.36162556659184825,0.46863292623860775,0.08460486683961094,0.0,0.4098864843897453,9.424265324953641,6.802589925584728,3.1593083319095077,20.0,15.0,16.0,12.0,272.9905948264882,2138.4852344368105,24.76048626303963
6.102123397261359,-6.102123397261359,290,1.7883381534777547,0.3353342327144222,0.7988490419231199,0.16988949968075373,0.0,0.32953805281634574,9.379739366511245,5.141804366483163,3.3682288718974402,21.0,13.5,20.0,13.0,235.34797973714763,2497.33571609232,9.729537203896383
6.101514521729491,-6.101514521729491,251,1.8132820565444892,0.3396380966727617,0.586660579598953,0.1487145563215337,0.0,0.3758676246606036,8.90309082739875,6.388360330730507,3.3717310805963887,20.0,15.0,20.0,13.0,209.8129905292565,1970.066483143989,33.057379195501895
6.101319261352281,-6.101319261352281,237,1.7742369141671581,0.34649806887044254,0.676802904318371,0.19368355712161825,0.0,0.4469421462710922,9.418073910292868,6.333646248302377,3.218350982648431,20.0,15.0,20.0,12.0,234.16678427377363,2152.274745833563,32.829713988494916
6.1008186943972955,-6.1008186943972955,292,1.7818264100290198,0.3894702308351561,0.4457162488666814,0.17401236289678199,0.0,0.3632491113540832,9.999518694130042,3.5772823364210957,3.296979488369982,20.0,15.0,20.0,15.0,223.42106754867538,2580.642520317797,36.99510676928321
6.10071385731111,-6.10071385731111,196,1.806746814994425,0.3888608067349915,0.6916843527664784,0.21362630442542635,0.0,0.6022303543685115,9.83613856802057,6.8035271628661,3.2693559249265993,21.0,13.5,20.0,15.0,229.2310187640969,2251.847775445891,11.166471110761282
6.10070159765514,-6.10070159765514,244,1.8256548928422947,0.32851864613797,0.4506388178472987,0.2603670138266664,0.0,0.28559000874552676,9.786907061139814,4.79022538526275,2.8693505661968657,20.0,15.0,21.0,13.5,230.50573741701052,1986.927691773567,23.664494828136423
6.099620646214873,-6.099620646214873,260,1.7295345980947001,0.32894236708290414,0.5820188570068231,0.2791020160741555,0.0,0.34959953094276364,9.474048973648594,6.33146875577877,3.13653309011539,20.0,15.0,20.0,15.0,226.29206008113795,1838.831408567039,39.87494110167607
6.0990540310663075,-6.0990540310663075,227,1.8153343958405763,0.2706183779339464,0.79327652345784,0.17258741486340468,0.0,0.3012414786431137,9.563916927973374,5.543184190928709,3.1103031902043123,20.0,15.0,17.0,12.0,243.29730493318021,2172.93005924207,12.633774018075133
6.0990540310663075,-6.0990540310663075,281,1.8153343958405763,0.2706183779339464,0.79327652345784,0.17258741486340468,0.0,0.3012414786431137,9.563916927973374,5.543184190928709,3.110303190204313,20.0,15.0,17.0,12.0,243.29730493318021,2172.93005924207,12.633774018075133
6.098836997211947,-6.098836997211947,286,1.814673760642326,0.36292487744443486,0.5583552284917238,0.22532226849638998,0.0,0.4222492221611669,9.757119930114957,5.870997939352873,3.095560823240482,20.0,15.0,21.0,13.5,225.84689098681596,2639.1987101240056,22.32588713843811
6.098735375080125,-6.098735375080125,198,1.7609325499477078,0.3643914028104337,0.7931768896199757,0.10193986546106346,0.0,0.3582708388288158,8.735107188828586,6.239177318986701,3.3174451095960356,20.0,15.0,20.0,15.0,222.23538746582858,1652.5989316562873,34.180422887389966
6.0986856186593155,-6.0986856186593155,260,1.738387968840566,0.32844116588793937,0.7774466183748302,0.20079178198819084,0.0,0.30995475163590447,9.536889002379596,6.157116514856746,3.091159348240392,20.0,15.0,20.0,15.0,226.24790912520348,2469.171959417359,36.724405830238425
6.0985836432089275,-6.0985836432089275,257,1.8235192724687568,0.3689173759907705,0.7875768414343608,0.13438109867457326,0.0,0.4565779596124761,9.808801490382724,6.985161139139561,3.1740664345301055,20.0,15.0,20.0,15.0,257.7049298579525,1888.258275075998,18.617330462824924
6.098095553902263,-6.098095553902263,245,1.8126857407776227,0.3487604233483551,0.8866457179332599,0.25731720799087193,0.0,0.5122418744906772,9.776317286424346,6.247858222147312,2.8177718481904748,22.0,13.0,20.0,13.0,225.56657249416125,2876.8513352529203,20.746228710276377
6.097940294065987,-6.097940294065987,258,1.7105808775751454,0.33820759557546226,0.7261068349857807,0.14683116651078323,0.0,0.5244987667861211,9.591925805476311,5.2997474120138754,3.2720302196141136,20.0,15.0,20.0,15.0,219.98827016230302,1899.4042928202336,31.602481899024184
6.0977924777781745,-6.0977924777781745,196,1.741772110946738,0.30105867672483977,0.818047728513288,0.08963645745407937,0.0,0.4451689429252968,9.139738798656206,6.752205861942018,3.360699403533954,20.0,15.0,20.0,13.0,233.74428256898307,1838.7445809000703,33.23789524611062
6.0969991798644045,-6.0969991798644045,252,1.8196096140418359,0.33099301174371676,0.7469155404593528,0.15967157380143898,0.0,0.2897358904677114,8.532206900046383,6.540800102424422,3.370303164945726,22.0,13.0,20.0,15.0,218.40740923317787,2397.566315241726,28.24311923389616
6.096862966097466,-6.096862966097466,145,1.808925036144539,0.3383783072529639,0.38898719553377425,0.262111259166107,0.0,0.5142416080869356,9.198181803639663,6.506988995895249,3.2927104048490055,16.0,12.0,16.0,12.0,301.83444182790765,2552.925150025661,37.66191563403076
6.096819913831176,-6.096819913831176,233,1.8246157731733286,0.38651255974706067,0.4929198331035237,0.25296586678863786,0.0,0.4599990173683308,9.645548998182921,4.89169300633531,3.269175590708883,20.0,15.0,20.0,13.0,258.5992681158011,2592.730902677441,21.23796530968134
6.096757577183862,-6.096757577183862,255,1.7682956255418096,0.36923828419829713,0.6605751691797708,0.09795664026159638,0.0,0.4450374108822871,9.410265752919978,4.982293430243057,3.2370842146855887,20.0,15.0,20.0,15.0,230.37834893847392,1640.9360794202817,26.34305264583687
6.096582953029211,-6.096582953029211,119,1.8204582613788647,0.3609210739308436,0.6268842865555876,0.23809714750055277,0.0,0.4995950570963157,9.41723215534903,6.570882586016273,2.9816277165252605,21.0,13.5,21.0,13.5,223.4503192612419,2589.010026382188,0.8394515400177305
6.096313280474402,-6.096313280474402,268,1.7945895764131903,0.32907366093342916,0.6102950612153715,0.2669200137027483,0.0,0.35320653659110707,9.329160236147285,5.8114328717771135,3.254018120148599,20.0,15.0,18.0,12.0,271.4202171474494,2129.5672830611393,10.568451270834807
6.096144826458518,-6.096144826458518,262,1.780886544527592,0.38396158972645444,0.6015806523169395,0.14945612798719346,0.0,0.4161761833264129,10.174873440938839,4.5500339261272105,3.2320279440924704,22.0,13.0,20.0,15.0,227.44749402808458,1773.7401875723824,23.20342689922478
6.096037746031406,-6.096037746031406,171,1.762227141031318,0.39766221413346925,0.7999493487294257,0.12908595558937966,0.0,0.3175986603027509,9.108607571791083,7.103799048992852,3.278474458830174,20.0,15.0,21.0,13.5,204.34673604527285,2933.7930575567957,21.988140538703682
6.096033535978764,-6.096033535978764,159,1.6836262059299292,0.34888679905459585,0.5823272237787553,0.1173688269281353,0.0,0.39706243122257934,9.866775130122496,4.423030765907588,3.206694262240596,20.0,15.0,21.0,13.5,228.11929087946936,2106.014143966945,24.249571295378857
6.095886776483991,-6.095886776483991,244,1.7675604132663152,0.2893738609282141,0.8734346287932309,0.2878724484531137,0.0,0.4372230736743249,9.91956241304428,6.491492992403296,2.9919841375961056,21.0,13.5,20.0,15.0,230.22865420040608,1842.373344773541,22.110289706290924
6.0958096290156565,-6.0958096290156565,279,1.773952066322729,0.335179524850274,0.580640466665872,0.19760648821551724,0.0,0.32220144900223274,9.473442726365697,5.534688543217149,3.2003679618301195,20.0,15.0,18.0,12.0,234.00672550303563,2848.70234989307,37.12472748766001
6.095355557229131,-6.095355557229131,267,1.7586942804323658,0.3408003102256677,0.4576938090957595,0.13587872704509515,0.0,0.39525101528175055,9.30333006086586,6.600817906370801,3.2951125040292997,20.0,15.0,21.0,13.5,229.36199132025186,2921.723407237587,17.01562766218355
6.095124531882083,-6.095124531882083,261,1.8162971201989317,0.32679440623566475,0.7367454843076932,0.23472660796837794,0.0,0.451992030889397,10.069078151489808,4.616210794935183,2.982338291692777,21.0,13.5,21.0,13.5,233.39895200331446,1843.0049367003166,16.852318462178523
6.094747787802419,-6.094747787802419,265,1.535976290438672,0.3742795248466693,0.48974114091465704,0.21179926151209766,0.0,0.4095587990304849,9.96738209499175,7.111074149925306,3.301949245967509,20.0,15.0,20.0,13.0,245.9845530147029,2110.460220943685,12.738359777671718
6.094166221230329,-6.094166221230329,183,1.777961783781794,0.3059575271254609,0.846134319938871,0.27974441381845866,0.0,0.5419991466204702,9.682260699889975,4.776467906082165,3.340860465995428,20.0,15.0,20.0,12.0,250.91804720013798,2957.848730756059,38.43120879454142
6.094045845755879,-6.094045845755879,225,1.818625857631969,0.337597707064956,0.6691137852677618,0.13416239026234866,0.0,0.3535565575932039,9.566224417178717,7.647932253870623,3.0153576316873942,22.0,13.0,22.0,13.0,216.31507314884314,2446.8988778327403,22.899355965200996
6.093434056437275,-6.093434056437275,261,1.7721096630960067,0.3746156278256325,0.812162651853617,0.21799286955492975,0.0,0.4052737048921494,8.966155620474149,7.034699078382776,3.255205710635666,22.0,13.0,20.0,15.0,226.50969220990476,2078.355792076299,4.621267489084605
6.092887600252021,-6.092887600252021,268,1.8078534762110585,0.3747560472053798,0.48151319418351235,0.1448224009299878,0.0,0.3322065079892786,9.633971279882012,4.723233998032551,3.2151563802496197,20.0,15.0,20.0,13.0,237.04065866698022,1882.503181025443,14.105534095677246
6.0927151219253854,-6.0927151219253854,212,1.6860909681144465,0.3507434750512436,0.8764433304899782,0.13251201939782675,0.0,0.4392148841485845,9.937110690828572,4.610269628981396,3.2961138998867523,20.0,15.0,20.0,13.0,255.60834699851003,2903.0024367612396,24.80122491101104
6.091856008440646,-6.091856008440646,198,1.784397059605313,0.3513298550544876,0.6332441680996043,0.15607621872296062,0.0,0.44653238169843557,8.97955923752086,6.797396456272921,3.3231701079723854,20.0,15.0,20.0,15.0,238.3962360627658,2099.4174879136003,15.949890544710064
6.091195776618924,-6.091195776618924,287,1.8164689542165353,0.34213372490318933,0.6211178073983871,0.2421724542099051,0.0,0.4057700386467024,9.185670100500243,6.63688437341159,2.9784078825239932,20.0,15.0,20.0,13.0,239.6699228239454,2461.478432261508,7.797152287131892
6.090701532023094,-6.090701532023094,283,1.7658836636924669,0.39191489933749357,0.7709235827062667,0.13441843217232657,0.0,0.3940722681393904,9.747005480000453,4.7928706654713755,3.2240442686591857,20.0,15.0,21.0,13.5,219.016294911705,2868.594631891423,23.240701105032887
6.090602865646263,-6.090602865646263,265,1.768585756723615,0.3948730961157487,0.4373579526494243,0.11721088758485738,0.0,0.45657330733487184,9.565671946455598,5.724180914208064,3.2178982519315484,22.0,12.0,20.0,15.0,219.11462754991916,2030.8097462403211,9.858731748364303
6.090133016824819,-6.090133016824819,283,1.7482477050910905,0.3520263321674129,0.5983541723699854,0.2156260715347173,0.0,0.31684146754502146,8.85443145706028,6.197146954177895,3.18569178132685,20.0,15.0,20.0,15.0,215.75046003811136,2911.478366910651,17.611199052905842
6.090000926713255,-6.090000926713255,285,1.7636341889530098,0.38748038984652766,0.6356665031977661,0.16279245763156697,0.0,0.3856341143763948,9.522208506021064,6.065393864276508,3.050321190920499,20.0,15.0,18.0,12.0,247.84396360918097,1998.279959916393,26.191349348962632
6.089773329316269,-6.089773329316269,253,1.7189886552179685,0.38119568427351397,0.726039790004717,0.2399360961779976,0.0,0.5007764818630503,9.558661972455644,5.087760214412942,3.3415210772222315,20.0,15.0,20.0,15.0,228.4762521880246,1551.460201323803,19.810613758148623
6.08977266857721,-6.08977266857721,231,1.743731555241623,0.3359585780275076,0.6664995328211987,0.1850630246815908,0.0,0.3629511602410663,9.61825124997727,4.450045632559418,3.154479643745514,20.0,15.0,16.0,12.0,247.1936489855084,2846.285537342013,32.14079606163122
6.08962250187889,-6.08962250187889,248,1.7359554847462686,0.31029258820189975,0.46920545613516285,0.2966391409860125,0.0,0.3219076229578155,9.575251296581943,5.226193593355838,3.1467545777544412,20.0,15.0,20.0,15.0,221.84927503329456,2422.638540577592,27.352815880863965
6.0888631218561375,-6.0888631218561375,277,1.7220307571335027,0.34910839619545947,0.6037213761946387,0.12867091192392383,0.0,0.39837703747309927,9.416404843805585,6.254959088144564,3.3128890367069355,20.0,15.0,20.0,13.0,253.65650899414322,2865.0362842054237,26.733984926792964
6.088787540935245,-6.088787540935245,193,1.8114536527572223,0.2559782173012889,0.6320436797080616,0.2316446267802497,0.0,0.40006149685763537,9.861134397999322,5.6109171352597755,2.963558116980243,20.0,15.0,20.0,15.0,236.85730421948728,2145.030927765236,38.608873477482604
6.088727160825858,-6.088727160825858,278,1.7363599207662233,0.38868610990017527,0.496170596738578,0.16846923519758455,0.0,0.3967996018634802,8.82155729091413,7.395642087670852,3.362247052159998,20.0,15.0,20.0,12.0,229.38399207415353,1830.636560764738,0.43321641661517063
6.088654517885809,-6.088654517885809,273,1.73784803602788,0.3686453016347322,0.47240987488925945,0.2025869050381454,0.0,0.4177666231861979,10.667128749836667,2.8828930305355414,3.302132999219624,20.0,15.0,19.0,12.0,251.17573834946674,2468.7283201364403,4.886685310457398
6.088215291852675,-6.088215291852675,198,1.5592674078549096,0.33465854261070493,0.502781915078557,0.12428193951343412,0.0,0.2864018301431056,9.40091070303923,6.754021375439593,3.3651566985149244,20.0,15.0,20.0,15.0,231.96375828554076,2066.629278304634,21.241295487238308
6.08819782752981,-6.08819782752981,249,1.8106340155526683,0.3971715051069742,0.3451638259839181,0.2067477832560765,0.0,0.3572562128931892,9.582245546972924,5.138867463953761,3.1783897655351496,22.0,13.0,21.0,13.0,212.88495631091737,1584.791591498837,28.776969212751435
6.087934709437734,-6.087934709437734,71,1.8257518377038804,0.3498226599632913,0.7322229283195807,0.18602538960178233,0.0,0.5737084655462203,9.536997614163552,7.02040541377312,3.3420813030461574,20.0,15.0,20.0,15.0,246.74706294715503,2029.356415714985,33.29070918562504
6.087578434982433,-6.087578434982433,253,1.7555926347865514,0.37133011533269195,0.5841753814441933,0.1731397412999085,0.0,0.3201507146386119,8.799103792606898,6.936462756842811,3.2298736597360005,20.0,15.0,20.0,15.0,223.42228932705032,2719.870297163513,22.39297267049551
6.085644128449473,-6.085644128449473,193,1.7039815688598061,0.296037377111571,0.8848698033257718,0.1705017749207037,0.0,0.562928349901533,9.70251243417496,5.761269921358748,3.2680598565846246,21.0,13.5,20.0,15.0,233.2575849218703,1852.157858099783,22.035223151223935
6.08534572197784,-6.08534572197784,280,1.6970597765981235,0.36657287426577967,0.41807314019250474,0.23555662036094493,0.0,0.28212985200571195,9.944504241368751,4.760795663983398,2.901072127068609,20.0,15.0,17.0,12.0,239.60864672336155,1663.034840563056,31.91423381215965
6.085189799473127,-6.085189799473127,289,1.736026358214234,0.3240290250045233,0.7891709389129729,0.21118922736946466,0.0,0.41819919570846037,9.975535696280954,4.944425208060191,2.973025002995208,20.0,15.0,20.0,13.0,235.1666985003349,2584.8213838388756,30.070909145382515
6.085071609282217,-6.085071609282217,131,1.7744488872534352,0.26570610997471045,0.7547024074154602,0.22665400945772038,0.0,0.573925867139017,9.316475007846027,6.351568586514471,3.288678416995185,20.0,15.0,20.0,12.0,245.87743994343273,2330.163534244057,31.790103958264293
6.085056612527767,-6.085056612527767,297,1.777597256271957,0.3363722630127012,0.7147584318678568,0.1906404623660939,0.0,0.3491599317116803,10.349665987878865,3.19707570881018,3.1913624547055783,20.0,15.0,18.0,12.0,253.91002468625604,2331.1592075418857,30.303058573981353
6.085042513338195,-6.085042513338195,259,1.7375882981666462,0.36201284635525877,0.5780878005599791,0.24515257115913447,0.0,0.4359228094662308,9.802887032520449,5.8125524028259985,3.1580622023078835,20.0,15.0,20.0,15.0,248.97071912730937,1929.0892500512819,30.977381560770638
6.083606382848834,-6.083606382848834,262,1.768585756723615,0.3938823554768246,0.4373579526494243,0.12795181903017117,0.0,0.44223581378281573,9.565671946455598,5.724180914208064,3.2178982519315484,21.0,12.0,20.0,15.0,232.16134653979833,2030.8097462403211,12.645016188087265
6.083590099912806,-6.083590099912806,259,1.8275922907522215,0.3282414528837687,0.7376718638342801,0.16319526109147142,0.0,0.49269361068360895,10.295899951935196,3.279415002868655,3.27490339640453,20.0,15.0,20.0,15.0,236.16456296847895,2007.6654222062193,12.800856391130083
6.083511825998002,-6.083511825998002,292,1.7444018711098865,0.3903509628081867,0.536608929705907,0.16961748896992757,0.0,0.5126573651687754,9.125707485956235,5.398654859524472,3.191210456401768,20.0,13.0,17.0,12.0,243.9547573801164,2123.750130840401,21.09985333818573
6.083468264957022,-6.083468264957022,259,1.7328917444738963,0.31186677238711724,0.6895324726484253,0.20051820612186264,0.0,0.2700912732133026,8.813133218582774,7.144897160647215,3.334487207594617,20.0,15.0,20.0,15.0,220.0310253377408,2215.282626264179,13.004011132968841
6.083402360404968,-6.083402360404968,271,1.7890507635980155,0.25521016346036185,0.6889544099087695,0.24591762183854227,0.0,0.4465869414177507,10.137347411024134,5.072580482519535,3.0947025720332597,20.0,15.0,20.0,15.0,242.44988824386684,2168.847191608777,29.688508968123053
6.083017121651504,-6.083017121651504,251,1.8107452798699901,0.36276292565142176,0.6203158714229101,0.0887899308658238,0.0,0.5625694688001236,9.96740447617812,5.717803550063893,3.053695396179257,20.0,15.0,20.0,15.0,215.52094025537372,2458.54464804345,34.097898617232325
6.083005858325656,-6.083005858325656,149,1.792409589134868,0.31732501651194156,0.7479510823820381,0.1884830211261803,0.0,0.47344878836561494,9.532522692766182,5.08800692718944,3.3285417546493417,20.0,13.0,18.0,12.0,223.80164601052192,2285.192010644375,27.14509045541113
6.082177087332238,-6.082177087332238,190,1.7517439225540694,0.32821858751210786,0.5837219237244538,0.234502568865401,0.0,0.5143421317372442,9.71674975119873,4.56294880933125,3.3518490172651365,20.0,15.0,20.0,11.0,250.31349977879844,2067.979506266609,29.83382016113825
6.081949061008167,-6.081949061008167,238,1.777028390511807,0.3434627766213627,0.6396585089422057,0.2570715853425555,0.0,0.34007844485697064,10.177798870083265,4.103843610594234,3.2371473711387226,20.0,15.0,20.0,15.0,221.89479319118794,1600.9258507851794,39.53734061393525
6.081224194891851,-6.081224194891851,136,1.7313902027643198,0.38325872841119474,0.6407483414183579,0.22909828047754735,0.0,0.393287401910628,9.671110303716606,6.544574365875716,3.1513503372564946,22.0,12.0,20.0,15.0,219.70289077311153,1989.1097196475475,30.802478088251483
6.081150792245457,-6.081150792245457,158,1.7536803447543303,0.38673234375216475,0.6466764952849644,0.158164337426997,0.0,0.44427119429752926,9.57764089927593,4.857702284981048,3.2685965022522785,20.0,15.0,20.0,12.0,236.2775623412023,2745.144259702211,17.570693589575452
6.080800115548424,-6.080800115548424,266,1.7522412867302908,0.38446197172656926,0.5835238138634085,0.15833631131308623,0.0,0.43533220744459733,9.795026373639375,4.774862047018647,3.1850405746103183,21.0,13.5,20.0,15.0,214.63924332282724,1555.036773222456,21.94061637299329
6.0798419787464635,-6.0798419787464635,139,1.7189886552179685,0.3761290711873495,0.8805817198939792,0.2399360961779976,0.0,0.5445713842494447,9.558661972455644,5.087760214412942,3.2569369721136336,20.0,15.0,21.0,13.5,211.45100651716544,1936.2418523414524,38.69686853557184
6.078875047877785,-6.078875047877785,267,1.7790102389262943,0.37820372425684623,0.7622584317431014,0.10591046764104634,0.0,0.39754453041449234,10.043075883746486,6.9531344194769,3.2544045503059653,20.0,15.0,20.0,15.0,244.329142576185,2260.155665990225,13.107281635175244
6.078511515932309,-6.078511515932309,177,1.7699519277609117,0.36248874183958824,0.3706190463874631,0.1877498220913576,0.0,0.31113033723671796,10.272430125166085,5.112576900064252,3.063704432919403,20.0,15.0,20.0,15.0,262.4279185988222,2288.025240439906,15.864530397267648
6.078497812368428,-6.078497812368428,198,1.6301042786915467,0.3832606650404795,0.875613140514018,0.25373915676803194,0.0,0.277663852999689,9.412231441446295,6.61803724810942,3.354890735251631,20.0,15.0,20.0,15.0,217.89687774230347,1643.9542487690899,36.05613672940669
6.078497812368428,-6.078497812368428,251,1.6301042786915467,0.3832606650404795,0.875613140514018,0.25373915676803194,0.0,0.277663852999689,9.412231441446295,6.618037248109421,3.354890735251631,20.0,15.0,20.0,15.0,217.89687774230347,1643.9542487690899,36.05613672940669
6.078401921345577,-6.078401921345577,252,1.7449524073766258,0.28276020615017583,0.6601323758018692,0.18721444986213837,0.0,0.42599358483487526,9.053368587128272,6.8435587181992155,3.372051630980067,20.0,15.0,20.0,15.0,234.1895239982534,1846.9837387454443,23.164679662917308
6.077759792772373,-6.077759792772373,252,1.6731456868047505,0.34664581901764885,0.661579020288794,0.14249907700833642,0.0,0.5716105010886879,9.660014012080815,6.746428803120629,3.3522406826304003,20.0,15.0,20.0,15.0,247.01396577098063,1881.6318567568308,18.617330462824924
6.0777535505476585,-6.0777535505476585,231,1.712531891270402,0.3371376181265096,0.596682651440242,0.13564412092028338,0.0,0.3334350816086384,9.324757459470824,5.752516197032867,2.9260899167402163,20.0,15.0,16.0,12.0,248.08379270390847,2330.2892835159846,29.315354400993115
6.077012870671663,-6.077012870671663,168,1.8159415958187926,0.3408542524065473,0.6148015674428404,0.22584669060493096,0.0,0.2668395388057011,8.775037869562448,6.208427144226851,2.969321381051403,20.0,15.0,20.0,13.0,213.0618856461308,2607.9248490824693,14.942271799475343
6.076820705195017,-6.076820705195017,197,1.7457863710288437,0.36403421636110156,0.7329836695016594,0.1995267057089112,0.0,0.6084253534884452,9.264711577171902,5.480957483019303,3.3687899659146936,20.0,15.0,22.0,13.0,213.53817353101118,2275.743280297252,8.509043489907842
6.076725374975545,-6.076725374975545,283,1.7292902187479418,0.39739410369281364,0.5668403159073877,0.15917212694486224,0.0,0.294244576701744,8.878187589385306,6.819953305423895,3.1267222081722745,20.0,12.0,20.0,11.0,243.39622355507032,2155.417348931257,21.10185401679184
6.076598361679985,-6.076598361679985,297,1.728090790705328,0.2919106060933421,0.7743922650275937,0.18185532031903748,0.0,0.36452374961421363,9.55346245600133,4.843584438257231,3.178603179657002,19.0,12.0,17.0,12.0,258.4465132293707,2282.9771491367565,35.5722840960376
6.076401196048813,-6.076401196048813,217,1.651546464661267,0.36657287426577967,0.41807314019250474,0.2190416001033883,0.0,0.4738315144547312,9.868800488431177,4.760795663983398,3.0546194910167515,20.0,15.0,17.0,12.0,239.60864672336155,2765.3279941169017,29.365891218185425
6.076244213465953,-6.076244213465953,268,1.779507288020473,0.3325991494837157,0.5303764548854394,0.17390655394285795,0.0,0.47969614125254373,9.61273755377502,6.164913053426325,2.9625999796310434,21.0,13.5,20.0,11.0,240.351770746539,2875.3445434691776,18.583466690345233
6.07605474820306,-6.07605474820306,192,1.766360758511146,0.3270266636269989,0.5056089986535182,0.25693984445040724,0.0,0.2958462987440682,9.107455795070901,6.241557965366471,3.312417971504031,21.0,13.5,20.0,15.0,230.22722524027736,2471.1100893096627,28.19408658665352
6.07605116621996,-6.07605116621996,253,1.6823337975065598,0.34409615928858184,0.6510669113172497,0.20085452280424593,0.0,0.4284817792440018,8.790729142391935,6.42511989780985,3.368141055093264,22.0,13.0,20.0,15.0,209.99280690114725,1967.380546069814,8.21645977502664
6.0754873737406685,-6.0754873737406685,292,1.7557019804542553,0.3302732919767683,0.5644662760198116,0.11708571054467135,0.0,0.32717888520164595,9.276458355676654,4.814725460492528,3.180636934450603,20.0,15.0,16.0,12.0,262.0527528713136,2028.6065474854179,21.633908369983445
6.074770231293814,-6.074770231293814,265,1.780325466960872,0.35664847085752477,0.7555944269753363,0.13664906910018185,0.0,0.4706678066207655,9.439447194217946,5.316021045834071,3.2112312779276913,21.0,13.5,20.0,15.0,209.54670803480292,2056.954447420011,21.455725271947482
6.073667224015947,-6.073667224015947,244,1.8242184124745273,0.3138775712896334,0.3547598451109397,0.1552923383374776,0.0,0.33216577989822826,9.510739031537238,3.888178271370288,3.3060951310252555,20.0,15.0,20.0,15.0,219.18825975275132,2213.206082867056,29.01936753895408
6.073609347757243,-6.073609347757243,211,1.657550287953168,0.3845372625402812,0.3058460503580233,0.13215884100544525,0.0,0.33008482391457694,9.624334593409955,7.073642413626182,3.3179123891568283,20.0,15.0,21.0,13.0,224.95750117425533,2056.3936535065427,35.78972644214244
6.073609347757243,-6.073609347757243,271,1.657550287953168,0.3845372625402812,0.30584605035802326,0.13215884100544525,0.0,0.33008482391457694,9.624334593409955,7.073642413626182,3.3179123891568283,20.0,15.0,21.0,13.0,224.95750117425533,2056.3936535065427,35.78972644214244
6.073285408279423,-6.073285408279423,215,1.8248374122024638,0.3828774075184967,0.6515448371831175,0.11632786537819767,0.0,0.4256206392311828,9.247752481731686,5.344952456325243,3.1434064197153484,20.0,15.0,18.0,12.0,239.0615247896928,2085.532172921372,20.023294765643477
6.073042813747289,-6.073042813747289,136,1.8137409058236493,0.3541483260732402,0.5341456302381256,0.13986219890770746,0.0,0.4821106699827278,8.681165067877949,7.1417484565427465,3.2309909434667894,22.0,12.0,20.0,13.0,219.4853359004764,1981.8482893009425,24.428907274810445
6.073042813747289,-6.073042813747289,191,1.8137409058236493,0.3541483260732402,0.5341456302381256,0.13986219890770746,0.0,0.4821106699827278,8.681165067877949,7.141748456542747,3.2309909434667894,22.0,12.0,20.0,13.0,219.4853359004764,1981.8482893009425,24.428907274810445
6.072303809106772,-6.072303809106772,261,1.717831597192024,0.3963420830807859,0.4493460692405894,0.21649849031585955,0.0,0.3904202730225822,9.599971300330687,5.112346267841394,3.280436642365407,21.0,13.5,20.0,15.0,215.80131416285863,2397.321808496764,6.839015642988988
6.072190878329944,-6.072190878329944,218,1.822315999073815,0.3935909848402528,0.5716847079625266,0.22220494436110957,0.0,0.4497882776660509,8.994824666328746,6.632216303372776,3.228586968787587,20.0,15.0,21.0,13.5,230.9412151024499,2976.5776674386175,38.41336583644761
6.071993319098827,-6.071993319098827,200,1.8217333583771553,0.3302136526308417,0.5859167275395065,0.22935208950188557,0.0,0.4795905768823525,9.020554450313785,6.649241870832822,3.2901657328330245,20.0,15.0,20.0,15.0,235.67686733748138,1605.7331005419335,34.24116381080998
6.071360110272813,-6.071360110272813,295,1.7627389384863132,0.35053927522339434,0.6537333955925144,0.27828871401974403,0.0,0.3424124364745316,9.046911590433222,6.15388601443859,2.9490332834541806,20.0,15.0,20.0,13.0,216.66233937805927,2060.7061486487078,25.34062557697363
6.0706358748520515,-6.0706358748520515,232,1.6554133885290683,0.35871421886162713,0.703879022231175,0.27304709106288794,0.0,0.4019022914222423,10.079672699016609,3.855929602903755,3.1799412696217897,21.0,13.5,20.0,12.0,225.03564079601907,2570.1134547230645,23.28714141969043
6.070455593804343,-6.070455593804343,257,1.7103031620490359,0.3359786523050843,0.729191061866144,0.24030560053428823,0.0,0.2569219058176129,9.118744025775142,6.611832807781111,3.340238294401732,20.0,15.0,21.0,13.5,221.54013325815674,2107.532369955531,18.65907508834133
6.0704250103009825,-6.0704250103009825,260,1.7788864606442032,0.3306157969729593,0.7775941113745385,0.08567508860514442,0.0,0.42107326041000837,9.604503196992141,4.606609127453823,3.350809569519128,20.0,15.0,22.0,13.0,235.73662527262417,1657.1748851998173,19.950145476788034
6.069847688372256,-6.069847688372256,180,1.7798940781720949,0.3529585686074125,0.8561233790386998,0.1101209464231954,0.0,0.5212040516591587,10.179117435946132,3.8393554693233645,3.008282395129501,20.0,15.0,20.0,15.0,248.34290606777768,2623.6632981370403,33.99602809368492
6.069837259341082,-6.069837259341082,277,1.7316348853368633,0.36158903002874787,0.4847767148178148,0.13610524053391457,0.0,0.38216064650794607,9.795518304565698,4.626585448479423,3.1865683500314104,21.0,13.5,20.0,15.0,240.28545157898546,2705.076276186306,28.953923964829652
6.069601630766009,-6.069601630766009,216,1.8112505695143541,0.292921285953806,0.5086092535681097,0.09006554103379039,0.0,0.5269997927801545,9.7643155503817,3.65971683281259,3.301198549261347,20.0,15.0,18.0,12.0,228.08773180520672,2257.6286047696935,18.698130247037895
6.0691581717991845,-6.0691581717991845,233,1.7120171443073697,0.379833722622099,0.8559930859922631,0.22855143407202025,0.0,0.46183220979288897,9.851801953003015,5.545514220386225,3.2045662579162775,21.0,12.0,20.0,12.0,237.76762396847315,2908.3853196253085,19.705037295241688
6.0689989216305715,-6.0689989216305715,265,1.8079898893464317,0.3865810050881664,0.6947327110277371,0.11665861718265022,0.0,0.5296173738910345,8.706022243492137,6.945923202845787,3.353671626296335,21.0,13.5,22.0,13.0,219.40859257689544,2252.787300739237,20.655646292556916
6.068462225880293,-6.068462225880293,207,1.775876740252994,0.3120455363749285,0.4578590525522046,0.1870082281311353,0.0,0.45071774866098085,9.496770377184635,6.130499131810481,3.11554007048968,22.0,13.0,20.0,15.0,217.3719863616386,2745.014541916865,35.55551010712868
6.068443967840702,-6.068443967840702,170,1.8286858295859152,0.37820931482926634,0.7925983623848016,0.23063631734356044,0.0,0.27153077829968053,9.524688964224701,3.9110736587782773,3.157280794455357,20.0,15.0,20.0,15.0,209.29731284482116,2509.56865711637,14.762401488329242
6.067775259433812,-6.067775259433812,205,1.8095080249150188,0.3639565238010133,0.4339993640636914,0.17787610574216497,0.0,0.4548113927878674,10.03666051337282,3.108903852749849,3.242162368105892,20.0,15.0,20.0,15.0,241.06396727234622,1911.7775128492826,26.917857372835275
6.066770851879426,-6.066770851879426,260,1.7338438077949663,0.3190550728376422,0.6929977208660861,0.17886544167097876,0.0,0.293225393099064,9.111903290337281,8.077106188289541,3.2137835919976805,20.0,15.0,20.0,15.0,234.88519289586282,2357.9755147532965,15.437846204613642
6.066427254033636,-6.066427254033636,297,1.7969013901430175,0.29774376197173014,0.8470956311235538,0.18781940312252934,0.0,0.39952526027586766,9.863586610794691,6.01870822100054,2.798925578630497,21.0,13.5,19.0,12.0,239.08954349237848,2419.3141356781284,24.756584111715007
6.0662156156668345,-6.0662156156668345,178,1.7838123709608968,0.3612283658246351,0.4918022623264486,0.19831818118708283,0.0,0.5226483525156894,8.887109949584833,5.848023503035458,3.296893775483838,20.0,15.0,17.0,12.0,228.97356823178907,2108.3582771813426,19.523257828387088
6.065303783379724,-6.065303783379724,222,1.777201495630617,0.31644364806127684,0.5265476842057997,0.261006328912874,0.0,0.2678445403448131,8.47432314624307,6.686697731000164,3.283531610174383,20.0,13.0,21.0,13.5,213.86244559437222,2472.385427538429,31.7728576761634
6.065303783379724,-6.065303783379724,281,1.777201495630617,0.31644364806127684,0.5265476842057997,0.261006328912874,0.0,0.2678445403448131,8.47432314624307,6.686697731000165,3.283531610174383,20.0,13.0,21.0,13.5,213.86244559437222,2472.385427538429,31.7728576761634
6.065194753820663,-6.065194753820663,262,1.7954416514046043,0.338174674172505,0.7349906317941849,0.14877471444686619,0.0,0.49182631331086646,9.291143844280722,4.700671162707424,3.204572786145522,22.0,13.0,20.0,15.0,222.22446536944796,1920.9323190792613,12.953315335227597
6.0646242504870855,-6.0646242504870855,245,1.715989720251477,0.3222810757762324,0.569435813212826,0.15821659802350665,0.0,0.5476291539292745,9.24200388133163,7.579323801621591,3.350264541286183,20.0,15.0,21.0,13.0,221.19764566001888,1830.2512989506113,36.676230506719094
6.064519709675352,-6.064519709675352,285,1.7849305759055112,0.34213372490318933,0.8740829231599034,0.1830624551579949,0.0,0.44970748603026794,9.185670100500243,7.009073710351514,3.280500911240542,20.0,15.0,21.0,13.5,239.6699228239454,2317.0962678891974,15.192192803680955
6.064397216156262,-6.064397216156262,253,1.765912192906195,0.29067179213782834,0.7392330147445194,0.18447200302120811,0.0,0.396649357513539,9.127659526715124,5.331324309951361,3.1475508467092608,21.0,13.5,20.0,15.0,238.54983066287278,1785.64219317707,22.31392605512084
6.064257794022186,-6.064257794022186,200,1.7731045462121293,0.28546202022130585,0.8312282399934988,0.17324165088332388,0.0,0.4974269591521835,10.27721345995418,6.400594012733772,3.1544406092589417,20.0,15.0,20.0,15.0,250.1556095307843,2309.941718086666,29.298030917355042
6.063805166581693,-6.063805166581693,289,1.710390418667466,0.35059966614842963,0.788014370421057,0.15994628382318393,0.0,0.2750659578628876,8.893155230194868,5.654227644575763,3.1988401887600224,19.0,12.0,19.0,12.0,253.3111212512127,2765.719210316618,19.362972690498616
6.063365184376865,-6.063365184376865,291,1.7415046570345614,0.376516930950779,0.7673092123726197,0.14086792231927692,0.0,0.4748029469319916,9.440055975538801,6.527573978992578,3.352284609083812,20.0,15.0,16.0,12.0,271.2321812351382,1973.6675284218343,36.1999755038001
6.063160190017474,-6.063160190017474,135,1.7912242469535438,0.359643259031175,0.7386753572709825,0.26607219970438045,0.0,0.4568811478433167,9.389124717693853,4.808851897187788,3.2719884790254516,20.0,15.0,22.0,13.0,215.0603461890249,2350.683670064748,32.62429356899159
6.063128077742412,-6.063128077742412,285,1.7859358048881107,0.28750333516563625,0.8375962376283932,0.1507178116974095,0.0,0.3173789044453412,9.271351796196655,4.9177673736702765,3.2534586402842818,20.0,15.0,19.0,12.0,245.80484025875077,1928.085841655686,15.780096199877875
6.062909841675372,-6.062909841675372,205,1.768585756723615,0.35325021930236383,0.4373579526494243,0.135909155419732,0.0,0.44223581378281573,9.565671946455598,5.724180914208064,3.217898251931548,20.0,12.0,20.0,15.0,237.29098649468742,1744.4954462405024,32.73633284635396
6.062909841675372,-6.062909841675372,261,1.768585756723615,0.35325021930236383,0.4373579526494243,0.135909155419732,0.0,0.44223581378281573,9.565671946455598,5.724180914208064,3.2178982519315484,20.0,12.0,20.0,15.0,237.29098649468742,1744.4954462405024,32.73633284635396
6.061615720775695,-6.061615720775695,260,1.8221163103408677,0.3737651343002709,0.7444148732499961,0.15784782521179747,0.0,0.39997437437941136,9.463435300275735,5.692730550511252,2.872679494293966,20.0,15.0,20.0,15.0,208.60494412771516,2517.590405479471,22.61916390501003
6.061174571809234,-6.061174571809234,292,1.6838913054371276,0.2832201203551953,0.5045388126425258,0.2359200966535931,0.0,0.4764010333868332,9.474682113257483,5.0753940648981395,3.2176283857613,20.0,15.0,16.0,12.0,264.10236782214366,2382.5603248457005,39.38190918290885
6.061126879865787,-6.061126879865787,296,1.7984445887950928,0.27307983482548254,0.8418770437229063,0.13316173213245183,0.0,0.3543209844477366,9.913241497698522,3.8290394781889603,3.200657238490968,20.0,15.0,20.0,15.0,244.0921382345788,2521.8552073139044,30.405543863578192
6.0610529777028646,-6.0610529777028646,147,1.8081579899536346,0.38133148911436393,0.5351328791623011,0.22859168356874915,0.0,0.32024131822086577,9.061632517618342,5.208683864829235,3.1556726954290895,20.0,12.0,16.0,12.0,232.3932583052014,2004.340648771562,18.760903863453244
6.060972667525322,-6.060972667525322,236,1.765449105624413,0.3765226421598805,0.7604589283064845,0.1937879043672778,0.0,0.3234010309579764,9.725943807779462,5.454269893076126,2.8122661856649196,20.0,15.0,19.0,12.0,227.88402908788808,2531.657553966448,37.98028980715834
6.060733448952886,-6.060733448952886,214,1.7593476926577656,0.30861187848628024,0.4878564917999191,0.08062846982752693,0.0,0.49934196820550997,9.023595466306606,6.442090379480116,3.234075557006828,22.0,13.0,21.0,13.5,225.73173425250621,2878.020976962164,20.06083924470871
6.060733448952886,-6.060733448952886,271,1.7593476926577656,0.30861187848628024,0.4878564917999191,0.08062846982752693,0.0,0.49934196820550997,9.023595466306606,6.442090379480117,3.234075557006828,22.0,13.0,21.0,13.5,225.73173425250621,2878.020976962164,20.06083924470871
6.060636826038795,-6.060636826038795,298,1.7890571803280801,0.3058147923329572,0.5309228674521955,0.10508988215842115,0.0,0.2551753967668229,9.055201965360858,5.649648108725204,3.369215465044432,20.0,15.0,20.0,15.0,238.94474198906374,2169.1456782160485,33.06631562564006
6.0605874403283195,-6.0605874403283195,273,1.7579045992272566,0.36215343509952713,0.5893389705364458,0.11304241326890783,0.0,0.39332239741141817,10.000351333795269,3.890893871436244,3.274910220598739,20.0,15.0,20.0,15.0,253.74932838888654,2358.6433974967463,34.330633454236505
6.060474294620489,-6.060474294620489,262,1.717634033429767,0.3799011810993783,0.45956789403845144,0.20143800635884368,0.0,0.4480366307238736,8.923860761987688,5.410426880758661,3.1833327000208715,18.0,12.0,17.0,12.0,273.13990572801976,1656.0655667392705,20.009127578488943
6.059697718755979,-6.059697718755979,268,1.7419541004914663,0.38162953121765586,0.5763674207091284,0.11739000424891202,0.0,0.3658537828086469,9.380147688295047,6.144508801899326,2.9593590005238464,20.0,15.0,20.0,13.0,250.22563031330589,2395.89686605559,22.64749865587732
6.059267802887929,-6.059267802887929,174,1.7766397816332367,0.39960882025152855,0.40560973620912244,0.1101209464231954,0.0,0.4719885716004384,9.50257189821231,5.787532877794979,3.008282395129501,20.0,15.0,20.0,13.0,248.34290606777768,1775.6429318396395,13.129089622456716
6.059066521904872,-6.059066521904872,252,1.7730151817200095,0.3321789444416051,0.6137080387039792,0.1733400900307335,0.0,0.35192402397499706,9.851038193424277,7.168327507093537,3.1569965651796568,20.0,15.0,20.0,15.0,235.3126041567684,1875.9208943006086,34.094640855924254
6.0589822834785085,-6.0589822834785085,291,1.8151099804991162,0.38374246141255597,0.8125489210716806,0.22383012556225754,0.0,0.3197673547427227,9.574013484005745,4.329300610738533,3.079317023081151,20.0,15.0,18.0,12.0,255.87675495741897,2930.4214076451826,25.387012076619197
6.058665390026777,-6.058665390026777,292,1.78412216596417,0.38097112633420877,0.5817608609560266,0.1462280977266151,0.0,0.3986521532909297,9.672608574145379,7.681754560945736,3.3309093057324914,20.0,15.0,20.0,13.0,242.19777781782173,2057.7080639912847,28.988411534118136
6.0585874794438235,-6.0585874794438235,230,1.6928441576394535,0.36825504169832873,0.707203872806661,0.2187606249583884,0.0,0.5648617544020574,9.601140306410542,4.778180802067434,3.1913183704750674,20.0,15.0,20.0,15.0,215.56185740811662,2537.0485731236035,31.758433997168268
6.0585874794438235,-6.0585874794438235,281,1.6928441576394535,0.36825504169832873,0.707203872806661,0.2187606249583884,0.0,0.5648617544020574,9.601140306410542,4.778180802067434,3.1913183704750674,20.0,15.0,20.0,15.0,215.56185740811662,2537.0485731236035,31.75843399716827
6.058419951826613,-6.058419951826613,255,1.6833126664582725,0.31155949781578857,0.5614359879072383,0.16101251365428795,0.0,0.32878018469156656,9.406546451377585,7.123242920394276,3.3216530012930834,20.0,15.0,20.0,15.0,232.1001504990347,1883.7227807259692,24.016325093022985
6.058372587747435,-6.058372587747435,274,1.809194313710151,0.32189569034699855,0.6853044618377726,0.20625082544976656,0.0,0.3652030941784568,9.87577942235797,5.117841609684273,2.879364955786887,20.0,15.0,20.0,15.0,240.764630105717,1996.5465118807763,21.686563337854437
6.058055027539293,-6.058055027539293,168,1.8154159446684945,0.3614401760340497,0.5795329593070617,0.23141870323587796,0.0,0.3572525757769978,9.44088557222156,5.769525924207015,2.9970031527091003,21.0,13.5,21.0,13.5,220.68579246274368,2551.8343225647413,24.057146639188996
6.057799264450451,-6.057799264450451,249,1.797409635447704,0.2670929283993135,0.5155032287838788,0.1747081729103559,0.0,0.33243371436912816,9.059752199082357,6.451319970152086,3.1677415277209406,20.0,15.0,22.0,13.0,231.88080501826482,2454.871084954234,24.501713696103305
6.057508866963744,-6.057508866963744,225,1.7449561375638363,0.34658861034849514,0.6815494609606514,0.23700704142195264,0.0,0.32780873545312017,8.38608156083332,7.200543428584044,3.3170686233107345,16.0,12.0,17.0,12.0,299.101479178644,2730.6626473533174,12.4285934616666
6.05556609006338,-6.05556609006338,278,1.5944305960582912,0.3711824600974162,0.5834427454391796,0.2747729792405506,0.0,0.3267704216598696,9.429618779581105,5.372290236804514,3.1984675777766105,22.0,13.0,20.0,15.0,223.61078055533213,1930.2322780622208,12.518442717674919
6.055389935968826,-6.055389935968826,293,1.7991553677606764,0.3763129382798419,0.5505720059351332,0.17108581288943542,0.0,0.27377768674885444,9.201661994277336,4.777499194125041,3.3193833886762096,20.0,12.0,20.0,13.0,241.37291869697486,2497.2868321221295,6.971833400954278
6.055070420053539,-6.055070420053539,262,1.764780072395838,0.3964277958381204,0.3498412020037264,0.19043278725018087,0.0,0.4262355971414111,10.782729709174713,2.759228737268799,3.263327163813753,21.0,13.5,18.0,12.0,228.9765977450224,1954.0861370026653,16.33183564406593
6.054661315579594,-6.054661315579594,297,1.7060701487777188,0.3779529935050635,0.5587518959070699,0.2137862334630525,0.0,0.36510483025487966,9.674319867666775,4.59997238872779,3.248360047266279,21.0,13.5,17.0,12.0,239.73093172356138,2942.642835792495,10.461090076959119
6.054603476501715,-6.054603476501715,257,1.7439403420188173,0.3005583151201571,0.648406252688354,0.19572166553154713,0.0,0.291913491945986,8.894028720556815,6.884770270120151,3.1276843101518317,20.0,15.0,22.0,13.0,223.06861172110408,1697.6725682496567,29.46242559887176
6.05429755711938,-6.05429755711938,265,1.818067765466836,0.3113153927139264,0.40290967995366644,0.08862340505869468,0.0,0.42768616286177635,9.794340043432793,7.12205468515558,3.20521150597748,20.0,15.0,21.0,13.5,255.2317166809659,2697.322669666348,14.825574681251474
6.0541670451733,-6.0541670451733,145,1.787734903362009,0.3971532877554117,0.40592780001278383,0.13708322751232557,0.0,0.4724173204711564,9.457577092316233,4.530216849984076,2.9750061492763846,17.0,12.0,17.0,10.0,287.160215775535,2306.371684501129,7.207528208237868
6.0540467748536875,-6.0540467748536875,267,1.784468566032306,0.364891254175589,0.786184508414614,0.18558267737309714,0.0,0.4630954235897496,8.960234141298802,7.631567242422664,3.2608177216946204,22.0,13.0,21.0,13.5,219.74695339444156,2587.7539079198355,39.68758238739468
6.053993365634266,-6.053993365634266,286,1.727541329725848,0.3046221440514722,0.8155508420217296,0.21270244552021353,0.0,0.33247346416418677,9.637547172843679,6.455291923100198,3.174208916898757,20.0,15.0,19.0,12.0,261.3842282465514,2022.791963979487,18.866600546601113
6.053676888132055,-6.053676888132055,221,1.8031641896680841,0.27423273042613494,0.7321296945158605,0.2346655729973564,0.0,0.3023615584755183,9.128276915029168,5.514273119547634,3.080421593323202,22.0,13.0,20.0,13.0,211.37738079601377,2769.0032792568654,28.453287851057077
6.053173371926416,-6.053173371926416,297,1.7535085922123306,0.31953528147073673,0.47274024069476506,0.1490176775546368,0.0,0.3535901845346604,9.482973186980384,6.42794605439905,2.945945442398709,20.0,15.0,20.0,15.0,220.07561580034195,1782.08096728793,24.488644330030404
6.052608574617645,-6.052608574617645,291,1.724163918114559,0.36641522691329886,0.6832554933813854,0.12593475772813578,0.0,0.30884490403489934,10.438308675214262,3.302136059204,2.8254581239347325,21.0,13.0,16.0,12.0,235.5234072088294,1880.8245602995157,20.516789211470197
6.052492473327911,-6.052492473327911,262,1.7990004356424687,0.3884546121017578,0.49049439152840013,0.17668803856384277,0.0,0.47056584263553414,9.939605439403419,5.614436777798295,3.214293660244988,20.0,15.0,20.0,13.0,242.419597398192,1659.3456201266952,29.479444358948452
6.051834952232516,-6.051834952232516,194,1.7805450651022152,0.32252639775263026,0.8522994605651891,0.1221461487853025,0.0,0.45578899464090605,9.805780634747634,6.39744794645333,2.987896468803675,21.0,13.0,20.0,15.0,234.80942429662505,1820.8303705457874,28.602751872552467
6.051034167655038,-6.051034167655038,180,1.7959500915791462,0.3486111191251162,0.7059731342056489,0.20628730926347516,0.0,0.5556643332335347,9.858596433922738,4.991005732001288,2.816365372448257,20.0,15.0,20.0,15.0,237.70925395879902,2316.3423749274634,5.427333017196744
6.051034167655038,-6.051034167655038,231,1.7959500915791462,0.3486111191251162,0.7059731342056489,0.20628730926347516,0.0,0.5556643332335347,9.858596433922738,4.991005732001288,2.816365372448257,20.0,15.0,20.0,15.0,237.70925395879902,2316.3423749274634,5.427333017196743
6.050966095862096,-6.050966095862096,170,1.824908934618307,0.3592672365934638,0.666275465240552,0.1386552273545067,0.0,0.5757587987876769,9.644292641536651,4.2067403670174945,3.0429873056081966,20.0,15.0,21.0,13.5,241.00317525161606,2948.335655489216,7.046655724015537
6.050959591079912,-6.050959591079912,118,1.8244562856577444,0.3848544153913052,0.4728078408486379,0.22393290486116132,0.0,0.4697429351206887,9.578363835947924,6.383225150505496,2.9495027420403495,21.0,13.5,21.0,13.5,204.3967472642482,1369.6613546007034,27.918980617602358
6.050959591079912,-6.050959591079912,171,1.8244562856577444,0.3848544153913052,0.4728078408486379,0.22393290486116132,0.0,0.4697429351206887,9.578363835947924,6.383225150505497,2.9495027420403495,21.0,13.5,21.0,13.5,204.3967472642482,1369.6613546007034,27.918980617602358
6.050603324739405,-6.050603324739405,198,1.7246764461961637,0.366457414492252,0.6766743964237922,0.10533837030519261,0.0,0.39710208194469493,9.72089176408856,5.313184909882026,2.8639300763110307,20.0,15.0,20.0,15.0,227.9065816583792,1781.0718810869253,23.32756754331969
6.050245126877706,-6.050245126877706,107,1.7822000281761903,0.3570392197296436,0.759039417654276,0.1580792453403982,0.0,0.254585569837882,9.113879129500368,4.810562257952568,3.162555414997013,21.0,13.0,20.0,13.0,213.9439429197612,2956.7937378058086,17.719301867098604
6.049280090982151,-6.049280090982151,298,1.7512495435725313,0.3509102026237204,0.5856088351353671,0.17922169098140575,0.0,0.47608072038312615,8.605488892141267,6.661425040184811,3.2863635075471613,18.0,12.0,18.0,12.0,247.67492445158732,2112.504524336213,29.201481133699097
6.0487442349453,-6.0487442349453,143,1.6135483962778172,0.3666341241850573,0.39499901954810623,0.18810154393966327,0.0,0.5124739386390307,9.522756717830227,4.855973203253856,3.157597520999984,20.0,15.0,20.0,13.0,227.24934219878213,2515.9435066360156,16.838382248284194
6.048610581434762,-6.048610581434762,194,1.8217333583771553,0.3591762859974768,0.7639543955487771,0.2795736303858458,0.0,0.4795905768823525,9.455216166011082,6.649241870832822,3.096668687245538,21.0,13.5,20.0,15.0,226.89595450342722,1605.7331005419335,34.24116381080998
6.048402294706331,-6.048402294706331,178,1.763628047605991,0.3643536141600799,0.3879581801933779,0.2099343022464389,0.0,0.4612424092409002,9.6378034500247,5.9399919100203595,2.8405776718858418,21.0,13.5,20.0,13.0,221.4570695169861,2737.605572721261,37.49293113570233
6.048401636756694,-6.048401636756694,221,1.8187234993094403,0.30274293231041827,0.5318135806854727,0.12559309973479194,0.0,0.2902507211725019,9.67736279740631,6.867988146872549,3.258899662858684,20.0,15.0,20.0,15.0,238.5028781893082,2777.9382523314107,13.340815832087571
6.0481408544772055,-6.0481408544772055,134,1.8050560663795392,0.3194471330202582,0.49291683040369033,0.26522183852718123,0.0,0.522188779580049,9.464720109302917,4.26791188373472,3.2452962105523318,20.0,15.0,20.0,15.0,212.3162289847738,1852.2140415656343,33.58821854180019
6.0479530914844215,-6.0479530914844215,77,1.7414958074269187,0.3958811045213775,0.5520628597448065,0.16879590054414345,0.0,0.31376304494739304,9.384116604699912,4.714201387840047,3.3722064159117906,20.0,15.0,17.0,10.0,271.5509264296066,1922.4520997303555,38.498618119900954
6.047892765778427,-6.047892765778427,204,1.6929964401616744,0.3581044015553111,0.5934770679338258,0.22311919173335437,0.0,0.4498208766913398,9.67702531448232,4.668327361569284,3.290873536026841,21.0,13.5,20.0,15.0,219.3763804042212,2116.451897228263,30.938447990353318
6.047638350196442,-6.047638350196442,257,1.7768615855623293,0.35965955277896317,0.561240398570764,0.22908765436732814,0.0,0.34535762103844286,8.020666416397287,6.648106718776257,3.278703832362935,22.0,13.0,20.0,15.0,215.1935969608805,1960.2753152958176,22.360289109298243
6.047631044988249,-6.047631044988249,194,1.7251321871154959,0.370178373800062,0.8095067374420588,0.2246483827681699,0.0,0.5731131018631658,9.14561196243106,5.803201129714751,3.3613251321760544,21.0,13.5,20.0,15.0,217.1853308901988,1773.9329942526426,12.488350619922727
6.047363945557329,-6.047363945557329,290,1.713682532117009,0.3519345270499828,0.6986469176886864,0.196456909347036,0.0,0.42128884515162024,8.400538634507447,7.000720284242778,3.3314195669087745,20.0,15.0,22.0,13.0,219.3905280695044,2455.2140290979205,22.394558636145547
6.047268642238155,-6.047268642238155,234,1.7996344981144063,0.293504476518099,0.7012209429072948,0.2851650735626092,0.0,0.48664552029989583,9.873117928162596,3.383190179091069,3.137506586366726,21.0,13.5,17.0,12.0,235.63836440726462,2929.1107494903367,24.82161926694106
6.047191767207394,-6.047191767207394,268,1.7697224287897964,0.36805350030675255,0.8580477880978409,0.1559137282826938,0.0,0.40080751583885366,9.338848984791994,5.592468493332315,3.273775729015756,20.0,15.0,20.0,15.0,250.77335571859464,2235.931886412815,19.828998283158167
6.046749082569542,-6.046749082569542,259,1.739193541605577,0.31129942169374114,0.7322371173473793,0.20531021347176995,0.0,0.27047589738331873,8.84678085327415,6.2397098667419675,3.377668461705796,20.0,15.0,20.0,15.0,248.83105621157742,2026.4320309411062,28.515330924448136
6.046577017056743,-6.046577017056743,179,1.7657842857596466,0.3876310785240422,0.8903503572291467,0.1026784394827456,0.0,0.28608151724338643,8.30474300436024,7.176061072725565,3.3410320481187603,20.0,15.0,20.0,13.0,235.4412130537593,2204.499960960597,19.341658809418046
6.046523793534894,-6.046523793534894,145,1.8103749947915837,0.37898029413044954,0.45469460310024257,0.28414210214289626,0.0,0.4020366874129095,8.828907759728665,6.247635355401852,3.235723963853131,21.0,13.5,21.0,13.5,225.15757647406357,2240.1087207744317,13.728664454776471
6.046523793534894,-6.046523793534894,201,1.8103749947915837,0.37898029413044954,0.45469460310024257,0.28414210214289626,0.0,0.4020366874129095,8.828907759728665,6.247635355401852,3.2357239638531317,21.0,13.5,21.0,13.5,225.15757647406357,2240.1087207744317,13.72866445477647
6.04635889176045,-6.04635889176045,223,1.7260373067799373,0.3953978449187401,0.8838901676371433,0.14685590184498132,0.0,0.35380415755260475,8.337079800316879,6.374392054379988,3.202968138377062,18.0,12.0,20.0,11.0,242.1280700800929,2628.742037655529,5.17858019703805
6.045878578789148,-6.045878578789148,300,1.7718351263006897,0.3654602180983804,0.516869377689644,0.2591281346377618,0.0,0.4667642071290246,9.30620861184039,6.977126824869885,3.223491224492262,20.0,15.0,20.0,13.0,251.55369014172106,2677.911511951117,36.5276269695734
6.045732051872499,-6.045732051872499,189,1.7743883808039436,0.30334160784781755,0.6686205599377177,0.29303663754313614,0.0,0.5898410893715867,10.130798643446642,2.9797181636024384,3.3652750175840698,20.0,15.0,20.0,15.0,229.26435144861466,2215.2888441619266,34.0274553418572
6.04568473887361,-6.04568473887361,218,1.7942120665885342,0.39348626857608054,0.4495039298490883,0.15775895507382595,0.0,0.35544077885671566,9.716157109289664,4.332926409084467,2.9087273246676038,20.0,15.0,17.0,12.0,245.0459747249105,1668.038577547261,17.242158963894617
6.045425202584593,-6.045425202584593,274,1.7645716713359794,0.35243509018839503,0.852674519797614,0.142275395866387,0.0,0.24931892298824643,8.814401106531273,5.661836397387803,3.278305393389518,20.0,15.0,20.0,13.0,252.41375128308445,2197.639512588874,20.10642699934008
6.044751276275537,-6.044751276275537,171,1.7575358139803663,0.3580313934178509,0.6551940604026205,0.20598610573059245,0.0,0.44331894964958757,9.228862169598298,5.1368141496762965,3.20447529427906,21.0,12.0,21.0,13.5,228.18063083704564,2819.789029390655,30.011872710861418
6.044609190950428,-6.044609190950428,300,1.8062648483500066,0.3969558529999281,0.637541722601886,0.09723527931450919,0.0,0.2724790810879799,8.366612819583185,7.373633986586736,3.1597872720079403,20.0,15.0,20.0,12.0,226.93190887259152,1666.1094326951734,28.943676157476844
6.04360247887468,-6.04360247887468,226,1.7365619387685909,0.3481357737712093,0.7688897604374093,0.26604940391206766,0.0,0.5568128875458245,9.367178239023303,6.9456330742943955,3.0713509819670324,18.0,12.0,19.0,12.0,263.3477341736328,2015.962661785955,17.88197801572638
6.04349213795267,-6.04349213795267,236,1.799837740889177,0.38435906432144074,0.7623180095649416,0.20304508625496465,0.0,0.36414492576354535,9.389586428446679,3.7505048915940096,3.181452994984754,22.0,13.0,18.0,12.0,225.71252653362257,2464.5138509605513,24.675179094668827
6.043450140011945,-6.043450140011945,286,1.7469028140871696,0.34440663732402027,0.7728435156088749,0.25778377641321915,0.0,0.4711235091348846,10.551947864220361,6.199455885068936,3.0135689813726203,20.0,15.0,21.0,13.5,242.71564834919394,2320.441747612575,24.68976584771881
6.0432388677982605,-6.0432388677982605,267,1.7825892604798124,0.3891961742759929,0.7700967679393289,0.17541223997634492,0.0,0.441094741168035,8.488107295998716,6.587027125981728,3.371710284443773,20.0,13.0,20.0,13.0,235.32521882031568,2639.270521243018,8.053066638080804
6.0430023255681045,-6.0430023255681045,298,1.8048741154847667,0.36312858561801603,0.6912513988403854,0.10531697093916605,0.0,0.4988093297378755,9.081845919318326,5.14758679266176,3.015595101148238,20.0,15.0,18.0,12.0,247.34787539873358,2595.3635952270897,10.994191103607589
6.042615245043086,-6.042615245043086,197,1.71910385051296,0.36913761856706284,0.6377323106428486,0.11643494294813382,0.0,0.39576983665398985,9.396311085675011,5.9443042679039175,3.242685249334987,22.0,13.0,20.0,15.0,226.0958279981886,1972.7959345465536,1.845439590181396
6.04248273620173,-6.04248273620173,200,1.7589047559904007,0.32817350370431303,0.7211714635168296,0.17439386020086425,0.0,0.38404645735267084,9.228735822945865,6.890762753594609,3.145488330237321,20.0,15.0,20.0,15.0,236.49011183002622,1875.664383208105,29.75198593194753
6.042366155743448,-6.042366155743448,217,1.8123027894370847,0.3205865688350322,0.4806857968034598,0.09545106348522729,0.0,0.3398735387249096,9.33070155829309,4.110431741050069,3.1609410481896196,20.0,15.0,17.0,12.0,237.19343247668544,2589.7395008200924,35.14500412108714
6.042031763383587,-6.042031763383587,170,1.7389929875235883,0.3419494228315519,0.6681329051168291,0.16712188920764146,0.0,0.25297450893920936,9.012763108045974,5.437759938631704,3.149019520725159,20.0,15.0,22.0,13.0,230.07428474149037,2495.9128929790204,17.671611477674006
6.041783700464236,-6.041783700464236,196,1.7908457342718032,0.38712578977503664,0.5781154545142647,0.2702365007334435,0.0,0.4975811048562161,8.304593933853564,6.188045258460897,3.355724775051656,20.0,15.0,20.0,13.0,208.3872268882461,1557.745893273363,35.46582160038099
6.041597528577251,-6.041597528577251,215,1.791386140202063,0.365978134218489,0.5346104171849279,0.13808042753618377,0.0,0.39433901991968046,8.854213275118447,5.223400751942494,3.1650670668441565,17.0,12.0,18.0,10.0,270.99094792935665,2304.9637146720524,39.435336715461034
6.041472214105581,-6.041472214105581,141,1.8081579899536346,0.3535467766235056,0.5351328791623011,0.19316449008166295,0.0,0.4258858354767351,9.061632517618342,5.208683864829235,3.1556726954290895,20.0,12.0,21.0,13.5,233.35211902658483,1953.4769426122668,1.7714651718042305
6.041188981830189,-6.041188981830189,296,1.6566934669464706,0.3910791782649854,0.7889712168808514,0.17618398701011834,0.0,0.37421568229729435,9.67330769772742,6.036103397500711,3.1980687417273077,20.0,15.0,20.0,15.0,215.6709171861829,2555.6204171906484,23.126039171530223
6.041172804448196,-6.041172804448196,174,1.8133430900096288,0.34302826631143457,0.5593098191342555,0.19953044572930917,0.0,0.3221698505732492,8.991937111562253,5.345687427750419,2.8292402420951612,19.0,12.0,17.0,12.0,254.31159298804968,2688.8915401101385,31.4836702191525
6.041172804448196,-6.041172804448196,231,1.8133430900096288,0.34302826631143457,0.5593098191342555,0.19953044572930917,0.0,0.3221698505732492,8.991937111562253,5.345687427750419,2.8292402420951612,19.0,12.0,17.0,12.0,254.31159298804968,2688.8915401101385,31.483670219152504
6.041025956272,-6.041025956272,254,1.7979411416925748,0.3662732920957652,0.5658272441179459,0.2001307325547619,0.0,0.4507459819830835,9.567159893028876,7.187994784895038,3.2407640732474574,20.0,15.0,22.0,13.0,218.47341586920962,2403.9039999047754,23.43535793092949
6.040801344617153,-6.040801344617153,227,1.7475848215721774,0.28750333516563625,0.3479428549326006,0.1507178116974095,0.0,0.31349722106360345,9.271351796196655,5.9156925701906795,3.1249791998712713,20.0,15.0,20.0,13.0,245.80484025875077,1866.468118041027,32.4040132378601
6.040728402894151,-6.040728402894151,145,1.7481135053349441,0.3911413999425375,0.3474916076312791,0.25007628065930965,0.0,0.33109508533440063,9.135214474114857,4.9017290074805056,3.1571444153846127,20.0,15.0,20.0,12.0,230.8774073404217,2448.553292789491,33.539587949160826
6.040582837534911,-6.040582837534911,80,1.7600654592689322,0.37031372008283014,0.6335928437798902,0.1654586723838706,0.0,0.4983382738839222,9.431893742504009,5.354491982994122,3.0754024743600947,19.0,12.0,19.0,12.0,255.02806977118385,2309.2001552685647,21.944261949315525
6.040504666517832,-6.040504666517832,263,1.5983228573362558,0.3964370966371772,0.5808237049196584,0.15420420944142002,0.0,0.39647703492345376,9.48728173173085,5.756301303920674,3.2191337699230225,21.0,13.5,22.0,13.0,222.0826371307968,2095.201318709984,9.264200335351575
6.0402849204679905,-6.0402849204679905,263,1.7498734937135203,0.3851712374773743,0.7795745960229337,0.1428785347187002,0.0,0.384184941125077,9.089479855295263,4.1339541154026715,3.233509597358279,20.0,13.0,20.0,15.0,224.58585398564432,1833.2640236592838,4.320555919261402
6.04026729234202,-6.04026729234202,232,1.7996344981144063,0.3777715483346446,0.7925270619276423,0.2617232271338869,0.0,0.352024424804004,10.065597845185607,3.383190179091069,3.1956409438242304,21.0,13.5,21.0,13.0,235.63836440726462,2655.3710765176957,24.82161926694106
6.039825061357914,-6.039825061357914,251,1.724880739842185,0.3761849371014316,0.7146291051070235,0.2731779815644124,0.0,0.2880286361089239,8.80376471340194,7.264706352666951,3.019871714711427,20.0,15.0,20.0,15.0,202.21669587248306,1441.9021839751995,22.510634986948112
6.039639379232835,-6.039639379232835,294,1.7869371808550851,0.2727434785898949,0.4644141370164152,0.10669379396925217,0.0,0.43092707662797264,9.199051264389444,4.971178706975944,3.0599642422690883,20.0,15.0,18.0,12.0,257.400731517468,2290.8324362809567,24.217318614660787
6.039288042803488,-6.039288042803488,180,1.8240462860126665,0.34188544325509795,0.8095618985327773,0.20105700644135963,0.0,0.39390966398485266,9.238944312441058,4.861607036469215,3.0066231478352754,18.0,12.0,19.0,12.0,278.78752927980145,2951.776784381784,29.038057500585314
6.03919630730717,-6.03919630730717,251,1.7311813028194356,0.37581940690136345,0.8079834879106111,0.20479527705118986,0.0,0.3005358942400128,9.479264116106114,4.48093484333179,3.3153063793684834,20.0,15.0,20.0,15.0,252.57719554906012,1896.5587560091667,30.341183306059794
6.039044089603653,-6.039044089603653,178,1.6574612079587125,0.39387833758653346,0.7172232376744003,0.14834793780090966,0.0,0.5404412785922204,9.53538232690729,5.552882461421868,2.9351726214086833,20.0,12.0,20.0,11.0,247.54000448035262,2241.9977475818205,8.006745706410111
6.039044089603653,-6.039044089603653,231,1.6574612079587125,0.39387833758653346,0.7172232376744003,0.14834793780090966,0.0,0.5404412785922204,9.53538232690729,5.552882461421868,2.9351726214086833,20.0,12.0,20.0,11.0,247.54000448035262,2241.9977475818205,8.00674570641011
6.038951286541643,-6.038951286541643,296,1.6625801195329286,0.3849803695909157,0.516869377689644,0.10582341742701644,0.0,0.48900078476816083,9.77340346472009,3.711084380363263,3.2941245585967636,20.0,15.0,20.0,13.0,223.67072978514975,2301.274054114355,28.23970879519576
6.038764431583989,-6.038764431583989,259,1.7342846812711072,0.3793635182092898,0.6790371625989087,0.1292420945586069,0.0,0.3424447628879207,9.983687621158634,6.961341203352717,3.353115314208341,21.0,13.5,20.0,15.0,220.77431748378652,1623.4438163199188,20.369771455683722
6.038490030652452,-6.038490030652452,259,1.7756438914943775,0.3895053430085198,0.7375049122743748,0.19394132518054696,0.0,0.44809892327434747,8.818570230844731,5.286969134348877,3.371145231084858,20.0,15.0,20.0,15.0,202.99787997148437,1693.6717146740389,18.834564777704525
6.038407456030299,-6.038407456030299,278,1.709302844912683,0.32480187557816165,0.5132623312276585,0.17789151284697274,0.0,0.29015537328017244,9.613815562956361,4.551124754123383,3.293823093717291,20.0,15.0,20.0,15.0,249.3139345488794,2825.9366987598105,21.347971080062663
6.037969103032998,-6.037969103032998,276,1.6085969379532976,0.3228246774032867,0.4244815341864772,0.08460486683961094,0.0,0.3426125720873869,8.671738112937478,5.861834295692991,3.3223614081001225,18.0,12.0,17.0,12.0,264.09515791522733,2364.8960325946937,21.717790584781987
6.037847139124309,-6.037847139124309,253,1.7300051995542152,0.34549496643161526,0.7992740078216378,0.1463127007740561,0.0,0.361222726221804,8.790595342653774,5.718044395263353,3.355171047705247,21.0,13.5,20.0,15.0,201.93936602917293,2046.7185037769532,31.020713147223383
6.037835441324303,-6.037835441324303,240,1.672287483711119,0.34635308957888833,0.5777866463512634,0.20908027937870977,0.0,0.4269376557349894,10.06954282680027,4.928320232423498,3.1862233856177617,20.0,15.0,20.0,15.0,255.32053188809203,2415.180543567916,24.01534216691813
6.037473992701327,-6.037473992701327,168,1.814673760642326,0.3368172942993791,0.8026786545257647,0.22532226849638998,0.0,0.312162001018631,10.443486234025947,3.8300753882440706,3.095560823240482,22.0,13.0,20.0,13.0,225.84689098681596,2639.1987101240056,20.619699626836784
6.0369572957328135,-6.0369572957328135,170,1.7176679390008682,0.356112088181173,0.6362572009496594,0.1537948954912824,0.0,0.4167195091681078,9.033897667242055,6.631600001093778,2.8327402403143753,21.0,13.5,20.0,13.0,209.67043421580803,2301.5269949241233,17.16965060677606
6.036558062991107,-6.036558062991107,268,1.6990685881256335,0.3859780582917245,0.6679834652409817,0.14744688216941854,0.0,0.4814642771692973,9.686978778448221,4.669876216831419,3.0918375227397616,20.0,15.0,20.0,15.0,239.74249336423588,2503.1392300597786,15.525886437539167
6.036229162672249,-6.036229162672249,165,1.7503895565609344,0.36988411399839205,0.523112950663557,0.19071217776136382,0.0,0.36076447475166945,9.331946818891122,4.298684753337354,3.1056077656801757,21.0,13.5,20.0,13.0,208.02371081771574,2759.5934974931433,18.259974880170056
6.036108125876879,-6.036108125876879,261,1.779507288020473,0.34843397497736767,0.4743461251845542,0.19268277409887552,0.0,0.47969614125254373,9.61273755377502,6.164913053426325,2.9625999796310434,20.0,15.0,20.0,13.0,254.9395538471516,2875.3445434691776,13.763283699146378
6.035959682453054,-6.035959682453054,248,1.8275666137530475,0.28591927506970355,0.8878915013046795,0.09875930766439829,0.0,0.3306667269325555,9.216626008665438,7.428082510130681,2.652040840821914,21.0,13.0,20.0,15.0,211.61864482224868,2467.685956685877,29.26171652199163
6.03577718060066,-6.03577718060066,199,1.8202767830384754,0.3029741936305499,0.5805784926449493,0.15028322916116663,0.0,0.5535274953197954,9.496524307618127,4.367189922237097,3.2534443887087674,20.0,15.0,20.0,15.0,243.61123310495293,2288.6027684117726,19.732514671543463
6.035346212079709,-6.035346212079709,248,1.647861631732317,0.30125835688500274,0.4243210375907558,0.2722410089180091,0.0,0.5225392796765028,9.204878349584938,5.574903582086113,3.203312244408065,20.0,15.0,22.0,12.0,224.90274728138843,1851.8356115852532,33.93822231733482
6.035193651988832,-6.035193651988832,182,1.7781079031368323,0.37347783149456326,0.6321707532393571,0.1340250664316952,0.0,0.26062358034560484,8.554629367707257,4.8641081751333335,3.1825551432598065,20.0,15.0,21.0,13.5,205.15315963352367,2697.5130635331884,10.958620219334577
6.035125821367592,-6.035125821367592,265,1.7833699818277897,0.3704918025982571,0.7763873192851944,0.24993430478783413,0.0,0.5129152983053475,9.876402879334268,6.8130777028751535,3.0573928802281887,22.0,13.0,20.0,15.0,217.61547254348415,2793.2769542562323,11.070955023513395
6.034790574403205,-6.034790574403205,138,1.7351958520542003,0.3329581173651055,0.558385542635068,0.26343037900223293,0.0,0.526228200566695,9.140853245937718,5.902084424623489,3.2832827034351992,20.0,15.0,22.0,13.0,222.68137971890891,1958.8894583910317,36.716915398464785
6.034790574403205,-6.034790574403205,191,1.7351958520542003,0.3329581173651055,0.558385542635068,0.26343037900223293,0.0,0.526228200566695,9.140853245937718,5.90208442462349,3.2832827034351997,20.0,15.0,22.0,13.0,222.68137971890891,1958.8894583910317,36.716915398464785
6.034632990260054,-6.034632990260054,244,1.6950713773763277,0.3875482850794645,0.8025833502229084,0.2445204021582844,0.0,0.5221493957843693,9.199744974623385,4.808174011460015,3.1959887606403043,20.0,15.0,19.0,12.0,252.72994245178214,2989.6778008788347,7.777591863813168
6.0343970114904035,-6.0343970114904035,245,1.6927103827706413,0.3012349035776101,0.5273438190340602,0.25970819835450987,0.0,0.2725317182172676,9.016959743561664,5.700833979324329,3.3046163634316725,20.0,15.0,21.0,13.5,221.65381868561937,1733.2757682507233,27.398424637108434
6.034308904243578,-6.034308904243578,252,1.7484550262801468,0.34817398217761064,0.44116177601360185,0.2623576742834699,0.0,0.26514538066095505,9.10575305042422,4.680159172287346,3.2913844997091255,20.0,15.0,21.0,13.0,242.44018909711474,1760.8005279235902,29.26805654157822
6.034232932273476,-6.034232932273476,244,1.7922538736518168,0.3229393448124919,0.411999908150251,0.2682404298827857,0.0,0.34336435632701967,8.454494287211286,6.123833356713263,3.2119501890770374,20.0,15.0,22.0,13.0,211.74125474715765,2174.1330927384547,35.33528504446294
6.03401489493137,-6.03401489493137,215,1.6858595429948269,0.3752150050901746,0.6803699142961764,0.16179101320148587,0.0,0.5085781986850567,9.498066363234058,3.93259333695823,3.0769046803125732,20.0,15.0,17.0,12.0,232.64914505266896,1924.8543766735888,18.372024836634274
6.033665341725265,-6.033665341725265,248,1.7584499567824712,0.32195983269032574,0.6370031597430668,0.271172514167955,0.0,0.45264944100425825,8.435485606365269,7.161085257245562,3.29637764813988,21.0,13.5,22.0,13.0,211.2042424812768,2780.643258702638,2.999640822236387
