score,objective,generation,wing_span,wing_chord,tail_arm,nose_length,extra_shipping_containers,sensor_length_m,sensor_weight_kg,mission3_sensor_weight_kg,batt_capacity,prop_diameter_in,prop_pitch_in,mission3_prop_diameter_in,mission3_prop_pitch_in,motor_kv,motor_max_power,takeoff_flap_deflection_deg
6.422254626699669,-6.422254626699669,248,1.8187873636118623,0.3879253361790098,0.5654268146506333,0.22050171837261753,0.0,0.4987220098901749,11.561644481711223,7.590102788101846,3.3327445065212156,20.0,15.0,20.0,11.0,240.54358102346626,2168.2160991012543,12.440238025238974
6.347317213068831,-6.347317213068831,300,1.8078500827854174,0.3755705115388334,0.6945738376031151,0.22670603279059387,0.0,0.5494268559095673,11.061847428909484,6.424812121674974,3.369828314625398,20.0,15.0,18.0,12.0,248.23881371900842,2412.476287101908,24.244498800746968
6.337541678601797,-6.337541678601797,291,1.8022660899471463,0.3835983020854346,0.6331780990949579,0.23866336034105093,0.0,0.4711555251364795,11.366089180728746,5.867239061688378,3.212892769367401,20.0,15.0,18.0,12.0,250.29506013785524,2069.431635282852,5.4605503340260775
6.290128436135349,-6.290128436135349,246,1.8093656098991784,0.3633446730215891,0.679152617816452,0.25186541259878287,0.0,0.5250422210225736,11.481838168387007,4.948999029902403,3.33090620418133,20.0,15.0,20.0,13.0,256.8697529952092,2500.238392681663,19.26646374830732
6.286703514340876,-6.286703514340876,286,1.8283511892241173,0.3490848861168902,0.5172194822683472,0.08871795093461936,0.0,0.34099434167484394,11.473499994050496,4.884834875717467,3.2334548555412628,20.0,15.0,20.0,15.0,257.2390496435637,2576.7237444897255,31.078714509732794
6.282081329807173,-6.282081329807173,298,1.8203454458290442,0.38782101701399274,0.6408250549132147,0.22315747393338364,0.0,0.44490763301930014,11.476726326446105,5.158627643688884,3.1459304146343956,21.0,13.5,21.0,13.5,231.75274985201625,2483.8970210287657,34.31266848018546
6.278539685905425,-6.278539685905425,242,1.8081424097265526,0.3629035016465046,0.6752059659809807,0.11072833322296273,0.0,0.4972437895182377,11.149730211898248,5.893290222845398,3.2802571808634604,20.0,15.0,21.0,13.5,242.29635833517605,2348.686450219958,18.639282388891065
6.2629401795815385,-6.2629401795815385,243,1.7788446523783579,0.3768629672382378,0.538911075462126,0.1561630397923106,0.0,0.37860730084633465,11.173402848480471,4.7513547422467965,3.355150828247214,20.0,15.0,20.0,15.0,248.76233077747975,2570.887194217859,26.63374530824113
6.250468746781164,-6.250468746781164,296,1.7983611076213688,0.37171996535439933,0.5514434135709948,0.2658349555982179,0.0,0.49113246965820445,11.354905273716376,6.2035392018756195,3.2096328134507743,20.0,15.0,19.0,12.0,247.54628701623213,2151.918085317367,9.709372982154136
6.250332432567408,-6.250332432567408,250,1.7994384430464612,0.3834216860093749,0.8400277160498613,0.1796578125937295,0.0,0.5243157820492673,11.914399585019769,3.9871864190740265,3.3239152465835216,20.0,15.0,20.0,13.0,253.82931682339705,2506.735846573515,18.61642128213277
6.248240897219519,-6.248240897219519,246,1.7868830912514877,0.34599972254553135,0.7173787081439507,0.1326537103768953,0.0,0.5393048496401394,11.016210899401027,5.100025717157963,3.2619282608095532,20.0,15.0,16.0,12.0,244.02108823052617,2203.7530209867637,21.20241637310245
6.247065637567653,-6.247065637567653,240,1.814709064393784,0.38211986840532464,0.6340019942527644,0.27688315256480645,0.0,0.41124384534360103,11.001485248480135,5.063709826974381,3.26602859167744,20.0,15.0,17.0,12.0,256.66374660787784,2838.2536355556085,34.75688248622987
6.221033326950976,-6.221033326950976,298,1.8144139967321078,0.3743338683607649,0.6108134283560012,0.2296297805503653,0.0,0.43622149416465206,11.109986282393397,7.2693620820362055,3.264236617146742,20.0,15.0,18.0,12.0,264.85155973257827,2189.3943457974747,0.3137902938753889
6.213977465278349,-6.213977465278349,246,1.7572510020573104,0.3604709044124637,0.8094462628261938,0.183666164020032,0.0,0.5268154259314264,11.046621501773629,4.5861282421715766,3.1087857550061013,20.0,15.0,20.0,11.0,253.1650677358569,2193.991290198811,20.93605607305056
6.202970724233718,-6.202970724233718,236,1.7952538779208767,0.3650698165277194,0.5415629504175766,0.26841574616694186,0.0,0.4220704095126319,11.047536608936007,4.790885527237139,3.31542313168352,21.0,13.0,20.0,12.0,231.31383683333138,2520.090620334848,34.78805981309832
6.19753461958981,-6.19753461958981,229,1.7729196912915959,0.36217880214707476,0.6244312236559298,0.10308620653705523,0.0,0.3351938678191516,11.12040813756845,6.6596476477187005,3.279243699340208,20.0,15.0,20.0,15.0,246.30384343135412,2379.214850281561,29.23027573714907
6.195233656841216,-6.195233656841216,247,1.8084458454163101,0.35876182030905457,0.8132661454241725,0.24316148708359842,0.0,0.6072626946964632,11.212419157119072,6.714183908724472,3.261174507258578,20.0,15.0,21.0,13.5,248.05242795196608,2333.1367041142407,30.60215019397118
6.193884527127529,-6.193884527127529,290,1.801275950251771,0.37467126030685693,0.6430035591133748,0.28945462709125414,0.0,0.3559253951536768,11.420091386971011,2.8514870473746665,3.239642997761835,20.0,15.0,20.0,15.0,239.50499398804357,2368.8610671513097,33.490993473446544
6.193469418279984,-6.193469418279984,284,1.8265655536920278,0.36948954797254835,0.7763745140844778,0.08907150641960979,0.0,0.3735769567663919,11.793655085504845,6.117053912656249,3.1904204420291977,20.0,15.0,21.0,13.5,247.3222677364107,2276.6905745900353,37.77563181008814
6.192851607611531,-6.192851607611531,278,1.7564170292471317,0.39350266994687555,0.6425224413259253,0.1648962767463649,0.0,0.41492816779774067,11.45462996581766,2.863894057012512,3.335626992699415,20.0,15.0,19.0,12.0,238.843991076128,2366.7804524907924,36.244784251789454
6.192366785251178,-6.192366785251178,239,1.795586565465833,0.39237106484208184,0.6078293378436127,0.22808762803324023,0.0,0.4437546284249667,11.496694645883839,3.376835900939695,3.183388065297462,21.0,13.5,17.0,12.0,233.7479696240735,2382.6255188468954,26.97943850453669
6.168577096186633,-6.168577096186633,287,1.8261466934580448,0.394393386257189,0.4098494663760952,0.116573635853075,0.0,0.3649642402427999,11.39094641847413,3.5458973680828647,3.023222412855842,22.0,13.0,20.0,13.0,223.70772575045288,2332.731260965354,13.6705814932062
6.160639399231339,-6.160639399231339,249,1.7997646939166008,0.3802290084425365,0.6872253029186914,0.23679998213364217,0.0,0.45740183117376826,11.197999525414192,2.906560072680726,3.335980751531973,20.0,15.0,20.0,12.0,254.59092163364411,2477.0573761667374,4.222984896698314
6.156739594862201,-6.156739594862201,282,1.8033640899503158,0.39082433081899604,0.5500154035966672,0.11006433971505529,0.0,0.40500281513863867,11.208689000166373,2.8918265449236493,3.3291561512914125,22.0,13.0,20.0,15.0,226.78766915562022,2131.627112827861,24.2573940723508
6.155531321503027,-6.155531321503027,244,1.8281938051042657,0.3814768021425193,0.642175718779619,0.08831981181406727,0.0,0.47441194700272904,11.010552772489302,3.456268334823932,3.083139664307643,20.0,15.0,21.0,13.5,243.62848411703132,1937.9336329852015,18.029779759944997
6.099990885600482,-6.099990885600482,286,1.7435865133943569,0.3160108639510844,0.5929416264245705,0.22034826119426035,0.0,0.3466112117828604,11.250992936039221,1.9988808797135036,3.2750413119989954,20.0,15.0,20.0,15.0,255.33678608228428,2323.975948344209,33.01335241943442
6.0946308757443095,-6.0946308757443095,225,1.8044304696112936,0.3846209068653425,0.7526931981846886,0.1109032930749775,0.0,0.363468748387822,11.272369517062245,2.2785741241764086,3.266776946832639,22.0,13.0,20.0,15.0,220.64386100830748,2132.6706144366444,37.22437634869988
6.071323166075775,-6.071323166075775,295,1.7574163582371236,0.3835097965445069,0.6760024948217327,0.17796614045047573,0.0,0.4224074610100778,11.375350917134634,1.82105329772852,3.202142543824859,20.0,15.0,17.0,12.0,248.36630475058698,2036.0392269562626,35.055527731899886
6.0642600167767675,-6.0642600167767675,245,1.7804072399799689,0.3823127778554377,0.7178959750551971,0.10417117341287295,0.0,0.5542193411920665,11.180861947767164,1.707679262091954,3.238742753115355,20.0,15.0,20.0,15.0,237.53778743005572,2599.094888472283,22.041398410648778
6.00215091144611,-6.00215091144611,282,1.7672342019611889,0.3907705359134482,0.5079180696504514,0.08016591204503756,0.0,0.4875681824401992,11.164682097661268,3.405735247831826,3.3148066643845606,21.0,13.5,21.0,12.0,227.33083311468363,2215.8553490035015,23.37149447112398
1.6237440537873828,-1.6237440537873828,300,1.8204493402692776,0.3388449943978901,0.30182573637619087,0.26089147624519143,0.0,0.40614296817732526,11.256741183946895,5.698652070570781,3.2135224341739064,20.0,15.0,20.0,13.0,251.27166598396397,2363.509622833131,13.993505802757545
-3.4278439683216977,3.4278439683216977,246,1.762976187543269,0.37960481144701474,0.6638729702057137,0.12174557895600119,0.0,0.46006151281994623,11.114522643445138,9.57900230809138,3.2685783512906514,20.0,15.0,20.0,15.0,232.3159820358657,2330.3850145156384,24.736979825502058
-3.4696741382836684,3.4696741382836684,230,1.8232362821639412,0.32426902056555107,0.5145142747267306,0.18600727093740027,0.0,0.37743804992698304,11.414124921493602,10.808771870258841,3.08336329489516,20.0,15.0,19.0,12.0,243.68729809350103,2257.7608799106997,25.85026812905891
-3.5115706478904594,3.5115706478904594,228,1.7330499481254107,0.3718164691258532,0.36043938041956736,0.20566473278432226,0.0,0.31323904931245744,11.165915446652924,10.142418883271688,3.303217700484929,20.0,15.0,20.0,15.0,242.38474169767792,2769.12628392944,38.09201176665333
-3.58569383647853,3.58569383647853,284,1.7895985801334457,0.3603127598148508,0.6509407622364138,0.1370717436058383,0.0,0.5195139666983517,11.052062089050828,10.122139319105132,3.114442302893674,20.0,15.0,22.0,13.0,232.45165808496623,2201.9428405492345,39.65446085625264
-3.5956794513952177,3.5956794513952177,298,1.7371370236204702,0.358461505917551,0.7195496417557729,0.2259017955510919,0.0,0.5686665745522361,11.026016842824404,10.130372368740394,3.3664397833281945,20.0,15.0,17.0,12.0,263.91063476873853,2361.1279532505305,6.8068889170232705
-3.596568441796757,3.596568441796757,249,1.7048701693686874,0.3884383707374025,0.4891981066178461,0.17942693866806717,0.0,0.38338453695933516,11.150603521036917,8.768233149574902,3.35836048108104,20.0,13.0,19.0,12.0,253.35263528372238,2400.0924662338684,20.979468030796433
-3.610714105178001,3.610714105178001,288,1.799066924507331,0.3728134034244361,0.5612233293836171,0.13721373591802183,0.0,0.5473570747775628,11.482143936381792,6.869669637248322,3.286367254471299,20.0,15.0,20.0,15.0,257.5290935693438,2363.380356585485,14.857601135977422
-3.6164598319131107,3.6164598319131107,229,1.782298032015289,0.37412305429801507,0.8333378697339029,0.153690909848942,0.0,0.3453851255217948,11.00127632863212,10.917549540071194,3.165195514599236,21.0,13.5,22.0,12.0,242.6668223464055,2225.7020151733095,18.010961836797115
-3.6206527154569477,3.6206527154569477,290,1.8143011712610744,0.36925314175802554,0.7493520020504435,0.18943804941529468,0.0,0.4911053412375687,11.317063474493901,10.418349605015356,3.1775856346549363,22.0,13.0,21.0,13.5,232.0426181729669,1969.4307871084877,10.95936513076789
-3.653082982706909,3.653082982706909,300,1.82234706392155,0.3548968645403466,0.5860495914948788,0.2323570334310336,0.0,0.5024155576647319,11.378146786868385,8.202318504161557,3.1694964792530023,20.0,15.0,17.0,12.0,257.0581246000145,2348.6407837738957,7.2572719094292495
-3.6591324721018994,3.6591324721018994,289,1.7911693189331257,0.3647180155925912,0.8152483333061787,0.20402593940053376,0.0,0.3468541298174042,11.34828517787228,10.086788279055785,3.138585814439511,20.0,15.0,20.0,15.0,247.92182671085192,2171.3648876225284,5.794143521107422
-3.6835790532035437,3.6835790532035437,230,1.6465934608837185,0.39328283660943486,0.8902865247178005,0.16610505318725294,0.0,0.4089014571430153,11.26408453821831,10.008153886069449,3.3718699077903462,20.0,15.0,20.0,13.0,247.07464270308088,2318.9992068388724,16.3082948512343
-3.7150674879330703,3.7150674879330703,222,1.8156852774632584,0.3553787272808184,0.6404264205708579,0.08764981267344484,0.0,0.36510544251997357,11.143916205350674,9.474081492623421,3.21247124393882,19.0,12.0,20.0,12.0,261.94213992056154,2033.900237299652,30.58734952827805
-3.7150674879330703,3.7150674879330703,281,1.8156852774632584,0.3553787272808184,0.6404264205708579,0.08764981267344485,0.0,0.36510544251997357,11.143916205350674,9.474081492623421,3.21247124393882,19.0,12.0,20.0,12.0,261.94213992056154,2033.900237299652,30.587349528278054
-3.740664694886431,3.740664694886431,245,1.820375290202803,0.36163000336673,0.47590704191007926,0.19502703696273865,0.0,0.5832378871587213,11.689067768611228,10.467311830601627,3.3312959330155785,21.0,13.5,20.0,15.0,235.3779461222962,2295.257355625404,22.294991440330804
-3.743768310648151,3.743768310648151,243,1.8183317550890628,0.36583230572951875,0.7921563461986816,0.19342772885625298,0.0,0.5300591018762364,11.439915177663963,10.47690568917158,3.2876650351230134,21.0,13.0,20.0,15.0,231.70082576824058,2333.4087875049245,29.496710696318395
-3.744887599715635,3.744887599715635,291,1.800067435788117,0.32199378710343,0.5273558896269832,0.2467995203648573,0.0,0.3641552484963436,11.176771325902493,6.168022601501187,3.2747648207746662,20.0,15.0,21.0,13.0,260.3322830688128,2765.7271221069686,15.746360166781418
-3.7491044717087814,3.7491044717087814,288,1.804207491930403,0.3535168610728592,0.7031969029065619,0.14475408531459902,0.0,0.36922187906895715,11.653112964985787,7.612789275644754,3.200530083103522,21.0,13.0,22.0,13.0,240.6387151866815,2328.988218602234,34.90207232060459
-3.7582685884642864,3.7582685884642864,296,1.8156181708994459,0.378483648926524,0.6582521335591309,0.2632140083929186,0.0,0.39475532177134,11.70470617757308,4.821541251669661,3.2228405164514933,20.0,15.0,20.0,15.0,260.95518089028315,2529.3402050882505,17.712403804178088
-3.7857291005414098,3.7857291005414098,238,1.8281507842940945,0.3158336350723675,0.7887668599855233,0.18240736817278233,0.0,0.41612262825605134,11.068431439805494,6.747920402760966,3.3649229797190947,21.0,13.0,22.0,13.0,241.28132311906953,2394.995138542036,25.579841758832313
-3.787640416366349,3.787640416366349,247,1.7531351786037477,0.37784620604765395,0.7043123955597477,0.13050349825567897,0.0,0.5163352475691015,11.527928004187999,3.9531064105954234,3.3633828254571325,20.0,15.0,22.0,12.0,251.83841395171385,2492.1162327642305,15.630813102801625
-3.7882362946255634,3.7882362946255634,244,1.8034557965605602,0.3576768124970195,0.46728029182645164,0.1118654028667702,0.0,0.5201107425227006,11.191857894670658,9.950345924480512,3.269145968694075,20.0,15.0,20.0,13.0,262.6044427764586,2177.7679878421895,21.29643156021735
-3.7950880707678794,3.7950880707678794,189,1.8213983223942285,0.36635343754173255,0.663892698448325,0.19819661409723674,0.0,0.42209612885217773,11.833499695466461,10.059092898664089,3.337663248349034,21.0,13.5,20.0,15.0,250.49118991013555,2574.119236935689,19.656308005803538
-3.7959294647044217,3.7959294647044217,241,1.7969036577042565,0.31654586144850533,0.6910485296900688,0.13124225137548814,0.0,0.5095993111400847,11.461639314271434,9.930915673776823,3.2977191903277214,21.0,13.5,20.0,15.0,240.85044634169628,2252.6586081394967,31.77678555250552
-3.796994688501524,3.796994688501524,247,1.788635315012756,0.3253239190006764,0.8404323943223472,0.12647786661688235,0.0,0.3943637370269147,11.308838818595866,9.7454082438362,3.23885733915668,22.0,13.0,22.0,12.0,229.5964336619579,1963.945101091163,35.804174145674686
-3.8136223231504216,3.8136223231504216,242,1.7235693758652249,0.3309595964408678,0.6440947895376534,0.2853362152740935,0.0,0.5339175338813102,11.293422657178002,8.07789536580992,3.2311281898053474,21.0,13.5,20.0,15.0,242.58083158985406,2146.1021530319376,29.959224143478043
-3.817986660588759,3.817986660588759,249,1.815934398602808,0.39438512106990564,0.5098554817994178,0.2452013065108061,0.0,0.4833607037987901,11.03949227429252,10.503536445029269,3.2639162024203494,20.0,15.0,20.0,12.0,258.55306450254443,2054.5875331751104,11.948217649468987
-3.834662349137881,3.834662349137881,244,1.7709199171495593,0.3944738488059908,0.6687189970469872,0.17697826882301526,0.0,0.4989333207466662,11.15281130090196,9.248553262477106,3.3687385771200957,20.0,15.0,22.0,12.0,245.13712278920775,2609.869179235134,6.706235280000747
-3.834878622947759,3.834878622947759,184,1.8012238268223246,0.3247921595715367,0.6118896525942649,0.2705983224373914,0.0,0.4257350689272016,11.042048436131864,9.402647277487482,3.3446892060008824,20.0,15.0,20.0,15.0,266.8137467698489,2790.210924190432,17.625124069690713
-3.861046422867603,3.861046422867603,230,1.7752492604509842,0.37711573349688277,0.7396409422434487,0.11588748800041024,0.0,0.49969775653438625,11.226244913608479,8.846042421053255,3.2684569701757136,20.0,13.0,22.0,13.0,260.30272978734723,1981.6244931618287,24.072839244740692
-3.8619099169746667,3.8619099169746667,298,1.8162585239899016,0.39549462927302204,0.8553007250726141,0.21947329476567623,0.0,0.4162349464443985,11.577025788610813,6.119207124943305,3.3624954129920304,20.0,15.0,17.0,12.0,246.23730811950387,1898.3559252334717,16.07655708002912
-3.8847965925894767,3.8847965925894767,244,1.810113784877263,0.37482964963770643,0.6816105726268371,0.08094890513513633,0.0,0.5321394808232747,11.353863314290173,4.674842966563513,3.317270364189672,21.0,13.0,20.0,15.0,242.82662327584163,2341.661312152341,24.22800251388827
-3.886748072490712,3.886748072490712,280,1.7083088082776836,0.3372225443251469,0.7404204455390295,0.16887293277796123,0.0,0.3739057994617169,11.369962938974993,5.032224923256734,3.3071310253427884,20.0,15.0,20.0,11.0,253.47212738379216,2397.675167924298,36.10488912018077
-3.908393857776354,3.908393857776354,242,1.7731539672824705,0.359621546702046,0.5962199684582403,0.14060651256867843,0.0,0.5700898584794977,11.232846889696553,6.060457799484756,3.219530293971066,21.0,13.0,21.0,13.5,240.1223886431358,2242.846400979941,27.898307819988002
-3.9219426819440946,3.9219426819440946,289,1.7151161577350575,0.372479945620273,0.6355133422392969,0.13154771181661004,0.0,0.3300820400955696,11.119795397041093,5.7882592084370605,3.1624263542164806,20.0,15.0,21.0,13.5,242.52142369601367,1870.8609592931775,26.28283960483992
-3.941698823900505,3.941698823900505,290,1.8079164506220764,0.36129823241717085,0.8175113830610794,0.14766473089170185,0.0,0.35377047693703334,11.247375102540483,4.549919020260247,3.315706772081697,22.0,13.0,21.0,13.5,227.9041841325682,2193.356927125489,22.326646495901773
-3.946122239724268,3.946122239724268,247,1.8189972023166534,0.3982671863152117,0.6610222959882613,0.17975934132933616,0.0,0.539549381480029,11.103269940595027,9.126067315954032,3.357706948998521,21.0,13.0,20.0,13.0,250.16438522345794,2517.8157259104737,26.670375628853428
-3.9464793510033127,3.9464793510033127,189,1.721522267280432,0.33509903724624196,0.44328509340820543,0.28613166707343296,0.0,0.34803645989354426,11.063403787799587,10.453149306141706,3.22220800378964,21.0,13.5,20.0,15.0,241.48785986871098,2655.9270041905165,29.67259845878924
-3.968253283905243,3.968253283905243,241,1.8203390135404054,0.3792888062360673,0.47606939384264524,0.18800470160045313,0.0,0.42503922653413273,11.511963179560507,8.89721011501947,3.0621109854856696,21.0,13.5,22.0,13.0,235.64099252335606,1913.5360309630585,11.823989080788975
-3.9719040501138956,3.9719040501138956,248,1.8099986149974976,0.36321460370588887,0.7085974842614684,0.287862745078982,0.0,0.4788691967350477,11.144090812279217,4.981956069254954,3.2150706013684096,21.0,13.5,21.0,13.5,241.41277068407706,2482.5212273826055,12.471057492817973
-3.9788303273440517,3.9788303273440517,245,1.769436499689258,0.3191075504561575,0.8007477357558888,0.211461894034579,0.0,0.38433163564493267,11.50922686889053,8.110366842205973,3.181736702339292,20.0,15.0,20.0,11.0,258.7516457013006,2371.8788564928045,28.298358271544895
-3.98784550054841,3.98784550054841,250,1.8141852886294965,0.3564092641622221,0.4331626654082434,0.2278546043828398,0.0,0.43307915449952195,11.091309919401475,8.293559601670912,3.203108811720798,20.0,15.0,21.0,12.0,262.9816203680509,2228.76354639037,14.432283929832098
-3.9965758906651203,3.9965758906651203,245,1.7857718213716753,0.37360550447800767,0.676983041174031,0.23833379038493036,0.0,0.5713574971099228,11.335279935404667,2.693587204478657,3.3370540341523647,20.0,15.0,21.0,13.5,262.38168862531364,2439.7018293580586,4.491598031777155
-3.997986923246307,3.997986923246307,241,1.686195649893078,0.38846467942987684,0.7985146621449536,0.26648589967647274,0.0,0.39590939731323294,11.202334674751881,9.194636086219761,3.3118342580344633,20.0,15.0,20.0,15.0,245.27545914109373,2634.906252742171,16.231869064921305
-3.998471396188461,3.998471396188461,229,1.820106573373516,0.39557401266146897,0.7440843343064516,0.1875729042681548,0.0,0.34747073203271583,11.251871039161522,3.466115972739111,3.1124793472246615,22.0,13.0,20.0,13.0,231.223520650972,2475.300743541051,21.31249537474023
-3.998471396188461,3.998471396188461,281,1.820106573373516,0.39557401266146897,0.7440843343064516,0.1875729042681548,0.0,0.34747073203271583,11.251871039161522,3.466115972739111,3.112479347224662,22.0,13.0,20.0,13.0,231.223520650972,2475.300743541051,21.31249537474023
-4.001914800507414,4.001914800507414,282,1.7888637469695405,0.29214368810334146,0.6861986443440176,0.12769675773467737,0.0,0.5198802971115086,11.002277464253321,8.316646060792607,3.3560593470960103,21.0,13.5,24.0,12.0,248.84678753936453,2404.5367861060045,29.631005926614968
-4.027907652214166,4.027907652214166,286,1.809189308468457,0.3301747135305674,0.5608998201712267,0.18310639977572157,0.0,0.3487076278153452,11.064673200615461,7.641247564235363,3.2026655978359257,18.0,12.0,22.0,13.0,285.22518403884567,1977.1413481226496,32.91194578220952
-4.036478792798996,4.036478792798996,298,1.7993888643289235,0.39500276853041305,0.8560367563392951,0.2831187904682526,0.0,0.5085939655232633,11.211573773796676,8.578720569458318,3.2786251983402215,21.0,13.5,17.0,12.0,247.28740239163614,2111.592349216593,5.037857435628055
-4.036610044864103,4.036610044864103,287,1.7872597493922213,0.34480259158842114,0.755519132802855,0.08625413116090805,0.0,0.3413094272249649,11.010930267321157,6.988378978783913,3.273575433543198,20.0,15.0,20.0,15.0,270.9743271218192,2815.80413919292,20.938739816883025
-4.046117854142401,4.046117854142401,290,1.7624702031101855,0.3758874470468313,0.5673364169038244,0.09891464649461884,0.0,0.38002475928561114,11.021239089324155,1.62251634029578,3.3088359046336695,20.0,15.0,20.0,15.0,229.6813364165357,2423.9199494015234,31.308093999535135
-4.05427978487244,4.05427978487244,219,1.8133555126298015,0.3764681136283357,0.8137250111449501,0.1404690630642861,0.0,0.46918610940414873,11.45254744226695,5.636525816949615,3.242767903012883,20.0,15.0,16.0,12.0,231.8453465131117,2000.7744918267472,28.619805267347374
-4.067607914123007,4.067607914123007,282,1.8197713092789467,0.30005351109458467,0.3455330778811084,0.11570327440084624,0.0,0.35248056705176567,11.342288778884829,9.37198073598989,3.3091239177290923,20.0,13.0,20.0,13.0,263.4815271494709,2313.5706405429073,23.811170299271943
-4.073563082664744,4.073563082664744,189,1.730184486002492,0.3738617337113192,0.5000896432135374,0.26205713955734894,0.0,0.35176041899309424,11.227766304433864,8.401192231681524,3.347610152199165,20.0,15.0,22.0,13.0,238.90396772563295,1903.9739136559015,21.261548725816134
-4.09002874342746,4.09002874342746,227,1.8085047960929794,0.3749815501649593,0.7308192519654299,0.13763641921849284,0.0,0.3930853150192245,11.41113346222405,3.5779710600555825,3.2027986216883404,20.0,12.0,20.0,15.0,247.9696788076406,2302.8601418623703,38.99636552522517
-4.091993120887498,4.091993120887498,284,1.785946412816602,0.37790964335632127,0.7997653225850551,0.21563940628079847,0.0,0.39865732119494,11.2401463154023,4.960806045430046,3.1795752640880144,20.0,13.0,20.0,15.0,254.5859478557185,2051.928195998904,13.08195247336467
-4.101373511912776,4.101373511912776,239,1.708273104671563,0.3796851973584972,0.6740612937703954,0.25124562898670566,0.0,0.49627073465949845,11.112017375061033,2.0359209005194305,3.312558821442888,21.0,13.5,22.0,13.0,231.75274985201625,2509.324839758293,34.31266848018546
-4.102142370044509,4.102142370044509,190,1.7757708312891523,0.38049799359701836,0.43280471311578744,0.2645747648970319,0.0,0.4373591286006469,11.194139258748937,7.181286174521659,3.285702553230321,22.0,13.0,21.0,13.5,238.48437856036367,2653.2783485518007,35.18015482856091
-4.102142370044509,4.102142370044509,241,1.7757708312891523,0.38049799359701836,0.43280471311578744,0.2645747648970319,0.0,0.4373591286006469,11.194139258748937,7.181286174521659,3.285702553230321,22.0,13.0,21.0,13.5,238.48437856036367,2653.2783485518007,35.180154828560916
-4.106572019554423,4.106572019554423,296,1.8157958605713025,0.37447303857281383,0.7023357303070642,0.24491498260935624,0.0,0.43630895266701347,11.251453012620688,6.827968190629043,3.239440520785687,21.0,13.5,16.0,12.0,251.49800662455098,2558.248964885687,39.72223060137024
-4.113993807098552,4.113993807098552,125,1.7747308780740747,0.35684714931088496,0.6837581262893082,0.26657256119828493,0.0,0.3915455308951523,11.11238715999367,10.874344436382795,3.168829520502145,18.0,12.0,20.0,15.0,288.08521058888755,2174.297292440003,26.492025717848897
-4.114395178419873,4.114395178419873,300,1.8249903105115244,0.3609739549995322,0.48775206348060884,0.21999532666237517,0.0,0.35035978539930046,11.17230564576799,3.8526108663587566,3.1398265579074165,22.0,13.0,18.0,12.0,230.70570884726467,2675.9566188371746,13.980954494421871
-4.127664878720193,4.127664878720193,290,1.8223050693292198,0.3793583383245621,0.6432431528934823,0.09083738021289338,0.0,0.3657738577753006,11.436886357793203,7.243320325302052,3.325523477300737,21.0,13.0,20.0,15.0,223.97022236785463,2255.601135500823,34.0970915656162
-4.1290162417605245,4.1290162417605245,225,1.8027543303008877,0.3781259786367533,0.45383535566359723,0.09669528399950407,0.0,0.3326951329586634,11.005626975573321,5.847546482574784,3.1789945758329896,21.0,13.5,20.0,13.0,247.336021123337,2304.47430475678,30.957584136811597
-4.1290162417605245,4.1290162417605245,281,1.8027543303008877,0.3781259786367533,0.45383535566359723,0.09669528399950408,0.0,0.3326951329586634,11.005626975573321,5.847546482574784,3.1789945758329896,21.0,13.5,20.0,13.0,247.336021123337,2304.47430475678,30.957584136811597
-4.1291126062805255,4.1291126062805255,223,1.7556487398904954,0.3425050954875047,0.6241426869330612,0.20253178570190056,0.0,0.42357430921742273,11.175616532220115,10.786205205710353,3.332729106124948,21.0,13.5,18.0,12.0,230.0449206599392,2128.111433412178,29.977455385290142
-4.1353956339270646,4.1353956339270646,249,1.7453475817649535,0.3942329852845543,0.5490701196592556,0.1394695638033946,0.0,0.43558853048601043,11.317622628319016,10.041061759851768,3.3194988006693373,20.0,13.0,25.0,12.5,263.5437707858553,2080.3542100531677,21.061065253944292
-4.136792164772359,4.136792164772359,281,1.8182864097032547,0.3688023358437219,0.4561194855792343,0.2703273342758754,0.0,0.5402002881707183,11.344054336648515,6.2904329511028685,3.2518284071452,20.0,13.0,20.0,15.0,246.17337251516446,2529.0350014740957,26.535987147464418
-4.139734383180235,4.139734383180235,230,1.7967485357599102,0.3777429270017334,0.5975122631526993,0.1311038877612119,0.0,0.42064206396449566,11.70304678630572,5.543610858019519,3.2941091320456803,22.0,13.0,24.0,12.0,237.45768708425288,2480.699152125864,34.528807598968754
-4.140763723474423,4.140763723474423,300,1.7804428671785264,0.3566632654083499,0.48869236490758877,0.24074533736140014,0.0,0.40095378310279106,11.132277779393583,9.274413409261772,3.233618816717157,20.0,15.0,20.0,15.0,232.67064654114216,2107.184662004065,19.325875540856096
-4.1522516444111846,4.1522516444111846,240,1.788310716404761,0.2797660305605977,0.5707072342862344,0.24330948718257497,0.0,0.3746789049909702,11.012156097503556,9.040184166114692,3.1234913083646627,20.0,15.0,22.0,13.0,260.3540403973758,2480.3414181734674,38.19217137352214
-4.180151530460913,4.180151530460913,229,1.7918169519875304,0.39305863888381437,0.43262336700546566,0.1789299920237396,0.0,0.38401507792770523,11.451233912632457,0.16032725031575445,3.3434747882625393,22.0,13.0,20.0,15.0,219.44204128992138,2262.81070703751,27.897070248037423
-4.180151530460913,4.180151530460913,281,1.7918169519875304,0.3930586388838144,0.43262336700546566,0.1789299920237396,0.0,0.38401507792770523,11.451233912632457,0.16032725031575445,3.3434747882625393,22.0,13.0,20.0,15.0,219.44204128992138,2262.81070703751,27.897070248037423
-4.181262184637644,4.181262184637644,167,1.7815530412939982,0.33850292475120297,0.3607631595619095,0.15178664831926744,0.0,0.36880953378130144,11.319752962447398,8.310686507343751,3.151046083618562,20.0,12.0,20.0,13.0,261.0545082026987,2453.311014920473,27.55712836776826
-4.185947231512143,4.185947231512143,246,1.7690423213209021,0.361954370862417,0.5899479687438738,0.11027736485290644,0.0,0.5296361770118053,11.107775377801584,5.800652499125457,3.3241705374313186,20.0,15.0,20.0,13.0,238.81796328139032,2586.266413308775,22.126425997650763
-4.192520241479114,4.192520241479114,189,1.782747798288867,0.35607871464235963,0.627125691506366,0.2570350669431865,0.0,0.4094230587552026,11.127963786512279,7.370631552911654,3.353479952464199,20.0,15.0,20.0,15.0,276.3422409830215,2967.2952529372315,21.85900872538154
-4.200247245747732,4.200247245747732,225,1.82374474757337,0.3741421024513043,0.43547330862321776,0.17776688147266057,0.0,0.404901293004154,11.8631925695025,6.812965558649095,3.279739153477754,20.0,12.0,17.0,12.0,261.41014484233233,2086.212300448234,26.35734110040942
-4.200247245747732,4.200247245747732,281,1.82374474757337,0.3741421024513043,0.43547330862321776,0.17776688147266057,0.0,0.404901293004154,11.8631925695025,6.812965558649095,3.2797391534777542,20.0,12.0,17.0,12.0,261.41014484233233,2086.212300448234,26.35734110040942
-4.200863589525149,4.200863589525149,246,1.7727863483459605,0.39963716988803333,0.5092732707794532,0.2853510745729071,0.0,0.5786628928419082,11.095340010936166,5.698868355009928,3.256002077147043,17.0,12.0,20.0,13.0,303.403384166608,2326.9261831108806,25.42405171342609
-4.224568918575384,4.224568918575384,245,1.8090641037760886,0.3677349852296501,0.7527553537559866,0.27786957830742914,0.0,0.3703158269737652,11.138372959977248,5.250580401032842,3.0592914003788563,21.0,13.5,24.0,12.0,227.5152947226605,1869.9176402334879,18.378562442567706
-4.233876180673388,4.233876180673388,245,1.7893709021203827,0.3352326520173463,0.5730682076288743,0.26336543300204046,0.0,0.3247997513856767,11.11043964320207,8.127169906977464,3.164592152386046,22.0,13.0,20.0,15.0,225.8041540469387,1793.0417886236287,24.014654934663294
-4.238160379958563,4.238160379958563,241,1.8081424097265526,0.33989860776688435,0.6722138394298561,0.18917075329199973,0.0,0.40425616586148994,11.149730211898248,8.366767999078025,3.3189817065850318,20.0,15.0,22.0,12.0,242.29635833517605,2348.686450219958,11.011063598790063
-4.238474358215855,4.238474358215855,227,1.7538179885653293,0.38374534656907033,0.3739282230970825,0.08875125935900259,0.0,0.3377994978572493,11.791154921975394,1.1871770808470465,3.2676791644016143,22.0,13.0,20.0,15.0,234.2804359380672,2116.2422207057534,20.490769633901948
-4.244700760064913,4.244700760064913,286,1.827429439163708,0.3205429683835088,0.4785888764900011,0.2169157306868047,0.0,0.5666156645215155,11.131343348555472,6.221403830888399,3.351699108273496,20.0,13.0,20.0,15.0,262.2498512105344,2465.3503395233693,23.451300789888766
-4.2603581535139705,4.2603581535139705,285,1.808260432214406,0.3728134034244361,0.5163131650337001,0.13721373591802183,0.0,0.3857602368709823,11.414275903783944,6.869669637248322,3.2826615495630955,21.0,13.5,20.0,15.0,223.19232580101436,2363.380356585485,30.847948103535163
-4.26373258352349,4.26373258352349,242,1.7889306944679229,0.308249320338412,0.8451704208624783,0.11366830930309649,0.0,0.49006448147209525,11.07633231993278,8.339793255305182,3.3338152010030737,20.0,15.0,20.0,15.0,244.68636991056246,2514.5846665377517,27.195235065592613
-4.264460059890664,4.264460059890664,127,1.787056197246986,0.3452729442157816,0.7975311970617467,0.2912227268353427,0.0,0.38404392798900333,11.213809700364028,3.275915752498105,3.162035558546576,20.0,13.0,20.0,15.0,262.835640797074,2779.7987884933445,29.18501796295471
-4.264460059890664,4.264460059890664,181,1.787056197246986,0.3452729442157816,0.7975311970617467,0.2912227268353427,0.0,0.38404392798900333,11.213809700364028,3.275915752498105,3.1620355585465765,20.0,13.0,20.0,15.0,262.835640797074,2779.7987884933445,29.18501796295471
-4.271464700049815,4.271464700049815,282,1.7609416750384974,0.3605078399172309,0.6812228240167262,0.09476489118527583,0.0,0.39712768724605013,11.19145636398771,3.183328244371288,3.199774877676166,20.0,15.0,20.0,11.0,256.4808664064209,2302.979187556116,31.954570158972295
-4.27268915403058,4.27268915403058,219,1.735308190014413,0.3090198204808388,0.5652726988461227,0.149368006983282,0.0,0.4066606463859236,11.110725028389002,11.034987322920164,3.36461256870984,21.0,13.0,17.0,12.0,249.17040087353848,2215.4586798125997,22.043402374164813
-4.274115695268589,4.274115695268589,288,1.8026017525283426,0.3635085692374666,0.4933002046144642,0.10932344467597781,0.0,0.33813619141223467,11.190130954716754,9.767823987075406,3.0059499173269555,20.0,15.0,20.0,15.0,241.21498726972928,2735.0062086045464,17.184155360659506
-4.2794129096737095,4.2794129096737095,241,1.8162912213176394,0.37831096439338535,0.7651159871406179,0.18715015531530188,0.0,0.3757812504909021,11.355368795956373,8.637929723937656,3.1936696772198987,22.0,13.0,20.0,15.0,243.15087369124626,2931.0020898620364,26.223125732344066
-4.280137142583175,4.280137142583175,290,1.7508189640143221,0.32224828167463176,0.5266247572401163,0.10740653715723449,0.0,0.35897651669265934,11.64411486048618,5.453389230895788,3.242632339999948,20.0,15.0,20.0,15.0,247.76856604225927,2211.176640683168,39.17548789545588
-4.283183062064501,4.283183062064501,228,1.796625082858511,0.38733987786642377,0.5854514455957494,0.10891780879893577,0.0,0.5156097534736835,11.181617916986937,9.647188379844698,3.0055965345202864,21.0,13.5,21.0,12.0,227.70459374079718,2638.8728665124727,18.624094634533876
-4.288418647908643,4.288418647908643,246,1.8050081748425617,0.3620125465641839,0.6910284720591741,0.10722250037629967,0.0,0.5087179894909394,11.198783172554574,2.320024962206624,3.1805183683671574,20.0,13.0,20.0,11.0,261.79138922544377,2484.00365553938,8.665540528351215
-4.293001191234611,4.293001191234611,288,1.7895977813678174,0.36958822337596836,0.8175113830610794,0.14766473089170185,0.0,0.3389115565557707,11.247375102540483,7.31422264984991,3.315706772081697,20.0,15.0,22.0,13.0,246.5142813257573,2720.436977073932,31.929755214159297
-4.294271731371504,4.294271731371504,288,1.7514203036777203,0.30864085929341595,0.8140732017204106,0.13624332807696043,0.0,0.3408201960979227,11.102523864089873,6.966648114034549,3.2140078101677254,20.0,15.0,20.0,15.0,267.4098739040105,2648.106299369737,23.78236588485195
-4.294455559566593,4.294455559566593,277,1.8165444916258573,0.3830994523084162,0.801143739227546,0.2010202882923798,0.0,0.4666269377854869,11.493694070721824,10.3701741565556,3.047350640235721,21.0,13.5,16.0,12.0,228.31383269099786,1709.4858395426595,25.130009211192505
-4.29652453717997,4.29652453717997,225,1.826031238754029,0.36014099479236295,0.5582103127457654,0.1137224443622443,0.0,0.31785218434876283,11.216240174258916,10.536614226234615,3.1914458897123925,17.0,12.0,17.0,12.0,300.33627269369606,2306.6673117274804,23.068696117675387
-4.3014700666253916,4.3014700666253916,284,1.7676749833927716,0.3616466810660762,0.5440323070715061,0.14159276122355624,0.0,0.36543095439158446,11.247893726735144,7.11959704909879,3.250499871801736,21.0,13.5,20.0,15.0,254.41254192488478,2610.5785901928284,28.930727562580483
-4.307560717722717,4.307560717722717,228,1.7967485357599102,0.387875593518461,0.8884935240053302,0.22650125605332644,0.0,0.42064206396449566,11.174930430078136,3.089734723951345,2.998442737413357,22.0,13.0,25.0,12.5,237.45768708425288,2311.2069350709316,3.3844950596441947
-4.3232259998831655,4.3232259998831655,287,1.8245479162329166,0.39017768145493015,0.8846231052465906,0.2845850792202007,0.0,0.3774131346581353,11.548581992216057,1.5224767765009553,3.3615263191417997,20.0,15.0,20.0,15.0,242.44253298612924,2886.3151833751695,35.29181924149229
-4.326509535997263,4.326509535997263,124,1.7322841988780326,0.330907934435379,0.7956460591884511,0.23054587032545237,0.0,0.37334216513306956,11.095893981898593,9.990453617838382,3.2911010535381466,20.0,13.0,20.0,15.0,266.41571505141394,2575.879206893358,17.233646753704253
-4.33037402230614,4.33037402230614,244,1.6695651124158677,0.3696061755856708,0.7687998214338186,0.12467811222475977,0.0,0.4495749233725,11.015014048177788,4.7912793176728075,3.208711329376251,22.0,12.0,19.0,12.0,232.27056398845156,2237.1716809223503,29.00735751569985
-4.332290641393112,4.332290641393112,282,1.778637904034378,0.3398950484775915,0.5910965810182975,0.1453776465279085,0.0,0.35264090603180503,11.294534351740362,7.793674797059034,3.259322106005612,20.0,15.0,20.0,15.0,240.08749320461357,2311.0958693458224,16.355160765437788
-4.341820573499232,4.341820573499232,239,1.8111126503116264,0.3445595988331289,0.5034384764096939,0.28849624896024195,0.0,0.5486478193032618,11.095058721322594,10.01082153960779,3.1490506348239014,22.0,13.0,21.0,13.5,244.57540744851664,2716.936007860863,25.44522154661348
-4.343979956022071,4.343979956022071,245,1.775640418093475,0.3365803445392582,0.7208172342963457,0.1394695638033946,0.0,0.43558853048601043,11.380189713477172,10.041061759851768,3.097139116000256,20.0,13.0,25.0,12.5,263.5437707858553,2327.4195646905027,21.061065253944292
-4.3457020083839515,4.3457020083839515,284,1.7715160417827065,0.34250789706787843,0.5571191195772759,0.17292218484731173,0.0,0.38056498998371013,11.160049998737719,7.593417604205085,3.1720409380207037,21.0,13.5,20.0,11.0,254.80707229143331,2633.9157050401827,36.32619600992638
-4.355277848804932,4.355277848804932,246,1.8183928911187532,0.29226464140055936,0.42738036185829,0.17816161429061364,0.0,0.4619932554254905,11.514794760221063,8.402817794315517,3.299319452105739,20.0,15.0,22.0,13.0,264.90668904327845,2286.586381522355,24.97837521628766
-4.357338126743718,4.357338126743718,107,1.8068894217045774,0.39220060244383625,0.6962722705866423,0.29626079402168826,0.0,0.3532844462131987,11.361405893573643,9.98372700149481,3.2807763683508115,18.0,12.0,21.0,13.0,300.4354290122932,2815.8914691612235,23.771097491025536
-4.364435409667501,4.364435409667501,242,1.7814092469326483,0.3683456756420804,0.6249806510024309,0.14507050448214892,0.0,0.35091866489296936,11.087479767579865,10.758238834005644,3.3227484071304927,20.0,13.0,20.0,15.0,285.7214977426941,2130.3226206050235,27.56676406708188
-4.3687158405142945,4.3687158405142945,227,1.780796364215915,0.32895519342260515,0.7083137991582286,0.14747580872087113,0.0,0.4455053596286562,11.187932287059503,9.196973906123521,3.2203161059307956,22.0,13.0,20.0,15.0,240.554220574985,2777.595112759088,33.96890764142142
-4.3687158405142945,4.3687158405142945,281,1.780796364215915,0.32895519342260515,0.7083137991582286,0.14747580872087113,0.0,0.4455053596286562,11.187932287059503,9.196973906123521,3.220316105930796,22.0,13.0,20.0,15.0,240.554220574985,2777.595112759088,33.96890764142142
-4.373827300487955,4.373827300487955,244,1.808090600946804,0.3757258764657826,0.7757402582782889,0.1961996425868386,0.0,0.3921885336579365,11.09051486909544,8.357518397815397,3.2114441402882736,20.0,13.0,21.0,13.5,240.65537336912365,2367.44690805477,14.506398153402982
-4.3818854447243725,4.3818854447243725,247,1.801253059856853,0.34974225745117626,0.7251905068450439,0.17223474272036535,0.0,0.3965449160702987,11.203389077672451,2.107467027055641,3.2860768869905073,21.0,13.5,20.0,13.0,248.45669900826013,2342.7927747459885,26.751246760618056
-4.383078840438432,4.383078840438432,247,1.8087135565931667,0.35254663327212604,0.630879753038932,0.20661658803125904,0.0,0.4995611195291497,11.003235680505824,5.109178459756967,3.2381145456922136,20.0,15.0,21.0,13.5,265.20026928810637,2519.380350121645,10.919225161424542
-4.384310309275991,4.384310309275991,293,1.814962636575824,0.34736244617711043,0.8989434250503731,0.18998172448688636,0.0,0.45911251596661284,11.10647551769644,8.745566111811748,3.2642083024365043,22.0,13.0,16.0,12.0,241.84297606473257,2605.762534680889,11.71638502672768
-4.387867192169622,4.387867192169622,270,1.7784539684555796,0.3172496817715155,0.8815829201068668,0.18138466162762945,0.0,0.4065113479112159,11.57957509953523,9.725608104827831,3.363613413938083,20.0,12.0,22.0,10.0,262.9752734128007,2344.9227280959194,38.88879986035715
-4.3956318177632285,4.3956318177632285,288,1.8040441692679041,0.3570963894525464,0.6431278466887357,0.17606114911648965,0.0,0.4694589887106404,11.519431115399321,2.534612978070072,3.3053812054724183,21.0,12.0,20.0,15.0,248.85710068585763,2642.5477330926296,26.44663756054106
-4.398434653478522,4.398434653478522,299,1.7821429303121985,0.36067577079036384,0.7713332703204072,0.17139896442628702,0.0,0.36300982090636513,11.767821002629763,7.498796989479146,3.1283475287186944,21.0,13.5,19.0,12.0,254.1521968996452,2443.833125861273,9.945301819750952
-4.404572237543694,4.404572237543694,298,1.7758435753056618,0.36838543379765676,0.712799374347782,0.20829694612659638,0.0,0.4838542884772868,11.318919478785066,3.9707129039401936,3.2178140775444177,20.0,15.0,19.0,12.0,262.2607356423527,2411.6376629647707,3.148114615060024
-4.407330159335157,4.407330159335157,289,1.7992111166471407,0.33789817469567657,0.5793175577821512,0.12383947510597784,0.0,0.42927800192176085,11.347801772652033,8.57486832070417,3.0338411308140576,20.0,13.0,20.0,15.0,249.71839244409358,1822.6424853980857,35.35099020892648
-4.409609800405899,4.409609800405899,228,1.7238095323784788,0.3537291122881595,0.807279216985134,0.14475408531459902,0.0,0.4899354746629126,11.206005762634051,7.213918279528008,3.3725992394595865,22.0,13.0,21.0,13.5,240.6387151866815,1908.6240940536766,34.90207232060459
-4.409609800405899,4.409609800405899,281,1.7238095323784788,0.3537291122881595,0.807279216985134,0.14475408531459902,0.0,0.4899354746629126,11.206005762634053,7.213918279528008,3.3725992394595865,22.0,13.0,21.0,13.5,240.6387151866815,1908.6240940536766,34.90207232060459
-4.417629768222921,4.417629768222921,229,1.8270639280803829,0.3853902121002888,0.737418719375462,0.08105168133541171,0.0,0.410926286058044,11.014993211137943,10.609422949128133,3.1888854889435914,20.0,15.0,20.0,15.0,217.21732164001364,2099.690032097593,35.215566722278325
-4.424703588962544,4.424703588962544,241,1.7429057043243796,0.38320767019190677,0.662890174720112,0.22041682688559433,0.0,0.5175764307708093,11.144090812279217,3.2969415559384894,3.2150706013684096,20.0,15.0,21.0,13.5,255.87874466785152,2045.1279245316982,18.261039472944155
-4.430652958913268,4.430652958913268,243,1.801253059856853,0.30028558138802725,0.5691398572540054,0.17223474272036535,0.0,0.4551756290835667,11.203389077672451,7.6344947933207346,3.302669856686361,21.0,13.5,21.0,13.0,241.74705684801097,2342.7927747459885,22.946234045113805
-4.440611922827337,4.440611922827337,287,1.8180835726740932,0.3204955750958467,0.5658386518077838,0.26494825655448306,0.0,0.4249576743022119,11.074133907310749,1.1843837354539772,3.2718097539191398,20.0,15.0,20.0,13.0,267.43485114005136,2318.266900132063,24.875597488529372
-4.442807930218191,4.442807930218191,286,1.7866500444920503,0.37953163916845234,0.6202888766096856,0.12615697583557767,0.0,0.3127482280504843,11.149957980650106,9.16292581005046,3.146051708566398,20.0,13.0,20.0,15.0,262.9187347435807,2151.408035701438,39.849843550805986
-4.455384962826445,4.455384962826445,242,1.8123304194049248,0.36691904911015116,0.7648991275125807,0.17898317473775943,0.0,0.41215859213017314,11.428453284672411,10.141583927138836,3.126096516978001,21.0,12.0,25.0,12.5,246.68144409132432,2805.0869007086194,22.676940238661466
-4.459312274577138,4.459312274577138,287,1.801300897605409,0.3435268106154979,0.6758531476745602,0.11533719155519485,0.0,0.33485529263739966,11.059142588231179,7.280410786079501,3.1512015697291336,20.0,13.0,20.0,15.0,262.89576830691317,2366.951729555068,19.75708575163348
-4.466943457185176,4.466943457185176,300,1.7340332843952135,0.3520973573605793,0.6513294884138708,0.08650162612085564,0.0,0.47838959978970247,11.068072381674376,3.745565989279914,3.272191227494571,20.0,15.0,20.0,11.0,241.9250141734489,2052.585073865474,14.537026301054068
-4.472687624556565,4.472687624556565,286,1.7920215407836686,0.36750796467967684,0.574293258534911,0.16385707113364828,0.0,0.43421974656688084,11.049004173744644,5.815762275402183,3.108468445218965,21.0,13.5,22.0,13.0,255.80037302843883,2821.151251149936,30.381492605097684
-4.473308300847118,4.473308300847118,225,1.7238095323784788,0.3537291122881595,0.518035825581986,0.12912392375107248,0.0,0.52832856060853,11.206005762634051,7.213918279528008,3.3725992394595865,22.0,13.0,20.0,11.0,240.6387151866815,1908.6240940536766,34.90207232060459
-4.474228754211314,4.474228754211314,257,1.804353902691619,0.37048242679655474,0.7119665131841344,0.18244445651928343,0.0,0.5655989342794447,11.027883764120958,1.8655046261332657,3.248528739232876,17.0,12.0,15.0,10.0,299.63152030670386,1792.5122493618976,34.978111177349014
-4.489467848689842,4.489467848689842,290,1.8284049517578196,0.3513268241326205,0.6518247627750835,0.1288934657452408,0.0,0.30966113922191557,11.079368944239953,9.54545687911897,3.2113222132875583,21.0,13.5,20.0,15.0,259.4931911463001,2601.8877649395445,33.443622964768444
-4.489614486587053,4.489614486587053,182,1.7978835906585142,0.3249354806923691,0.7774557885591218,0.27580586186582573,0.0,0.4097482588620972,11.138874235515992,8.753453562717915,3.2124607677755974,19.0,12.0,19.0,12.0,278.6376294998075,2143.7454267913195,39.986319366661014
-4.48977643576643,4.48977643576643,173,1.804074589041399,0.3482089404777031,0.5630377663512447,0.2439067659950575,0.0,0.44771045683979044,11.015419710512756,3.652811911163357,3.2458874346804887,21.0,12.0,19.0,12.0,233.5700474976649,2494.137678923684,21.744204642776992
-4.507697403595804,4.507697403595804,225,1.8052631289853527,0.37270885337116333,0.6248806984894443,0.1693044539465905,0.0,0.5419846396004544,11.292809662080188,10.897760758455625,3.202712380928356,18.0,12.0,20.0,15.0,296.36733895196727,1955.5399886316184,32.6732396142791
-4.507697403595804,4.507697403595804,281,1.8052631289853527,0.37270885337116333,0.6248806984894443,0.1693044539465905,0.0,0.5419846396004544,11.292809662080188,10.897760758455625,3.2027123809283555,18.0,12.0,20.0,15.0,296.36733895196727,1955.5399886316184,32.6732396142791
-4.50941228357537,4.50941228357537,127,1.7792117881983565,0.3065738036061113,0.6722138394298561,0.1917848626474781,0.0,0.40425616586148994,11.149730211898248,9.538889930327837,3.3189817065850318,20.0,15.0,20.0,15.0,242.29635833517605,2298.4930597114685,24.78067819431661
-4.5122954685954015,4.5122954685954015,230,1.8049426587658353,0.3461796856384719,0.5872684918694691,0.17658265840380993,0.0,0.4666378870158049,11.026977905734274,10.436376973979522,3.2761126627751693,16.0,12.0,20.0,15.0,345.1965074316182,2400.7387070400177,24.08395365780294
-4.513391820684998,4.513391820684998,292,1.794195870499828,0.3664308731850872,0.8537454895490804,0.26377823421887214,0.0,0.4377687533094151,11.384346909396072,7.448980154801296,3.2945292991107333,20.0,15.0,22.0,12.0,249.9812994244454,2584.4814694294205,37.58328001050582
-4.518765946818262,4.518765946818262,283,1.821509929450047,0.3804695092239888,0.3536058250709214,0.17994200324170911,0.0,0.33566860818842226,11.558223620529116,3.5123595493533806,3.2430999735203088,21.0,13.5,20.0,15.0,251.92730581644506,2010.534126753346,20.3845479882239
-4.5232331114788495,4.5232331114788495,264,1.821909864384883,0.350801640698179,0.8303409183870113,0.24080106910598023,0.0,0.5305677068423499,11.236631943049487,7.870460948919655,3.0966138396939504,20.0,11.0,16.0,12.0,262.93381437739583,2450.2183751400485,36.22831419703224
-4.5234553401253415,4.5234553401253415,289,1.809832408157308,0.3576980527388457,0.7957944604114097,0.17152945315327808,0.0,0.31625041277130905,11.141032166006838,8.379858507150642,3.3576738703159856,20.0,13.0,20.0,15.0,285.353827889453,2171.251466474954,30.928788612929587
-4.543424903490164,4.543424903490164,282,1.6890691974715721,0.36783696625045015,0.7657900776744466,0.21953807641857118,0.0,0.34591722999684893,11.026242179036299,6.425591133494752,3.170346990962105,22.0,13.0,22.0,13.0,237.67230404537312,2454.0091688973785,20.200366341783727
-4.544181887315854,4.544181887315854,283,1.777748228795219,0.3592434665379418,0.5203651107896953,0.10749501430559905,0.0,0.322415615900971,11.446789768559736,5.186652638621416,3.1968180125554904,20.0,13.0,20.0,15.0,263.8232493101051,2431.7753737179146,26.299127507408556
-4.556659349831037,4.556659349831037,249,1.7441385191083554,0.3629863847938323,0.6670640024210712,0.12566639752362682,0.0,0.3404642833803621,11.561915514173998,5.562886860350693,3.353069767498577,20.0,15.0,20.0,11.0,250.9184127623767,2486.1194369634027,11.883756101234674
-4.557566221415965,4.557566221415965,286,1.7716497660730683,0.3649216185820714,0.6758531476745602,0.11533719155519485,0.0,0.33485529263739966,11.059142588231179,7.280410786079501,3.185348543836886,20.0,13.0,21.0,13.5,262.89576830691317,2366.951729555068,31.010084944669785
-4.560095721746356,4.560095721746356,244,1.805281015698689,0.36984359694771296,0.5010324226545828,0.20074616232697173,0.0,0.4478218521050286,11.277578811692003,9.816252315171244,3.3335570617671806,19.0,12.0,25.0,12.5,282.9529012604503,2310.930033213972,21.973737404530745
-4.57122732244092,4.57122732244092,286,1.7609539133545513,0.34998308796564825,0.7391180115279137,0.08819100779837219,0.0,0.38776645523905606,11.269176691303613,4.189881041522741,3.279574926696747,21.0,13.5,21.0,13.5,235.3540303109386,2650.0024500163263,29.50756012162664
-4.575013601652343,4.575013601652343,274,1.7681501370270918,0.38810802161961555,0.5839187782607845,0.1121925758446514,0.0,0.45465302880467773,11.049761493329289,5.000055835189907,3.0302041632655037,20.0,15.0,20.0,15.0,230.80312358843554,2100.0090307396363,12.790583100314151
-4.577640692637329,4.577640692637329,300,1.8038910788115237,0.36231028324886777,0.6996495116361297,0.15631126099591264,0.0,0.45814013861909686,11.18697278410098,6.27089994217826,3.355264933050954,22.0,13.0,17.0,12.0,226.5823945574251,2153.686295500693,7.384752595072737
-4.578689674874967,4.578689674874967,271,1.8026396133326592,0.3884901593195531,0.5896350923226751,0.22325263453647493,0.0,0.49409696619864163,11.014424765593297,8.577342999842323,3.2195428085664726,17.0,12.0,19.0,10.0,311.9180289841324,2299.773792395959,15.318547081774216
-4.585877088440659,4.585877088440659,189,1.797907510959981,0.3365398825965409,0.6822247852976082,0.24166729060730366,0.0,0.44431505561295953,11.266235421336017,9.894540035398823,3.253856136173138,18.0,12.0,21.0,13.5,294.00813847299827,2030.6793887888932,19.595026407337183
-4.597412707251863,4.597412707251863,271,1.8269895037956425,0.3801102263496352,0.5989598642886796,0.28291435427829215,0.0,0.34361311926777516,11.342750880390447,1.6916274080545701,3.308343086465836,20.0,15.0,20.0,11.0,259.971396287162,2056.7664572865833,20.641809258574675
-4.601428686320792,4.601428686320792,284,1.7604708332081298,0.3639302287519288,0.4523817148762337,0.10418102963271934,0.0,0.5999084847791916,11.383965712771888,6.857902179277532,3.2441010237343084,20.0,13.0,21.0,12.0,250.03053989371392,2448.0950807582562,27.271748013498723
-4.60421025735353,4.60421025735353,245,1.7924463014135743,0.3610355100869277,0.6176968871532591,0.221113210441634,0.0,0.45046873473872734,11.00996099092575,8.562427915384875,3.3165395142833565,20.0,13.0,20.0,15.0,248.9876671396361,2609.1339479456346,13.118005260102628
-4.604753520084445,4.604753520084445,249,1.8235149832790465,0.38147770619152943,0.5196468590123188,0.2807660019362115,0.0,0.4617281010671154,11.156891785415365,7.9693939572623,2.971124342365061,21.0,13.5,21.0,12.0,228.3592567028324,2399.7014600644584,7.949913144369205
-4.611806584885306,4.611806584885306,186,1.7727863483459605,0.39963716988803333,0.5092732707794532,0.24222321788543932,0.0,0.38306907224390896,11.095340010936166,5.698868355009928,3.256002077147043,20.0,13.0,21.0,13.0,266.2066513809401,2114.8781969030347,10.933364453297965
-4.613742505631725,4.613742505631725,289,1.7450745810614339,0.37651263697768805,0.6441888737803764,0.15261921580879392,0.0,0.5042160431942645,11.403400953479546,4.990149099463074,3.26894910644189,20.0,15.0,20.0,15.0,235.41377741298322,2330.5989886491184,25.780775622003056
-4.614555148543115,4.614555148543115,129,1.769436499689258,0.31419708221309794,0.6781303521773918,0.163113411535059,0.0,0.4408163191097218,11.10819874266472,10.471169002487525,3.1931498994527923,22.0,13.0,20.0,15.0,241.75390741305344,1911.107434334861,28.298358271544895
-4.61605684513397,4.61605684513397,244,1.7911584136879266,0.38349956834038834,0.8338754989977345,0.13365398121964422,0.0,0.4092953289408173,11.067133111867003,6.581740544729828,3.0221095704637557,19.0,12.0,20.0,13.0,253.72318467976484,1956.2384373839911,28.69315937656518
-4.625141612969791,4.625141612969791,268,1.7963294708890478,0.3819691391508314,0.742519962748589,0.22290970873123048,0.0,0.5432871844239267,11.077673387250577,7.376575688385347,3.046763912796178,21.0,13.5,20.0,13.0,222.11596469220834,2549.040581129033,24.736975776993482
-4.62692731035416,4.62692731035416,182,1.8145013171239248,0.38358068591750727,0.6315391434047675,0.29208849463600817,0.0,0.4053006367135512,11.224962785289923,9.73263307527159,3.311898994051999,20.0,13.0,20.0,15.0,269.2698845738188,1825.4663645119113,31.11339672662911
-4.62692731035416,4.62692731035416,241,1.8145013171239248,0.38358068591750727,0.6315391434047675,0.29208849463600817,0.0,0.4053006367135512,11.224962785289923,9.73263307527159,3.311898994051999,20.0,13.0,20.0,15.0,269.2698845738188,1825.4663645119113,31.113396726629112
-4.628378939960198,4.628378939960198,236,1.8279607879874162,0.3958553078367464,0.5184912700227637,0.1812643623203704,0.0,0.47084648341923363,11.537147533096274,3.565321304256809,3.214658733150565,22.0,12.0,18.0,12.0,238.97353922977018,2272.471635867436,21.969544961863242
-4.6315981748154105,4.6315981748154105,215,1.7204476123902297,0.34339872594051857,0.6222627852195628,0.11213287081661442,0.0,0.4103404920587326,11.483720449531074,5.662027774615862,3.344080312940183,20.0,12.0,18.0,12.0,263.1873141058486,2215.5207295511345,37.309352782505464
-4.6315981748154105,4.6315981748154105,271,1.7204476123902297,0.34339872594051857,0.6222627852195628,0.11213287081661442,0.0,0.4103404920587326,11.483720449531074,5.662027774615862,3.344080312940183,20.0,12.0,18.0,12.0,263.1873141058486,2215.5207295511345,37.30935278250547
-4.645409576054388,4.645409576054388,288,1.7658853597405444,0.32011895556475084,0.7133289896282318,0.17810481097380876,0.0,0.3169677072917667,11.053967232541938,8.000675367020474,3.122968113777289,18.0,12.0,20.0,15.0,288.76092583947445,2220.407643633726,26.62490290856418
-4.646761841316749,4.646761841316749,127,1.769109160193039,0.39438512106990564,0.5098554817994178,0.24520130651080613,0.0,0.31935602434769206,11.070592075197274,10.503536445029269,3.2639162024203494,17.0,12.0,20.0,13.0,316.94253138389683,2097.9681073114166,34.00851433957492
-4.646761841316749,4.646761841316749,181,1.769109160193039,0.39438512106990564,0.5098554817994178,0.2452013065108061,0.0,0.31935602434769206,11.070592075197274,10.503536445029269,3.2639162024203494,17.0,12.0,20.0,13.0,316.94253138389683,2097.9681073114166,34.00851433957492
-4.64752082360512,4.64752082360512,282,1.7382405842830897,0.3613390030514373,0.8234253815433803,0.10749501430559905,0.0,0.3556337719095901,11.128952210692727,5.186652638621416,3.126286607403229,20.0,13.0,21.0,13.0,263.8232493101051,1985.9036259907452,25.338130588416146
-4.647718828542719,4.647718828542719,225,1.8174358485058355,0.3038491379789756,0.6747376201842733,0.08660014854560565,0.0,0.3526947462818771,11.299916527812236,8.715875587694269,3.3256347501491152,20.0,13.0,22.0,13.0,269.92732461079675,2139.538019420437,31.700069629094322
-4.647880912087886,4.647880912087886,249,1.8239635825086882,0.3621257024927683,0.7384998813796817,0.2462924124631833,0.0,0.4719448241867784,11.760132800722998,4.3769572546342435,3.2102803686189754,22.0,13.0,24.0,12.0,235.19168335067317,2360.7743976213605,11.788673586018636
-4.655108017694068,4.655108017694068,247,1.7883846543274928,0.3853571678481744,0.6303895243159243,0.22748167939257635,0.0,0.4377264427672915,11.346516314353988,4.812808747446489,3.2526799044681933,24.0,12.0,20.0,15.0,221.0380878611281,1957.4724672073032,32.204779010994315
-4.668984447633853,4.668984447633853,224,1.818232749618087,0.3120434525633592,0.7778897886454412,0.09764466386035786,0.0,0.3332794345315997,11.097212413508235,9.1128346955767,3.093819357259142,20.0,13.0,17.0,12.0,268.6344433975542,2035.53780006625,11.728720420914183
-4.676473220314842,4.676473220314842,245,1.819364881885231,0.3986732060513023,0.8961647790341705,0.10119839166293548,0.0,0.45634243458449814,11.550972012999068,5.197824056976195,3.304099899583494,17.0,12.0,20.0,13.0,310.7581813313479,1975.1862088761593,12.94229315728462
-4.684398301321503,4.684398301321503,245,1.8279361919119776,0.3718323793340791,0.6424529843844741,0.12393044708413696,0.0,0.41357896531751137,11.513528878585243,9.63175291959417,3.3491903417756483,20.0,11.0,16.0,12.0,267.25239739426775,2349.996340700684,11.554673065560735
-4.6942096825945185,4.6942096825945185,286,1.7270960897428584,0.31986112206285167,0.776820133713757,0.08441658192079218,0.0,0.35413453564872616,11.151507581594128,3.122976685041797,3.1535589284059884,20.0,15.0,20.0,15.0,247.31227991259135,2355.84994883733,25.431614120428545
-4.6947889729589125,4.6947889729589125,299,1.8154432725582568,0.36596783082603457,0.43554368896405743,0.22406472949221234,0.0,0.40210618359843453,11.159185923916667,9.221751805048443,3.2262939614035187,20.0,15.0,18.0,12.0,223.77501650868788,2430.446223249402,35.884865205640715
-4.698978725623057,4.698978725623057,299,1.8090173984326254,0.36609985948341833,0.7943667099955181,0.20777863687025985,0.0,0.4333266070441599,11.325897051290934,2.1927235654965287,3.191176289427226,22.0,13.0,20.0,13.0,243.20407964016297,2663.0406109754767,37.41777854778001
-4.708267160396004,4.708267160396004,125,1.8162912213176394,0.3399264130303364,0.7651159871406179,0.11398528640477743,0.0,0.5655747104714111,11.355368795956373,8.637929723937656,3.148865883750772,17.0,12.0,18.0,10.0,306.72968558969865,2221.1609750207963,27.545217546606114
-4.708490686607819,4.708490686607819,229,1.7104041512431296,0.37478281070733577,0.5568173730929032,0.13952063652757205,0.0,0.35413453564872616,11.007643434084093,3.122976685041797,3.356628980374243,21.0,12.0,20.0,15.0,248.3176494621455,2355.84994883733,26.146032214768727
-4.711537737638013,4.711537737638013,242,1.7662602062090518,0.386247932704501,0.6225579307255795,0.09686908810989697,0.0,0.4639105275019531,11.63441924840792,6.9094370465467705,3.3481423694642682,18.0,12.0,20.0,15.0,295.5067548279494,2225.159156506077,31.2206429839815
-4.71338707873104,4.71338707873104,246,1.7694570955503954,0.3728900588352406,0.5462965565848151,0.209623274873678,0.0,0.44678115144856084,11.557555176846613,4.677903643050764,3.2757855271587903,20.0,13.0,21.0,12.0,267.33636155253805,2431.749159814233,16.335799395794584
-4.719529797263272,4.719529797263272,229,1.8067647003911644,0.3536896182814262,0.891993886715525,0.1698458862316531,0.0,0.390696537076117,11.361214099463044,1.1832846840443967,3.264286879456505,21.0,13.5,22.0,13.0,227.2592478947008,2056.040301119233,26.083194122958872
-4.722274774302572,4.722274774302572,291,1.7804470239603982,0.3676301239669403,0.5856733032764267,0.23706950325123108,0.0,0.4164905788022025,11.885623607776623,7.00987812741934,3.3737543606054228,21.0,13.0,19.0,12.0,244.97328943734422,2663.6295142669605,25.488534507399695
-4.7373452729981835,4.7373452729981835,249,1.768766686899534,0.33485629716309884,0.6777441385310735,0.2342511578483213,0.0,0.4239524400291507,11.789531542922276,7.038585959175422,3.331237509647896,20.0,15.0,20.0,15.0,246.39388398562855,2257.3194054683563,24.78173703382009
-4.756279280411562,4.756279280411562,299,1.8155965883415286,0.37491177370700496,0.5163548655890184,0.29089700467919766,0.0,0.4329596410619454,11.088154852683274,4.896041147839902,3.3327564633926947,21.0,13.5,19.0,12.0,255.92334479700764,2238.53939168376,23.740247993764854
-4.757114924990794,4.757114924990794,280,1.77443149350283,0.3277654805532769,0.7087639162624806,0.1166387282757646,0.0,0.3945601802733453,11.937284521083516,0.7057271789596857,3.35227868080149,22.0,13.0,24.0,12.0,241.01189622203051,2139.497415621319,27.683546943899913
-4.758416186788329,4.758416186788329,241,1.8074062454143696,0.3632020357231024,0.5621738438762263,0.1394695638033946,0.0,0.4659273944895083,11.380189713477172,10.638986473458205,3.3633350443263117,20.0,11.0,20.0,15.0,263.5437707858553,2587.905698090184,22.80949014706882
-4.760201387161281,4.760201387161281,121,1.819197217574576,0.32095011395234385,0.681169744182206,0.20492689770450898,0.0,0.38295591040006716,11.387637894375384,7.757921384071322,2.8960590292503205,20.0,11.0,17.0,12.0,267.87844043064285,2071.7909473958066,28.297421267463054
-4.7655514306801035,4.7655514306801035,267,1.8041959908498515,0.32222320361292045,0.5419862344376843,0.21637773319409145,0.0,0.5243456254630209,11.020095774417591,4.986058673417993,3.1294135468784225,19.0,12.0,14.0,10.0,280.92623984112055,2502.2813419686154,35.61515375532414
-4.768650097192692,4.768650097192692,261,1.8169791737257461,0.3687041338140733,0.7586632885032474,0.266613258661078,0.0,0.3821590422679623,11.039192253699442,7.249721083848676,3.006346102316201,18.0,10.0,20.0,15.0,291.8117313385992,2061.920997375773,24.996788190601787
-4.770374993836236,4.770374993836236,182,1.7684871167905392,0.3036040995868641,0.6620581733032707,0.26523454013438424,0.0,0.40557492427852715,11.684530022327476,9.17622419605011,3.2102270275798905,21.0,12.0,21.0,13.5,257.0516693908538,2106.812305882868,26.271147503848983
-4.773859112924562,4.773859112924562,295,1.726066989452192,0.3953526674151192,0.4738283160716674,0.22754903881818284,0.0,0.5230369830141134,11.124578501288845,8.567195294929903,3.22888193557755,22.0,13.0,20.0,15.0,234.1293901043394,2002.7802941398227,2.5600657619052143
-4.775738395109064,4.775738395109064,242,1.7587720035705843,0.3853269047152354,0.7383743274191036,0.2823787551850318,0.0,0.36441198961222676,11.574625965113515,2.886403718111028,3.2243133775654855,22.0,13.0,21.0,13.5,236.63066331643805,2561.165628445572,10.336446978602112
-4.775790008126301,4.775790008126301,290,1.801669967819734,0.316130479822574,0.6880674250133153,0.28175326858246375,0.0,0.43181772133649443,11.329456736025033,9.104877567393647,3.2830199292619544,20.0,13.0,20.0,15.0,288.7155534298653,2213.3300152116653,34.18201674632755
-4.79664735742235,4.79664735742235,249,1.6873533315977862,0.3815691407118171,0.45495829900451135,0.20114891873875676,0.0,0.5788083104230106,11.328289187375487,3.1376399459116167,3.371946211201175,20.0,15.0,20.0,12.0,243.336607022347,2098.165901798198,19.724439399042765
-4.798251385780589,4.798251385780589,286,1.8204067355624027,0.3376918739490377,0.8659912522470932,0.11792519222659169,0.0,0.3644143866724636,11.15492755729954,5.8940323724948085,3.1955722302684637,20.0,13.0,20.0,15.0,268.2958380807374,2174.3904384242455,39.08411823145376
-4.799806946894014,4.799806946894014,129,1.7684601015771673,0.333589827534834,0.4863426181519437,0.2652287508476233,0.0,0.40563562599957614,11.68700554321997,10.355630329332554,3.210406144371193,21.0,12.0,21.0,13.5,256.91739492085446,2106.5203150093466,26.27019181835599
-4.810936801810265,4.810936801810265,241,1.8192456240221422,0.36424965679857557,0.5201129638872164,0.16268632580088105,0.0,0.5501973932075153,11.95672092480147,7.88040724645053,3.369564746946234,20.0,13.0,19.0,12.0,268.3022946697116,2205.479956277359,11.23935313170341
-4.812385114018328,4.812385114018328,246,1.7840681193158041,0.3426976019313487,0.643810425543344,0.08812578205517112,0.0,0.3681849232849951,11.121148584515744,9.850283778458602,3.27252174397889,21.0,13.5,25.0,12.5,257.1319492567725,2184.527242006436,15.867637877951477
-4.813311172292462,4.813311172292462,240,1.819439539548118,0.35270506745157604,0.45011474733877804,0.16975010267300678,0.0,0.42450489908805217,11.418068820720825,3.159987639721865,3.152698289890895,20.0,13.0,20.0,11.0,266.8657122152878,2326.2923451042575,26.511920807885687
-4.813311172292462,4.813311172292462,291,1.819439539548118,0.35270506745157604,0.45011474733877804,0.16975010267300678,0.0,0.42450489908805217,11.418068820720826,3.159987639721865,3.152698289890895,20.0,13.0,20.0,11.0,266.8657122152878,2326.2923451042575,26.511920807885687
-4.8136656466998415,4.8136656466998415,242,1.8274678450324107,0.31864370807505454,0.5200170489658,0.23628220206906725,0.0,0.38380179324183067,11.518250232201131,4.283971851723385,3.1383900512212732,20.0,13.0,20.0,15.0,269.3183572426127,2763.069396084516,21.259703515639163
-4.815689622870594,4.815689622870594,291,1.8087644841207096,0.37751082875282155,0.6412209346827157,0.25624736900913897,0.0,0.40462720567339494,11.179519598508296,7.009912479184944,3.2309789271124663,16.0,12.0,17.0,10.0,335.3452586744668,1992.3250740181015,30.327681958478102
-4.817797547907662,4.817797547907662,286,1.816016521905699,0.3726937899736651,0.7917685261587987,0.29253155181693924,0.0,0.38865763993274727,11.107744589794349,6.7188617338683345,3.239852764731002,19.0,12.0,22.0,13.0,258.1192584668351,2549.780106791947,26.937678745891645
-4.818729696953876,4.818729696953876,300,1.815178096416543,0.3883019938181287,0.5163057067799024,0.21695328093825234,0.0,0.5491732393329075,11.044391110391356,6.826903050425821,3.288102257106968,21.0,13.5,20.0,15.0,237.63468550763528,1673.4440667643514,28.280861357844923
-4.83156035588418,4.83156035588418,123,1.7579703549799943,0.3230159365037129,0.8932758778535168,0.17975934132933616,0.0,0.3961041540761624,11.103269940595027,9.126067315954032,3.2012549859930157,22.0,13.0,18.0,12.0,225.8053507108154,2078.7384776296435,26.670375628853428
-4.8315603558841875,4.8315603558841875,181,1.757970354979994,0.3230159365037129,0.8932758778535168,0.17975934132933616,0.0,0.3961041540761624,11.103269940595027,9.126067315954032,3.2012549859930157,22.0,13.0,18.0,12.0,225.8053507108154,2078.7384776296435,26.670375628853428
-4.835567072554253,4.835567072554253,229,1.7966641595584563,0.37278062001258405,0.7023599471403902,0.14740610254120506,0.0,0.4733790076165552,11.03516598102236,7.058243119059286,3.361065018448314,20.0,11.0,20.0,13.0,268.27486394749707,2760.6240326365987,26.26291430449724
-4.835567072554253,4.835567072554253,281,1.7966641595584563,0.37278062001258405,0.7023599471403902,0.14740610254120506,0.0,0.4733790076165552,11.03516598102236,7.058243119059285,3.361065018448314,20.0,11.0,20.0,13.0,268.27486394749707,2760.6240326365987,26.26291430449724
-4.836794415167692,4.836794415167692,219,1.6792015000546474,0.37157607864511033,0.8071993408131793,0.08795055749625426,0.0,0.4998498121093609,11.208641487048991,6.487454537107869,3.3002488391592397,19.0,12.0,22.0,13.0,283.7664162319704,2248.7595250413665,10.924506551027626
-4.836794415167692,4.836794415167692,271,1.6792015000546474,0.37157607864511033,0.8071993408131793,0.08795055749625426,0.0,0.4998498121093609,11.208641487048993,6.487454537107869,3.3002488391592397,19.0,12.0,22.0,13.0,283.7664162319704,2248.7595250413665,10.924506551027626
-4.844253977247302,4.844253977247302,241,1.8045538315948995,0.3362478132377881,0.46147548515127534,0.1822507743492981,0.0,0.42631566127002213,11.410874740320452,11.368349075879067,3.1791311315407174,22.0,13.0,20.0,15.0,234.92688337306635,2860.0528688752356,34.87661719529042
-4.848945084652517,4.848945084652517,276,1.820612146120372,0.30932201687386623,0.8824977290908003,0.11533655836591096,0.0,0.4174495772267454,11.05665561423698,2.701742088782595,3.3393580590791148,20.0,15.0,16.0,12.0,292.0432812827828,2601.0331800578515,20.932653002970522
-4.859484292765097,4.859484292765097,284,1.6746200710594115,0.39638851122341623,0.6347109680339906,0.29034853507297836,0.0,0.36812429371708455,11.064255378595027,6.700948163314201,3.2248513005910153,18.0,12.0,22.0,13.0,298.36447662972165,2325.5078620465592,20.87050121601723
-4.87511607291939,4.87511607291939,227,1.8007824907236716,0.397318618605416,0.5508995461172255,0.11830067090549194,0.0,0.3365073712340673,11.243096189090789,10.552923358985517,3.138249252621283,21.0,13.0,21.0,13.0,218.2161027950642,1998.8215594457654,26.233052597707726
-4.881958534902066,4.881958534902066,129,1.7747485733847632,0.36926909443275924,0.6308968177796888,0.22875036691592496,0.0,0.4124709697595009,11.17627406914616,9.263568764887534,3.3257432605944106,18.0,12.0,20.0,15.0,301.43259306382583,2251.263254302014,27.111059507757314
-4.886021046673887,4.886021046673887,249,1.7389761948516775,0.38952054617972914,0.580489964719552,0.1934018613627248,0.0,0.520513160809092,11.234721482741595,9.491709734579645,3.324195570242222,22.0,13.0,20.0,11.0,248.0797863890553,2249.455482573017,13.052152756285555
-4.897273227619776,4.897273227619776,246,1.8171131546271513,0.33816945308232926,0.7651250770606312,0.26940321205957485,0.0,0.5340403978807672,11.070433182284933,1.0308300730099855,3.1024800837279907,17.0,12.0,18.0,12.0,306.3621664331048,1965.5408050510339,25.422900633049018
-4.900263260236694,4.900263260236694,243,1.7758161126535272,0.3635056916032028,0.6330701846797395,0.18941559754589782,0.0,0.43896422111616024,11.098268677210605,4.518194800740835,3.329455096374018,20.0,15.0,22.0,13.0,253.4057038506787,2565.6988760730587,22.052959537773
-4.902279672589585,4.902279672589585,265,1.8226509012584167,0.29955685158396217,0.8435698143851366,0.28703681717816,0.0,0.47092186935934294,11.410120005319097,9.153741559101096,3.3663289210047913,20.0,12.0,20.0,15.0,257.17729815972757,2071.766276913197,31.440060357422063
-4.903624418852049,4.903624418852049,243,1.7405241227481048,0.39211627022015966,0.5546117157572945,0.10834586138545851,0.0,0.4980258872790564,11.038951260419989,0.6102201400054756,3.36688908207614,21.0,13.0,17.0,12.0,244.0936924729374,2817.8357340327684,10.994007882391665
-4.904953288327183,4.904953288327183,188,1.8065996465450103,0.3879188461724252,0.5799808093405346,0.09723639678640957,0.0,0.37175352037226705,11.191451412144495,5.724529519645991,3.1857900660184164,20.0,10.0,20.0,15.0,267.8708407219393,1669.382628243784,26.885793387482128
-4.904953288327183,4.904953288327183,241,1.8065996465450103,0.3879188461724252,0.5799808093405346,0.09723639678640958,0.0,0.37175352037226705,11.191451412144495,5.724529519645991,3.1857900660184164,20.0,10.0,20.0,15.0,267.8708407219393,1669.382628243784,26.885793387482128
-4.914013314014665,4.914013314014665,290,1.7806211602130921,0.3416883090249911,0.5133307486221311,0.09894137879092701,0.0,0.35007755542764907,11.847773040764743,9.277818384378705,3.251993476553644,20.0,15.0,20.0,15.0,248.39457994849937,2653.260974762445,30.269522651601882
-4.914174395877944,4.914174395877944,286,1.781234148116186,0.3262373568111788,0.6310400272946222,0.12280955029373994,0.0,0.3547076140564305,11.281253627397307,9.347630765911497,3.1616828704380393,20.0,11.0,20.0,15.0,270.9592347925523,2158.215346656281,18.490602143737792
-4.917487396435424,4.917487396435424,250,1.794932861281966,0.3834752458519752,0.7211210307384245,0.17030955318684776,0.0,0.49687909686090737,11.287438418156377,3.8349315080790145,3.276057780771108,20.0,15.0,19.0,12.0,229.38730648116197,2109.5784513161097,16.09568152479821
-4.924911424789129,4.924911424789129,129,1.7688791068127219,0.34643025028956254,0.7035999419029014,0.26643841372262167,0.0,0.3646797997265581,11.319051192896202,9.336046403282449,3.2406431080324873,22.0,12.0,21.0,13.5,248.38282234076286,2153.0713905685734,28.379069496658424
-4.925533511649394,4.925533511649394,246,1.7699638211075137,0.37676193997870694,0.6370034988900984,0.0981242941517329,0.0,0.3482463318435047,11.215249072186769,2.5708345340854155,3.3460944547309666,21.0,13.5,20.0,13.0,259.4547489402832,2334.0466959767655,19.92834042527126
-4.92696323071006,4.92696323071006,235,1.7959291916044386,0.3230109469168297,0.5692564409167845,0.2031906875493496,0.0,0.39475746238332887,11.428875788568561,6.8636306853608575,3.2918868939017987,18.0,12.0,20.0,13.0,294.3101298907869,2460.016294502587,30.545216167551764
-4.929005361889941,4.929005361889941,280,1.7857861857089516,0.33654705665365703,0.6829439618300983,0.1704404550075247,0.0,0.3853794709859968,11.33292058214473,1.4873365157161746,3.3045718881379917,20.0,12.0,18.0,12.0,262.14196623905457,2759.6355371494083,31.884703447949132
-4.932251903031802,4.932251903031802,189,1.8095723469803322,0.34422383485166097,0.49623792267336514,0.2714460212629301,0.0,0.35828760720830416,11.357639401931108,5.583625087173235,3.336035250503898,20.0,15.0,20.0,15.0,248.03999274188396,2879.78343994892,20.084546755379883
-4.932251903031802,4.932251903031802,241,1.8095723469803322,0.34422383485166097,0.49623792267336514,0.2714460212629301,0.0,0.35828760720830416,11.357639401931108,5.583625087173236,3.336035250503898,20.0,15.0,20.0,15.0,248.03999274188396,2879.78343994892,20.084546755379883
-4.933438299646999,4.933438299646999,246,1.7915752979584016,0.36291775538746296,0.6605982895339304,0.19070910752183554,0.0,0.48372655848818175,11.408919831247525,4.842810264794863,3.3414210327872302,20.0,13.0,20.0,11.0,272.0755216704067,2610.8193506778443,11.031719207013014
-4.938417883020493,4.938417883020493,277,1.812390678688505,0.336587947136075,0.3605543218456506,0.11301933592947856,0.0,0.467521068114936,11.463170792107249,8.67186529279574,3.286746436782586,20.0,11.0,19.0,12.0,272.028970169168,2403.347575287241,21.74339596990717
-4.938624860870367,4.938624860870367,266,1.805561414417248,0.3054864627867937,0.894855116353708,0.25738337485275553,0.0,0.4923342498821508,11.180833233995596,10.561524570926466,3.223026204111232,20.0,11.0,17.0,12.0,269.7211145592636,1991.0107143223286,28.6758523188877
-4.945682529107195,4.945682529107195,167,1.81214180876396,0.39768965661555833,0.3427529572900123,0.17658265840380993,0.0,0.3526700710665015,11.257263799601983,10.436376973979522,3.2761126627751693,18.0,12.0,20.0,13.0,299.54601787251124,1746.8358750866723,24.08395365780294
-4.947708200678784,4.947708200678784,284,1.7904816531266654,0.3683072679763919,0.6384578360083478,0.2690505166891055,0.0,0.3253116919413208,11.041369084450434,5.949196123808551,3.193653859154888,20.0,13.0,19.0,12.0,240.50507403788285,2583.543155702247,17.937238893585334
-4.955189623084866,4.955189623084866,246,1.8185566462537874,0.33564360011358996,0.6638674863764619,0.2694558802115892,0.0,0.5173819616352106,11.287438418156377,5.5272060217001195,3.251382923937289,20.0,15.0,22.0,13.0,254.1823288206323,2482.109147361414,33.72104026318437
-4.955228891710725,4.955228891710725,300,1.8195628182452386,0.3396952894506048,0.5234930839669008,0.28144175475131394,0.0,0.5048873646395613,11.183996064478782,6.894622723639923,3.3110786802626633,20.0,15.0,17.0,12.0,269.67763045543364,2115.029449928428,8.221066106816865
-4.987526234683854,4.987526234683854,247,1.7925939065714924,0.37783558819433716,0.8055740497363404,0.14426963074305674,0.0,0.4182753103636881,11.242448398092048,5.884166149425296,2.9531224607392144,21.0,13.5,20.0,15.0,220.60171392842375,2305.9428505606434,24.480450656472257
-4.992017321974357,4.992017321974357,287,1.812589485671512,0.3502240153256344,0.5136154748440263,0.092421802329226,0.0,0.42513612731405603,11.335883490018126,7.774804490455272,3.126306054749425,22.0,12.0,20.0,15.0,247.9814131469899,2270.8816164682853,34.97490144498479
-4.998610466613439,4.998610466613439,240,1.787679596771099,0.36844071297038633,0.8359981497028357,0.12574804527237338,0.0,0.3242386066828854,11.360086398764842,6.07622515582268,3.2275104045673992,20.0,15.0,21.0,13.5,244.72532850743715,2954.185986853827,24.99595681364319
-4.998610466613439,4.998610466613439,291,1.787679596771099,0.3684407129703864,0.8359981497028357,0.12574804527237338,0.0,0.3242386066828854,11.360086398764842,6.07622515582268,3.2275104045673992,20.0,15.0,21.0,13.5,244.72532850743715,2954.185986853827,24.99595681364319
-5.00051008231288,5.00051008231288,289,1.698414202096142,0.3944655838869756,0.37138246462765956,0.1540481755063064,0.0,0.34140170679709725,11.075220937977708,7.804030862304281,3.1367968975493854,22.0,12.0,20.0,13.0,229.77699818487244,2218.6615337284184,10.601592508938236
-5.0023059109701595,5.0023059109701595,284,1.8043946942338491,0.3553025694356826,0.653873429069074,0.28946977808517205,0.0,0.3778418422244508,11.16778368412239,1.9318800379940466,3.0728294396922013,20.0,13.0,22.0,13.0,268.9559914384561,2642.3522082346663,11.039613617535826
-5.008316192581774,5.008316192581774,300,1.7165219651887407,0.3455856818085521,0.6119016919066463,0.1759039379509547,0.0,0.3245090757741649,11.25089144958848,5.086690809367574,3.201373652138831,17.0,12.0,14.0,10.0,313.8821347225567,1946.1920674627183,25.47017998112381
-5.0181413945619555,5.0181413945619555,246,1.7741447868406597,0.33064026815599895,0.6850377360606122,0.12424979454528409,0.0,0.5569776861771015,11.214391235450364,6.477231435095035,3.244714136864165,22.0,13.0,21.0,13.5,244.96428519919507,2018.3741075475605,15.239008754691321
-5.020676269290358,5.020676269290358,171,1.8020192162790871,0.3455856818085521,0.6119016919066463,0.24458193118534932,0.0,0.3245090757741649,11.295466550297697,4.128381650904623,3.0695669283718416,17.0,12.0,18.0,10.0,317.8251842550618,2320.167202573809,25.47017998112381
-5.023574132926242,5.023574132926242,250,1.8179121836306313,0.35324014398340153,0.5335110013858667,0.18996381320025163,0.0,0.3924992681230634,11.033455700708624,8.28946429627375,3.2779151211663136,20.0,15.0,21.0,13.5,222.51589841313705,2188.8616290037535,23.479962445454298
-5.027566802716659,5.027566802716659,209,1.8267785449849179,0.3636314293008355,0.731387206283777,0.29094854530855196,0.0,0.3163999753768622,11.060180120648266,5.737587428942621,3.1568977636381845,17.0,10.0,20.0,15.0,308.04707388746556,1782.5149712210664,34.68407636929009
-5.027566802716659,5.027566802716659,261,1.8267785449849177,0.3636314293008355,0.731387206283777,0.29094854530855196,0.0,0.3163999753768622,11.060180120648266,5.737587428942621,3.1568977636381845,17.0,10.0,20.0,15.0,308.04707388746556,1782.5149712210664,34.68407636929009
-5.028015893111238,5.028015893111238,212,1.7795234345771562,0.33785454285899036,0.676151716032413,0.09496625464341611,0.0,0.46272675166139,11.478169213716972,6.031680020453858,3.366491647183418,18.0,12.0,16.0,12.0,301.97798034296403,2392.800761598965,14.291725030569618
-5.029419753138843,5.029419753138843,248,1.8019813128415874,0.3769207369853678,0.7515264917528452,0.19335617107708614,0.0,0.5894115821642125,11.15030241084844,1.2715209484327161,3.2274577270312674,21.0,12.0,22.0,12.0,255.26766275150547,2588.088142880513,19.34573798873795
-5.032676070786522,5.032676070786522,244,1.8056612987286615,0.3982092885625357,0.8716532511907094,0.12626686691029904,0.0,0.40542583534896487,11.13983463975083,3.5587612813956984,3.092266618237379,19.0,12.0,20.0,15.0,286.19675430617184,2209.374805040701,13.936322420164728
-5.036100492684154,5.036100492684154,163,1.7986037016736018,0.33891081640342036,0.702972964378204,0.22853292783505375,0.0,0.407501740916676,11.367164873363713,11.031276480363362,2.9600406632443286,18.0,12.0,22.0,10.0,299.33762250334695,2582.4998742004022,14.796657788156594
-5.042771338603939,5.042771338603939,159,1.8034463716437128,0.3692249869960707,0.6547835062086123,0.10936518100720967,0.0,0.5289785087197544,11.342750880390447,10.047956309428995,3.3781765282831637,18.0,10.0,17.0,12.0,301.4336052919504,2186.246975942812,37.66928239880781
-5.043013740261732,5.043013740261732,244,1.8255964550783967,0.3379541159124248,0.6917042072580046,0.09446274235374497,0.0,0.5082458453378039,11.067210506030476,4.842810264794863,3.2404101392713804,22.0,12.0,20.0,15.0,232.47275553285922,2593.598123575092,14.497311079359537
-5.044023872351307,5.044023872351307,241,1.8219980437738845,0.3142415721871425,0.6409671457649943,0.20937591193294797,0.0,0.4964324654287535,11.565165455339411,6.914360442831685,3.1214897752592408,20.0,12.0,20.0,15.0,274.3072807594704,2451.59041459912,26.344744318913598
-5.049816372307092,5.049816372307092,236,1.7693584409969725,0.3739363271263589,0.617399061753209,0.2636148512827984,0.0,0.4705850408804729,12.000850396034604,7.759097234567226,3.3544247036043924,21.0,12.0,16.0,12.0,264.46924612973805,2607.8905980954037,25.685928664628705
-5.053538186463013,5.053538186463013,225,1.8245479162329166,0.3403662677279001,0.6153178502478518,0.2845850792202007,0.0,0.3694085542702823,11.355099442373358,9.158337741248877,3.301087802031308,20.0,11.0,20.0,11.0,255.37048253791616,2246.9261402356124,35.29181924149229
-5.05456030128938,5.05456030128938,283,1.786663007937344,0.35949105176187673,0.5925167374080053,0.29723181525731474,0.0,0.38044550877997074,11.221747939287383,10.224031751150052,3.366685764329218,18.0,12.0,20.0,11.0,301.4585388137475,1956.2680061575288,29.426281784859082
-5.056956480924451,5.056956480924451,225,1.8265655536920278,0.30224996504591767,0.48397560294983466,0.10310042026764948,0.0,0.38527851059162954,11.117156450965183,5.246089989042747,3.1904204420291977,22.0,12.0,20.0,15.0,247.3222677364107,2084.1484083133405,23.269849831673124
-5.056986016705049,5.056986016705049,184,1.8040738676313754,0.36004460500260704,0.4657866115797195,0.18616114174114848,0.0,0.4937546183410712,11.197423474410286,7.425025544958686,3.114470772432618,18.0,12.0,20.0,15.0,299.42105735275186,1794.9964888696036,32.974272358170815
-5.058823369639923,5.058823369639923,282,1.79354987086193,0.35841623358236974,0.687332570081803,0.17260123344883418,0.0,0.48172328998899616,11.420385192055143,4.053837868962641,3.302056674315183,20.0,15.0,22.0,12.0,238.8337681516262,2672.0973096757634,21.49918427201436
-5.061861745204238,5.061861745204238,210,1.8208639376225917,0.3821328278071733,0.821771724045003,0.28254013806012346,0.0,0.43451384122326175,12.1801013514558,4.143292561036882,3.1477110481999944,20.0,11.0,20.0,13.0,266.1331068628722,1895.2410735021597,30.90043067370953
-5.06276273984101,5.06276273984101,248,1.76481219733788,0.30201466474534505,0.7372599310510121,0.1803548414675764,0.0,0.4090111984127984,11.068862828832891,9.332865367820038,3.2319937939422747,21.0,13.5,20.0,13.0,266.3824340595073,2702.654694968659,28.50861770624258
-5.064655136062381,5.064655136062381,240,1.7834224233222955,0.36563700592850285,0.7969478819599566,0.2718883737889503,0.0,0.4707691485215749,11.001075736411291,7.6117785194303265,3.2319003124413843,19.0,12.0,17.0,12.0,286.83333603038665,2287.1310599423205,8.824134924966963
-5.066392961011966,5.066392961011966,285,1.784016951982966,0.39115720196041626,0.5355324851038419,0.16432337260716673,0.0,0.38014373445311733,11.043018511623558,4.390753988802291,2.8403229428137484,21.0,13.5,22.0,13.0,217.1246580984891,2503.167644598023,30.281590174336852
-5.069330255090302,5.069330255090302,225,1.8035066512074358,0.34430262499807357,0.7699026445902012,0.1768340834685297,0.0,0.3182060420424111,11.210400267831446,9.310893515900545,3.372403863157607,16.0,12.0,20.0,11.0,332.6719329806723,1868.3247406397209,18.19060555275726
-5.076806292544899,5.076806292544899,212,1.8008004994592357,0.3945423723312991,0.47580451344148034,0.24575249033394064,0.0,0.4645105649186213,11.518150506477866,9.522622325808447,3.1905875799437986,18.0,10.0,17.0,10.0,303.96612646455844,1837.2532080383924,38.316134702649684
-5.081961930301049,5.081961930301049,230,1.757616118983197,0.34292733220533944,0.7335281653778266,0.17963712777058938,0.0,0.47914299095350693,11.08938570695107,8.789531965615359,3.0419424762633285,20.0,11.0,17.0,10.0,272.8288190271446,2615.7399804445727,27.488114311296474
-5.082600560958541,5.082600560958541,285,1.7702179385009356,0.36464307344788555,0.762818543338382,0.181802211324434,0.0,0.41925374767702045,11.17550815577253,4.793449027542806,3.133712804064072,20.0,13.0,18.0,12.0,239.55039683691774,2006.5406383916898,25.34328378417341
-5.086199551260054,5.086199551260054,184,1.7497180146005182,0.3449552984083001,0.46147548515127534,0.10836170802481865,0.0,0.37131549872730985,11.24740787553812,9.104073314235896,3.3651741982782393,22.0,12.0,20.0,15.0,249.45132107764584,2343.0450374181905,14.484401694088046
-5.088000107017008,5.088000107017008,250,1.8266182837733194,0.391183650250048,0.6144256509891767,0.19066736368681578,0.0,0.4904325111366859,11.148128789195681,4.934019751889901,3.306310678986142,21.0,13.5,19.0,10.0,259.12144163506935,2084.0303440659072,10.569115370291867
-5.0903808564375375,5.0903808564375375,283,1.7971391600533586,0.36193248602320816,0.8183623066248716,0.2793431008066304,0.0,0.3654088776120542,11.438483801029054,5.0130349811395085,3.358572020684036,19.0,12.0,21.0,12.0,288.3616488249162,2288.5038016605113,18.79998710976966
-5.1132022528454915,5.1132022528454915,242,1.7994246611178424,0.27847989566495457,0.8400277160498613,0.18448895049527242,0.0,0.392578200804884,11.914399585019769,8.528082709144822,3.346539419437224,20.0,13.0,20.0,15.0,277.54352611757,2506.735846573515,39.62536556354276
-5.117037022178884,5.117037022178884,238,1.8165223889531013,0.32513272228467327,0.6665994669587698,0.22165215970784757,0.0,0.41283438209350254,11.064259000127826,0.6432417347645316,3.179248586984456,20.0,13.0,20.0,12.0,283.7386779524071,2208.7217277882596,6.199744313615101
-5.117376047395664,5.117376047395664,240,1.794195870499828,0.37840186217689886,0.4363620068247952,0.25333796735743885,0.0,0.4377687533094151,11.181966189101399,1.8975533129978643,3.3382638252825556,18.0,12.0,16.0,12.0,299.1759897060516,2520.132142571785,37.58328001050582
-5.124835662107536,5.124835662107536,227,1.8019711252108186,0.33095955196130156,0.4834189969273226,0.12223172020554054,0.0,0.33265467649891756,11.466164713911,2.297082176219421,3.3566462240792623,20.0,12.0,20.0,15.0,255.07317088649364,2572.855421095143,38.158590447509226
-5.126359380481873,5.126359380481873,127,1.7338501730301579,0.34523135418749107,0.6565509228492434,0.1281343190805106,0.0,0.4236633209886001,11.36883716698877,9.241245204793781,3.2319008691137388,20.0,12.0,20.0,15.0,274.0268677035315,2036.3311006626684,20.55548605777733
-5.136982110571475,5.136982110571475,300,1.7765267622073728,0.38143596022152165,0.78532967519602,0.2989615444060457,0.0,0.5326880833881055,11.147550549175872,2.5047577603677382,3.2409064715505247,19.0,12.0,14.0,10.0,285.716085467227,2193.0404721586656,20.308054728111422
-5.138025723226052,5.138025723226052,225,1.8269928593581413,0.37278062001258405,0.5196593174303663,0.14740610254120506,0.0,0.39561447453308307,11.48920591189373,7.058243119059286,2.885132579108025,20.0,13.0,20.0,13.0,239.26627342084922,1834.3138093372534,26.26291430449724
-5.138218171944895,5.138218171944895,217,1.6569896613765,0.3731449499076743,0.497072208089528,0.08951214804606779,0.0,0.3420890817712342,11.022100205380053,6.076301612150307,3.18099373304688,20.0,11.0,20.0,15.0,268.54239697148665,2196.1136633053757,22.15482085265924
-5.144063697707936,5.144063697707936,297,1.768370298574645,0.36428820515741467,0.6600280614903772,0.24942061084712805,0.0,0.5363896550860657,11.140176914697527,3.910380042089211,3.308612412600638,18.0,12.0,20.0,13.0,298.50650644531834,1971.4398378437322,19.902917255690294
-5.145558611318123,5.145558611318123,245,1.8108660630234565,0.30580888271046885,0.723451171775945,0.22883582425754329,0.0,0.39780627792437606,11.35798342350034,11.3386041660777,3.201772776629851,17.0,12.0,20.0,15.0,325.45822625955157,2397.1215601806302,32.9534749677751
-5.147053913952907,5.147053913952907,288,1.7782095539395735,0.35858923867811615,0.44780553085199915,0.0853353125385058,0.0,0.41490601933240834,11.603955868910388,4.475697130312538,3.1858766106568472,20.0,15.0,20.0,15.0,245.0310849290464,1914.6137970452373,19.165417985544227
-5.149548853027721,5.149548853027721,285,1.7239522578619795,0.2759908682423423,0.5367005857354314,0.17660127423784774,0.0,0.434148356927886,11.106927140381858,6.694570779468717,3.2657427796789906,22.0,13.0,20.0,15.0,247.50102368787563,2332.3185697045933,38.358360707036816
-5.150509797053026,5.150509797053026,279,1.8164752486527571,0.34235013800096686,0.6437607146980938,0.1372459239860669,0.0,0.4032560762926248,11.23199099072095,5.6380315774071565,3.136104908277674,20.0,13.0,21.0,13.5,243.66862302516304,1893.1090791705187,19.870293651859505
-5.155700294999148,5.155700294999148,243,1.6132280248793773,0.3627313678047983,0.4950239971761983,0.19319205840984266,0.0,0.45046873473872734,11.00996099092575,3.0115979605573093,3.2800035903030995,18.0,12.0,20.0,15.0,300.5039696310688,2471.31347143125,32.38477257252026
-5.157803840138183,5.157803840138183,176,1.7765267622073728,0.3070166773608532,0.6995663115414563,0.28173813506883927,0.0,0.5326880833881055,11.147550549175872,4.710209945867038,3.2358135979972644,21.0,13.5,19.0,10.0,260.7655920265787,2781.8646922993335,18.974043226564547
-5.158221812849982,5.158221812849982,278,1.8019552444267464,0.3354813346838441,0.6491038511821143,0.2263966600589922,0.0,0.4316055456147199,11.309591042891565,10.0137229261994,3.2681411330822474,18.0,12.0,13.0,10.0,326.06893845867046,2257.9722874521017,36.31439101119467
-5.159196719460276,5.159196719460276,286,1.8020869841770821,0.39798465809702865,0.815561674684104,0.1863844639514691,0.0,0.3176236837042843,11.04985055488713,1.7884862561302484,3.354467822130524,20.0,15.0,20.0,15.0,218.10049530159193,1663.826917192253,26.54919764703176
-5.162777179261655,5.162777179261655,225,1.6722636392993875,0.38937139331351045,0.7820011005642786,0.12350152874456667,0.0,0.33024948750398453,11.011098169928543,8.518967220651867,3.176471970918139,19.0,12.0,20.0,11.0,259.79895112508154,2453.595919774412,33.339968089144776
-5.167477745941101,5.167477745941101,291,1.779366024892574,0.3438951490485405,0.6698932464408301,0.18660600234796162,0.0,0.3292207559938439,11.312021529774864,8.645049544199122,3.2885604810358062,18.0,12.0,18.0,10.0,310.9191526708101,2675.5123426066566,30.12001964447834
-5.177754714447058,5.177754714447058,250,1.7648673645526303,0.38495902580935315,0.518904188587401,0.21908633837345365,0.0,0.5193028591232167,11.408752757364487,6.604860705270818,3.1995525578580812,22.0,13.0,20.0,13.0,231.507625307353,1966.568986497521,6.597271688427709
-5.185485613842697,5.185485613842697,214,1.8115401591060467,0.3586403675373327,0.8761150123420589,0.24272143860696951,0.0,0.48730523840715484,12.064615189340536,7.411942214753283,3.225254243346191,18.0,12.0,20.0,10.0,293.8697752644463,2018.5980372193374,30.00295307318499
-5.190128240791108,5.190128240791108,210,1.7864110383595113,0.35722113978579556,0.8920321602012637,0.26105583629769336,0.0,0.5430217134087603,11.260714786139193,9.44853453317185,3.157889954880676,19.0,12.0,21.0,12.0,260.0256567194492,2196.6587095603786,30.221829232337424
-5.190128240791115,5.190128240791115,261,1.7864110383595113,0.35722113978579556,0.8920321602012637,0.26105583629769336,0.0,0.5430217134087603,11.260714786139193,9.44853453317185,3.157889954880676,19.0,12.0,21.0,12.0,260.0256567194492,2196.6587095603786,30.221829232337427
-5.193345223311336,5.193345223311336,275,1.8272425089896136,0.28610262421372457,0.8279855781388892,0.08456953026813581,0.0,0.361411315727588,11.019545131969187,2.80773770539761,3.2172787201790336,20.0,15.0,16.0,12.0,233.94639673200362,2326.4610010127676,32.975918275139605
-5.200730170048065,5.200730170048065,130,1.8136215880950208,0.2836412221749427,0.4066950749025646,0.25001981720688604,0.0,0.4812692780522464,11.343863081113492,5.45909575263507,3.0992045763887233,19.0,12.0,21.0,12.0,286.1738411278377,2261.3668006669573,21.83513094963555
-5.208423672150973,5.208423672150973,268,1.7871751806293723,0.3155624648794767,0.814783193143772,0.14502840125383742,0.0,0.5963941232780096,11.354477363638132,8.651495138808192,3.0379519525925387,18.0,12.0,16.0,12.0,304.40668819220383,2334.661373947823,38.10781787881422
-5.2098917065902315,5.2098917065902315,129,1.7944516286675627,0.36823701030445793,0.5281937409409919,0.24911556837686005,0.0,0.3318851895110417,11.07844313610189,8.613946243636393,3.21632435115053,20.0,13.0,16.0,12.0,271.82285604324255,1922.354273904082,27.065388562329765
-5.220074555078293,5.220074555078293,243,1.734174338070576,0.3112533263804851,0.5899479687438738,0.18800684801681106,0.0,0.38871901296586764,11.0939045363997,10.033776746490712,3.3241705374313186,20.0,13.0,16.0,12.0,264.16214975611206,2675.2093336009,19.465256005020887
-5.225396158572704,5.225396158572704,258,1.806718420121436,0.39137540668271564,0.7801450918483213,0.252826111165561,0.0,0.5422625900830682,11.014874365307504,1.0540940325421513,3.191884210074909,18.0,12.0,22.0,10.0,296.5027004047447,2015.4812884813011,38.411873995904
-5.229590487616703,5.229590487616703,130,1.7613462785735419,0.3621257024927683,0.7384998813796817,0.23302346957421838,0.0,0.3648813916127165,11.307274096782987,4.3769572546342435,3.1991307224058234,19.0,12.0,20.0,15.0,287.7352647794496,2360.7743976213605,24.079785491691894
-5.231194396665308,5.231194396665308,276,1.6912156115493673,0.35695167307195275,0.7818439459400834,0.1174579051312213,0.0,0.4848721825633342,11.069318251419771,2.62891886058423,3.366364620858854,21.0,13.5,17.0,12.0,256.5634662466394,2043.2465494225148,25.21282877429348
-5.238958996654941,5.238958996654941,189,1.8146572471639657,0.35056570848125634,0.7308236660871099,0.1964401354423911,0.0,0.4530088252379253,11.361107036210559,7.500537358698017,3.264367920328037,18.0,12.0,20.0,15.0,310.127432408215,2688.7526269275672,19.26635349891033
-5.24861509643802,5.24861509643802,225,1.6812585460670797,0.3874371140325249,0.8320240131580474,0.2711128184515583,0.0,0.3279191290084908,11.039338746458206,8.692229621763685,3.3760981652390263,20.0,11.0,18.0,12.0,272.44794184097645,1744.1980776381658,33.06250663101206
-5.24861509643802,5.24861509643802,281,1.6812585460670797,0.3874371140325249,0.8320240131580474,0.2711128184515583,0.0,0.3279191290084908,11.039338746458206,8.692229621763685,3.3760981652390267,20.0,11.0,18.0,12.0,272.44794184097645,1744.1980776381658,33.06250663101206
-5.250357246749459,5.250357246749459,242,1.784427538077207,0.32167753711742314,0.58564758172175,0.2875901032820799,0.0,0.43176570103947753,11.587029127875683,8.45090792738048,3.194264866715966,21.0,13.5,20.0,11.0,238.95710197096554,2557.220481722662,34.18840184616684
-5.255544017878494,5.255544017878494,244,1.8281030970815912,0.3756961547868995,0.5727937854189894,0.16195256129257968,0.0,0.48511344647428656,11.177874500015044,8.022975170781635,3.2607472967862012,20.0,13.0,20.0,11.0,280.5931210749292,2574.6554260566595,17.412204037676194
-5.256447471365245,5.256447471365245,284,1.7819776332933461,0.3916190930673348,0.6422484182379768,0.08279124929316896,0.0,0.39089308490934627,11.002365473375113,1.7646615345794743,3.369845332175502,20.0,13.0,22.0,12.0,242.1084159250912,2876.639726030122,37.31216048590517
-5.2579025893306985,5.2579025893306985,236,1.805093637949866,0.3514501148095779,0.3953723494766057,0.12731294635884682,0.0,0.44420816814679726,11.936309411738971,6.668197606312865,3.242587045110057,22.0,13.0,20.0,12.0,229.11885733113834,2439.6242260991,30.981678975809753
-5.26610734115922,5.26610734115922,285,1.7095157529458245,0.37174267946135797,0.49134270384373185,0.10128695694598214,0.0,0.3274466323085467,11.238459850303805,10.907864734996254,3.1863724941154605,21.0,13.5,22.0,13.0,231.12688050652048,1873.0481310095813,16.158515904677483
-5.267636225566803,5.267636225566803,256,1.7891933531823379,0.3700356083799192,0.575002383667721,0.2380909236081375,0.0,0.48971856368179223,11.113881498811223,3.9747092881162995,2.9347219929729396,18.0,10.0,22.0,12.0,300.01891688729734,1692.2152988619034,28.62385202305117
-5.268893285037842,5.268893285037842,227,1.7590456222850253,0.3598935536732681,0.8126812042649415,0.12830931153877695,0.0,0.6060633118162012,11.31011084897623,1.242749253657788,3.1192756339449232,22.0,12.0,20.0,15.0,242.49983364711028,2455.5065050547582,27.354364413246245
-5.2732140475000495,5.2732140475000495,290,1.7891529982939076,0.3195919319274423,0.5796667504098192,0.11288508560329277,0.0,0.34366661499528783,11.177562666673008,6.95841077428271,3.3187176002760923,20.0,11.0,21.0,13.5,272.54625848995903,2480.000728769014,31.42016183021674
-5.2767657401144605,5.2767657401144605,241,1.81775358168287,0.28518424852292484,0.6142702886690369,0.10890114706684734,0.0,0.3715869044545368,12.014672609592076,9.634620563171918,3.2685783512906514,21.0,13.5,22.0,13.0,253.1870508520579,2338.9457772205274,24.736979825502058
-5.277925167151213,5.277925167151213,249,1.8188348074721388,0.3103453614392488,0.4898688537052608,0.2645662230644237,0.0,0.4319878168102088,11.634021241417303,9.638546988866924,3.2603626280459688,20.0,15.0,20.0,11.0,245.74315294925793,2602.74270229341,27.876001540236658
-5.281738790455771,5.281738790455771,243,1.8255013333455299,0.3887755183952935,0.5605165024436409,0.18980785298150218,0.0,0.5739106196497477,11.521588113697081,3.0215959616100037,3.3751169333377216,20.0,12.0,20.0,15.0,274.33511938041477,2579.631969687468,27.495566492943013
-5.28352602604061,5.28352602604061,187,1.820375290202803,0.39245791128733354,0.47590704191007926,0.19502703696273865,0.0,0.4922073562510166,11.296920508671644,10.467311830601627,3.3312959330155785,19.0,12.0,20.0,15.0,288.9836232324477,2035.3984372460698,5.252675007014513
-5.289840341941145,5.289840341941145,282,1.74364560232039,0.3376173750284813,0.7735452496350463,0.0972432187632202,0.0,0.3365685264212139,11.201389227538197,7.416060363770995,3.375121337661333,21.0,13.0,21.0,12.0,241.77033178129744,2475.3637355017017,12.887155077177777
-5.292793368514921,5.292793368514921,266,1.7875090051734344,0.34880637626863464,0.7562695127742688,0.16337131118967946,0.0,0.4301757815754873,11.031673147788776,10.230780340178363,3.122855820326204,21.0,13.5,21.0,13.5,225.67002622279657,2357.569108807257,13.885805391995127
-5.29638579831842,5.29638579831842,236,1.7711480102838177,0.3566632654083499,0.5630682662904807,0.23334606508501468,0.0,0.42956412789257203,11.38674215210344,5.343743829790661,3.267887876813684,24.0,12.0,22.0,12.0,227.8430395861911,2107.184662004065,19.325875540856096
-5.301354187053972,5.301354187053972,250,1.819888878865898,0.3561123538728546,0.6349160279004182,0.17804493154842863,0.0,0.5745051422026212,11.204174542791353,6.551261299810327,3.285771807911128,22.0,13.0,20.0,15.0,219.3280355137472,2184.131615844877,13.755973645171846
-5.302816196592609,5.302816196592609,290,1.802968274981522,0.3741210828880516,0.5544188584159075,0.10572982179970687,0.0,0.3557425076657592,11.332146858952054,7.19428040256367,3.1462293793714093,20.0,11.0,16.0,12.0,275.96554621266614,2667.707327876193,20.52551042675411
-5.30998714708333,5.30998714708333,295,1.7596293332253883,0.3807048451269961,0.8573177377628529,0.16574849013677637,0.0,0.38482517097845303,11.276963645016282,5.956880479501912,3.3009570143257436,20.0,15.0,18.0,12.0,245.4373095072623,2491.040503615122,2.2775380605133364
-5.3133007470959175,5.3133007470959175,288,1.7891529982939076,0.38424484916124796,0.46209135606359614,0.10773315428812087,0.0,0.3760341166738598,11.071567717294661,3.189182863430803,3.357935020481312,20.0,11.0,21.0,13.5,276.28507549463455,2961.3374924006926,30.105458030517127
-5.321675626123089,5.321675626123089,284,1.7946067882730805,0.3926316590866199,0.43598673612759575,0.11749422601707844,0.0,0.37471487324016134,11.077297139700995,6.4235557600091475,3.2972971988893907,19.0,12.0,22.0,13.0,292.52111678883443,2194.8787703490393,19.110649285336482
-5.321740198338278,5.321740198338278,242,1.7900702580763248,0.3488633865355315,0.614413720704988,0.26733183858730125,0.0,0.49086943232498337,11.039524110763455,10.307106725963306,3.1659363234866285,20.0,15.0,20.0,15.0,241.52501642019035,2697.432863475818,8.071954731044727
-5.322588633111972,5.322588633111972,189,1.8022037665462602,0.38437713905126425,0.5048692250777034,0.29438701560406577,0.0,0.35091866489296936,11.087479767579863,8.406733343195627,3.180933694774526,21.0,13.5,20.0,15.0,263.08535574824384,2130.3226206050235,17.95306203221404
-5.322588633111972,5.322588633111972,241,1.8022037665462602,0.38437713905126425,0.5048692250777034,0.29438701560406577,0.0,0.35091866489296936,11.087479767579865,8.406733343195627,3.180933694774526,21.0,13.5,20.0,15.0,263.08535574824384,2130.3226206050235,17.95306203221404
-5.323895540129559,5.323895540129559,253,1.7836971372591406,0.3932809298144222,0.5185050097870539,0.17253708126587336,0.0,0.5051436704691065,11.014874365307504,3.200341650879924,2.9023954315219647,18.0,10.0,22.0,10.0,296.5027004047447,2005.5029166757863,28.85207738100171
-5.329896092550095,5.329896092550095,245,1.820669787780752,0.3227999124710248,0.8565957506767263,0.28711804098846094,0.0,0.5502299063832826,11.991181747897947,2.9893588071886352,3.2690858938822114,20.0,12.0,22.0,13.0,266.64784151986225,2306.08744511148,25.466174561136214
-5.340415990082577,5.340415990082577,241,1.813218074928811,0.3504046100794793,0.6419155478956958,0.27782535093636435,0.0,0.46026332907971357,11.722416559118313,8.6679836050801,3.366082024567475,21.0,12.0,21.0,13.5,265.3766896415831,2946.437650332303,12.399271849864522
-5.346882691308173,5.346882691308173,280,1.7292273535273281,0.30929346088759213,0.6786202162695717,0.2243880541622562,0.0,0.4421038560411885,11.40003463739059,6.43618351617073,3.3703504520832053,18.0,12.0,19.0,10.0,304.5743370348216,2397.0112401527135,30.91928994692095
-5.346895075351721,5.346895075351721,246,1.7884942568240083,0.3674911296223707,0.896875377151655,0.16275601095176412,0.0,0.4488703873578746,11.277782286697837,4.574845756368078,2.9896658175614337,20.0,13.0,20.0,15.0,243.63450680599607,2351.363427071585,15.264080890985344
-5.351247199238985,5.351247199238985,293,1.793400111581707,0.3679762550179166,0.8721596051501393,0.24828702909032418,0.0,0.45814248169197436,11.334363041276468,5.8522005326831215,3.09278749967379,20.0,11.0,22.0,12.0,273.3015241023903,2323.488493837895,25.005392948509773
-5.362198870426264,5.362198870426264,230,1.7116867986414888,0.3928867208312023,0.39355073220900355,0.1660425587451766,0.0,0.3341383513409075,11.17424884749972,11.042121963597458,3.1026537078997234,20.0,11.0,21.0,13.0,277.061781268579,1939.9672050609593,23.025799897834098
-5.362198870426264,5.362198870426264,281,1.7116867986414888,0.3928867208312023,0.3935507322090035,0.1660425587451766,0.0,0.3341383513409075,11.17424884749972,11.042121963597458,3.1026537078997234,20.0,11.0,21.0,13.0,277.061781268579,1939.9672050609593,23.025799897834098
-5.363939843781804,5.363939843781804,224,1.8175103545780695,0.3015322704439897,0.4068916406482458,0.1707544393866704,0.0,0.43565906475666605,11.558345889960142,8.459921527269298,3.117970103279688,20.0,15.0,24.0,12.0,245.17468908194573,2524.8308051377535,37.68001291900873
-5.371126949379139,5.371126949379139,267,1.8105205325594793,0.35978033133103104,0.4274128269728248,0.28139052576702506,0.0,0.4960156783621648,11.462622109054454,7.283106678340191,3.050969031505929,21.0,13.5,20.0,15.0,227.48466560114508,2039.4777212207166,18.880274921075408
-5.371449790097984,5.371449790097984,68,1.7963354244832161,0.3122900997202863,0.8833922120574991,0.15865592864296943,0.0,0.38488492064370394,11.1583320764499,5.790606449009476,2.9497520958804753,20.0,11.0,20.0,13.0,273.458720410972,2503.1759753880942,31.11350709943418
-5.375521649202284,5.375521649202284,242,1.8099208035494456,0.37556379105078597,0.6850377360606122,0.2256568288922728,0.0,0.5569776861771015,11.018416883719704,9.461675869121162,3.3224395457287246,22.0,13.0,20.0,15.0,254.57657633160795,2524.821039151284,11.872814639009599
-5.382304480003541,5.382304480003541,279,1.7935654436072113,0.34361334235781393,0.8110202624734476,0.1739237047309426,0.0,0.40385934300174503,11.531306442879046,5.28238811213983,3.2815622079471156,18.0,12.0,14.0,8.5,312.12992606275037,2785.050528897216,35.507986642571495
-5.384159938484762,5.384159938484762,151,1.783545960660699,0.3113517183379212,0.7323734812401154,0.08873457624941028,0.0,0.43777797535781066,11.201407491482904,8.582809583158232,3.3209463711977674,16.0,12.0,14.0,8.5,368.0996971040565,2355.943061353734,7.647826043174321
-5.384159938484762,5.384159938484762,211,1.783545960660699,0.3113517183379212,0.7323734812401154,0.08873457624941028,0.0,0.43777797535781066,11.201407491482904,8.582809583158232,3.3209463711977674,16.0,12.0,14.0,8.5,368.0996971040565,2355.943061353734,7.6478260431743195
-5.396405526632128,5.396405526632128,228,1.8278544624813147,0.3037630213535201,0.8543660386916696,0.10047577615327564,0.0,0.3359927230625941,11.346604460606468,5.57367088158427,3.021915859120247,22.0,13.0,20.0,15.0,226.2378244314014,2408.525841637975,32.6548803072129
-5.404973188870816,5.404973188870816,243,1.7927248409288508,0.3309951181780665,0.7884526630675014,0.23116298114679054,0.0,0.4504565518247019,11.560042246364514,7.608140005080552,3.2698215055635935,21.0,13.5,20.0,11.0,242.43845772033822,2763.339567958694,27.13660256852007
-5.4079820737906505,5.4079820737906505,282,1.7514203036777203,0.3099830896320481,0.8140732017204106,0.15750112669894006,0.0,0.3513162936738411,11.102523864089873,6.633290471250328,3.317269437672196,20.0,13.0,20.0,15.0,267.4098739040105,2253.4151358620393,5.3349835160830335
-5.4085273677749965,5.4085273677749965,264,1.7867748047623024,0.3479501773985533,0.4364817531907155,0.23226353424770319,0.0,0.4898317536466505,11.022633542718316,8.840259751289896,2.891723176276233,20.0,11.0,21.0,13.5,277.22154654109556,1742.8297854133184,19.29775837922451
-5.409764838983814,5.409764838983814,250,1.8084997035755048,0.35331693679109033,0.6434590507640097,0.15157535448634588,0.0,0.5139985138059666,11.133840261318184,5.565491972008971,3.3301617268488446,25.0,12.5,24.0,12.0,221.63608735332573,2395.9478949100726,16.546969390237106
-5.413317692684961,5.413317692684961,184,1.8051444634297407,0.36529604548723804,0.5871567268397988,0.2686188660809155,0.0,0.5544801594219697,11.162295831177644,11.080122521795467,3.1783477172511887,20.0,13.0,24.0,12.0,234.98155382876388,2317.428328772829,25.966659064268214
-5.421220693996521,5.421220693996521,242,1.788350700958337,0.3677086194808179,0.6664147660872015,0.17195545617861677,0.0,0.46051672900417573,11.221874303862242,6.4678508223842925,2.88424145817843,20.0,10.0,19.0,12.0,273.5537023633867,2713.2585034061794,26.989869042405502
-5.425835492496726,5.425835492496726,239,1.8172741462416955,0.26179035528033195,0.562446579321794,0.256587321022161,0.0,0.42492055888790886,11.398417238695178,2.5571808166239833,3.3521333843073915,20.0,15.0,16.0,12.0,273.40947028294204,2270.535383495507,38.44369692795883
-5.4342589925590525,5.4342589925590525,267,1.82138547703446,0.3303820343781818,0.647169557376494,0.18587451192549345,0.0,0.4378864214886534,11.131955940812793,6.258376696957257,3.3441192731438547,20.0,11.0,15.0,10.0,272.46489828485574,1824.629234934619,36.25666127297715
-5.434354267572381,5.434354267572381,250,1.8257809003914334,0.28986286668837075,0.583033595680085,0.17976021508502413,0.0,0.4912674023012429,11.314908646566096,8.311628917918416,3.3258923117985595,20.0,11.0,20.0,11.0,275.3717722117667,1995.7210222008557,23.625872322340136
-5.435397534281255,5.435397534281255,249,1.7955255278206903,0.38495902580935315,0.6204173839394586,0.21908633837345365,0.0,0.5193028591232167,11.052109327490381,6.604860705270818,3.3771876316652767,25.0,12.5,21.0,13.0,229.28822317050347,2507.15313085495,6.597271688427709
-5.4409349312707995,5.4409349312707995,244,1.749674555385734,0.3862685310157656,0.7322786069140484,0.11235577287907128,0.0,0.5459271082202705,11.045685888418184,7.8701869037393415,3.1838751165848045,19.0,12.0,25.0,12.5,260.9655652171116,2282.851214754583,16.07799093895691
-5.44281217513472,5.44281217513472,243,1.7933547786478448,0.3702439023704989,0.7319354800791047,0.10947405250107102,0.0,0.5607277052068537,11.179285355984234,4.4618908968300985,3.168222683735996,17.0,12.0,21.0,13.5,330.3991014098374,2690.0349323721675,17.027660645511887
-5.445140440081039,5.445140440081039,233,1.7430834437664262,0.3751595359214547,0.7053711170647804,0.20744078965178112,0.0,0.4642349766486294,11.181966189101399,1.8975533129978643,3.2182728143971397,20.0,11.0,16.0,10.0,274.372604321415,2812.715853588696,24.73066242539817
-5.456642324620653,5.456642324620653,239,1.822571981014512,0.31884803663570027,0.6689103797676834,0.2651548013150621,0.0,0.4057923226948019,11.14444579556023,4.691407942836712,3.1292094538449766,20.0,11.0,18.0,12.0,276.1245104041878,2755.589810818168,35.23663049795013
-5.457918820685608,5.457918820685608,216,1.6717721269976171,0.358524987373426,0.4906261458992958,0.0804749033972879,0.0,0.45584065825649384,11.28234714593717,1.9658373314344804,3.359172183987007,18.0,12.0,18.0,10.0,303.0559955500853,2155.2531345567204,30.635059778885385
-5.458997917857479,5.458997917857479,160,1.7388385112988543,0.3195738332042507,0.6667515478129519,0.08849687287716483,0.0,0.4956733527602444,11.509923063080887,8.60673731004958,3.2814087087996366,18.0,12.0,16.0,10.0,308.41596093095995,2245.5692067232235,39.59723520860186
-5.461703836359,5.461703836359,235,1.8075810158489398,0.39194136867794965,0.45185157777289636,0.1486695241912527,0.0,0.36573202656933956,11.095147110891869,1.5736749833062937,3.1618746818558128,20.0,11.0,18.0,12.0,271.37932342559384,2626.382201810724,36.53470656180419
-5.463172926382299,5.463172926382299,288,1.8108527938008154,0.35491511080787763,0.5351333655390225,0.09485215575203505,0.0,0.340238040283965,11.202675524955488,7.091032434656226,3.25949422062276,20.0,11.0,20.0,15.0,277.2327600863774,2589.6629931871694,14.418590309697308
-5.468965101465349,5.468965101465349,227,1.7435865133943569,0.37219973961015834,0.6871881211365296,0.20534997815846195,0.0,0.3738102005425101,11.159922502116233,8.187282088038286,3.3138120623821417,20.0,12.0,20.0,15.0,255.33678608228428,1715.480318217185,24.59897189600607
-5.472519669337528,5.472519669337528,130,1.8048695320910988,0.2969308094503887,0.6444210224175326,0.10001194385068353,0.0,0.5114055746016339,11.39154509168818,8.849094042073224,3.337648830708808,21.0,13.5,20.0,15.0,265.4244684238705,2604.8352243178256,7.596966810524464
-5.474681839256942,5.474681839256942,241,1.801817609131983,0.3699449467804302,0.6733848663377746,0.28711804098846094,0.0,0.36513895321623707,11.991181747897947,10.235151626253762,3.2690858938822114,20.0,13.0,22.0,12.0,245.98501912093607,2306.08744511148,29.706596711010018
-5.477215983950177,5.477215983950177,260,1.8208585011331262,0.3941357880570189,0.5569016865888794,0.22589597809157358,0.0,0.5818869199682852,11.154314702804864,5.128163230191753,3.0948742046450413,19.0,10.0,22.0,12.0,286.72994171712116,1867.2704013818955,38.947420730207384
-5.4843390751120005,5.4843390751120005,283,1.806588770104927,0.3899523187076962,0.6797882328891107,0.2958944378886248,0.0,0.3975704454775491,11.915560910079236,5.892379125309544,3.331976325863034,21.0,12.0,20.0,15.0,267.73875697660264,2486.1708754120614,11.21205036313908
-5.49028842044736,5.49028842044736,235,1.7496508259275783,0.370750278007822,0.7340434150225599,0.10975978658944568,0.0,0.4540769352237132,11.31614608215514,5.001437322264334,3.3550964985338756,20.0,11.0,20.0,11.0,267.6094087164779,1999.0901867434627,8.976840171520086
-5.49028842044736,5.49028842044736,291,1.7496508259275783,0.370750278007822,0.7340434150225599,0.1097597865894457,0.0,0.4540769352237132,11.31614608215514,5.001437322264334,3.3550964985338756,20.0,11.0,20.0,11.0,267.6094087164779,1999.0901867434627,8.976840171520086
-5.490492237172582,5.490492237172582,227,1.8211870682788402,0.27213895789195774,0.8210319734398148,0.2943312476358256,0.0,0.4013060662138308,11.293089856399941,9.866898173637596,3.1183673304737205,21.0,13.5,20.0,13.0,258.86788448982566,2892.364895025453,32.88452094467985
-5.495813090055007,5.495813090055007,227,1.8198480715208152,0.35348761582253413,0.5711703375448842,0.2745312100068076,0.0,0.38602393638424265,11.259281787395619,1.7483923039850477,3.278962987219905,24.0,12.0,22.0,12.0,231.90393436426862,2392.8421914905475,30.822630303772968
-5.498712697031612,5.498712697031612,290,1.7402811938243752,0.37620692485561524,0.7397254340430234,0.09718228944944782,0.0,0.34266721542855066,11.403315104667683,3.4686533626208558,3.3330353517143094,20.0,15.0,20.0,15.0,235.31578732229232,2697.956153516923,31.35864462697726
-5.502567242261947,5.502567242261947,127,1.797907510959981,0.35331802085841224,0.6822247852976082,0.19110208749744684,0.0,0.3773218794465973,11.266235421336017,10.833948223793387,3.253856136173138,19.0,12.0,20.0,15.0,294.00813847299827,2030.6793887888932,18.450152563396657
-5.503052395457113,5.503052395457113,187,1.8012442021581996,0.3021764108087453,0.7444173289579086,0.27053880250072415,0.0,0.4256892866512103,11.040181355944288,8.513119004373912,3.3445541130540537,20.0,12.0,20.0,15.0,266.9150188711643,2790.4311487001733,17.625844864031386
-5.5083757850354536,5.5083757850354536,189,1.7904467976332583,0.3573275211483666,0.5409348890181263,0.294920004621162,0.0,0.4300640506173293,11.718121373479642,10.294000942461935,3.284000859036648,20.0,11.0,20.0,15.0,283.7991339516369,2618.674508790334,14.975235763086413
-5.511820937000271,5.511820937000271,284,1.8035110093500906,0.34388103365746375,0.8703462814462506,0.15644557311397858,0.0,0.39082416670541364,11.063582927734618,4.076720029036949,3.099582957729587,21.0,13.5,20.0,15.0,229.09117789298537,2781.6835633449064,25.490578853510364
-5.51699799167997,5.51699799167997,298,1.6683633542912286,0.3810350706712137,0.7246016940095311,0.2812056760371973,0.0,0.4139686165552735,11.398594909356849,7.606423846191506,3.313028927881554,19.0,12.0,19.0,12.0,295.7324022748477,2531.3256718439247,6.124434497527197
-5.529571672542504,5.529571672542504,243,1.7707120107861944,0.29727474682409144,0.6889346423718066,0.20944505532367622,0.0,0.48764603052415234,11.203142577195077,8.717428645209342,3.2523239989065136,19.0,12.0,18.0,10.0,270.51524711277995,2183.2009357813504,36.050029871705924
-5.549120786046594,5.549120786046594,269,1.8164559732934975,0.36417128066675813,0.5105787519350078,0.24203436338135598,0.0,0.5034886284786354,11.106816659295225,5.640255951520678,3.2691033885773795,19.0,10.0,20.0,13.0,271.6638259261702,1853.8719523469247,32.05521656968854
-5.550393015014235,5.550393015014235,227,1.7856634424540203,0.30083398573103004,0.8239839436607588,0.09573881798714022,0.0,0.37122062194118355,11.318786006686413,1.3749844502061954,3.2976517807612336,21.0,13.5,21.0,13.5,258.0142272187352,2092.7947444935526,36.12022682127353
-5.550393015014235,5.550393015014235,281,1.78566344245402,0.30083398573103004,0.8239839436607588,0.09573881798714022,0.0,0.37122062194118355,11.318786006686413,1.3749844502061954,3.2976517807612336,21.0,13.5,21.0,13.5,258.0142272187352,2092.7947444935526,36.12022682127353
-5.555119282322279,5.555119282322279,284,1.8123948943085422,0.36106961510963065,0.663767095620808,0.24105264851003463,0.0,0.3872771192984782,11.33619723074923,6.504379494291608,2.7864105288949337,20.0,15.0,20.0,15.0,234.50849262371008,1757.3499056755174,10.152635986008903
-5.565763862953284,5.565763862953284,229,1.7410918590028395,0.39871911149416717,0.7997653225850551,0.21563940628079847,0.0,0.36834747013418384,11.278886267095508,2.3313351907205107,3.1367673895312675,21.0,13.5,20.0,15.0,218.7573806713188,2051.928195998904,39.51641619799823
-5.586674551659496,5.586674551659496,127,1.76359497644704,0.3169725424567123,0.654686736716524,0.17714127195600168,0.0,0.3484547721000801,12.006017821331797,10.363371389436274,3.233065256161839,22.0,13.0,20.0,13.0,235.71538586807281,2122.5493163687142,32.17707546967391
-5.593007933624287,5.593007933624287,180,1.7634147151395345,0.35022328444054496,0.6689103797676834,0.2699397735480489,0.0,0.32982180622401247,11.14444579556023,4.691407942836712,3.315094557272197,20.0,11.0,16.0,10.0,270.67115382907105,2755.589810818168,15.080891796349874
-5.596178444015125,5.596178444015125,224,1.6947078899800148,0.37415156527151694,0.5172843152004662,0.13336836024165888,0.0,0.4875681824401992,11.15918256988034,9.65029525124394,3.3148066643845606,22.0,13.0,21.0,12.0,227.33083311468363,1783.0455181099567,18.492234163753164
-5.600038724874502,5.600038724874502,239,1.7772157048583967,0.2735378676541963,0.7907643589167241,0.291800624731823,0.0,0.4267381722332327,11.031741145319089,7.426997353282456,3.278421414261369,22.0,13.0,21.0,13.0,237.63925577923317,2529.680259189933,27.99407830588073
-5.600038724874502,5.600038724874502,291,1.7772157048583967,0.2735378676541963,0.7907643589167241,0.291800624731823,0.0,0.4267381722332327,11.031741145319089,7.426997353282455,3.278421414261369,22.0,13.0,21.0,13.0,237.63925577923317,2529.680259189933,27.99407830588073
-5.6003905707978685,5.6003905707978685,241,1.8160223976815622,0.3683541523659704,0.4926531350509385,0.27477727496669785,0.0,0.42964833476982167,11.694503012435112,9.949985434666374,3.3717089210201108,22.0,13.0,20.0,15.0,223.48079818125285,2371.2195107575167,13.349363653525621
-5.606721429141552,5.606721429141552,291,1.8249903105115244,0.39145815319247645,0.48775206348060884,0.20340726251140506,0.0,0.35035978539930046,11.12415969593117,3.8526108663587566,3.1398265579074165,18.0,12.0,21.0,13.0,270.9303643441257,2675.9566188371746,24.972212730328845
-5.608631858738052,5.608631858738052,238,1.8191250221265254,0.3363510093626366,0.5451192188419773,0.20556833374748276,0.0,0.37450861262715474,11.62622866869783,8.558920248235985,3.374585230834181,19.0,12.0,19.0,12.0,297.50655396395683,2346.5067182301564,21.930060297607984
-5.612789790434886,5.612789790434886,234,1.7730574485796275,0.31998470432643145,0.4923723967637911,0.2152658279605121,0.0,0.5632218611235548,11.50763646409947,3.755911598038086,3.2038393560392584,16.0,12.0,17.0,8.0,341.892488668733,2062.04527547467,29.008647979267383
-5.613694233796417,5.613694233796417,239,1.8082745046309177,0.39580313412249385,0.7100918293181605,0.2812056760371973,0.0,0.4139686165552735,11.066574127437072,5.548794102181171,3.313028927881554,19.0,12.0,22.0,10.0,295.7324022748477,2531.3256718439247,35.24387317454681
-5.613694233796417,5.613694233796417,291,1.8082745046309177,0.39580313412249385,0.7100918293181605,0.2812056760371973,0.0,0.4139686165552735,11.066574127437072,5.548794102181172,3.313028927881554,19.0,12.0,22.0,10.0,295.7324022748477,2531.3256718439247,35.24387317454681
-5.61787430489311,5.61787430489311,288,1.7493798059742627,0.3541397394156656,0.549005431836045,0.09926438247845157,0.0,0.400400965076006,11.405619050630843,2.7975942462194805,3.1924044351054075,20.0,11.0,21.0,13.5,279.51860112858185,2859.404896568314,33.800401835056995
-5.622382010678825,5.622382010678825,267,1.795350564978454,0.3230572775743935,0.5431890996313686,0.14399083433011434,0.0,0.6033456635715388,11.196995641132618,6.732273828377557,3.1644980744490914,20.0,11.0,16.0,12.0,281.72637733513136,2696.749888656445,35.32628681554097
-5.631347742122232,5.631347742122232,251,1.7939117516749015,0.3844449100683802,0.736653212809909,0.22589597809157358,0.0,0.48456045481349785,11.154314702804864,5.128163230191753,3.321530002479472,16.0,10.0,22.0,12.0,345.36514387596515,1867.2704013818955,38.947420730207384
-5.632573124096762,5.632573124096762,246,1.8210040976689994,0.29662579847932946,0.8623752487940375,0.12219199013257305,0.0,0.48110398393980924,11.227223425449697,8.875891846652804,3.24505540624097,20.0,11.0,21.0,12.0,272.0953793136779,2543.6379479930292,23.239303135485706
-5.635688775155654,5.635688775155654,245,1.7997646939166008,0.3608530684030671,0.6441060587491566,0.2769886437559421,0.0,0.5208784610274579,11.197999525414192,3.0394799936132673,3.335980751531973,20.0,13.0,20.0,15.0,237.4009062820677,2429.5753840774682,26.066964181653805
-5.63959359171563,5.63959359171563,130,1.8120943229406794,0.31783987708131195,0.8954727325722167,0.10760708552948982,0.0,0.4526151015847219,11.660642259755267,9.789524048076613,3.1670323281922736,17.0,12.0,22.0,12.0,318.1312708296267,2009.7209195902828,22.327672000108908
-5.6449711743290925,5.6449711743290925,179,1.8231412452547164,0.3610554147165126,0.6012279566354573,0.28827812179798495,0.0,0.5311910019326189,11.229963433494103,4.335596891140649,3.062489776607941,21.0,12.0,16.0,12.0,265.2205604851732,2337.730828812016,20.111950619938952
-5.6453985820823185,5.6453985820823185,243,1.7962949039448337,0.26241073096103823,0.5788143375756252,0.08257641775391239,0.0,0.35375163466155035,11.219368257252626,5.1155933477681135,3.2605348876619686,20.0,13.0,20.0,15.0,281.5292696480725,2218.572222412954,32.37777811476981
-5.647410064843086,5.647410064843086,242,1.7921704015922826,0.36447151220996166,0.6269109578520197,0.19323267410157796,0.0,0.4306360173269682,11.959368092898814,2.181199121841022,3.2171057483346948,20.0,15.0,21.0,13.5,239.88280662878745,2382.134106455233,25.415983033852445
-5.661703532883651,5.661703532883651,226,1.809832408157308,0.36046064689509416,0.7957944604114097,0.1805207813036749,0.0,0.31625041277130905,11.141032166006838,5.6902011335190865,3.3576738703159856,20.0,12.0,16.0,10.0,285.353827889453,2679.9019294253153,36.568993715416916
-5.661703532883651,5.661703532883651,281,1.809832408157308,0.36046064689509416,0.7957944604114097,0.1805207813036749,0.0,0.31625041277130905,11.141032166006838,5.690201133519087,3.3576738703159856,20.0,12.0,16.0,10.0,285.353827889453,2679.9019294253153,36.568993715416916
-5.664133274890235,5.664133274890235,243,1.8032550713467763,0.3744064394851436,0.5786203011251362,0.11163434699500527,0.0,0.3327188565595986,11.44748329547065,6.741651324110764,3.323830239585265,20.0,10.0,24.0,12.0,264.06058679777584,2042.9765824470192,21.965213753865655
-5.672597159337867,5.672597159337867,123,1.81087022457788,0.37360550447800767,0.843375845196372,0.2509844888612008,0.0,0.42581296125429313,11.474417416876863,9.236035413608697,3.295465921206995,20.0,13.0,17.0,12.0,245.34560715407767,2836.563852915341,20.105148294832116
-5.676990850491712,5.676990850491712,227,1.7719782215492714,0.3115161879871856,0.7235611218795449,0.13120646803411573,0.0,0.43896867243321325,11.65802648877564,3.3941118613474197,3.326144035392903,22.0,13.0,20.0,12.0,250.947731459618,2228.4090223163375,14.031767134602152
-5.680921052842982,5.680921052842982,259,1.8217859909002878,0.38237467330321384,0.6190864090038819,0.18657810832234806,0.0,0.4665324285480943,11.328840627248688,8.760834180056282,3.190073511928026,15.0,10.0,18.0,12.0,389.7628533035324,1896.0645482933749,22.650938819031698
-5.684854584201002,5.684854584201002,270,1.8129750027750333,0.37056306002168315,0.7419003917299747,0.1817910915922745,0.0,0.4649652022210019,11.50836334160111,7.359847371465337,3.155306369505759,17.0,12.0,18.0,12.0,318.583364593312,2838.0246564823733,16.05184734462611
-5.684906814574791,5.684906814574791,243,1.8179527074586859,0.31932567472128587,0.6703310505120905,0.10049860652642198,0.0,0.5560762805257934,11.150346375342773,3.4916998579329173,3.181359645124861,20.0,15.0,20.0,13.0,228.7263559706751,2318.516409285987,38.06411541686647
-5.690750324391443,5.690750324391443,284,1.7769881073094718,0.3962296525344603,0.8257893395198049,0.08697321712581384,0.0,0.47218327530227455,11.161030478626909,7.803492221121225,3.209335212956443,20.0,12.0,21.0,13.5,281.85195069748727,2400.419482922918,1.5080617973350812
-5.695419848453648,5.695419848453648,248,1.7093147641627504,0.30067661968270365,0.7939654140830691,0.2266664990594413,0.0,0.36841625124301375,11.263894493668406,1.6443471979083668,3.2616848296756675,20.0,15.0,20.0,11.0,268.34935448580075,2747.0345221079683,25.899852274859168
-5.696908431691407,5.696908431691407,254,1.7808928111173843,0.3776962829490668,0.6688653815674314,0.11334430726265257,0.0,0.555579696626575,11.758116173233535,6.329970130778318,3.106127925016251,18.0,10.0,22.0,12.0,303.3844867097592,1992.4054051180003,26.353889603388147
-5.716701729995589,5.716701729995589,298,1.8178135658987835,0.37809510980243516,0.6000351039253228,0.2780296659722726,0.0,0.4750676954556044,11.38529481476656,3.457638669803586,3.265602178760666,21.0,13.5,20.0,12.0,268.0380630411566,2396.5840490831906,4.355822492732786
-5.718171490951491,5.718171490951491,226,1.7723120784601025,0.3107938381623119,0.3692922045510885,0.13296059588196318,0.0,0.3824044555702305,11.791728504409196,8.390916029500417,3.254271773390509,21.0,13.5,22.0,12.0,238.8337681516262,2176.1589286104872,37.496983067888515
-5.725153888313968,5.725153888313968,127,1.7921704015922826,0.3105360670620197,0.6269109578520197,0.19323267410157796,0.0,0.3524616763929162,11.59602638810303,2.181199121841022,3.341586450088334,20.0,15.0,22.0,13.0,241.77404343160603,2382.134106455233,29.52876672641147
-5.726974374516261,5.726974374516261,286,1.7038415752900335,0.3527994973875275,0.6096240943633302,0.20040714308206176,0.0,0.3509791796879949,11.071565893754205,9.23057000905922,3.375132560362743,20.0,15.0,20.0,15.0,229.06401555898947,2472.080153087296,26.858579803278527
-5.7373538638654376,5.7373538638654376,242,1.8082308441396848,0.34928889683395514,0.5142288576376963,0.15197217910255728,0.0,0.487659532970527,12.039324848518856,9.229212747236872,3.36958282572918,21.0,13.5,20.0,15.0,230.5063852552675,2227.5166792651307,30.19588737221308
-5.7473742588814645,5.7473742588814645,227,1.802525763173035,0.39532000546604606,0.7943940997217326,0.08501783997437079,0.0,0.3609443814956616,11.403728526224402,10.092009505296746,3.3311892971681933,21.0,13.5,20.0,15.0,224.72088051911817,1581.9749117819933,37.37696999018664
-5.7473742588814645,5.7473742588814645,281,1.802525763173035,0.39532000546604606,0.7943940997217326,0.0850178399743708,0.0,0.3609443814956616,11.403728526224402,10.092009505296746,3.3311892971681933,21.0,13.5,20.0,15.0,224.72088051911817,1581.9749117819933,37.37696999018664
-5.747922849676046,5.747922849676046,232,1.8172741462416955,0.35033401914372375,0.4876946187604702,0.256587321022161,0.0,0.5502473241415389,11.068226444865475,4.716554033642573,3.0236975531156016,19.0,10.0,16.0,12.0,273.40947028294204,2332.40084950968,38.44369692795883
-5.7479434332850365,5.7479434332850365,234,1.7996910819729561,0.3363510093626366,0.536895498045312,0.20556833374748276,0.0,0.35268042116371623,11.62622866869783,6.580802174906391,3.374585230834181,19.0,12.0,19.0,10.0,297.50655396395683,2346.5067182301564,21.930060297607984
-5.74891984720578,5.74891984720578,268,1.7323611222951136,0.38111443475842216,0.7672559424743658,0.22524324909940752,0.0,0.40784230235267166,11.486986809169252,7.422305275154704,3.3326495613578766,19.0,10.0,18.0,12.0,296.3775051457308,2296.924960265028,36.28398528327559
-5.751717422542232,5.751717422542232,229,1.767731625490911,0.37152209518800133,0.6579811499591027,0.21995271384499046,0.0,0.3638269842470774,11.754423636355039,4.9944092649675556,3.3061980776990403,22.0,13.0,25.0,12.5,223.70772575045288,2177.4276829342416,23.197010039013435
-5.751717422542232,5.751717422542232,281,1.767731625490911,0.3715220951880014,0.6579811499591027,0.21995271384499046,0.0,0.3638269842470774,11.754423636355039,4.9944092649675556,3.3061980776990403,22.0,13.0,25.0,12.5,223.70772575045288,2177.4276829342416,23.197010039013435
-5.7551328688188015,5.7551328688188015,248,1.732833528060661,0.3581734589919259,0.6596694907049634,0.29484374512809175,0.0,0.5073859572989246,11.605527104553033,3.5332550391127393,3.3490434665554183,20.0,13.0,20.0,13.0,276.27233155939325,2405.8190125105016,0.5803401195465838
-5.763600944577226,5.763600944577226,243,1.8007691637847292,0.3501647236732532,0.8368983336728719,0.12066692722433735,0.0,0.5097539392523173,11.042276930886128,8.765606857228127,3.3167252850478395,20.0,15.0,22.0,13.0,225.0336055731008,2459.472058154323,21.913664138766823
-5.770314575225186,5.770314575225186,243,1.7788998989983462,0.37066443679272587,0.8841058289950188,0.23136579538124388,0.0,0.3937684147747709,11.015247371663087,3.964293360667969,3.2672268730067557,21.0,12.0,20.0,11.0,264.80689559608084,2149.3198303305794,1.3492325810405248
-5.7897134029211115,5.7897134029211115,288,1.789567407187206,0.3664638985164047,0.49379445239988984,0.19743753738652564,0.0,0.35294387805617394,11.09520825539568,1.5233408692125465,3.2620481452340115,20.0,15.0,22.0,13.0,225.40251506771617,2528.290653796036,23.091861209229208
-5.791837746318282,5.791837746318282,189,1.7337244658459205,0.29988039623427803,0.5973673522673438,0.2506475845351272,0.0,0.524590001006119,11.03932270703599,8.669326061560504,3.285807772457889,20.0,15.0,20.0,15.0,265.5614103911308,2965.751556823221,24.475521700864952
-5.792100680344005,5.792100680344005,241,1.8269109967302795,0.32568526472445336,0.6082840743384134,0.15611533162796215,0.0,0.45667013313657884,11.357073718932785,6.163941374051286,3.1647300212233596,20.0,13.0,20.0,15.0,253.14115121854533,2836.8016458498705,32.12999343276721
-5.793010253821824,5.793010253821824,242,1.8148909117195726,0.3502224899675118,0.8830867594661909,0.19319205840984266,0.0,0.599919864713428,11.746481069916388,9.47650134135348,3.2800035903030995,19.0,12.0,20.0,15.0,300.5039696310688,2471.31347143125,32.38477257252026
-5.794648864168769,5.794648864168769,299,1.8157821536160799,0.3678449043966254,0.5612942575955113,0.24932478960048007,0.0,0.3955176077241219,11.253783059618973,1.9620682570815031,3.348826025805434,20.0,13.0,20.0,11.0,251.45247417165734,2618.257515719871,5.824811447684805
-5.795613282930797,5.795613282930797,224,1.732004617616691,0.39619782150354393,0.5098566700188594,0.2019904816014491,0.0,0.39465949870351236,11.071081967586391,8.73869926917503,3.2404051873838497,18.0,10.0,22.0,12.0,314.472420930588,2047.8833177957297,18.25376341729498
-5.798210241471408,5.798210241471408,248,1.8225279031174124,0.3565646753943681,0.7683792808268821,0.28784677718691715,0.0,0.3643781305148676,11.24475918577845,7.998712579842351,3.292348254682005,20.0,15.0,20.0,15.0,226.73389343828583,1867.571148912121,12.869060219576628
-5.803534316656972,5.803534316656972,244,1.8205178578210721,0.3730978675896953,0.5843683178245145,0.15509411892333086,0.0,0.5486191798913396,11.169557848848036,3.9447432569430143,3.2116504941897395,20.0,13.0,20.0,11.0,277.57156168665324,2070.3765712100967,12.749095159975067
-5.805111375753156,5.805111375753156,269,1.7870135739132473,0.2767470468358963,0.7952482371897136,0.18403135872956816,0.0,0.4570020355574187,11.291345275110764,7.70566203719547,2.9940741705398635,20.0,11.0,21.0,12.0,281.0930048650707,2337.355573070893,33.23551482920436
-5.808268311693848,5.808268311693848,176,1.7587598339720767,0.33618319587779116,0.3576459347618346,0.2411877993271343,0.0,0.3893932663750347,11.322445189495326,4.671279839506494,3.2166707581795158,20.0,12.0,21.0,12.0,267.82795542431086,2051.703028023116,4.7412891840142795
-5.8178874714974995,5.8178874714974995,126,1.7235693758652249,0.38493962849288776,0.6058437707293739,0.2853362152740935,0.0,0.5339175338813102,11.293422657178002,8.07789536580992,3.3747218549111926,18.0,10.0,22.0,12.0,312.29152045846996,2146.1021530319376,20.67270854942514
-5.829280919122561,5.829280919122561,153,1.7978735609367054,0.27724771191695446,0.7959070419120766,0.15667400277561433,0.0,0.4480196548388869,11.101466475514403,9.947793170178556,3.3487851735448446,18.0,12.0,17.0,8.0,320.72016947511634,2850.660252643501,20.99610716244331
-5.829390217633016,5.829390217633016,296,1.7774857904448653,0.3395991494484414,0.6739556935457748,0.2798995617008361,0.0,0.401211108666579,11.727102440418857,7.166553406000967,3.157547713676744,20.0,15.0,21.0,13.5,248.4070792968086,2412.4462898434135,12.075991986176113
-5.834467107191641,5.834467107191641,273,1.8137268664737551,0.35161671030399644,0.7325881200143154,0.1505587517832291,0.0,0.3308434968873447,11.273139886712391,5.161345686233979,3.1067565479483994,15.0,10.0,14.0,10.0,367.4625628917869,2489.0251582417104,27.5384191552005
-5.834628734637722,5.834628734637722,235,1.7664931101844208,0.32553875921276526,0.676776014872364,0.201635799903042,0.0,0.5345667858305443,11.651728776002116,5.099426676762269,3.2783197315247996,20.0,12.0,20.0,10.0,278.5539601485393,2276.7792505050893,6.054868118974879
-5.8431845431105875,5.8431845431105875,245,1.8165385802733893,0.32598266273721127,0.6251993376153383,0.12955770380736042,0.0,0.48505718587570934,11.088662415239433,5.5272060217001195,3.1819927143894677,20.0,13.0,22.0,13.0,267.55152154210225,1823.1178247149285,33.72104026318437
-5.849986921136988,5.849986921136988,285,1.7642858213533599,0.3264962038383346,0.44413954551553225,0.10244425487979855,0.0,0.33838957658142166,11.635312786460501,5.0964953912612625,3.1898824107668853,19.0,12.0,20.0,15.0,273.39553632659744,2001.291217686734,26.810170165978924
-5.86719436349522,5.86719436349522,65,1.7744224685389454,0.31020926412743355,0.7212084340265176,0.16360563187989885,0.0,0.583239059432632,11.008534027234425,6.990604483047795,3.0954586974752685,18.0,10.0,24.0,12.0,309.7887589457274,2452.8784108399213,26.958770491182804
-5.874728200861462,5.874728200861462,287,1.7885493536763781,0.37266267314427515,0.8812423522321371,0.19568743277972445,0.0,0.43136583943013646,11.399992480906121,6.843505782313599,3.2287338346316163,18.0,12.0,21.0,13.0,271.4153815398047,1999.1105770532085,30.41235950885174
-5.880983534747747,5.880983534747747,284,1.7547503079246733,0.3205517575021816,0.46966766985634545,0.21341632450036258,0.0,0.34097618171803795,11.279728925931163,7.055618684092417,3.240622578105471,17.0,12.0,21.0,13.5,319.8578009620372,2410.4277497570283,16.084530595467484
-5.882076898008236,5.882076898008236,246,1.8204026904346673,0.3363587224864541,0.6509552959460273,0.09803052214864089,0.0,0.36116685356663314,11.066526032077364,7.58212737495637,3.2318243058801652,18.0,12.0,21.0,13.5,271.65484322753105,2387.676339471387,24.497292994100867
-5.888269546630102,5.888269546630102,250,1.8223494337476789,0.3296557755634759,0.5821336540835468,0.20844709183560423,0.0,0.4797978677036276,11.530715890656758,9.930307502114708,3.2577745072292643,20.0,15.0,20.0,12.0,273.4601457035671,2459.830334237323,5.412156776686679
-5.88891248461659,5.88891248461659,246,1.7697888146802316,0.3486622476392546,0.5685999712058252,0.1953183353254735,0.0,0.3987121503589534,11.091234226024827,6.695433038496864,3.179109684228179,19.0,12.0,22.0,13.0,309.70047232589144,2886.813838246906,16.116583611793498
-5.891734507964786,5.891734507964786,219,1.7222643744254535,0.33551979009885186,0.48729131665047154,0.2767412361043423,0.0,0.4196240592710179,11.315455493743976,4.916738375185189,3.2599038922840027,19.0,12.0,20.0,15.0,298.21599839128976,2207.536640974798,13.54232844232941
-5.8926651342020335,5.8926651342020335,249,1.8208314914839416,0.3564783822472498,0.4606622845023833,0.211933394322871,0.0,0.509047911408534,11.063485160253673,7.488325888072444,3.3485337560500574,20.0,13.0,21.0,13.5,272.16775808884466,1834.3621788812734,13.571746679255146
-5.895398600299244,5.895398600299244,223,1.6974905534560956,0.3230489424769035,0.8770173323044865,0.08161887397577164,0.0,0.41575948681527536,11.016678667037247,6.251814170107217,3.369300291034013,19.0,12.0,17.0,8.0,317.3149833349677,2254.2500008226234,26.317841661367826
-5.895398600299244,5.895398600299244,281,1.6974905534560956,0.3230489424769035,0.8770173323044865,0.08161887397577164,0.0,0.41575948681527536,11.016678667037247,6.251814170107218,3.369300291034013,19.0,12.0,17.0,8.0,317.3149833349677,2254.2500008226234,26.317841661367826
-5.905904858051936,5.905904858051936,187,1.8056483659404725,0.2998420216969756,0.8289122446110747,0.2588813005637075,0.0,0.40666348349603176,11.555687088582879,9.068711301526262,3.2466420033676515,18.0,10.0,22.0,13.0,313.95757972157946,2163.757010568809,27.454777754527335
-5.908212512590572,5.908212512590572,230,1.8026017525283426,0.3024437347939331,0.392003970739334,0.10076922217678928,0.0,0.33813619141223467,11.190130954716754,9.767823987075406,3.0059499173269555,22.0,12.0,20.0,15.0,241.13535233740777,2712.282156387366,18.692414219993687
-5.9090606444053275,5.9090606444053275,299,1.796243552984123,0.3141992717927621,0.5211007483219919,0.22690297728776276,0.0,0.41981821714725237,11.68897479319403,6.175628517857737,3.3506593996704814,22.0,13.0,21.0,13.5,241.43304612591123,2177.1868633981053,8.776783934300166
