generation,estimated_completed_candidates,elapsed_seconds,estimated_candidates_per_second,eta_seconds,convergence,best_objective,best_score,wing_span,wing_chord,tail_arm,nose_length,ducks_num,pucks_num,banner_length,batt_capacity,prop_diameter_in,prop_pitch_in,motor_kv,motor_max_power,cruise_throttle,mission3_cruise_throttle
1,1024,10.814899500008323,94.68419008417156,3028.1718600023305,0.0,-4.485828362280874,4.485828362280874,1.0498998588100077,0.36449974186718465,0.7480290412902832,0.10651209300383926,10.0,1.0,4.9961505564861,4.485439569689333,14.358544386923313,10.789276131428778,398.6370872706175,1471.976051107049,0.8948963256552815,0.9184835711494088
2,1536,14.240660200011916,107.8601678873508,2653.5096839355538,0.0,-4.602050621126125,4.602050621126125,1.3070377059510783,0.39103143482107305,0.6820791284732488,0.08241319927521709,18.0,5.0,0.7142743105068803,1.7640970586799085,11.57121677670321,8.40625662194908,359.582028240973,2663.9308612793684,0.7677888083271682,0.9694784724207365
3,2048,18.121882899999036,113.01253911093912,2528.0026645498656,0.0,-4.614432857230417,4.614432857230417,1.2960752739414427,0.364924550647775,0.6864232446975638,0.12613683013044844,13.0,4.0,0.6718052066238043,4.379122973399717,19.145708922929796,13.229064076207578,294.18386184710585,2345.8744970784796,0.7671282168776633,0.7851468025552102
4,2560,23.780628200009232,107.65064650390548,2649.1619814810288,0.0,-4.614432857230417,4.614432857230417,1.2960752739414427,0.364924550647775,0.6864232446975638,0.12613683013044844,13.0,4.0,0.6718052066238043,4.379122973399717,19.145708922929796,13.229064076207578,294.18386184710585,2345.8744970784796,0.7671282168776633,0.7851468025552102
5,3072,30.496050400004606,100.734356079092,2825.9673370670935,0.0,-5.005747830501107,5.005747830501107,1.3393189042022726,0.37318947588606516,0.6332700244667061,0.08265252105710176,64.0,9.0,1.2790088785768234,2.8732641865060167,20.674828672506766,15.211476917112963,232.35633827621467,1174.9586777216082,0.7992695125930469,0.8982996689513537
6,3584,37.76980550000735,94.89061308508201,2994.606007500583,0.0,-5.005747830501107,5.005747830501107,1.3393189042022726,0.37318947588606516,0.6332700244667061,0.08265252105710176,64.0,9.0,1.2790088785768234,2.8732641865060167,20.674828672506766,15.211476917112963,232.35633827621467,1174.9586777216082,0.7992695125930469,0.8982996689513537
7,4096,45.53868370001146,89.94550714251254,3153.5538462257937,0.0,-5.005747830501107,5.005747830501107,1.3393189042022726,0.37318947588606516,0.6332700244667061,0.08265252105710176,64.0,9.0,1.2790088785768234,2.8732641865060167,20.674828672506766,15.211476917112963,232.35633827621467,1174.9586777216082,0.7992695125930469,0.8982996689513537
8,4608,56.55860699999903,81.47301081867309,3475.2121856666067,0.0,-5.005747830501107,5.005747830501107,1.3393189042022726,0.37318947588606516,0.6332700244667061,0.08265252105710176,64.0,9.0,1.2790088785768234,2.8732641865060167,20.674828672506766,15.211476917112963,232.35633827621467,1174.9586777216082,0.7992695125930469,0.8982996689513537
9,5120,69.39982279999822,73.77540451011255,3830.8702185599013,0.0,-5.005747830501107,5.005747830501107,1.3393189042022726,0.37318947588606516,0.6332700244667061,0.08265252105710176,64.0,9.0,1.2790088785768234,2.8732641865060167,20.674828672506766,15.211476917112963,232.35633827621467,1174.9586777216082,0.7992695125930469,0.8982996689513537
10,5632,81.49352470001031,69.10978535696208,4082.084737245971,0.0,-5.005747830501107,5.005747830501107,1.3393189042022726,0.37318947588606516,0.6332700244667061,0.08265252105710176,64.0,9.0,1.2790088785768234,2.8732641865060167,20.674828672506766,15.211476917112963,232.35633827621467,1174.9586777216082,0.7992695125930469,0.8982996689513537
11,6144,97.82907720000367,62.80341362557358,4483.832705000168,0.0,-5.059573434012954,5.059573434012954,1.3149247826056272,0.33827812118010925,0.7449298383271937,0.2655120872755598,81.0,9.0,0.7572654297969819,2.3019638455244915,19.676803241756478,15.16844471171687,268.34369866165343,2055.424277242716,0.769000994551253,0.794072699845428
12,6656,111.93212690000655,59.464607564779605,4726.979820623354,0.0,-5.230510611025781,5.230510611025781,1.3480588042342154,0.3882190885866063,0.845930349125557,0.15800872864617493,99.0,14.0,0.5439130160748316,2.520609476941198,18.717508155012467,10.467239577553809,342.3694827313902,1603.8956489286059,0.7750243772075707,0.7521971996378656
13,7168,124.1010624000046,57.759376603046185,4857.67015680018,2.359438909235475e-06,-5.230510611025781,5.230510611025781,1.3480588042342154,0.3882190885866063,0.845930349125557,0.15800872864617493,99.0,14.0,0.5439130160748316,2.520609476941198,18.717508155012467,10.467239577553809,342.3694827313902,1603.8956489286059,0.7750243772075707,0.7521971996378656
14,7680,135.57771250000224,56.6464786754672,4944.067249166748,2.0680636856582344e-06,-5.230510611025781,5.230510611025781,1.3480588042342154,0.3882190885866063,0.845930349125557,0.15800872864617493,99.0,14.0,0.5439130160748316,2.520609476941198,18.717508155012467,10.467239577553809,342.3694827313902,1603.8956489286059,0.7750243772075707,0.7521971996378656
15,8192,148.25890100000834,55.254692600207115,5059.3349966252845,1.7960020082943085e-06,-5.230510611025781,5.230510611025781,1.3480588042342154,0.3882190885866063,0.845930349125557,0.15800872864617493,99.0,14.0,0.5439130160748316,2.520609476941198,18.717508155012467,10.467239577553809,342.3694827313902,1603.8956489286059,0.7750243772075707,0.7521971996378656
16,8704,161.66907490001176,53.8383732657789,5182.92034238273,1.5491236594346796e-06,-5.230510611025781,5.230510611025781,1.3480588042342154,0.3882190885866063,0.845930349125557,0.15800872864617493,99.0,14.0,0.5439130160748316,2.520609476941198,18.717508155012467,10.467239577553809,342.3694827313902,1603.8956489286059,0.7750243772075707,0.7521971996378656
17,9216,174.47427440001047,52.821540778389085,5273.000292978094,1.1772348384377054e-06,-5.230510611025781,5.230510611025781,1.3480588042342154,0.3882190885866063,0.845930349125557,0.15800872864617493,99.0,14.0,0.5439130160748316,2.520609476941198,18.717508155012467,10.467239577553809,342.3694827313902,1603.8956489286059,0.7750243772075707,0.7521971996378656
18,9728,187.42731340001046,51.90278739811173,5356.475325063457,9.92923733108995e-07,-5.230510611025781,5.230510611025781,1.3480588042342154,0.3882190885866063,0.845930349125557,0.15800872864617493,99.0,14.0,0.5439130160748316,2.520609476941198,18.717508155012467,10.467239577553809,342.3694827313902,1603.8956489286059,0.7750243772075707,0.7521971996378656
19,10240,199.830692500007,51.24337944232286,5415.41176675019,7.674970806862935e-07,-5.248182619659584,5.248182619659584,1.5058893102555286,0.3726102771729761,0.894690188693174,0.23649743192802947,88.0,19.0,1.3909970172816855,1.910303718661372,16.80446848301416,7.731213354956157,340.6047832620728,1017.3799833019781,0.9494142975525613,0.8250302944724308
20,10752,209.08280420000665,51.42460204290515,5386.371289152553,7.67468803173349e-07,-5.248182619659584,5.248182619659584,1.5058893102555286,0.3726102771729761,0.894690188693174,0.23649743192802947,88.0,19.0,1.3909970172816855,1.910303718661372,16.80446848301416,7.731213354956157,340.6047832620728,1017.3799833019781,0.9494142975525613,0.8250302944724308
21,11264,218.44510360001004,51.56444257329411,5361.834361091155,6.259018043561088e-07,-5.248182619659584,5.248182619659584,1.5058893102555286,0.3726102771729761,0.894690188693174,0.23649743192802947,88.0,19.0,1.3909970172816855,1.910303718661372,16.80446848301416,7.731213354956157,340.6047832620728,1017.3799833019781,0.9494142975525613,0.8250302944724308
22,11776,227.11786860000575,51.84972927312731,5322.457877191439,6.258859362471274e-07,-5.248182619659584,5.248182619659584,1.5058893102555286,0.3726102771729761,0.894690188693174,0.23649743192802947,88.0,19.0,1.3909970172816855,1.910303718661372,16.80446848301416,7.731213354956157,340.6047832620728,1017.3799833019781,0.9494142975525613,0.8250302944724308
23,12288,236.1383277999994,52.03729574305909,5293.434181516653,4.4186251908552147e-07,-5.259394555341579,5.259394555341579,1.4925230625105275,0.3580783620526778,0.7255575399118346,0.2871513372718615,83.0,19.0,0.7860273390531809,1.1814937531847618,16.543189724262525,10.458298139387782,277.88060419020917,1032.930863200255,0.9499535693200609,0.8920826514932466
24,12800,247.48202710000623,51.72092757599559,5315.913942108134,4.418408510045685e-07,-5.259394555341579,5.259394555341579,1.4925230625105275,0.3580783620526778,0.7255575399118346,0.2871513372718615,83.0,19.0,0.7860273390531809,1.1814937531847618,16.543189724262525,10.458298139387782,277.88060419020917,1032.930863200255,0.9499535693200609,0.8920826514932466
25,13312,255.37977990000218,52.126288170553345,5264.752385630814,4.418258473838339e-07,-5.259394555341579,5.259394555341579,1.4925230625105275,0.3580783620526778,0.7255575399118346,0.2871513372718615,83.0,19.0,0.7860273390531809,1.1814937531847618,16.543189724262525,10.458298139387782,277.88060419020917,1032.930863200255,0.9499535693200609,0.8920826514932466
26,13824,267.47138899999845,51.68403264245986,5299.896041296266,1.2151347261079505e-05,-5.259394555341579,5.259394555341579,1.4925230625105275,0.3580783620526778,0.7255575399118346,0.2871513372718615,83.0,19.0,0.7860273390531809,1.1814937531847618,16.543189724262525,10.458298139387782,277.88060419020917,1032.930863200255,0.9499535693200609,0.8920826514932466
27,14336,279.78064260000247,51.240142515849215,5335.816541014333,1.3404556751331375e-05,-5.297904891149624,5.297904891149624,1.4924764532461834,0.37161480998297747,0.7544276839508587,0.21477264656039535,79.0,20.0,0.7203302526584614,2.4237196352642902,15.922756293607156,7.6806408573963045,395.7212547570181,2313.5618518940064,0.8663658106966179,0.9072985097384197
28,14848,289.4551419000054,51.29637671155747,5319.9858838863065,1.4050561106551638e-05,-5.367057958845735,5.367057958845735,1.3738745098898997,0.3925878026265396,0.8661690248208198,0.29368015474152137,76.0,18.0,0.8989628395157667,4.0871667183687705,17.0043214360228,13.064015587233062,322.2378963184652,2083.6540032003973,0.995735047482268,0.9759361629299999
29,15360,299.1316184000025,51.34863402992197,5304.600699626711,1.4472569136407107e-05,-5.367057958845735,5.367057958845735,1.3738745098898997,0.3925878026265396,0.8661690248208198,0.29368015474152137,76.0,18.0,0.8989628395157667,4.0871667183687705,17.0043214360228,13.064015587233062,322.2378963184652,2083.6540032003973,0.995735047482268,0.9759361629299999
30,15872,310.51247250000597,51.11549907226253,5318.778157983973,1.529708126177491e-05,-5.438825786031719,5.438825786031719,1.4943389925075978,0.38822934742170095,0.8468219536352108,0.28426905532701036,99.0,25.0,0.6486220569835011,4.1081929983081915,13.853021560171417,10.109524095530874,418.4077329604838,2097.6377570569753,0.8759509578779754,0.8578575107002678
31,16384,315.73580580001,51.89148553641641,5229.374283562665,1.6054432525588322e-05,-5.479047248841158,5.479047248841158,1.411298289861525,0.38064682160249225,0.8745215531319547,0.28691008721515343,94.0,19.0,0.7783504210646159,2.5173254926036996,13.516439593868103,9.563936006669866,458.1571994036132,2275.3184444399817,0.8524433873070536,0.7116884517680724
32,16896,324.52737930000876,52.063403822641796,5202.272231809231,1.7046578339644176e-05,-5.479047248841158,5.479047248841158,1.411298289861525,0.38064682160249225,0.8745215531319547,0.28691008721515343,94.0,19.0,0.7783504210646159,2.5173254926036996,13.516439593868103,9.563936006669866,458.1571994036132,2275.3184444399817,0.8524433873070536,0.7116884517680724
33,17408,332.4892866000009,52.35657418623109,5163.3630389647205,1.7617039723138425e-05,-5.479047248841158,5.479047248841158,1.411298289861525,0.38064682160249225,0.8745215531319547,0.28691008721515343,94.0,19.0,0.7783504210646159,2.5173254926036996,13.516439593868103,9.563936006669866,458.1571994036132,2275.3184444399817,0.8524433873070536,0.7116884517680724
34,17920,342.5392692000023,52.315169708430844,5157.662710525749,1.807221026501284e-05,-5.507190175413915,5.507190175413915,1.3455858652469792,0.38917278881366024,0.8538800012684642,0.13230706326035266,97.0,20.0,0.9212529195636878,3.531335152064516,17.208972415339062,13.599105768221303,340.9323235602431,1526.545798007361,0.8494078930604392,0.8264886211422107
35,18432,352.48532940000587,52.291538009183576,5150.202312900085,1.8600916134859108e-05,-5.507190175413915,5.507190175413915,1.3455858652469792,0.38917278881366024,0.8538800012684642,0.13230706326035266,97.0,20.0,0.9212529195636878,3.531335152064516,17.208972415339062,13.599105768221303,340.9323235602431,1526.545798007361,0.8494078930604392,0.8264886211422107
36,18944,360.7756057000079,52.50909346612618,5119.113324121734,1.9338911119041213e-05,-5.546927764856146,5.546927764856146,1.321731297428485,0.38378382429916436,0.8747734476374309,0.0890783424524541,105.0,23.0,1.0537568404486748,2.283661794677258,15.562140687559536,11.704167238832405,364.2141190620923,1374.545523443101,0.8377275004592696,0.7521303492316043
37,19456,367.1732594000059,52.98860824394688,5063.125998042187,2.065159412036404e-05,-5.644585191246534,5.644585191246534,1.4611778632183967,0.3975296044635849,0.8510421899287222,0.15662549859623623,100.0,26.0,0.8300985190581356,2.1201963945324867,20.098748728560032,15.197259285396212,253.82934548990244,1632.2435851522548,0.8337834849285801,0.82058550581337
38,19968,378.0767771000101,52.81466942551195,5070.106523674494,2.0823583187868257e-05,-5.768840504350658,5.768840504350658,1.491078127021298,0.39431180320880754,0.8675740594254187,0.1374834397150914,99.0,28.0,1.2211481963991575,3.3518674994690114,18.932001063362875,14.960269016586333,372.04717415396544,1153.4356536015853,0.6961348879771151,0.5931755027661435
39,20480,385.96476950000215,53.061837811080025,5036.840241975028,2.120358612856536e-05,-5.768840504350658,5.768840504350658,1.491078127021298,0.39431180320880754,0.8675740594254187,0.1374834397150914,99.0,28.0,1.2211481963991575,3.3518674994690114,18.932001063362875,14.960269016586333,372.04717415396544,1153.4356536015853,0.6961348879771151,0.5931755027661435
40,20992,395.01287330000196,53.142571847417045,5019.553829007342,2.1300608214667042e-05,-5.768840504350658,5.768840504350658,1.491078127021298,0.39431180320880754,0.8675740594254187,0.1374834397150914,99.0,28.0,1.2211481963991575,3.3518674994690114,18.932001063362875,14.960269016586333,372.04717415396544,1153.4356536015853,0.6961348879771151,0.5931755027661435
41,21504,400.66437589999987,53.67085594194951,4960.606558761903,2.148018885895693e-05,-5.768840504350658,5.768840504350658,1.491078127021298,0.39431180320880754,0.8675740594254187,0.1374834397150914,99.0,28.0,1.2211481963991575,3.3518674994690114,18.932001063362875,14.960269016586333,372.04717415396544,1153.4356536015853,0.6961348879771151,0.5931755027661435
42,22016,410.23058450000826,53.66737837656167,4951.387752453588,2.1696555875235277e-05,-5.768840504350658,5.768840504350658,1.491078127021298,0.39431180320880754,0.8675740594254187,0.1374834397150914,99.0,28.0,1.2211481963991575,3.3518674994690114,18.932001063362875,14.960269016586333,372.04717415396544,1153.4356536015853,0.6961348879771151,0.5931755027661435
43,22528,419.07864180000615,53.75602035751293,4933.698555736436,2.2150165798706514e-05,-5.768840504350658,5.768840504350658,1.491078127021298,0.39431180320880754,0.8675740594254187,0.1374834397150914,99.0,28.0,1.2211481963991575,3.3518674994690114,18.932001063362875,14.960269016586333,372.04717415396544,1153.4356536015853,0.6961348879771151,0.5931755027661435
44,23040,426.35604640000383,54.03934151876447,4898.357244195599,2.2361854872127827e-05,-5.768840504350658,5.768840504350658,1.491078127021298,0.39431180320880754,0.8675740594254187,0.1374834397150914,99.0,28.0,1.2211481963991575,3.3518674994690114,18.932001063362875,14.960269016586333,372.04717415396544,1153.4356536015853,0.6961348879771151,0.5931755027661435
45,23552,435.26892719999887,54.10907723532088,4882.581879026074,2.262682442078735e-05,-5.768840504350658,5.768840504350658,1.491078127021298,0.39431180320880754,0.8675740594254187,0.1374834397150914,99.0,28.0,1.2211481963991575,3.3518674994690114,18.932001063362875,14.960269016586333,372.04717415396544,1153.4356536015853,0.6961348879771151,0.5931755027661435
46,24064,442.567314800006,54.37364937551795,4849.407811106448,2.275257300050079e-05,-5.768840504350658,5.768840504350658,1.491078127021298,0.39431180320880754,0.8675740594254187,0.1374834397150914,99.0,28.0,1.2211481963991575,3.3518674994690114,18.932001063362875,14.960269016586333,372.04717415396544,1153.4356536015853,0.6961348879771151,0.5931755027661435
47,24576,453.0957439000049,54.24019168324776,4851.900257595886,2.2802649592656137e-05,-5.768840504350658,5.768840504350658,1.491078127021298,0.39431180320880754,0.8675740594254187,0.1374834397150914,99.0,28.0,1.2211481963991575,3.3518674994690114,18.932001063362875,14.960269016586333,372.04717415396544,1153.4356536015853,0.6961348879771151,0.5931755027661435
48,25088,462.6568835000071,54.22593047834685,4843.734310928646,2.341182404167174e-05,-5.768840504350658,5.768840504350658,1.491078127021298,0.39431180320880754,0.8675740594254187,0.1374834397150914,99.0,28.0,1.2211481963991575,3.3518674994690114,18.932001063362875,14.960269016586333,372.04717415396544,1153.4356536015853,0.6961348879771151,0.5931755027661435
49,25600,470.79477060001227,54.37613499269257,4820.938450944126,2.3805235850354773e-05,-5.768840504350658,5.768840504350658,1.491078127021298,0.39431180320880754,0.8675740594254187,0.1374834397150914,99.0,28.0,1.2211481963991575,3.3518674994690114,18.932001063362875,14.960269016586333,372.04717415396544,1153.4356536015853,0.6961348879771151,0.5931755027661435
50,26112,478.60127400000056,54.55898556592636,4795.397078705888,2.4432776870455518e-05,-5.768840504350658,5.768840504350658,1.491078127021298,0.39431180320880754,0.8675740594254187,0.1374834397150914,99.0,28.0,1.2211481963991575,3.3518674994690114,18.932001063362875,14.960269016586333,372.04717415396544,1153.4356536015853,0.6961348879771151,0.5931755027661435
51,26624,485.8490962000069,54.79890815530063,4765.058443500068,2.4780705844353736e-05,-5.768840504350658,5.768840504350658,1.491078127021298,0.39431180320880754,0.8675740594254187,0.1374834397150914,99.0,28.0,1.2211481963991575,3.3518674994690114,18.932001063362875,14.960269016586333,372.04717415396544,1153.4356536015853,0.6961348879771151,0.5931755027661435
52,27136,494.5744495000108,54.86737138854038,4749.7810338774625,2.5043839881994702e-05,-5.768840504350658,5.768840504350658,1.491078127021298,0.39431180320880754,0.8675740594254187,0.1374834397150914,99.0,28.0,1.2211481963991575,3.3518674994690114,18.932001063362875,14.960269016586333,372.04717415396544,1153.4356536015853,0.6961348879771151,0.5931755027661435
53,27648,502.4313708000118,55.028411056372974,4726.576599377889,2.5252083906184533e-05,-5.768840504350658,5.768840504350658,1.491078127021298,0.39431180320880754,0.8675740594254187,0.1374834397150914,99.0,28.0,1.2211481963991575,3.3518674994690114,18.932001063362875,14.960269016586333,372.04717415396544,1153.4356536015853,0.6961348879771151,0.5931755027661435
54,28160,509.6929175000114,55.24895291486833,4698.44198495465,2.5487810534046752e-05,-5.768840504350658,5.768840504350658,1.491078127021298,0.39431180320880754,0.8675740594254187,0.1374834397150914,99.0,28.0,1.2211481963991575,3.3518674994690114,18.932001063362875,14.960269016586333,372.04717415396544,1153.4356536015853,0.6961348879771151,0.5931755027661435
55,28672,519.7039401000075,55.16987228244335,4695.896315903638,2.6028092977115853e-05,-5.768840504350658,5.768840504350658,1.491078127021298,0.39431180320880754,0.8675740594254187,0.1374834397150914,99.0,28.0,1.2211481963991575,3.3518674994690114,18.932001063362875,14.960269016586333,372.04717415396544,1153.4356536015853,0.6961348879771151,0.5931755027661435
56,29184,527.6931104000105,55.30487214031935,4675.175802666759,2.6185353585320237e-05,-5.768840504350658,5.768840504350658,1.491078127021298,0.39431180320880754,0.8675740594254187,0.1374834397150914,99.0,28.0,1.2211481963991575,3.3518674994690114,18.932001063362875,14.960269016586333,372.04717415396544,1153.4356536015853,0.6961348879771151,0.5931755027661435
57,29696,536.52962880001,55.34829468116682,4662.257464055259,2.6546333779726524e-05,-5.768840504350658,5.768840504350658,1.491078127021298,0.39431180320880754,0.8675740594254187,0.1374834397150914,99.0,28.0,1.2211481963991575,3.3518674994690114,18.932001063362875,14.960269016586333,372.04717415396544,1153.4356536015853,0.6961348879771151,0.5931755027661435
58,30208,542.7601310000027,55.656261900341846,4627.260099881379,2.6954101493093657e-05,-5.768840504350658,5.768840504350658,1.491078127021298,0.39431180320880754,0.8675740594254187,0.1374834397150914,99.0,28.0,1.2211481963991575,3.3518674994690114,18.932001063362875,14.960269016586333,372.04717415396544,1153.4356536015853,0.6961348879771151,0.5931755027661435
59,30720,550.5900188000087,55.79469106060648,4606.603157293406,2.7204840358990256e-05,-5.768840504350658,5.768840504350658,1.491078127021298,0.39431180320880754,0.8675740594254187,0.1374834397150914,99.0,28.0,1.2211481963991575,3.3518674994690114,18.932001063362875,14.960269016586333,372.04717415396544,1153.4356536015853,0.6961348879771151,0.5931755027661435
60,31232,558.3132724000025,55.93992037076972,4585.490974957397,2.7395714508796765e-05,-5.768840504350658,5.768840504350658,1.491078127021298,0.39431180320880754,0.8675740594254187,0.1374834397150914,99.0,28.0,1.2211481963991575,3.3518674994690114,18.932001063362875,14.960269016586333,372.04717415396544,1153.4356536015853,0.6961348879771151,0.5931755027661435
61,31744,566.5556480000087,56.02980062427957,4568.997161290393,2.753212621150495e-05,-5.768840504350658,5.768840504350658,1.491078127021298,0.39431180320880754,0.8675740594254187,0.1374834397150914,99.0,28.0,1.2211481963991575,3.3518674994690114,18.932001063362875,14.960269016586333,372.04717415396544,1153.4356536015853,0.6961348879771151,0.5931755027661435
62,32256,574.7212805000017,56.12459655563407,4552.157443960331,2.8174319289774123e-05,-5.768840504350658,5.768840504350658,1.491078127021298,0.39431180320880754,0.8675740594254187,0.1374834397150914,99.0,28.0,1.2211481963991575,3.3518674994690114,18.932001063362875,14.960269016586333,372.04717415396544,1153.4356536015853,0.6961348879771151,0.5931755027661435
63,32768,582.9917502000026,56.20662726146387,4536.40455624377,2.8334489559785367e-05,-5.768840504350658,5.768840504350658,1.491078127021298,0.39431180320880754,0.8675740594254187,0.1374834397150914,99.0,28.0,1.2211481963991575,3.3518674994690114,18.932001063362875,14.960269016586333,372.04717415396544,1153.4356536015853,0.6961348879771151,0.5931755027661435
64,33280,590.9862648999988,56.31264544808217,4518.771902389221,2.9113711714857754e-05,-5.768840504350658,5.768840504350658,1.491078127021298,0.39431180320880754,0.8675740594254187,0.1374834397150914,99.0,28.0,1.2211481963991575,3.3518674994690114,18.932001063362875,14.960269016586333,372.04717415396544,1153.4356536015853,0.6961348879771151,0.5931755027661435
65,33792,599.3557206000114,56.38054136894036,4504.249051781904,3.0105698640615975e-05,-5.768840504350658,5.768840504350658,1.491078127021298,0.39431180320880754,0.8675740594254187,0.1374834397150914,99.0,28.0,1.2211481963991575,3.3518674994690114,18.932001063362875,14.960269016586333,372.04717415396544,1153.4356536015853,0.6961348879771151,0.5931755027661435
66,34304,609.6062272999989,56.27239103500553,4503.807201694021,3.052922939348496e-05,-5.768840504350658,5.768840504350658,1.491078127021298,0.39431180320880754,0.8675740594254187,0.1374834397150914,99.0,28.0,1.2211481963991575,3.3518674994690114,18.932001063362875,14.960269016586333,372.04717415396544,1153.4356536015853,0.6961348879771151,0.5931755027661435
67,34816,618.344170100012,56.30521266881,4492.0885298442045,3.065799636927733e-05,-5.768840504350658,5.768840504350658,1.491078127021298,0.39431180320880754,0.8675740594254187,0.1374834397150914,99.0,28.0,1.2211481963991575,3.3518674994690114,18.932001063362875,14.960269016586333,372.04717415396544,1153.4356536015853,0.6961348879771151,0.5931755027661435
68,35328,627.6712526000047,56.28424092016436,4484.665616402932,3.071382739880812e-05,-5.768840504350658,5.768840504350658,1.491078127021298,0.39431180320880754,0.8675740594254187,0.1374834397150914,99.0,28.0,1.2211481963991575,3.3518674994690114,18.932001063362875,14.960269016586333,372.04717415396544,1153.4356536015853,0.6961348879771151,0.5931755027661435
69,35840,636.5606336000055,56.30257057730767,4474.111881874324,3.141369612662379e-05,-5.768840504350658,5.768840504350658,1.491078127021298,0.39431180320880754,0.8675740594254187,0.1374834397150914,99.0,28.0,1.2211481963991575,3.3518674994690114,18.932001063362875,14.960269016586333,372.04717415396544,1153.4356536015853,0.6961348879771151,0.5931755027661435
70,36352,646.777774800008,56.20477607048341,4472.7871468563935,3.182287783372247e-05,-5.768840504350658,5.768840504350658,1.491078127021298,0.39431180320880754,0.8675740594254187,0.1374834397150914,99.0,28.0,1.2211481963991575,3.3518674994690114,18.932001063362875,14.960269016586333,372.04717415396544,1153.4356536015853,0.6961348879771151,0.5931755027661435
71,36864,656.8605628000078,56.12149988554552,4470.301052388942,3.2542048185961787e-05,-5.768840504350658,5.768840504350658,1.491078127021298,0.39431180320880754,0.8675740594254187,0.1374834397150914,99.0,28.0,1.2211481963991575,3.3518674994690114,18.932001063362875,14.960269016586333,372.04717415396544,1153.4356536015853,0.6961348879771151,0.5931755027661435
72,37376,665.3825307000079,56.17219911180869,4457.151472771286,3.278495446786335e-05,-5.768840504350658,5.768840504350658,1.491078127021298,0.39431180320880754,0.8675740594254187,0.1374834397150914,99.0,28.0,1.2211481963991575,3.3518674994690114,18.932001063362875,14.960269016586333,372.04717415396544,1153.4356536015853,0.6961348879771151,0.5931755027661435
73,37888,674.9872934000014,56.13142702161558,4451.267556475685,3.312413944746598e-05,-5.768840504350658,5.768840504350658,1.491078127021298,0.39431180320880754,0.8675740594254187,0.1374834397150914,99.0,28.0,1.2211481963991575,3.3518674994690114,18.932001063362875,14.960269016586333,372.04717415396544,1153.4356536015853,0.6961348879771151,0.5931755027661435
74,38400,685.3344480000087,56.03103727247563,4450.105015680057,3.442918113553148e-05,-5.768840504350658,5.768840504350658,1.491078127021298,0.39431180320880754,0.8675740594254187,0.1374834397150914,99.0,28.0,1.2211481963991575,3.3518674994690114,18.932001063362875,14.960269016586333,372.04717415396544,1153.4356536015853,0.6961348879771151,0.5931755027661435
75,38912,694.6126667000062,56.01970978281276,4441.865210739514,3.462261441750449e-05,-5.768840504350658,5.768840504350658,1.491078127021298,0.39431180320880754,0.8675740594254187,0.1374834397150914,99.0,28.0,1.2211481963991575,3.3518674994690114,18.932001063362875,14.960269016586333,372.04717415396544,1153.4356536015853,0.6961348879771151,0.5931755027661435
76,39424,705.0412505999993,55.9172955716416,4440.844240792204,3.532363973174198e-05,-5.768840504350658,5.768840504350658,1.491078127021298,0.39431180320880754,0.8675740594254187,0.1374834397150914,99.0,28.0,1.2211481963991575,3.3518674994690114,18.932001063362875,14.960269016586333,372.04717415396544,1153.4356536015853,0.6961348879771151,0.5931755027661435
77,39936,715.848318400007,55.78835484207182,4441.930591097479,3.6626061158944206e-05,-5.768840504350658,5.768840504350658,1.491078127021298,0.39431180320880754,0.8675740594254187,0.1374834397150914,99.0,28.0,1.2211481963991575,3.3518674994690114,18.932001063362875,14.960269016586333,372.04717415396544,1153.4356536015853,0.6961348879771151,0.5931755027661435
78,40448,725.4997016000125,55.75191817556401,4435.650074339317,3.670951585553166e-05,-5.768840504350658,5.768840504350658,1.491078127021298,0.39431180320880754,0.8675740594254187,0.1374834397150914,99.0,28.0,1.2211481963991575,3.3518674994690114,18.932001063362875,14.960269016586333,372.04717415396544,1153.4356536015853,0.6961348879771151,0.5931755027661435
79,40960,735.0070292000019,55.727358205787205,4428.417350930012,3.784936313866983e-05,-5.768840504350658,5.768840504350658,1.491078127021298,0.39431180320880754,0.8675740594254187,0.1374834397150914,99.0,28.0,1.2211481963991575,3.3518674994690114,18.932001063362875,14.960269016586333,372.04717415396544,1153.4356536015853,0.6961348879771151,0.5931755027661435
80,41472,746.8502551999991,55.52920376105945,4434.9996635950565,3.963657573383311e-05,-5.768840504350658,5.768840504350658,1.491078127021298,0.39431180320880754,0.8675740594254187,0.1374834397150914,99.0,28.0,1.2211481963991575,3.3518674994690114,18.932001063362875,14.960269016586333,372.04717415396544,1153.4356536015853,0.6961348879771151,0.5931755027661435
81,41984,754.9469283000071,55.61185617979764,4419.201531512237,3.997223254442283e-05,-5.768840504350658,5.768840504350658,1.491078127021298,0.39431180320880754,0.8675740594254187,0.1374834397150914,99.0,28.0,1.2211481963991575,3.3518674994690114,18.932001063362875,14.960269016586333,372.04717415396544,1153.4356536015853,0.6961348879771151,0.5931755027661435
82,42496,764.6888231000048,55.57293204276694,4413.083689938582,4.137002040804555e-05,-5.768840504350658,5.768840504350658,1.491078127021298,0.39431180320880754,0.8675740594254187,0.1374834397150914,99.0,28.0,1.2211481963991575,3.3518674994690114,18.932001063362875,14.960269016586333,372.04717415396544,1153.4356536015853,0.6961348879771151,0.5931755027661435
83,43008,774.4026343000005,55.53700116074098,4406.719752326194,4.202808232855514e-05,-5.768840504350658,5.768840504350658,1.491078127021298,0.39431180320880754,0.8675740594254187,0.1374834397150914,99.0,28.0,1.2211481963991575,3.3518674994690114,18.932001063362875,14.960269016586333,372.04717415396544,1153.4356536015853,0.6961348879771151,0.5931755027661435
84,43520,785.779104900008,55.38452184413584,4409.607447497692,4.3119320988035046e-05,-5.768840504350658,5.768840504350658,1.491078127021298,0.39431180320880754,0.8675740594254187,0.1374834397150914,99.0,28.0,1.2211481963991575,3.3518674994690114,18.932001063362875,14.960269016586333,372.04717415396544,1153.4356536015853,0.6961348879771151,0.5931755027661435
85,44032,795.5310537000041,55.34919070124009,4403.1718786186275,4.3669750907987135e-05,-5.768840504350658,5.768840504350658,1.491078127021298,0.39431180320880754,0.8675740594254187,0.1374834397150914,99.0,28.0,1.2211481963991575,3.3518674994690114,18.932001063362875,14.960269016586333,372.04717415396544,1153.4356536015853,0.6961348879771151,0.5931755027661435
86,44544,804.4838296000089,55.36966482240839,4392.296770804646,4.4138837904766116e-05,-5.768840504350658,5.768840504350658,1.491078127021298,0.39431180320880754,0.8675740594254187,0.1374834397150914,99.0,28.0,1.2211481963991575,3.3518674994690114,18.932001063362875,14.960269016586333,372.04717415396544,1153.4356536015853,0.6961348879771151,0.5931755027661435
87,45056,812.3705132000032,55.46237741017976,4375.722991554563,4.4827228597725855e-05,-5.768840504350658,5.768840504350658,1.491078127021298,0.39431180320880754,0.8675740594254187,0.1374834397150914,99.0,28.0,1.2211481963991575,3.3518674994690114,18.932001063362875,14.960269016586333,372.04717415396544,1153.4356536015853,0.6961348879771151,0.5931755027661435
88,45568,819.8685152000107,55.579643754076194,4357.278738085451,4.61361935319668e-05,-5.768840504350658,5.768840504350658,1.491078127021298,0.39431180320880754,0.8675740594254187,0.1374834397150914,99.0,28.0,1.2211481963991575,3.3518674994690114,18.932001063362875,14.960269016586333,372.04717415396544,1153.4356536015853,0.6961348879771151,0.5931755027661435
89,46080,830.7324081000115,55.469125257061656,4356.729962480061,4.611351103077957e-05,-5.768840504350658,5.768840504350658,1.491078127021298,0.39431180320880754,0.8675740594254187,0.1374834397150914,99.0,28.0,1.2211481963991575,3.3518674994690114,18.932001063362875,14.960269016586333,372.04717415396544,1153.4356536015853,0.6961348879771151,0.5931755027661435
90,46592,841.2826058000064,55.382103087337654,4354.330849800033,4.791402501353767e-05,-5.768840504350658,5.768840504350658,1.491078127021298,0.39431180320880754,0.8675740594254187,0.1374834397150914,99.0,28.0,1.2211481963991575,3.3518674994690114,18.932001063362875,14.960269016586333,372.04717415396544,1153.4356536015853,0.6961348879771151,0.5931755027661435
91,47104,851.6202116000059,55.31104048305994,4350.668472304378,4.95491419687091e-05,-5.768840504350658,5.768840504350658,1.491078127021298,0.39431180320880754,0.8675740594254187,0.1374834397150914,99.0,28.0,1.2211481963991575,3.3518674994690114,18.932001063362875,14.960269016586333,372.04717415396544,1153.4356536015853,0.6961348879771151,0.5931755027661435
92,47616,862.5247011000029,55.205375497390314,4349.721342106466,4.9753089961897675e-05,-5.768840504350658,5.768840504350658,1.491078127021298,0.39431180320880754,0.8675740594254187,0.1374834397150914,99.0,28.0,1.2211481963991575,3.3518674994690114,18.932001063362875,14.960269016586333,372.04717415396544,1153.4356536015853,0.6961348879771151,0.5931755027661435
93,48128,871.3881742000085,55.2314128478788,4338.400697080893,4.996426337088156e-05,-5.768840504350658,5.768840504350658,1.491078127021298,0.39431180320880754,0.8675740594254187,0.1374834397150914,99.0,28.0,1.2211481963991575,3.3518674994690114,18.932001063362875,14.960269016586333,372.04717415396544,1153.4356536015853,0.6961348879771151,0.5931755027661435
94,48640,880.7847120000079,55.223483488436806,4329.752215831618,5.033655560132512e-05,-5.768840504350658,5.768840504350658,1.491078127021298,0.39431180320880754,0.8675740594254187,0.1374834397150914,99.0,28.0,1.2211481963991575,3.3518674994690114,18.932001063362875,14.960269016586333,372.04717415396544,1153.4356536015853,0.6961348879771151,0.5931755027661435
95,49152,890.9375685999985,55.16884878615734,4324.759447579159,5.099605565818803e-05,-5.768840504350658,5.768840504350658,1.491078127021298,0.39431180320880754,0.8675740594254187,0.1374834397150914,99.0,28.0,1.2211481963991575,3.3518674994690114,18.932001063362875,14.960269016586333,372.04717415396544,1153.4356536015853,0.6961348879771151,0.5931755027661435
96,49664,901.0375644000014,55.118678690239875,4319.406880886605,5.102640280029767e-05,-5.768840504350658,5.768840504350658,1.491078127021298,0.39431180320880754,0.8675740594254187,0.1374834397150914,99.0,28.0,1.2211481963991575,3.3518674994690114,18.932001063362875,14.960269016586333,372.04717415396544,1153.4356536015853,0.6961348879771151,0.5931755027661435
97,50176,908.9301673000009,55.20336083579338,4303.5060982367395,5.1928874223517174e-05,-5.768840504350658,5.768840504350658,1.491078127021298,0.39431180320880754,0.8675740594254187,0.1374834397150914,99.0,28.0,1.2211481963991575,3.3518674994690114,18.932001063362875,14.960269016586333,372.04717415396544,1153.4356536015853,0.6961348879771151,0.5931755027661435
98,50688,919.3668260999984,55.13359690714653,4299.665055396963,5.310894756316264e-05,-5.768840504350658,5.768840504350658,1.491078127021298,0.39431180320880754,0.8675740594254187,0.1374834397150914,99.0,28.0,1.2211481963991575,3.3518674994690114,18.932001063362875,14.960269016586333,372.04717415396544,1153.4356536015853,0.6961348879771151,0.5931755027661435
99,51200,930.7999390000041,55.00644967274732,4300.295718180018,5.490290682911871e-05,-5.790301641840084,5.790301641840084,1.4436137105678932,0.37473238255323693,0.8898974670488128,0.14412760556506488,103.0,28.0,1.216496650904109,3.868436701561798,18.931630383772752,14.607674243615367,328.38689577199966,1141.5249582752353,0.8754101764372954,0.8344180435826488
100,51712,940.9358202000003,54.95805228140679,4294.766466457427,5.6421466951409404e-05,-5.790301641840084,5.790301641840084,1.4436137105678932,0.37473238255323693,0.8898974670488128,0.14412760556506488,103.0,28.0,1.216496650904109,3.868436701561798,18.931630383772752,14.607674243615367,328.38689577199966,1141.5249582752353,0.8754101764372954,0.8344180435826488
101,52224,950.1708151000057,54.96274898161696,4285.0840680980655,5.8589170051238435e-05,-5.920945841553715,5.920945841553715,1.5068680610895102,0.3353506947433517,0.8642103218267772,0.17287180072548616,98.0,29.0,1.2496523147325627,3.7446349863099155,15.824303108617613,11.36106143492568,421.85226504869144,1015.0258176494674,0.8956565272150814,0.823211753548758
102,52736,958.5588255000039,55.015924528671285,4271.635931111668,5.957485610079171e-05,-5.920945841553715,5.920945841553715,1.5068680610895102,0.3353506947433517,0.8642103218267772,0.17287180072548616,98.0,29.0,1.2496523147325627,3.7446349863099155,15.824303108617613,11.36106143492568,421.85226504869144,1015.0258176494674,0.8956565272150814,0.823211753548758
103,53248,965.4725489999983,55.152267203404556,4251.792571557685,6.000751786414806e-05,-5.920945841553715,5.920945841553715,1.5068680610895102,0.3353506947433517,0.8642103218267772,0.17287180072548616,98.0,29.0,1.2496523147325627,3.7446349863099155,15.824303108617613,11.36106143492568,421.85226504869144,1015.0258176494674,0.8956565272150814,0.823211753548758
104,53760,971.6575103000068,55.32813715750643,4229.023640067649,6.11861695147261e-05,-5.920945841553715,5.920945841553715,1.5068680610895102,0.3353506947433517,0.8642103218267772,0.17287180072548616,98.0,29.0,1.2496523147325627,3.7446349863099155,15.824303108617613,11.36106143492568,421.85226504869144,1015.0258176494674,0.8956565272150814,0.823211753548758
105,54272,978.9274804000015,55.44026609389269,4211.235198701893,6.117683830452732e-05,-5.920945841553715,5.920945841553715,1.5068680610895102,0.3353506947433517,0.8642103218267772,0.17287180072548616,98.0,29.0,1.2496523147325627,3.7446349863099155,15.824303108617613,11.36106143492568,421.85226504869144,1015.0258176494674,0.8956565272150814,0.823211753548758
106,54784,986.0808070000057,55.55731296167463,4193.147356869184,6.138932955341066e-05,-5.920945841553715,5.920945841553715,1.5068680610895102,0.3353506947433517,0.8642103218267772,0.17287180072548616,98.0,29.0,1.2496523147325627,3.7446349863099155,15.824303108617613,11.36106143492568,421.85226504869144,1015.0258176494674,0.8956565272150814,0.823211753548758
107,55296,993.4950085000019,55.65805517582517,4176.3586468426,6.185489358391729e-05,-5.920945841553715,5.920945841553715,1.5068680610895102,0.3353506947433517,0.8642103218267772,0.17287180072548616,98.0,29.0,1.2496523147325627,3.7446349863099155,15.824303108617613,11.36106143492568,421.85226504869144,1015.0258176494674,0.8956565272150814,0.823211753548758
108,55808,1000.1817719000101,55.797857517422564,4156.7187400982075,6.321212303238825e-05,-5.920945841553715,5.920945841553715,1.5068680610895102,0.3353506947433517,0.8642103218267772,0.17287180072548616,98.0,29.0,1.2496523147325627,3.7446349863099155,15.824303108617613,11.36106143492568,421.85226504869144,1015.0258176494674,0.8956565272150814,0.823211753548758
109,56320,1007.7027516000089,55.88949708689026,4140.742215665491,6.404149927065052e-05,-5.920945841553715,5.920945841553715,1.5068680610895102,0.3353506947433517,0.8642103218267772,0.17287180072548616,98.0,29.0,1.2496523147325627,3.7446349863099155,15.824303108617613,11.36106143492568,421.85226504869144,1015.0258176494674,0.8956565272150814,0.823211753548758
110,56832,1015.1650758000033,55.98301335889969,4124.679722394608,6.43481398692424e-05,-5.920945841553715,5.920945841553715,1.5068680610895102,0.3353506947433517,0.8642103218267772,0.17287180072548616,98.0,29.0,1.2496523147325627,3.7446349863099155,15.824303108617613,11.36106143492568,421.85226504869144,1015.0258176494674,0.8956565272150814,0.823211753548758
111,57344,1022.4684764999984,56.08388064568374,4108.132271651779,6.601506411888121e-05,-5.920945841553715,5.920945841553715,1.5068680610895102,0.3353506947433517,0.8642103218267772,0.17287180072548616,98.0,29.0,1.2496523147325627,3.7446349863099155,15.824303108617613,11.36106143492568,421.85226504869144,1015.0258176494674,0.8956565272150814,0.823211753548758
112,57856,1028.90374590001,56.23072151359677,4088.2989549478275,6.603399798234188e-05,-5.920945841553715,5.920945841553715,1.5068680610895102,0.3353506947433517,0.8642103218267772,0.17287180072548616,98.0,29.0,1.2496523147325627,3.7446349863099155,15.824303108617613,11.36106143492568,421.85226504869144,1015.0258176494674,0.8956565272150814,0.823211753548758
113,58368,1038.0814323000086,56.22680281514897,4079.4779093895077,6.66840019284981e-05,-5.920945841553715,5.920945841553715,1.5068680610895102,0.3353506947433517,0.8642103218267772,0.17287180072548616,98.0,29.0,1.2496523147325627,3.7446349863099155,15.824303108617613,11.36106143492568,421.85226504869144,1015.0258176494674,0.8956565272150814,0.823211753548758
114,58880,1046.5958616999997,56.25858285390163,4068.072610259999,6.76436453053297e-05,-5.920945841553715,5.920945841553715,1.5068680610895102,0.3353506947433517,0.8642103218267772,0.17287180072548616,98.0,29.0,1.2496523147325627,3.7446349863099155,15.824303108617613,11.36106143492568,421.85226504869144,1015.0258176494674,0.8956565272150814,0.823211753548758
115,59392,1054.5418199999986,56.32019411046219,4054.5314803448223,6.866797139878599e-05,-5.920945841553715,5.920945841553715,1.5068680610895102,0.3353506947433517,0.8642103218267772,0.17287180072548616,98.0,29.0,1.2496523147325627,3.7446349863099155,15.824303108617613,11.36106143492568,421.85226504869144,1015.0258176494674,0.8956565272150814,0.823211753548758
116,59904,1061.4036522000097,56.43847171227913,4036.962608794908,6.885741739628717e-05,-5.920945841553715,5.920945841553715,1.5068680610895102,0.3353506947433517,0.8642103218267772,0.17287180072548616,98.0,29.0,1.2496523147325627,3.7446349863099155,15.824303108617613,11.36106143492568,421.85226504869144,1015.0258176494674,0.8956565272150814,0.823211753548758
117,60416,1069.6221774000005,56.483496019928324,4024.6800573355954,6.981795252471763e-05,-5.934041000535689,5.934041000535689,1.5002172337140287,0.379636420653906,0.898079755664124,0.13932435940697693,112.0,31.0,1.0438476395586267,3.4380248515643195,12.547044117314233,8.715010075624777,483.589763336697,1074.0569112286043,0.971888397739447,0.8991926440188893
118,60928,1073.3305969000066,56.765362113008095,3995.6760876193525,6.976917029596959e-05,-5.934041000535689,5.934041000535689,1.5002172337140287,0.379636420653906,0.898079755664124,0.13932435940697693,112.0,31.0,1.0438476395586267,3.4380248515643195,12.547044117314233,8.715010075624777,483.589763336697,1074.0569112286043,0.971888397739447,0.8991926440188893
119,61440,1077.5422328999994,57.01864680945819,3968.9472245149973,7.030548389144454e-05,-5.934041000535689,5.934041000535689,1.5002172337140287,0.379636420653906,0.898079755664124,0.13932435940697693,112.0,31.0,1.0438476395586267,3.4380248515643195,12.547044117314233,8.715010075624777,483.589763336697,1074.0569112286043,0.971888397739447,0.8991926440188893
120,61952,1081.0192194999981,57.30887932654384,3939.913023136357,7.066477608791445e-05,-5.934041000535689,5.934041000535689,1.5002172337140287,0.379636420653906,0.898079755664124,0.13932435940697693,112.0,31.0,1.0438476395586267,3.4380248515643195,12.547044117314233,8.715010075624777,483.589763336697,1074.0569112286043,0.971888397739447,0.8991926440188893
121,62464,1085.7390887000074,57.53131728433052,3915.7803199016657,7.06561243635585e-05,-5.934041000535689,5.934041000535689,1.5002172337140287,0.379636420653906,0.898079755664124,0.13932435940697693,112.0,31.0,1.0438476395586267,3.4380248515643195,12.547044117314233,8.715010075624777,483.589763336697,1074.0569112286043,0.971888397739447,0.8991926440188893
122,62976,1089.8871014000033,57.7821316713491,3889.922256216272,7.056542944195887e-05,-5.934041000535689,5.934041000535689,1.5002172337140287,0.379636420653906,0.898079755664124,0.13932435940697693,112.0,31.0,1.0438476395586267,3.4380248515643195,12.547044117314233,8.715010075624777,483.589763336697,1074.0569112286043,0.971888397739447,0.8991926440188893
123,63488,1094.7585919999983,57.9926939728463,3866.9698652903166,7.202500022229818e-05,-5.934041000535689,5.934041000535689,1.5002172337140287,0.379636420653906,0.898079755664124,0.13932435940697693,112.0,31.0,1.0438476395586267,3.4380248515643195,12.547044117314233,8.715010075624777,483.589763336697,1074.0569112286043,0.971888397739447,0.8991926440188893
124,64000,1097.8272961000039,58.296965494807736,3838.0042271656134,7.189446320098899e-05,-5.934041000535689,5.934041000535689,1.5002172337140287,0.379636420653906,0.898079755664124,0.13932435940697693,112.0,31.0,1.0438476395586267,3.4380248515643195,12.547044117314233,8.715010075624777,483.589763336697,1074.0569112286043,0.971888397739447,0.8991926440188893
125,64512,1101.5575616999995,58.56434765010431,3811.7388642952365,7.703758221380608e-05,-5.934041000535689,5.934041000535689,1.5002172337140287,0.379636420653906,0.898079755664124,0.13932435940697693,112.0,31.0,1.0438476395586267,3.4380248515643195,12.547044117314233,8.715010075624777,483.589763336697,1074.0569112286043,0.971888397739447,0.8991926440188893
126,65024,1105.8899984000018,58.79789137624585,3787.890939401581,7.831204439488304e-05,-5.934041000535689,5.934041000535689,1.5002172337140287,0.379636420653906,0.898079755664124,0.13932435940697693,112.0,31.0,1.0438476395586267,3.4380248515643195,12.547044117314233,8.715010075624777,483.589763336697,1074.0569112286043,0.971888397739447,0.8991926440188893
127,65536,1109.2710584000015,59.08023967967603,3761.1221823875053,7.829937251845383e-05,-5.934041000535689,5.934041000535689,1.5002172337140287,0.379636420653906,0.898079755664124,0.13932435940697693,112.0,31.0,1.0438476395586267,3.4380248515643195,12.547044117314233,8.715010075624777,483.589763336697,1074.0569112286043,0.971888397739447,0.8991926440188893
128,66048,1113.2211420000094,59.3305296747584,3736.626003767474,7.827321548124926e-05,-5.934041000535689,5.934041000535689,1.5002172337140287,0.379636420653906,0.898079755664124,0.13932435940697693,112.0,31.0,1.0438476395586267,3.4380248515643195,12.547044117314233,8.715010075624777,483.589763336697,1074.0569112286043,0.971888397739447,0.8991926440188893
129,66560,1116.7497202000086,59.60153720753042,3711.0452240492596,7.813812253641185e-05,-5.934041000535689,5.934041000535689,1.5002172337140287,0.379636420653906,0.898079755664124,0.13932435940697693,112.0,31.0,1.0438476395586267,3.4380248515643195,12.547044117314233,8.715010075624777,483.589763336697,1074.0569112286043,0.971888397739447,0.8991926440188893
130,67072,1120.5854150000087,59.8544288567235,3686.8115562214025,7.815354607814957e-05,-5.934041000535689,5.934041000535689,1.5002172337140287,0.379636420653906,0.898079755664124,0.13932435940697693,112.0,31.0,1.0438476395586267,3.4380248515643195,12.547044117314233,8.715010075624777,483.589763336697,1074.0569112286043,0.971888397739447,0.8991926440188893
131,67584,1125.2940641000023,60.0589678343793,3665.7306633560684,7.797715672039278e-05,-5.934041000535689,5.934041000535689,1.5002172337140287,0.379636420653906,0.898079755664124,0.13932435940697693,112.0,31.0,1.0438476395586267,3.4380248515643195,12.547044117314233,8.715010075624777,483.589763336697,1074.0569112286043,0.971888397739447,0.8991926440188893
132,68096,1129.8946199000056,60.267567258640824,3644.5473077977626,7.815340974510543e-05,-5.934041000535689,5.934041000535689,1.5002172337140287,0.379636420653906,0.898079755664124,0.13932435940697693,112.0,31.0,1.0438476395586267,3.4380248515643195,12.547044117314233,8.715010075624777,483.589763336697,1074.0569112286043,0.971888397739447,0.8991926440188893
133,68608,1133.9139731000032,60.50547186788152,3621.7550782597114,7.883462442150915e-05,-5.934041000535689,5.934041000535689,1.5002172337140287,0.379636420653906,0.898079755664124,0.13932435940697693,112.0,31.0,1.0438476395586267,3.4380248515643195,12.547044117314233,8.715010075624777,483.589763336697,1074.0569112286043,0.971888397739447,0.8991926440188893
134,69120,1138.41650810001,60.71591505235604,3600.7692515459576,7.914907101378137e-05,-5.934041000535689,5.934041000535689,1.5002172337140287,0.379636420653906,0.898079755664124,0.13932435940697693,112.0,31.0,1.0438476395586267,3.4380248515643195,12.547044117314233,8.715010075624777,483.589763336697,1074.0569112286043,0.971888397739447,0.8991926440188893
135,69632,1143.3624675000028,60.901072039081804,3581.414787904421,7.969840422263492e-05,-5.934041000535689,5.934041000535689,1.5002172337140287,0.379636420653906,0.898079755664124,0.13932435940697693,112.0,31.0,1.0438476395586267,3.4380248515643195,12.547044117314233,8.715010075624777,483.589763336697,1074.0569112286043,0.971888397739447,0.8991926440188893
136,70144,1147.5203989000001,61.12658220911736,3559.826054981752,7.960698104003343e-05,-5.934041000535689,5.934041000535689,1.5002172337140287,0.379636420653906,0.898079755664124,0.13932435940697693,112.0,31.0,1.0438476395586267,3.4380248515643195,12.547044117314233,8.715010075624777,483.589763336697,1074.0569112286043,0.971888397739447,0.8991926440188893
137,70656,1151.4000368999987,61.36529245754802,3537.6348959826046,8.082811565713856e-05,-5.934041000535689,5.934041000535689,1.5002172337140287,0.379636420653906,0.898079755664124,0.13932435940697693,112.0,31.0,1.0438476395586267,3.4380248515643195,12.547044117314233,8.715010075624777,483.589763336697,1074.0569112286043,0.971888397739447,0.8991926440188893
138,71168,1156.2003484000015,61.553345921825105,3518.5089739079185,8.073636496832787e-05,-5.934041000535689,5.934041000535689,1.5002172337140287,0.379636420653906,0.898079755664124,0.13932435940697693,112.0,31.0,1.0438476395586267,3.4380248515643195,12.547044117314233,8.715010075624777,483.589763336697,1074.0569112286043,0.971888397739447,0.8991926440188893
139,71680,1160.6759616000054,61.75711600091061,3498.6089699657305,8.152841678750918e-05,-5.934041000535689,5.934041000535689,1.5002172337140287,0.379636420653906,0.898079755664124,0.13932435940697693,112.0,31.0,1.0438476395586267,3.4380248515643195,12.547044117314233,8.715010075624777,483.589763336697,1074.0569112286043,0.971888397739447,0.8991926440188893
140,72192,1164.6697506000055,61.98495321339692,3477.4891134936333,8.231324156632845e-05,-5.934041000535689,5.934041000535689,1.5002172337140287,0.379636420653906,0.898079755664124,0.13932435940697693,112.0,31.0,1.0438476395586267,3.4380248515643195,12.547044117314233,8.715010075624777,483.589763336697,1074.0569112286043,0.971888397739447,0.8991926440188893
141,72704,1168.3246909000009,62.229276301602084,3455.6082406901432,8.8157340420817e-05,-5.934041000535689,5.934041000535689,1.5002172337140287,0.379636420653906,0.898079755664124,0.13932435940697693,112.0,31.0,1.0438476395586267,3.4380248515643195,12.547044117314233,8.715010075624777,483.589763336697,1074.0569112286043,0.971888397739447,0.8991926440188893
142,73216,1172.1344058000104,62.46382636471479,3434.4357764349957,8.90283830220948e-05,-5.934041000535689,5.934041000535689,1.5002172337140287,0.379636420653906,0.898079755664124,0.13932435940697693,112.0,31.0,1.0438476395586267,3.4380248515643195,12.547044117314233,8.715010075624777,483.589763336697,1074.0569112286043,0.971888397739447,0.8991926440188893
143,73728,1176.81657000001,62.65037549564702,3416.0369879166956,8.916062241085717e-05,-5.934041000535689,5.934041000535689,1.5002172337140287,0.379636420653906,0.898079755664124,0.13932435940697693,112.0,31.0,1.0438476395586267,3.4380248515643195,12.547044117314233,8.715010075624777,483.589763336697,1074.0569112286043,0.971888397739447,0.8991926440188893
144,74240,1180.249184500004,62.901971020171246,3394.2338616310462,9.180069515596659e-05,-5.934041000535689,5.934041000535689,1.5002172337140287,0.379636420653906,0.898079755664124,0.13932435940697693,112.0,31.0,1.0438476395586267,3.4380248515643195,12.547044117314233,8.715010075624777,483.589763336697,1074.0569112286043,0.971888397739447,0.8991926440188893
145,74752,1184.7431373,63.09553323968429,3375.7064734027394,9.833202466896733e-05,-5.934041000535689,5.934041000535689,1.5002172337140287,0.379636420653906,0.898079755664124,0.13932435940697693,112.0,31.0,1.0438476395586267,3.4380248515643195,12.547044117314233,8.715010075624777,483.589763336697,1074.0569112286043,0.971888397739447,0.8991926440188893
146,75264,1188.5448651000042,63.324492166871025,3355.415775622461,0.00010204689919999451,-5.934041000535689,5.934041000535689,1.5002172337140287,0.379636420653906,0.898079755664124,0.13932435940697693,112.0,31.0,1.0438476395586267,3.4380248515643195,12.547044117314233,8.715010075624777,483.589763336697,1074.0569112286043,0.971888397739447,0.8991926440188893
147,75776,1192.9068198000023,63.52214501775108,3336.9150229540605,0.00010215134617341977,-5.934041000535689,5.934041000535689,1.5002172337140287,0.379636420653906,0.898079755664124,0.13932435940697693,112.0,31.0,1.0438476395586267,3.4380248515643195,12.547044117314233,8.715010075624777,483.589763336697,1074.0569112286043,0.971888397739447,0.8991926440188893
148,76288,1197.4845193000074,63.706877851410006,3319.202056851698,0.00010326281903547149,-5.934041000535689,5.934041000535689,1.5002172337140287,0.379636420653906,0.898079755664124,0.13932435940697693,112.0,31.0,1.0438476395586267,3.4380248515643195,12.547044117314233,8.715010075624777,483.589763336697,1074.0569112286043,0.971888397739447,0.8991926440188893
149,76800,1201.6233827000106,63.91353655871175,3300.4588911493624,0.00010323650752213589,-5.934041000535689,5.934041000535689,1.5002172337140287,0.379636420653906,0.898079755664124,0.13932435940697693,112.0,31.0,1.0438476395586267,3.4380248515643195,12.547044117314233,8.715010075624777,483.589763336697,1074.0569112286043,0.971888397739447,0.8991926440188893
150,77312,1206.7027922999987,64.0688001165903,3284.4691896377453,0.00010406543003303682,-5.969335554418141,5.969335554418141,1.4680637844124544,0.3692361797970867,0.8077344845683708,0.10929722760453417,105.0,33.0,0.9567217867064828,2.8827158347452175,12.091769371963572,9.500166436798835,470.48112743566094,1104.4672299904805,0.9929413465213796,0.8467147626882874
151,77824,1210.2586370000063,64.30361050172749,3264.513428750017,0.00010406322802398757,-5.969335554418141,5.969335554418141,1.4680637844124544,0.3692361797970867,0.8077344845683708,0.10929722760453417,105.0,33.0,0.9567217867064828,2.8827158347452175,12.091769371963572,9.500166436798835,470.48112743566094,1104.4672299904805,0.9929413465213796,0.8467147626882874
152,78336,1214.9185302000114,64.47839756555823,3247.7233911882663,0.00010451349054509571,-5.969335554418141,5.969335554418141,1.4680637844124544,0.3692361797970867,0.8077344845683708,0.10929722760453417,105.0,33.0,0.9567217867064828,2.8827158347452175,12.091769371963572,9.500166436798835,470.48112743566094,1104.4672299904805,0.9929413465213796,0.8467147626882874
153,78848,1218.8966649000067,64.68801028877076,3229.2846706441737,0.00010449288633165797,-5.969335554418141,5.969335554418141,1.4680637844124544,0.3692361797970867,0.8077344845683708,0.10929722760453417,105.0,33.0,0.9567217867064828,2.8827158347452175,12.091769371963572,9.500166436798835,470.48112743566094,1104.4672299904805,0.9929413465213796,0.8467147626882874
154,79360,1222.471068400002,64.91769175680221,3209.9724183148437,0.00010992388121137992,-5.969335554418141,5.969335554418141,1.4680637844124544,0.3692361797970867,0.8077344845683708,0.10929722760453417,105.0,33.0,0.9567217867064828,2.8827158347452175,12.091769371963572,9.500166436798835,470.48112743566094,1104.4672299904805,0.9929413465213796,0.8467147626882874
155,79872,1225.3962011000112,65.1805513419257,3189.1721644013114,0.00011265344465927397,-5.993910436928241,5.993910436928241,1.5173690406424516,0.3661155585818658,0.8704326744001122,0.14030307346399576,105.0,31.0,1.0785698899244427,3.7508217741196543,19.593128123613326,14.285274772258088,303.5687856210822,1009.0312427855407,0.9701311816035588,0.8978898983605567
156,80384,1236.1772629000043,65.02627285946316,3188.8649138503292,0.00011461730483571813,-5.993910436928241,5.993910436928241,1.5173690406424516,0.3661155585818658,0.8704326744001122,0.14030307346399576,105.0,31.0,1.0785698899244427,3.7508217741196543,19.593128123613326,14.285274772258088,303.5687856210822,1009.0312427855407,0.9701311816035588,0.8978898983605567
157,80896,1250.0062617000076,64.71647581187433,3196.218542574703,0.00011543437031018363,-5.993910436928241,5.993910436928241,1.5173690406424516,0.3661155585818658,0.8704326744001122,0.14030307346399576,105.0,31.0,1.0785698899244427,3.7508217741196543,19.593128123613326,14.285274772258088,303.5687856210822,1009.0312427855407,0.9701311816035588,0.8978898983605567
158,81408,1264.0959128000104,64.40017658128396,3203.9663701786426,0.00011599239735508567,-5.993910436928241,5.993910436928241,1.5173690406424516,0.3661155585818658,0.8704326744001122,0.14030307346399576,105.0,31.0,1.0785698899244427,3.7508217741196543,19.593128123613326,14.285274772258088,303.5687856210822,1009.0312427855407,0.9701311816035588,0.8978898983605567
159,81920,1273.7519399000012,64.3139354169944,3200.301748998753,0.00011638966692476936,-5.993910436928241,5.993910436928241,1.5173690406424516,0.3661155585818658,0.8704326744001122,0.14030307346399576,105.0,31.0,1.0785698899244427,3.7508217741196543,19.593128123613326,14.285274772258088,303.5687856210822,1009.0312427855407,0.9701311816035588,0.8978898983605567
160,82432,1285.9174809000106,64.1036467925656,3202.81310460189,0.00012106810893839425,-5.993910436928241,5.993910436928241,1.5173690406424516,0.3661155585818658,0.8704326744001122,0.14030307346399576,105.0,31.0,1.0785698899244427,3.7508217741196543,19.593128123613326,14.285274772258088,303.5687856210822,1009.0312427855407,0.9701311816035588,0.8978898983605567
161,82944,1296.0585334000061,63.99710959227237,3200.1445269135957,0.00012158028720021596,-5.993910436928241,5.993910436928241,1.5173690406424516,0.3661155585818658,0.8704326744001122,0.14030307346399576,105.0,31.0,1.0785698899244427,3.7508217741196543,19.593128123613326,14.285274772258088,303.5687856210822,1009.0312427855407,0.9701311816035588,0.8978898983605567
162,83456,1305.225627000007,63.9399030126456,3195.0001544356005,0.0001219255850301203,-5.993910436928241,5.993910436928241,1.5173690406424516,0.3661155585818658,0.8704326744001122,0.14030307346399576,105.0,31.0,1.0785698899244427,3.7508217741196543,19.593128123613326,14.285274772258088,303.5687856210822,1009.0312427855407,0.9701311816035588,0.8978898983605567
163,83968,1316.5048135000106,63.781004929838275,3194.932413250026,0.00012290871690429507,-5.993910436928241,5.993910436928241,1.5173690406424516,0.3661155585818658,0.8704326744001122,0.14030307346399576,105.0,31.0,1.0785698899244427,3.7508217741196543,19.593128123613326,14.285274772258088,303.5687856210822,1009.0312427855407,0.9701311816035588,0.8978898983605567
164,84480,1330.1282837000035,63.51267094704797,3200.3692644175844,0.0001237833703720591,-5.993910436928241,5.993910436928241,1.5173690406424516,0.3661155585818658,0.8704326744001122,0.14030307346399576,105.0,31.0,1.0785698899244427,3.7508217741196543,19.593128123613326,14.285274772258088,303.5687856210822,1009.0312427855407,0.9701311816035588,0.8978898983605567
165,84992,1340.583981200005,63.39923584938006,3198.019617802421,0.00012478360811536668,-5.993910436928241,5.993910436928241,1.5173690406424516,0.3661155585818658,0.8704326744001122,0.14030307346399576,105.0,31.0,1.0785698899244427,3.7508217741196543,19.593128123613326,14.285274772258088,303.5687856210822,1009.0312427855407,0.9701311816035588,0.8978898983605567
166,85504,1351.7571242999984,63.25396660607791,3197.2698449011937,0.000125004585387277,-5.993910436928241,5.993910436928241,1.5173690406424516,0.3661155585818658,0.8704326744001122,0.14030307346399576,105.0,31.0,1.0785698899244427,3.7508217741196543,19.593128123613326,14.285274772258088,303.5687856210822,1009.0312427855407,0.9701311816035588,0.8978898983605567
167,86016,1362.6996672000096,63.121759012930795,3195.8551718857366,0.00012719528979319067,-5.993910436928241,5.993910436928241,1.5173690406424516,0.3661155585818658,0.8704326744001122,0.14030307346399576,105.0,31.0,1.0785698899244427,3.7508217741196543,19.593128123613326,14.285274772258088,303.5687856210822,1009.0312427855407,0.9701311816035588,0.8978898983605567
168,86528,1376.0883799000003,62.87968219474969,3200.0161733769237,0.00013210246818346082,-5.993910436928241,5.993910436928241,1.5173690406424516,0.3661155585818658,0.8704326744001122,0.14030307346399576,105.0,31.0,1.0785698899244427,3.7508217741196543,19.593128123613326,14.285274772258088,303.5687856210822,1009.0312427855407,0.9701311816035588,0.8978898983605567
169,87040,1386.9030591000046,62.758531988877714,3198.0352892188344,0.00013237912912532446,-5.993910436928241,5.993910436928241,1.5173690406424516,0.3661155585818658,0.8704326744001122,0.14030307346399576,105.0,31.0,1.0785698899244427,3.7508217741196543,19.593128123613326,14.285274772258088,303.5687856210822,1009.0312427855407,0.9701311816035588,0.8978898983605567
170,87552,1400.552454900011,62.51247476928707,3202.4328062333584,0.00013251583819048676,-5.993910436928241,5.993910436928241,1.5173690406424516,0.3661155585818658,0.8704326744001122,0.14030307346399576,105.0,31.0,1.0785698899244427,3.7508217741196543,19.593128123613326,14.285274772258088,303.5687856210822,1009.0312427855407,0.9701311816035588,0.8978898983605567
171,88064,1412.3952820000122,62.35081717017463,3202.5241859302605,0.00013606810418641458,-5.993910436928241,5.993910436928241,1.5173690406424516,0.3661155585818658,0.8704326744001122,0.14030307346399576,105.0,31.0,1.0785698899244427,3.7508217741196543,19.593128123613326,14.285274772258088,303.5687856210822,1009.0312427855407,0.9701311816035588,0.8978898983605567
172,88576,1422.420872600007,62.27130219067594,3198.3914418578192,0.00013668043965004844,-5.993910436928241,5.993910436928241,1.5173690406424516,0.3661155585818658,0.8704326744001122,0.14030307346399576,105.0,31.0,1.0785698899244427,3.7508217741196543,19.593128123613326,14.285274772258088,303.5687856210822,1009.0312427855407,0.9701311816035588,0.8978898983605567
173,89088,1432.1288544999989,62.20669300815353,3193.482733022986,0.00013733282883950174,-5.993910436928241,5.993910436928241,1.5173690406424516,0.3661155585818658,0.8704326744001122,0.14030307346399576,105.0,31.0,1.0785698899244427,3.7508217741196543,19.593128123613326,14.285274772258088,303.5687856210822,1009.0312427855407,0.9701311816035588,0.8978898983605567
174,89600,1446.8848154000007,61.926145776317036,3199.6824203417154,0.00013949906679656428,-5.993910436928241,5.993910436928241,1.5173690406424516,0.3661155585818658,0.8704326744001122,0.14030307346399576,105.0,31.0,1.0785698899244427,3.7508217741196543,19.593128123613326,14.285274772258088,303.5687856210822,1009.0312427855407,0.9701311816035588,0.8978898983605567
175,90112,1455.9522107000084,61.89214133386629,3193.167916648882,0.00013978048292731583,-5.993910436928241,5.993910436928241,1.5173690406424516,0.3661155585818658,0.8704326744001122,0.14030307346399576,105.0,31.0,1.0785698899244427,3.7508217741196543,19.593128123613326,14.285274772258088,303.5687856210822,1009.0312427855407,0.9701311816035588,0.8978898983605567
176,90624,1467.7368771000038,61.74403696870891,3192.535015161025,0.0001479031293554677,-5.993910436928241,5.993910436928241,1.5173690406424516,0.3661155585818658,0.8704326744001122,0.14030307346399576,105.0,31.0,1.0785698899244427,3.7508217741196543,19.593128123613326,14.285274772258088,303.5687856210822,1009.0312427855407,0.9701311816035588,0.8978898983605567
177,91136,1481.0451885000075,61.53492189681391,3195.0637774382185,0.00015686515600507256,-5.993910436928241,5.993910436928241,1.5173690406424516,0.3661155585818658,0.8704326744001122,0.14030307346399576,105.0,31.0,1.0785698899244427,3.7508217741196543,19.593128123613326,14.285274772258088,303.5687856210822,1009.0312427855407,0.9701311816035588,0.8978898983605567
178,91648,1492.9376298999996,61.38769508150102,3194.386101964804,0.0001581355835001896,-5.993910436928241,5.993910436928241,1.5173690406424516,0.3661155585818658,0.8704326744001122,0.14030307346399576,105.0,31.0,1.0785698899244427,3.7508217741196543,19.593128123613326,14.285274772258088,303.5687856210822,1009.0312427855407,0.9701311816035588,0.8978898983605567
179,92160,1503.7880547000095,61.28523212560362,3191.372427196687,0.00015847474935129724,-5.993910436928241,5.993910436928241,1.5173690406424516,0.3661155585818658,0.8704326744001122,0.14030307346399576,105.0,31.0,1.0785698899244427,3.7508217741196543,19.593128123613326,14.285274772258088,303.5687856210822,1009.0312427855407,0.9701311816035588,0.8978898983605567
180,92672,1515.672550000003,61.14249413568902,3190.4488483425475,0.0001672120896175121,-5.993910436928241,5.993910436928241,1.5173690406424516,0.3661155585818658,0.8704326744001122,0.14030307346399576,105.0,31.0,1.0785698899244427,3.7508217741196543,19.593128123613326,14.285274772258088,303.5687856210822,1009.0312427855407,0.9701311816035588,0.8978898983605567
181,93184,1528.2721267000015,60.973434228112396,3190.897846956047,0.000168349782916149,-5.993910436928241,5.993910436928241,1.5173690406424516,0.3661155585818658,0.8704326744001122,0.14030307346399576,105.0,31.0,1.0785698899244427,3.7508217741196543,19.593128123613326,14.285274772258088,303.5687856210822,1009.0312427855407,0.9701311816035588,0.8978898983605567
182,93696,1541.1618912000122,60.7956896254711,3191.805228222976,0.00016845315519401486,-5.993910436928241,5.993910436928241,1.5173690406424516,0.3661155585818658,0.8704326744001122,0.14030307346399576,105.0,31.0,1.0785698899244427,3.7508217741196543,19.593128123613326,14.285274772258088,303.5687856210822,1009.0312427855407,0.9701311816035588,0.8978898983605567
183,94208,1552.5448462000058,60.679728660065834,3189.4671296934903,0.0001682422311789693,-5.993910436928241,5.993910436928241,1.5173690406424516,0.3661155585818658,0.8704326744001122,0.14030307346399576,105.0,31.0,1.0785698899244427,3.7508217741196543,19.593128123613326,14.285274772258088,303.5687856210822,1009.0312427855407,0.9701311816035588,0.8978898983605567
184,94720,1565.5838984000002,60.50138871305601,3190.4061064691896,0.00017104196984826152,-5.993910436928241,5.993910436928241,1.5173690406424516,0.3661155585818658,0.8704326744001122,0.14030307346399576,105.0,31.0,1.0785698899244427,3.7508217741196543,19.593128123613326,14.285274772258088,303.5687856210822,1009.0312427855407,0.9701311816035588,0.8978898983605567
185,95232,1576.5538520000118,60.40516781535179,3187.012087914002,0.00017550300586318497,-5.993910436928241,5.993910436928241,1.5173690406424516,0.3661155585818658,0.8704326744001122,0.14030307346399576,105.0,31.0,1.0785698899244427,3.7508217741196543,19.593128123613326,14.285274772258088,303.5687856210822,1009.0312427855407,0.9701311816035588,0.8978898983605567
186,95744,1589.6555441000091,60.22940023412802,3187.811919986649,0.00017558829214026428,-5.993910436928241,5.993910436928241,1.5173690406424516,0.3661155585818658,0.8704326744001122,0.14030307346399576,105.0,31.0,1.0785698899244427,3.7508217741196543,19.593128123613326,14.285274772258088,303.5687856210822,1009.0312427855407,0.9701311816035588,0.8978898983605567
187,96256,1601.73028850001,60.09501143300594,3186.420893079807,0.0001752818589503167,-5.993910436928241,5.993910436928241,1.5173690406424516,0.3661155585818658,0.8704326744001122,0.14030307346399576,105.0,31.0,1.0785698899244427,3.7508217741196543,19.593128123613326,14.285274772258088,303.5687856210822,1009.0312427855407,0.9701311816035588,0.8978898983605567
188,96768,1616.1699596000108,59.87489089572566,3189.584100162984,0.00017588443136395352,-5.993910436928241,5.993910436928241,1.5173690406424516,0.3661155585818658,0.8704326744001122,0.14030307346399576,105.0,31.0,1.0785698899244427,3.7508217741196543,19.593128123613326,14.285274772258088,303.5687856210822,1009.0312427855407,0.9701311816035588,0.8978898983605567
189,97280,1626.9715126000083,59.79207333786694,3185.438961511595,0.00017613509987551132,-5.993910436928241,5.993910436928241,1.5173690406424516,0.3661155585818658,0.8704326744001122,0.14030307346399576,105.0,31.0,1.0785698899244427,3.7508217741196543,19.593128123613326,14.285274772258088,303.5687856210822,1009.0312427855407,0.9701311816035588,0.8978898983605567
190,97792,1641.5137910000049,59.57427865435442,3188.4901385392764,0.0001775201919140643,-5.993910436928241,5.993910436928241,1.5173690406424516,0.3661155585818658,0.8704326744001122,0.14030307346399576,105.0,31.0,1.0785698899244427,3.7508217741196543,19.593128123613326,14.285274772258088,303.5687856210822,1009.0312427855407,0.9701311816035588,0.8978898983605567
191,98304,1652.2887246000028,59.49565504890684,3184.098063031255,0.00017768131142913854,-5.993910436928241,5.993910436928241,1.5173690406424516,0.3661155585818658,0.8704326744001122,0.14030307346399576,105.0,31.0,1.0785698899244427,3.7508217741196543,19.593128123613326,14.285274772258088,303.5687856210822,1009.0312427855407,0.9701311816035588,0.8978898983605567
192,98816,1664.2498355999996,59.37570062272207,3181.907716768911,0.00017738358976257564,-5.993910436928241,5.993910436928241,1.5173690406424516,0.3661155585818658,0.8704326744001122,0.14030307346399576,105.0,31.0,1.0785698899244427,3.7508217741196543,19.593128123613326,14.285274772258088,303.5687856210822,1009.0312427855407,0.9701311816035588,0.8978898983605567
193,99328,1677.6660792000039,59.20606086722849,3182.3768925031004,0.0001771008468247531,-5.993910436928241,5.993910436928241,1.5173690406424516,0.3661155585818658,0.8704326744001122,0.14030307346399576,105.0,31.0,1.0785698899244427,3.7508217741196543,19.593128123613326,14.285274772258088,303.5687856210822,1009.0312427855407,0.9701311816035588,0.8978898983605567
194,99840,1691.2642086999986,59.03276347149963,3183.0459722712794,0.00018054329440824775,-5.993910436928241,5.993910436928241,1.5173690406424516,0.3661155585818658,0.8704326744001122,0.14030307346399576,105.0,31.0,1.0785698899244427,3.7508217741196543,19.593128123613326,14.285274772258088,303.5687856210822,1009.0312427855407,0.9701311816035588,0.8978898983605567
195,100352,1702.3214036999998,58.950090025235355,3178.824662011224,0.0001802399586473854,-5.993910436928241,5.993910436928241,1.5173690406424516,0.3661155585818658,0.8704326744001122,0.14030307346399576,105.0,31.0,1.0785698899244427,3.7508217741196543,19.593128123613326,14.285274772258088,303.5687856210822,1009.0312427855407,0.9701311816035588,0.8978898983605567
196,100864,1714.6480755000084,58.82489908058075,3176.8860282106757,0.0001872672076919771,-5.993910436928241,5.993910436928241,1.5173690406424516,0.3661155585818658,0.8704326744001122,0.14030307346399576,105.0,31.0,1.0785698899244427,3.7508217741196543,19.593128123613326,14.285274772258088,303.5687856210822,1009.0312427855407,0.9701311816035588,0.8978898983605567
197,101376,1731.0358840000117,58.56377729486705,3182.3083928081023,0.00018722514443348062,-6.042325082257036,6.042325082257036,1.4972364022304128,0.3748767702467108,0.8667625469445664,0.12768536112670048,107.0,31.0,1.0097253920191678,3.3119767265559714,20.532088489549906,15.270441134329,288.2618590709279,1040.2462544644072,0.9547172210244457,0.8880123902618158
198,101888,1742.7047722999996,58.46543925253014,3178.903680125125,0.00018745374141833658,-6.042325082257036,6.042325082257036,1.4972364022304128,0.3748767702467108,0.8667625469445664,0.12768536112670048,107.0,31.0,1.0097253920191678,3.3119767265559714,20.532088489549906,15.270441134329,288.2618590709279,1040.2462544644072,0.9547172210244457,0.8880123902618158
199,102400,1758.6345737000083,58.226991287086804,3183.128578397015,0.00018797561093732843,-6.042325082257036,6.042325082257036,1.4972364022304128,0.3748767702467108,0.8667625469445664,0.12768536112670048,107.0,31.0,1.0097253920191678,3.3119767265559714,20.532088489549906,15.270441134329,288.2618590709279,1040.2462544644072,0.9547172210244457,0.8880123902618158
200,102912,1772.3595006000105,58.06496930513274,3183.1929339134517,0.00018822391859699472,-6.042325082257036,6.042325082257036,1.4972364022304128,0.3748767702467108,0.8667625469445664,0.12768536112670048,107.0,31.0,1.0097253920191678,3.3119767265559714,20.532088489549906,15.270441134329,288.2618590709279,1040.2462544644072,0.9547172210244457,0.8880123902618158
201,103424,1782.4726365000097,58.02277010158155,3176.6839066336806,0.00018782319682266732,-6.042325082257036,6.042325082257036,1.4972364022304128,0.3748767702467108,0.8667625469445664,0.12768536112670048,107.0,31.0,1.0097253920191678,3.3119767265559714,20.532088489549906,15.270441134329,288.2618590709279,1040.2462544644072,0.9547172210244457,0.8880123902618158
202,103936,1794.8241729000001,57.90873644857627,3174.097921532513,0.0001885124445374105,-6.042325082257036,6.042325082257036,1.4972364022304128,0.3748767702467108,0.8667625469445664,0.12768536112670048,107.0,31.0,1.0097253920191678,3.3119767265559714,20.532088489549906,15.270441134329,288.2618590709279,1040.2462544644072,0.9547172210244457,0.8880123902618158
203,104448,1809.8687637000112,57.710261702329944,3176.1422421794314,0.00018789572850479047,-6.042325082257036,6.042325082257036,1.4972364022304128,0.3748767702467108,0.8667625469445664,0.12768536112670048,107.0,31.0,1.0097253920191678,3.3119767265559714,20.532088489549906,15.270441134329,288.2618590709279,1040.2462544644072,0.9547172210244457,0.8880123902618158
204,104960,1825.4294308000099,57.4987990382079,3178.9185697346516,0.00018828087857292744,-6.042325082257036,6.042325082257036,1.4972364022304128,0.3748767702467108,0.8667625469445664,0.12768536112670048,107.0,31.0,1.0097253920191678,3.3119767265559714,20.532088489549906,15.270441134329,288.2618590709279,1040.2462544644072,0.9547172210244457,0.8880123902618158
205,105472,1839.6133680000057,57.333786454632715,3179.1376650873885,0.0001885287557598779,-6.042325082257036,6.042325082257036,1.4972364022304128,0.3748767702467108,0.8667625469445664,0.12768536112670048,107.0,31.0,1.0097253920191678,3.3119767265559714,20.532088489549906,15.270441134329,288.2618590709279,1040.2462544644072,0.9547172210244457,0.8880123902618158
206,105984,1854.473931200002,57.15043938709851,3180.377997951694,0.00019200097399387362,-6.042325082257036,6.042325082257036,1.4972364022304128,0.3748767702467108,0.8667625469445664,0.12768536112670048,107.0,31.0,1.0097253920191678,3.3119767265559714,20.532088489549906,15.270441134329,288.2618590709279,1040.2462544644072,0.9547172210244457,0.8880123902618158
207,106496,1871.354710300002,56.9085055942854,3184.9017665682727,0.0001925242636198848,-6.042325082257036,6.042325082257036,1.4972364022304128,0.3748767702467108,0.8667625469445664,0.12768536112670048,107.0,31.0,1.0097253920191678,3.3119767265559714,20.532088489549906,15.270441134329,288.2618590709279,1040.2462544644072,0.9547172210244457,0.8880123902618158
208,107008,1886.134531600008,56.73402305466785,3185.6721993052765,0.00019315898743317122,-6.042325082257036,6.042325082257036,1.4972364022304128,0.3748767702467108,0.8667625469445664,0.12768536112670048,107.0,31.0,1.0097253920191678,3.3119767265559714,20.532088489549906,15.270441134329,288.2618590709279,1040.2462544644072,0.9547172210244457,0.8880123902618158
209,107520,1902.3351993000106,56.520007640905455,3188.676143588589,0.00020631937496149453,-6.042325082257036,6.042325082257036,1.4972364022304128,0.3748767702467108,0.8667625469445664,0.12768536112670048,107.0,31.0,1.0097253920191678,3.3119767265559714,20.532088489549906,15.270441134329,288.2618590709279,1040.2462544644072,0.9547172210244457,0.8880123902618158
210,108032,1913.0888810000033,56.469932512246835,3182.4369537014272,0.00020741684729063607,-6.042325082257036,6.042325082257036,1.4972364022304128,0.3748767702467108,0.8667625469445664,0.12768536112670048,107.0,31.0,1.0097253920191678,3.3119767265559714,20.532088489549906,15.270441134329,288.2618590709279,1040.2462544644072,0.9547172210244457,0.8880123902618158
211,108544,1929.3746632000111,56.2586427977507,3185.2883590566225,0.00020664445425429748,-6.042325082257036,6.042325082257036,1.4972364022304128,0.3748767702467108,0.8667625469445664,0.12768536112670048,107.0,31.0,1.0097253920191678,3.3119767265559714,20.532088489549906,15.270441134329,288.2618590709279,1040.2462544644072,0.9547172210244457,0.8880123902618158
212,109056,1945.7582783000107,56.04807196055263,3188.120371486872,0.00020935560413066706,-6.042325082257036,6.042325082257036,1.4972364022304128,0.3748767702467108,0.8667625469445664,0.12768536112670048,107.0,31.0,1.0097253920191678,3.3119767265559714,20.532088489549906,15.270441134329,288.2618590709279,1040.2462544644072,0.9547172210244457,0.8880123902618158
213,109568,1964.0138130999985,55.78779500896581,3193.816854947661,0.0002092864753920119,-6.042325082257036,6.042325082257036,1.4972364022304128,0.3748767702467108,0.8667625469445664,0.12768536112670048,107.0,31.0,1.0097253920191678,3.3119767265559714,20.532088489549906,15.270441134329,288.2618590709279,1040.2462544644072,0.9547172210244457,0.8880123902618158
214,110080,1977.6091254000057,55.66317356961751,3191.769146575823,0.00020929987278553634,-6.042325082257036,6.042325082257036,1.4972364022304128,0.3748767702467108,0.8667625469445664,0.12768536112670048,107.0,31.0,1.0097253920191678,3.3119767265559714,20.532088489549906,15.270441134329,288.2618590709279,1040.2462544644072,0.9547172210244457,0.8880123902618158
215,110592,1989.2071568000101,55.59601956083181,3186.415167837053,0.00021008673152560166,-6.042325082257036,6.042325082257036,1.4972364022304128,0.3748767702467108,0.8667625469445664,0.12768536112670048,107.0,31.0,1.0097253920191678,3.3119767265559714,20.532088489549906,15.270441134329,288.2618590709279,1040.2462544644072,0.9547172210244457,0.8880123902618158
216,111104,2002.2619620000041,55.4892427207783,3183.3197091705133,0.00021484423366023838,-6.042325082257036,6.042325082257036,1.4972364022304128,0.3748767702467108,0.8667625469445664,0.12768536112670048,107.0,31.0,1.0097253920191678,3.3119767265559714,20.532088489549906,15.270441134329,288.2618590709279,1040.2462544644072,0.9547172210244457,0.8880123902618158
217,111616,2019.478484200008,55.26971486612066,3186.6999934165265,0.00021508524857264568,-6.042325082257036,6.042325082257036,1.4972364022304128,0.3748767702467108,0.8667625469445664,0.12768536112670048,107.0,31.0,1.0097253920191678,3.3119767265559714,20.532088489549906,15.270441134329,288.2618590709279,1040.2462544644072,0.9547172210244457,0.8880123902618158
218,112128,2034.825457800005,55.10448061782635,3186.96407317535,0.0002179196565261922,-6.042325082257036,6.042325082257036,1.4972364022304128,0.3748767702467108,0.8667625469445664,0.12768536112670048,107.0,31.0,1.0097253920191678,3.3119767265559714,20.532088489549906,15.270441134329,288.2618590709279,1040.2462544644072,0.9547172210244457,0.8880123902618158
219,112640,2048.927706600007,54.975097284869534,3185.1512529872834,0.00023406059491514034,-6.042325082257036,6.042325082257036,1.4972364022304128,0.3748767702467108,0.8667625469445664,0.12768536112670048,107.0,31.0,1.0097253920191678,3.3119767265559714,20.532088489549906,15.270441134329,288.2618590709279,1040.2462544644072,0.9547172210244457,0.8880123902618158
220,113152,2062.776794300007,54.85421414118514,3182.8365921099657,0.00023403431182463284,-6.042325082257036,6.042325082257036,1.4972364022304128,0.3748767702467108,0.8667625469445664,0.12768536112670048,107.0,31.0,1.0097253920191678,3.3119767265559714,20.532088489549906,15.270441134329,288.2618590709279,1040.2462544644072,0.9547172210244457,0.8880123902618158
221,113664,2074.738037300005,54.7847477399694,3177.5267237928006,0.0002352932495314427,-6.042325082257036,6.042325082257036,1.4972364022304128,0.3748767702467108,0.8667625469445664,0.12768536112670048,107.0,31.0,1.0097253920191678,3.3119767265559714,20.532088489549906,15.270441134329,288.2618590709279,1040.2462544644072,0.9547172210244457,0.8880123902618158
222,114176,2092.5190165000095,54.56390078163932,3181.0042448139156,0.0002364037500102438,-6.042325082257036,6.042325082257036,1.4972364022304128,0.3748767702467108,0.8667625469445664,0.12768536112670048,107.0,31.0,1.0097253920191678,3.3119767265559714,20.532088489549906,15.270441134329,288.2618590709279,1040.2462544644072,0.9547172210244457,0.8880123902618158
223,114688,2105.769228300007,54.46370782642119,3177.4553534169745,0.00023833239251947337,-6.042325082257036,6.042325082257036,1.4972364022304128,0.3748767702467108,0.8667625469445664,0.12768536112670048,107.0,31.0,1.0097253920191678,3.3119767265559714,20.532088489549906,15.270441134329,288.2618590709279,1040.2462544644072,0.9547172210244457,0.8880123902618158
224,115200,2120.9904643000045,54.31424701761671,3176.772384307118,0.00023794910499291765,-6.042325082257036,6.042325082257036,1.4972364022304128,0.3748767702467108,0.8667625469445664,0.12768536112670048,107.0,31.0,1.0097253920191678,3.3119767265559714,20.532088489549906,15.270441134329,288.2618590709279,1040.2462544644072,0.9547172210244457,0.8880123902618158
225,115712,2134.3176609000075,54.21498501362075,3173.1448409840823,0.00023954283636485569,-6.042325082257036,6.042325082257036,1.4972364022304128,0.3748767702467108,0.8667625469445664,0.12768536112670048,107.0,31.0,1.0097253920191678,3.3119767265559714,20.532088489549906,15.270441134329,288.2618590709279,1040.2462544644072,0.9547172210244457,0.8880123902618158
226,116224,2149.102952400004,54.08023839444602,3171.5836522202703,0.00024056688733869284,-6.042325082257036,6.042325082257036,1.4972364022304128,0.3748767702467108,0.8667625469445664,0.12768536112670048,107.0,31.0,1.0097253920191678,3.3119767265559714,20.532088489549906,15.270441134329,288.2618590709279,1040.2462544644072,0.9547172210244457,0.8880123902618158
227,116736,2167.0214164000063,53.86933378532514,3174.4962854280793,0.00024291359180606494,-6.042325082257036,6.042325082257036,1.4972364022304128,0.3748767702467108,0.8667625469445664,0.12768536112670048,107.0,31.0,1.0097253920191678,3.3119767265559714,20.532088489549906,15.270441134329,288.2618590709279,1040.2462544644072,0.9547172210244457,0.8880123902618158
228,117248,2180.5833741000097,53.769097477592055,3170.89198067818,0.00024439593074140935,-6.042325082257036,6.042325082257036,1.4972364022304128,0.3748767702467108,0.8667625469445664,0.12768536112670048,107.0,31.0,1.0097253920191678,3.3119767265559714,20.532088489549906,15.270441134329,288.2618590709279,1040.2462544644072,0.9547172210244457,0.8880123902618158
229,117760,2199.4609153000056,53.540392184662934,3174.874016867834,0.000244601231840187,-6.042325082257036,6.042325082257036,1.4972364022304128,0.3748767702467108,0.8667625469445664,0.12768536112670048,107.0,31.0,1.0097253920191678,3.3119767265559714,20.532088489549906,15.270441134329,288.2618590709279,1040.2462544644072,0.9547172210244457,0.8880123902618158
230,118272,2212.713911400002,53.451103367072136,3170.598721529873,0.00024526993858424434,-6.042325082257036,6.042325082257036,1.4972364022304128,0.3748767702467108,0.8667625469445664,0.12768536112670048,107.0,31.0,1.0097253920191678,3.3119767265559714,20.532088489549906,15.270441134329,288.2618590709279,1040.2462544644072,0.9547172210244457,0.8880123902618158
231,118784,2230.960968600004,53.24342365099313,3173.3496536120747,0.00025710753087230615,-6.042325082257036,6.042325082257036,1.4972364022304128,0.3748767702467108,0.8667625469445664,0.12768536112670048,107.0,31.0,1.0097253920191678,3.3119767265559714,20.532088489549906,15.270441134329,288.2618590709279,1040.2462544644072,0.9547172210244457,0.8880123902618158
232,119296,2243.963250300003,53.163080983635055,3168.5146323978583,0.0002573761973959792,-6.042325082257036,6.042325082257036,1.4972364022304128,0.3748767702467108,0.8667625469445664,0.12768536112670048,107.0,31.0,1.0097253920191678,3.3119767265559714,20.532088489549906,15.270441134329,288.2618590709279,1040.2462544644072,0.9547172210244457,0.8880123902618158
233,119808,2260.780106700011,52.99409688051437,3168.95673075899,0.00025769208479839797,-6.042325082257036,6.042325082257036,1.4972364022304128,0.3748767702467108,0.8667625469445664,0.12768536112670048,107.0,31.0,1.0097253920191678,3.3119767265559714,20.532088489549906,15.270441134329,288.2618590709279,1040.2462544644072,0.9547172210244457,0.8880123902618158
234,120320,2274.165367300011,52.90732227746885,3164.476915349377,0.0002591717046561547,-6.042325082257036,6.042325082257036,1.4972364022304128,0.3748767702467108,0.8667625469445664,0.12768536112670048,107.0,31.0,1.0097253920191678,3.3119767265559714,20.532088489549906,15.270441134329,288.2618590709279,1040.2462544644072,0.9547172210244457,0.8880123902618158
235,120832,2288.4038165000093,52.8018696389023,3161.1001871991652,0.0002595425246352651,-6.042325082257036,6.042325082257036,1.4972364022304128,0.3748767702467108,0.8667625469445664,0.12768536112670048,107.0,31.0,1.0097253920191678,3.3119767265559714,20.532088489549906,15.270441134329,288.2618590709279,1040.2462544644072,0.9547172210244457,0.8880123902618158
236,121344,2301.768227400011,52.71773176618461,3156.433223227863,0.00026079410576572914,-6.042325082257036,6.042325082257036,1.4972364022304128,0.3748767702467108,0.8667625469445664,0.12768536112670048,107.0,31.0,1.0097253920191678,3.3119767265559714,20.532088489549906,15.270441134329,288.2618590709279,1040.2462544644072,0.9547172210244457,0.8880123902618158
237,121856,2314.4904861000105,52.64916867527557,3150.818981077325,0.0002618338979540535,-6.042325082257036,6.042325082257036,1.4972364022304128,0.3748767702467108,0.8667625469445664,0.12768536112670048,107.0,31.0,1.0097253920191678,3.3119767265559714,20.532088489549906,15.270441134329,288.2618590709279,1040.2462544644072,0.9547172210244457,0.8880123902618158
238,122368,2335.096928400002,52.40382037753182,3155.800451352304,0.0002641220512821084,-6.042325082257036,6.042325082257036,1.4972364022304128,0.3748767702467108,0.8667625469445664,0.12768536112670048,107.0,31.0,1.0097253920191678,3.3119767265559714,20.532088489549906,15.270441134329,288.2618590709279,1040.2462544644072,0.9547172210244457,0.8880123902618158
239,122880,2355.8954521999985,52.15851148456157,3160.8263983683314,0.00026288721924677813,-6.087695769639644,6.087695769639644,1.4945217591673372,0.3869017869257012,0.8751329713900349,0.08174264748971771,109.0,32.0,1.2839615692181254,3.577622479132697,18.479739635725295,12.67759391320692,346.31640634853443,1046.6559245622989,0.9326991653406348,0.8196230816237016
240,123392,2372.5136820000043,52.00897298766338,3160.070090962661,0.0002721433602080376,-6.087695769639644,6.087695769639644,1.4945217591673372,0.3869017869257012,0.8751329713900349,0.08174264748971771,109.0,32.0,1.2839615692181254,3.577622479132697,18.479739635725295,12.67759391320692,346.31640634853443,1046.6559245622989,0.9326991653406348,0.8196230816237016
241,123904,2384.3811227000115,51.964846903205775,3152.9006581157178,0.00027212529557057443,-6.087695769639644,6.087695769639644,1.4945217591673372,0.3869017869257012,0.8751329713900349,0.08174264748971771,109.0,32.0,1.2839615692181254,3.577622479132697,18.479739635725295,12.67759391320692,346.31640634853443,1046.6559245622989,0.9326991653406348,0.8196230816237016
242,124416,2399.168447200005,51.857967765957426,3149.5256570238753,0.00027053553020015626,-6.169360563983127,6.169360563983127,1.523073123567682,0.39996974137291474,0.8847475458807055,0.22003119449208428,114.0,38.0,1.314841983941394,3.3307818433645506,14.988322656838204,10.763393435676212,428.10576815985485,1086.152313173616,0.9205474217783698,0.8280931201533047
243,124928,2405.198929200007,51.94081806844654,3134.644506088534,0.00027203152415722343,-6.169360563983127,6.169360563983127,1.523073123567682,0.39996974137291474,0.8847475458807055,0.22003119449208428,114.0,38.0,1.314841983941394,3.3307818433645506,14.988322656838204,10.763393435676212,428.10576815985485,1086.152313173616,0.9205474217783698,0.8280931201533047
244,125440,2411.0133917000057,52.0279150799541,3119.5561027302115,0.0002707722520119099,-6.169360563983127,6.169360563983127,1.523073123567682,0.39996974137291474,0.8847475458807055,0.22003119449208428,114.0,38.0,1.314841983941394,3.3307818433645506,14.988322656838204,10.763393435676212,428.10576815985485,1086.152313173616,0.9205474217783698,0.8280931201533047
245,125952,2416.0011501000117,52.13242551427848,3103.4811521609904,0.0002705892434345412,-6.169360563983127,6.169360563983127,1.523073123567682,0.39996974137291474,0.8847475458807055,0.22003119449208428,114.0,38.0,1.314841983941394,3.3307818433645506,14.988322656838204,10.763393435676212,428.10576815985485,1086.152313173616,0.9205474217783698,0.8280931201533047
246,126464,2421.224869400001,52.23141460270016,3087.796898222673,0.0002705832921150839,-6.169360563983127,6.169360563983127,1.523073123567682,0.39996974137291474,0.8847475458807055,0.22003119449208428,114.0,38.0,1.314841983941394,3.3307818433645506,14.988322656838204,10.763393435676212,428.10576815985485,1086.152313173616,0.9205474217783698,0.8280931201533047
247,126976,2427.485592600002,52.3076224992133,3073.5099841790347,0.0002705627803447287,-6.169360563983127,6.169360563983127,1.523073123567682,0.39996974137291474,0.8847475458807055,0.22003119449208428,114.0,38.0,1.314841983941394,3.3307818433645506,14.988322656838204,10.763393435676212,428.10576815985485,1086.152313173616,0.9205474217783698,0.8280931201533047
248,127488,2432.8981879000057,52.4016996001149,3058.2214169184813,0.0002699153719032307,-6.169360563983127,6.169360563983127,1.523073123567682,0.39996974137291474,0.8847475458807055,0.22003119449208428,114.0,38.0,1.314841983941394,3.3307818433645506,14.988322656838204,10.763393435676212,428.10576815985485,1086.152313173616,0.9205474217783698,0.8280931201533047
249,128000,2437.602360200006,52.51061538580787,3042.127745529607,0.00026966649241015123,-6.169360563983127,6.169360563983127,1.523073123567682,0.39996974137291474,0.8847475458807055,0.22003119449208428,114.0,38.0,1.314841983941394,3.3307818433645506,14.988322656838204,10.763393435676212,428.10576815985485,1086.152313173616,0.9205474217783698,0.8280931201533047
250,128512,2442.1082106000104,52.623384763292464,3025.8790975960287,0.00026957571971011933,-6.169360563983127,6.169360563983127,1.523073123567682,0.39996974137291474,0.8847475458807055,0.22003119449208428,114.0,38.0,1.314841983941394,3.3307818433645506,14.988322656838204,10.763393435676212,428.10576815985485,1086.152313173616,0.9205474217783698,0.8280931201533047
251,129024,2447.584514800008,52.71482934289709,3010.9174586825497,0.0002712378499522947,-6.169360563983127,6.169360563983127,1.523073123567682,0.39996974137291474,0.8847475458807055,0.22003119449208428,114.0,38.0,1.314841983941394,3.3307818433645506,14.988322656838204,10.763393435676212,428.10576815985485,1086.152313173616,0.9205474217783698,0.8280931201533047
252,129536,2453.274376000001,52.80126889484127,2996.2916291857723,0.00027025441881932855,-6.169360563983127,6.169360563983127,1.523073123567682,0.39996974137291474,0.8847475458807055,0.22003119449208428,114.0,38.0,1.314841983941394,3.3307818433645506,14.988322656838204,10.763393435676212,428.10576815985485,1086.152313173616,0.9205474217783698,0.8280931201533047
253,130048,2458.9707716999983,52.88716787393609,2981.744085368502,0.00026810913408458376,-6.169360563983127,6.169360563983127,1.523073123567682,0.39996974137291474,0.8847475458807055,0.22003119449208428,114.0,38.0,1.314841983941394,3.3307818433645506,14.988322656838204,10.763393435676212,428.10576815985485,1086.152313173616,0.9205474217783698,0.8280931201533047
254,130560,2464.5605551000044,52.97496128866766,2967.1376094733387,0.00026774787386657804,-6.169360563983127,6.169360563983127,1.523073123567682,0.39996974137291474,0.8847475458807055,0.22003119449208428,114.0,38.0,1.314841983941394,3.3307818433645506,14.988322656838204,10.763393435676212,428.10576815985485,1086.152313173616,0.9205474217783698,0.8280931201533047
255,131072,2470.649721599999,53.051632068311754,2953.1984953499987,0.00027706520647238997,-6.169360563983127,6.169360563983127,1.523073123567682,0.39996974137291474,0.8847475458807055,0.22003119449208428,114.0,38.0,1.314841983941394,3.3307818433645506,14.988322656838204,10.763393435676212,428.10576815985485,1086.152313173616,0.9205474217783698,0.8280931201533047
256,131584,2477.526109600003,53.11104471921963,2940.2547215097316,0.00027703055507225004,-6.169360563983127,6.169360563983127,1.523073123567682,0.39996974137291474,0.8847475458807055,0.22003119449208428,114.0,38.0,1.314841983941394,3.3307818433645506,14.988322656838204,10.763393435676212,428.10576815985485,1086.152313173616,0.9205474217783698,0.8280931201533047
257,132096,2484.0178700000106,53.178361393994095,2926.904777054276,0.0002759733348864654,-6.169360563983127,6.169360563983127,1.523073123567682,0.39996974137291474,0.8847475458807055,0.22003119449208428,114.0,38.0,1.314841983941394,3.3307818433645506,14.988322656838204,10.763393435676212,428.10576815985485,1086.152313173616,0.9205474217783698,0.8280931201533047
258,132608,2490.6056007000007,53.24327543579348,2913.7200656837845,0.0002760059800505358,-6.169360563983127,6.169360563983127,1.523073123567682,0.39996974137291474,0.8847475458807055,0.22003119449208428,114.0,38.0,1.314841983941394,3.3307818433645506,14.988322656838204,10.763393435676212,428.10576815985485,1086.152313173616,0.9205474217783698,0.8280931201533047
259,133120,2496.564853300006,53.3212665491303,2899.8560988330837,0.0002835271093487991,-6.169360563983127,6.169360563983127,1.523073123567682,0.39996974137291474,0.8847475458807055,0.22003119449208428,114.0,38.0,1.314841983941394,3.3307818433645506,14.988322656838204,10.763393435676212,428.10576815985485,1086.152313173616,0.9205474217783698,0.8280931201533047
260,133632,2502.514768000008,53.39908547544666,2886.041935509588,0.00028257171744748355,-6.169360563983127,6.169360563983127,1.523073123567682,0.39996974137291474,0.8847475458807055,0.22003119449208428,114.0,38.0,1.314841983941394,3.3307818433645506,14.988322656838204,10.763393435676212,428.10576815985485,1086.152313173616,0.9205474217783698,0.8280931201533047
261,134144,2509.4619525000016,53.45528345881542,2873.4297166030556,0.0002825504035766793,-6.169360563983127,6.169360563983127,1.523073123567682,0.39996974137291474,0.8847475458807055,0.22003119449208428,114.0,38.0,1.314841983941394,3.3307818433645506,14.988322656838204,10.763393435676212,428.10576815985485,1086.152313173616,0.9205474217783698,0.8280931201533047
262,134656,2514.5637390000047,53.550442134964605,2858.7625777984845,0.00028075412981173225,-6.169360563983127,6.169360563983127,1.523073123567682,0.39996974137291474,0.8847475458807055,0.22003119449208428,114.0,38.0,1.314841983941394,3.3307818433645506,14.988322656838204,10.763393435676212,428.10576815985485,1086.152313173616,0.9205474217783698,0.8280931201533047
263,135168,2519.466627300004,53.64945045723956,2843.9433899068226,0.0002806958151818401,-6.169360563983127,6.169360563983127,1.523073123567682,0.39996974137291474,0.8847475458807055,0.22003119449208428,114.0,38.0,1.314841983941394,3.3307818433645506,14.988322656838204,10.763393435676212,428.10576815985485,1086.152313173616,0.9205474217783698,0.8280931201533047
264,135680,2525.194751300005,53.730509272661074,2830.1239288154775,0.00027959727944959083,-6.169360563983127,6.169360563983127,1.523073123567682,0.39996974137291474,0.8847475458807055,0.22003119449208428,114.0,38.0,1.314841983941394,3.3307818433645506,14.988322656838204,10.763393435676212,428.10576815985485,1086.152313173616,0.9205474217783698,0.8280931201533047
265,136192,2530.6332323000097,53.81736012224085,2816.042995341364,0.0002795839582071133,-6.169360563983127,6.169360563983127,1.523073123567682,0.39996974137291474,0.8847475458807055,0.22003119449208428,114.0,38.0,1.314841983941394,3.3307818433645506,14.988322656838204,10.763393435676212,428.10576815985485,1086.152313173616,0.9205474217783698,0.8280931201533047
266,136704,2537.582159700003,53.87175326617262,2803.6956446123627,0.0002783586844585982,-6.211525717443862,6.211525717443862,1.5193890366354148,0.3856601920775835,0.8885705166167772,0.14256223167662932,112.0,37.0,1.0934828292540608,3.3574318955172675,21.182249343869966,15.899334289784287,291.18427576105483,1098.0893524194646,0.9379608110018152,0.7918111364410945
267,137216,2546.968203800003,53.87424931150601,2794.062134019406,0.0002786429116589535,-6.211525717443862,6.211525717443862,1.5193890366354148,0.3856601920775835,0.8885705166167772,0.14256223167662932,112.0,37.0,1.0934828292540608,3.3574318955172675,21.182249343869966,15.899334289784287,291.18427576105483,1098.0893524194646,0.9379608110018152,0.7918111364410945
268,137728,2559.3917456000054,53.81278588429301,2787.7389645382955,0.0002787538301773478,-6.211525717443862,6.211525717443862,1.5193890366354148,0.3856601920775835,0.8885705166167772,0.14256223167662932,112.0,37.0,1.0934828292540608,3.3574318955172675,21.182249343869966,15.899334289784287,291.18427576105483,1098.0893524194646,0.9379608110018152,0.7918111364410945
269,138240,2569.8675190000067,53.79265622758339,2779.2641316592667,0.00027892646511179216,-6.211525717443862,6.211525717443862,1.5193890366354148,0.3856601920775835,0.8885705166167772,0.14256223167662932,112.0,37.0,1.0934828292540608,3.3574318955172675,21.182249343869966,15.899334289784287,291.18427576105483,1098.0893524194646,0.9379608110018152,0.7918111364410945
270,138752,2578.570551900004,53.80965818358603,2768.8709616343217,0.0002794160024247406,-6.211525717443862,6.211525717443862,1.5193890366354148,0.3856601920775835,0.8885705166167772,0.14256223167662932,112.0,37.0,1.0934828292540608,3.3574318955172675,21.182249343869966,15.899334289784287,291.18427576105483,1098.0893524194646,0.9379608110018152,0.7918111364410945
271,139264,2591.254986400003,53.74384255154977,2762.7350957941208,0.00027963896538589614,-6.211525717443862,6.211525717443862,1.5193890366354148,0.3856601920775835,0.8885705166167772,0.14256223167662932,112.0,37.0,1.0934828292540608,3.3574318955172675,21.182249343869966,15.899334289784287,291.18427576105483,1098.0893524194646,0.9379608110018152,0.7918111364410945
272,139776,2601.3610511000006,53.73187237538399,2753.8217720435905,0.0002805998007275083,-6.211525717443862,6.211525717443862,1.5193890366354148,0.3856601920775835,0.8885705166167772,0.14256223167662932,112.0,37.0,1.0934828292540608,3.3574318955172675,21.182249343869966,15.899334289784287,291.18427576105483,1098.0893524194646,0.9379608110018152,0.7918111364410945
273,140288,2611.512977000006,53.71905146003021,2744.9479466277435,0.00028055901072182403,-6.211525717443862,6.211525717443862,1.5193890366354148,0.3856601920775835,0.8885705166167772,0.14256223167662932,112.0,37.0,1.0934828292540608,3.3574318955172675,21.182249343869966,15.899334289784287,291.18427576105483,1098.0893524194646,0.9379608110018152,0.7918111364410945
274,140800,2621.639018700007,53.70686009617699,2736.03781224328,0.0002841903385952521,-6.211525717443862,6.211525717443862,1.5193890366354148,0.3856601920775835,0.8885705166167772,0.14256223167662932,112.0,37.0,1.0934828292540608,3.3574318955172675,21.182249343869966,15.899334289784287,291.18427576105483,1098.0893524194646,0.9379608110018152,0.7918111364410945
275,141312,2634.3195294000034,53.6426953613275,2729.765889160873,0.00028439972474580635,-6.211525717443862,6.211525717443862,1.5193890366354148,0.3856601920775835,0.8885705166167772,0.14256223167662932,112.0,37.0,1.0934828292540608,3.3574318955172675,21.182249343869966,15.899334289784287,291.18427576105483,1098.0893524194646,0.9379608110018152,0.7918111364410945
276,141824,2645.3974036,53.61160474679465,2721.79877265704,0.00028412212329949284,-6.211525717443862,6.211525717443862,1.5193890366354148,0.3856601920775835,0.8885705166167772,0.14256223167662932,112.0,37.0,1.0934828292540608,3.3574318955172675,21.182249343869966,15.899334289784287,291.18427576105483,1098.0893524194646,0.9379608110018152,0.7918111364410945
277,142336,2659.117641500008,53.527530252369075,2716.5086697338215,0.0002840679236943308,-6.211525717443862,6.211525717443862,1.5193890366354148,0.3856601920775835,0.8885705166167772,0.14256223167662932,112.0,37.0,1.0934828292540608,3.3574318955172675,21.182249343869966,15.899334289784287,291.18427576105483,1098.0893524194646,0.9379608110018152,0.7918111364410945
278,142848,2674.6352217000094,53.4084045708503,2712.9812463838807,0.0002847689472643502,-6.211525717443862,6.211525717443862,1.5193890366354148,0.3856601920775835,0.8885705166167772,0.14256223167662932,112.0,37.0,1.0934828292540608,3.3574318955172675,21.182249343869966,15.899334289784287,291.18427576105483,1098.0893524194646,0.9379608110018152,0.7918111364410945
279,143360,2684.9267249000113,53.394380811393965,2704.104772935011,0.0002873274656405522,-6.211525717443862,6.211525717443862,1.5193890366354148,0.3856601920775835,0.8885705166167772,0.14256223167662932,112.0,37.0,1.0934828292540608,3.3574318955172675,21.182249343869966,15.899334289784287,291.18427576105483,1098.0893524194646,0.9379608110018152,0.7918111364410945
280,143872,2695.7002109000023,53.37091988873868,2695.7002109000023,0.0002884504290791891,-6.211525717443862,6.211525717443862,1.5193890366354148,0.3856601920775835,0.8885705166167772,0.14256223167662932,112.0,37.0,1.0934828292540608,3.3574318955172675,21.182249343869966,15.899334289784287,291.18427576105483,1098.0893524194646,0.9379608110018152,0.7918111364410945
281,144384,2705.951514100001,53.35794054241289,2686.76036860993,0.0002883375007907059,-6.211525717443862,6.211525717443862,1.5193890366354148,0.3856601920775835,0.8885705166167772,0.14256223167662932,112.0,37.0,1.0934828292540608,3.3574318955172675,21.182249343869966,15.899334289784287,291.18427576105483,1098.0893524194646,0.9379608110018152,0.7918111364410945
282,144896,2717.1867452000006,53.325742242767646,2678.7812788367496,0.0002883000753145624,-6.211525717443862,6.211525717443862,1.5193890366354148,0.3856601920775835,0.8885705166167772,0.14256223167662932,112.0,37.0,1.0934828292540608,3.3574318955172675,21.182249343869966,15.899334289784287,291.18427576105483,1098.0893524194646,0.9379608110018152,0.7918111364410945
283,145408,2729.3664688999997,53.27536688710143,2671.7037970218307,0.000287348006067778,-6.211525717443862,6.211525717443862,1.5193890366354148,0.3856601920775835,0.8885705166167772,0.14256223167662932,112.0,37.0,1.0934828292540608,3.3574318955172675,21.182249343869966,15.899334289784287,291.18427576105483,1098.0893524194646,0.9379608110018152,0.7918111364410945
284,145920,2739.8658247999992,53.258082450315484,2662.9573104196484,0.0002884742765938033,-6.211525717443862,6.211525717443862,1.5193890366354148,0.3856601920775835,0.8885705166167772,0.14256223167662932,112.0,37.0,1.0934828292540608,3.3574318955172675,21.182249343869966,15.899334289784287,291.18427576105483,1098.0893524194646,0.9379608110018152,0.7918111364410945
285,146432,2751.0418493000034,53.227834406539216,2654.8515748489544,0.00029160018194006153,-6.211525717443862,6.211525717443862,1.5193890366354148,0.3856601920775835,0.8885705166167772,0.14256223167662932,112.0,37.0,1.0934828292540608,3.3574318955172675,21.182249343869966,15.899334289784287,291.18427576105483,1098.0893524194646,0.9379608110018152,0.7918111364410945
286,146944,2764.9403777000116,53.145449784430404,2649.333114520917,0.0002913699804310654,-6.211525717443862,6.211525717443862,1.5193890366354148,0.3856601920775835,0.8885705166167772,0.14256223167662932,112.0,37.0,1.0934828292540608,3.3574318955172675,21.182249343869966,15.899334289784287,291.18427576105483,1098.0893524194646,0.9379608110018152,0.7918111364410945
287,147456,2773.5797735000087,53.16450653731288,2638.7529789548694,0.0002924314446540881,-6.211525717443862,6.211525717443862,1.5193890366354148,0.3856601920775835,0.8885705166167772,0.14256223167662932,112.0,37.0,1.0934828292540608,3.3574318955172675,21.182249343869966,15.899334289784287,291.18427576105483,1098.0893524194646,0.9379608110018152,0.7918111364410945
288,147968,2785.000229600002,53.13033673295317,2630.813365677511,0.00029242754299606006,-6.211525717443862,6.211525717443862,1.5193890366354148,0.3856601920775835,0.8885705166167772,0.14256223167662932,112.0,37.0,1.0934828292540608,3.3574318955172675,21.182249343869966,15.899334289784287,291.18427576105483,1098.0893524194646,0.9379608110018152,0.7918111364410945
289,148480,2796.266254400005,53.09937841804673,2622.7049006786256,0.0002923903703758501,-6.211525717443862,6.211525717443862,1.5193890366354148,0.3856601920775835,0.8885705166167772,0.14256223167662932,112.0,37.0,1.0934828292540608,3.3574318955172675,21.182249343869966,15.899334289784287,291.18427576105483,1098.0893524194646,0.9379608110018152,0.7918111364410945
290,148992,2807.7779020000016,53.06402614461488,2614.8034757457062,0.0002922817440372895,-6.211525717443862,6.211525717443862,1.5193890366354148,0.3856601920775835,0.8885705166167772,0.14256223167662932,112.0,37.0,1.0934828292540608,3.3574318955172675,21.182249343869966,15.899334289784287,291.18427576105483,1098.0893524194646,0.9379608110018152,0.7918111364410945
291,149504,2817.607192800002,53.06062547754577,2605.3217193698647,0.0002922817440372895,-6.211525717443862,6.211525717443862,1.5193890366354148,0.3856601920775835,0.8885705166167772,0.14256223167662932,112.0,37.0,1.0934828292540608,3.3574318955172675,21.182249343869966,15.899334289784287,291.18427576105483,1098.0893524194646,0.9379608110018152,0.7918111364410945
292,150016,2832.3275026000047,52.96562627813667,2600.3279802027346,0.00029052913541859255,-6.211525717443862,6.211525717443862,1.5193890366354148,0.3856601920775835,0.8885705166167772,0.14256223167662932,112.0,37.0,1.0934828292540608,3.3574318955172675,21.182249343869966,15.899334289784287,291.18427576105483,1098.0893524194646,0.9379608110018152,0.7918111364410945
293,150528,2841.548327100012,52.973936274250796,2590.2549376285824,0.00029193682983044884,-6.211525717443862,6.211525717443862,1.5193890366354148,0.3856601920775835,0.8885705166167772,0.14256223167662932,112.0,37.0,1.0934828292540608,3.3574318955172675,21.182249343869966,15.899334289784287,291.18427576105483,1098.0893524194646,0.9379608110018152,0.7918111364410945
294,151040,2849.8682124000043,52.99894196609264,2579.3722464772923,0.0002940839634334194,-6.211525717443862,6.211525717443862,1.5193890366354148,0.3856601920775835,0.8885705166167772,0.14256223167662932,112.0,37.0,1.0934828292540608,3.3574318955172675,21.182249343869966,15.899334289784287,291.18427576105483,1098.0893524194646,0.9379608110018152,0.7918111364410945
295,151552,2860.8790567000106,52.973927592316116,2570.925098250685,0.00029410178146724314,-6.211525717443862,6.211525717443862,1.5193890366354148,0.3856601920775835,0.8885705166167772,0.14256223167662932,112.0,37.0,1.0934828292540608,3.3574318955172675,21.182249343869966,15.899334289784287,291.18427576105483,1098.0893524194646,0.9379608110018152,0.7918111364410945
296,152064,2872.3994523,52.939712085740254,2562.9153362272727,0.00029416818055146644,-6.211525717443862,6.211525717443862,1.5193890366354148,0.3856601920775835,0.8885705166167772,0.14256223167662932,112.0,37.0,1.0934828292540608,3.3574318955172675,21.182249343869966,15.899334289784287,291.18427576105483,1098.0893524194646,0.9379608110018152,0.7918111364410945
297,152576,2885.8133963,52.87105541738177,2556.559518869799,0.0002938885162150057,-6.211525717443862,6.211525717443862,1.5193890366354148,0.3856601920775835,0.8885705166167772,0.14256223167662932,112.0,37.0,1.0934828292540608,3.3574318955172675,21.182249343869966,15.899334289784287,291.18427576105483,1098.0893524194646,0.9379608110018152,0.7918111364410945
298,153088,2895.5579155000014,52.869949235176996,2546.928868817727,0.0002937797629818671,-6.211525717443862,6.211525717443862,1.5193890366354148,0.3856601920775835,0.8885705166167772,0.14256223167662932,112.0,37.0,1.0934828292540608,3.3574318955172675,21.182249343869966,15.899334289784287,291.18427576105483,1098.0893524194646,0.9379608110018152,0.7918111364410945
299,153600,2907.5851823999983,52.82734309204811,2539.2910592959984,0.00029334749354870614,-6.211525717443862,6.211525717443862,1.5193890366354148,0.3856601920775835,0.8885705166167772,0.14256223167662932,112.0,37.0,1.0934828292540608,3.3574318955172675,21.182249343869966,15.899334289784287,291.18427576105483,1098.0893524194646,0.9379608110018152,0.7918111364410945
300,154112,2921.8638790000114,52.74441465519051,2533.5763203289134,0.00029374621973473757,-6.211525717443862,6.211525717443862,1.5193890366354148,0.3856601920775835,0.8885705166167772,0.14256223167662932,112.0,37.0,1.0934828292540608,3.3574318955172675,21.182249343869966,15.899334289784287,291.18427576105483,1098.0893524194646,0.9379608110018152,0.7918111364410945
301,154624,2932.251283500009,52.73217915193029,2524.4547473841135,0.0002939375772647075,-6.211525717443862,6.211525717443862,1.5193890366354148,0.3856601920775835,0.8885705166167772,0.14256223167662932,112.0,37.0,1.0934828292540608,3.3574318955172675,21.182249343869966,15.899334289784287,291.18427576105483,1098.0893524194646,0.9379608110018152,0.7918111364410945
302,155136,2943.4199582,52.706036584351644,2515.992637537294,0.0002935453276048526,-6.211525717443862,6.211525717443862,1.5193890366354148,0.3856601920775835,0.8885705166167772,0.14256223167662932,112.0,37.0,1.0934828292540608,3.3574318955172675,21.182249343869966,15.899334289784287,291.18427576105483,1098.0893524194646,0.9379608110018152,0.7918111364410945
303,155648,2955.177338300011,52.66959717873911,2508.012346320404,0.00029293392820705554,-6.211525717443862,6.211525717443862,1.5193890366354148,0.3856601920775835,0.8885705166167772,0.14256223167662932,112.0,37.0,1.0934828292540608,3.3574318955172675,21.182249343869966,15.899334289784287,291.18427576105483,1098.0893524194646,0.9379608110018152,0.7918111364410945
304,156160,2967.581057500007,52.621983013853914,2500.551907467219,0.00029337952895530515,-6.211525717443862,6.211525717443862,1.5193890366354148,0.3856601920775835,0.8885705166167772,0.14256223167662932,112.0,37.0,1.0934828292540608,3.3574318955172675,21.182249343869966,15.899334289784287,291.18427576105483,1098.0893524194646,0.9379608110018152,0.7918111364410945
305,156672,2978.5497359,52.60009531204283,2491.8586025830064,0.00029293066181349756,-6.211525717443862,6.211525717443862,1.5193890366354148,0.3856601920775835,0.8885705166167772,0.14256223167662932,112.0,37.0,1.0934828292540608,3.3574318955172675,21.182249343869966,15.899334289784287,291.18427576105483,1098.0893524194646,0.9379608110018152,0.7918111364410945
306,157184,2988.7335456,52.59217578342023,2482.4985476482084,0.00029733141222137836,-6.211525717443862,6.211525717443862,1.5193890366354148,0.3856601920775835,0.8885705166167772,0.14256223167662932,112.0,37.0,1.0934828292540608,3.3574318955172675,21.182249343869966,15.899334289784287,291.18427576105483,1098.0893524194646,0.9379608110018152,0.7918111364410945
307,157696,2997.7922824000125,52.60404495862856,2472.2053237974133,0.00029737968615803785,-6.211525717443862,6.211525717443862,1.5193890366354148,0.3856601920775835,0.8885705166167772,0.14256223167662932,112.0,37.0,1.0934828292540608,3.3574318955172675,21.182249343869966,15.899334289784287,291.18427576105483,1098.0893524194646,0.9379608110018152,0.7918111364410945
308,158208,3012.8229662000085,52.51154872851472,2466.8097425521105,0.00029781914417444474,-6.211525717443862,6.211525717443862,1.5193890366354148,0.3856601920775835,0.8885705166167772,0.14256223167662932,112.0,37.0,1.0934828292540608,3.3574318955172675,21.182249343869966,15.899334289784287,291.18427576105483,1098.0893524194646,0.9379608110018152,0.7918111364410945
309,158720,3025.74686140001,52.45647017760118,2459.6393841058143,0.00029883693751441096,-6.211525717443862,6.211525717443862,1.5193890366354148,0.3856601920775835,0.8885705166167772,0.14256223167662932,112.0,37.0,1.0934828292540608,3.3574318955172675,21.182249343869966,15.899334289784287,291.18427576105483,1098.0893524194646,0.9379608110018152,0.7918111364410945
310,159232,3035.7599665000016,52.45210482948106,2450.0828025450173,0.0002992987356614546,-6.211525717443862,6.211525717443862,1.5193890366354148,0.3856601920775835,0.8885705166167772,0.14256223167662932,112.0,37.0,1.0934828292540608,3.3574318955172675,21.182249343869966,15.899334289784287,291.18427576105483,1098.0893524194646,0.9379608110018152,0.7918111364410945
311,159744,3047.3801007,52.42010997030069,2441.810978125,0.00029807183517127444,-6.211525717443862,6.211525717443862,1.5193890366354148,0.3856601920775835,0.8885705166167772,0.14256223167662932,112.0,37.0,1.0934828292540608,3.3574318955172675,21.182249343869966,15.899334289784287,291.18427576105483,1098.0893524194646,0.9379608110018152,0.7918111364410945
312,160256,3058.997653700004,52.388402392581995,2433.5157053396197,0.00029697869979377776,-6.211525717443862,6.211525717443862,1.5193890366354148,0.3856601920775835,0.8885705166167772,0.14256223167662932,112.0,37.0,1.0934828292540608,3.3574318955172675,21.182249343869966,15.899334289784287,291.18427576105483,1098.0893524194646,0.9379608110018152,0.7918111364410945
313,160768,3068.8573767000053,52.386924599564345,2423.810921724845,0.0002990139622252999,-6.211525717443862,6.211525717443862,1.5193890366354148,0.3856601920775835,0.8885705166167772,0.14256223167662932,112.0,37.0,1.0934828292540608,3.3574318955172675,21.182249343869966,15.899334289784287,291.18427576105483,1098.0893524194646,0.9379608110018152,0.7918111364410945
314,161280,3081.0999095000006,52.34494327909426,2415.9735798301595,0.0003047431568839716,-6.211525717443862,6.211525717443862,1.5193890366354148,0.3856601920775835,0.8885705166167772,0.14256223167662932,112.0,37.0,1.0934828292540608,3.3574318955172675,21.182249343869966,15.899334289784287,291.18427576105483,1098.0893524194646,0.9379608110018152,0.7918111364410945
315,161792,3095.377300799999,52.26891079099951,2409.692455686075,0.0003058173033647781,-6.211525717443862,6.211525717443862,1.5193890366354148,0.3856601920775835,0.8885705166167772,0.14256223167662932,112.0,37.0,1.0934828292540608,3.3574318955172675,21.182249343869966,15.899334289784287,291.18427576105483,1098.0893524194646,0.9379608110018152,0.7918111364410945
316,162304,3104.026708000005,52.2882098861115,2399.011178107259,0.0003079003292364635,-6.211525717443862,6.211525717443862,1.5193890366354148,0.3856601920775835,0.8885705166167772,0.14256223167662932,112.0,37.0,1.0934828292540608,3.3574318955172675,21.182249343869966,15.899334289784287,291.18427576105483,1098.0893524194646,0.9379608110018152,0.7918111364410945
317,162816,3114.6471606000123,52.274299978375325,2389.8550540452925,0.0003079003292364635,-6.211525717443862,6.211525717443862,1.5193890366354148,0.3856601920775835,0.8885705166167772,0.14256223167662932,112.0,37.0,1.0934828292540608,3.3574318955172675,21.182249343869966,15.899334289784287,291.18427576105483,1098.0893524194646,0.9379608110018152,0.7918111364410945
318,163328,3128.789692800012,52.20165496449036,2383.3727126971876,0.00030771937746170396,-6.211525717443862,6.211525717443862,1.5193890366354148,0.3856601920775835,0.8885705166167772,0.14256223167662932,112.0,37.0,1.0934828292540608,3.3574318955172675,21.182249343869966,15.899334289784287,291.18427576105483,1098.0893524194646,0.9379608110018152,0.7918111364410945
319,163840,3138.144683899998,52.20919253359098,2373.2219171993734,0.000307136522795921,-6.211525717443862,6.211525717443862,1.5193890366354148,0.3856601920775835,0.8885705166167772,0.14256223167662932,112.0,37.0,1.0934828292540608,3.3574318955172675,21.182249343869966,15.899334289784287,291.18427576105483,1098.0893524194646,0.9379608110018152,0.7918111364410945
320,164352,3150.9058155000093,52.160238872109666,2365.6333381168297,0.00030681512175875265,-6.211525717443862,6.211525717443862,1.5193890366354148,0.3856601920775835,0.8885705166167772,0.14256223167662932,112.0,37.0,1.0934828292540608,3.3574318955172675,21.182249343869966,15.899334289784287,291.18427576105483,1098.0893524194646,0.9379608110018152,0.7918111364410945
321,164864,3162.337733799999,52.13358403749382,2357.0219133913033,0.00030729230815423485,-6.211525717443862,6.211525717443862,1.5193890366354148,0.3856601920775835,0.8885705166167772,0.14256223167662932,112.0,37.0,1.0934828292540608,3.3574318955172675,21.182249343869966,15.899334289784287,291.18427576105483,1098.0893524194646,0.9379608110018152,0.7918111364410945
322,165376,3171.225084999998,52.14893158553584,2346.510202213621,0.00030729230815423485,-6.211525717443862,6.211525717443862,1.5193890366354148,0.3856601920775835,0.8885705166167772,0.14256223167662932,112.0,37.0,1.0934828292540608,3.3574318955172675,21.182249343869966,15.899334289784287,291.18427576105483,1098.0893524194646,0.9379608110018152,0.7918111364410945
323,165888,3181.439299000005,52.1424375603024,2336.9831887716086,0.00030744124756827007,-6.211525717443862,6.211525717443862,1.5193890366354148,0.3856601920775835,0.8885705166167772,0.14256223167662932,112.0,37.0,1.0934828292540608,3.3574318955172675,21.182249343869966,15.899334289784287,291.18427576105483,1098.0893524194646,0.9379608110018152,0.7918111364410945
324,166400,3190.308419400011,52.15796660540243,2326.47106276247,0.0003110672486205685,-6.211525717443862,6.211525717443862,1.5193890366354148,0.3856601920775835,0.8885705166167772,0.14256223167662932,112.0,37.0,1.0934828292540608,3.3574318955172675,21.182249343869966,15.899334289784287,291.18427576105483,1098.0893524194646,0.9379608110018152,0.7918111364410945
325,166912,3198.509953700006,52.18429906929562,2315.4857333533787,0.00031155401056887885,-6.211525717443862,6.211525717443862,1.5193890366354148,0.3856601920775835,0.8885705166167772,0.14256223167662932,112.0,37.0,1.0934828292540608,3.3574318955172675,21.182249343869966,15.899334289784287,291.18427576105483,1098.0893524194646,0.9379608110018152,0.7918111364410945
326,167424,3213.243865100012,52.104355296042534,2309.211951983189,0.0003112193886020783,-6.211525717443862,6.211525717443862,1.5193890366354148,0.3856601920775835,0.8885705166167772,0.14256223167662932,112.0,37.0,1.0934828292540608,3.3574318955172675,21.182249343869966,15.899334289784287,291.18427576105483,1098.0893524194646,0.9379608110018152,0.7918111364410945
327,167936,3226.818022300009,52.04383973295733,2302.059198835982,0.00031306883835483277,-6.211525717443862,6.211525717443862,1.5193890366354148,0.3856601920775835,0.8885705166167772,0.14256223167662932,112.0,37.0,1.0934828292540608,3.3574318955172675,21.182249343869966,15.899334289784287,291.18427576105483,1098.0893524194646,0.9379608110018152,0.7918111364410945
328,168448,3241.225053800008,51.97047326365436,2295.4572569465104,0.0003131580738832334,-6.211525717443862,6.211525717443862,1.5193890366354148,0.3856601920775835,0.8885705166167772,0.14256223167662932,112.0,37.0,1.0934828292540608,3.3574318955172675,21.182249343869966,15.899334289784287,291.18427576105483,1098.0893524194646,0.9379608110018152,0.7918111364410945
329,168960,3254.276813500008,51.919369396938855,2287.8552143393995,0.00031541488321735437,-6.211525717443862,6.211525717443862,1.5193890366354148,0.3856601920775835,0.8885705166167772,0.14256223167662932,112.0,37.0,1.0934828292540608,3.3574318955172675,21.182249343869966,15.899334289784287,291.18427576105483,1098.0893524194646,0.9379608110018152,0.7918111364410945
330,169472,3267.3676473000087,51.86805352009998,2280.2475121640546,0.0003174843287295479,-6.211525717443862,6.211525717443862,1.5193890366354148,0.3856601920775835,0.8885705166167772,0.14256223167662932,112.0,37.0,1.0934828292540608,3.3574318955172675,21.182249343869966,15.899334289784287,291.18427576105483,1098.0893524194646,0.9379608110018152,0.7918111364410945
331,169984,3279.0553501000104,51.83932012456439,2271.634730490971,0.0003163189552229552,-6.211525717443862,6.211525717443862,1.5193890366354148,0.3856601920775835,0.8885705166167772,0.14256223167662932,112.0,37.0,1.0934828292540608,3.3574318955172675,21.182249343869966,15.899334289784287,291.18427576105483,1098.0893524194646,0.9379608110018152,0.7918111364410945
332,170496,3287.9074351000017,51.85547445158363,2261.053461375076,0.00031702965255131976,-6.211525717443862,6.211525717443862,1.5193890366354148,0.3856601920775835,0.8885705166167772,0.14256223167662932,112.0,37.0,1.0934828292540608,3.3574318955172675,21.182249343869966,15.899334289784287,291.18427576105483,1098.0893524194646,0.9379608110018152,0.7918111364410945
333,171008,3302.1092781000043,51.787504772826914,2254.1344772658713,0.0003150522152612814,-6.211525717443862,6.211525717443862,1.5193890366354148,0.3856601920775835,0.8885705166167772,0.14256223167662932,112.0,37.0,1.0934828292540608,3.3574318955172675,21.182249343869966,15.899334289784287,291.18427576105483,1098.0893524194646,0.9379608110018152,0.7918111364410945
334,171520,3311.944184500011,51.788312376373455,2244.2129250194102,0.0003150354314386157,-6.211525717443862,6.211525717443862,1.5193890366354148,0.3856601920775835,0.8885705166167772,0.14256223167662932,112.0,37.0,1.0934828292540608,3.3574318955172675,21.182249343869966,15.899334289784287,291.18427576105483,1098.0893524194646,0.9379608110018152,0.7918111364410945
335,172032,3322.550445400004,51.77709197408107,2234.810716251193,0.0003150354314386157,-6.211525717443862,6.211525717443862,1.5193890366354148,0.3856601920775835,0.8885705166167772,0.14256223167662932,112.0,37.0,1.0934828292540608,3.3574318955172675,21.182249343869966,15.899334289784287,291.18427576105483,1098.0893524194646,0.9379608110018152,0.7918111364410945
336,172544,3333.925556800008,51.75400501911998,2225.9146892581657,0.00031538578942496247,-6.211525717443862,6.211525717443862,1.5193890366354148,0.3856601920775835,0.8885705166167772,0.14256223167662932,112.0,37.0,1.0934828292540608,3.3574318955172675,21.182249343869966,15.899334289784287,291.18427576105483,1098.0893524194646,0.9379608110018152,0.7918111364410945
337,173056,3350.0695656000025,51.65743475210653,2220.1644458414216,0.0003152406609780523,-6.211525717443862,6.211525717443862,1.5193890366354148,0.3856601920775835,0.8885705166167772,0.14256223167662932,112.0,37.0,1.0934828292540608,3.3574318955172675,21.182249343869966,15.899334289784287,291.18427576105483,1098.0893524194646,0.9379608110018152,0.7918111364410945
338,173568,3364.3419668999995,51.59047495993117,2213.1217068398228,0.00031527472443426,-6.211525717443862,6.211525717443862,1.5193890366354148,0.3856601920775835,0.8885705166167772,0.14256223167662932,112.0,37.0,1.0934828292540608,3.3574318955172675,21.182249343869966,15.899334289784287,291.18427576105483,1098.0893524194646,0.9379608110018152,0.7918111364410945
339,174080,3372.723620600009,51.61407206233848,2202.1901287447117,0.00031673761889341887,-6.211525717443862,6.211525717443862,1.5193890366354148,0.3856601920775835,0.8885705166167772,0.14256223167662932,112.0,37.0,1.0934828292540608,3.3574318955172675,21.182249343869966,15.899334289784287,291.18427576105483,1098.0893524194646,0.9379608110018152,0.7918111364410945
340,174592,3388.194954800012,51.52950238375681,2195.8682844891573,0.00031919536725033207,-6.211525717443862,6.211525717443862,1.5193890366354148,0.3856601920775835,0.8885705166167772,0.14256223167662932,112.0,37.0,1.0934828292540608,3.3574318955172675,21.182249343869966,15.899334289784287,291.18427576105483,1098.0893524194646,0.9379608110018152,0.7918111364410945
341,175104,3400.18101700001,51.49843467877919,2187.2509466081933,0.00031880827692468876,-6.211525717443862,6.211525717443862,1.5193890366354148,0.3856601920775835,0.8885705166167772,0.14256223167662932,112.0,37.0,1.0934828292540608,3.3574318955172675,21.182249343869966,15.899334289784287,291.18427576105483,1098.0893524194646,0.9379608110018152,0.7918111364410945
342,175616,3412.356753400003,51.464724438621424,2178.735069955104,0.0003187945654235096,-6.211525717443862,6.211525717443862,1.5193890366354148,0.3856601920775835,0.8885705166167772,0.14256223167662932,112.0,37.0,1.0934828292540608,3.3574318955172675,21.182249343869966,15.899334289784287,291.18427576105483,1098.0893524194646,0.9379608110018152,0.7918111364410945
343,176128,3423.3430853000027,51.44912315575438,2169.4441645215134,0.00031751306699975064,-6.211525717443862,6.211525717443862,1.5193890366354148,0.3856601920775835,0.8885705166167772,0.14256223167662932,112.0,37.0,1.0934828292540608,3.3574318955172675,21.182249343869966,15.899334289784287,291.18427576105483,1098.0893524194646,0.9379608110018152,0.7918111364410945
344,176640,3433.6513126000063,51.44377920722703,2159.7169125629025,0.0003166748332852742,-6.211525717443862,6.211525717443862,1.5193890366354148,0.3856601920775835,0.8885705166167772,0.14256223167662932,112.0,37.0,1.0934828292540608,3.3574318955172675,21.182249343869966,15.899334289784287,291.18427576105483,1098.0893524194646,0.9379608110018152,0.7918111364410945
345,177152,3448.9056527000066,51.364698788241704,2153.0740490843973,0.00031801659631938917,-6.211525717443862,6.211525717443862,1.5193890366354148,0.3856601920775835,0.8885705166167772,0.14256223167662932,112.0,37.0,1.0934828292540608,3.3574318955172675,21.182249343869966,15.899334289784287,291.18427576105483,1098.0893524194646,0.9379608110018152,0.7918111364410945
346,177664,3459.680031900003,51.35272579020253,2143.6057834538924,0.00032074073547556394,-6.211525717443862,6.211525717443862,1.5193890366354148,0.3856601920775835,0.8885705166167772,0.14256223167662932,112.0,37.0,1.0934828292540608,3.3574318955172675,21.182249343869966,15.899334289784287,291.18427576105483,1098.0893524194646,0.9379608110018152,0.7918111364410945
347,178176,3473.2070339000056,51.300137959218965,2135.8227162488542,0.000321423965640341,-6.211525717443862,6.211525717443862,1.5193890366354148,0.3856601920775835,0.8885705166167772,0.14256223167662932,112.0,37.0,1.0934828292540608,3.3574318955172675,21.182249343869966,15.899334289784287,291.18427576105483,1098.0893524194646,0.9379608110018152,0.7918111364410945
348,178688,3482.4686720000027,51.31072719668671,2125.4035161489987,0.0003235437374554338,-6.211525717443862,6.211525717443862,1.5193890366354148,0.3856601920775835,0.8885705166167772,0.14256223167662932,112.0,37.0,1.0934828292540608,3.3574318955172675,21.182249343869966,15.899334289784287,291.18427576105483,1098.0893524194646,0.9379608110018152,0.7918111364410945
349,179200,3491.7718403000035,51.320649857982595,2115.0160861245736,0.00032447023709615417,-6.211525717443862,6.211525717443862,1.5193890366354148,0.3856601920775835,0.8885705166167772,0.14256223167662932,112.0,37.0,1.0934828292540608,3.3574318955172675,21.182249343869966,15.899334289784287,291.18427576105483,1098.0893524194646,0.9379608110018152,0.7918111364410945
350,179712,3506.4630790000083,51.2516447346285,2107.8738167208026,0.00032437338637093213,-6.211525717443862,6.211525717443862,1.5193890366354148,0.3856601920775835,0.8885705166167772,0.14256223167662932,112.0,37.0,1.0934828292540608,3.3574318955172675,21.182249343869966,15.899334289784287,291.18427576105483,1098.0893524194646,0.9379608110018152,0.7918111364410945
351,180224,3517.3506153000053,51.23856553169584,2098.4194011732984,0.0003257338245037467,-6.211525717443862,6.211525717443862,1.5193890366354148,0.3856601920775835,0.8885705166167772,0.14256223167662932,112.0,37.0,1.0934828292540608,3.3574318955172675,21.182249343869966,15.899334289784287,291.18427576105483,1098.0893524194646,0.9379608110018152,0.7918111364410945
352,180736,3529.502227600009,51.20722083320425,2089.7052848963226,0.00032598219544180125,-6.211525717443862,6.211525717443862,1.5193890366354148,0.3856601920775835,0.8885705166167772,0.14256223167662932,112.0,37.0,1.0934828292540608,3.3574318955172675,21.182249343869966,15.899334289784287,291.18427576105483,1098.0893524194646,0.9379608110018152,0.7918111364410945
353,181248,3538.5948505999986,51.22033113490454,2079.1743754937847,0.0003258865992700274,-6.211525717443862,6.211525717443862,1.5193890366354148,0.3856601920775835,0.8885705166167772,0.14256223167662932,112.0,37.0,1.0934828292540608,3.3574318955172675,21.182249343869966,15.899334289784287,291.18427576105483,1098.0893524194646,0.9379608110018152,0.7918111364410945
354,181760,3551.4125085000123,51.1796361489893,2070.8236317169085,0.0003259015183804219,-6.211525717443862,6.211525717443862,1.5193890366354148,0.3856601920775835,0.8885705166167772,0.14256223167662932,112.0,37.0,1.0934828292540608,3.3574318955172675,21.182249343869966,15.899334289784287,291.18427576105483,1098.0893524194646,0.9379608110018152,0.7918111364410945
355,182272,3561.7014695000107,51.17554111731526,2060.9845581938266,0.00032645349048141117,-6.211525717443862,6.211525717443862,1.5193890366354148,0.3856601920775835,0.8885705166167772,0.14256223167662932,112.0,37.0,1.0934828292540608,3.3574318955172675,21.182249343869966,15.899334289784287,291.18427576105483,1098.0893524194646,0.9379608110018152,0.7918111364410945
356,182784,3573.4984306000115,51.149875549073485,2052.0089027254967,0.0003278223306834109,-6.211525717443862,6.211525717443862,1.5193890366354148,0.3856601920775835,0.8885705166167772,0.14256223167662932,112.0,37.0,1.0934828292540608,3.3574318955172675,21.182249343869966,15.899334289784287,291.18427576105483,1098.0893524194646,0.9379608110018152,0.7918111364410945
357,183296,3586.818251500008,51.10267293954623,2043.8852606312896,0.00032803691696961594,-6.211525717443862,6.211525717443862,1.5193890366354148,0.3856601920775835,0.8885705166167772,0.14256223167662932,112.0,37.0,1.0934828292540608,3.3574318955172675,21.182249343869966,15.899334289784287,291.18427576105483,1098.0893524194646,0.9379608110018152,0.7918111364410945
358,183808,3596.3444168999995,51.10967657498166,2033.5875115061278,0.00032775580174764396,-6.211525717443862,6.211525717443862,1.5193890366354148,0.3856601920775835,0.8885705166167772,0.14256223167662932,112.0,37.0,1.0934828292540608,3.3574318955172675,21.182249343869966,15.899334289784287,291.18427576105483,1098.0893524194646,0.9379608110018152,0.7918111364410945
359,184320,3607.110829199999,51.09906757172729,2023.9899652733327,0.0003293210070053111,-6.211525717443862,6.211525717443862,1.5193890366354148,0.3856601920775835,0.8885705166167772,0.14256223167662932,112.0,37.0,1.0934828292540608,3.3574318955172675,21.182249343869966,15.899334289784287,291.18427576105483,1098.0893524194646,0.9379608110018152,0.7918111364410945
360,184832,3617.034094200004,51.10043068059057,2013.9164901224399,0.0003296046312386531,-6.211525717443862,6.211525717443862,1.5193890366354148,0.3856601920775835,0.8885705166167772,0.14256223167662932,112.0,37.0,1.0934828292540608,3.3574318955172675,21.182249343869966,15.899334289784287,291.18427576105483,1098.0893524194646,0.9379608110018152,0.7918111364410945
361,185344,3628.165255700005,51.084773415107406,2004.511190994478,0.00033401792915611504,-6.211525717443862,6.211525717443862,1.5193890366354148,0.3856601920775835,0.8885705166167772,0.14256223167662932,112.0,37.0,1.0934828292540608,3.3574318955172675,21.182249343869966,15.899334289784287,291.18427576105483,1098.0893524194646,0.9379608110018152,0.7918111364410945
362,185856,3638.155020300008,51.08523385149048,1994.4706585115746,0.0003339914493541102,-6.211525717443862,6.211525717443862,1.5193890366354148,0.3856601920775835,0.8885705166167772,0.14256223167662932,112.0,37.0,1.0934828292540608,3.3574318955172675,21.182249343869966,15.899334289784287,291.18427576105483,1098.0893524194646,0.9379608110018152,0.7918111364410945
363,186368,3649.6626560000004,51.06444555734851,1985.2560601318685,0.000333992602113584,-6.211525717443862,6.211525717443862,1.5193890366354148,0.3856601920775835,0.8885705166167772,0.14256223167662932,112.0,37.0,1.0934828292540608,3.3574318955172675,21.182249343869966,15.899334289784287,291.18427576105483,1098.0893524194646,0.9379608110018152,0.7918111364410945
364,186880,3658.1702545000007,51.085648561631196,1974.40969900411,0.0003338582895543988,-6.211525717443862,6.211525717443862,1.5193890366354148,0.3856601920775835,0.8885705166167772,0.14256223167662932,112.0,37.0,1.0934828292540608,3.3574318955172675,21.182249343869966,15.899334289784287,291.18427576105483,1098.0893524194646,0.9379608110018152,0.7918111364410945
365,187392,3670.8255273000104,51.04900753423489,1965.7972769147598,0.00033515237839112667,-6.211525717443862,6.211525717443862,1.5193890366354148,0.3856601920775835,0.8885705166167772,0.14256223167662932,112.0,37.0,1.0934828292540608,3.3574318955172675,21.182249343869966,15.899334289784287,291.18427576105483,1098.0893524194646,0.9379608110018152,0.7918111364410945
366,187904,3681.7137823000085,51.03710149967558,1956.2239442738464,0.00033614775370441346,-6.211525717443862,6.211525717443862,1.5193890366354148,0.3856601920775835,0.8885705166167772,0.14256223167662932,112.0,37.0,1.0934828292540608,3.3574318955172675,21.182249343869966,15.899334289784287,291.18427576105483,1098.0893524194646,0.9379608110018152,0.7918111364410945
367,188416,3692.5893797000026,51.02544058535626,1946.6367925592406,0.0003381948480232024,-6.211525717443862,6.211525717443862,1.5193890366354148,0.3856601920775835,0.8885705166167772,0.14256223167662932,112.0,37.0,1.0934828292540608,3.3574318955172675,21.182249343869966,15.899334289784287,291.18427576105483,1098.0893524194646,0.9379608110018152,0.7918111364410945
368,188928,3707.1330013000115,50.96337248589328,1938.961163281578,0.00033794997091006576,-6.211525717443862,6.211525717443862,1.5193890366354148,0.3856601920775835,0.8885705166167772,0.14256223167662932,112.0,37.0,1.0934828292540608,3.3574318955172675,21.182249343869966,15.899334289784287,291.18427576105483,1098.0893524194646,0.9379608110018152,0.7918111364410945
369,189440,3719.3570850000106,50.93353385293455,1930.044757621627,0.0003373408282319714,-6.211525717443862,6.211525717443862,1.5193890366354148,0.3856601920775835,0.8885705166167772,0.14256223167662932,112.0,37.0,1.0934828292540608,3.3574318955172675,21.182249343869966,15.899334289784287,291.18427576105483,1098.0893524194646,0.9379608110018152,0.7918111364410945
370,189952,3733.8067811000074,50.873548401462465,1922.2563212671198,0.0003383866879049335,-6.211525717443862,6.211525717443862,1.5193890366354148,0.3856601920775835,0.8885705166167772,0.14256223167662932,112.0,37.0,1.0934828292540608,3.3574318955172675,21.182249343869966,15.899334289784287,291.18427576105483,1098.0893524194646,0.9379608110018152,0.7918111364410945
371,190464,3743.8343454999995,50.87404581052931,1912.173456034946,0.00033850405877161306,-6.211525717443862,6.211525717443862,1.5193890366354148,0.3856601920775835,0.8885705166167772,0.14256223167662932,112.0,37.0,1.0934828292540608,3.3574318955172675,21.182249343869966,15.899334289784287,291.18427576105483,1098.0893524194646,0.9379608110018152,0.7918111364410945
372,190976,3754.534566000002,50.8654259650249,1902.4317237908858,0.0003398224707880503,-6.211525717443862,6.211525717443862,1.5193890366354148,0.3856601920775835,0.8885705166167772,0.14256223167662932,112.0,37.0,1.0934828292540608,3.3574318955172675,21.182249343869966,15.899334289784287,291.18427576105483,1098.0893524194646,0.9379608110018152,0.7918111364410945
373,191488,3766.7492503000103,50.836407542856364,1893.446147209631,0.00033998980159553134,-6.211525717443862,6.211525717443862,1.5193890366354148,0.3856601920775835,0.8885705166167772,0.14256223167662932,112.0,37.0,1.0934828292540608,3.3574318955172675,21.182249343869966,15.899334289784287,291.18427576105483,1098.0893524194646,0.9379608110018152,0.7918111364410945
374,192000,3777.809059700012,50.82310857056559,1883.8674511037393,0.00033995729963724096,-6.211525717443862,6.211525717443862,1.5193890366354148,0.3856601920775835,0.8885705166167772,0.14256223167662932,112.0,37.0,1.0934828292540608,3.3574318955172675,21.182249343869966,15.899334289784287,291.18427576105483,1098.0893524194646,0.9379608110018152,0.7918111364410945
375,192512,3788.2444610000093,50.81826212165338,1873.9719940053237,0.0003398424364313641,-6.211525717443862,6.211525717443862,1.5193890366354148,0.3856601920775835,0.8885705166167772,0.14256223167662932,112.0,37.0,1.0934828292540608,3.3574318955172675,21.182249343869966,15.899334289784287,291.18427576105483,1098.0893524194646,0.9379608110018152,0.7918111364410945
376,193024,3798.575116500011,50.81484348211373,1864.022272022552,0.0003398476107329002,-6.211525717443862,6.211525717443862,1.5193890366354148,0.3856601920775835,0.8885705166167772,0.14256223167662932,112.0,37.0,1.0934828292540608,3.3574318955172675,21.182249343869966,15.899334289784287,291.18427576105483,1098.0893524194646,0.9379608110018152,0.7918111364410945
377,193536,3810.494170200007,50.79026272065956,1854.8437230603208,0.00034014198776503044,-6.211525717443862,6.211525717443862,1.5193890366354148,0.3856601920775835,0.8885705166167772,0.14256223167662932,112.0,37.0,1.0934828292540608,3.3574318955172675,21.182249343869966,15.899334289784287,291.18427576105483,1098.0893524194646,0.9379608110018152,0.7918111364410945
378,194048,3825.080294600004,50.73043833195977,1846.9385063635902,0.00034200111539497296,-6.211525717443862,6.211525717443862,1.5193890366354148,0.3856601920775835,0.8885705166167772,0.14256223167662932,112.0,37.0,1.0934828292540608,3.3574318955172675,21.182249343869966,15.899334289784287,291.18427576105483,1098.0893524194646,0.9379608110018152,0.7918111364410945
379,194560,3837.4284948999994,50.70061898445096,1837.9262791363155,0.0003415930805224547,-6.211525717443862,6.211525717443862,1.5193890366354148,0.3856601920775835,0.8885705166167772,0.14256223167662932,112.0,37.0,1.0934828292540608,3.3574318955172675,21.182249343869966,15.899334289784287,291.18427576105483,1098.0893524194646,0.9379608110018152,0.7918111364410945
380,195072,3851.969152999998,50.64215009304362,1829.9381015564295,0.000341639848974443,-6.211525717443862,6.211525717443862,1.5193890366354148,0.3856601920775835,0.8885705166167772,0.14256223167662932,112.0,37.0,1.0934828292540608,3.3574318955172675,21.182249343869966,15.899334289784287,291.18427576105483,1098.0893524194646,0.9379608110018152,0.7918111364410945
381,195584,3862.606190999999,50.63524219883384,1820.0762156544497,0.00034552348406412015,-6.211525717443862,6.211525717443862,1.5193890366354148,0.3856601920775835,0.8885705166167772,0.14256223167662932,112.0,37.0,1.0934828292540608,3.3574318955172675,21.182249343869966,15.899334289784287,291.18427576105483,1098.0893524194646,0.9379608110018152,0.7918111364410945
382,196096,3871.381880300003,50.65271421500894,1809.3403565892963,0.0003455516165405977,-6.211525717443862,6.211525717443862,1.5193890366354148,0.3856601920775835,0.8885705166167772,0.14256223167662932,112.0,37.0,1.0934828292540608,3.3574318955172675,21.182249343869966,15.899334289784287,291.18427576105483,1098.0893524194646,0.9379608110018152,0.7918111364410945
383,196608,3883.24654610001,50.62980103528469,1800.0465760567756,0.0003455516165405977,-6.211525717443862,6.211525717443862,1.5193890366354148,0.3856601920775835,0.8885705166167772,0.14256223167662932,112.0,37.0,1.0934828292540608,3.3574318955172675,21.182249343869966,15.899334289784287,291.18427576105483,1098.0893524194646,0.9379608110018152,0.7918111364410945
384,197120,3894.1552196999983,50.61945117205316,1790.2999321737652,0.00034478953311363887,-6.211525717443862,6.211525717443862,1.5193890366354148,0.3856601920775835,0.8885705166167772,0.14256223167662932,112.0,37.0,1.0934828292540608,3.3574318955172675,21.182249343869966,15.899334289784287,291.18427576105483,1098.0893524194646,0.9379608110018152,0.7918111364410945
385,197632,3904.9092386999982,50.61116351728436,1780.4767513243517,0.00034488620018815883,-6.211525717443862,6.211525717443862,1.5193890366354148,0.3856601920775835,0.8885705166167772,0.14256223167662932,112.0,37.0,1.0934828292540608,3.3574318955172675,21.182249343869966,15.899334289784287,291.18427576105483,1098.0893524194646,0.9379608110018152,0.7918111364410945
386,198144,3918.548928700009,50.56565672786811,1771.9536499289447,0.00034567225604575246,-6.211525717443862,6.211525717443862,1.5193890366354148,0.3856601920775835,0.8885705166167772,0.14256223167662932,112.0,37.0,1.0934828292540608,3.3574318955172675,21.182249343869966,15.899334289784287,291.18427576105483,1098.0893524194646,0.9379608110018152,0.7918111364410945
387,198656,3934.821042900003,50.486667076881474,1764.584694496393,0.000345067164333398,-6.211525717443862,6.211525717443862,1.5193890366354148,0.3856601920775835,0.8885705166167772,0.14256223167662932,112.0,37.0,1.0934828292540608,3.3574318955172675,21.182249343869966,15.899334289784287,291.18427576105483,1098.0893524194646,0.9379608110018152,0.7918111364410945
388,199168,3947.5416759000072,50.453678859410985,1755.5905139606716,0.00034527070091846244,-6.211525717443862,6.211525717443862,1.5193890366354148,0.3856601920775835,0.8885705166167772,0.14256223167662932,112.0,37.0,1.0934828292540608,3.3574318955172675,21.182249343869966,15.899334289784287,291.18427576105483,1098.0893524194646,0.9379608110018152,0.7918111364410945
389,199680,3959.393905200006,50.43196124986542,1746.1942351138487,0.00034476961927534794,-6.211525717443862,6.211525717443862,1.5193890366354148,0.3856601920775835,0.8885705166167772,0.14256223167662932,112.0,37.0,1.0934828292540608,3.3574318955172675,21.182249343869966,15.899334289784287,291.18427576105483,1098.0893524194646,0.9379608110018152,0.7918111364410945
390,200192,3969.0090632000065,50.43878630969806,1735.80703275499,0.0003450639269200566,-6.211525717443862,6.211525717443862,1.5193890366354148,0.3856601920775835,0.8885705166167772,0.14256223167662932,112.0,37.0,1.0934828292540608,3.3574318955172675,21.182249343869966,15.899334289784287,291.18427576105483,1098.0893524194646,0.9379608110018152,0.7918111364410945
391,200704,3980.157162400006,50.42614947369991,1726.0885653265334,0.00034521016471494956,-6.211525717443862,6.211525717443862,1.5193890366354148,0.3856601920775835,0.8885705166167772,0.14256223167662932,112.0,37.0,1.0934828292540608,3.3574318955172675,21.182249343869966,15.899334289784287,291.18427576105483,1098.0893524194646,0.9379608110018152,0.7918111364410945
392,201216,3989.8617150000064,50.43182304878446,1715.7420606488577,0.0003454198508673403,-6.211525717443862,6.211525717443862,1.5193890366354148,0.3856601920775835,0.8885705166167772,0.14256223167662932,112.0,37.0,1.0934828292540608,3.3574318955172675,21.182249343869966,15.899334289784287,291.18427576105483,1098.0893524194646,0.9379608110018152,0.7918111364410945
393,201728,4005.5170427999983,50.36253693205734,1707.936200990862,0.000347542065199071,-6.211525717443862,6.211525717443862,1.5193890366354148,0.3856601920775835,0.8885705166167772,0.14256223167662932,112.0,37.0,1.0934828292540608,3.3574318955172675,21.182249343869966,15.899334289784287,291.18427576105483,1098.0893524194646,0.9379608110018152,0.7918111364410945
394,202240,4020.7267498,50.299364414669526,1699.9021954850634,0.0003469167147647347,-6.211525717443862,6.211525717443862,1.5193890366354148,0.3856601920775835,0.8885705166167772,0.14256223167662932,112.0,37.0,1.0934828292540608,3.3574318955172675,21.182249343869966,15.899334289784287,291.18427576105483,1098.0893524194646,0.9379608110018152,0.7918111364410945
395,202752,4031.989911800003,50.285840102582334,1690.1775892899002,0.00034868032644844545,-6.211525717443862,6.211525717443862,1.5193890366354148,0.3856601920775835,0.8885705166167772,0.14256223167662932,112.0,37.0,1.0934828292540608,3.3574318955172675,21.182249343869966,15.899334289784287,291.18427576105483,1098.0893524194646,0.9379608110018152,0.7918111364410945
396,203264,4045.907869600007,50.23940399811808,1681.548610790935,0.00034860155888698295,-6.211525717443862,6.211525717443862,1.5193890366354148,0.3856601920775835,0.8885705166167772,0.14256223167662932,112.0,37.0,1.0934828292540608,3.3574318955172675,21.182249343869966,15.899334289784287,291.18427576105483,1098.0893524194646,0.9379608110018152,0.7918111364410945
397,203776,4059.623137100003,50.19579234775168,1672.8095338804033,0.00034875037012177014,-6.211525717443862,6.211525717443862,1.5193890366354148,0.3856601920775835,0.8885705166167772,0.14256223167662932,112.0,37.0,1.0934828292540608,3.3574318955172675,21.182249343869966,15.899334289784287,291.18427576105483,1098.0893524194646,0.9379608110018152,0.7918111364410945
398,204288,4072.380467499999,50.164271641694306,1663.654175946115,0.0003478069601963228,-6.211525717443862,6.211525717443862,1.5193890366354148,0.3856601920775835,0.8885705166167772,0.14256223167662932,112.0,37.0,1.0934828292540608,3.3574318955172675,21.182249343869966,15.899334289784287,291.18427576105483,1098.0893524194646,0.9379608110018152,0.7918111364410945
399,204800,4085.3285569,50.130606913879376,1654.5580655445,0.0003476568085735166,-6.211525717443862,6.211525717443862,1.5193890366354148,0.3856601920775835,0.8885705166167772,0.14256223167662932,112.0,37.0,1.0934828292540608,3.3574318955172675,21.182249343869966,15.899334289784287,291.18427576105483,1098.0893524194646,0.9379608110018152,0.7918111364410945
400,205312,4094.5908548000007,50.142250417845084,1643.9629117775564,0.00034834408406602785,-6.211525717443862,6.211525717443862,1.5193890366354148,0.3856601920775835,0.8885705166167772,0.14256223167662932,112.0,37.0,1.0934828292540608,3.3574318955172675,21.182249343869966,15.899334289784287,291.18427576105483,1098.0893524194646,0.9379608110018152,0.7918111364410945
401,205824,4106.791256700002,50.11796001664549,1634.5437837611948,0.00034833400422655504,-6.211525717443862,6.211525717443862,1.5193890366354148,0.3856601920775835,0.8885705166167772,0.14256223167662932,112.0,37.0,1.0934828292540608,3.3574318955172675,21.182249343869966,15.899334289784287,291.18427576105483,1098.0893524194646,0.9379608110018152,0.7918111364410945
402,206336,4118.522981700007,50.0995140531741,1624.9259406707224,0.0003483202825664857,-6.211525717443862,6.211525717443862,1.5193890366354148,0.3856601920775835,0.8885705166167772,0.14256223167662932,112.0,37.0,1.0934828292540608,3.3574318955172675,21.182249343869966,15.899334289784287,291.18427576105483,1098.0893524194646,0.9379608110018152,0.7918111364410945
403,206848,4129.710215600004,50.08777594578683,1615.0846882792093,0.0003503460039634484,-6.211525717443862,6.211525717443862,1.5193890366354148,0.3856601920775835,0.8885705166167772,0.14256223167662932,112.0,37.0,1.0934828292540608,3.3574318955172675,21.182249343869966,15.899334289784287,291.18427576105483,1098.0893524194646,0.9379608110018152,0.7918111364410945
404,207360,4141.523004900009,50.06853752947013,1605.4792883192629,0.0003502437219936585,-6.211525717443862,6.211525717443862,1.5193890366354148,0.3856601920775835,0.8885705166167772,0.14256223167662932,112.0,37.0,1.0934828292540608,3.3574318955172675,21.182249343869966,15.899334289784287,291.18427576105483,1098.0893524194646,0.9379608110018152,0.7918111364410945
405,207872,4159.953295900006,49.96979177744035,1598.4056999024654,0.0003493323816989045,-6.211525717443862,6.211525717443862,1.5193890366354148,0.3856601920775835,0.8885705166167772,0.14256223167662932,112.0,37.0,1.0934828292540608,3.3574318955172675,21.182249343869966,15.899334289784287,291.18427576105483,1098.0893524194646,0.9379608110018152,0.7918111364410945
406,208384,4177.751029600011,49.87946828893517,1591.0354043931245,0.00035647098421883155,-6.211525717443862,6.211525717443862,1.5193890366354148,0.3856601920775835,0.8885705166167772,0.14256223167662932,112.0,37.0,1.0934828292540608,3.3574318955172675,21.182249343869966,15.899334289784287,291.18427576105483,1098.0893524194646,0.9379608110018152,0.7918111364410945
407,208896,4191.823263099999,49.83416210289222,1582.207800287745,0.0003580575556783269,-6.211525717443862,6.211525717443862,1.5193890366354148,0.3856601920775835,0.8885705166167772,0.14256223167662932,112.0,37.0,1.0934828292540608,3.3574318955172675,21.182249343869966,15.899334289784287,291.18427576105483,1098.0893524194646,0.9379608110018152,0.7918111364410945
408,209408,4205.061711200004,49.799031353630475,1573.0426450210282,0.0003593207281363465,-6.211525717443862,6.211525717443862,1.5193890366354148,0.3856601920775835,0.8885705166167772,0.14256223167662932,112.0,37.0,1.0934828292540608,3.3574318955172675,21.182249343869966,15.899334289784287,291.18427576105483,1098.0893524194646,0.9379608110018152,0.7918111364410945
409,209920,4216.343632000004,49.78721335870468,1563.1322733268305,0.0003600244902449085,-6.211525717443862,6.211525717443862,1.5193890366354148,0.3856601920775835,0.8885705166167772,0.14256223167662932,112.0,37.0,1.0934828292540608,3.3574318955172675,21.182249343869966,15.899334289784287,291.18427576105483,1098.0893524194646,0.9379608110018152,0.7918111364410945
410,210432,4228.742000900005,49.762317009459,1553.6254066566928,0.0003600785916864117,-6.211525717443862,6.211525717443862,1.5193890366354148,0.3856601920775835,0.8885705166167772,0.14256223167662932,112.0,37.0,1.0934828292540608,3.3574318955172675,21.182249343869966,15.899334289784287,291.18427576105483,1098.0893524194646,0.9379608110018152,0.7918111364410945
411,210944,4246.960032200004,49.66941021357507,1546.2233126941762,0.00035945615696205324,-6.211525717443862,6.211525717443862,1.5193890366354148,0.3856601920775835,0.8885705166167772,0.14256223167662932,112.0,37.0,1.0934828292540608,3.3574318955172675,21.182249343869966,15.899334289784287,291.18427576105483,1098.0893524194646,0.9379608110018152,0.7918111364410945
412,211456,4258.506605300005,49.65496583634001,1536.3619471905586,0.0003593092648259765,-6.211525717443862,6.211525717443862,1.5193890366354148,0.3856601920775835,0.8885705166167772,0.14256223167662932,112.0,37.0,1.0934828292540608,3.3574318955172675,21.182249343869966,15.899334289784287,291.18427576105483,1098.0893524194646,0.9379608110018152,0.7918111364410945
413,211968,4275.7269486000005,49.57472788794537,1528.520744910145,0.00035843734744792327,-6.211525717443862,6.211525717443862,1.5193890366354148,0.3856601920775835,0.8885705166167772,0.14256223167662932,112.0,37.0,1.0934828292540608,3.3574318955172675,21.182249343869966,15.899334289784287,291.18427576105483,1098.0893524194646,0.9379608110018152,0.7918111364410945
414,212480,4288.592213700002,49.545396114190574,1519.0916997925306,0.0003582391844744541,-6.211525717443862,6.211525717443862,1.5193890366354148,0.3856601920775835,0.8885705166167772,0.14256223167662932,112.0,37.0,1.0934828292540608,3.3574318955172675,21.182249343869966,15.899334289784287,291.18427576105483,1098.0893524194646,0.9379608110018152,0.7918111364410945
415,212992,4300.002117299999,49.532998865995715,1509.1353584754802,0.00035839238967684404,-6.211525717443862,6.211525717443862,1.5193890366354148,0.3856601920775835,0.8885705166167772,0.14256223167662932,112.0,37.0,1.0934828292540608,3.3574318955172675,21.182249343869966,15.899334289784287,291.18427576105483,1098.0893524194646,0.9379608110018152,0.7918111364410945
416,213504,4315.4889731,49.473883801081975,1500.5896908860914,0.0003584872828932062,-6.211525717443862,6.211525717443862,1.5193890366354148,0.3856601920775835,0.8885705166167772,0.14256223167662932,112.0,37.0,1.0934828292540608,3.3574318955172675,21.182249343869966,15.899334289784287,291.18427576105483,1098.0893524194646,0.9379608110018152,0.7918111364410945
417,214016,4332.712922200008,49.395379717733476,1492.6092363559835,0.00035612181608800966,-6.211525717443862,6.211525717443862,1.5193890366354148,0.3856601920775835,0.8885705166167772,0.14256223167662932,112.0,37.0,1.0934828292540608,3.3574318955172675,21.182249343869966,15.899334289784287,291.18427576105483,1098.0893524194646,0.9379608110018152,0.7918111364410945
418,214528,4347.641257399999,49.34353763316094,1483.8011928596654,0.0003567829275673829,-6.211525717443862,6.211525717443862,1.5193890366354148,0.3856601920775835,0.8885705166167772,0.14256223167662932,112.0,37.0,1.0934828292540608,3.3574318955172675,21.182249343869966,15.899334289784287,291.18427576105483,1098.0893524194646,0.9379608110018152,0.7918111364410945
419,215040,4362.234993200007,49.29583122761871,1474.8508786533357,0.00035650982892797083,-6.211525717443862,6.211525717443862,1.5193890366354148,0.3856601920775835,0.8885705166167772,0.14256223167662932,112.0,37.0,1.0934828292540608,3.3574318955172675,21.182249343869966,15.899334289784287,291.18427576105483,1098.0893524194646,0.9379608110018152,0.7918111364410945
420,215552,4372.779908700002,49.29404280584571,1464.5177366429934,0.0003560369882704885,-6.211525717443862,6.211525717443862,1.5193890366354148,0.3856601920775835,0.8885705166167772,0.14256223167662932,112.0,37.0,1.0934828292540608,3.3574318955172675,21.182249343869966,15.899334289784287,291.18427576105483,1098.0893524194646,0.9379608110018152,0.7918111364410945
421,216064,4382.543771199998,49.301047811517655,1453.9244738578193,0.0003570443118753944,-6.211525717443862,6.211525717443862,1.5193890366354148,0.3856601920775835,0.8885705166167772,0.14256223167662932,112.0,37.0,1.0934828292540608,3.3574318955172675,21.182249343869966,15.899334289784287,291.18427576105483,1098.0893524194646,0.9379608110018152,0.7918111364410945
422,216576,4396.173908600002,49.264657063799014,1444.6056106274239,0.00035777898773717303,-6.211525717443862,6.211525717443862,1.5193890366354148,0.3856601920775835,0.8885705166167772,0.14256223167662932,112.0,37.0,1.0934828292540608,3.3574318955172675,21.182249343869966,15.899334289784287,291.18427576105483,1098.0893524194646,0.9379608110018152,0.7918111364410945
423,217088,4408.720785900005,49.24058713227929,1434.9138406938694,0.00035777898773717303,-6.211525717443862,6.211525717443862,1.5193890366354148,0.3856601920775835,0.8885705166167772,0.14256223167662932,112.0,37.0,1.0934828292540608,3.3574318955172675,21.182249343869966,15.899334289784287,291.18427576105483,1098.0893524194646,0.9379608110018152,0.7918111364410945
424,217600,4422.145323000004,49.20688582264391,1425.491551178825,0.0003574673549316041,-6.211525717443862,6.211525717443862,1.5193890366354148,0.3856601920775835,0.8885705166167772,0.14256223167662932,112.0,37.0,1.0934828292540608,3.3574318955172675,21.182249343869966,15.899334289784287,291.18427576105483,1098.0893524194646,0.9379608110018152,0.7918111364410945
425,218112,4440.190220400007,49.12221980894115,1417.5255163718332,0.0003588824492141898,-6.211525717443862,6.211525717443862,1.5193890366354148,0.3856601920775835,0.8885705166167772,0.14256223167662932,112.0,37.0,1.0934828292540608,3.3574318955172675,21.182249343869966,15.899334289784287,291.18427576105483,1098.0893524194646,0.9379608110018152,0.7918111364410945
426,218624,4452.724480200006,49.098928301573224,1407.7700347236553,0.00035829323377547086,-6.211525717443862,6.211525717443862,1.5193890366354148,0.3856601920775835,0.8885705166167772,0.14256223167662932,112.0,37.0,1.0934828292540608,3.3574318955172675,21.182249343869966,15.899334289784287,291.18427576105483,1098.0893524194646,0.9379608110018152,0.7918111364410945
427,219136,4464.8872558,49.079850720829924,1397.8852623299067,0.0003605884832767982,-6.211525717443862,6.211525717443862,1.5193890366354148,0.3856601920775835,0.8885705166167772,0.14256223167662932,112.0,37.0,1.0934828292540608,3.3574318955172675,21.182249343869966,15.899334289784287,291.18427576105483,1098.0893524194646,0.9379608110018152,0.7918111364410945
428,219648,4477.766248200001,49.053029529689134,1388.2119137776228,0.0003602865998015809,-6.211525717443862,6.211525717443862,1.5193890366354148,0.3856601920775835,0.8885705166167772,0.14256223167662932,112.0,37.0,1.0934828292540608,3.3574318955172675,21.182249343869966,15.899334289784287,291.18427576105483,1098.0893524194646,0.9379608110018152,0.7918111364410945
429,220160,4488.683061500007,49.047793525085275,1377.9213119023277,0.0003597564666862219,-6.211525717443862,6.211525717443862,1.5193890366354148,0.3856601920775835,0.8885705166167772,0.14256223167662932,112.0,37.0,1.0934828292540608,3.3574318955172675,21.182249343869966,15.899334289784287,291.18427576105483,1098.0893524194646,0.9379608110018152,0.7918111364410945
430,220672,4501.7070217,49.0196272072514,1368.2682594958237,0.00035985601147534534,-6.211525717443862,6.211525717443862,1.5193890366354148,0.3856601920775835,0.8885705166167772,0.14256223167662932,112.0,37.0,1.0934828292540608,3.3574318955172675,21.182249343869966,15.899334289784287,291.18427576105483,1098.0893524194646,0.9379608110018152,0.7918111364410945
431,221184,4512.4956660000025,49.015891952327,1357.9269365277785,0.00035985005673982474,-6.211525717443862,6.211525717443862,1.5193890366354148,0.3856601920775835,0.8885705166167772,0.14256223167662932,112.0,37.0,1.0934828292540608,3.3574318955172675,21.182249343869966,15.899334289784287,291.18427576105483,1098.0893524194646,0.9379608110018152,0.7918111364410945
432,221696,4528.724447400004,48.95329856672521,1349.204281096075,0.0003596973460582547,-6.211525717443862,6.211525717443862,1.5193890366354148,0.3856601920775835,0.8885705166167772,0.14256223167662932,112.0,37.0,1.0934828292540608,3.3574318955172675,21.182249343869966,15.899334289784287,291.18427576105483,1098.0893524194646,0.9379608110018152,0.7918111364410945
433,222208,4539.343229400009,48.95157488000098,1338.7924731870994,0.0003581203296275672,-6.233767322492809,6.233767322492809,1.5116855833110576,0.3741700854010709,0.8853966311483183,0.27384915699575374,112.0,36.0,1.3538820156879265,3.605900780014657,17.04388965347147,11.412841806143998,389.8314755017271,1080.6609368618779,0.9474375166628867,0.7854913800274639
434,222720,4551.340195000012,48.93503681501871,1328.7820799195435,0.00036082607281673703,-6.233767322492809,6.233767322492809,1.5116855833110576,0.3741700854010709,0.8853966311483183,0.27384915699575374,112.0,36.0,1.3538820156879265,3.605900780014657,17.04388965347147,11.412841806143998,389.8314755017271,1080.6609368618779,0.9474375166628867,0.7854913800274639
435,223232,4563.525973299998,48.91656173451675,1318.8171390729353,0.0003616797657395494,-6.233767322492809,6.233767322492809,1.5116855833110576,0.3741700854010709,0.8853966311483183,0.27384915699575374,112.0,36.0,1.3538820156879265,3.605900780014657,17.04388965347147,11.412841806143998,389.8314755017271,1080.6609368618779,0.9474375166628867,0.7854913800274639
436,223744,4573.8921426000015,48.917637981907916,1308.3215510869568,0.0003618486964059529,-6.233767322492809,6.233767322492809,1.5116855833110576,0.3741700854010709,0.8853966311483183,0.27384915699575374,112.0,36.0,1.3538820156879265,3.605900780014657,17.04388965347147,11.412841806143998,389.8314755017271,1080.6609368618779,0.9474375166628867,0.7854913800274639
437,224256,4584.12301950001,48.9201531123961,1297.788252095893,0.0003651099854636989,-6.233767322492809,6.233767322492809,1.5116855833110576,0.3741700854010709,0.8853966311483183,0.27384915699575374,112.0,36.0,1.3538820156879265,3.605900780014657,17.04388965347147,11.412841806143998,389.8314755017271,1080.6609368618779,0.9474375166628867,0.7854913800274639
438,224768,4597.3143179000035,48.8911534990871,1288.0857883865613,0.0003701935960733068,-6.233767322492809,6.233767322492809,1.5116855833110576,0.3741700854010709,0.8853966311483183,0.27384915699575374,112.0,36.0,1.3538820156879265,3.605900780014657,17.04388965347147,11.412841806143998,389.8314755017271,1080.6609368618779,0.9474375166628867,0.7854913800274639
439,225280,4606.3034217000095,48.90689548124857,1277.202312380457,0.0003712260567383112,-6.233767322492809,6.233767322492809,1.5116855833110576,0.3741700854010709,0.8853966311483183,0.27384915699575374,112.0,36.0,1.3538820156879265,3.605900780014657,17.04388965347147,11.412841806143998,389.8314755017271,1080.6609368618779,0.9474375166628867,0.7854913800274639
440,225792,4617.688962800006,48.897186843673325,1266.98495351202,0.0003707073388448299,-6.233767322492809,6.233767322492809,1.5116855833110576,0.3741700854010709,0.8853966311483183,0.27384915699575374,112.0,36.0,1.3538820156879265,3.605900780014657,17.04388965347147,11.412841806143998,389.8314755017271,1080.6609368618779,0.9474375166628867,0.7854913800274639
441,226304,4629.028244400004,48.88801451444429,1256.7497496108608,0.00037090091985195027,-6.233767322492809,6.233767322492809,1.5116855833110576,0.3741700854010709,0.8853966311483183,0.27384915699575374,112.0,36.0,1.3538820156879265,3.605900780014657,17.04388965347147,11.412841806143998,389.8314755017271,1080.6609368618779,0.9474375166628867,0.7854913800274639
442,226816,4642.949152400004,48.85170880726869,1247.2030454528228,0.0003715010110503436,-6.233767322492809,6.233767322492809,1.5116855833110576,0.3741700854010709,0.8853966311483183,0.27384915699575374,112.0,36.0,1.3538820156879265,3.605900780014657,17.04388965347147,11.412841806143998,389.8314755017271,1080.6609368618779,0.9474375166628867,0.7854913800274639
443,227328,4655.279676900012,48.83229704286629,1237.2139681851384,0.00037140559770382036,-6.233767322492809,6.233767322492809,1.5116855833110576,0.3741700854010709,0.8853966311483183,0.27384915699575374,112.0,36.0,1.3538820156879265,3.605900780014657,17.04388965347147,11.412841806143998,389.8314755017271,1080.6609368618779,0.9474375166628867,0.7854913800274639
444,227840,4666.834420600004,48.821102157446404,1227.0103982251696,0.00037373818287691807,-6.233767322492809,6.233767322492809,1.5116855833110576,0.3741700854010709,0.8853966311483183,0.27384915699575374,112.0,36.0,1.3538820156879265,3.605900780014657,17.04388965347147,11.412841806143998,389.8314755017271,1080.6609368618779,0.9474375166628867,0.7854913800274639
445,228352,4681.028605400003,48.78244062353618,1217.48726059731,0.00037336812036164834,-6.233767322492809,6.233767322492809,1.5116855833110576,0.3741700854010709,0.8853966311483183,0.27384915699575374,112.0,36.0,1.3538820156879265,3.605900780014657,17.04388965347147,11.412841806143998,389.8314755017271,1080.6609368618779,0.9474375166628867,0.7854913800274639
446,228864,4691.696502800012,48.78064893230276,1207.0360130246115,0.00037467222424203395,-6.233767322492809,6.233767322492809,1.5116855833110576,0.3741700854010709,0.8853966311483183,0.27384915699575374,112.0,36.0,1.3538820156879265,3.605900780014657,17.04388965347147,11.412841806143998,389.8314755017271,1080.6609368618779,0.9474375166628867,0.7854913800274639
447,229376,4705.560870600006,48.74573006442743,1197.3971858223229,0.00037748049214862147,-6.233767322492809,6.233767322492809,1.5116855833110576,0.3741700854010709,0.8853966311483183,0.27384915699575374,112.0,36.0,1.3538820156879265,3.605900780014657,17.04388965347147,11.412841806143998,389.8314755017271,1080.6609368618779,0.9474375166628867,0.7854913800274639
448,229888,4716.259832100011,48.743709673357344,1186.942897610916,0.00037694411360824097,-6.233767322492809,6.233767322492809,1.5116855833110576,0.3741700854010709,0.8853966311483183,0.27384915699575374,112.0,36.0,1.3538820156879265,3.605900780014657,17.04388965347147,11.412841806143998,389.8314755017271,1080.6609368618779,0.9474375166628867,0.7854913800274639
449,230400,4728.061520200004,48.73033039347037,1176.76197836089,0.00037620787691789495,-6.233767322492809,6.233767322492809,1.5116855833110576,0.3741700854010709,0.8853966311483183,0.27384915699575374,112.0,36.0,1.3538820156879265,3.605900780014657,17.04388965347147,11.412841806143998,389.8314755017271,1080.6609368618779,0.9474375166628867,0.7854913800274639
450,230912,4740.277232600012,48.71276270762464,1166.675771216411,0.0003775533736766621,-6.233767322492809,6.233767322492809,1.5116855833110576,0.3741700854010709,0.8853966311483183,0.27384915699575374,112.0,36.0,1.3538820156879265,3.605900780014657,17.04388965347147,11.412841806143998,389.8314755017271,1080.6609368618779,0.9474375166628867,0.7854913800274639
451,231424,4753.604254500009,48.68390122735228,1156.8505929092942,0.00037742921207193416,-6.233767322492809,6.233767322492809,1.5116855833110576,0.3741700854010709,0.8853966311483183,0.27384915699575374,112.0,36.0,1.3538820156879265,3.605900780014657,17.04388965347147,11.412841806143998,389.8314755017271,1080.6609368618779,0.9474375166628867,0.7854913800274639
452,231936,4764.910035000008,48.675840319406916,1146.523606655631,0.00037718476459273003,-6.233767322492809,6.233767322492809,1.5116855833110576,0.3741700854010709,0.8853966311483183,0.27384915699575374,112.0,36.0,1.3538820156879265,3.605900780014657,17.04388965347147,11.412841806143998,389.8314755017271,1080.6609368618779,0.9474375166628867,0.7854913800274639
453,232448,4775.919784199999,48.67083420642851,1136.1218869903082,0.00037807821244652354,-6.233767322492809,6.233767322492809,1.5116855833110576,0.3741700854010709,0.8853966311483183,0.27384915699575374,112.0,36.0,1.3538820156879265,3.605900780014657,17.04388965347147,11.412841806143998,389.8314755017271,1080.6609368618779,0.9474375166628867,0.7854913800274639
454,232960,4788.692003600008,48.6479397348727,1126.1319656817602,0.0003789252525506537,-6.233767322492809,6.233767322492809,1.5116855833110576,0.3741700854010709,0.8853966311483183,0.27384915699575374,112.0,36.0,1.3538820156879265,3.605900780014657,17.04388965347147,11.412841806143998,389.8314755017271,1080.6609368618779,0.9474375166628867,0.7854913800274639
455,233472,4799.722082500011,48.642816393734286,1115.724870054827,0.0003804103978646372,-6.233767322492809,6.233767322492809,1.5116855833110576,0.3741700854010709,0.8853966311483183,0.27384915699575374,112.0,36.0,1.3538820156879265,3.605900780014657,17.04388965347147,11.412841806143998,389.8314755017271,1080.6609368618779,0.9474375166628867,0.7854913800274639
456,233984,4811.775123700005,48.62737638081442,1105.5500831258216,0.0003834509603599044,-6.233767322492809,6.233767322492809,1.5116855833110576,0.3741700854010709,0.8853966311483183,0.27384915699575374,112.0,36.0,1.3538820156879265,3.605900780014657,17.04388965347147,11.412841806143998,389.8314755017271,1080.6609368618779,0.9474375166628867,0.7854913800274639
457,234496,4825.867735899999,48.59146848463465,1095.830228239301,0.0003850263248823166,-6.233767322492809,6.233767322492809,1.5116855833110576,0.3741700854010709,0.8853966311483183,0.27384915699575374,112.0,36.0,1.3538820156879265,3.605900780014657,17.04388965347147,11.412841806143998,389.8314755017271,1080.6609368618779,0.9474375166628867,0.7854913800274639
458,235008,4837.247300800009,48.58300297384696,1085.4825097655794,0.00038522670806157526,-6.233767322492809,6.233767322492809,1.5116855833110576,0.3741700854010709,0.8853966311483183,0.27384915699575374,112.0,36.0,1.3538820156879265,3.605900780014657,17.04388965347147,11.412841806143998,389.8314755017271,1080.6609368618779,0.9474375166628867,0.7854913800274639
459,235520,4850.249876100002,48.55832297641897,1075.4901899178265,0.0003877196102240964,-6.233767322492809,6.233767322492809,1.5116855833110576,0.3741700854010709,0.8853966311483183,0.27384915699575374,112.0,36.0,1.3538820156879265,3.605900780014657,17.04388965347147,11.412841806143998,389.8314755017271,1080.6609368618779,0.9474375166628867,0.7854913800274639
460,236032,4860.6903399,48.55935751810429,1064.923480108243,0.00038800144910936776,-6.233767322492809,6.233767322492809,1.5116855833110576,0.3741700854010709,0.8853966311483183,0.27384915699575374,112.0,36.0,1.3538820156879265,3.605900780014657,17.04388965347147,11.412841806143998,389.8314755017271,1080.6609368618779,0.9474375166628867,0.7854913800274639
461,236544,4871.494997300004,48.55675724415258,1054.4361466017324,0.0003887653899724553,-6.233767322492809,6.233767322492809,1.5116855833110576,0.3741700854010709,0.8853966311483183,0.27384915699575374,112.0,36.0,1.3538820156879265,3.605900780014657,17.04388965347147,11.412841806143998,389.8314755017271,1080.6609368618779,0.9474375166628867,0.7854913800274639
462,237056,4883.395180500011,48.5432759868776,1044.1816908628532,0.00038930511063172926,-6.233767322492809,6.233767322492809,1.5116855833110576,0.3741700854010709,0.8853966311483183,0.27384915699575374,112.0,36.0,1.3538820156879265,3.605900780014657,17.04388965347147,11.412841806143998,389.8314755017271,1080.6609368618779,0.9474375166628867,0.7854913800274639
463,237568,4897.441078500007,48.50859789675357,1034.3733312349154,0.00038804981396794915,-6.233767322492809,6.233767322492809,1.5116855833110576,0.3741700854010709,0.8853966311483183,0.27384915699575374,112.0,36.0,1.3538820156879265,3.605900780014657,17.04388965347147,11.412841806143998,389.8314755017271,1080.6609368618779,0.9474375166628867,0.7854913800274639
464,238080,4909.346453700011,48.49525333877527,1024.1002279761315,0.00038768244163866155,-6.233767322492809,6.233767322492809,1.5116855833110576,0.3741700854010709,0.8853966311483183,0.27384915699575374,112.0,36.0,1.3538820156879265,3.605900780014657,17.04388965347147,11.412841806143998,389.8314755017271,1080.6609368618779,0.9474375166628867,0.7854913800274639
465,238592,4922.446770400013,48.47020417462255,1014.0662874643804,0.0003947167920368898,-6.233767322492809,6.233767322492809,1.5116855833110576,0.3741700854010709,0.8853966311483183,0.27384915699575374,112.0,36.0,1.3538820156879265,3.605900780014657,17.04388965347147,11.412841806143998,389.8314755017271,1080.6609368618779,0.9474375166628867,0.7854913800274639
466,239104,4934.073610200008,48.45975534408528,1003.7194710256975,0.0003951694364052491,-6.233767322492809,6.233767322492809,1.5116855833110576,0.3741700854010709,0.8853966311483183,0.27384915699575374,112.0,36.0,1.3538820156879265,3.605900780014657,17.04388965347147,11.412841806143998,389.8314755017271,1080.6609368618779,0.9474375166628867,0.7854913800274639
467,239616,4944.051650400012,48.46551309402547,993.0360152512844,0.0004071399334959289,-6.233767322492809,6.233767322492809,1.5116855833110576,0.3741700854010709,0.8853966311483183,0.27384915699575374,112.0,36.0,1.3538820156879265,3.605900780014657,17.04388965347147,11.412841806143998,389.8314755017271,1080.6609368618779,0.9474375166628867,0.7854913800274639
468,240128,4957.3931212000025,48.438361479364346,983.0225165705763,0.0004069777138834831,-6.233767322492809,6.233767322492809,1.5116855833110576,0.3741700854010709,0.8853966311483183,0.27384915699575374,112.0,36.0,1.3538820156879265,3.605900780014657,17.04388965347147,11.412841806143998,389.8314755017271,1080.6609368618779,0.9474375166628867,0.7854913800274639
469,240640,4970.160769000009,48.41694488052074,972.8825335063848,0.00040617062067645047,-6.233767322492809,6.233767322492809,1.5116855833110576,0.3741700854010709,0.8853966311483183,0.27384915699575374,112.0,36.0,1.3538820156879265,3.605900780014657,17.04388965347147,11.412841806143998,389.8314755017271,1080.6609368618779,0.9474375166628867,0.7854913800274639
470,241152,4984.7071478,48.378368648283065,963.0750540335456,0.0004074329536600977,-6.233767322492809,6.233767322492809,1.5116855833110576,0.3741700854010709,0.8853966311483183,0.27384915699575374,112.0,36.0,1.3538820156879265,3.605900780014657,17.04388965347147,11.412841806143998,389.8314755017271,1080.6609368618779,0.9474375166628867,0.7854913800274639
471,241664,4999.82497680001,48.33449193148955,953.3564574406798,0.0004065392239989515,-6.233767322492809,6.233767322492809,1.5116855833110576,0.3741700854010709,0.8853966311483183,0.27384915699575374,112.0,36.0,1.3538820156879265,3.605900780014657,17.04388965347147,11.412841806143998,389.8314755017271,1080.6609368618779,0.9474375166628867,0.7854913800274639
472,242176,5012.934251900006,48.31022866661582,943.2371002517982,0.00040538721844765704,-6.233767322492809,6.233767322492809,1.5116855833110576,0.3741700854010709,0.8853966311483183,0.27384915699575374,112.0,36.0,1.3538820156879265,3.605900780014657,17.04388965347147,11.412841806143998,389.8314755017271,1080.6609368618779,0.9474375166628867,0.7854913800274639
473,242688,5024.825752400007,48.29779418402418,932.8790426396639,0.00040498062500920735,-6.233767322492809,6.233767322492809,1.5116855833110576,0.3741700854010709,0.8853966311483183,0.27384915699575374,112.0,36.0,1.3538820156879265,3.605900780014657,17.04388965347147,11.412841806143998,389.8314755017271,1080.6609368618779,0.9474375166628867,0.7854913800274639
474,243200,5037.589622600004,48.2770567314452,922.6743098235796,0.0004044800088418839,-6.233767322492809,6.233767322492809,1.5116855833110576,0.3741700854010709,0.8853966311483183,0.27384915699575374,112.0,36.0,1.3538820156879265,3.605900780014657,17.04388965347147,11.412841806143998,389.8314755017271,1080.6609368618779,0.9474375166628867,0.7854913800274639
475,243712,5049.676218400011,48.26289636392175,912.3364596268927,0.000405450050385466,-6.233767322492809,6.233767322492809,1.5116855833110576,0.3741700854010709,0.8853966311483183,0.27384915699575374,112.0,36.0,1.3538820156879265,3.605900780014657,17.04388965347147,11.412841806143998,389.8314755017271,1080.6609368618779,0.9474375166628867,0.7854913800274639
476,244224,5062.012053300001,48.246427987224315,902.0356908396228,0.0004075015454828544,-6.233767322492809,6.233767322492809,1.5116855833110576,0.3741700854010709,0.8853966311483183,0.27384915699575374,112.0,36.0,1.3538820156879265,3.605900780014657,17.04388965347147,11.412841806143998,389.8314755017271,1080.6609368618779,0.9474375166628867,0.7854913800274639
477,244736,5073.8814667000115,48.23447327380575,891.6444418468639,0.0004097958356089875,-6.233767322492809,6.233767322492809,1.5116855833110576,0.3741700854010709,0.8853966311483183,0.27384915699575374,112.0,36.0,1.3538820156879265,3.605900780014657,17.04388965347147,11.412841806143998,389.8314755017271,1080.6609368618779,0.9474375166628867,0.7854913800274639
478,245248,5088.6035547000065,48.19554075370652,881.741325762214,0.0004091163367035693,-6.233767322492809,6.233767322492809,1.5116855833110576,0.3741700854010709,0.8853966311483183,0.27384915699575374,112.0,36.0,1.3538820156879265,3.605900780014657,17.04388965347147,11.412841806143998,389.8314755017271,1080.6609368618779,0.9474375166628867,0.7854913800274639
479,245760,5102.1700337000075,48.16774007466368,871.6207140904179,0.0004149825679845328,-6.233767322492809,6.233767322492809,1.5116855833110576,0.3741700854010709,0.8853966311483183,0.27384915699575374,112.0,36.0,1.3538820156879265,3.605900780014657,17.04388965347147,11.412841806143998,389.8314755017271,1080.6609368618779,0.9474375166628867,0.7854913800274639
480,246272,5113.375745000012,48.16231239036384,861.0882231704802,0.00041521390415472255,-6.233767322492809,6.233767322492809,1.5116855833110576,0.3741700854010709,0.8853966311483183,0.27384915699575374,112.0,36.0,1.3538820156879265,3.605900780014657,17.04388965347147,11.412841806143998,389.8314755017271,1080.6609368618779,0.9474375166628867,0.7854913800274639
481,246784,5128.523551999999,48.11989210886246,851.2072285477176,0.00041990917720754464,-6.233767322492809,6.233767322492809,1.5116855833110576,0.3741700854010709,0.8853966311483183,0.27384915699575374,112.0,36.0,1.3538820156879265,3.605900780014657,17.04388965347147,11.412841806143998,389.8314755017271,1080.6609368618779,0.9474375166628867,0.7854913800274639
482,247296,5140.953695500008,48.10313701453171,840.8599212101461,0.00041999491091398755,-6.233767322492809,6.233767322492809,1.5116855833110576,0.3741700854010709,0.8853966311483183,0.27384915699575374,112.0,36.0,1.3538820156879265,3.605900780014657,17.04388965347147,11.412841806143998,389.8314755017271,1080.6609368618779,0.9474375166628867,0.7854913800274639
483,247808,5152.191358600001,48.097592413053654,830.311830518182,0.000421786290284328,-6.233767322492809,6.233767322492809,1.5116855833110576,0.3741700854010709,0.8853966311483183,0.27384915699575374,112.0,36.0,1.3538820156879265,3.605900780014657,17.04388965347147,11.412841806143998,389.8314755017271,1080.6609368618779,0.9474375166628867,0.7854913800274639
484,248320,5165.727727900012,48.070671371010846,820.1258454604142,0.00042249437261858186,-6.233767322492809,6.233767322492809,1.5116855833110576,0.3741700854010709,0.8853966311483183,0.27384915699575374,112.0,36.0,1.3538820156879265,3.605900780014657,17.04388965347147,11.412841806143998,389.8314755017271,1080.6609368618779,0.9474375166628867,0.7854913800274639
485,248832,5183.153485700008,48.00783937549056,810.5342899448572,0.0004273337588024423,-6.233767322492809,6.233767322492809,1.5116855833110576,0.3741700854010709,0.8853966311483183,0.27384915699575374,112.0,36.0,1.3538820156879265,3.605900780014657,17.04388965347147,11.412841806143998,389.8314755017271,1080.6609368618779,0.9474375166628867,0.7854913800274639
486,249344,5195.933650300009,47.988295613744626,800.1951206827529,0.00042945747850006987,-6.233767322492809,6.233767322492809,1.5116855833110576,0.3741700854010709,0.8853966311483183,0.27384915699575374,112.0,36.0,1.3538820156879265,3.605900780014657,17.04388965347147,11.412841806143998,389.8314755017271,1080.6609368618779,0.9474375166628867,0.7854913800274639
487,249856,5208.37304250001,47.971986253901186,789.7942728381164,0.0004308904962899407,-6.233767322492809,6.233767322492809,1.5116855833110576,0.3741700854010709,0.8853966311483183,0.27384915699575374,112.0,36.0,1.3538820156879265,3.605900780014657,17.04388965347147,11.412841806143998,389.8314755017271,1080.6609368618779,0.9474375166628867,0.7854913800274639
488,250368,5222.299745600001,47.94209681490327,779.6071194862988,0.0004318962139947609,-6.233767322492809,6.233767322492809,1.5116855833110576,0.3741700854010709,0.8853966311483183,0.27384915699575374,112.0,36.0,1.3538820156879265,3.605900780014657,17.04388965347147,11.412841806143998,389.8314755017271,1080.6609368618779,0.9474375166628867,0.7854913800274639
489,250880,5237.791938599999,47.89804615016023,769.6347338351019,0.00043441274454699845,-6.233767322492809,6.233767322492809,1.5116855833110576,0.3741700854010709,0.8853966311483183,0.27384915699575374,112.0,36.0,1.3538820156879265,3.605900780014657,17.04388965347147,11.412841806143998,389.8314755017271,1080.6609368618779,0.9474375166628867,0.7854913800274639
490,251392,5250.273730900008,47.881693962060545,759.2045517187385,0.0004344085108024963,-6.233767322492809,6.233767322492809,1.5116855833110576,0.3741700854010709,0.8853966311483183,0.27384915699575374,112.0,36.0,1.3538820156879265,3.605900780014657,17.04388965347147,11.412841806143998,389.8314755017271,1080.6609368618779,0.9474375166628867,0.7854913800274639
491,251904,5265.074386600012,47.84433827584916,749.0959493130099,0.0004323402891075561,-6.233767322492809,6.233767322492809,1.5116855833110576,0.3741700854010709,0.8853966311483183,0.27384915699575374,112.0,36.0,1.3538820156879265,3.605900780014657,17.04388965347147,11.412841806143998,389.8314755017271,1080.6609368618779,0.9474375166628867,0.7854913800274639
492,252416,5277.807614100006,47.82591910429897,738.6789561316438,0.0004331853812030734,-6.233767322492809,6.233767322492809,1.5116855833110576,0.3741700854010709,0.8853966311483183,0.27384915699575374,112.0,36.0,1.3538820156879265,3.605900780014657,17.04388965347147,11.412841806143998,389.8314755017271,1080.6609368618779,0.9474375166628867,0.7854913800274639
493,252928,5291.316486700001,47.800580561708536,728.3593544445347,0.0004339685228652734,-6.233767322492809,6.233767322492809,1.5116855833110576,0.3741700854010709,0.8853966311483183,0.27384915699575374,112.0,36.0,1.3538820156879265,3.605900780014657,17.04388965347147,11.412841806143998,389.8314755017271,1080.6609368618779,0.9474375166628867,0.7854913800274639
494,253440,5304.3098204000125,47.78001447526445,717.957086801618,0.0004335505448941482,-6.233767322492809,6.233767322492809,1.5116855833110576,0.3741700854010709,0.8853966311483183,0.27384915699575374,112.0,36.0,1.3538820156879265,3.605900780014657,17.04388965347147,11.412841806143998,389.8314755017271,1080.6609368618779,0.9474375166628867,0.7854913800274639
495,253952,5320.4236179,47.73153760644274,707.9595943173387,0.00043392661086185487,-6.233767322492809,6.233767322492809,1.5116855833110576,0.3741700854010709,0.8853966311483183,0.27384915699575374,112.0,36.0,1.3538820156879265,3.605900780014657,17.04388965347147,11.412841806143998,389.8314755017271,1080.6609368618779,0.9474375166628867,0.7854913800274639
496,254464,5333.376785300003,47.71161128187316,697.5241268501009,0.0004355282548568631,-6.233767322492809,6.233767322492809,1.5116855833110576,0.3741700854010709,0.8853966311483183,0.27384915699575374,112.0,36.0,1.3538820156879265,3.605900780014657,17.04388965347147,11.412841806143998,389.8314755017271,1080.6609368618779,0.9474375166628867,0.7854913800274639
497,254976,5344.297678100003,47.70991725345821,686.8173722859442,0.0004413508569794853,-6.233767322492809,6.233767322492809,1.5116855833110576,0.3741700854010709,0.8853966311483183,0.27384915699575374,112.0,36.0,1.3538820156879265,3.605900780014657,17.04388965347147,11.412841806143998,389.8314755017271,1080.6609368618779,0.9474375166628867,0.7854913800274639
498,255488,5358.109967700002,47.68248534280636,676.4748055412828,0.0004466297952685461,-6.233767322492809,6.233767322492809,1.5116855833110576,0.3741700854010709,0.8853966311483183,0.27384915699575374,112.0,36.0,1.3538820156879265,3.605900780014657,17.04388965347147,11.412841806143998,389.8314755017271,1080.6609368618779,0.9474375166628867,0.7854913800274639
499,256000,5370.819216700009,47.664981759950955,665.9815828708012,0.00044626143306694124,-6.233767322492809,6.233767322492809,1.5116855833110576,0.3741700854010709,0.8853966311483183,0.27384915699575374,112.0,36.0,1.3538820156879265,3.605900780014657,17.04388965347147,11.412841806143998,389.8314755017271,1080.6609368618779,0.9474375166628867,0.7854913800274639
500,256512,5386.076989300011,47.6250154815067,655.7898130684644,0.00044694511474050965,-6.233767322492809,6.233767322492809,1.5116855833110576,0.3741700854010709,0.8853966311483183,0.27384915699575374,112.0,36.0,1.3538820156879265,3.605900780014657,17.04388965347147,11.412841806143998,389.8314755017271,1080.6609368618779,0.9474375166628867,0.7854913800274639
501,257024,5401.709322399998,47.58197538215613,645.6226281752986,0.0004461367601562215,-6.233767322492809,6.233767322492809,1.5116855833110576,0.3741700854010709,0.8853966311483183,0.27384915699575374,112.0,36.0,1.3538820156879265,3.605900780014657,17.04388965347147,11.412841806143998,389.8314755017271,1080.6609368618779,0.9474375166628867,0.7854913800274639
502,257536,5418.487064800007,47.529134409681475,635.5680652548716,0.0004468102657401813,-6.233767322492809,6.233767322492809,1.5116855833110576,0.3741700854010709,0.8853966311483183,0.27384915699575374,112.0,36.0,1.3538820156879265,3.605900780014657,17.04388965347147,11.412841806143998,389.8314755017271,1080.6609368618779,0.9474375166628867,0.7854913800274639
503,258048,5434.7689514000085,47.480951316895684,625.4297602801597,0.00044772084012762174,-6.233767322492809,6.233767322492809,1.5116855833110576,0.3741700854010709,0.8853966311483183,0.27384915699575374,112.0,36.0,1.3538820156879265,3.605900780014657,17.04388965347147,11.412841806143998,389.8314755017271,1080.6609368618779,0.9474375166628867,0.7854913800274639
504,258560,5448.00904650001,47.45953940111533,614.9237933673279,0.0004472105103312207,-6.233767322492809,6.233767322492809,1.5116855833110576,0.3741700854010709,0.8853966311483183,0.27384915699575374,112.0,36.0,1.3538820156879265,3.605900780014657,17.04388965347147,11.412841806143998,389.8314755017271,1080.6609368618779,0.9474375166628867,0.7854913800274639
505,259072,5461.366804200006,47.43720927163571,604.4200415715421,0.00048818191322218013,-6.233767322492809,6.233767322492809,1.5116855833110576,0.3741700854010709,0.8853966311483183,0.27384915699575374,112.0,36.0,1.3538820156879265,3.605900780014657,17.04388965347147,11.412841806143998,389.8314755017271,1080.6609368618779,0.9474375166628867,0.7854913800274639
506,259584,5475.404679500003,47.40909854058575,593.978811385602,0.0004891524469119085,-6.233767322492809,6.233767322492809,1.5116855833110576,0.3741700854010709,0.8853966311483183,0.27384915699575374,112.0,36.0,1.3538820156879265,3.605900780014657,17.04388965347147,11.412841806143998,389.8314755017271,1080.6609368618779,0.9474375166628867,0.7854913800274639
507,260096,5487.471281800012,47.3981523807962,583.3138764118123,0.0005205164112231343,-6.233767322492809,6.233767322492809,1.5116855833110576,0.3741700854010709,0.8853966311483183,0.27384915699575374,112.0,36.0,1.3538820156879265,3.605900780014657,17.04388965347147,11.412841806143998,389.8314755017271,1080.6609368618779,0.9474375166628867,0.7854913800274639
508,260608,5501.025717000011,47.37443767889214,572.79835560118,0.0005221011154663678,-6.233767322492809,6.233767322492809,1.5116855833110576,0.3741700854010709,0.8853966311483183,0.27384915699575374,112.0,36.0,1.3538820156879265,3.605900780014657,17.04388965347147,11.412841806143998,389.8314755017271,1080.6609368618779,0.9474375166628867,0.7854913800274639
509,261120,5516.091096200005,47.33786941624,562.4249745145104,0.0005229745438360466,-6.233767322492809,6.233767322492809,1.5116855833110576,0.3741700854010709,0.8853966311483183,0.27384915699575374,112.0,36.0,1.3538820156879265,3.605900780014657,17.04388965347147,11.412841806143998,389.8314755017271,1080.6609368618779,0.9474375166628867,0.7854913800274639
510,261632,5531.609815100004,47.29762379222874,552.0784746968693,0.0005247363764604619,-6.233767322492809,6.233767322492809,1.5116855833110576,0.3741700854010709,0.8853966311483183,0.27384915699575374,112.0,36.0,1.3538820156879265,3.605900780014657,17.04388965347147,11.412841806143998,389.8314755017271,1080.6609368618779,0.9474375166628867,0.7854913800274639
511,262144,5542.428092800008,47.297681739983766,541.2527434375008,0.0005267112056654364,-6.233767322492809,6.233767322492809,1.5116855833110576,0.3741700854010709,0.8853966311483183,0.27384915699575374,112.0,36.0,1.3538820156879265,3.605900780014657,17.04388965347147,11.412841806143998,389.8314755017271,1080.6609368618779,0.9474375166628867,0.7854913800274639
512,262656,5556.806412999998,47.267437531299166,530.7670842826509,0.0005295697487166714,-6.233767322492809,6.233767322492809,1.5116855833110576,0.3741700854010709,0.8853966311483183,0.27384915699575374,112.0,36.0,1.3538820156879265,3.605900780014657,17.04388965347147,11.412841806143998,389.8314755017271,1080.6609368618779,0.9474375166628867,0.7854913800274639
513,263168,5569.390404800011,47.25256821162818,520.0987148451372,0.0005310414759824965,-6.233767322492809,6.233767322492809,1.5116855833110576,0.3741700854010709,0.8853966311483183,0.27384915699575374,112.0,36.0,1.3538820156879265,3.605900780014657,17.04388965347147,11.412841806143998,389.8314755017271,1080.6609368618779,0.9474375166628867,0.7854913800274639
514,263680,5582.795322300008,47.230819827256134,509.49782553029195,0.0005403741450862934,-6.233767322492809,6.233767322492809,1.5116855833110576,0.3741700854010709,0.8853966311483183,0.27384915699575374,112.0,36.0,1.3538820156879265,3.605900780014657,17.04388965347147,11.412841806143998,389.8314755017271,1080.6609368618779,0.9474375166628867,0.7854913800274639
515,264192,5597.0240211000055,47.20222729150934,498.9595057569772,0.0005414230117165189,-6.233767322492809,6.233767322492809,1.5116855833110576,0.3741700854010709,0.8853966311483183,0.27384915699575374,112.0,36.0,1.3538820156879265,3.605900780014657,17.04388965347147,11.412841806143998,389.8314755017271,1080.6609368618779,0.9474375166628867,0.7854913800274639
516,264704,5613.0786746000085,47.158433962065025,488.5658420831729,0.0005557545375345088,-6.233767322492809,6.233767322492809,1.5116855833110576,0.3741700854010709,0.8853966311483183,0.27384915699575374,112.0,36.0,1.3538820156879265,3.605900780014657,17.04388965347147,11.412841806143998,389.8314755017271,1080.6609368618779,0.9474375166628867,0.7854913800274639
517,265216,5628.795929200001,47.11771457624936,478.1216619397685,0.0005589969925974932,-6.233767322492809,6.233767322492809,1.5116855833110576,0.3741700854010709,0.8853966311483183,0.27384915699575374,112.0,36.0,1.3538820156879265,3.605900780014657,17.04388965347147,11.412841806143998,389.8314755017271,1080.6609368618779,0.9474375166628867,0.7854913800274639
518,265728,5642.18249430001,47.09666875689514,467.46406022138814,0.0005586219852193833,-6.233767322492809,6.233767322492809,1.5116855833110576,0.3741700854010709,0.8853966311483183,0.27384915699575374,112.0,36.0,1.3538820156879265,3.605900780014657,17.04388965347147,11.412841806143998,389.8314755017271,1080.6609368618779,0.9474375166628867,0.7854913800274639
519,266240,5656.454587400003,47.068352779329494,456.86748590538485,0.0005590643325509798,-6.233767322492809,6.233767322492809,1.5116855833110576,0.3741700854010709,0.8853966311483183,0.27384915699575374,112.0,36.0,1.3538820156879265,3.605900780014657,17.04388965347147,11.412841806143998,389.8314755017271,1080.6609368618779,0.9474375166628867,0.7854913800274639
520,266752,5668.7664438000065,47.05644563849506,446.1025416426109,0.0005600830298233804,-6.233767322492809,6.233767322492809,1.5116855833110576,0.3741700854010709,0.8853966311483183,0.27384915699575374,112.0,36.0,1.3538820156879265,3.605900780014657,17.04388965347147,11.412841806143998,389.8314755017271,1080.6609368618779,0.9474375166628867,0.7854913800274639
521,267264,5683.103529400003,47.02782531012884,435.4868604904217,0.0005726820667122533,-6.233767322492809,6.233767322492809,1.5116855833110576,0.3741700854010709,0.8853966311483183,0.27384915699575374,112.0,36.0,1.3538820156879265,3.605900780014657,17.04388965347147,11.412841806143998,389.8314755017271,1080.6609368618779,0.9474375166628867,0.7854913800274639
522,267776,5698.215635600005,46.99295658926112,424.91474146921644,0.0005721903466271347,-6.233767322492809,6.233767322492809,1.5116855833110576,0.3741700854010709,0.8853966311483183,0.27384915699575374,112.0,36.0,1.3538820156879265,3.605900780014657,17.04388965347147,11.412841806143998,389.8314755017271,1080.6609368618779,0.9474375166628867,0.7854913800274639
523,268288,5711.946985200004,46.96962361435606,414.2251630488552,0.0005737039185090915,-6.233767322492809,6.233767322492809,1.5116855833110576,0.3741700854010709,0.8853966311483183,0.27384915699575374,112.0,36.0,1.3538820156879265,3.605900780014657,17.04388965347147,11.412841806143998,389.8314755017271,1080.6609368618779,0.9474375166628867,0.7854913800274639
524,268800,5725.04534170001,46.95159321134421,403.4793859864769,0.0005717457096537285,-6.233767322492809,6.233767322492809,1.5116855833110576,0.3741700854010709,0.8853966311483183,0.27384915699575374,112.0,36.0,1.3538820156879265,3.605900780014657,17.04388965347147,11.412841806143998,389.8314755017271,1080.6609368618779,0.9474375166628867,0.7854913800274639
525,269312,5740.837250000011,46.9116242582908,392.9090133079856,0.0005703733648176929,-6.291003051585763,6.291003051585763,1.5140198602810768,0.39635935973793424,0.870879763054363,0.16358031944848317,115.0,37.0,1.6839616952471939,3.5514142194398994,17.0963450163647,10.217055203898276,403.03689472447076,1121.900123784841,0.9746626598353976,0.8060117618348082
526,269824,5751.783467100002,46.911362630979376,381.9970044563568,0.0005700617327769629,-6.291003051585763,6.291003051585763,1.5140198602810768,0.39635935973793424,0.870879763054363,0.16358031944848317,115.0,37.0,1.6839616952471939,3.5514142194398994,17.0963450163647,10.217055203898276,403.03689472447076,1121.900123784841,0.9746626598353976,0.8060117618348082
527,270336,5763.0825853999995,46.908229405710784,371.1075907265151,0.0005696042494037775,-6.291003051585763,6.291003051585763,1.5140198602810768,0.39635935973793424,0.870879763054363,0.16358031944848317,115.0,37.0,1.6839616952471939,3.5514142194398994,17.0963450163647,10.217055203898276,403.03689472447076,1121.900123784841,0.9746626598353976,0.8060117618348082
528,270848,5773.8205514,46.90966710670051,360.1816222990548,0.0005693919053234336,-6.291003051585763,6.291003051585763,1.5140198602810768,0.39635935973793424,0.870879763054363,0.16358031944848317,115.0,37.0,1.6839616952471939,3.5514142194398994,17.0963450163647,10.217055203898276,403.03689472447076,1121.900123784841,0.9746626598353976,0.8060117618348082
529,271360,5785.46555600001,46.90374480210621,349.31112790943456,0.0005651713698065459,-6.376904973190944,6.376904973190944,1.5185567951257333,0.3964204516657331,0.884894654064738,0.09146123334232875,115.0,37.0,1.517749534018384,3.124820589775827,19.12346754722248,12.469705707794086,340.91493486596545,1066.2748104951233,0.9578528853197129,0.7796723877035909
530,271872,5801.954425600008,46.858692788143436,338.72050318945435,0.0005653643671982775,-6.376904973190944,6.376904973190944,1.5185567951257333,0.3964204516657331,0.884894654064738,0.09146123334232875,115.0,37.0,1.517749534018384,3.124820589775827,19.12346754722248,12.469705707794086,340.91493486596545,1066.2748104951233,0.9578528853197129,0.7796723877035909
531,272384,5819.034760400013,46.80913780643506,328.14105791729395,0.0005698039171960698,-6.376904973190944,6.376904973190944,1.5185567951257333,0.3964204516657331,0.884894654064738,0.09146123334232875,115.0,37.0,1.517749534018384,3.124820589775827,19.12346754722248,12.469705707794086,340.91493486596545,1066.2748104951233,0.9578528853197129,0.7796723877035909
532,272896,5835.300608900012,46.766399589385074,317.49290367373425,0.0005694663548815386,-6.376904973190944,6.376904973190944,1.5185567951257333,0.3964204516657331,0.884894654064738,0.09146123334232875,115.0,37.0,1.517749534018384,3.124820589775827,19.12346754722248,12.469705707794086,340.91493486596545,1066.2748104951233,0.9578528853197129,0.7796723877035909
533,273408,5850.969321199998,46.72866750631427,306.7923988644194,0.0005693095491412705,-6.376904973190944,6.376904973190944,1.5185567951257333,0.3964204516657331,0.884894654064738,0.09146123334232875,115.0,37.0,1.517749534018384,3.124820589775827,19.12346754722248,12.469705707794086,340.91493486596545,1066.2748104951233,0.9578528853197129,0.7796723877035909
534,273920,5865.577750600001,46.699577031773245,296.01981171252345,0.0005693095491412705,-6.376904973190944,6.376904973190944,1.5185567951257333,0.3964204516657331,0.884894654064738,0.09146123334232875,115.0,37.0,1.517749534018384,3.124820589775827,19.12346754722248,12.469705707794086,340.91493486596545,1066.2748104951233,0.9578528853197129,0.7796723877035909
535,274432,5884.816359100005,46.633910602092314,285.45750995634353,0.0005754017237430434,-6.376904973190944,6.376904973190944,1.5185567951257333,0.3964204516657331,0.884894654064738,0.09146123334232875,115.0,37.0,1.517749534018384,3.124820589775827,19.12346754722248,12.469705707794086,340.91493486596545,1066.2748104951233,0.9578528853197129,0.7796723877035909
536,274944,5897.5502609000105,46.62003507165388,274.5600680121048,0.0005758597762315422,-6.376904973190944,6.376904973190944,1.5185567951257333,0.3964204516657331,0.884894654064738,0.09146123334232875,115.0,37.0,1.517749534018384,3.124820589775827,19.12346754722248,12.469705707794086,340.91493486596545,1066.2748104951233,0.9578528853197129,0.7796723877035909
537,275456,5914.276199900007,46.574760915740995,263.83388252342036,0.0005759492332861078,-6.376904973190944,6.376904973190944,1.5185567951257333,0.3964204516657331,0.884894654064738,0.09146123334232875,115.0,37.0,1.517749534018384,3.124820589775827,19.12346754722248,12.469705707794086,340.91493486596545,1066.2748104951233,0.9578528853197129,0.7796723877035909
538,275968,5933.113626300008,46.51318302361561,253.17553507402633,0.0005762028607691267,-6.376904973190944,6.376904973190944,1.5185567951257333,0.3964204516657331,0.884894654064738,0.09146123334232875,115.0,37.0,1.517749534018384,3.124820589775827,19.12346754722248,12.469705707794086,340.91493486596545,1066.2748104951233,0.9578528853197129,0.7796723877035909
539,276480,5949.9028950000065,46.46798525608538,242.40345127777803,0.0005771335579431601,-6.376904973190944,6.376904973190944,1.5185567951257333,0.3964204516657331,0.884894654064738,0.09146123334232875,115.0,37.0,1.517749534018384,3.124820589775827,19.12346754722248,12.469705707794086,340.91493486596545,1066.2748104951233,0.9578528853197129,0.7796723877035909
540,276992,5968.678248200013,46.407594526230845,231.68621665841084,0.0005809151919552308,-6.376904973190944,6.376904973190944,1.5185567951257333,0.3964204516657331,0.884894654064738,0.09146123334232875,115.0,37.0,1.517749534018384,3.124820589775827,19.12346754722248,12.469705707794086,340.91493486596545,1066.2748104951233,0.9578528853197129,0.7796723877035909
541,277504,5986.752147899999,46.3530129767175,220.91336339114386,0.0005756933146518794,-6.376904973190944,6.376904973190944,1.5185567951257333,0.3964204516657331,0.884894654064738,0.09146123334232875,115.0,37.0,1.517749534018384,3.124820589775827,19.12346754722248,12.469705707794086,340.91493486596545,1066.2748104951233,0.9578528853197129,0.7796723877035909
542,278016,6005.0184819999995,46.29727632535204,210.12035204051563,0.0005737427598692177,-6.376904973190944,6.376904973190944,1.5185567951257333,0.3964204516657331,0.884894654064738,0.09146123334232875,115.0,37.0,1.517749534018384,3.124820589775827,19.12346754722248,12.469705707794086,340.91493486596545,1066.2748104951233,0.9578528853197129,0.7796723877035909
543,278528,6019.817956300001,46.26850878580279,199.18515296580887,0.0005743334915924999,-6.376904973190944,6.376904973190944,1.5185567951257333,0.3964204516657331,0.884894654064738,0.09146123334232875,115.0,37.0,1.517749534018384,3.124820589775827,19.12346754722248,12.469705707794086,340.91493486596545,1066.2748104951233,0.9578528853197129,0.7796723877035909
544,279040,6038.468956600002,46.21038909126317,188.35591240770648,0.0005735742606270373,-6.376904973190944,6.376904973190944,1.5185567951257333,0.3964204516657331,0.884894654064738,0.09146123334232875,115.0,37.0,1.517749534018384,3.124820589775827,19.12346754722248,12.469705707794086,340.91493486596545,1066.2748104951233,0.9578528853197129,0.7796723877035909
545,279552,6054.7125494000065,46.17097801409289,177.42747397509177,0.0005704134278270029,-6.376904973190944,6.376904973190944,1.5185567951257333,0.3964204516657331,0.884894654064738,0.09146123334232875,115.0,37.0,1.517749534018384,3.124820589775827,19.12346754722248,12.469705707794086,340.91493486596545,1066.2748104951233,0.9578528853197129,0.7796723877035909
546,280064,6072.948454400001,46.1166436868218,166.5342354954296,0.0005641576590558777,-6.376904973190944,6.376904973190944,1.5185567951257333,0.3964204516657331,0.884894654064738,0.09146123334232875,115.0,37.0,1.517749534018384,3.124820589775827,19.12346754722248,12.469705707794086,340.91493486596545,1066.2748104951233,0.9578528853197129,0.7796723877035909
547,280576,6091.604371699999,46.05945870409489,155.6249292040146,0.0005617843781746206,-6.376904973190944,6.376904973190944,1.5185567951257333,0.3964204516657331,0.884894654064738,0.09146123334232875,115.0,37.0,1.517749534018384,3.124820589775827,19.12346754722248,12.469705707794086,340.91493486596545,1066.2748104951233,0.9578528853197129,0.7796723877035909
548,281088,6108.2910096999985,46.01745390873335,144.6407707214936,0.0005615330337474466,-6.376904973190944,6.376904973190944,1.5185567951257333,0.3964204516657331,0.884894654064738,0.09146123334232875,115.0,37.0,1.517749534018384,3.124820589775827,19.12346754722248,12.469705707794086,340.91493486596545,1066.2748104951233,0.9578528853197129,0.7796723877035909
549,281600,6124.888337199998,45.976348383313365,133.63392735709087,0.0005627855590106654,-6.376904973190944,6.376904973190944,1.5185567951257333,0.3964204516657331,0.884894654064738,0.09146123334232875,115.0,37.0,1.517749534018384,3.124820589775827,19.12346754722248,12.469705707794086,340.91493486596545,1066.2748104951233,0.9578528853197129,0.7796723877035909
550,282112,6139.863756300008,45.94759936008836,122.57441255771342,0.0005625984409547249,-6.376904973190944,6.376904973190944,1.5185567951257333,0.3964204516657331,0.884894654064738,0.09146123334232875,115.0,37.0,1.517749534018384,3.124820589775827,19.12346754722248,12.469705707794086,340.91493486596545,1066.2748104951233,0.9578528853197129,0.7796723877035909
551,282624,6158.187775500002,45.89402114765052,111.56137274456525,0.0005619321817512652,-6.376904973190944,6.376904973190944,1.5185567951257333,0.3964204516657331,0.884894654064738,0.09146123334232875,115.0,37.0,1.517749534018384,3.124820589775827,19.12346754722248,12.469705707794086,340.91493486596545,1066.2748104951233,0.9578528853197129,0.7796723877035909
552,283136,6174.521586600007,45.85553650253063,100.48950140940337,0.0005631233160879569,-6.376904973190944,6.376904973190944,1.5185567951257333,0.3964204516657331,0.884894654064738,0.09146123334232875,115.0,37.0,1.517749534018384,3.124820589775827,19.12346754722248,12.469705707794086,340.91493486596545,1066.2748104951233,0.9578528853197129,0.7796723877035909
553,283648,6194.0663592000055,45.793503580842255,89.44500157689538,0.0005572274274557758,-6.376904973190944,6.376904973190944,1.5185567951257333,0.3964204516657331,0.884894654064738,0.09146123334232875,115.0,37.0,1.517749534018384,3.124820589775827,19.12346754722248,12.469705707794086,340.91493486596545,1066.2748104951233,0.9578528853197129,0.7796723877035909
554,284160,6208.762403000001,45.767575171292954,78.3087149927928,0.0005613498498121612,-6.376904973190944,6.376904973190944,1.5185567951257333,0.3964204516657331,0.884894654064738,0.09146123334232875,115.0,37.0,1.517749534018384,3.124820589775827,19.12346754722248,12.469705707794086,340.91493486596545,1066.2748104951233,0.9578528853197129,0.7796723877035909
555,284672,6228.976701500011,45.701246551692456,67.21917303776989,0.0005564148522733123,-6.376904973190944,6.376904973190944,1.5185567951257333,0.3964204516657331,0.884894654064738,0.09146123334232875,115.0,37.0,1.517749534018384,3.124820589775827,19.12346754722248,12.469705707794086,340.91493486596545,1066.2748104951233,0.9578528853197129,0.7796723877035909
556,285184,6247.944134000005,45.64445422104342,56.085674452423746,0.0005538625183234556,-6.376904973190944,6.376904973190944,1.5185567951257333,0.3964204516657331,0.884894654064738,0.09146123334232875,115.0,37.0,1.517749534018384,3.124820589775827,19.12346754722248,12.469705707794086,340.91493486596545,1066.2748104951233,0.9578528853197129,0.7796723877035909
557,285696,6267.016635000007,45.587241368476064,44.92485043010758,0.0005537104539156441,-6.376904973190944,6.376904973190944,1.5185567951257333,0.3964204516657331,0.884894654064738,0.09146123334232875,115.0,37.0,1.517749534018384,3.124820589775827,19.12346754722248,12.469705707794086,340.91493486596545,1066.2748104951233,0.9578528853197129,0.7796723877035909
558,286208,6286.739681000006,45.52566425885063,33.73921116815745,0.0005531901972739351,-6.376904973190944,6.376904973190944,1.5185567951257333,0.3964204516657331,0.884894654064738,0.09146123334232875,115.0,37.0,1.517749534018384,3.124820589775827,19.12346754722248,12.469705707794086,340.91493486596545,1066.2748104951233,0.9578528853197129,0.7796723877035909
559,286720,6302.516657100001,45.49293807530046,22.50898806107143,0.0005599233741163634,-6.376904973190944,6.376904973190944,1.5185567951257333,0.3964204516657331,0.884894654064738,0.09146123334232875,115.0,37.0,1.517749534018384,3.124820589775827,19.12346754722248,12.469705707794086,340.91493486596545,1066.2748104951233,0.9578528853197129,0.7796723877035909
560,287232,6319.010562800002,45.455217576456356,11.263833445276296,0.0005599233741163634,-6.376904973190944,6.376904973190944,1.5185567951257333,0.3964204516657331,0.884894654064738,0.09146123334232875,115.0,37.0,1.517749534018384,3.124820589775827,19.12346754722248,12.469705707794086,340.91493486596545,1066.2748104951233,0.9578528853197129,0.7796723877035909
561,287744,6338.175741500003,45.398551844493674,0.0,0.0005627062404991015,-6.376904973190944,6.376904973190944,1.5185567951257333,0.3964204516657331,0.884894654064738,0.09146123334232875,115.0,37.0,1.517749534018384,3.124820589775827,19.12346754722248,12.469705707794086,340.91493486596545,1066.2748104951233,0.9578528853197129,0.7796723877035909
