ducks_num,pucks_num,score,objective,generation,population_index,wing_span,wing_chord,tail_arm,nose_length,banner_length,batt_capacity,prop_diameter_in,prop_pitch_in,motor_kv,motor_max_power,cruise_throttle,mission3_cruise_throttle
4,1,0.8333333333333334,-0.8333333333333334,3,390,1.4756458754089772,0.26028785288333894,0.7420343481029836,0.10828619983047248,4.082157847749661,2.2762946578035264,13.066592163261522,7.832713858658044,222.60816337425922,1319.152289283013,0.5094734858721495,0.9247302626104047
6,2,2.325198964683356,-2.325198964683356,4,85,1.307459962680216,0.20775841817259788,0.7967384665830791,0.23906110153794002,2.039617467301302,3.6563059072950685,22.366506005637348,12.541119530695315,253.82190314697374,1327.4252534404081,0.9794495459645987,0.9629376093184541
7,2,4.959272932245591,-4.959272932245591,56,212,1.5161210878568079,0.39587272645965765,0.8381302080070117,0.25092110656603106,1.5642454662090706,4.138202457259926,17.1184938833475,10.221624314423892,420.2860101455526,1106.7062533712067,0.9041931786053223,0.8155870997768515
8,1,-6.147429352398824,6.147429352398824,5,26,1.2542600374753488,0.39675303606962997,0.48468097742953153,0.12271884180141819,0.8299497375336282,3.4097641386018362,18.826351262009435,12.402148465518689,383.0689883208123,2470.323825359936,0.8793921193238388,0.7782262960650328
9,3,4.677199474758819,-4.677199474758819,5,464,1.1734771202773409,0.3936396922115887,0.5235461908118899,0.10260204214750458,0.583913671009503,3.568780672466265,18.48929948064378,11.211460014206583,303.3219748717567,2545.0384372325734,0.9429895470530169,0.7967747252828736
10,1,4.485828362280874,-4.485828362280874,1,0,1.0498998588100077,0.36449974186718465,0.7480290412902832,0.10651209300383926,4.9961505564861,4.485439569689333,14.358544386923313,10.789276131428778,398.6370872706175,1471.976051107049,0.8948963256552815,0.9184835711494088
10,3,4.7933991519735315,-4.7933991519735315,16,402,1.2533307165564511,0.35171627863048455,0.6267533742777894,0.08985241806728837,1.3056448971051262,2.443659441253476,12.128166717778411,8.398479511238754,461.7896083293906,2034.502019672195,0.7876922591674784,0.7979485773409415
11,1,4.491977562676654,-4.491977562676654,3,92,0.9373451346961014,0.35132198900865574,0.8521084699006365,0.0811358849034901,4.35180027037859,1.8722330537938507,10.764544085439852,7.871070812093513,430.74169660626114,1402.4521323777403,0.9493577091966021,0.5291369196843649
11,2,0.576796979663257,-0.576796979663257,6,52,1.4522394434817258,0.35661024072049907,0.5885606017850665,0.12330606998875739,2.437033062386033,2.982733988728907,15.544335592445712,12.190761713959999,267.49719374692063,2912.296814486322,0.8956586799864985,0.955843992948334
11,3,0.352112676056338,-0.352112676056338,2,487,1.0158457247922401,0.1392016741960702,0.6811756080963783,0.085456208606408,4.65235212340846,4.046914138303446,16.385660404739752,8.146628201007843,486.53904129930885,1162.8048490642018,0.9218502304212557,0.9087220161021936
12,1,4.596351493832019,-4.596351493832019,75,173,1.2555019383475154,0.3896609459303903,0.732685685315349,0.2263781028726066,0.5340796644443393,2.8553882061472797,17.92089710552502,11.164959781428502,329.0027480257608,2213.2270338925628,0.6964124199556919,0.9164346296207173
12,3,-9.671052631578947,9.671052631578947,8,88,1.255138978221579,0.31718901306836306,0.7161008459435988,0.2564868426401447,4.6000459272354846,2.9689810257973273,22.013412614337014,15.52502579274579,390.18735472433855,1941.96859894196,0.8582066375459696,0.9651610239078173
12,4,4.7385627387030835,-4.7385627387030835,51,88,1.3984855562495893,0.3722364431159977,0.7085677977965167,0.28307113360627917,1.087296687415888,3.9191956990105554,20.939650366892117,10.201070653927232,365.46507087150076,1192.2669350303977,0.8630800972629629,0.7736772989227715
13,1,2.099880067750708,-2.099880067750708,10,222,1.2726200443825615,0.36477030443678304,0.5911014805303415,0.11035124416919329,2.426395191175404,3.4297172420725315,19.143673924914705,12.745432202259217,356.940187406739,1422.6659389371162,0.6017298680587362,0.6489472848928531
13,2,0.4339423499327326,-0.4339423499327326,1,63,1.1278306663286806,0.30074309143489597,0.4390890978276729,0.1378314941760581,4.704104828725692,4.385083611068843,19.008128331042826,11.413782950861432,402.25376430701016,2892.848553135991,0.7305727929766721,0.5689348439592812
13,3,-1.3792439890977315,1.3792439890977315,5,473,1.3831257385533213,0.286321805995166,0.7224548213016269,0.14244653448390432,1.883554235180032,2.1906785758307747,17.580374203172163,9.942040213937792,399.47855731879963,1862.6690703275278,0.7565342415965937,0.7532760331340511
13,4,4.614432857230417,-4.614432857230417,3,0,1.2960752739414427,0.364924550647775,0.6864232446975638,0.12613683013044844,0.6718052066238043,4.379122973399717,19.145708922929796,13.229064076207578,294.18386184710585,2345.8744970784796,0.7671282168776633,0.7851468025552102
14,1,0.3125,-0.3125,4,66,1.048479824101971,0.3502702498372186,0.6350291383422231,0.11725008971953783,2.0148388293584016,4.262191017679103,17.508298157679555,11.200293872737307,223.77300618146867,2708.7584267079474,0.6511286030445369,0.7112802281044424
14,3,4.468510088554664,-4.468510088554664,33,66,1.2111099735170545,0.39332151446611574,0.7994977228653173,0.1437172644699254,3.2376681473861257,3.3171986263704625,22.44701442346307,17.46249525106789,240.68522607583367,2496.972124482707,0.861335281674344,0.676154507252662
14,4,2.31477097939745,-2.31477097939745,2,318,1.0485957992598416,0.30410693439950404,0.5320940755196337,0.18578070225194096,4.607578983739284,2.8189510139636695,13.378829504363239,7.073957471606405,452.35902319291426,1211.178152587756,0.9974823075228711,0.7744362559169531
15,1,-11.891041665787935,11.891041665787935,4,371,1.0856976626674117,0.29772833365276163,0.7855408537313288,0.23624620027737742,3.113458977535782,1.0395552508974462,23.280596775057695,10.914599797688425,375.7248244513603,1021.3402342051268,0.7310169073861814,0.6772613739551452
15,2,0.2840909090909091,-0.2840909090909091,2,274,1.1050597346164288,0.2620582282260848,0.8308933909982443,0.26696868358598114,2.2573690596036613,4.380881032693305,18.043635825960028,11.25067990629089,231.7986951865089,1340.9196602289512,0.5442392104305327,0.5353224519640207
15,5,0.25773195876288657,-0.25773195876288657,5,82,1.290803818442862,0.3671342448012015,0.6906504471586572,0.09563611081535102,3.0193225786585547,2.520366894728656,10.935057435215185,6.165863411001635,220.02482585302712,2431.166990724243,0.7880138390222435,0.8352694171702084
16,1,4.5369406477724485,-4.5369406477724485,39,371,1.3153273713674354,0.34395988410073297,0.777017694538725,0.10824061263536569,0.7116705181378515,3.5555278204211933,18.964912617797317,8.947485210124594,353.668525123527,1021.3402342051268,0.7310169073861814,0.7755584931106076
16,4,4.608399436689536,-4.608399436689536,81,371,1.2886003104720598,0.3121464595412616,0.777017694538725,0.21376318287278037,0.7116705181378515,3.3341544814962107,21.25248844936952,11.71279202894235,353.668525123527,2011.2571906290486,0.7310169073861814,0.7257307927499536
16,5,4.628629313435724,-4.628629313435724,65,276,1.339845738402655,0.3915794200265692,0.7022158265116584,0.21624745726505362,0.6561882581207836,3.078722852515313,13.379755567351452,10.381266162216948,431.53766291272393,2522.8415298460973,0.5929499979981632,0.8926449007701822
17,2,2.533085237008532,-2.533085237008532,8,375,1.4580050879700581,0.22013819726214556,0.8096509203574425,0.14846162292468112,1.0583942226433047,3.950703868373372,22.782182160175225,16.638534076516642,259.8091434199845,2662.8903943440105,0.9069502488942756,0.8730696130860611
17,3,4.753006709506224,-4.753006709506224,15,458,1.445064567216125,0.36339798692212366,0.7156087702581653,0.18946728720077788,1.4506065748987436,3.376636713748761,16.0688958231189,10.82484504781199,386.15539965561874,1845.260235807737,0.8606706316169956,0.7330669050037155
17,5,0.2336448598130841,-0.2336448598130841,3,19,1.4733933256654623,0.13648069992661477,0.5174817779899583,0.21543622160330414,0.9357028510848981,1.355873601676354,11.754206055043955,5.882557318545878,328.45152616500854,2212.67315308742,0.7845004940309254,0.7386322344496894
18,1,0.25,-0.25,7,415,1.4823694428274303,0.12113075412018226,0.3995673724030214,0.16325858192183942,1.4772386395477863,1.1981084608135262,20.41997501723568,8.87878015275636,255.09964273743097,1653.2125144841002,0.8884904341668871,0.7997395526788389
18,3,4.611843398048185,-4.611843398048185,11,53,1.1283673967572898,0.3847065174464107,0.6859931211664481,0.09042838727931385,0.8532313607836997,1.9224623385657726,18.562881153747714,13.826485648465546,242.59942821207724,1871.7700313940736,0.7659227971879223,0.741875686312891
18,4,-6.510660083601421,6.510660083601421,4,59,1.2337976059426186,0.14306512740196264,0.6592194775800291,0.19466542072752366,3.6242492086254794,3.7635319478103453,21.021573959499513,13.051653884063741,283.7109004641319,2432.583226582626,0.5108496582129101,0.8886790549455732
18,5,4.602050621126125,-4.602050621126125,2,0,1.3070377059510783,0.39103143482107305,0.6820791284732488,0.08241319927521709,0.7142743105068803,1.7640970586799085,11.57121677670321,8.40625662194908,359.582028240973,2663.9308612793684,0.7677888083271682,0.9694784724207365
19,5,4.75248323121183,-4.75248323121183,52,9,1.3528851530459316,0.3584972417614784,0.8128517623114677,0.27792185363556243,1.4862219198223439,2.6380092608092256,15.107581974358673,7.328954207231084,450.6512962873262,1873.9639192120237,0.9653986175173128,0.7806163039651008
19,6,0.20833333333333334,-0.20833333333333334,4,9,0.9894704768396915,0.3763861393229023,0.30805088728666297,0.15386878704941181,2.354730499773673,2.62511023458747,16.745148608797837,12.3983527076024,211.74685824660153,2976.3900087362254,0.6949105667683309,0.8205005433174386
20,3,-5.6491807980966255,5.6491807980966255,10,242,1.2808261089747521,0.38493478600934794,0.7104076300187301,0.0896345782602227,2.0000309016400015,1.0359481544317726,19.775541295611227,11.48354665976623,255.77070073795718,1774.1164633461542,0.675495740274883,0.9099372420909958
20,5,0.46418366300339287,-0.46418366300339287,9,285,1.1233969152993784,0.3883999171804572,0.636585982379465,0.08045377352077401,2.0978202248097437,1.4851009690042236,16.879622939968044,11.968748334926666,232.87646648587474,1654.9578465124946,0.8995295094874276,0.9111017433216466
21,4,-2.4348769662816525,2.4348769662816525,4,157,1.441357579811184,0.22170340127141047,0.7913430266690775,0.24622448134629932,1.316805399954319,4.387086903045325,18.07302734184153,12.203909740294609,224.97470253186793,1985.0686302614868,0.6797811382464789,0.958788030301579
21,6,4.516905779548691,-4.516905779548691,3,441,1.3532033334683744,0.3248049790757448,0.6416555684350366,0.22394142998107558,4.086665916885443,2.276510326315089,12.531583566049715,8.004846354946494,400.6964947754555,2795.682687850456,0.9974466627388128,0.603942961897701
21,7,4.84193356712702,-4.84193356712702,83,124,1.4298975805735075,0.36275825813497903,0.8278347224241654,0.23575570448449917,1.371837576567493,4.3701101380603244,14.335424465900125,10.196812119453995,492.2670874263526,1605.6645032007523,0.8674920742486257,0.8007120022852293
22,2,0.2032520325203252,-0.2032520325203252,3,383,1.3534142925769932,0.3700409759093704,0.4042344440380121,0.19175462375698582,4.425286358511894,1.1716153582179332,12.329263600620454,6.088767192960838,420.6078058572051,2937.8722073708686,0.6005959404169443,0.7757881751426268
22,4,4.417639767958793,-4.417639767958793,3,305,1.0300755509807702,0.38342883781527226,0.5251839110725535,0.15846329271555365,2.135531837462648,1.457717980345785,14.451200159707557,8.579821439788377,421.1124762277067,1297.1702181220003,0.6893766731766957,0.5515813262023711
22,5,4.482358218687824,-4.482358218687824,3,465,1.291300291911055,0.374658152808562,0.8966792694679947,0.16000988775864244,0.8729033028693212,2.784790245165801,19.47245107623982,12.09022815923812,422.0226863544332,2214.60743341231,0.6204745299045094,0.9909131103839649
22,6,-5.484145583007962,5.484145583007962,2,496,1.2424093320036649,0.30764374745563816,0.6368554316461086,0.18689569426948735,4.033129634472192,3.3846750926657396,15.747812574371592,9.844182422010363,381.28049623323244,1416.008174839681,0.9967491069193618,0.7805760831415083
23,2,4.607527956058669,-4.607527956058669,5,156,1.2374828866256151,0.2909692692384124,0.7595657239376912,0.1333572087465723,0.9166262969738139,3.697721712000013,19.137878632964348,9.86724260865136,337.1938679128034,1011.9745561567491,0.9693540987267579,0.9692723597041549
23,3,0.19083969465648856,-0.19083969465648856,2,218,1.1654268793581792,0.30160372415301934,0.8091550800601296,0.24430502123900985,4.32516865075879,2.4683407949538543,12.936526873133657,5.2777628851344485,447.41633405640033,1356.853848323226,0.7471276908626305,0.9538701996207237
23,4,4.3339346311515605,-4.3339346311515605,31,96,1.1284522613679306,0.306425859958701,0.7346726710052756,0.2248487167706142,3.7741590510084597,2.7973807409956115,11.975452424650085,9.055035786543,435.0871148884924,2413.9077824553387,0.8210595197762237,0.9159125372087022
23,6,0.17857142857142858,-0.17857142857142858,6,319,1.472499932389356,0.24804735361651148,0.415781309125702,0.18020186366045743,4.822822895619167,2.040111387221731,18.937726510747183,10.18106407235835,244.6008844535467,1545.5780151721553,0.7000321270897985,0.863881706587036
23,7,4.726972425797035,-4.726972425797035,62,259,1.5215572034283147,0.31959790479071526,0.8333281933423177,0.11104768968676372,0.8800727541928901,3.4824397104342113,17.51304486982204,12.934799103270839,333.93716408533743,1491.367854687738,0.6613574001271907,0.8197244341752579
24,2,4.417880423323013,-4.417880423323013,11,335,1.1738900657228055,0.3357376558251387,0.7603616211542694,0.18490101201379117,4.018874265719205,2.68044712772005,11.903526773603843,7.655090230402282,433.4598069202496,2592.736631047977,0.9290041745507619,0.9191601647896467
24,6,-1.6944554439518642,1.6944554439518642,4,136,1.287386831769564,0.3071829804967582,0.581014476332334,0.19042903528589541,2.0062576100992473,1.7612045840961585,17.318903433696033,10.203935020382087,308.28045407179457,2328.4095497883513,0.925782156899029,0.9735566620126908
24,7,2.360537706704255,-2.360537706704255,10,280,1.2758725903004386,0.3566802076712244,0.8276583869221856,0.08701363181309153,0.958872765356996,3.217506239004085,16.67129312004149,10.92043369300404,309.5884385119446,1277.0996781454583,0.7269531436284493,0.8973912796340594
25,2,-9.440128222257378,9.440128222257378,2,103,1.1124078763324723,0.18619676048463235,0.7079849810603089,0.09523370291313893,3.2044041592802106,2.877065471844197,15.24147111241099,9.217446778292054,421.8150604351033,2044.4125266080516,0.5730944168894089,0.936276604872538
25,3,2.6143093481047295,-2.6143093481047295,11,139,1.3410398595677593,0.28283240704351725,0.6742985039511507,0.11719117726496589,1.1883127763375712,2.538301734278086,16.237364609609916,11.869380214736607,352.2518574877051,1747.0919692613193,0.845747700592784,0.8055827555784149
25,4,0.1736111111111111,-0.1736111111111111,1,250,0.9470779307062422,0.13888610277201352,0.8072775812466958,0.2019032180859437,4.708772413423585,1.444629339966923,12.847992777824402,6.032060570412385,312.1526110193687,2390.905063599348,0.8720359178078787,0.5906542879529297
25,6,4.4691767800478,-4.4691767800478,80,77,1.4083300407633712,0.27417478724285427,0.8186032696241898,0.11589464848733022,1.4719581012789666,3.3219263894617326,21.133600656474563,9.297946577696688,307.7013892089408,1965.13975847947,0.8446777552995441,0.6286100295031879
25,7,-2.812249054172418,2.812249054172418,4,215,1.1626432879366897,0.2848310727676403,0.7759167306377803,0.18540736018011852,2.3774319575274023,4.097395291340781,17.914074814367815,12.228227047770636,483.6528668812116,2937.8638789402416,0.7960806018731129,0.6151678547649504
25,8,4.695249724723098,-4.695249724723098,12,446,1.4888464169430953,0.3373961397141817,0.6776840087158826,0.23738664562428957,0.8060938026868523,3.090397823338971,24.57781902774851,11.733944166960015,242.19976221130918,2872.7653289925584,0.8385137875324553,0.9655669322131811
26,2,4.409099486091611,-4.409099486091611,21,43,1.1770818253080702,0.35019705669301143,0.5722504071392266,0.10409626030332492,4.306863328187495,2.248941121554952,17.491372272776864,8.87654938733378,332.25590203712926,2338.962609117318,0.8090849238354165,0.819580389252986
26,3,3.380975706749961,-3.380975706749961,14,145,1.3395302502069493,0.37398744430659964,0.6282496470911546,0.16991890572398172,1.4630611431200793,3.738567774385266,22.85455273859937,13.967738815449797,326.7601343321005,1327.9709290748347,0.6507501876610183,0.7524574649211416
26,4,4.4679290856373,-4.4679290856373,14,336,1.400113936611685,0.346290791008857,0.866550785575612,0.2778673092085743,3.8215857509610847,1.520708333727139,24.58674057818951,13.055595904103601,201.22649068996986,1526.0724423419506,0.8647768992764142,0.7738664157125492
26,5,0.3053332668318589,-0.3053332668318589,5,303,1.2647490066135965,0.3522421784278821,0.718636958609035,0.13061793015137024,2.9174446427809424,4.249338751987979,18.83258571515556,14.84173859329672,316.1551104188185,1752.9089403413002,0.8130262184307933,0.7922541785370532
26,6,0.16129032258064516,-0.16129032258064516,5,453,1.2668270395274905,0.37282360059989905,0.7202979707543496,0.15782011557949666,4.949351956082387,4.3343828441317855,15.387239363731036,8.835497517044075,265.90345451699574,1721.6804821318797,0.8569655083119869,0.9936781032990215
26,7,0.15822784810126583,-0.15822784810126583,1,381,1.0815540954247118,0.16730563931167125,0.3490851374343037,0.1631982079707086,4.101073720958084,3.9393544266931713,19.92554913274944,9.044572902843356,235.7675701379776,2932.5077515095472,0.6813828749582171,0.9005223698914051
27,2,2.216931826693587,-2.216931826693587,5,359,1.3145846031132828,0.30239432824023493,0.6255564281422056,0.09072698938439286,1.281797727912196,3.0352830546070853,20.418252224729024,14.780254619144063,210.91510627884918,2389.942562968416,0.780445214746125,0.7694228595558698
27,3,4.527732006360143,-4.527732006360143,19,173,1.3855753686983743,0.37694056675920706,0.7089299981910562,0.2263781028726066,0.5340796644443393,2.8553882061472797,14.040617345525071,6.23487070667405,477.039910004001,2648.18324925091,0.7742940674771397,0.7955782124923594
27,4,-0.3851926656717417,0.3851926656717417,2,42,1.1462516434514576,0.2984644347161269,0.5701201261952519,0.16306243399138337,1.5899006278416015,4.440103164599243,17.903297366574407,7.189573791182756,299.1851113714571,1207.0879590317409,0.9479809640098789,0.5331329251744937
27,5,4.711345939278145,-4.711345939278145,51,38,1.4612393359717775,0.35585677363471063,0.807444390212869,0.09678230121640667,0.7391979970169547,3.442158553392096,17.076502780433866,10.579948572285943,388.88059773199245,1292.9944361218127,0.927612907457944,0.8324218787954878
27,6,-6.605810814576239,6.605810814576239,4,399,1.318548062046025,0.2714822170018973,0.8964154804496787,0.08047899263873812,1.666661070200133,3.8177914107984803,19.130830317985392,14.197723874406732,393.81732154574377,2241.993847853707,0.901377975723759,0.9162457055587281
27,7,-4.979071170010911,4.979071170010911,5,198,1.0426332898590638,0.24899168654174936,0.7759283669179139,0.10826309549631698,1.7659380332173664,4.2657135549784835,18.540781764599444,11.135203261593906,444.591782579931,1929.7894949751155,0.7646508188285469,0.7488038832012078
27,9,4.697886521615351,-4.697886521615351,29,1,1.407639605574186,0.39863111662719664,0.8489907849018076,0.09430385611235827,0.9784383944894726,2.400272165549934,10.587865617375146,8.083364780553193,432.4889852455111,1856.55215600789,0.8481034254470393,0.8759951435810339
28,1,0.16666666666666666,-0.16666666666666666,1,75,0.9670757065647795,0.2244784924760461,0.6321946234553382,0.13340104709401174,3.0823606617696915,4.212139861725864,12.4689875356853,8.233616512739681,271.0727436468005,1660.861873999238,0.9165543091876533,0.5497508523985744
28,2,0.16339869281045752,-0.16339869281045752,5,280,0.9855371250048585,0.3836132174591728,0.7295963861568602,0.14121456265449525,4.90397792412783,1.2637390703894198,23.81551160751311,16.33373081134755,428.8337980911166,1521.9050759288348,0.8113614215696601,0.773052569562095
28,3,0.16025641025641027,-0.16025641025641027,13,62,1.448122858857149,0.17169892118940405,0.703846105862311,0.13102164951826645,2.322486802595297,1.33584915877204,15.684377664966988,9.532088027978311,220.88174368258018,1998.5069183361722,0.7120824064530888,0.8831474972495066
28,4,2.4714261639945967,-2.4714261639945967,32,408,1.4215566481621087,0.3777681294463031,0.8928772580209179,0.13940921054255426,1.8492362620353182,3.9691929716904957,18.092252590226156,8.725573375822114,351.08231942968365,1352.7766768514107,0.8337177583080653,0.7704877678487592
28,5,0.15432098765432098,-0.15432098765432098,2,213,0.9617420127698262,0.20952316672814278,0.6893788425251841,0.15856133622919075,4.810543184634298,3.2909662657103285,13.915100309249478,6.183396695472405,215.86590306833386,1032.3187597463389,0.6833581200550254,0.9436686572961184
29,1,3.8761339993976285,-3.8761339993976285,46,296,1.4813840625264334,0.39982717544100377,0.8773314004462454,0.26295126883254094,1.6595248834960823,3.351950214915926,17.415198893322188,8.870630712917288,385.71725377201153,1425.3904838281348,0.8319151460631167,0.9247085598922363
29,3,0.15527950310559005,-0.15527950310559005,3,15,1.084136174991557,0.20233370254501762,0.5593052398606349,0.2388788602501154,2.8497742503016394,2.538774051605455,16.18576264682763,9.405501834112531,280.4735923556152,1485.5081534050603,0.7981678656824671,0.690103211971892
29,4,-3.6389370125412595,3.6389370125412595,6,59,1.086775726665305,0.14306512740196264,0.6747887672858619,0.1463090612450837,1.1283225523383507,3.7635319478103453,21.021573959499513,16.01273184480602,283.7109004641319,2093.1224300195972,0.5108496582129101,0.8361227951097705
29,5,4.470973225424996,-4.470973225424996,19,120,1.048311061363901,0.3629060923476487,0.6202004764050242,0.11678339587786139,2.9739156779555724,1.9648202812350282,17.966690861481066,8.643523686200135,442.3870844848985,2024.5294650807807,0.6542733403071161,0.5157011172876276
29,6,4.553053984424544,-4.553053984424544,50,278,1.4471616418041964,0.38867539858465244,0.7608506421177714,0.20153083974295796,3.8597437703786617,1.7433137875000797,14.616639412768354,10.23620038154257,313.6866490977727,2076.721616002098,0.9306985859637236,0.815768741231101
29,7,-1.2983443424616858,1.2983443424616858,3,425,1.4397573039877478,0.29936888992816246,0.5731537678965999,0.2067491796460369,0.7137834131872478,3.006801221469019,13.403621473152764,9.225450512611372,367.62501912670217,1419.1967178431344,0.9077558848668832,0.9426041971068543
30,3,-6.113375316844567,6.113375316844567,5,144,1.2516950031053276,0.23529325622408034,0.7021183087505194,0.1802867077705746,3.1826858698747205,2.992148549295962,20.338471688490365,15.581516199745238,278.3751048572362,2314.4403155893087,0.7751520667158532,0.9309548516757786
30,5,4.707686718995134,-4.707686718995134,52,303,1.466968971734979,0.3522421784278821,0.8483142708136282,0.1653961394135106,0.8118795723862364,3.6730269540026663,16.56600128195782,7.849747571330511,450.1436305632674,1291.6800712028173,0.9380731514655276,0.8699599336732666
30,6,-3.4420401794984663,3.4420401794984663,5,298,1.1641862977817656,0.3714234659262221,0.6286971132669434,0.12829285001022656,1.9634973551146686,3.3697195880885262,20.250406956788332,15.951215377149026,297.1192733384669,2254.2602196335793,0.8855106910042796,0.8925828013612629
30,7,-11.354319200513503,11.354319200513503,5,13,1.2342676308988696,0.166393976212488,0.7493225442849041,0.14704197011806583,4.310017103668805,1.9064944648086124,21.71176139642285,13.38907536674683,255.39778441530765,1670.3514142109175,0.9302686853334308,0.9151432646996231
30,9,-3.0530891740971877,3.0530891740971877,9,113,1.0625972224520295,0.3846471553566791,0.8090570327836579,0.28850554692359803,1.3737512476789338,1.1375935021465235,18.103995398137396,13.529966813211438,232.78824826932373,1594.3590904234459,0.6093748720826216,0.7494627699087186
31,1,2.0304226643967747,-2.0304226643967747,17,404,1.3733634471563496,0.2927547752266453,0.5791864099084826,0.09065988390922601,2.4194163010050453,4.389049724177755,15.293384732955825,9.403619054338304,409.2162640754296,2641.4684691104158,0.7501579688464095,0.8836152214187779
31,2,0.1488095238095238,-0.1488095238095238,3,292,1.2626867903218448,0.31283063974295267,0.5855637399918323,0.09238380217274939,4.338136903986719,2.998562021215801,12.701142174524975,7.99015635229771,225.20314625586013,2715.6934154279966,0.9930414400755423,0.9630682419223711
32,1,0.14705882352941177,-0.14705882352941177,21,243,1.4533745625029069,0.15832771350864386,0.38470462607040057,0.1831351846585867,1.0034179384820163,2.990640295376808,16.910318904072152,7.271740831426591,345.45761247239,1057.9363610068315,0.7544640983571356,0.7947270933430379
32,2,4.446532029970057,-4.446532029970057,9,225,1.1568505918372969,0.3922127386147551,0.6942649456177121,0.15139817351087653,1.026319365813314,1.1789219549100167,20.95098362083543,11.75579799927428,232.60668915085586,1660.8144536960738,0.8199281242695425,0.523274083510263
32,3,4.395318261512362,-4.395318261512362,26,349,1.4491791816764181,0.3910498770214077,0.8127336815694666,0.11027037049737609,3.7798752675903025,3.5432383243941277,13.180504889035209,9.50622638301598,300.86538531575843,1354.056644165035,0.8080433393634636,0.521689095068723
32,4,2.3869696269044005,-2.3869696269044005,3,240,1.3117928630454383,0.22541679209801496,0.6803142884252134,0.2672576270168602,4.856282477890406,1.8865237825245968,14.258478937818191,10.472749380880193,359.1918773645922,2935.90818141239,0.9563576588043057,0.7483799712668053
32,6,-2.6631214381735315,2.6631214381735315,15,401,1.074116730922801,0.34931142849656754,0.7653492804409212,0.22668560179320585,0.6211965273991344,3.687682766898291,14.89915482276783,7.4626182391824765,335.42517650874356,1405.4108050181821,0.8150727957784711,0.9070064474748454
32,7,0.5269719125486727,-0.5269719125486727,8,280,1.4336871250166896,0.3836132174591728,0.4658525931338828,0.14121456265449525,4.703774908050896,3.910107567137614,21.25839069242325,16.33373081134755,233.0708955875097,1521.9050759288348,0.8185698147964885,0.7409436881242383
32,8,4.502897794980845,-4.502897794980845,35,449,1.4156442716830266,0.376853143622341,0.8427827039179144,0.11736373356066339,2.7274918002633424,2.133232830503275,14.083157609449373,9.231297807100606,276.10918510863644,2292.994112465885,0.8992233080668015,0.7282135473678555
32,9,4.613170911960183,-4.613170911960183,19,97,1.5057315609832123,0.2671294786774987,0.7079248156245888,0.1835893888320116,0.617448892938226,2.735817762896448,21.49590981600553,11.16662073573102,276.45776686195745,2384.902734515073,0.890935019172831,0.5493089011921641
32,10,-0.1648564778901429,0.1648564778901429,8,385,1.0621175510864707,0.3671179582456234,0.6801298242315901,0.16652120469486426,3.364325167965923,2.6272911168512145,20.30382386221201,9.412637492641807,290.7930858026323,1264.3674780143738,0.8966259864426838,0.7676192874339725
33,2,1.7171134562102046,-1.7171134562102046,1,166,0.944769300106913,0.32282563086599114,0.5542250722646713,0.2660432283580303,4.29881331929937,4.101747087202966,18.124104007147253,11.819690056145191,409.7364079207182,2196.133466437459,0.6509842472150922,0.6602647979743779
33,4,4.743162013759475,-4.743162013759475,50,148,1.4945265712741165,0.38367432322199035,0.6561811310234442,0.23202870341065762,1.3658048404003835,3.4266271223305056,20.342031994427018,15.74898503793959,240.82917161795183,2332.3502217793794,0.8611408716150768,0.8282835522885243
33,5,1.9670232809445851,-1.9670232809445851,3,286,1.3129636829241025,0.3711901717820848,0.6869776856100327,0.09296038658650861,2.6282575328248954,2.864582367169697,16.578297280456937,9.766061502333093,315.0100513914471,2364.746932048234,0.7726742586176558,0.8827375627894664
33,6,4.5791432214364285,-4.5791432214364285,57,214,1.2815864784055881,0.3918216280235586,0.588267175766218,0.23214440692953991,3.982356506135387,2.67362293038841,15.035460996815239,10.002014149831949,381.94118111136345,2103.587280162189,0.9689107856762595,0.6208713239149634
33,8,4.589949716714609,-4.589949716714609,62,262,1.3835971889839187,0.33869153619932946,0.6694253795512446,0.19914403977249684,4.766356605995403,2.8234376323530297,19.763673500820587,15.1135679593014,235.2379491740184,1776.2526299852116,0.8726157854973726,0.8309167424400482
33,9,0.12562814070351758,-0.12562814070351758,6,132,1.0008522125994697,0.2801490450702357,0.5686949560723527,0.14092656237482498,2.744234506804665,1.7473771120661334,16.278551028483665,7.915125205657584,285.700929862732,1846.7802419845507,0.5377692177417028,0.8672825713025126
33,10,4.631197450284992,-4.631197450284992,32,264,1.3720711541535615,0.3252656893282537,0.6996860401831001,0.19773346630198257,0.994400311460385,3.0791237637016473,17.00936556549332,8.957054583907059,370.2744316877791,2101.9410579239,0.9242754284924097,0.6143754311042583
33,11,-1.631605787241564,1.631605787241564,4,126,1.0634226212985816,0.28500610525994796,0.5840590126812458,0.1969379944068067,1.8338686116039753,3.638268655631691,19.75329663604498,12.907051592683102,202.11684618939105,1086.8549589067698,0.8841394725730981,0.7048784149810672
34,1,0.1388888888888889,-0.1388888888888889,4,114,1.131150973193675,0.2866446951776743,0.8644794253244252,0.15002015271202446,2.8909918148648512,3.2696761440241486,20.760595970787108,15.823290311669458,249.8615105070732,1737.9199024289846,0.5742251257815068,0.5946761178784072
34,4,-1.8677248677248677,1.8677248677248677,4,431,1.2383487280979752,0.3860765665207425,0.4739480157014593,0.1520342080222776,0.8213954809831341,4.134290487907125,24.291617732360063,10.216036963276565,312.31216883848015,1952.426984076409,0.5023855743929744,0.8118700641161825
34,5,0.13020833333333334,-0.13020833333333334,3,193,1.493300733070368,0.34179854732088,0.8292977069676067,0.20408797645941376,0.9274163977243006,4.0439029485963385,10.123392608948052,6.197743576642445,335.0057638319358,1190.6449161469936,0.951212699059397,0.6263685440644622
34,7,2.586524000565891,-2.586524000565891,26,315,1.2565382582273839,0.36517921366517336,0.8472797685085028,0.18673509925039833,0.9164592155685476,1.4491746071629201,16.896325577416288,7.825229547606636,441.0359005607848,2015.267679246341,0.7677296649655603,0.5510392219342195
34,8,1.2164185954697997,-1.2164185954697997,5,98,1.2564521970145879,0.38792874141258,0.5665255942310733,0.14745614007879365,1.9978982597735593,3.961926511559312,22.20272238859895,15.223923932752736,304.33730122787347,2827.984915770678,0.7866799895944415,0.7288246927507784
34,9,0.12254901960784313,-0.12254901960784313,5,249,1.3076852993632353,0.3714949526588802,0.6723883890997592,0.1471947346039702,1.9933678823318481,3.352475166280307,17.38453312713708,10.017501330316477,250.39490528039462,2922.8463358333074,0.7636468424221252,0.7092675725079238
34,10,-7.4816556077507075,7.4816556077507075,7,23,1.2184357703245214,0.377817248577428,0.37018928186901545,0.15133461471647025,1.840886590895066,2.2711985167896858,22.433170556133362,15.984636943895019,369.91794995172927,1319.9738151545714,0.8472484621073375,0.894563514873761
35,3,0.13089005235602094,-0.13089005235602094,3,469,1.236533871933462,0.39740231114232905,0.7155532494385102,0.22797998785955106,0.6603315456804779,1.3845151560138211,11.006715670607282,7.346581766746991,273.75848706743216,1516.9217800602225,0.537978624428185,0.9874636253141577
35,6,3.121522512727247,-3.121522512727247,5,469,1.521548886581273,0.39740231114232905,0.7531056854091125,0.10359194341434468,0.6603315456804779,4.25433332383562,22.62940503419443,15.235621005790332,389.48892613572133,2943.4226766690253,0.7826169419121104,0.9387372109059609
35,7,0.17705461324657534,-0.17705461324657534,8,153,1.3757373468408634,0.2156005346757878,0.8343757987891228,0.09917126140346624,0.6399054000608806,3.5595734442682474,21.11401964143736,11.912712192480395,306.1593788424127,1875.275080038794,0.9731158172266892,0.850031142773731
35,9,1.6976249187375414,-1.6976249187375414,3,466,1.3922687347205316,0.3380933925333921,0.5903875546529889,0.21810469778181696,3.3385651321208427,3.9984394955999605,15.967827927447404,7.885111998766661,392.3337790183723,2166.0393192954566,0.9125062952766234,0.8991827207138334
36,2,-0.9257039164793497,0.9257039164793497,3,226,1.1227344898508131,0.1890892355431581,0.6893650867381337,0.08921484609594288,4.833365033510546,1.0996219209241151,12.144339329402184,9.432677816770678,343.95787676977824,2752.3459694128355,0.9286485958165247,0.8579660202753384
36,3,-0.19726768496177982,0.19726768496177982,8,30,1.2841510406266035,0.24414513299345783,0.5839801479133426,0.12420728020491642,1.35982561081873,2.958049840213598,17.642912091729485,10.789556727611682,373.08051813110313,1917.132462018813,0.8107268220397885,0.6806545379737621
36,4,3.8773320602041643,-3.8773320602041643,38,408,1.4215566481621087,0.38790623623089865,0.7836654105812672,0.12977968664764913,0.6387785867103286,2.895695697916436,18.092252590226156,11.15263893069892,351.08231942968365,1803.9415100612669,0.9249988758164522,0.7704877678487592
36,5,4.562863415588236,-4.562863415588236,30,245,1.409377769296279,0.3891497327378928,0.5940585202001631,0.141679326455932,1.1873152916931549,2.82869824771043,14.411767903166705,8.016461452793532,482.6939754718702,1835.986206531722,0.8274374861349174,0.5157772371652893
36,7,4.527926898813447,-4.527926898813447,8,174,1.4334045856296398,0.3770916367395392,0.846483317922643,0.17401218488302864,2.7594583163279176,1.7863196880625163,16.837720859384902,9.894756128550526,258.98260177861084,1484.5419067845805,0.8747742997840048,0.817964007097598
36,10,0.1152073732718894,-0.1152073732718894,7,118,1.4474475206557809,0.2443223050175939,0.6680192713922866,0.26071668702500206,3.3077608232637594,2.46232816350612,13.566861436702311,7.052397939227187,298.7272114475984,1530.9086908247384,0.8675661180862502,0.8447464533439724
36,12,-9.887892376681615,9.887892376681615,2,4,1.2002008649936267,0.2786815875627171,0.7672158580273389,0.29098184777282937,2.6805424998943446,1.1569196153398873,20.033509749919176,14.2802782601218,439.3124337667842,1108.5031189434003,0.8803290952907367,0.9692184298940059
37,2,-7.390127912336819,7.390127912336819,2,188,1.4618454067278654,0.3125550560439204,0.7929083112150946,0.15944330051541328,1.269793671881472,2.1688377924795317,23.72616278725561,10.183666589669883,451.9843998365104,1579.968349709767,0.7229808027728755,0.7201232561417298
37,3,0.12437810945273632,-0.12437810945273632,11,495,1.2186204278327262,0.3801797826493487,0.628795178120392,0.13203445006957198,2.7431081888133546,2.6499566019589382,24.225052931897817,16.74328987756556,338.2037166642468,1066.998287169464,0.7512571439378719,0.6287784486995958
37,4,0.12254901960784313,-0.12254901960784313,5,216,1.006232128328916,0.3703468486631896,0.6876464105974857,0.14415478882604155,1.8810382296360912,1.136166317740015,23.474867057401454,9.961350121416539,230.39981698138948,2473.8477053545766,0.7567337357890292,0.7485101215419776
37,5,0.12077294685990338,-0.12077294685990338,8,188,1.3288304965324784,0.33243585477637133,0.5478617220005693,0.12122833409476431,1.6672794032092388,2.1688377924795317,23.524523175840947,16.820848428677415,223.6526826316795,1148.42561820685,0.7229808027728755,0.7201232561417298
37,6,2.177861768180563,-2.177861768180563,1,199,0.9865258094600942,0.3015532089386652,0.7119652800258957,0.1339975905967232,4.976511938705814,2.4777166239155046,12.685276787966531,8.507094885222614,478.75160947525785,2999.2795139551163,0.9160221554338932,0.5669345592595
37,9,-4.536299698406827,4.536299698406827,1,118,0.9825343232285232,0.38199635159224277,0.6221402602270245,0.24021141905337573,1.1421988066285849,1.1546191102825105,13.566861436702311,7.094884851947427,478.21695916354656,1198.9238616079092,0.6709277490153909,0.8229676582850516
37,10,-2.394299021238807,2.394299021238807,2,118,1.393612455471973,0.253845569425089,0.6221402602270245,0.24021141905337573,1.1421988066285849,2.78602514036622,13.566861436702311,7.052397939227187,478.21695916354656,1530.9086908247384,0.5882536405779042,0.7409783488452167
37,12,2.568224850468464,-2.568224850468464,15,242,1.127101485853025,0.39718157992618436,0.4890795591488296,0.0896345782602227,0.6643716256742693,2.0860621232019563,21.29078435472017,13.952758939594215,287.6135341804523,1760.959698857695,0.7659650291994011,0.7264602380208058
38,1,-3.369720417333202,3.369720417333202,4,360,1.3361282539051027,0.29866973175134715,0.8999726976652797,0.13607356477335927,2.5404484939944565,4.460218884449007,20.674828672506766,11.506911818024419,232.35633827621467,1174.9586777216082,0.8041480682354379,0.8536174081972728
38,2,0.12315270935960591,-0.12315270935960591,4,51,1.1064608359385273,0.17795367659791644,0.5885699775069951,0.18700148787963378,2.3874784228561134,3.6440252688698607,13.444444472497342,6.367610958404839,226.359963477537,2005.9563214903483,0.8600110771990679,0.6275292895059539
38,3,-5.5543217197032835,5.5543217197032835,4,278,1.06487465055926,0.38548376085852726,0.7531978387139766,0.13742952369274566,3.4722477984158604,4.438075579237193,20.526940151790882,12.424891880525463,406.86937840135727,1855.1159322306462,0.6981360201764187,0.5372221272529513
38,6,4.583701471829972,-4.583701471829972,37,441,1.4061707076794696,0.3248049790757448,0.7959036685974832,0.144299530776535,4.086665916885443,2.229366725391344,14.422245864192929,11.365119306118654,303.700963664627,1589.2492805427603,0.9974466627388128,0.8578560965789779
38,7,-0.6688941649104505,0.6688941649104505,8,372,1.1060230839427796,0.2519918888172861,0.579633268181552,0.17965583571483146,2.2575946575308965,1.3798984865628345,15.517715701467363,12.334497045570846,286.52010531476515,1479.3129474402003,0.7323380265434098,0.5619960370266761
38,8,-0.5809844492872411,0.5809844492872411,8,106,1.2250645739951185,0.21479634364312866,0.5715816453647455,0.1113211804409924,3.054013244086679,1.9697142943217396,21.55754653011241,12.632186750377539,245.22456093372656,2416.1547842541286,0.864019015276441,0.7222077084005227
38,9,3.01021139560838,-3.01021139560838,21,290,1.358542164634007,0.3916631575626933,0.8744803143095746,0.28582001771201887,0.5971256515348857,2.027990704015068,13.471248224781888,9.479791531818833,415.1914386590732,1449.150117704825,0.926926803980654,0.9952399490640313
38,10,-9.889867841409691,9.889867841409691,9,146,1.1871796618362322,0.321514621344258,0.7519670403452977,0.15499493188918956,4.976381695363671,3.383205739585239,22.491225665435195,17.715974140800007,393.74094594361054,2233.150972522731,0.9404490082524717,0.9183427488805491
38,11,4.455795554015737,-4.455795554015737,59,462,1.4834385115491422,0.39237690171570694,0.7699901229220363,0.13825644615007784,1.9449094808981764,3.6217638286118805,15.258363461127185,7.711351867208178,448.43827415946055,2598.6606549311996,0.9677288927393468,0.9615087490097315
39,2,2.203031654552438,-2.203031654552438,13,142,1.4397610354761163,0.21829391722334385,0.770232494073885,0.133780230100174,2.646664844631452,2.576575953145687,14.86085154215434,8.009901035532042,361.0964646113153,1819.7023256634986,0.9941575603604982,0.6642800199393702
39,3,-9.768987785128969,9.768987785128969,10,100,1.3034744282459176,0.15542930110983,0.757391837684092,0.1094574741677729,2.175188010443132,3.278798894219043,23.955369675032205,16.011037151451227,296.784560158529,2257.6427565014387,0.7339300570569558,0.8246187688599526
39,4,4.719882857806438,-4.719882857806438,7,475,1.4503687076356204,0.37883676218268947,0.8354639265035358,0.10410459603141985,1.1923810348911024,3.059088313339894,14.582239683041811,10.701779341110738,308.09291004146587,2434.7350371552116,0.8604371076802242,0.8455710005308144
39,5,3.2030732079164395,-3.2030732079164395,59,276,1.2986376923870044,0.2916532957003405,0.7022158265116584,0.21624745726505362,0.6561882581207836,2.019614527589402,17.94305824445781,10.381266162216948,453.9697576798188,1005.3544634496772,0.6790250348145914,0.8926449007701822
39,6,4.539840273676335,-4.539840273676335,38,44,1.196028917795673,0.3627127748825007,0.7305197213063372,0.20129445065869125,1.4537050125951247,2.5552097995435026,15.367242437168045,10.930901934649214,273.84235577985913,1864.3030061967168,0.9747856932666138,0.6419667726449318
39,7,4.768324022725778,-4.768324022725778,19,306,1.2333539764071932,0.3711485667064939,0.7698489453099961,0.139200986641287,1.3396333510070417,2.307218506518944,15.789989778884694,9.035636998277337,347.3399887519715,1798.8081058842547,0.7511610104699368,0.9317204753278807
39,8,-2.4457711373267115,2.4457711373267115,1,243,1.5147924384903164,0.22958218932151794,0.8308061169460416,0.2539162785001099,1.0034179384820163,2.63417075201869,17.144743874669075,12.572280284948647,290.8393628895283,1861.3283261656761,0.7379121114499867,0.6782083716243505
39,9,-5.9129831162125015,5.9129831162125015,8,96,1.3562680792836284,0.3990886093185327,0.7064584718410327,0.19643496018992904,2.2129992335688597,1.7551763588991114,19.173140083197318,9.22797319232874,408.185243585501,2802.1018582449806,0.8080380991024956,0.9760601270861006
39,10,0.10775862068965517,-0.10775862068965517,3,475,1.0751404973836511,0.37440512803207915,0.8902159489438395,0.10410459603141985,3.970420883365726,1.2028212374925429,10.370649605491982,6.91813987045707,316.4188610898865,1470.6039706096835,0.8882147403573906,0.997413431658901
39,11,4.920920235107053,-4.920920235107053,35,180,1.4475364583944188,0.3575036077909785,0.8927441923806348,0.10674851320683958,0.7933175752559911,3.4116521298608715,17.45947093951345,12.884626148851355,343.99483159281897,1267.1139823400138,0.9223280841532672,0.853401427050691
39,12,2.5751158143500636,-2.5751158143500636,33,276,1.5147672398024172,0.2916532957003405,0.8194077960878808,0.2783794322977106,0.6561882581207836,3.05500134484929,13.906486067498266,8.134958291609685,453.9697576798188,1393.2892055352365,0.7721302582693735,0.6466719139667514
39,13,4.84816099022132,-4.84816099022132,10,271,1.4844254533926409,0.36798624433575877,0.6953483694249771,0.13123086552595142,0.9210537954306872,1.9446685777648587,14.913401926346374,9.248179227080232,310.7428800873281,1756.265176092042,0.8195718221554305,0.9109840954679553
40,2,1.0444067691131345,-1.0444067691131345,2,311,1.4246942580417228,0.19213845171034338,0.49374031050803235,0.22746101036667823,1.8481124741956592,3.8715910455211997,19.2134379826878,8.791861541587902,432.49004248209206,1820.318101843421,0.7422764780352844,0.5921912671120909
40,4,1.55760789117884,-1.55760789117884,9,416,1.298528639636595,0.19565369327884785,0.5119111274845893,0.13204396593174897,1.5087828992161127,3.899631941407211,22.95349447056651,13.057389575760487,286.61908300832823,1015.425979013891,0.909416271843061,0.7995892666833965
40,5,0.11261261261261261,-0.11261261261261261,1,286,1.0318954069896367,0.3711901717820848,0.6869776856100327,0.09296038658650861,2.3680992104628964,2.864582367169697,11.959111119746645,5.553809495642781,315.0100513914471,1188.668640188886,0.7242339586318373,0.5926063269959024
40,6,4.630342020943512,-4.630342020943512,5,136,1.313133489974191,0.3071829804967582,0.8302978224842057,0.09540366786646205,0.9913832427747564,4.084273288294579,19.798591128404123,10.203935020382087,308.28045407179457,2328.4095497883513,0.925782156899029,0.9877922931136972
40,7,4.900705957412032,-4.900705957412032,41,108,1.4170753270912055,0.3750290712408424,0.8218669442979831,0.22809638066444052,1.403326805670845,4.362642317574332,14.552733548090398,11.016877812021525,451.833310334882,1595.5053283512034,0.7776883455959254,0.8269642796691545
40,8,4.741352218853331,-4.741352218853331,23,204,1.3873179438623173,0.39861748227905147,0.8774210949526694,0.1345180753590726,0.5512157698137679,3.5110674456627993,18.179513135359336,12.141149876683244,314.25679751190444,1242.1293699273065,0.8378281530931049,0.9158031093305379
40,9,2.2250091454847993,-2.2250091454847993,5,28,1.403195710105599,0.26026827607301295,0.5326143096665816,0.2831792431510985,0.8644446996067114,3.548993720492666,16.938968445174396,10.747954630098315,336.4993757617653,1833.2367397797602,0.7731860332702611,0.7590851128633465
40,10,-0.16550475398101483,0.16550475398101483,2,244,1.3595505936407304,0.2462691965991028,0.7458043124801719,0.2458446845612757,2.677948701608669,3.7441693539731205,18.337931246496737,8.114678964018822,356.635051229313,2137.3806079650417,0.8816161025315523,0.6099411047473512
40,11,0.10416666666666667,-0.10416666666666667,3,400,1.3280306532931068,0.2892782900826232,0.6342057904446742,0.2917403384074306,4.561023589875907,1.3296000720481214,13.96500911028684,5.645825153738092,267.6634748991625,2223.1591841310596,0.9112894073796329,0.7485227786679168
40,12,0.102880658436214,-0.102880658436214,3,204,1.0376864799854806,0.33452473638659475,0.8475206964246155,0.0934627959105833,3.0958845233544707,3.5902770995800837,12.686142546599383,10.022453009061312,255.46001819893718,2024.791605770588,0.8386025981286797,0.8139808815903962
41,2,1.9423530691457653,-1.9423530691457653,26,5,1.5223548229008852,0.3603923704357698,0.839791300563145,0.1162896891684222,3.078724542158152,3.378430444615512,14.585532037614522,11.271331066182881,391.1297673562717,1883.3599897092174,0.9226795814299682,0.8021621104716778
41,3,-0.2844864509089842,0.2844864509089842,5,463,1.3826493308619128,0.3126948779438772,0.7531402283353958,0.11263399621076473,0.9326079844225115,3.5151038702120023,19.373743073441137,12.424585417625703,487.0992349831721,1025.6764037158978,0.9162092787177504,0.5788520922206615
41,4,3.63826493556441,-3.63826493556441,3,423,1.1102953359351044,0.3228916112395932,0.6000848218057183,0.14784212289324014,1.8010794952467868,2.1244733282523103,21.188004008110262,13.530865331627263,262.80661101958486,2208.862052810278,0.9318593277386926,0.6319265432828483
41,5,4.8485435325085895,-4.8485435325085895,69,404,1.36522983171514,0.37256163875390036,0.8567331458007106,0.1976947178417357,1.6820355257523862,3.1589998931032466,16.33446676036437,8.145672649807345,408.8167805439391,2540.832751040589,0.7610459473680629,0.8864870420915327
41,7,-1.5818838539424105,1.5818838539424105,8,293,1.1142621925777079,0.2638132967182989,0.6906627924689249,0.14458663004936478,2.252146195763668,4.385527964372628,19.04848645187007,10.278121235777393,213.87926399528575,1300.7062510004118,0.97820733058096,0.7211527259747144
41,8,4.61864143712531,-4.61864143712531,32,47,1.2360185653819353,0.3875175249905271,0.6710011482887858,0.1466027607101545,1.50544385597708,1.868288920967626,16.034906681689186,8.332175473106792,431.25162826873606,1749.7313900544546,0.6763708753801296,0.5894209783094906
41,10,4.560568243585849,-4.560568243585849,41,393,1.3731881616500219,0.3058698397282058,0.843600056059294,0.28243740578244936,4.129102668212173,3.5303178387752956,15.150849765197083,10.65114359237572,376.70846669875783,1726.0318334019357,0.7182517566653139,0.7035738679890042
41,11,-0.260954802049552,0.260954802049552,4,110,1.3468494299248073,0.3445679115504027,0.8347841336748534,0.16773997002035274,0.5109886122275613,2.365135302343176,17.465932288654045,11.1122192935793,466.0256472732534,2081.869744859281,0.7493807717265686,0.9740890390239656
42,2,0.11210762331838565,-0.11210762331838565,9,433,1.263487368065781,0.3848485824047463,0.5238473901132943,0.28794462431648593,3.6339825317263603,2.838773823790439,16.358885677501664,10.278298531355937,291.77945367004696,1504.6505364622776,0.7338249950209483,0.5885024885335868
42,5,4.847428188265059,-4.847428188265059,57,240,1.3776029696597984,0.3502468698388911,0.6095389255485372,0.23674445607541986,1.5827843822773286,3.6931986864432607,18.99397690279593,10.472749380880193,359.1918773645922,1360.899144378026,0.981308815102464,0.7483799712668053
42,6,2.678700148910319,-2.678700148910319,56,379,1.5049905218947983,0.3700890054796365,0.7228462359797586,0.18005089444794783,2.0561049214491964,2.6968145362234224,18.975853424548227,9.97643951583767,359.32441814923845,1046.1810320750499,0.7458743680033636,0.8425631732933871
42,7,4.840286640035975,-4.840286640035975,10,117,1.2773063439499353,0.339299329557341,0.59983498148761,0.23007396222491688,1.1883854265407015,3.28380338077716,16.351095127009202,11.569057174564007,327.01700686534105,1408.5627814974655,0.8333679537585428,0.8819878887276436
42,8,-6.95416143168667,6.95416143168667,8,321,1.1600359347638096,0.3598256212800713,0.6708553865200513,0.22020186983905524,0.9133042741358237,2.104490902320209,21.826437843894585,11.518025015854073,470.1327129468665,1323.7019350738167,0.7996068325111727,0.8483697769405185
42,9,2.351976936267116,-2.351976936267116,16,379,1.3971869638269574,0.3785245903621787,0.6122688308738231,0.09752551780905137,1.9556399411096823,4.232751540686976,18.975853424548227,12.74632686171277,290.14660975254225,1899.9518484861048,0.6971495628775186,0.6933266272407478
42,11,-0.9058750405317882,0.9058750405317882,1,396,1.5197690918631852,0.31514341508957794,0.541301241258298,0.09060782492160799,2.299925289582461,3.770774788404163,15.612944224849343,8.150518218055367,299.8286838208754,1070.030696816129,0.8198323287069798,0.9677321487517978
42,12,5.006503229514619,-5.006503229514619,61,240,1.4050720755602466,0.3911664061021981,0.6095389255485372,0.18575678914928076,1.5827843822773286,4.069046084194722,14.197065455604436,10.472749380880193,459.6477783248667,1506.9292895853105,0.7312039983845497,0.7483799712668053
42,13,2.3575901271859423,-2.3575901271859423,24,481,1.1431032930762652,0.384456066602187,0.8802389355060873,0.2987665874672001,1.395638024720819,3.157784368177929,16.506133696003886,10.822789502917564,361.21099722739314,2066.9587825371327,0.8495755860601104,0.8373860614524566
42,14,4.986861004535109,-4.986861004535109,30,433,1.3170007828473567,0.3794588925739091,0.8242919692899393,0.08539225824231138,0.8551926866945851,2.881872461252391,17.638512137123755,14.011135652263256,355.4478775192594,1409.121327571257,0.7362440201514748,0.7165445684143134
43,2,-4.11786428109586,4.11786428109586,6,367,1.0129468093232354,0.3294015598402154,0.8611944513757619,0.22401004923507573,1.7480423778176815,3.351433743601139,18.10338972340957,10.121530947267477,306.781628967487,1241.1855906248093,0.776242260624145,0.7352984092547904
43,5,2.3547027068560706,-2.3547027068560706,4,496,1.2454297882135459,0.3191244534387863,0.6368554316461086,0.08246458545798227,1.5976336102021826,3.961242602416629,18.93369517348913,9.844182422010363,381.28049623323244,2621.7525846531407,0.7794292690542128,0.7805760831415083
43,6,4.812078771327645,-4.812078771327645,11,199,1.5050684206973695,0.35646893407348934,0.7119652800258957,0.2123894410068629,1.2491851020763551,1.3189523982617049,18.935701509412773,13.866990402605964,214.58465432088235,1495.9579971269648,0.8410617591734608,0.90742217670909
43,7,-13.617082507043264,13.617082507043264,11,170,1.341172429596077,0.382246001156444,0.5323948847129972,0.16720098081942628,0.8660937367717785,1.757886855628192,19.109454127028584,13.97783143699195,356.1700151433046,1688.0802943315534,0.8034571001451097,0.8647224891093788
43,8,0.1016260162601626,-0.1016260162601626,11,367,1.5103987469836722,0.22844566440030664,0.613784713766438,0.08648316714039536,1.7480423778176815,3.351433743601139,16.167022817634678,10.121530947267477,202.26087248449448,1443.7860124534109,0.7356077320953154,0.8131577805245072
43,9,4.875267880642259,-4.875267880642259,50,343,1.3780912972886212,0.39252073785999364,0.8123423215373977,0.1757165884989096,1.5316357153121152,3.3060063556153167,15.711629061546324,11.731258231215179,333.1710756346463,1258.637683872094,0.7481401827309573,0.8000672072117683
43,10,4.888791042000305,-4.888791042000305,71,199,1.4003229594803912,0.333671205909321,0.7849777221887361,0.24163692696503483,0.8303182970534668,2.694303208827767,14.607575060219126,7.786800034794686,476.1010338596028,1220.2072457512895,0.8534632799512689,0.8131483518514497
43,12,0.47959231945331293,-0.47959231945331293,23,403,0.9667496907936878,0.38058754081558827,0.8090783464921955,0.15553285249612436,4.062306290263892,2.2941853035552286,21.164623037822288,11.323273084619526,420.46429664218033,1244.7956121891993,0.73647149359482,0.8205127047270242
43,13,-11.43727716029289,11.43727716029289,6,260,1.2682748258973864,0.3300432435299099,0.7381916606996319,0.1136017080055348,3.329572673057507,1.140285664478311,22.71244318690151,11.195137740126704,284.94105601252727,2535.776766032941,0.8426396237575864,0.928735568578741
43,14,4.719392762429735,-4.719392762429735,38,343,1.4445926874242891,0.39884275657683027,0.7882972896844286,0.1757165884989096,1.5316357153121152,3.845241208214575,20.539263433640343,11.731258231215179,333.1710756346463,2211.6272879470844,0.8530928945825464,0.8178416575308838
44,2,4.756787639586333,-4.756787639586333,34,482,1.386028681603105,0.39038058425001876,0.7041371039955675,0.15441509762727967,1.17589842192988,4.007006936935097,15.07275209068784,11.49098931357861,385.01153455965715,1752.5064367576556,0.8146547721600199,0.8668065152583795
44,8,0.099601593625498,-0.099601593625498,1,269,1.0283896343552579,0.23028437651693823,0.8780077889409685,0.0876422948294069,4.862865515664102,3.5158682595938444,18.762997232486345,11.92303471272879,470.4843193292618,1291.8540551648816,0.8845809843834014,0.5935240872204304
44,9,5.022555451466757,-5.022555451466757,54,24,1.318611338920097,0.39779728453384633,0.6897475866044355,0.23513474808549326,1.5630477233072062,3.926541894939402,17.76239370293795,8.695993269731234,434.3324746677901,1176.0904409759291,0.9324354724478683,0.8071402778284682
44,10,-3.2142190612391808,3.2142190612391808,12,189,1.1593670313098765,0.2924700939351774,0.7842508336538896,0.20456297096686502,0.8550687601630846,1.9234107601254595,17.337644640093306,11.805910155091986,257.09691497968413,2005.0296576352923,0.7956358668874056,0.9148937723561106
44,11,-3.0453282442825786,3.0453282442825786,4,320,1.3997362443799064,0.16027125160581968,0.47490081019604913,0.12054967444638347,4.3943453647233595,2.41369939852161,15.617480747681114,8.495106649335534,228.1125041385949,2200.7500363803897,0.6902923542766111,0.7527523168238868
44,12,0.09505703422053231,-0.09505703422053231,7,374,1.3474539852642937,0.322326389227947,0.7562982428507704,0.16340494367904665,3.4533393911195116,1.1878725091086453,16.285194766194866,6.567262180685499,221.15980261859707,1256.0955730857577,0.7804176006248684,0.9435952755816175
44,13,2.0290414910104007,-2.0290414910104007,10,482,1.4422840538104071,0.3272964677851412,0.8372914999973566,0.1242551073667679,2.7929782945806645,3.448377689678427,16.632062740485384,11.49098931357861,297.99980624951684,1694.5321525350269,0.8844949480887169,0.8939555918912017
44,14,2.2465264600979586,-2.2465264600979586,1,304,1.2237368827741595,0.38718699254737887,0.5743317457914728,0.23156779718905446,1.6706562858257823,2.4932816945947707,11.696757365442899,7.981365918181837,472.04131318595216,1713.8859871774912,0.9402917868753602,0.7886244780384004
45,2,4.501347963323141,-4.501347963323141,33,133,1.2372461444173686,0.34385651208061463,0.768246568770128,0.08187202376639224,4.334784038207463,3.880693098267291,14.674075698126462,11.470327996360314,429.1120707133566,2446.3302218456683,0.8014540631269954,0.7290516139243142
45,3,0.1037344398340249,-0.1037344398340249,3,246,1.2454665284878483,0.3288282743292967,0.8503870083770625,0.15999409912336438,2.192915680961705,1.7005442230792662,12.20071668581194,8.61744751546203,330.95549379224633,1902.3667919168217,0.6946833242876537,0.7323497720062733
45,4,4.605380120767796,-4.605380120767796,108,61,1.4744688736871783,0.38651409494482686,0.8098946170850452,0.11747608941479297,4.717270572834215,2.4009248611924607,10.261615160847477,8.117294387836306,494.770855879107,2739.6508604284963,0.9950794434313153,0.7964404837943472
45,5,4.542740093572769,-4.542740093572769,6,399,1.3128768172724996,0.3998827888343902,0.7870204078342815,0.21967751166140073,1.666661070200133,2.7330924709178532,16.983653723182858,11.677293203110647,259.1256165342041,2241.993847853707,0.8274335369522461,0.7051859749531804
45,6,4.543326952538962,-4.543326952538962,28,319,1.2874033547905057,0.29897915290409927,0.6740753084001242,0.18020186366045743,4.491947574977122,3.4870264325297833,18.937726510747183,8.646160395765662,294.58558147004715,1291.055001939751,0.9610598306664087,0.7020377337980748
45,7,4.665296029228852,-4.665296029228852,42,133,1.1685313044843963,0.374724113590844,0.768246568770128,0.1244598558437334,3.471234553163056,3.097772514314425,14.674075698126462,7.73619914794747,485.6063295505733,1372.4341320401309,0.9698598048219844,0.5961492285633339
45,8,0.09765625,-0.09765625,5,399,1.2738435807297865,0.35375691050887825,0.7870204078342815,0.18592962001810306,1.666661070200133,4.132013147619769,15.243877700653307,10.004261952121574,201.5293624959593,2241.993847853707,0.8863778697270244,0.7051859749531804
45,9,2.8878415542754006,-2.8878415542754006,38,337,1.521364978241516,0.32337750108297764,0.8694293295074074,0.17412771666946997,1.8183376726907483,4.088266704857645,15.321710333016107,9.24549452538172,490.81621874683754,2280.1562826293734,0.8364329023645097,0.7471644919858729
45,10,4.638715916075764,-4.638715916075764,9,297,1.2380321430053662,0.36324770013961594,0.760168410001129,0.15855924964981544,3.129176218993962,3.328693397283698,15.414538105741016,10.093652189528475,305.9873370388301,1375.880492156822,0.8814584008885064,0.5454182380874705
45,12,2.6828839375429623,-2.6828839375429623,11,268,1.3379117692694005,0.3078570056716613,0.6310682875474867,0.10308449771975413,0.9557680889650491,3.796803638670581,20.80008945637288,12.170152887003542,343.24180112669495,1029.0689310454286,0.7925047515522033,0.7026380591192283
45,13,0.09225092250922509,-0.09225092250922509,10,105,1.4333079717967143,0.35939501064975565,0.5855540587424863,0.1086186672380047,2.495000923107068,2.8851063373372936,13.977469890375252,8.048126265945236,291.38135893018324,1251.6104316286523,0.8969161688279765,0.8875180427676506
45,14,4.91018139169249,-4.91018139169249,30,474,1.4859195695562986,0.3599842530952366,0.6488793067342149,0.1355155165504732,0.579874709384093,3.5108750897077976,19.678385023189044,8.845797942026184,359.4066071206924,1730.2277036414616,0.8809299341832837,0.8772452065513865
45,15,2.6175870313679046,-2.6175870313679046,14,284,1.4382891544373184,0.39152609360974777,0.8259336942938511,0.14555072983577852,2.4231177862980835,1.3975937808631942,17.094735258795453,8.729736628560994,341.7968012969882,1450.9518448564504,0.7256813078705584,0.5195325428616717
46,3,0.1016260162601626,-0.1016260162601626,10,106,1.2250645739951185,0.1473459999246648,0.6343484497692161,0.1113211804409924,0.6628114286304685,1.6780668955511886,21.55754653011241,12.632186750377539,230.40829842422946,1420.9848115033026,0.7818576036391846,0.7222077084005227
46,4,0.10040160642570281,-0.10040160642570281,6,123,1.4401858640052378,0.17160941119226242,0.5580022159942625,0.13922278283061829,4.792116431055376,3.095695574373973,24.63358017720887,15.164065247192934,380.5129531934419,1608.6989914502533,0.6794281134517155,0.8616240353094813
46,5,4.470915761113715,-4.470915761113715,6,329,1.3065207939090218,0.29335081856079026,0.7102475548699533,0.213844611980021,4.620447555091232,4.025999231593943,17.742233737237957,7.390236239575564,387.08256734906877,1913.0727677607802,0.9058645966273284,0.5085577061399817
46,6,4.6633125670296485,-4.6633125670296485,72,153,1.4081952929301078,0.3832420746970294,0.7666306891654892,0.12283141599623873,3.7055097479607864,2.5919993287263625,13.238985889553128,7.78696577333091,497.5906246634605,2729.6052321340394,0.9125566975788143,0.6226259117199301
46,7,4.815166569195467,-4.815166569195467,47,386,1.4461741571086864,0.35884870264961577,0.789421692607185,0.24462832379552027,0.7560507892609054,4.212690788904181,14.775809551789141,8.83667656192554,461.97362109977234,1822.5620411238058,0.8671372027973732,0.8208133158576861
46,9,0.0946969696969697,-0.0946969696969697,7,258,1.0344549438856956,0.19400029012793923,0.5862346034412994,0.2477618482708931,3.8275805153726585,1.6230741231355597,13.000734705965026,9.1459351888679,311.1931776814583,2375.2937328772946,0.6746626932765538,0.6818661905278276
46,10,-0.920108968377499,0.920108968377499,14,345,1.278185251096081,0.2872823812040373,0.7457715946941702,0.08908495035870302,3.689681098608081,3.515541870824877,17.226822556508576,8.712948969748703,288.43809193542813,2744.3389992928887,0.8586904325131846,0.8755207675313083
46,11,4.63262280765643,-4.63262280765643,81,65,1.5207670357074685,0.39352385668381223,0.7555975226372806,0.13048557269956168,2.3001941429005024,4.247553726844729,13.47367885743635,8.168373893855996,447.5253848008698,1595.5765449739445,0.6849906107760113,0.5531567846348306
46,13,4.695413119968801,-4.695413119968801,73,328,1.3906434194292179,0.2828864113032813,0.771457290839882,0.13354354073920355,3.3440945744495303,4.148653132291964,15.496944385450282,10.919461256872697,383.6208576596714,1141.5529868844828,0.8192474209821358,0.5703234673898271
46,14,4.765913871285624,-4.765913871285624,83,153,1.3968385480192391,0.3832420746970294,0.8210182306724332,0.12283141599623873,3.339626135236215,2.5919993287263625,18.257978400998944,10.959114604301782,290.3773983388601,2729.6052321340394,0.9273567445495936,0.6965731837507383
47,3,-3.426876650778036,3.426876650778036,3,336,1.0156826533884344,0.3072424827667589,0.5645515339449048,0.1831891100472387,1.26533318940756,2.981305236079699,15.85686364124864,8.63486252805684,315.6618300782874,2803.2753314347647,0.9740117865157716,0.9402217466703775
47,4,4.507385560739969,-4.507385560739969,38,205,1.3554094254669415,0.30462935043980244,0.5827481739800996,0.23430252843522403,1.9868447369306006,3.546436681272923,12.868762879944402,7.570459463267907,387.3061210823347,1764.953055150572,0.9623857031007717,0.6356448769753245
47,5,0.09727626459143969,-0.09727626459143969,2,393,1.1130349104812616,0.30675414616189023,0.829343387670815,0.18016546151363147,4.129102668212173,3.11621416993088,23.92598700513016,10.65114359237572,408.5965909063816,1351.9235091466398,0.7182517566653139,0.8586889923947756
47,7,0.09505703422053231,-0.09505703422053231,6,431,1.4401281880117314,0.22047979567735523,0.673877452891612,0.10402649137939966,2.698126589188727,1.9437551110393256,15.081244123345085,11.192922283808018,207.00378260600664,1559.3208193791404,0.9764256837845895,0.9428902614515908
47,8,-9.906015037593985,9.906015037593985,8,427,1.1610187717290494,0.32824136918486096,0.7384154221213666,0.21229851237808517,3.6930370818163802,1.3953453367576003,23.3185018613325,15.776693274469897,439.8624846239833,2019.7779988249708,0.9943182261846027,0.9012234181092527
47,10,2.321047023611632,-2.321047023611632,19,307,1.2024666894528924,0.3557938611424576,0.7020664745520774,0.13230706326035266,0.9212529195636878,3.531335152064516,19.76139299104667,10.718884533834906,406.61996645659747,2641.038730239942,0.6871656975868529,0.8264886211422107
47,11,4.72518106413839,-4.72518106413839,38,116,1.2773024347691342,0.30681758454607666,0.8630986213696498,0.08837298053697389,2.36470167487826,3.3605437324878085,19.934649851410665,12.85460473217959,336.8863016896905,1211.6523541314393,0.8720673170686746,0.5189809489659156
47,12,0.08992805755395683,-0.08992805755395683,11,350,1.4320812062801052,0.39502716983570774,0.5143139698825054,0.11543434117945739,1.1434039192382874,2.944776563676296,18.700385410828243,8.1570008061984,263.1232468045021,1860.4268136888788,0.788145018594578,0.9336523829712207
47,13,4.782341813622029,-4.782341813622029,44,99,1.5097347791052758,0.3484323555433536,0.87541372472668,0.24063452678651387,4.205617178396105,4.392566815157695,12.291513122447178,8.659993783225936,453.8188397108529,2167.988502157813,0.9809321830120377,0.6699460453649725
47,14,3.8208336296817214,-3.8208336296817214,15,350,1.384903932417306,0.3679257903055377,0.7281911360887139,0.16471759265918043,1.1434039192382874,2.6635253762294955,18.700385410828243,11.512417888383991,308.6962753183697,1813.4817993751885,0.8221385983067767,0.9336523829712207
47,15,4.667923200740226,-4.667923200740226,28,91,1.2012622376625415,0.3940449749066586,0.8457314109143808,0.12825605096056003,0.68044343427505,2.3821213031842445,18.873479719580217,8.110013458781971,376.9449290276736,1165.1666648042524,0.837372167374759,0.500211139396185
48,2,0.25930928129560904,-0.25930928129560904,21,388,1.30439003819696,0.32267769032122223,0.5477026204890935,0.2323133140418463,3.9557638936935002,3.5620681170733013,21.774147644130892,13.928181280265218,332.7431868442091,1020.1804470301859,0.6217508897544151,0.8977041943950987
48,3,2.3521168602055256,-2.3521168602055256,11,474,1.3392582984734847,0.39928224370506926,0.5595115282945453,0.16318467057083685,0.8728680451300228,4.262718441896141,18.895368540801613,12.443201102839286,360.1096251443523,2596.2875000106205,0.790066030135667,0.9526105227565718
48,4,0.6057684572225179,-0.6057684572225179,4,351,1.504019672681456,0.22400261903399887,0.6049914364848832,0.21790103412278547,0.8027042039083581,3.0019170087762177,18.755065933801234,10.942977846247498,319.07680483752745,1973.442814817153,0.8147731355325085,0.9843351844700092
48,6,2.4467821085087764,-2.4467821085087764,33,327,1.2683702513863864,0.29134379896151114,0.7944075773493823,0.09310378569296562,1.2313231479227387,3.935323215162259,14.82465819304088,10.525240691322127,459.9402988768005,1460.6953942195016,0.8845537766801506,0.703202283930227
48,7,4.731336724429344,-4.731336724429344,12,176,1.4387394673182297,0.3508611676202341,0.7924222996329426,0.22711683049560283,0.5609540223694736,2.752324936371729,13.621072121092883,10.655217132708184,335.70907393868515,1568.8544823423445,0.7618192032805229,0.8542039960586125
48,8,4.949067182808344,-4.949067182808344,72,286,1.4907709065634065,0.3470160235864749,0.8089389717933074,0.23405267416630496,1.392983232959352,2.869163645404222,16.06521364681331,8.826194816734404,444.90275635713886,1603.7040821651456,0.7139510822487017,0.7692362249182582
48,9,1.5553635100022225,-1.5553635100022225,10,176,1.250290324453958,0.3508611676202341,0.7142483752511528,0.09999850828732341,2.439515652600676,3.866083635835857,16.96994412024922,13.258161263736348,340.7285577989725,1179.6266425497292,0.9095443941243706,0.8568760813345652
48,10,5.078782227572072,-5.078782227572072,31,244,1.45665527184357,0.39202680985104177,0.8713257570079918,0.21158080849412692,1.4991269048071816,2.848710081579914,13.739858321518383,9.422522144360295,442.9217905913121,2750.3796450313735,0.9949065725899938,0.8615051212458117
48,11,5.024877864960319,-5.024877864960319,84,237,1.3542122672012429,0.33846709567958827,0.7485931594109645,0.22683986716214022,1.2174288827242625,4.142538466419702,16.97292139278799,10.748605048595463,377.0460159984945,1842.9440869422087,0.9252698003117521,0.9297007545183149
48,12,4.772707095900115,-4.772707095900115,65,237,1.3542122672012429,0.3796235971649963,0.6689388931470421,0.22683986716214022,3.7402942658982425,3.000817602995917,15.161749561804431,10.52523858713188,375.4431314742676,1842.9440869422087,0.8434223923409234,0.62436840304583
48,14,5.010073693505156,-5.010073693505156,19,310,1.33950268880962,0.38468230400739156,0.7733926446427429,0.09601440612450957,0.9010947308860111,3.4084197249324184,17.94342664341204,12.812953449070017,288.23298383186625,1369.868663377055,0.8968449776224483,0.8665723235664222
49,2,0.09689922480620156,-0.09689922480620156,1,234,1.1729996732957662,0.3985228135809302,0.84878502599895,0.23323878031224013,2.6482448102906346,3.7025883398018777,16.995035903528333,6.951938766054809,330.51160518079996,2961.165441200137,0.823827828746289,0.8519602883607149
49,3,4.853368772691069,-4.853368772691069,42,145,1.3936516046497693,0.39010135784068145,0.8661257648163854,0.17128052064605395,1.474233775652693,3.738567774385266,14.503386895939636,10.273446394760482,429.6685871496044,1744.1122726788105,0.8457492794764209,0.7838540217398277
49,4,1.3712974073148412,-1.3712974073148412,41,125,1.3856899133895135,0.39784821279493343,0.8697008931983184,0.09680225599609751,4.449613515337961,4.462675516954584,16.036540920493216,10.365781974362585,407.9389105114196,1300.504210346835,0.8443241097596988,0.8415945037694654
49,5,0.09363295880149813,-0.09363295880149813,3,389,1.2088260644450786,0.3688842468939985,0.48154808669864585,0.14950722529983757,4.843886047981735,1.9153723066332686,23.639183825689926,15.060595760151877,382.3220951191832,2001.2777942933876,0.8421979973714732,0.5714375633020539
49,6,0.09259259259259259,-0.09259259259259259,3,143,1.0098787831108704,0.3820396036373864,0.7549802662386718,0.1462246999200665,2.858738810344899,1.6807902227523384,13.064186484405298,7.1992338544730945,297.8903770679916,2795.0036191852932,0.6232313416505308,0.9576719949886461
49,8,4.624286647758462,-4.624286647758462,6,389,1.2218523999362128,0.3688842468939985,0.6593026967860331,0.09048626841554452,3.0526493161407395,4.335263699499844,22.787437776951617,17.47344749697598,233.10188438133184,1374.068777295304,0.8635068545930485,0.5714375633020539
49,9,0.08960573476702509,-0.08960573476702509,18,419,1.2130944884583181,0.3576230857189285,0.7166915146158955,0.14000769456137513,1.7604316554822197,3.1056488298006832,18.227631355916134,9.54276412490645,257.90776046414874,1746.9835764398858,0.7933782185972602,0.7645047784736525
49,10,4.722136664529436,-4.722136664529436,23,456,1.4807723590175814,0.333475753812591,0.7639299947203612,0.22290724771229,1.499263161095963,3.1288704461782575,17.397807964812376,7.693938939714476,442.54018192029395,1840.485043000148,0.8026936522231157,0.5568668569578583
49,11,5.014860800154542,-5.014860800154542,46,81,1.474500167191665,0.39510416079505206,0.7327861732908632,0.1280170610554736,1.8286999972448483,4.267754494148906,14.929257704376166,7.901711639383186,379.6353087774198,2140.600517940623,0.9927458346987621,0.9813838027884692
49,12,-10.172142089701538,10.172142089701538,6,271,0.9500242104352787,0.2391584532008734,0.6760749633143552,0.2017248945148144,2.8570043801476412,4.468081501539026,22.266674128717785,9.248179227080232,310.7428800873281,2309.1785283982294,0.8346766574129254,0.9658865976612165
49,13,-4.443546198929287,4.443546198929287,9,271,0.9500242104352787,0.2917530290149574,0.6471294264375104,0.11722739143657472,2.174905385019434,4.468081501539026,22.493125252400322,9.248179227080232,310.7428800873281,1015.6534162195454,0.9598206467869942,0.9493107763414504
49,15,5.098389971650185,-5.098389971650185,36,324,1.508830407524317,0.3558849788830241,0.7808762074695822,0.26993204155307715,1.0725687869159612,4.1449866075101465,14.252610205195994,7.993900930048808,462.7053687061272,2069.0041790411083,0.9774907051121888,0.8717061606650234
49,16,2.6640762050657645,-2.6640762050657645,8,70,1.4847042797723882,0.2948390154126554,0.6484034839126653,0.10894932230653781,0.6752446606606828,1.4403669928085607,19.059130723699703,14.513311552026984,270.9186988475385,1051.2797351148506,0.7486331277723894,0.8502962995668405
50,1,-0.5950530565912979,0.5950530565912979,1,468,1.028765566069294,0.38160674044935416,0.6740564474835992,0.08028190640732648,4.5177915788733864,1.4549366077574997,14.391822373066272,8.539440463297069,350.73194505730044,2299.37462557845,0.7714182222262025,0.822164885657044
50,2,0.09505703422053231,-0.09505703422053231,35,12,1.3619806357394304,0.3497786841980753,0.8041542986543326,0.15314733537744127,1.971622863637291,4.43669561300761,16.976674300789348,10.661506279783369,228.81986909091765,1417.047508185559,0.8866257215849294,0.8130816608630209
50,3,2.320727245531531,-2.320727245531531,33,15,1.5085094739659497,0.3716567572700273,0.851173742876344,0.22132194203390534,1.1671747899289053,4.0873578823933965,15.517348065508735,11.925057789521308,454.29648718865116,2249.3097662658993,0.8813863517812905,0.7280180004857078
50,4,4.73883840776811,-4.73883840776811,35,123,1.476756038602246,0.39947392954520755,0.8598612597559048,0.09561816435006183,0.8408603992050225,4.456730817488219,13.133506538148074,9.549734975644128,412.725669718314,2710.954046060093,0.8372781473428722,0.9915133794185061
50,5,4.822450324056565,-4.822450324056565,99,262,1.4386280403522544,0.38160544497173654,0.730536377248339,0.14724695718655376,1.3612793934078313,4.463838111313871,18.097432026392447,12.145061379634218,331.03370195775807,2709.7826107096907,0.6877845301577548,0.9680152375590845
50,6,0.09090909090909091,-0.09090909090909091,37,103,1.369372180065072,0.36691857772965497,0.8327793717630847,0.08718486017165732,1.8746464702719445,3.582065206844784,13.721445265847013,8.02226746114746,219.97081711042878,2019.6967920129784,0.8295376423651484,0.7726370345382525
50,8,4.666067119095748,-4.666067119095748,27,298,1.4723652112054624,0.3719642670384509,0.725606916648132,0.13406074728151293,1.2351758054964126,3.415571722814497,20.250406956788332,15.299255626759248,237.67225198161677,1055.815112787693,0.8855106910042796,0.6336282987467319
50,9,4.991608733951825,-4.991608733951825,51,103,1.3902649578309008,0.39255272472925046,0.7563976330115387,0.2813072895640787,1.3930359412911928,2.894916543279453,18.92339828462048,8.110963645044155,384.99908587705943,1221.8217924432686,0.9803721910275571,0.8521853055085379
50,10,4.875932517828074,-4.875932517828074,26,201,1.4948307976552546,0.3883347466781243,0.7871488266026149,0.19360896731773025,0.740183057491484,3.5255284087721384,13.238828801082065,8.027116174179746,472.797071718423,2301.2695034093144,0.7775050296701969,0.8092483077677207
50,11,2.635576701862228,-2.635576701862228,38,103,1.369372180065072,0.39255272472925046,0.7632109689155717,0.08718486017165732,1.8746464702719445,3.582065206844784,14.043707998138812,9.443653604045068,453.70690028150744,1963.879949584406,0.8295376423651484,0.7655075336535827
50,12,0.08532423208191127,-0.08532423208191127,14,492,1.2302460959500015,0.35425718672989204,0.5667002824011669,0.09105701185113774,3.670241886723079,1.5850896619393176,16.9514047987798,7.055477450601757,286.0659623578638,1047.7495368014497,0.6962129512780787,0.6109293615167377
50,13,0.45630305132434046,-0.45630305132434046,14,201,1.2913461160184345,0.3883347466781243,0.5958924160394244,0.0969252128833425,0.740183057491484,3.2419002819465055,21.4358832378889,10.741525720901995,325.06702987332335,2874.589797008545,0.8410312841732144,0.7398400514769092
50,14,4.78479020131496,-4.78479020131496,40,389,1.3046649662442875,0.39950073197961256,0.6593026967860331,0.10183431451877695,2.241431634531347,2.7154070573571105,18.67161396688718,12.440236580615252,229.38871609432772,1374.068777295304,0.9529986356278093,0.7803935766313883
50,15,4.876509469080509,-4.876509469080509,59,379,1.5049905218947983,0.37389920325842396,0.6935905285780035,0.18005089444794783,2.8658692387837497,2.741115764322002,18.13082330679079,13.570878592405542,253.82038634965053,1046.1810320750499,0.9765372099945034,0.5724424141659741
51,1,0.09433962264150944,-0.09433962264150944,12,68,1.1429455509807522,0.2163814339679832,0.6690034163539742,0.15321937577087355,1.577018135861444,1.9447572955560117,19.548410363570582,14.481669428878526,218.51126678829223,2398.584839965113,0.736068097095672,0.7211101454021299
51,2,4.548869338450215,-4.548869338450215,24,171,1.3575323518114333,0.3581744164070107,0.6793912135270348,0.15927263221312588,4.63453042935363,2.503192035447935,15.619273992948331,9.377261966418345,369.0320958409957,1609.9038358959433,0.8154280369970884,0.7409417698873411
51,3,-9.907749077490775,9.907749077490775,7,486,1.2569321020970188,0.17359259431629515,0.7190283782470697,0.09934361923952412,2.2901198632423494,1.951944420476822,20.300412818961455,13.022692638779608,425.3519090361005,1901.984764686374,0.8934966506845943,0.7181882923142036
51,4,4.538224706524135,-4.538224706524135,18,343,1.4366757498737095,0.39884275657683027,0.8172657986592319,0.17763321697225146,1.632945465406937,3.236399122547883,17.470461798396865,11.731258231215179,235.48343646856978,1565.8717300854526,0.8949655926884018,0.8178416575308838
51,5,0.09914407245679513,-0.09914407245679513,5,272,1.2169696855220664,0.2873961540906157,0.64497808244862,0.11932083699899045,0.9994364718750903,4.090802634342837,19.85573017154872,12.125237275768093,316.1425388957098,1526.4336289533865,0.717257783335757,0.9727389590439864
51,6,0.08928571428571429,-0.08928571428571429,25,278,1.314429412101513,0.38867539858465244,0.6790037061431742,0.14633376250976302,0.6021662557612459,1.7433137875000797,18.518285129437846,10.13418275025623,491.22389544669056,1122.7017787657585,0.8001855627369938,0.8214905801791024
51,7,4.683727987233217,-4.683727987233217,21,164,1.3980468967515294,0.3293089537568166,0.816664789344721,0.21074741288080218,1.4444962938847838,2.449410603049339,18.601081673172587,9.03988649153157,365.9399933446562,1665.270276899201,0.8365152236030885,0.6149402581585276
51,8,4.868538227801326,-4.868538227801326,24,443,1.368750232568396,0.328300031397983,0.7144365307453299,0.23970423322540602,0.6587478490261702,2.220422663187454,13.953825038226727,10.69095550476467,390.70668653807206,1302.4844554088263,0.8341848574956581,0.7874374515516449
51,9,4.932419689508785,-4.932419689508785,61,68,1.4744317714294526,0.39103125542854344,0.8277521879392888,0.26365133298113086,1.1042613510361576,3.01178867086363,13.678155390298254,7.78456592960448,422.7752031688198,2035.247850444993,0.9486935971687518,0.8288057229649421
51,11,-2.2399068813962337,2.2399068813962337,7,295,1.1001031451690435,0.36583171464143804,0.8447112770629951,0.1849888055807017,0.7961079191442471,4.382621170598691,17.448662191384432,12.207723948007317,474.3261289860592,1766.7883713972055,0.8114510343045243,0.6285318862848962
51,13,2.723464376059994,-2.723464376059994,46,68,1.3633917159461482,0.3962055144711911,0.8099606413600076,0.19148982245691223,1.8969469949871482,3.700278465568857,16.331881402741566,9.670832396290173,422.7752031688198,1444.050192581908,0.9486935971687518,0.7305838065076616
51,14,5.058190391179661,-5.058190391179661,67,68,1.4744317714294526,0.3790560783529893,0.7517557320712553,0.26823044697436194,1.1042613510361576,3.0908632180680042,15.220394071136852,7.466017749509018,422.7752031688198,2035.247850444993,0.9486935971687518,0.8288057229649421
51,15,2.9358895469267083,-2.9358895469267083,5,347,1.4145476417578757,0.37054193588295836,0.5452250327778005,0.108887755338432,0.6853387669510154,3.3734624127223327,17.006162152671042,10.727920305655445,350.58459038771116,2706.383907914315,0.845724126587995,0.7578170074990007
51,16,2.226367700074412,-2.226367700074412,26,68,1.4784196414015147,0.3662554846073136,0.5458980905218949,0.198202774126882,1.577018135861444,1.9447572955560117,12.115215331022126,6.671174371171171,369.9640993138249,1016.8985212389252,0.8772822637423374,0.8466980122968853
51,17,0.07987220447284345,-0.07987220447284345,8,150,1.5135318667862336,0.27313331891960774,0.5736759498007233,0.16739921574167083,2.8393094747411682,3.8642707615495246,19.68644645673855,12.707733740386733,222.61498471952,1026.5038685330974,0.8001459148446586,0.5065530005673206
52,1,2.2030716945526345,-2.2030716945526345,5,467,1.2909830589098643,0.3067606343653363,0.6718962108905319,0.28162455943000864,4.688884086875144,4.234183869307898,17.567289778339962,12.885243787117616,304.17226160293995,2498.088738525968,0.7969161486284368,0.8330373698156865
52,2,4.494638530881919,-4.494638530881919,54,467,1.5198569191703217,0.2996830049102351,0.7323310781904099,0.20549885187081837,2.7800249980190443,4.489429843484242,15.894832603002722,8.65446494790452,363.212386407123,1290.3585436616631,0.9994306389984869,0.5972732798070528
52,3,4.816024484673728,-4.816024484673728,46,71,1.3752627769368229,0.34839773047083944,0.5888659986869843,0.2894922193257747,1.1644389016929384,3.4112651235526155,18.593132631186247,9.101395601637924,330.29002764228375,2087.8601243757985,0.9291891910862936,0.9657225502345592
52,4,0.08960573476702509,-0.08960573476702509,14,265,1.2205799302056617,0.3607566809106221,0.7598261366803625,0.13017271011170628,3.121821483028081,2.4195323118007432,16.700657299070684,7.478391485068133,232.4313565958371,1322.8619634980403,0.7224793695194217,0.8134117556159444
52,5,4.548462505226149,-4.548462505226149,15,190,1.3186833823673487,0.3464220621286524,0.7943262515898778,0.12482371494598037,1.631620850534812,3.8253575452199193,21.188043880278393,12.94065020415597,256.3188348908688,1579.9936584257694,0.7285611399095101,0.6503343706693736
52,6,2.280136987228924,-2.280136987228924,25,363,1.4962519343021639,0.2719197296682778,0.7362941796462112,0.1961357758021598,2.43204700117923,2.0081131687807074,13.754715656568195,6.75967149590187,331.9878986428094,1882.9078660866674,0.9324425992763569,0.8703354540186978
52,7,0.08680555555555555,-0.08680555555555555,10,192,1.1204500985458719,0.21462807456337182,0.8172807976861208,0.1436850537409987,0.6660418328958504,1.3072992676694584,20.35805904379869,16.11374510026943,226.86294452258517,2049.72299608391,0.5309543115327024,0.5639864763574547
52,8,4.850702138678324,-4.850702138678324,47,213,1.4485163318399272,0.34748899876457184,0.744179112522908,0.16323922901571508,1.3401265939086537,4.100952731942886,14.766502323960717,10.735377535274198,327.3999026520503,1508.12128371116,0.8974708208728905,0.859730456508374
52,9,1.4709225938080919,-1.4709225938080919,27,356,1.1623901871290405,0.36281574150443113,0.6806364947279475,0.23071748506376238,4.074563150457919,2.4479371757478146,18.213027835762194,13.056813222110438,393.4638127895901,1267.4057222220777,0.7696608484752383,0.614348547815755
52,10,5.085448201146773,-5.085448201146773,62,467,1.4610949275651648,0.39313781145656096,0.7323310781904099,0.2683054887508124,1.8152144749255592,3.6824023431354806,16.659668943176264,11.584914486522882,360.1386211268702,1538.1240930399492,0.9994306389984869,0.7401068544784641
52,11,0.08333333333333333,-0.08333333333333333,8,190,1.3186833823673487,0.27694623367912324,0.7863803742031135,0.12482371494598037,2.992613599252163,2.473352734693274,18.63924393742905,8.985060905778997,256.3188348908688,1599.041651090253,0.7285611399095101,0.787808276067412
52,12,2.743058700038692,-2.743058700038692,40,213,1.3771051388089586,0.34748899876457184,0.744179112522908,0.17498298695249986,0.901299169029218,4.020010600297725,12.727392144656843,6.183396695472405,490.5461566606959,1885.7526106958403,0.9116766265286906,0.859730456508374
52,13,5.072845192203134,-5.072845192203134,56,213,1.4341030546083056,0.369510367195684,0.7355652418131267,0.16323922901571508,1.3401265939086537,4.100952731942886,16.479206366085506,10.735377535274198,383.4196900808064,2468.4250111311503,0.7845698283519058,0.859730456508374
52,15,2.7913113242446235,-2.7913113242446235,18,75,1.3580589068580649,0.3844006193573517,0.8365656548640567,0.13399949084661195,0.8465150858261667,2.4995755943744515,20.77648492143545,10.969577286202197,321.85376009032035,1660.861873999238,0.7942537197303527,0.6737271940352649
52,16,4.978867984039885,-4.978867984039885,15,111,1.3310911489468218,0.3961725834250832,0.7355709078981678,0.12367082259735002,0.5783688761294403,2.664644401607103,17.547225161844754,8.553411426953176,371.90162422997116,1556.8676736559746,0.8240083718563147,0.8298136651560687
52,17,4.889242549328754,-4.889242549328754,35,75,1.350003734641787,0.35931054687555036,0.8365656548640567,0.19237979145156617,4.324921268647797,3.7454150357918703,18.061202603030484,9.399321856162732,431.7297242041095,2227.081274140257,0.7942537197303527,0.5937542928107611
53,2,2.0239539084787,-2.0239539084787,36,339,1.3862347210664732,0.34103174051233986,0.606225465255698,0.20264507048684702,1.0594361833124721,4.261361220284407,17.082348303279684,12.503121020379444,427.05682449621634,1972.6677737989378,0.8468607938828265,0.6741253761491391
53,3,0.08896797153024912,-0.08896797153024912,8,137,1.5059741113255862,0.3307658028551656,0.5226522171502989,0.14584166975355664,2.172609234198442,2.1362539271350665,19.197331438733013,8.921019896229176,273.88863188335165,1825.788862663116,0.8006562345969785,0.8451706357862864
53,5,-3.5191611609025895,3.5191611609025895,5,330,1.2971452674171695,0.33584129634449283,0.6571691564531449,0.09319967824574946,3.7500121365176904,3.008934273076839,18.5726541545866,12.923127704608719,304.25451803872295,2223.2578415935227,0.7345133567240107,0.9908802723512053
53,6,3.736215100028705,-3.736215100028705,3,199,1.5050684206973695,0.3015532089386652,0.7119652800258957,0.1339975905967232,2.070368891354752,1.3189523982617049,18.63270676781035,8.507094885222614,364.13426242669874,2999.2795139551163,0.8369075624430344,0.5669345592595
53,7,0.08532423208191127,-0.08532423208191127,7,443,1.0333073680364637,0.33253346821493507,0.672489083504709,0.19490302746282395,1.964669213713757,3.0011020772786026,22.35274046047904,15.85670815052442,446.0458773925818,1155.459824940893,0.6422565739895352,0.7243713238276541
53,9,4.6257621626500445,-4.6257621626500445,11,76,1.2795496764146237,0.3829613272160215,0.7106643759099031,0.2048743723887151,2.551962024082411,4.29128161278824,24.777726317650803,14.110717407599287,318.5969902393662,1597.6168507536245,0.5778404820098055,0.5380390420540603
53,10,4.851764638463094,-4.851764638463094,48,435,1.3351240436109937,0.3798074700663719,0.8269040787784884,0.13717101118165564,0.9201790036509396,2.2804375914795147,14.56545540750581,11.003712027092218,377.25944235027976,2097.403571254078,0.7567060168924972,0.6588263197982529
53,11,0.08196721311475409,-0.08196721311475409,22,37,1.3213116820393829,0.335293196333844,0.8712130631544204,0.2027152172068578,0.7487383827584613,1.8983819496944974,12.863530911392939,5.67744055212104,321.6959579165381,1324.6968781314522,0.9522236813444713,0.8365813180276924
53,12,1.4817270117782426,-1.4817270117782426,40,78,1.4116239384709615,0.3779037906577151,0.7714700491352987,0.09727613963284641,2.365947432306333,4.404200572080656,18.44485368864697,10.651147594163636,410.5008757158952,2293.0245566411895,0.904505063815022,0.6562315903489291
53,13,4.867336262134449,-4.867336262134449,24,105,1.3444241699854116,0.36483287619419547,0.74734529233049,0.1086186672380047,2.495000923107068,2.255844472904416,16.86805283614759,11.748806406278124,298.059424470151,1994.8882696445494,0.923706983210687,0.5862041007971469
53,14,5.024779356606771,-5.024779356606771,20,400,1.5181201922742802,0.32527655731249955,0.7400127325095904,0.2917403384074306,1.2093493167574536,2.9630660778734597,16.35807355951102,7.026685837985122,457.05169305752196,1774.5404765532148,0.7640868478655995,0.7485227786679168
53,15,5.008209266900596,-5.008209266900596,54,435,1.487268228471323,0.36876315964266526,0.7978860270589194,0.24056186543369917,0.9201790036509396,3.7290459094176547,16.78263927724489,11.003712027092218,393.8075310819576,1582.6893609768445,0.6165294279198215,0.8201573707767134
53,16,0.078125,-0.078125,1,441,1.247471975764488,0.23700089346617462,0.6520908683490967,0.16676341220736504,4.386997709050775,4.089934031923185,17.611036830450253,8.004846354946494,464.3411151377608,2148.9541001000866,0.5284919193903583,0.603942961897701
53,17,4.80639619597092,-4.80639619597092,37,435,1.3351240436109937,0.35001304334389893,0.8269040787784884,0.10274431362797566,0.9201790036509396,4.284020202882299,16.196433435116713,11.003712027092218,377.25944235027976,2097.403571254078,0.7497040113992268,0.7653513375889591
54,2,4.560884356004817,-4.560884356004817,5,135,1.3468939196054663,0.3047198630996256,0.6643170025555782,0.1056737874544192,4.459014293380831,3.836954146912675,13.240425626030241,10.117246010697201,449.54857145258745,2790.702259544043,0.8525001443704017,0.7164493060399858
54,3,-0.51799184382409,0.51799184382409,13,119,1.5009581260571359,0.21600871939212085,0.6966559188021778,0.2474800947604392,3.118858895367266,2.865310006467901,14.78555232045374,9.221702520961097,280.5520063789341,1055.5735584923996,0.886939604537186,0.7193874973822121
54,4,0.08650519031141868,-0.08650519031141868,28,337,1.3702481678306064,0.34449571375074917,0.7478818218307015,0.15574805697340405,1.601830957144799,4.046680155368241,11.81021922243789,7.210441822839183,246.0954323475573,1000.9014290481452,0.7890583807602191,0.5817262161481804
54,6,0.0847457627118644,-0.0847457627118644,10,112,1.3400109040255597,0.3101231477030748,0.6969983951889569,0.10123257488045566,1.0695136243112195,2.600866165051417,13.33165884219807,5.797539987539434,270.4954119521967,2778.984403921845,0.8534884916517672,0.9642984345583858
54,7,4.7086428811106975,-4.7086428811106975,40,205,1.3554094254669415,0.3173935320764109,0.8186595376742881,0.23430252843522403,4.347936245405328,3.546436681272923,15.400377996543918,12.005173268704217,387.3061210823347,1756.0897609398478,0.9334675845844425,0.6356448769753245
54,8,4.923525794772255,-4.923525794772255,10,202,1.2222331065609837,0.3659625329426234,0.6548516447412623,0.14673639258045687,0.9874631718157283,3.348267717537639,23.316496876924035,15.4411789792219,244.69738968431906,1019.334314056138,0.9610534026248128,0.9890809414948603
54,9,4.671551938108887,-4.671551938108887,84,255,1.4837409666096912,0.389387589266696,0.8308245824892074,0.1514607336939417,0.7639165129121093,3.215803175087353,13.630577408635666,9.442657421510813,308.0207639550712,1604.0087130279624,0.9795633434445091,0.5748191355170498
54,10,4.783797703147917,-4.783797703147917,27,257,1.3312581797820497,0.39314079711750527,0.6044427107118733,0.18362245694677104,2.709089040432178,3.7041379639729715,13.980805969771804,10.53794395315621,418.2252151290601,1997.3698921873893,0.9070405959136266,0.5673924918971207
54,11,-6.956070211606691,6.956070211606691,1,222,0.9320775916451687,0.3176097845286131,0.6150454105809331,0.08598490702287144,3.165464347553337,4.465551259980039,22.967469051413822,17.517109830863774,295.16783333725016,1407.6168023452192,0.9054941040528827,0.8112714578501545
54,12,5.035842201549548,-5.035842201549548,78,202,1.2222331065609837,0.3942462432515699,0.6548516447412623,0.26426248852849765,1.2835707496611817,2.566422551588679,15.990303236483536,8.49122795668273,406.7126885690127,1801.7407708231208,0.9146470795520314,0.7875022921891328
54,14,2.5536878986850517,-2.5536878986850517,32,197,1.480809094190922,0.35622728153843985,0.8288249086913322,0.19401588255338764,1.0218430775918503,3.1230661323916946,16.386234528284078,9.796852216235877,292.6108351344367,1856.9194581873096,0.8672564699099257,0.7813166549389678
54,15,4.775401292136661,-4.775401292136661,33,47,1.5025586452651867,0.39788501945772925,0.7642562248004173,0.1466027607101545,4.089406805326076,2.369898523351948,16.034906681689186,9.230779306970671,387.634181638197,2517.499284006557,0.6763708753801296,0.5894209783094906
54,16,4.787579321715631,-4.787579321715631,41,326,1.1926329194200833,0.3963527332938468,0.7626517282466562,0.13978016429817414,1.41809322815779,4.203022851849585,16.262339030414537,12.109475693974465,281.12504656880753,1476.0531449929008,0.9699979326518461,0.548240171243883
54,18,5.166973823224975,-5.166973823224975,63,340,1.4708970003114348,0.37392332240716425,0.7706844981693828,0.17252839834319295,1.2391423169125122,2.3787744721018127,20.065762845658476,11.052591734687834,307.27310071897733,1524.7337481714035,0.7806428937013365,0.8380249689571317
55,2,0.08680555555555555,-0.08680555555555555,13,140,1.3767005994990957,0.37197738212022724,0.619540640693838,0.10300486806416066,1.068299534125293,1.2909756000239136,17.219923228697954,9.533252533414151,247.8069156274599,1394.181344082931,0.8186716909464169,0.7765128042770506
55,4,2.3929850619683672,-2.3929850619683672,25,383,1.4163264605137937,0.32883934361792544,0.6995110625301908,0.11523071852872942,1.3308642330998441,3.48578304325176,15.213054884360735,8.54176180556605,399.68328778185725,1043.3690351762384,0.8492310247862155,0.7254915718150189
55,5,4.662606087075826,-4.662606087075826,40,226,1.2953796828397264,0.36458570792236134,0.8277670242203894,0.13060551874760318,2.3369172795182065,3.495114171838435,12.102824290430714,9.015871268070324,454.08695588534385,1026.3410539957981,0.9722926201843416,0.5722610182015622
55,6,4.515572758404625,-4.515572758404625,40,356,1.1623901871290405,0.349009106223297,0.7525434850395303,0.13896608318969167,2.9479691428212695,2.4479371757478146,18.213027835762194,10.876308955551726,316.35075148658035,1364.5575599252365,0.7696608484752383,0.614348547815755
55,7,4.610479758842926,-4.610479758842926,11,174,1.3441263639625847,0.3770916367395392,0.6870600642606773,0.09600680504197556,2.7594583163279176,2.279247410995415,19.06692367451388,11.89894174560106,225.22848717902417,1177.7662276832093,0.8747742997840048,0.6995119799648757
55,8,-14.053738406845726,14.053738406845726,7,106,1.1766129277981818,0.21479634364312866,0.8415377408394503,0.1113211804409924,2.8622747284640804,1.9697142943217396,23.31428921764251,12.632186750377539,286.7709358943901,1261.0098723960032,0.9725123331812455,0.9098624432171638
55,9,2.0960168318900267,-2.0960168318900267,1,191,1.2868599441330881,0.1592680236697197,0.5347407465800642,0.21775830870494245,3.8492941446602345,2.106836468447,17.743726507760584,7.698957337066531,368.9103340730071,1096.6071374714375,0.7838025595992804,0.8691728529520333
55,10,4.877743214384113,-4.877743214384113,36,378,1.4093151194010802,0.3926709101383092,0.681634836328442,0.09332711162621936,1.2460698556897498,4.260380509580733,17.358299688569456,9.13905694323137,320.55588587412035,1534.375217141688,0.9310184228847731,0.8519345982659479
55,11,4.71300084715199,-4.71300084715199,20,56,1.4101523027285485,0.3936597567953313,0.6784408895203063,0.1975537482735217,1.7558302920609787,1.8419231343651083,14.12200326943965,8.087881946419778,353.6843770802511,1916.497342444935,0.8115591744617843,0.7529333426272011
55,12,5.093373780794002,-5.093373780794002,67,463,1.428702092379727,0.3995833206147018,0.6847186585244652,0.2566825535239497,1.6230098530175439,4.045145245099436,13.14863273337647,8.289823048125431,431.16963376241205,1443.2726788427299,0.9142783921245656,0.9528085186919694
55,14,4.164230839552412,-4.164230839552412,20,442,1.2041489345500926,0.3469825747895978,0.8939530241712852,0.12845109676761307,4.625099200252222,1.9308375164281966,12.591465435635325,8.25379586313875,314.2696655275663,1590.9058893196516,0.9203346016744614,0.929005768762693
55,15,4.818617671419528,-4.818617671419528,53,442,1.4282669825084113,0.3469825747895978,0.8939530241712852,0.21331043134271194,4.625099200252222,3.1758647546096874,16.873165109996126,8.373773191806368,314.2696655275663,2555.2210325939795,0.9822802307341738,0.929005768762693
56,3,0.5579430863614814,-0.5579430863614814,7,132,1.4201438853337833,0.2801490450702357,0.5686949560723527,0.29989659280974446,2.744234506804665,4.012959356003922,15.829856879933695,7.915125205657584,386.85238503522874,1103.906230660572,0.951048146906408,0.6546747934875086
56,4,4.892110074927132,-4.892110074927132,45,475,1.4503687076356204,0.39748055910030244,0.8354639265035358,0.10410459603141985,1.1923810348911024,2.7741316711269444,15.971614346437388,10.701779341110738,364.33451167034895,1343.5875967684083,0.7871705801747488,0.8886189848786172
56,5,4.704767321631363,-4.704767321631363,15,6,1.4240095716254277,0.32257421420353205,0.7166406934310245,0.1433900931385334,0.7144785977781529,2.859211563771505,20.461862224050996,9.713817982126304,349.44316486951453,1430.7774418853628,0.9112441174901063,0.7414261232203987
56,6,4.906029372106899,-4.906029372106899,34,136,1.4471423110810264,0.31763818179132014,0.8817116090224273,0.11714937121973876,0.9271400806213761,1.6389654746370979,10.69795183160199,7.91424801538436,433.51818341784156,1492.5361834353123,0.925782156899029,0.9114640879736198
56,7,4.30091450986297,-4.30091450986297,49,328,1.395307461204449,0.38016583991725006,0.6203311177311995,0.13354354073920355,1.6355524852448453,3.225694665181103,24.56758399196727,12.888297841853644,273.39000142045865,1339.5983358096253,0.88787774420991,0.8427087890607254
56,8,1.368579105719423,-1.368579105719423,43,79,1.486813073727154,0.30100196479079055,0.6287129039588607,0.21067528457001597,2.793047474617561,2.783736549667904,13.058451164256207,8.191122438259875,460.5297052511913,1902.8608649962412,0.9347811874158256,0.6787780632848714
56,9,4.866977676049306,-4.866977676049306,14,466,1.3925164876723426,0.39415829375466666,0.8315110875610823,0.08304284220799836,0.9609207909240878,1.112787038627527,16.875710048066793,7.999419006811049,362.80781635366804,2101.616526708228,0.7900541762884934,0.7951085308526463
56,10,-6.477951137737321,6.477951137737321,11,501,1.2957094830523037,0.2085701546474759,0.6238192771925875,0.19269602360829036,3.172682399181573,2.3559625590163575,15.99073762776675,11.725748547567013,346.2713260166664,1140.3801945919918,0.8692985074277778,0.8873741705347349
56,11,5.144353121114456,-5.144353121114456,36,436,1.4193271688378355,0.38332731341536735,0.7258203074722912,0.08831953169459147,1.3431350246213558,2.702767716283201,12.55651367592863,9.533050713956701,454.2294834232141,2889.141835120209,0.9143177558438675,0.8516240955353156
56,12,4.741278850978538,-4.741278850978538,27,238,1.5218989101588476,0.29618525785604594,0.6938323940990965,0.19053006946041615,1.564796784235752,3.4990095941988537,15.140725089540682,6.637298506499616,475.1476588723934,1542.3466752771312,0.8443593174843579,0.5143638124183861
56,13,5.117517373697435,-5.117517373697435,48,106,1.4643942407763537,0.39441219081676376,0.7820369085466445,0.2575258828953878,1.6417767965050243,4.220177335377124,14.969500523620608,9.188040813141479,388.4560262191085,1626.103475899001,0.9643343770871349,0.9424438787566143
56,14,4.798708020528174,-4.798708020528174,76,488,1.3841833608925087,0.3987109509238953,0.7521462108737373,0.20268915996412445,2.85266275086091,3.237887091889506,13.189263892274592,9.827676030174906,422.1495896931001,2715.7925758011907,0.7255158554235449,0.5587961294719527
56,15,4.858428018498039,-4.858428018498039,16,365,1.5058893102555286,0.3550189848411932,0.894690188693174,0.21308064236116325,1.3909970172816855,2.44841047179216,15.901780118978476,7.689733510119988,340.6047832620728,1607.995465797137,0.9494142975525613,0.7593822861398698
56,17,5.05812402969284,-5.05812402969284,74,466,1.4765734886781123,0.3797376961479796,0.8361788821844531,0.24567021662083616,0.9609207909240878,2.8265881227569167,16.52139581153121,8.775260443634469,362.80781635366804,1319.356992462583,0.891915894656369,0.7792110909018035
56,18,2.555144675397015,-2.555144675397015,24,106,1.240268152290191,0.37832207413942653,0.7478378941932609,0.09715387203092851,1.455145924092783,3.4612887168166875,16.484576877983727,8.90954651569032,388.4560262191085,1314.8692567153912,0.9643343770871349,0.7456653985107213
57,6,5.020701320249228,-5.020701320249228,110,77,1.512573215878462,0.3935647427311727,0.8391617485600404,0.11589464848733022,1.4719581012789666,3.91730030169473,13.890968824800076,10.95935672726624,419.49074009272766,2743.292245923959,0.933092653330293,0.8781479196292875
57,7,1.733770764288305,-1.733770764288305,5,478,1.0353846478797497,0.3484222640469671,0.8443741000129678,0.15036867375785457,4.59365292112967,3.141147203137631,20.572914395423126,11.958553964530298,498.11891401186585,1511.785276501099,0.5897212354466319,0.9351437010474802
57,8,2.1534649001917323,-2.1534649001917323,19,77,0.995126135929937,0.39431180320880754,0.6859294291575925,0.1374834397150914,4.12255592155872,3.3518674994690114,21.15089655317187,14.960269016586333,352.9327563869232,1153.4356536015853,0.6293152656784821,0.6076448651171154
57,9,1.7871762434717722,-1.7871762434717722,44,461,1.3166214017714408,0.34136850857045187,0.8982222099430829,0.15140148390873526,1.7797244944191573,3.8233556867402876,15.121284605276214,11.00346127380545,363.83122501343024,1704.4948948849737,0.9341544368569694,0.6653903435907691
57,10,3.8740147275637122,-3.8740147275637122,38,315,1.1504415379251358,0.36517921366517336,0.810285270561345,0.14691076324539903,0.9164592155685476,1.4491746071629201,15.669206701050838,7.825229547606636,392.0910345173846,2015.267679246341,0.9154819958686884,0.6842670859333031
57,11,2.4211172762608513,-2.4211172762608513,1,349,1.0576776877689635,0.3910498770214077,0.7642154103227743,0.1179541698937942,3.7089425457831693,2.3566167284734547,13.16582128583688,9.50622638301598,401.8405590597933,1820.0730867683887,0.8080433393634636,0.521689095068723
57,12,5.037577084173371,-5.037577084173371,14,127,1.386928362378098,0.37371520849524387,0.6098771154820468,0.2977925422250083,1.0978467695326424,3.3257089488914824,17.892011352736958,12.32322479975532,325.52194824082784,1776.0772872030452,0.8716659223597123,0.7145051874568606
57,13,4.853001192374725,-4.853001192374725,21,208,1.4893470338727655,0.3844460711536557,0.8658667185305466,0.16921379755175694,2.023093227820508,1.6103112978657736,14.905804939705442,9.18675906826257,334.7329240922892,1724.7741062367395,0.8697372582188242,0.525927569100912
57,14,4.712297201003741,-4.712297201003741,108,315,1.511448532771599,0.3846920334980231,0.8956961380983502,0.09259119656667732,3.741243034914022,3.854726063349062,14.618276272919722,9.369296438852556,304.76220293087897,2331.768187282746,0.8597489440712005,0.6842670859333031
57,15,5.0500853718307415,-5.0500853718307415,117,77,1.4201928594793136,0.3620108863090062,0.759002310619419,0.144995306027222,1.4719581012789666,4.435501015452046,15.623245299258349,11.765938622689692,392.84536827040176,2303.305973310775,0.8427102562501891,0.9047941176379901
57,16,0.07352941176470588,-0.07352941176470588,9,356,1.2208682028960476,0.2874681142547616,0.883051779412898,0.15762006661234265,0.531614303107478,1.1969486163845329,17.529830658797177,10.448430045895268,270.7477169111371,2869.634755321754,0.5271463677200621,0.5577468701057087
57,17,5.118226543582133,-5.118226543582133,83,421,1.4382749253075724,0.35905792728863717,0.7145216326568933,0.14462894631541517,1.5934407969864575,2.455784792585665,18.442292501865523,8.084399452849661,349.9011941708699,1396.8014746400422,0.8500320174871223,0.9245729077339521
57,19,-10.579142021735374,10.579142021735374,9,368,1.3422881745612933,0.3552690364133855,0.8860989239544019,0.21477512851771896,1.140519654529942,1.0089562301732553,21.030719954705365,14.173020545085825,373.9530906667143,1261.5439733015055,0.5916403031621845,0.81435706841204
58,2,0.08250825082508251,-0.08250825082508251,2,135,1.1982111050508595,0.3047198630996256,0.6788515965427713,0.1056737874544192,4.459014293380831,3.836954146912675,16.946702875622655,10.117246010697201,252.2914445027709,1461.0605528393394,0.8525001443704017,0.8217836124621971
58,4,1.7551991499171868,-1.7551991499171868,24,247,1.2213423027450414,0.3893528813341738,0.8516310094794899,0.14010019860550849,2.2300260568733905,2.814925172916378,16.14231032444814,8.999667990193998,425.2582635601176,1128.181381211893,0.9271925196914008,0.7426439630462406
58,6,4.883768952164392,-4.883768952164392,47,391,1.3430926507914431,0.3768419831884328,0.8304014744157318,0.2500260030791748,1.3676578493098484,3.7551063607416633,18.930027103234277,11.570397988137676,302.8817175777215,1022.6342524943906,0.7529364856765373,0.9415340197213279
58,7,4.977046427919441,-4.977046427919441,53,350,1.3912140971980798,0.3840715904118522,0.7281911360887139,0.2605041694752504,1.7481132354557503,3.614024899593109,19.262421787777747,9.687412525119584,359.92473177988103,1415.6740835068001,0.9963565805942122,0.8858764330013069
58,8,4.937885414167862,-4.937885414167862,16,353,1.5167106037569613,0.36526024806162305,0.7490589258351026,0.1973319420878046,1.0539020097517517,1.6516797454741592,18.87528585732942,12.92563192915027,249.9670506179604,1525.8449001257532,0.822776639975801,0.881193174705343
58,9,4.69633093003654,-4.69633093003654,6,423,1.2563468591420226,0.32801305347002646,0.6862163380861681,0.18978502808490466,0.5320480378727042,3.2016323907943183,21.057135800004087,15.960280165705498,349.86167917538444,1062.0408861950846,0.5997903351213587,0.8989575840812388
58,10,4.994768529001824,-4.994768529001824,51,405,1.3627050328236534,0.3953817442514669,0.7652598694194378,0.2797709825327548,1.6687350153948706,3.2557607399897996,22.838717025488425,11.51396361695075,254.68824543221376,1609.8018405120429,0.7796135547411812,0.9758775716780304
58,12,4.959322521487103,-4.959322521487103,11,405,1.3627050328236534,0.3721848656805635,0.5867886923707989,0.09351185235646993,0.9112555806257858,3.51144845220809,22.838717025488425,15.121547512025069,254.68824543221376,1181.0037852466317,0.7796135547411812,0.8559756810511183
58,13,2.6058359665530015,-2.6058359665530015,19,36,1.395163443240454,0.31228617654140045,0.7925909724638438,0.1763518152450865,1.6145233119695002,2.4551799499205096,16.578885913910295,9.410794414153536,371.04286197416985,2228.730727766383,0.7615243282079673,0.7907812210037817
58,15,0.07309941520467836,-0.07309941520467836,8,283,1.4096814634564032,0.3744490206062405,0.6995505008796556,0.08832512295970868,3.0511898202651038,2.762313595946448,24.706805699555083,16.48881184294524,465.94783078520913,1523.8565346125292,0.8803704394955666,0.9087097649051177
58,16,5.1288882397486155,-5.1288882397486155,72,353,1.5174132183918116,0.35978253797126764,0.795236637842609,0.2865442851221496,1.0539020097517517,2.439287895875769,16.01109743415987,9.667136461426002,359.02861571700197,1695.7056615457795,0.822776639975801,0.9111495608016756
58,17,5.097213807546194,-5.097213807546194,61,203,1.4676905246669012,0.3983487369194638,0.7545783401034202,0.22421589892741417,1.4798576209491952,3.3236576854930746,16.142526463903227,9.187497076983714,410.59165142883165,1147.2937330966388,0.9586948295321822,0.9180897873377533
58,18,0.07122507122507123,-0.07122507122507123,14,488,1.3386017851887575,0.23927054500676334,0.7045433641085365,0.20540280010319026,2.1566932337152855,2.6628195625578086,24.032675517829382,13.99161339554606,430.0501908245774,1046.4583785975437,0.7599035002236664,0.8453220505518521
58,19,4.914504963723604,-4.914504963723604,51,152,1.4907638475811047,0.38929932906327147,0.7737777832527833,0.2648277072278017,2.376055583028863,3.487571868018801,19.817108660432186,9.424722365315684,310.44773767743595,1321.2892527217518,0.8968389669582157,0.6187242285057895
59,3,0.08038585209003216,-0.08038585209003216,36,22,1.082935148053327,0.37565179568241347,0.7696607247845972,0.08952332343331479,1.5755442951038812,2.9828542027669536,15.72504370340727,7.707201350802444,204.1924336089138,1985.485419400093,0.7244864891441233,0.700904321997108
59,4,4.809503876779085,-4.809503876779085,30,194,1.5122918566857597,0.3915126680756498,0.7717186292986796,0.17677710703129867,1.0002903485612609,3.0139047496735674,14.253101106528892,10.612573216154866,358.0214900362921,1083.6529578634054,0.8797606850394076,0.7430115041704171
59,5,4.5027525396489505,-4.5027525396489505,32,98,1.3583187570888935,0.26604188464269646,0.5665255942310733,0.1209294820295489,1.8999301482331228,2.4361167041232816,14.575480629717877,10.0864156027212,360.66541917701653,2212.656778901597,0.8343649387595478,0.5941069570600155
59,6,-10.232020055838372,10.232020055838372,8,270,1.126675653357628,0.3577093490696277,0.7186125995834237,0.11702633249991523,4.693085678768783,2.897138153716203,23.899063999110513,16.32421440637927,385.8759222133454,1829.4127690741223,0.6472769663430791,0.8514633714196609
59,7,5.0519539539303135,-5.0519539539303135,37,283,1.440131065938439,0.35561273887440015,0.6813801423265547,0.08832512295970868,1.5623992584863091,3.6121764584743907,14.722251940825773,11.035143360393167,450.5659354439342,1523.7236474501601,0.8419348434795872,0.7057518923763068
59,8,0.07668711656441718,-0.07668711656441718,46,196,1.429182126226299,0.28112972906503314,0.7319121328065953,0.17009433061992119,1.4346044152068447,2.5178256447875165,10.583170127565568,6.949117201093075,339.4792568734431,1018.853817978105,0.8725121538228731,0.7706994578874915
59,9,3.538971412691052,-3.538971412691052,52,246,1.5000308488748015,0.38685553887291246,0.8503870083770625,0.2337818737946978,0.7845809042048288,2.836035224628166,15.46628389666619,10.925245187890047,391.0670311051868,1809.236440190091,0.9231049739817394,0.8789194031876559
59,10,5.016332016410911,-5.016332016410911,47,194,1.4487420448885153,0.3915126680756498,0.8503628357492581,0.2173750891077615,1.0002903485612609,3.7391671951004684,14.253101106528892,10.612573216154866,376.6670608683285,1129.9106727932503,0.9545170113191177,0.7672515248594357
59,11,5.052582625288187,-5.052582625288187,63,378,1.4907827613519602,0.3845299155772059,0.8021650310588022,0.25674989776136453,1.2015998489543742,3.7344502948101637,15.594710582965376,10.771617153804378,405.7931551024108,2780.1419818949394,0.8102099852524152,0.8661690799614419
59,12,0.07396449704142012,-0.07396449704142012,5,291,1.3288306489094437,0.344641714418956,0.6917076677592635,0.18025512681145792,2.5962398412481975,1.2304265343186835,13.51558642712397,8.765116043298768,285.5908031653943,2261.5582071788726,0.6779260032874413,0.6936919359441043
59,13,5.081760022876029,-5.081760022876029,79,283,1.440131065938439,0.39608709981073187,0.6813801423265547,0.12505407824981368,1.075078719826751,3.6306547092543853,14.190461104082885,8.430131973778993,492.6409208170136,1523.7236474501601,0.8259471065392099,0.8407320667779905
59,14,2.4301844928065,-2.4301844928065,15,312,1.3207487446995572,0.3485384255592366,0.8690530857851355,0.09124269046488076,2.3152784830364204,2.305158079372197,19.700397701451642,9.242612627536104,335.05201772473214,1681.1048402820102,0.7658793930090675,0.6668709133069481
59,15,5.203453384855564,-5.203453384855564,98,283,1.440131065938439,0.39608709981073187,0.8242943362371076,0.18829217292910258,1.5915489863682057,3.810024952283978,16.26800211964917,11.788720707102591,339.6580925026226,2518.4018150820457,0.8898990769577281,0.9827572472216953
59,16,5.2766906216434535,-5.2766906216434535,81,446,1.4806874628034885,0.39439682779744856,0.7753344932555152,0.20657339583117687,1.3655544444769336,2.779043106864002,10.68394827357577,8.448348818776243,489.4674941502225,1725.8524158426883,0.9723012757170636,0.8605571469885865
59,17,5.22028721281517,-5.22028721281517,71,446,1.4307893716289855,0.38366220199733597,0.8855208090677089,0.23738664562428957,1.3655544444769336,3.519406858154219,12.907646727439918,9.03056210781293,492.1640244985303,2872.7653289925584,0.8199426432532251,0.8605571469885865
60,5,-1.4528706089487677,1.4528706089487677,5,252,1.4222526931861967,0.2881617963575592,0.6718265081373966,0.19533455184251775,2.271696203288076,2.6287596136478952,17.589819704319968,12.758623260024507,350.42725781761754,1965.5309979700398,0.6824848640540511,0.748865296433242
60,6,1.7051906878815073,-1.7051906878815073,23,429,1.47970570288519,0.39148387349605096,0.8366839789362827,0.15446351538712338,0.8149898452900068,1.3393388911653206,13.158160718516505,8.759770462579308,420.5537651072275,1519.0465603447985,0.8951244698282296,0.8455233859522118
60,7,4.970904948666859,-4.970904948666859,88,94,1.27135657954504,0.39645738370961214,0.798815137185713,0.10747813459946537,1.721990903710272,4.004652695300248,15.467369912265118,8.456685227569627,408.3102448241828,2302.1006213346104,0.9721770829615388,0.9983544820180037
60,8,5.047000133684834,-5.047000133684834,74,386,1.4484453731080875,0.388290714713708,0.657050285457687,0.09521319848644287,1.6756033325748196,2.8424087222544427,18.463653419761176,8.977002383000887,316.19271225703915,1519.3944448770567,0.9733953825857523,0.8208133158576861
60,9,4.746007461245903,-4.746007461245903,36,510,1.306192918335342,0.3604717566001672,0.8725414535582571,0.08673116776712116,4.597162718142254,2.2548378388065426,18.248723783612512,14.361450994379293,273.7975830386289,2448.993091697298,0.7821329732499263,0.7612441575749849
60,10,2.3053213215287833,-2.3053213215287833,43,146,1.4764193691868979,0.2721043344579248,0.7959037709776089,0.14039713096317047,3.0297817187530254,2.9060949139840284,13.410538597133138,5.852675417622179,460.09368184896465,1676.1574167562812,0.8350060717427551,0.6861743156725431
60,11,4.814468741196468,-4.814468741196468,33,187,1.3832545893708323,0.3732886324774754,0.7797698789704436,0.14012466019027534,1.122087994061808,1.7974928454192463,18.76616443619258,14.865755489354664,202.909947972973,1102.679500827622,0.9164638709579731,0.6473713825532186
60,12,5.169612766084556,-5.169612766084556,192,228,1.4789030009241058,0.39641197177181786,0.7849283113528989,0.10552163666305253,1.9703758713123285,4.497736359313166,15.59891258344531,9.620280967251695,410.0203620544683,1456.8105933684706,0.869084704080775,0.945165976675572
60,13,4.903246431071746,-4.903246431071746,56,182,1.3993517371439101,0.3739007980133959,0.7794540817008874,0.1508909973300412,3.71527746073013,2.5375197443216737,13.290652676278018,9.916131120275441,424.7061580572615,1128.261186151789,0.870637952779298,0.7145196770599014
60,14,4.770741493806765,-4.770741493806765,36,100,1.4698668067600031,0.370762105881808,0.8036415925292376,0.14497462968080949,2.3726618125637464,2.812761442129615,13.479360375609277,8.847544975377877,369.80327212077856,1369.0117520176902,0.8157971400445285,0.5447333455239829
60,15,2.992341846976816,-2.992341846976816,41,94,1.4416490133519482,0.3798851732450629,0.7577096198726901,0.20588420740000132,1.742325616499243,2.9147926951816694,19.142650592640233,11.777634166520864,297.7892285355359,1714.097638984516,0.9721770829615388,0.7539497425627526
60,16,4.895348292526931,-4.895348292526931,19,21,1.298107073646464,0.32723254167540833,0.7931576029493658,0.28960685315606766,4.834355315789139,2.725139171469687,15.971386284956425,8.202815054978803,357.206920048781,1956.8944862787546,0.9914579975602325,0.9832461387621219
60,17,5.129952873179769,-5.129952873179769,51,221,1.5151663598479372,0.35559720286557084,0.8708056515529655,0.2050355208213624,0.7134607488659461,4.45379775728963,18.089239212472236,12.775687036971412,356.55264097975476,1773.4454717093697,0.9033342271910805,0.7074809384270238
60,18,5.300874054767538,-5.300874054767538,80,221,1.5151663598479372,0.36786623249371286,0.8593561141318233,0.2837314458648958,1.53635386726428,3.2001598136194906,16.33177510108187,10.197711077137086,369.4495636830524,2263.6292817224326,0.8563757588795337,0.8266529341951441
60,19,5.441749445255619,-5.441749445255619,154,375,1.5198805268517508,0.39325677038103213,0.879759917016011,0.14137705184507296,2.0684461264715486,4.287867565863936,13.355906014344672,9.901964804551316,432.86067314231536,1686.261951118307,0.92901124200963,0.9906747503597442
61,2,4.657621297218445,-4.657621297218445,34,301,1.345246553523333,0.34276496052235894,0.7640033764636951,0.13458576265805214,3.362786226475305,2.561596099504897,16.150218869073548,7.3575647648042235,467.0201330997628,1271.4090717963331,0.9122804342878184,0.5844375639241389
61,4,4.561780270030884,-4.561780270030884,46,192,1.2946061606980164,0.3621039138814284,0.8316669908573245,0.18434256523837603,1.583953581503917,4.315135655006852,16.6415792096931,8.981876291579674,367.19809210182365,1360.41724195489,0.7591619084417538,0.629711786653659
61,5,2.161959556721292,-2.161959556721292,21,14,1.2735033621496172,0.3938574338593165,0.866842664509961,0.20272690737828733,0.9904046300135518,2.795387110668298,17.648266817340364,9.625327497994899,421.15418331518873,2256.7823602077115,0.8682708589408484,0.6787052474661102
61,6,5.047110070911904,-5.047110070911904,36,128,1.4828621818382945,0.3560235087390875,0.7107715561792561,0.18969382660927014,1.786077394091006,4.367400280294607,16.407870862095624,10.683656566018854,424.75147424354196,2142.7194139614426,0.8669816462229443,0.7310606261618215
61,7,4.735055733770688,-4.735055733770688,27,391,1.3590192244016028,0.3635720240317761,0.825860687884999,0.0803722641026638,3.352126385553797,1.3996047072936166,21.40602228098415,13.162926592077097,275.1614097143077,1022.6342524943906,0.7529364856765373,0.548859242585922
61,8,-2.8011418475959067,2.8011418475959067,5,223,1.250260307511814,0.2749577976749112,0.6310008220517277,0.13284631294727808,1.7327861245606548,3.532623968755327,20.13086953151766,11.401846713069942,384.32679252308714,1456.314530669319,0.6828209782067025,0.7693892907890449
61,9,4.999158634160272,-4.999158634160272,22,35,1.405225652047679,0.36341531950086114,0.8758436427168,0.15630036879233966,1.0522868959444756,1.344224031421972,13.120059919207456,7.8113394822379005,379.03208183151787,1436.8871697191253,0.8918566295936681,0.9644506717322363
61,11,4.986604157890259,-4.986604157890259,63,53,1.4015289625859018,0.3847065174464107,0.8752115844845656,0.09042838727931385,0.8532313607836997,1.9224623385657726,17.15854270778174,8.762811014310165,368.17346814333416,1738.3744563128528,0.7659227971879223,0.741875686312891
61,12,5.0642741866304135,-5.0642741866304135,56,192,1.3235107329354636,0.3776940617754753,0.8504664062831971,0.1820817084791218,0.8553358214401336,4.0677264521080145,16.6415792096931,9.942311670711028,447.71533788968804,1696.4842018316704,0.8586934695033329,0.7582399909426908
61,13,5.171674310770694,-5.171674310770694,113,438,1.5128048259806266,0.39304892824645554,0.8324457953701655,0.10130629488235564,2.244053118306569,3.6936726480123285,14.593805640461799,7.99931720504518,420.9044396590506,1827.1423937869722,0.8326881906882807,0.9655403485755323
61,15,5.100615031774666,-5.100615031774666,33,35,1.4490099890017036,0.36341531950086114,0.8807049258167103,0.16364914355481383,0.9026497782359444,4.1621140673875825,14.14645755755793,11.259230820842058,379.03208183151787,1436.8871697191253,0.8918566295936681,0.9644506717322363
61,16,4.936969412418887,-4.936969412418887,36,316,1.4042468260839642,0.381751135604994,0.7722002410600701,0.08543510782931113,4.560270427472601,3.51494431454062,14.381989486227054,9.500868976463178,415.9905369766933,1031.149165825988,0.989381833435857,0.9175215074068932
61,18,-4.390270661098369,4.390270661098369,10,312,1.0325327074195634,0.3780023933021375,0.5820642977874076,0.2937729026998451,1.9374316291277291,3.4763743137816743,22.83450312940548,11.13634747736785,290.79083049821793,1375.053141289467,0.9074343161242627,0.895988946454514
61,19,0.06775067750677506,-0.06775067750677506,2,62,1.0846649785395919,0.3451390683475327,0.8576872742006596,0.12881105506482074,4.669915779028088,3.390706823837853,12.561332985060368,6.361074454915054,304.4404376473902,1171.0734394433027,0.7986665295299676,0.6599691578062804
62,3,4.693160728532192,-4.693160728532192,50,92,1.4473876761678597,0.3863182379960072,0.7617783185977691,0.21725603146568997,4.35180027037859,1.3114652091261978,11.907612845000317,6.955825732192898,436.6070137367299,1831.3543786386526,0.9513595925927447,0.825481260798372
62,4,2.4846784445692167,-2.4846784445692167,11,3,1.3262987516842168,0.31362152516691155,0.6156457140956044,0.12037486874453619,0.5566464709344672,2.9196670612876807,21.282380850942374,12.312843485042427,253.89574368866818,1086.0245523369936,0.9024229081685455,0.8266264444939195
62,5,4.436062426582257,-4.436062426582257,14,82,1.250598599599668,0.3671342448012015,0.7211440436779497,0.10827222880671826,4.362498675604554,3.5732447350116825,17.89201145069729,9.194018928583711,293.46559600635425,1521.7785668765089,0.8513211324933988,0.8352694171702084
62,6,2.291969555325328,-2.291969555325328,6,195,1.0914866542167938,0.33422171030558157,0.8139889563067604,0.0929850578067352,3.4796927451558286,1.9087767081003775,11.373202366063698,8.943935629358997,387.36363288830324,1455.435809422113,0.8692034225778515,0.9720473755631923
62,7,4.914657459181293,-4.914657459181293,53,477,1.4105203934274864,0.3833293894538899,0.8122138594818095,0.190555149493152,0.7184241321421054,4.20987219992029,17.63676578839014,10.138475433593904,402.0132761048159,1825.191482038958,0.9288511735375662,0.859155116967549
62,8,0.07331378299120235,-0.07331378299120235,10,80,1.303922103428334,0.32202180101194244,0.7356823632672999,0.1853942747934656,0.9824846286018587,1.604952486931872,17.285021529551038,9.858375334180892,201.52656975431444,1523.236046891688,0.6990921754877852,0.8992566500038289
62,9,4.7552591854638635,-4.7552591854638635,8,326,1.1926329194200833,0.36825964824311186,0.6550797619871767,0.19443334517347832,1.41809322815779,3.7529563817790543,22.95808450110452,12.955295440663978,281.12504656880753,1540.8485455339896,0.9069355442058571,0.548240171243883
62,10,4.992777870561968,-4.992777870561968,93,163,1.48478572326581,0.3934633255512948,0.8231546748567957,0.16858676629370767,1.1824599400388904,2.841020290475261,19.508764576265293,9.762158845376456,319.0785668406201,1286.5749812757995,0.7768140686928375,0.807219769395831
62,12,4.7412442088199445,-4.7412442088199445,38,355,1.4530590081502193,0.3612050342525577,0.815688292576792,0.19428623157794792,1.2686299387831845,4.33286156944977,15.29845568958843,7.2926695237792485,354.36781571756137,1230.556207654597,0.990160309044777,0.7768917169081988
62,13,4.881765862062133,-4.881765862062133,87,488,1.3737714991789103,0.3987109509238953,0.699922461831671,0.20268915996412445,2.1049645301173046,3.237887091889506,13.189263892274592,8.306041789829719,422.1495896931001,1588.336258525335,0.9869089384286955,0.5587961294719527
62,14,5.203721451112949,-5.203721451112949,53,491,1.4628056621050896,0.39284679858979676,0.8182010891378959,0.09031215175827281,1.4753474613768047,3.1631229142984427,14.981777001308421,7.259888641018721,499.19934388958694,1153.3441402583198,0.9533424639590427,0.7666260774230784
62,15,5.316420407609907,-5.316420407609907,125,72,1.406162527708784,0.3900048325128548,0.829602643070203,0.1676768333287613,1.824898278865147,4.161328791030282,14.6411745449503,10.377638253709476,404.7725920237351,1288.0419695943674,0.9855936273122057,0.948106582842033
62,16,0.0684931506849315,-0.0684931506849315,14,158,1.0901798022728737,0.32359725993095056,0.7185547639374266,0.13190581353715614,2.0003707549542744,2.7478945691646337,23.18149336055348,13.124647647299556,202.4534351722589,2425.496390932778,0.6828403088125021,0.7273126755072881
62,18,4.783712926105881,-4.783712926105881,44,495,1.5169281464416229,0.3058913610725922,0.7644700473585572,0.18571977367178394,1.8973943139395697,1.2513886706163317,17.44276359612124,9.777751948853982,364.1532037389059,1507.7007757289084,0.7512571439378719,0.5674644820728761
62,19,5.077666927316287,-5.077666927316287,36,491,1.3863535508242217,0.35223002427965955,0.8317309441438088,0.09031215175827281,0.7837091762933577,3.871006971942514,14.981777001308421,9.649831938097334,399.868054388142,1153.3441402583198,0.9962192459797363,0.7666260774230784
62,20,5.461998357564346,-5.461998357564346,158,417,1.5053458778233644,0.398642416174565,0.8540207774013373,0.14643632732926742,2.012156796053723,4.2128531054785965,12.758727960613772,9.1117814310597,471.1514482138998,2087.455570183913,0.9282439326148624,0.9825488054547653
63,2,2.5311614908471722,-2.5311614908471722,44,101,1.4173968957667877,0.32119669263953804,0.669868334400173,0.10219982494192104,3.132230453145344,1.9393994924083133,17.74026961613299,11.071685171654165,236.02752981651227,1631.9488325513628,0.9176436311412361,0.65979114101885
63,4,4.678150584754723,-4.678150584754723,32,503,1.3814781491213335,0.39356712508127334,0.7107128765255122,0.1469586751529151,4.998636566388299,3.836348661126921,15.464112596825327,10.587040036308812,421.24665017539303,1429.8426620075875,0.8840202614951551,0.6155234853765026
63,5,4.6861602248015615,-4.6861602248015615,33,311,1.2871717640323466,0.3426067505809831,0.8565213763044688,0.12818911574885125,1.8481124741956592,1.7154953048614519,12.028783033891704,9.37798881944228,433.6588009733999,1744.0874198202976,0.7422764780352844,0.5921912671120909
63,6,3.1518778398048743,-3.1518778398048743,8,246,1.5000308488748015,0.32960166363550114,0.8503870083770625,0.18220999172209912,1.429188310608511,1.7005442230792662,18.624211310689965,12.622086459860414,288.40653261229727,1574.261037180633,0.6946833242876537,0.7856493793631649
63,7,4.7725723270178,-4.7725723270178,36,15,1.0212951084496784,0.3716567572700273,0.7126280228943769,0.22597151420665185,3.5355257165019376,2.3241295759383007,11.84763252737298,9.199531143732436,454.29648718865116,2070.373016075071,0.8813863517812905,0.960066635191052
63,8,5.048153218945152,-5.048153218945152,39,15,1.444697523852349,0.3716567572700273,0.8298398793054038,0.22597151420665185,1.540244880942389,3.6331217276296264,12.431146917726199,9.199531143732436,399.88113521101457,1889.389739307909,0.9748175311328622,0.960066635191052
63,9,-0.7336087257998818,0.7336087257998818,8,436,1.3193095175561549,0.3086501419227917,0.6721161913263881,0.24485297265232614,1.4650177676292968,1.2970214375159328,22.33585298256279,15.345361646848803,232.23351455132268,1983.7489319450347,0.7973842403829379,0.7882792097040539
63,10,5.08644364631478,-5.08644364631478,64,336,1.467507201696181,0.39346034560468424,0.8706952247678472,0.151640817740467,1.0982779473434063,3.8347840058954397,20.65495875930305,14.761395545774434,336.4033441510372,2676.330957943378,0.7870995917507524,0.6923218376567206
63,11,5.0432289539840225,-5.0432289539840225,54,139,1.39795613429841,0.3939147160326806,0.8317653807807366,0.15069491756157966,1.6727737386334642,4.184772390265928,14.934280523567047,8.374938643863512,398.3218848643449,1426.137869352812,0.9767900496406698,0.8652312679128207
63,12,4.830271250851932,-4.830271250851932,17,211,1.3781354704029567,0.34837967162564365,0.8514015503817871,0.09459964909103066,1.1577681142848055,2.466932196573554,15.416360214310455,10.2161808688832,335.83920702120133,1778.02615464781,0.8963160586346883,0.5901761344241354
63,13,4.846414633360633,-4.846414633360633,65,487,1.297416901223338,0.3728098202342621,0.8094345215729176,0.18765667165399907,0.5162409955757896,4.101724407923583,20.617332142176785,10.317337410010555,341.6302820448937,1349.0628128200724,0.9329223280170733,0.7200541448754425
63,14,0.3441480527349512,-0.3441480527349512,13,211,1.3781354704029567,0.37437560191356617,0.5823098996493264,0.22134645490465088,1.7043634018300755,3.0246100516812673,15.416360214310455,10.2161808688832,439.80777138560694,1706.7793080385175,0.8963160586346883,0.7219282298863754
63,15,4.900078215513078,-4.900078215513078,59,385,1.4664988750484487,0.3671179582456234,0.8491616768561523,0.09099977874401566,4.535193022953549,2.5364841087750083,17.809941315843616,11.20824421756148,262.740752173843,2238.733782855548,0.8836589933996031,0.7386636247215034
63,17,5.2934227703403085,-5.2934227703403085,45,29,1.3651095709432257,0.3879099688266676,0.7614237018030323,0.21394644475241364,1.2288084413495768,4.119874429003765,14.704964180309577,10.811992613933317,436.1588559753438,2355.0692161879697,0.9115591697744605,0.880922034116553
63,18,5.410510749253833,-5.410510749253833,161,320,1.5157702962843724,0.38088121786970575,0.8057439143920553,0.13209703005888473,1.8731362690307833,4.10878174265245,14.72463868618263,11.073664554405946,404.6771998307713,2717.2063381107196,0.9408912617710756,0.9116585039942238
63,19,5.452430578186505,-5.452430578186505,273,169,1.4895285570573553,0.3972613256487396,0.8056634525959825,0.28983716103517265,2.019238315866245,4.336970647768023,12.560552257339076,8.866184949337033,487.00580576215873,1377.0441022895764,0.9374498165988533,0.9992541147378218
63,20,5.403729839069001,-5.403729839069001,192,275,1.4875826700263528,0.3992348092332295,0.8565530630965941,0.1873213614575031,1.7152338723233855,4.368125431420116,14.408397803985562,10.564669859262944,427.03935680001746,2698.8590433384925,0.92904335608196,0.9525503617414348
63,21,5.4485601426460954,-5.4485601426460954,224,440,1.493243307244042,0.3918602801389459,0.8139671402574937,0.16426789251507376,2.036188363683883,3.858393464819419,15.103242708350045,8.899379016928597,408.63883685405443,1635.9984291129117,0.9396035040136952,0.9763013907022307
64,5,0.07309941520467836,-0.07309941520467836,1,19,1.5018066096175462,0.13648069992661477,0.8138103559613228,0.21543622160330414,3.873238601721823,3.8298339364118874,11.605121004395187,5.882557318545878,328.45152616500854,1441.6096396744251,0.8650188469327986,0.9691892247647047
64,6,4.7147513646836225,-4.7147513646836225,28,332,1.3029709039577406,0.34389434922082907,0.7315787800608451,0.20713886229308676,1.3818469987198059,3.241227432697993,17.46506263880576,11.702328037519607,312.5125196319943,1391.0809378469573,0.8960931769565113,0.5340475157269752
64,7,4.901958828609242,-4.901958828609242,30,364,1.4309833812811934,0.37216720934361125,0.8187882844591251,0.18640035782914874,1.1289227243322801,3.4604926536196006,15.215135194446987,10.432420268580259,361.5701183394184,2668.3630234247344,0.7138426068882398,0.7844111046056945
64,8,0.07122507122507123,-0.07122507122507123,7,80,1.3889433830081743,0.29462234225124123,0.78086177688092,0.19537730215117335,4.104882847517729,3.0120076728629663,19.04180712272518,9.858375334180892,229.9981296188089,1523.236046891688,0.6990921754877852,0.8992566500038289
64,9,5.005747830501107,-5.005747830501107,5,0,1.3393189042022726,0.37318947588606516,0.6332700244667061,0.08265252105710176,1.2790088785768234,2.8732641865060167,20.674828672506766,15.211476917112963,232.35633827621467,1174.9586777216082,0.7992695125930469,0.8982996689513537
64,10,2.114750418530464,-2.114750418530464,2,310,1.1630208519518763,0.3931346517801285,0.8572462519973155,0.18342999530624032,0.5416487293036654,3.496985580773435,15.673086973374534,8.088913167536369,367.97987386066836,2476.072898134589,0.8143399842915683,0.6274051140062511
64,11,-0.09978989946894945,0.09978989946894945,6,276,1.1948409269068965,0.2644988995405031,0.6404595962079103,0.17888420587523157,4.482657451263366,3.9498774633915934,18.462518880533036,10.543656231687178,379.2537096896203,1120.4635982952345,0.7909139763961794,0.6185200832177626
64,12,5.016148587543801,-5.016148587543801,14,308,1.466336527893882,0.38109525610047545,0.7205803770452966,0.14338508356402352,1.359204141766589,2.0652558795200306,20.689912329359423,11.970688804961245,212.2497830794872,2089.7573176092737,0.8802716594511074,0.8761653889432062
64,13,0.06830601092896176,-0.06830601092896176,14,238,1.3664429377359808,0.329292818839604,0.6938323940990965,0.27811160735918156,2.2100247049771298,3.4969919168231804,16.888800571457317,9.251763892303522,289.4336245538156,1087.2556963508332,0.5449095957824927,0.5143638124183861
64,14,4.903350992947301,-4.903350992947301,10,410,1.4294358765577055,0.3260556330694903,0.6842731953773752,0.09559509297891855,2.387287201720533,2.0960133184837897,22.122156639554596,12.468315103157472,222.6830258541612,1453.5030555822807,0.9778109527173683,0.7261693148383409
64,15,5.119212345440802,-5.119212345440802,68,274,1.464807768789422,0.33409596519376056,0.7818148134917695,0.2802872414389814,0.9903634732594415,2.701495431696789,13.69759362984276,10.491966091119142,348.01108289387656,1763.3087871712555,0.7994709425065911,0.9211512169203739
64,16,5.194107193587953,-5.194107193587953,102,131,1.4042244273560163,0.3923213947470658,0.829809687005359,0.20823580360951427,1.4629739630438083,3.123091506816981,18.147514692869038,9.1123492855787,367.8968662646854,2218.6278231216,0.7506546093721994,0.8611067128607734
64,17,5.350183619402067,-5.350183619402067,83,308,1.4781220606906622,0.39376892614786474,0.7529584746517395,0.14338508356402352,1.2781994708466526,3.3790212237989223,14.398985644996866,8.985819932582888,471.2450634015998,1309.934776766021,0.9613428036129051,0.8124555571518398
64,18,5.344115290276654,-5.344115290276654,117,221,1.4795043490846318,0.38271008447179294,0.8257903214622025,0.23897553360996798,1.8732975285681408,3.8642731123993688,16.351185358497023,11.64834009092822,323.8750819611792,2451.7198474612055,0.9378362899125885,0.9930155920524716
64,19,5.459138739376028,-5.459138739376028,284,444,1.4817470075666177,0.39686478532719427,0.8384611315530491,0.2064159209061246,2.06741408654828,4.492383169892916,13.044728633077717,9.823168470374828,464.59796032834294,1386.972556907233,0.9609085200096241,0.9869218297084048
64,20,5.47031827696157,-5.47031827696157,278,447,1.5214224757613688,0.3930085885436817,0.861616240518329,0.19985790777203252,2.068636001711959,4.251971659702374,13.326276532385487,9.97544505488236,441.6364264140234,2083.876829854267,0.9467753147220803,0.9593455498511076
64,21,5.449380406863044,-5.449380406863044,289,200,1.5066515836564087,0.3820180831366168,0.794566487114917,0.23269398383349202,2.0865017150236387,4.231409719530719,13.472000753258754,9.120593213954637,454.73016935247483,1773.8810313581598,0.9670942596904978,0.9872007547584052
65,2,-3.61887101648746,3.61887101648746,5,228,1.1247473283080118,0.32445422676362046,0.7754222009340991,0.14914418173953892,1.4684767257422209,4.330981858789008,19.93786529135912,11.952013156034525,276.1299910077562,2422.298838186173,0.715446848174775,0.8628636727361148
65,4,4.616750087723234,-4.616750087723234,15,511,1.4970450674375204,0.31848549917275615,0.6297552908255705,0.11681271784133417,4.537817835652194,3.393210647947818,19.486902513354153,12.124140963958839,253.076456558236,1669.792411933005,0.7906336058058827,0.6488761954083251
65,5,4.899683434636586,-4.899683434636586,8,294,1.278844999257307,0.39604650589869494,0.8505762111134961,0.1516680281215019,0.8615845025279245,3.0956343648896123,21.62599560291619,13.89970157036696,253.94851397339562,1203.6737454772506,0.8947509487635983,0.865182682889359
65,6,4.664275879374015,-4.664275879374015,30,235,1.407560053307375,0.38942706435602203,0.8098115909955232,0.257173309457195,1.8905338799149858,3.3565788943151693,15.327795274029306,8.733779910722106,372.96213514199667,2317.522081794839,0.8074269963385596,0.6423630577506529
65,7,4.662992465713684,-4.662992465713684,37,168,1.3477345844209556,0.3473462148685575,0.8607901766403299,0.08482383302281428,2.892705066197452,3.9928380801437147,11.425860560139794,8.197228944597622,355.17844498954844,1479.3672918227144,0.9916367839429323,0.8432685935876172
65,8,-5.266802885824003,5.266802885824003,12,448,1.1524457834788466,0.37167534372609967,0.6897373637966914,0.22581696792827083,4.076187080262045,2.7879141802317267,18.628958676024283,14.599701950056374,282.87332678995915,1120.4593810515498,0.8019494211797866,0.8680904104414883
65,9,4.864063148204796,-4.864063148204796,55,89,1.3084708085406764,0.38633743838466683,0.8212334702805449,0.19763031849515392,4.966730213807956,3.158117653500891,21.776742379197866,10.920787110987696,315.71090565837,1266.3088323220054,0.9863412852960817,0.7558621906711336
65,10,4.987305872490079,-4.987305872490079,71,399,1.4885264384763868,0.3649334851026987,0.8423349402076628,0.24732225227573765,2.0453126663209003,2.70180912058322,17.914425195729343,11.22466569336308,283.6637617510544,1707.9211884355122,0.992983184687893,0.9635233000905964
65,11,-9.549685084004885,9.549685084004885,6,263,0.9966282337753969,0.3777196798508675,0.5785602642669215,0.2202003500921514,2.525979329639058,3.303202130036041,24.998674034244917,10.723129450684876,382.3595996216918,1168.9650360137198,0.715559968527069,0.7813833918578015
65,13,4.979751931541887,-4.979751931541887,49,443,1.4900987568589392,0.3832280196908393,0.7589839096624393,0.19422043085128926,1.2973658363112637,3.3702655622458417,13.97064655298347,7.526597167954811,351.2968250051884,1415.481299626074,0.9460026184317141,0.9155423546674706
65,14,4.932731021583976,-4.932731021583976,48,235,1.407560053307375,0.37441392333916407,0.8629835370376938,0.2885252095868617,0.5741038516644217,2.871546705683703,19.1755595368967,8.733779910722106,372.96213514199667,2317.522081794839,0.7822786122943511,0.6423630577506529
65,15,5.36751040369192,-5.36751040369192,173,451,1.5029600759755222,0.39647586791095873,0.8220755556553765,0.2743637396371515,2.2911840125768816,4.16597768013181,12.997220193130621,8.723072007802946,466.4885704328915,1722.5253314053982,0.9683240339502521,0.9506041341272331
65,16,5.415294833865497,-5.415294833865497,215,451,1.4708453072835392,0.3954475056919709,0.8531437101973514,0.1552196873750127,2.1076753962138,4.1896827000379835,13.743585794020333,8.723072007802946,466.4885704328915,1175.3121799932505,0.9683240339502521,0.9877342142456416
65,17,5.425267913905246,-5.425267913905246,201,502,1.4942868854207187,0.3940955265365399,0.846758295895019,0.12415217082581417,2.034322355892268,4.201595452485866,13.070692141774114,8.81807153670102,478.67463392234254,1118.725673901744,0.9930297150785693,0.9829698412954676
65,18,5.415032537465274,-5.415032537465274,179,127,1.4828699802985177,0.39811709616674573,0.8313585739850227,0.23920924366009463,2.0281149727594223,3.9693302045904715,16.0146036022742,11.199177305665097,398.3194658434989,1032.3325681390102,0.9536263764962264,0.8471841070229629
65,19,5.452369978585516,-5.452369978585516,228,199,1.5100635035974614,0.3994631214594494,0.8736733292953878,0.19573929697834183,1.9751284780665244,4.0862665290783085,14.263732569993856,10.086199547010139,409.8424651594271,1798.65172669444,0.9994121669359131,0.9662148421257208
65,20,5.411872111511929,-5.411872111511929,160,28,1.487345482074191,0.3940716291011905,0.8602974173765843,0.10598192726800537,1.986302015008039,4.146909677465524,14.480974218471724,8.150096496553687,452.0349744627375,1490.4320340195632,0.9535970320911544,0.9619993160593505
65,21,5.46735227667233,-5.46735227667233,254,171,1.502847832971888,0.3964308037609442,0.8170001133219197,0.16362883308649984,2.082488227412613,4.049570911667907,14.928669945791587,9.309574419256965,400.4347251060869,2129.136191669555,0.9663745691000472,0.9963633515252104
66,3,0.07225433526011561,-0.07225433526011561,9,430,1.270293432775842,0.37817337223982217,0.6461404628501272,0.21929461466494166,4.306402618160373,3.714865116042117,22.526982266677585,10.617391293833718,206.7340520457532,2620.3887516927184,0.681473341040998,0.8592289537665625
66,4,-0.8715078805535041,0.8715078805535041,23,247,1.2725541126361415,0.2884033963091977,0.8516310094794899,0.11174229080972593,1.6795906097892614,2.814925172916378,16.14231032444814,9.013884420497833,316.6250204436327,1750.903806137479,0.7621368986463293,0.7426439630462406
66,5,4.7539216699034315,-4.7539216699034315,11,329,1.2311752844529793,0.29335081856079026,0.7595244106646122,0.14472844030983562,0.6767060815973509,3.2431162919086356,17.742233737237957,11.117143572509983,387.08256734906877,1160.8852721065366,0.9058645966273284,0.5085577061399817
66,7,4.841746707164084,-4.841746707164084,11,45,1.4915296552624469,0.3745013627939079,0.7950325640496199,0.26688196733795505,0.8866064513061214,4.046144361712866,18.223645450069633,10.496237021608257,272.335631658558,1961.050745045506,0.9621980703800197,0.899748324183158
66,8,5.0814722771558145,-5.0814722771558145,53,253,1.447041937696433,0.3936861596324644,0.785932181141212,0.27143782427899477,1.3728592764689815,3.842800069823948,12.81135186074568,7.787296250650937,468.6041156387272,2060.7932059187387,0.9862322989195108,0.8919138714242097
66,9,5.021511840622546,-5.021511840622546,32,23,1.3713016295246419,0.387889054870512,0.8139445671845651,0.1310382128503865,1.416771548588822,2.6514971298805223,17.74423107084172,10.753964621329422,354.1383716635274,1840.254892625292,0.8923725422503109,0.6468372766305373
66,10,5.253994885155105,-5.253994885155105,205,388,1.4998466200159009,0.3970150864391335,0.897892306108951,0.1715516064669792,2.0746619938197197,4.309123130351727,13.870234871105009,10.517130966638357,434.71098064215784,1404.5515751888643,0.9671566919763295,0.8565043512479172
66,11,5.066778073427187,-5.066778073427187,39,380,1.486864211472335,0.3798251746487268,0.8982531245571767,0.15786360254333087,1.8308486823374486,4.164420047706996,13.50110507711186,8.195641782282292,471.41187584010623,1234.1749944715586,0.7291476596825397,0.8076780396469944
66,12,5.227784876435039,-5.227784876435039,122,62,1.5109893523652227,0.3910781467910637,0.866272584781193,0.21062722385197036,2.0608957564759676,3.4412868466362383,17.193491070728037,10.37990536985163,320.72067510175356,1094.5006688107574,0.9913889166566356,0.9717948038925374
66,13,5.272284061853915,-5.272284061853915,206,388,1.430149701096708,0.3970150864391335,0.897892306108951,0.09922287629735801,2.1428535688267236,3.4438352303502393,15.340415244534459,8.953762212307838,405.18853228800435,1405.6944568755725,0.9671566919763295,0.9168078762686724
66,14,5.317163884363989,-5.317163884363989,135,4,1.4796901863689789,0.39906739909506905,0.8545207024386274,0.2564209462593574,2.1280167013926437,3.728290971927103,15.591570291122324,11.970026798655148,351.0761260485569,2099.12325408641,0.9900797301471949,0.8665442400500366
66,15,5.337334409607005,-5.337334409607005,207,388,1.483994280822961,0.3970150864391335,0.897892306108951,0.1309335179191966,2.1010700465791032,4.261041327611093,14.860278704934656,10.49594391801145,392.67751373884005,1430.2066989708137,0.99877295394156,0.9344469740443315
66,16,5.4287696949194215,-5.4287696949194215,232,109,1.4947870101705074,0.39469814627439576,0.8902004865669355,0.1508300466617958,2.325218018712022,3.8411996871117813,15.395837845290984,11.58948536962754,363.39671330590596,1018.2235215764093,0.9827695769573479,0.9423894613936795
66,17,5.444398291118453,-5.444398291118453,222,431,1.5043893306535046,0.39737460352083676,0.8781416490277645,0.09733087002712645,2.0923404070288996,4.185370554700243,13.750244332713732,9.719317104128054,427.11154220850017,1619.9526648743354,0.9477691626871365,0.9782271250214688
66,18,5.4656147280811815,-5.4656147280811815,210,313,1.4985724508719858,0.3946596997951284,0.840015612979159,0.2626501200940784,2.0403450805675116,3.9619655925786357,13.315972220629689,10.174443358725277,432.2047012250175,1394.6240540817462,0.9400129005458944,0.9592410209808865
66,19,5.463086324305152,-5.463086324305152,236,373,1.5228572207912325,0.3998921223949348,0.8574511405831764,0.10803520868373369,2.038093972694356,4.322185939707026,13.242730361618252,9.418496315369945,446.45306815308754,2091.320542352912,0.9909878200900172,0.9966648606585136
66,20,5.473071087933403,-5.473071087933403,294,381,1.515234040105773,0.39708037284320313,0.8139921949166442,0.2305432006569605,2.0888451274894266,4.373720212443129,12.926242891123483,8.504035203893679,486.1399613629728,1428.5206784331033,0.950666347834122,0.9895281142633814
66,21,5.4671366011601545,-5.4671366011601545,285,373,1.5228572207912325,0.39185518947279113,0.8689962248301757,0.1882410337527779,2.0636039171146563,4.377556515399687,13.149990027667464,8.933870331760184,455.5390692784464,1735.5177497595598,0.9909878200900172,0.9902268785820845
66,22,5.45337423960588,-5.45337423960588,202,93,1.4851216484908105,0.3977338240529517,0.8796485785155701,0.09597389336423347,2.1241720262995925,4.303604822186239,14.017224554655431,10.125051552004845,416.78941636821395,1982.8345798562998,0.9382409453577361,0.9926501033679835
67,3,2.5142001859764735,-2.5142001859764735,18,331,1.5081039739550846,0.365987955752762,0.8042272693356407,0.243261080678949,1.6230917601027568,1.4849940217297357,17.535546214444864,10.822189828287714,266.6181992612796,1968.758417856655,0.8315375991526697,0.8181265583617707
67,4,0.07062146892655367,-0.07062146892655367,18,157,1.4004041759725905,0.25258093858706193,0.7727252972455907,0.15563158739316668,1.0848328888919245,3.02436423881311,17.688945740156544,12.366518984487149,224.97470253186793,1755.3892200714538,0.7286255702260487,0.672427803967133
67,5,4.753137959124523,-4.753137959124523,86,10,1.371545075537375,0.3779457735570559,0.7405953610543855,0.16979100127963848,0.7142743105068803,3.4160553833249248,10.447509904270062,7.456813110748748,496.33582417272163,2508.3777456022326,0.7677888083271682,0.7756600611394758
67,8,-0.5164380876566259,0.5164380876566259,2,92,0.9373451346961014,0.306203322224319,0.8521084699006365,0.12413409020092254,4.35180027037859,4.10668230669057,16.54781992163729,8.680094927056277,392.286153467409,1402.4521323777403,0.9493577091966021,0.955494296271354
67,9,4.887863988068311,-4.887863988068311,27,509,1.2293671135328013,0.30741172025577573,0.8616435786644745,0.15352652361199648,0.6085832064467533,3.796135494320425,21.86847827419873,13.715658679835794,313.8253578561115,1236.2202633605928,0.8621126379135835,0.892478572783979
67,10,4.9959015719363435,-4.9959015719363435,57,107,1.508357673071655,0.38529301024018825,0.7731425659414173,0.24684892652627385,0.5014200400172362,4.03920416321142,14.412340390451806,7.83207516649781,485.91432296340304,1612.6460024489656,0.976440375687961,0.9843575365842646
67,11,4.762158252324636,-4.762158252324636,33,389,1.3384194370729412,0.3343974483407197,0.6593026967860331,0.09048626841554452,2.9734611188842583,4.046149565673999,20.38457356992102,13.504802239870818,229.38871609432772,1374.068777295304,0.9529986356278093,0.5714375633020539
67,12,5.1170113986385,-5.1170113986385,88,291,1.5211448769818656,0.35869996721327185,0.6788673850405287,0.1111966698293938,1.2860660729148878,3.7458584785063396,23.84759037605023,11.486162737418413,256.3241852145345,1504.3992975312806,0.9699829619970899,0.8816453483354074
67,13,5.263509431523929,-5.263509431523929,64,85,1.4791745987792524,0.3581904044348973,0.8195362908964474,0.11606513930436659,1.6278015842162563,4.031060431320016,17.346710679203095,12.541119530695315,358.21864206557024,1327.4252534404081,0.9794495459645987,0.8089029862758612
67,14,5.220819492909505,-5.220819492909505,34,418,1.501122770728871,0.348682792372823,0.8584255535617047,0.12397641157444035,1.4108056513551734,3.23083689882428,17.355596550195887,13.565666373428936,332.39527164337125,1014.7611453453544,0.7620586724306706,0.7954861711711416
67,15,5.334950116552484,-5.334950116552484,98,24,1.5223643097675317,0.3927398300572965,0.7944054214009613,0.14947999826458103,2.0633612374155565,4.27585223510564,15.361218594124978,9.321157524487429,406.62826835494866,1176.0904409759291,0.989761761092617,0.9378424046541972
67,16,5.370346216701089,-5.370346216701089,99,119,1.4874631241384684,0.371540902779258,0.8284295157055113,0.2694790223705897,1.603495831895404,3.5508391207577024,15.892675725065086,11.852863769063527,364.22431288899645,1712.7565650611332,0.9190326545944969,0.8456400520896699
67,17,5.461297137814254,-5.461297137814254,268,94,1.4917325972801359,0.39883640744932075,0.8250930771212536,0.17296949212987095,2.134545118212956,4.179759801741602,13.334152786398125,9.879112587868363,434.4149153738258,1512.9874118707517,0.9895214191188962,0.9782127344445959
67,18,5.456935415004962,-5.456935415004962,270,383,1.4876132608187906,0.3969822648788352,0.8716020168165545,0.15432747304688,2.103965339230684,4.0789652067118265,13.277985780666194,9.90873642450795,433.78718859490306,1733.148477844401,0.9656918084128926,0.9833568659315601
67,19,5.458343221566826,-5.458343221566826,259,18,1.4958790897439576,0.3993150656869876,0.8981281503992051,0.22083014794271844,2.0090292209136047,4.40253748594584,13.440129912156102,10.467445039809649,424.77382756295066,2021.2523623010725,0.9842824670140635,0.9729615353247727
67,20,5.481396688157814,-5.481396688157814,291,20,1.5216968788398475,0.3946552813799236,0.817461801362521,0.28673785251213446,2.137507703219889,4.4268550057810945,14.859494797695145,11.708082386899482,391.2012663203455,1072.1929530049592,0.9590572301424036,0.9925199085722431
67,21,5.472160911902247,-5.472160911902247,290,214,1.5229185769714249,0.39089834008361724,0.8354644599844604,0.2006414111045645,2.0931835423242986,4.402401129720705,13.173040194956421,9.46898115537127,463.5679098108609,1297.118950604887,0.9724594139592116,0.9902669870075973
67,22,5.447850498585222,-5.447850498585222,158,163,1.4898523598986193,0.39033109499192076,0.8907432466404696,0.20640473581672242,1.9608227066263526,4.4382991586528755,16.20406135528717,10.163194031710022,396.6801825587006,1301.1412085437714,0.8948080457899947,0.9396754986281664
68,1,1.3360989802431424,-1.3360989802431424,18,409,1.2780475302616674,0.38014704692565493,0.8625085080342554,0.09592997405366592,0.7338881451071959,2.246083032729841,19.978270642940757,11.393218509739437,353.8609928329552,1433.610932168868,0.8011960803759671,0.7633997149872014
68,2,0.0708215297450425,-0.0708215297450425,6,86,1.1494545833942755,0.25084909832133084,0.617098271799017,0.2627951441750581,4.613605202522951,2.035017708344397,13.602572136374407,10.806433460936512,243.4505183890119,1702.24930699703,0.7264922111170159,0.8425040820174161
68,3,0.0702247191011236,-0.0702247191011236,32,78,1.255763612979817,0.2123495569443776,0.7452701601550974,0.09727613963284641,2.6642061017189307,4.404200572080656,15.958592998690811,8.874262746447274,226.45711253249686,2293.0245566411895,0.7086933237348927,0.8442496003874269
68,6,4.690289314019306,-4.690289314019306,82,483,1.3959474817708548,0.3806833117140055,0.6894628885958496,0.2696474462724129,4.192049119189508,3.1697094715983054,17.124226943743235,13.470991055234624,255.85828935727477,1551.4872067108681,0.7955862760128822,0.7749484822448308
68,7,4.033146908786945,-4.033146908786945,13,170,1.341172429596077,0.2951342672027245,0.7095399398526515,0.19427602858389548,0.8660937367717785,1.757886855628192,16.703471601669442,7.4897478874773205,423.238711201814,1688.0802943315534,0.8664707310313008,0.5770928131009994
68,8,5.095934078124765,-5.095934078124765,22,46,1.471744020955383,0.3237107381133198,0.8008806934204848,0.22544303388643008,1.4596354530870381,2.9578749334993737,21.509021568845167,11.07197904682572,272.6608676097485,1122.1936150721222,0.9761566675440474,0.9662148421257208
68,9,2.518443846168809,-2.518443846168809,22,502,1.1960673229570096,0.36342342016900675,0.7359632596761772,0.2668844169383477,0.9664372261505159,2.9280317046737903,17.235884042847232,10.382840362651013,355.2279625504267,1898.6729464982104,0.683746329958175,0.8509552620372139
68,10,2.179520025991314,-2.179520025991314,18,317,1.284114168609174,0.39777598417860377,0.8251823616162431,0.21607524333436784,0.7610773372084951,2.0397056102017044,15.36638372914635,9.56336304164587,295.2222096060707,2030.660875520791,0.8228585414067375,0.6586503080152168
68,11,5.179401061108431,-5.179401061108431,46,355,1.4530590081502193,0.35427119470296126,0.8014667889663816,0.19428623157794792,1.2686299387831845,4.012095709022196,15.29845568958843,12.219179640342,354.36781571756137,1903.270087011549,0.990160309044777,0.9847016610772306
68,12,5.255217188064572,-5.255217188064572,114,473,1.4619215431409733,0.3862111083304758,0.8314247633603867,0.11897075526490784,2.0452085130833964,4.159671327384972,15.717788599536355,9.637915790982484,394.3283516473132,2090.3197499806565,0.9176824178882415,0.9582191926420851
68,13,5.307863559262188,-5.307863559262188,39,455,1.5100448892300966,0.38803566986512983,0.8086999863933625,0.23598355353492273,1.6591014326324562,3.485468227910494,20.033647540499466,12.825438652866444,293.2924394118263,2265.6029488447066,0.9844490394308292,0.8230712732920742
68,14,5.176837298893826,-5.176837298893826,88,265,1.4888786867256762,0.3902789956057773,0.7205740360265611,0.1914824513609869,1.4131202393480302,2.048400932307287,16.288590182559233,9.981888208456246,316.80720706066325,2119.1964831627142,0.8655522676379306,0.8134117556159444
68,15,5.403028949804801,-5.403028949804801,233,4,1.512299888034276,0.39959812632456143,0.8923078327661804,0.14809692497174395,2.1090942555554424,4.267278447625781,15.243266115005962,10.631904712091513,396.44513588529355,1877.401141999067,0.9418329002170698,0.9054813660707993
68,16,5.395941120305032,-5.395941120305032,225,305,1.4927575334482042,0.3969484855459081,0.8353169867992387,0.11951816004552958,2.189857028795241,4.222437828272884,14.398619802573597,10.60482259904559,411.2268297415058,1408.8682818535685,0.9774205753786762,0.9487939982728918
68,17,5.456357646423584,-5.456357646423584,269,39,1.5125298732772188,0.3995450193185831,0.8512316312463096,0.24343722455335076,2.153224705055317,4.399264681558171,12.77961381471345,10.017678004047003,446.94214869114955,1638.4651739290698,0.9335399900655856,0.9978425707978246
68,18,5.466746714759795,-5.466746714759795,221,336,1.5026070365879662,0.39845877770344196,0.8557503492619756,0.13547071323973864,2.0555593592432713,4.208032947974141,13.425790957108118,10.236982704525271,430.73880261263616,1914.9811087337857,0.9148567467634632,0.9718653380172138
68,19,5.46719282125211,-5.46719282125211,257,270,1.5067849920158574,0.3969139267977094,0.8280284003625873,0.11111922535389067,2.1071436056233823,4.430191936290552,14.125491249727498,10.011793358051088,414.2325238737285,2415.0059398955154,0.982307160213569,0.9974067356713772
68,20,5.467883078106227,-5.467883078106227,272,375,1.509779882145888,0.3965029484562938,0.8423551684898674,0.16079528184503356,2.0684461264715486,4.389026206501544,14.100795762435844,10.322666154335188,425.1216888963434,1215.7925229850712,0.9753381326173298,0.9688798936977724
68,21,5.467352547318681,-5.467352547318681,297,463,1.514446277048601,0.39265432372691933,0.8524351719816631,0.23230538149597918,2.1057135844968418,4.465158584564838,13.008306999793891,9.986515679920773,457.9776749747183,2026.067562201532,0.9179220748846537,0.958669612569758
68,22,5.452807044700155,-5.452807044700155,234,480,1.4945645791556883,0.3973983696591975,0.8762615917345962,0.12549512951485794,2.145471467747065,4.49945146668866,13.679951198020884,10.06561836911633,432.1533233013385,2234.2938105110657,0.9602495482947074,0.9871784394635956
69,1,0.07042253521126761,-0.07042253521126761,7,308,1.3043592294269772,0.39351783990138234,0.7205803770452966,0.09684594406095266,1.359204141766589,2.9802410845017104,20.689912329359423,10.397845511557204,212.2497830794872,2636.046341585229,0.8598699103621146,0.9263542093606272
69,4,2.313106373590187,-2.313106373590187,18,19,1.4143257451303606,0.33345152127958516,0.720681953085053,0.1046000873385817,1.053702098552869,2.243461605082425,18.99853441551774,12.897049908136012,236.99399957686882,2165.8351800889745,0.7480521922881883,0.7472760856573293
69,5,4.920135031817236,-4.920135031817236,38,5,1.5096496972774516,0.36741824831851566,0.8414946221779354,0.17932527486787075,1.2196743694294865,4.27912319353103,15.034195677917715,11.271331066182881,350.5257818102115,1802.6750144206662,0.8921130953588791,0.8021621104716778
69,6,5.004092662329188,-5.004092662329188,101,93,1.470387165437017,0.3633708260652738,0.8505911181502601,0.2155563714127321,1.3284504410028324,3.4319177999995807,12.011532981583823,9.373013269037235,453.6809815105461,1116.6792806162123,0.7755330368163602,0.9232565763987391
69,8,4.672266805788796,-4.672266805788796,11,366,1.3748927625726848,0.3653734613871189,0.6702477322646042,0.0825755080481292,2.182544289254754,3.45792291395744,17.433136999005708,13.042027305427803,246.01516840473323,2297.0208299542087,0.8036909913594639,0.5855514610333064
69,9,4.804652182228695,-4.804652182228695,13,509,1.3812660442841005,0.37573153813833565,0.7303197975523151,0.18441759203764235,1.3033143999569492,2.2865344631439437,19.27535464768697,9.767906348425225,310.65236322427285,1521.1305614792839,0.8118671979897862,0.7116190280739717
69,10,5.2370720360641325,-5.2370720360641325,175,388,1.4207365502755078,0.39278198149749777,0.897892306108951,0.27680968529527694,2.0750376518897324,4.041239575105989,13.090327208126933,8.311678748579249,467.6729431462703,1399.1323209348818,0.9541056192359015,0.9660258260602665
69,11,5.127827356199155,-5.127827356199155,85,462,1.4834385115491422,0.38316102289018866,0.8414762209521822,0.17259936202100654,2.0294289938882684,3.983046569150897,14.946119211880378,11.901456774617861,329.84653416176735,1804.840741156387,0.8055228364249089,0.9617632291626348
69,12,4.927566122333145,-4.927566122333145,35,287,1.437905950181717,0.31107159588315714,0.87336358544956,0.12995596578020396,3.6035492426424414,4.068081307327866,21.702601149744634,13.290666635586351,314.5914960107799,1233.5487614456479,0.9019267495436833,0.5590173255068234
69,13,5.122919598070991,-5.122919598070991,52,80,1.4702161618782918,0.39724421612350647,0.8291324710994307,0.2556243780147938,0.5204834516305916,3.406378239676547,14.716964654874147,8.345930244142075,487.57524779913535,2034.5760451275262,0.899504261806975,0.89107088133656
69,14,5.342498689817857,-5.342498689817857,222,12,1.4969877508769853,0.3743753652491223,0.8925030918555992,0.11151613596519633,2.253204630372603,4.063980285442,14.628393305812093,10.599219046320933,386.4456350658375,1599.0661685304935,0.9816765878486358,0.9694496235868212
69,15,5.423416799888974,-5.423416799888974,235,44,1.4929195339442392,0.3852228008558951,0.8353979343951725,0.13522987372576098,2.1941687681593014,4.346809855564528,12.999460760801949,9.710879435439313,453.7346724097711,1579.0658203795074,0.9414056528014549,0.9957610456534369
69,16,5.452179642756301,-5.452179642756301,201,454,1.5016348995330415,0.3991812940278455,0.8374696116974838,0.10171225794145515,2.0353722474387634,3.823004475117502,13.534104395225228,9.46455423722583,430.1669261705564,1748.2001972428466,0.9895405420070992,0.9814248526270093
69,17,5.486915157884473,-5.486915157884473,286,77,1.5153948869517542,0.39895258022201696,0.8362345059092889,0.19626649230437693,2.1906459464465025,4.157745269180606,13.922501955783027,10.118783880434965,419.5399082625978,1490.1392169497908,0.9691060017496383,0.9924486900747759
69,18,5.485378571592654,-5.485378571592654,235,202,1.5161847111595037,0.39377926990806766,0.8596321916773286,0.19504968063301867,2.15898079456086,4.3678332683010215,13.25349085741955,8.715134584439848,478.38980982272733,1565.3563721037276,0.9792044302898063,0.9601684059736154
69,19,5.475908915698868,-5.475908915698868,247,212,1.5164768590317035,0.3959656595630153,0.8758686663765571,0.0959293234122535,2.113141686747041,4.321369818100936,13.8315465791371,10.280437371790326,418.7244184945635,2049.3689433864415,0.9958991275019,0.9811693863537643
69,20,5.457646931597468,-5.457646931597468,299,366,1.517274927450814,0.3996646944903762,0.8508553765081039,0.298268160087354,2.022637513081544,4.010049878023038,13.322956380960495,9.097055833535892,453.65707223796187,1350.6308267713575,0.9031762346098182,0.9899296863099877
69,21,5.4760453675659,-5.4760453675659,285,505,1.5103256632525495,0.3958845203485146,0.8574516919752277,0.21168215370539833,2.135585382417524,4.483982105470657,14.54332664474013,9.174038397899206,423.4610368256873,2050.1826386665944,0.8656772571995246,0.9991259128566157
69,22,5.466086939730383,-5.466086939730383,274,503,1.5004840714123355,0.3999948711316491,0.8688087502520989,0.20829005605716372,2.0643721459770483,4.454223244303073,15.264513174142254,11.024849752612944,374.2825611213351,1450.6096120872235,0.8559926397181206,0.9964467058506022
69,23,5.420448027178209,-5.420448027178209,215,272,1.4997699341180752,0.39857188225031437,0.8920281884477914,0.11527623080650443,1.834422576360192,4.095196195364438,14.264206340809269,10.675329828736757,391.09578870998394,1417.3358040824319,0.9914663476184427,0.9706537535691608
70,3,2.461172613623047,-2.461172613623047,29,235,1.334101564643584,0.3844557353392267,0.7634808991401212,0.1593313203063379,1.5012419795341485,2.3231000859370363,15.327795274029306,8.733779910722106,406.5042796931182,1454.7008694025653,0.8476272355222476,0.7319083132613768
70,5,4.940562561633398,-4.940562561633398,65,193,1.5064946404160073,0.39857554090356273,0.878226209551523,0.23515776245578118,1.4950879447543706,4.054106261140348,15.46267595918028,6.197743576642445,442.3746529945622,2212.7401557590924,0.8832627559510755,0.966259583602807
70,7,4.970007611374578,-4.970007611374578,56,168,1.3954153316628481,0.381062274383392,0.7120411655746832,0.18024552966150176,0.9693943649974266,3.388771223146027,15.181746859885754,7.6580764322770545,429.1314182327664,1847.9118487273345,0.9916367839429323,0.8432685935876172
70,8,-7.783663784651805,7.783663784651805,2,57,0.9260217806566508,0.33474605282038133,0.8230120807886123,0.11823208494111896,2.682559726345258,3.8451138329537424,19.376682995055827,12.535290366026487,354.748718783757,1170.157177373767,0.5526209705906452,0.8107840300526371
70,9,5.063224734558499,-5.063224734558499,63,34,1.4533577711956318,0.3694715064164047,0.8580517492308504,0.208413614877804,1.0113826783792217,2.654102860185642,15.92746413877722,10.246838034790015,427.24151208224816,1713.5783664651194,0.7697995697361266,0.6945351222745265
70,10,5.184742515835071,-5.184742515835071,138,39,1.3671232418906207,0.3914108226398676,0.8421303658688051,0.19722896017477567,1.69284554993549,3.56631709441113,13.953750471646458,9.919816604259493,407.98795989586665,2640.337633428271,0.9208954342811986,0.9639351491499978
70,11,5.057291981534998,-5.057291981534998,46,492,1.2676466236434945,0.37365136760826145,0.7016454298052792,0.22821418590111311,0.8298985553534566,3.6309347474436198,16.9514047987798,10.566781907141955,397.92057988235274,1496.7584906821792,0.8771047339220241,0.7915691851938017
70,12,0.06361323155216285,-0.06361323155216285,12,377,1.3961540007876077,0.2644169050075117,0.8835158992437624,0.13826008105869236,4.579311668856404,2.266631049095677,20.782880778012146,16.12464365531763,295.511260757392,1252.4193072734088,0.5241333852964266,0.590092320399601
70,13,2.9257270194037037,-2.9257270194037037,53,138,1.4411036210111758,0.37680157061489483,0.8083176013988602,0.2619815413062128,1.8254416050838504,3.6046926118927507,16.16339045741293,7.353851563072561,365.37502460411315,1302.5092446565225,0.9235712963895464,0.9144292391816617
70,14,5.352020611409868,-5.352020611409868,196,469,1.4774611371963795,0.3994594273887822,0.8894727458947558,0.16440487337726467,2.1188373857101936,4.121510767331689,12.605489128282448,8.394250039741532,482.9715713870563,1228.297935557015,0.9981847001459407,0.9304386401551638
70,15,5.428802094300499,-5.428802094300499,225,244,1.4908746434861642,0.39198328736331256,0.8598775495541191,0.12260859713789808,2.1213927212965977,4.154336493453127,14.457454689630167,10.619499596743701,409.24146501185385,2153.75082663357,0.9337828596561137,0.9246054540538533
70,16,5.44973955923377,-5.44973955923377,217,131,1.49367959146084,0.3979394098670797,0.8647466509889148,0.12006775799728413,2.1748420080447657,4.4038593686902825,13.63687084499156,9.857809267292176,426.5979952886494,1714.933067661131,0.9839745374809311,0.9987104288720554
70,17,5.487005944324583,-5.487005944324583,270,17,1.4991745791887046,0.3979471769656903,0.8509012544460373,0.1985938416225933,2.1637644125920428,4.205277403383433,13.244011262129426,10.157079459680322,428.5960253925784,1696.741164092835,0.9436887350835065,0.9882350089406896
70,18,5.4747709260060144,-5.4747709260060144,260,175,1.517489872851156,0.39517123930150233,0.8469600337575445,0.12511306338630335,2.1092102870711846,4.427997266801654,14.688574839029572,10.742754577822929,390.61099882674927,1551.9000231135105,0.9930459431774038,0.998928244049655
70,19,5.454761111981132,-5.454761111981132,237,426,1.5119802694619295,0.39916509548981477,0.8965423515233889,0.1824420047354678,2.0076803478272414,4.303515477426894,13.377108190336099,8.731064729772438,459.93915077258777,2173.3677503095555,0.993454323209941,0.9963775706243752
70,20,5.470066300546243,-5.470066300546243,250,276,1.5116283482343342,0.3982970464196765,0.8818724390208044,0.2002620397220527,2.0876867977577818,4.411076017930334,13.795280986292433,8.757600774739853,467.4931068183909,2237.320463933457,0.9717804471094074,0.9773890050058591
70,21,5.46419622445268,-5.46419622445268,177,452,1.5207083593470738,0.3941677724068268,0.8954449650434195,0.188398519114701,2.0630590748637685,4.441434599715807,15.674091940513732,9.644015424003278,389.7371633174235,2001.8885640554156,0.9076360286026932,0.9888892217824399
70,22,5.450779962463823,-5.450779962463823,204,160,1.5076246120713281,0.3983371780898062,0.8975002304494859,0.14348160088714496,1.9925266389228722,4.454342531884073,14.69144409646048,8.749048869871814,427.08833139674243,2333.2789274789757,0.9552393508331424,0.9821855465661377
70,23,5.472874927188335,-5.472874927188335,290,177,1.5215924980539453,0.39942188029770154,0.7872991673833332,0.21893903411776075,2.162694683985645,4.329756081142797,12.714872637206554,9.85139076481504,459.3800008499212,1511.702803698463,0.9194526752462032,0.9888359952559431
71,2,4.9790915400390565,-4.9790915400390565,45,241,1.422203854902807,0.3745566233737391,0.8200557352332741,0.22393814149139388,1.510027345780566,3.6321470146325163,15.048940210436715,8.737367174196098,462.373212452473,1516.458828189874,0.8207745550099868,0.836728173264867
71,3,0.07736265281102561,-0.07736265281102561,13,498,1.3835562145790719,0.36673716441008136,0.8889871712828884,0.13199099708348513,0.5335915861234879,1.9535203694363021,12.054061186486704,9.162206250507154,296.77201502809095,1966.1785429014228,0.8773809810364305,0.9329380794003614
71,4,4.737217609189687,-4.737217609189687,45,288,1.2932382638820445,0.31366012561027423,0.8601542923360657,0.25539723275430515,2.180538941063758,3.676333040575396,19.856325282890136,12.346051920330815,310.45922062683155,1446.9644632309655,0.9794099944281448,0.5789229114755965
71,6,4.976313218649502,-4.976313218649502,76,448,1.3619403414853006,0.3957489046690991,0.751251400586648,0.15983740709612432,1.0879885720202087,2.6530645097093775,16.00776376986521,10.453216057971057,382.31306346103344,2553.432140281574,0.7457428753814228,0.8201758046808922
71,7,4.9843803536871025,-4.9843803536871025,73,193,1.4398912250451104,0.39857554090356273,0.6838949891863808,0.23515776245578118,1.0934143352080627,3.737611012693386,15.46267595918028,9.634609733193916,384.97301619124755,1156.563328703131,0.8832627559510755,0.8497606999537344
71,8,4.944895808542265,-4.944895808542265,91,431,1.5012167261200462,0.39673199036824236,0.8460843116759502,0.29595941810024035,0.9053366230102626,3.4601030207283197,14.454235187150154,8.536693016424953,448.859851312565,2753.0734082100325,0.7555523827424018,0.8247385342049595
71,9,4.801047727734092,-4.801047727734092,58,83,1.4569572578607553,0.34712812586017605,0.8537832174033241,0.20091140227503357,0.6352783441159295,2.6849052873878994,21.981366055503404,10.041001848235092,282.3082595663687,1049.6655575707232,0.9688392161196148,0.580043503427258
71,10,4.710921145841967,-4.710921145841967,26,164,1.301055303615101,0.3979829360168048,0.8071341389303403,0.21074741288080218,1.4444962938847838,3.6466821462982995,16.899382646963314,9.03988649153157,365.9399933446562,1665.270276899201,0.7567083564912516,0.6149402581585276
71,12,5.214916308634609,-5.214916308634609,71,57,1.5047303738038742,0.3966984122645466,0.7673567284416574,0.2534866224637746,1.9489873861190166,3.9890907523901715,16.05446240766241,10.210994126924888,414.1417855307744,1618.8025473472726,0.8279900562582048,0.7143150539826234
71,13,5.273920185813051,-5.273920185813051,88,264,1.4054425721169612,0.3868734161225804,0.7458521619140223,0.12709906213541655,1.5394588468082486,3.489405559501197,14.130809659555478,8.984201923469403,459.50543168616525,1849.383375761643,0.950501480806281,0.7517578025757703
71,14,5.425823798190133,-5.425823798190133,232,73,1.4886172925092815,0.3871570397409048,0.7837089017732473,0.1172696366038257,2.139862158587625,3.8642609886570964,13.19390937381174,9.936682955144757,424.28992457390433,1811.0146887663939,0.9399545728016319,0.9990031726191484
71,15,5.440469221909425,-5.440469221909425,229,30,1.4834919786252758,0.39898042630936836,0.8633586795059593,0.1260327781262083,2.2331919378800635,4.440072367962852,15.130697304312745,10.328081285861,386.4349395477399,1693.5930656771088,0.9573489700644826,0.9934316253634874
71,16,5.473339483232909,-5.473339483232909,200,306,1.4900071333780478,0.3946182026732867,0.8366154215083682,0.1255448157981952,2.1161610710245253,3.984954391199544,13.272303531367312,8.819665955194322,455.73446641924943,2030.6733757426941,0.9996911450127807,0.9945015602601388
71,17,5.494203535256776,-5.494203535256776,270,0,1.5194518885775308,0.3995705417008069,0.827025796408477,0.2554762491563717,2.2529273064141013,4.446603764445426,13.160898078859784,9.591697019218195,462.0949341164171,1470.9997132336766,0.9112497824585912,0.9940676158396784
71,18,5.475323116517836,-5.475323116517836,268,430,1.5194518885775308,0.3970514927657379,0.8578358235548793,0.2554762491563717,2.116430711387932,4.446603764445426,12.97984044070045,9.653037467540296,462.0949341164171,1514.5646443894993,0.9112497824585912,0.9859658366230885
71,19,5.448686099080536,-5.448686099080536,175,33,1.5235879175123714,0.3935481843185164,0.8148333260284806,0.11968785555920082,1.9841998700355081,3.869010533946539,14.937501519249377,8.650751225244097,428.515837930884,2047.8437620132877,0.8834125286207846,0.9290307189527077
71,20,5.455801534498395,-5.455801534498395,211,366,1.523533265608761,0.398249432249964,0.8472287039826161,0.11124156122852027,2.022637513081544,4.239681209762384,13.739803897585764,8.840624476248186,444.38739752551254,1504.731141871274,0.9740497011067248,0.9781422410981628
71,21,5.470418749659624,-5.470418749659624,273,119,1.522557239234024,0.39826932773870244,0.8421803459198485,0.15738259888962844,2.2012645883036708,4.440377375936274,13.791902661426711,10.720938649899628,424.84079078318905,1363.162947849718,0.9270509199219041,0.9862767955581703
71,22,5.45237121428151,-5.45237121428151,245,432,1.5014476544308142,0.39757760100962114,0.8233290022815698,0.2271945200719243,2.002098121347857,4.330730503598288,14.157061589867107,8.43660197322334,453.2142496269999,2109.6483743331505,0.9994998069191262,0.9936982603120261
71,23,5.441391677845135,-5.441391677845135,139,10,1.5024359972029413,0.3967031121462415,0.8540042394200056,0.09207403459859628,1.7321631166156244,4.423215110791062,15.647608911749412,11.968769274229182,370.01655543605204,2708.1040076787376,0.8873393865298957,0.9728242958478162
72,2,4.820245938194595,-4.820245938194595,31,274,1.5140095986460484,0.34724638177079153,0.8064980773378743,0.24323595675946397,0.9903634732594415,4.493648862863573,21.00709829683068,10.499046260545155,348.01108289387656,1154.743821358758,0.6742097880280846,0.9398335923156536
72,3,2.480368860559785,-2.480368860559785,16,309,1.4259592146885203,0.316382135308798,0.6998546451071603,0.11548486169700774,4.886942887611362,3.9180607798697045,13.146714404607465,5.7686148923168155,415.62327707084717,1388.3364557042291,0.9851514463984523,0.9727755721771234
72,5,4.737519992545589,-4.737519992545589,18,470,1.3491321070466606,0.3829819552783937,0.7271110194022168,0.12762147612653846,1.5739968331257832,1.9895040307424243,22.621308283310007,10.537018990984818,256.0415905024825,2223.002975134375,0.9151425245470491,0.7179384016294394
72,7,4.963598192798818,-4.963598192798818,54,401,1.471623574588583,0.36350134190341016,0.8307488208950184,0.18045114449858962,1.6659630834960584,3.8188501096863887,13.350525834267348,6.886391609722718,471.3843036614203,1152.2462870408303,0.8406016084287264,0.9366810668619416
72,8,4.782760987088221,-4.782760987088221,22,314,1.4491330616456706,0.339583817013831,0.7280685624881389,0.19573812440177982,3.972550364983338,2.7037666375297644,18.417393625112265,11.635487279969913,265.95961065702954,1260.134533801394,0.9508711956632679,0.5064695073593153
72,9,4.815720386660587,-4.815720386660587,48,358,1.198229537081477,0.39227038872834186,0.7161033632735245,0.16444208557085527,1.5186376007287974,3.580446443559159,14.577442618573581,9.20377410527437,451.3701227486588,1071.1882844988195,0.8687134232772972,0.9330640187349559
72,10,5.233663421475699,-5.233663421475699,129,307,1.515477569431324,0.39985301280819274,0.8410718135823623,0.12537769698919843,1.8227300135473834,4.422716543648091,17.11447281731592,12.153129442858651,326.7176424689324,2288.0856755012533,0.9188154573068825,0.961707294710058
72,11,4.915839134312488,-4.915839134312488,74,17,1.3785387206281934,0.3695185637439966,0.8022749842483504,0.28892316124941986,4.947491502999716,2.945775496389535,15.51838753024381,9.474324479796174,432.31762992859296,1439.6397019437163,0.7938988149767613,0.8348330612131354
72,12,5.2025209120821945,-5.2025209120821945,95,127,1.5184555400143238,0.39811709616674573,0.8262285648287045,0.16057925825048303,1.69719568225385,2.9127991076642665,19.47943621623607,10.753555400992742,273.1643977596102,2028.4175077197108,0.9552029914931143,0.9450443204375377
72,13,5.27584170036798,-5.27584170036798,98,374,1.5072429062741703,0.39873001506043626,0.8714086453240788,0.22177367630185713,1.7283963584330497,3.5380245777390966,14.40861855663222,10.883713440053901,381.0644293050655,1304.5738426102032,0.9439154448625109,0.9151410849570598
72,14,5.11353570041366,-5.11353570041366,28,222,1.3867422151567772,0.39051422062614016,0.8786401742408848,0.1376387862754828,1.1725662509210608,3.686930284938466,15.010013671510286,10.541127097090163,360.8974980581259,1064.3596489636247,0.8358608236881255,0.864397189877038
72,15,5.442277655753742,-5.442277655753742,240,111,1.5109180463472291,0.3970819561424555,0.8589750417976942,0.11574524785093175,2.1972507350457016,4.38528162817357,14.006699749620676,10.232549336205572,419.1070758747528,1735.2938773624803,0.9813997751540633,0.9676963572595085
72,16,5.479417755654328,-5.479417755654328,238,407,1.4953054587177115,0.3960573967492381,0.8460115875541517,0.26966607638388573,2.1482839893236427,4.096736043687282,13.299313558996513,8.949947779210252,454.46646249500816,1837.8287522553455,0.9965682318304319,0.9949198467836173
72,17,5.490277786161038,-5.490277786161038,296,173,1.5002921697504528,0.39998773532769155,0.8645044933041264,0.26099090239080686,2.1872210126057485,4.399303249311066,13.048640738044476,10.069847010298027,457.06276273933656,1414.1269784087056,0.9614860414406341,0.9804286015565592
72,18,5.477686376003168,-5.477686376003168,185,334,1.4933625296716522,0.3999894851919312,0.8963667837437281,0.10509974190576912,2.122984296668456,4.343559714120422,14.553193064440508,10.655301671664862,405.03651518888597,1297.0121168413907,0.9598434494957706,0.9630484866652176
72,19,5.469292233548452,-5.469292233548452,293,443,1.5047171891336548,0.39887136962094544,0.8291916426781998,0.1691625657815241,2.0864123983929375,4.281436284034628,13.916102128677988,10.985092702373034,412.37735390632037,1305.589764567287,0.917127538043655,0.9976403141156629
72,20,5.4602241185230325,-5.4602241185230325,187,313,1.4985724508719858,0.39674979906254504,0.840015612979159,0.10503709468584534,2.0403450805675116,4.300013171705024,17.027465824099565,11.71329895366352,329.3977514203815,2053.1114184075677,0.9400129005458944,0.9745047763994282
72,21,5.449490149534734,-5.449490149534734,123,462,1.5062510459389253,0.3904876540340798,0.8210070836603425,0.1647875522700075,1.9904099081844826,4.1766193692261435,14.798493537450828,10.586978164090928,391.9571152091177,2551.2551883866126,0.9098754890509928,0.9984613114057665
72,22,5.462353161623476,-5.462353161623476,253,184,1.5057327248718584,0.39969320199374586,0.8689213406668392,0.1889430070819109,2.0577044731573224,4.47360859143641,14.94291838971629,9.92658024378988,400.9382889842858,2018.1129287227814,0.9457486411480769,0.9982661799655452
72,23,5.444313687699696,-5.444313687699696,148,63,1.494945695529415,0.39458363741245794,0.8277663745182865,0.15257035443618192,1.7462148055441975,4.248726978639073,14.807048447005617,9.246415764091676,418.4323278178846,2196.349722223481,0.9105419138555182,0.9944146241815237
72,24,5.4645780656171405,-5.4645780656171405,146,0,1.5151411900688612,0.39941787806200013,0.8124432514019407,0.16174190429881977,2.07624094083787,4.3921578902079546,14.497988683444365,9.196857563291061,439.50746850705343,2269.6927962894374,0.9978750423390619,0.9409014938366718
73,1,0.06666666666666667,-0.06666666666666667,11,459,1.214905341862858,0.2145158113640002,0.6763969435998451,0.22359449658492933,2.086387282954995,2.970880798227961,18.231868927877642,8.721271463732997,322.3981116609741,2482.946632184629,0.6339890135277662,0.7240880596821441
73,2,2.377610236647043,-2.377610236647043,26,87,1.3857572545024872,0.3807603088473347,0.8088858245046674,0.13201315078637282,1.0812557841848656,3.7681727495135586,20.1401188834978,12.126199083411594,258.1374831841663,2819.121675497917,0.7687109856622478,0.6433235786046455
73,3,3.033729702565246,-3.033729702565246,39,149,1.3566492002812798,0.2542651201295178,0.786160578724373,0.24046599333929608,0.9570161312042118,1.7095229611692084,13.54807657159705,8.543211933939663,447.5839445941558,1903.3328949349593,0.9124315580161727,0.5548670706075469
73,6,5.134187578421477,-5.134187578421477,112,349,1.4861808272333916,0.39991250840423254,0.8168606794274733,0.15286084843218795,1.7395904590165288,4.146958789868977,15.67626975892334,10.744508945822355,407.1778253489255,2665.9906141399842,0.8981534912724984,0.8782198813710731
73,7,4.752113426944506,-4.752113426944506,43,297,1.35126477592124,0.2950140060417268,0.760168410001129,0.15855924964981544,1.9204515778249993,3.024244187326018,15.414538105741016,10.093652189528475,305.9873370388301,1375.880492156822,0.9536277386526515,0.6591195303073968
73,8,5.090507336590008,-5.090507336590008,47,298,1.4439586942149605,0.3639098480229066,0.725606916648132,0.2221061836582207,1.5767872331098405,2.0688094825097263,13.6233315958231,7.763442643567538,413.72290628754786,1658.2641172897925,0.8988896439342923,0.8629961793955113
73,9,5.153496726670177,-5.153496726670177,63,15,1.428712649227604,0.39325390346978595,0.8033572175413887,0.24218252579967034,1.4064799511805586,2.883252215972091,15.19992002961276,9.099660743689277,424.40050676162963,1841.648875031631,0.7885628339535532,0.813341442939191
73,10,5.202703685441426,-5.202703685441426,69,220,1.4437541277074155,0.39399595834369516,0.8049718917669861,0.19903420194353466,1.7820920909685594,3.890494582718282,15.355531904732143,11.203167222036923,387.9457474986614,1983.6334193843204,0.7263572872060798,0.820445536436037
73,11,5.293372498859153,-5.293372498859153,43,436,1.4193271688378355,0.38332731341536735,0.8480293346071206,0.0942747695813154,1.754524211269374,3.8416459616887697,14.020326913285643,9.400928233968198,454.2294834232141,1634.5134781134452,0.9374656126936819,0.8516240955353156
73,12,5.208120988921114,-5.208120988921114,42,122,1.500364593870624,0.3942953420521817,0.8753633609025797,0.09656705506908894,1.4951182185640288,3.60765865202308,14.581296962757335,11.431438412762873,397.06976104818574,1456.6847893119161,0.7769121347440738,0.8517283668041137
73,13,5.371489448972172,-5.371489448972172,193,44,1.4805654346493142,0.37646828380641306,0.8770775871275683,0.13522987372576098,1.9483676787666946,4.029116257374575,13.642376271842945,9.574745402352775,452.7121274275001,1574.4327790570308,0.9576677232430459,0.9059032477856825
73,14,5.415182304836268,-5.415182304836268,253,37,1.5016828048144937,0.3988573251180805,0.888398090533545,0.22316686918769346,1.988799996333682,3.8724161055762565,13.03006481075592,8.646264051330656,456.8067927833733,1372.7875518777582,0.9888404991847064,0.9877229573427033
73,15,5.448801048799693,-5.448801048799693,242,465,1.501744179280562,0.3966460360199056,0.8361848466707349,0.22566888619651324,2.095759167508139,4.100924776387277,12.616495082117302,8.57435917019298,477.3132151260385,2403.587307523371,0.9845904953563323,0.9895252835230928
73,16,5.48069933291947,-5.48069933291947,229,92,1.493460280124859,0.39973874581669,0.892800017549451,0.12632676497762077,2.1486798655533144,4.19296633952393,14.404331172232967,10.245371389408932,406.09839751647996,1711.1182832388668,0.9930691131060334,0.976196665855132
73,17,5.488739211203118,-5.488739211203118,279,490,1.5068480842104146,0.39496308231475497,0.8852630079673063,0.21742604616840627,2.1853519549544735,4.358236781394583,13.442854977796632,10.29134308305678,425.52930996585616,1788.5343505362944,0.9417933805196442,0.9958924720666298
73,18,5.48397630543664,-5.48397630543664,276,305,1.5153836711722626,0.39766622393009504,0.8441827292250642,0.10007788893772779,2.1662793979406056,4.405004549140907,13.551770597459939,10.092460106266316,435.3202490664148,1685.7511594928728,0.9622221510759714,0.982367693911548
73,19,5.4676768851522635,-5.4676768851522635,275,67,1.484251399438975,0.39893704150381987,0.8895687820326366,0.2176054314253577,2.103523107769384,4.216468276062258,14.512280033777895,10.832113280291091,400.5874267428521,1145.8332997875139,0.9928024424774937,0.9865145543781415
73,20,5.453600128437068,-5.453600128437068,226,20,1.5216968788398475,0.3946552813799236,0.8514850348005734,0.11636063384147631,2.01779581000697,4.4268550057810945,14.791493286722634,10.293300111882512,400.32062614991173,1902.2249149419636,0.9590572301424036,0.9950753357973995
73,21,5.425719980689948,-5.425719980689948,149,439,1.5085357201168548,0.38297863519956865,0.8650181661638529,0.17581497589209227,1.8736174624201898,4.481712372816303,13.000998125203676,9.901421323023378,448.2108704247773,1796.9218063167682,0.9945236325253912,0.975558485568474
73,22,5.431254869005422,-5.431254869005422,202,255,1.5124787456992,0.3956417237241081,0.8933481010335915,0.16016857030263204,1.6933471950392585,4.480602617836483,15.506706007836652,10.625950857363193,368.73684586692593,2348.075339035479,0.910447609597587,0.995775713116053
73,23,5.409166111085557,-5.409166111085557,178,264,1.4778540986012525,0.3982329809283588,0.8835715955121703,0.14896667482253378,2.020497438509687,3.9745952770636768,14.130809659555478,8.80899568670623,434.434875073422,2243.4895779204776,0.9540375111908596,0.991439215074811
73,24,5.4472927319605216,-5.4472927319605216,203,503,1.5004840714123355,0.39262458814980794,0.8606151717112616,0.13918793748006994,2.0203867313803956,4.060879996956128,14.58597644902763,9.932092231911138,408.1429389562412,1679.7410160812203,0.9315498656546959,0.9594489400399462
74,1,4.609789484291392,-4.609789484291392,43,92,1.4979198368865843,0.3863182379960072,0.8237654984999585,0.08702613408800773,4.35180027037859,4.458825890006676,10.764544085439852,7.871070812093513,436.6070137367299,1831.3543786386526,0.9304026938251035,0.734242945525978
74,3,0.06476683937823834,-0.06476683937823834,4,256,1.0885465676712047,0.324863316395971,0.7845963629855431,0.18053993633770185,2.515698255021015,3.358316767494795,16.34977497308877,7.894655605271567,242.22638040498524,2041.1296649485803,0.5974488593697895,0.9054191480390728
74,5,4.739059148161188,-4.739059148161188,17,191,1.4225678653550449,0.3835860489068814,0.7828581332679089,0.21775830870494245,1.6727081155794208,2.3064234038454328,23.22756145923598,12.949867850960413,314.40123950481654,1096.6071374714375,0.7092527739903072,0.5932419485226738
74,7,4.762411835775983,-4.762411835775983,55,168,1.3954153316628481,0.381062274383392,0.7539441960892043,0.22095757999036425,3.9417635764259242,4.282569774253788,13.77185626365192,7.6580764322770545,423.75215233939804,1114.1618728996677,0.9916367839429323,0.8432685935876172
74,9,2.5235075495701706,-2.5235075495701706,15,104,1.2437364051622382,0.3653059673355868,0.7842904771737033,0.08910627819753458,1.1156011513511546,2.341639078829242,21.711067116901013,15.101038769778707,288.7969429398627,2293.9200587570667,0.6609194931718605,0.5934594700477267
74,10,4.79182469360857,-4.79182469360857,45,220,1.179751246381893,0.39399595834369516,0.8049718917669861,0.0863372043054154,3.721999116665896,3.8613164002999465,15.355531904732143,6.234525336069012,458.3869438282718,1842.208412980612,0.9862516121340157,0.6023754830946964
74,11,5.06096198755152,-5.06096198755152,55,211,1.4963346576804173,0.36641328963659514,0.8894066170706842,0.29173223348956145,0.6452693282978292,3.181441907057349,12.376323476636358,7.544306597072392,462.2696681854399,1277.579365405346,0.9555646803442225,0.8784795699148391
74,12,5.272959676413161,-5.272959676413161,106,117,1.5025060091018192,0.387696756536946,0.8386078039335936,0.19836481717135976,1.7483231542766509,2.667164774485098,16.550381561708466,9.342343873999518,364.9099215259432,1960.5328992997277,0.9313395562045426,0.7915853622188631
74,13,5.324301061681597,-5.324301061681597,61,197,1.4969031393171162,0.39258117195776593,0.8053935366967163,0.2344064067650514,1.6843277887835764,4.055971033598738,17.176053149566787,9.2489096539069,424.97959765957796,1637.2798885090165,0.9282700020350219,0.8038800513076991
74,14,5.42166203221411,-5.42166203221411,223,511,1.5022158406055421,0.39913729518980523,0.8458536350467691,0.12355699484631773,2.0945880638855097,4.215860825350491,14.083015563664084,8.601164367389542,443.581714684101,1999.624061645643,0.9688450235345332,0.9967486110267421
74,15,5.464256174943911,-5.464256174943911,233,224,1.5155540832140875,0.39881776896182747,0.8749355097055356,0.09747813937797983,2.077318434416161,3.90965297158351,14.540402206656871,10.765211941821754,387.29648891442133,1850.238119574743,0.9665372629096789,0.9587620123571599
74,16,5.490956461434418,-5.490956461434418,258,192,1.5077562385429772,0.39806649615028084,0.8588313286174278,0.24454710153023598,2.198373001724803,4.260952397563389,13.741153510997234,9.069033833420121,446.32606256257276,1966.9037277684813,0.9661726351705541,0.9889212021691149
74,17,5.475497642280569,-5.475497642280569,178,0,1.4944009682162784,0.39964397849876115,0.8783963913911449,0.1255660418267881,2.117167429869753,4.357545820965628,14.744394039594221,10.706611471524218,404.81370089339043,1336.3634888498977,0.994016797559341,0.9740724703402712
74,18,5.474510414361006,-5.474510414361006,209,240,1.493359558481743,0.39689680327523585,0.8637747803024582,0.14208203536087494,2.113857107535048,4.301546552731004,14.15715856815437,9.297707128777812,450.4043655894046,1230.8723821469644,0.9550944720732373,0.9504089185558554
74,19,5.461893861164072,-5.461893861164072,203,168,1.50763949794931,0.397128485060686,0.842028140892605,0.09951219060639771,2.05669014330282,3.8869259477543023,14.768477096522282,9.710990805679018,396.12617748187813,1587.9944066004311,0.9437644710717105,0.9596681320266112
74,20,5.4683347611611115,-5.4683347611611115,285,100,1.5176011837717849,0.3877439966320743,0.8144852513750886,0.16772059247672755,2.0948940430761605,4.400038031289309,14.276439702516527,9.393278613028166,434.0792535957877,1371.8287669910078,0.9004482832612061,0.9966726627732453
74,21,5.438453115827792,-5.438453115827792,203,124,1.515469826503173,0.39466732955464,0.8379040131684468,0.14757112252977053,2.027453251534301,4.105767411244273,14.801349006990815,10.001539663782818,395.2830812995872,1678.904507833819,0.975914201064534,0.9524866339053113
74,22,5.43379508447576,-5.43379508447576,141,99,1.5187388529366117,0.3920883400940271,0.8175444430702135,0.17777227117351938,2.1553069115766963,4.405879832383775,14.164425881139085,10.967576395997584,403.3990120861458,2013.5450778206523,0.9564682469431616,0.9730070284545163
74,23,5.408403507813323,-5.408403507813323,166,452,1.4951796911958621,0.397153066488392,0.8995417314774228,0.14578675621138393,1.9558385086395993,4.274198371088436,15.955234899756842,9.4074950120186,426.5353648700126,1425.488809238799,0.9012839190654713,0.8685104887878147
74,24,5.400401940540775,-5.400401940540775,147,95,1.5164552535810594,0.3961055297641346,0.8072101746595421,0.19154433880468588,1.756202832733663,4.431120943674195,13.949272719448059,9.316235439296205,439.14576450836427,2233.8953800380173,0.9824308688630693,0.9554228086701844
75,2,4.612706915052329,-4.612706915052329,24,51,1.441625888040502,0.37965029065062134,0.845677044888238,0.2609396232858023,0.6340376847199498,2.4910376357926247,14.127633626275445,7.721310331774074,328.7764718173576,1596.0208646865758,0.8600110771990679,0.7902051869268649
75,3,2.4546922191021547,-2.4546922191021547,25,256,1.293168178619573,0.3394340053989378,0.7091378276777417,0.2971587879109403,3.258782412001634,3.358316767494795,19.877558695352008,11.167466607964743,292.0705713381891,1230.8344894589256,0.845188056949796,0.6580937261252892
75,4,0.06345177664974619,-0.06345177664974619,4,145,1.3117794781700396,0.327908337031582,0.8362779001825243,0.2718080762401223,1.63608652298998,3.4146702099063084,18.02774933167611,12.779616751530867,222.38721987232566,1718.369865072238,0.5898683085106313,0.6958910929970443
75,5,5.110537745751985,-5.110537745751985,47,495,1.396991180591374,0.3942672037333621,0.7644700473585572,0.18571977367178394,1.348978385157495,2.88641111144298,17.44276359612124,8.315649143155346,402.71185311226316,1156.1120712439606,0.9810072231542553,0.8615046940024582
75,6,4.956621982013518,-4.956621982013518,41,51,1.2431918446625028,0.38069010523028657,0.8582850235600523,0.2533236743633279,0.6340376847199498,2.4910376357926247,10.829629152397999,8.212186022210519,488.75717391098055,1596.0208646865758,0.989591138697301,0.7902051869268649
75,7,5.034351256542758,-5.034351256542758,63,254,1.4122505053526901,0.35708304941346425,0.7089876799982944,0.2545271048825398,1.5313628778799142,2.3066687390524527,15.43125340876173,10.582535168267507,318.2626668046281,1180.367346999407,0.7397379246492539,0.966775521788334
75,8,4.845971178232195,-4.845971178232195,54,171,1.4623080424163506,0.3809492346917331,0.8071678399322111,0.23250472181321308,4.1649852362960775,4.4007684334085235,14.253046194535063,9.377261966418345,421.42685162242685,1543.4392971495356,0.9641431622465323,0.6715753462540388
75,9,5.1646395977098525,-5.1646395977098525,24,121,1.4901503757703345,0.3980354209042599,0.7753997464766438,0.08265252105710176,1.3109731651493912,2.520334792682107,15.031242754188279,8.106637822990711,407.5400808361473,1290.3783004756315,0.9308563793055309,0.8476754865006659
75,10,5.157000318274459,-5.157000318274459,68,190,1.4896920702338137,0.3749123946710547,0.7925102283194317,0.17857472989995957,1.141740604438913,2.5469934224623483,14.018356028565915,9.812385899820477,399.0032747589871,1661.351463574467,0.8105324397541158,0.7932704767944289
75,11,5.12355308169865,-5.12355308169865,36,225,1.3460278097072789,0.3962143834193462,0.6942649456177121,0.1844578359252839,1.026319365813314,3.837059610408202,20.95098362083543,11.75579799927428,311.0579927847675,2380.1312584478737,0.9435426819019359,0.8561294196910233
75,12,5.248359510096299,-5.248359510096299,113,424,1.514387584512199,0.37725393873413493,0.8524654490319044,0.14621450478276343,1.7441086161854438,4.01224642688105,18.197099969153363,10.532241696423618,351.778922804455,2062.81762086857,0.9150139597669456,0.8953498340211352
75,13,5.236902140961597,-5.236902140961597,68,290,1.4453293588424678,0.3934352188164004,0.8026869482947592,0.15694289489849444,1.072586126634778,2.3545596486256044,14.350566825871931,10.781490571245392,433.14075247460795,1862.8316304249863,0.7808369313730409,0.7180063832398051
75,14,5.4544824471307205,-5.4544824471307205,205,3,1.5015103964255276,0.3971877261834613,0.8804275777557735,0.1155843071424613,2.1259874328411503,3.917499170520073,15.494620055049964,11.22723509832921,348.05173911852506,1728.6177623530584,0.9929367859843499,0.9873996962412865
75,15,5.472707841843487,-5.472707841843487,274,378,1.5047068430746562,0.39832359251988597,0.8399241501858471,0.13240874391675378,2.2589339299416955,4.450172092565698,13.826661444130899,9.054411517493136,462.8109154290345,1265.314739893552,0.9549282731408673,0.9947416121927795
75,16,5.478230328622377,-5.478230328622377,261,49,1.5184556575018733,0.3915805932706221,0.8933688420028637,0.15822859513752163,2.140871759070954,4.177339764490421,13.62878072796302,10.394553664618371,425.4735638396644,1607.8420614008644,0.9535559906417057,0.9640156862496173
75,17,5.473502024405013,-5.473502024405013,177,0,1.4815687280715113,0.3964924475534267,0.8841581795722571,0.1587640390888908,2.105997899582045,4.424774900331292,14.25764707058094,9.5043285378921,431.26456394001826,1499.719728593093,0.9522111743888475,0.9653453086247499
75,18,5.481386098342245,-5.481386098342245,276,50,1.5078475220297813,0.3975519523366563,0.8412736581271931,0.25022002161175044,2.1572683518705658,4.358572806398195,13.229252568497866,10.358587078964803,440.13836097341493,1240.637306127191,0.9270646266625745,0.9948207698142375
75,19,5.479157952771628,-5.479157952771628,293,168,1.5191919273364558,0.3993737152736977,0.7801360855680484,0.26995959998546426,2.1958984570258084,4.493028654623412,14.06540885236265,9.606856394071121,433.24163019026275,2087.177882741898,0.8884712582753622,0.9831160529219884
75,20,5.470056975470404,-5.470056975470404,231,3,1.5015103964255276,0.3984073127095249,0.8804275777557735,0.1884513276748365,2.1259874328411503,4.314256741265351,15.11292147566833,9.849698390240844,399.1195961226837,1728.6177623530584,0.9929367859843499,0.9873996962412865
75,21,5.460081109529915,-5.460081109529915,238,415,1.4928916302235278,0.3998340284127203,0.8595564938718854,0.21326569112491348,2.081595454636215,4.487503009348661,14.904567499799912,9.349555042567609,426.8898409817167,1807.2808983711934,0.9805788189181567,0.9654245259549585
75,22,5.461276235808173,-5.461276235808173,147,474,1.5169912184821615,0.39101427317420245,0.7804281296381369,0.2135000899643774,2.0658779117403157,4.417074814939788,14.83862245374845,8.812550337838356,439.11051407995774,2339.799165794719,0.9692937347879806,0.960541253100375
75,23,2.412826521455681,-2.412826521455681,25,408,1.3926901815406523,0.3777681294463031,0.8928772580209179,0.18160489657733206,2.26548911264479,3.9691929716904957,18.092252590226156,8.725573375822114,351.08231942968365,1352.7766768514107,0.9195959118855035,0.7704877678487592
75,24,5.437142623819353,-5.437142623819353,156,503,1.493767918268448,0.397135538803641,0.8597905985641354,0.14641099050511186,1.9392518324069896,4.131262067775177,13.036299230260742,8.151428436490015,487.88220852578166,2007.5691779143954,0.8225354464792322,0.9913205073505338
75,25,5.402465573595486,-5.402465573595486,141,291,1.5236898108361305,0.38657234123751355,0.8763454496000982,0.13048810378288886,1.7737864789347741,3.5125965304815026,16.25549141807207,11.467474444279354,315.72071539953566,2141.2280543700545,0.788018497919803,0.9770328402274253
76,2,4.971282857118134,-4.971282857118134,53,494,1.4397253905889147,0.36721873230254864,0.8083327875371091,0.2721873249802183,1.5484090441280012,3.8651329593311736,18.537178240643247,10.320892446567456,377.2338796317921,1676.5995146375901,0.793864964526183,0.8370854363735867
76,3,4.794918280375677,-4.794918280375677,32,465,1.291300291911055,0.37507507977201493,0.8346485670840307,0.1846152341571468,4.338325618288295,2.784790245165801,15.599713692828423,8.75109293583753,418.62067044619073,2018.0240266409785,0.9541184819356807,0.5067220100215211
76,4,5.048028709533728,-5.048028709533728,134,511,1.4970450674375204,0.37216521396529456,0.8197834442214784,0.11681271784133417,1.7821983905622423,4.417267026750527,15.621418204736553,10.334555541422164,378.95668004841025,2296.321069996644,0.7906336058058827,0.9905848870577247
76,5,4.739201404648073,-4.739201404648073,21,495,1.5169281464416229,0.31667082894281523,0.7966404479686591,0.13203445006957198,4.648698045970608,2.6499566019589382,17.44276359612124,10.441252037002595,338.2037166642468,1066.998287169464,0.7512571439378719,0.6287784486995958
76,6,5.05962146889351,-5.05962146889351,26,230,1.4330921554760303,0.37993437346345516,0.7716010335058748,0.1282868518253159,1.301338189186667,3.2134511493678226,12.748350658866265,8.764558085990998,459.3731113037496,1716.2619551418054,0.9037783933406582,0.894690696924965
76,7,5.090236680310512,-5.090236680310512,38,384,1.4489628060413005,0.3955109205840437,0.74625276908643,0.280357305789496,1.3165008542134764,3.1654692661152906,14.45374766825256,10.439322821180772,430.5412239864916,2145.177935864108,0.8264446458927858,0.8045293254714001
76,8,5.13364478238535,-5.13364478238535,64,361,1.5032620924301743,0.3821740993908689,0.7833876330449496,0.21591819099028406,1.4752729862190204,3.402163346555155,16.10275195138695,10.668844459840207,401.7728406122702,1504.4393811288937,0.748975756071148,0.8057282526119933
76,9,5.138959141002919,-5.138959141002919,33,4,1.3370525572432372,0.37999558584462667,0.7554588960326077,0.2231300633578178,1.488346420279051,4.020973834289293,16.381262337694274,8.641635394803842,390.54337880513106,1655.5568319300364,0.9924863987292094,0.9528972877522053
76,10,5.092705624528019,-5.092705624528019,24,307,1.4846637738011537,0.35998176888643174,0.798723468274177,0.12537769698919843,0.9212529195636878,3.531335152064516,19.76139299104667,10.718884533834906,316.46573964886255,1334.4342026649097,0.9162913632047256,0.8264886211422107
76,11,5.123031274702866,-5.123031274702866,69,250,1.3916460275216194,0.365006473877618,0.7812371681438229,0.23964609997719633,0.7468089564907223,3.116498354955828,13.615915849115845,9.34875060203831,465.71374534088307,2103.622268070003,0.869142945812437,0.8739631019421334
76,12,5.247582286060788,-5.247582286060788,193,228,1.4789030009241058,0.3984345516603404,0.8564096915748407,0.10552163666305253,2.091630712361732,4.497736359313166,14.805356813795566,9.620280967251695,382.70269467539066,1456.8105933684706,0.869084704080775,0.9776051365702847
76,13,5.437040251169473,-5.437040251169473,249,16,1.5167525180421584,0.39833284425644655,0.8768244847400896,0.2950437983863607,2.1755088603979194,4.018308400738638,14.463619383201971,8.929343920459317,422.7093439762765,1795.4022713951724,0.97882359896602,0.9814997441142768
76,14,5.436300174085867,-5.436300174085867,211,87,1.4902236399557616,0.3991565775139936,0.8653729447254045,0.13507458292936989,2.0834078696150433,4.198837041765987,14.912585853836333,10.006807253272305,392.93811629920435,1461.2252814731087,0.9907964346670981,0.9770776009487836
76,15,5.470960796488993,-5.470960796488993,203,254,1.4886802970292443,0.39302111202974044,0.8502478128166522,0.11207935418522186,2.1138759166373258,4.174024591878089,14.412264013380877,10.252828032754008,406.6076359100281,1209.625968870749,0.9711640763608416,0.9863467025323358
76,16,5.486658770083354,-5.486658770083354,270,210,1.4848613582123653,0.3995613729972405,0.886511157797421,0.17789861784032202,2.175168322071738,4.197965795369932,14.148801675655001,10.56540393767516,402.7352556021728,1673.3712240982288,0.9816957433995958,0.9941502851272064
76,17,5.451302233244629,-5.451302233244629,178,446,1.483873602780476,0.3960576413734114,0.8623458660608461,0.177137642598795,1.997646836764127,4.392481768121187,13.819583251607233,9.211170067338351,472.3579220291841,1356.3255514028467,0.9476796251529824,0.9014422640004911
76,18,5.46794248659024,-5.46794248659024,252,399,1.5067661988242422,0.398938726727434,0.8949295516361466,0.08122167179545871,2.0918114472150253,4.154647411623891,14.16118156274172,10.441822957581639,405.24707438978925,1538.3655716212868,0.9738443667985082,0.9627083603015516
76,19,5.45604942747377,-5.45604942747377,184,347,1.5138230067475618,0.3801698026625575,0.8304460544925991,0.1465529724901059,2.0356264435000213,4.316469188656954,15.336081518126294,11.836805780973371,358.8546458893807,2154.8592189915385,0.996532970011977,0.9835930377323885
76,20,5.44990400607122,-5.44990400607122,233,405,1.502176180296281,0.3977240496400836,0.8815482113571755,0.12189953569337299,2.002417495540234,4.380890830933882,15.678683799210237,10.224048563858942,385.97202090059614,2237.6570759789597,0.954364558098326,0.970628917524015
76,21,5.448436721964333,-5.448436721964333,113,9,1.516883521834409,0.3974497634817612,0.8772794406105054,0.12132096679377159,2.0527935333004548,4.229617563271665,15.413574481335589,10.821925238903958,377.29955333375705,1972.9575667425302,0.9730893674845065,0.9402777193881231
76,22,5.4427296694506255,-5.4427296694506255,213,211,1.4733087492352883,0.3918230191155728,0.8920214726184235,0.2048672571599888,1.9691831678878422,4.259847023058889,13.98804476541533,7.619875526537303,481.3284296236444,1883.6046314366265,0.9218944316100229,0.9929432496528166
76,23,5.455042873370839,-5.455042873370839,293,391,1.5221950544100673,0.3909123198612936,0.8173133522936479,0.20196783717533798,2.0408494025696156,4.308639316011513,14.771029638013582,10.396777745773946,403.479885265347,1245.2984380815287,0.9902180676952744,0.9913069012426068
76,24,5.39067455267978,-5.39067455267978,132,147,1.5230779669778167,0.3922901593217999,0.829991982528632,0.2231569800052592,1.524168009362326,4.340148130027047,14.543812143462002,11.06835011481277,398.4891405434429,1885.5807234919428,0.8872282051551075,0.9099872643896079
76,25,5.054112554112554,-5.054112554112554,64,373,1.4673207515523636,0.3831721389975816,0.8574959223162825,0.11955189746970651,1.669732246407569,4.031314656006211,16.295945253919633,6.606330147651744,399.3244695091416,1415.1727864099275,0.9938733409125691,0.65609935163113
77,2,4.694864785319567,-4.694864785319567,63,135,1.434166708724303,0.39666509741312306,0.8216938318751555,0.190028709668323,2.8820363497798027,2.042594184782481,11.734182673263405,7.965759349398454,420.3555916228563,1396.921880685357,0.8610839945885105,0.805515300008047
77,5,4.869560442879733,-4.869560442879733,73,404,1.4519940286453863,0.37256163875390036,0.8567331458007106,0.1976947178417357,0.8641267885861015,2.8852022262243233,18.126316459039106,8.145672649807345,387.67346367756284,1548.8800824187801,0.684321875046022,0.8864870420915327
77,6,4.997702926364885,-4.997702926364885,13,232,1.4546458742337989,0.33397970049246817,0.770939568195435,0.20739702976261537,1.0934680268383934,3.116717493246477,22.890220872726214,15.106952450163934,318.6071490173404,1427.2083767529857,0.6675491751550607,0.6719641773974232
77,7,0.06053268765133172,-0.06053268765133172,5,297,1.269814242304008,0.20564186256378889,0.7223626316218819,0.1634560762464594,3.129176218993962,3.4800683573442535,19.12387604937386,10.325839595745862,249.9203243886944,2242.11464249992,0.8083797825192942,0.732418934305896
77,8,4.9829015265780505,-4.9829015265780505,86,391,1.4048749204598043,0.3768419831884328,0.8227415119012939,0.13018122892522382,1.3676578493098484,3.704142513801476,21.132971747732743,10.183218378653667,301.5546969622697,1405.7664014151298,0.7529364856765373,0.9415340197213279
77,9,5.217756533024017,-5.217756533024017,47,510,1.5195844198841033,0.3604717566001672,0.7752082705105794,0.1909311261178023,1.601779268569903,4.111923501155472,14.203942673563951,9.501499083025603,415.81369294459483,1107.062496475376,0.9939639752561007,0.8605222977186886
77,10,4.867636265712288,-4.867636265712288,60,305,1.242556239814664,0.3706037467079022,0.8554379005232213,0.155425678596351,1.713544964929981,4.060009030145798,12.867212897858366,8.579821439788377,460.05290458582607,2070.362060050728,0.9165730269638837,0.5515813262023711
77,11,5.286466307435646,-5.286466307435646,87,310,1.33950268880962,0.39090690821142593,0.8295020822117912,0.20572479315263223,1.5315531183450901,2.4933847039778354,18.049959251220933,9.789772065213176,327.8529951062804,2100.8280194146046,0.9978959948151189,0.8754192493419737
77,12,5.350918615522398,-5.350918615522398,213,280,1.4996468051542236,0.39936542682777654,0.8659714971941512,0.11594919569284741,2.4637612258224304,3.889741774404915,16.248331068020732,10.293247596099617,363.9087387909185,1057.9405224927639,0.9684422979086873,0.9564790009740501
77,13,5.348373550873406,-5.348373550873406,67,85,1.4791745987792524,0.3997828028476647,0.764977695837703,0.1266555787277692,1.6091406334410092,3.8132994968053193,15.881418177006278,12.541119530695315,358.21864206557024,1327.4252534404081,0.9794495459645987,0.8506133125420008
77,14,5.463945310233692,-5.463945310233692,224,235,1.5081940782451793,0.39662847567456117,0.8651781693110349,0.11443734605094466,2.1543793247279526,4.084768807009729,14.919258736202352,11.721360499032206,358.7364317278974,1827.002028722252,0.9826914041252328,0.9847672299144941
77,15,5.478911384896949,-5.478911384896949,257,398,1.5094135313294177,0.3979777912400534,0.8644389483982052,0.2267933070544077,2.150574983423439,4.254325360641051,13.99180347468302,10.686581811129072,416.79291251049244,1286.2480620364365,0.9894834094528729,0.9771837250101345
77,16,5.4787921228018215,-5.4787921228018215,254,68,1.5073361721973038,0.39466752822114537,0.8871317921269335,0.18877878172309961,2.1465432710422294,4.383411558963244,14.117764586754099,10.132428837382026,417.228136193718,1860.630807825353,0.9586004598300171,0.9655592457049644
77,17,5.47197858675704,-5.47197858675704,291,130,1.507404299283557,0.3998434088266285,0.872327700180636,0.20056415239882025,2.113864419974698,4.175116871527845,14.651515467289352,10.307260152423124,402.4026851928753,2305.8652345804385,0.9562669376226864,0.9680594405832784
77,18,5.479222155539945,-5.479222155539945,230,314,1.4998481827466916,0.3971176685888027,0.8802542339899265,0.12286311710581307,2.181560145205634,4.307549505053327,15.386855786379217,10.331002323149866,383.81129951683397,1493.1616980993676,0.9821462555496936,0.9842152169283469
77,19,5.468747728780472,-5.468747728780472,249,241,1.5200569333802063,0.3992823620989419,0.8769637459758299,0.2603374966045658,2.1056377161253397,4.378097534394391,14.319559762814693,10.079141856409276,422.42063844909734,1355.3048717625113,0.9340409219012635,0.9924147721297705
77,20,5.433080050415455,-5.433080050415455,140,247,1.5091053838577047,0.39099392519795106,0.8414091274265283,0.11921188572227152,1.9222425700476422,4.141072681663049,14.749243975363392,9.125407807256089,424.99585942187747,1415.2001672348583,0.8510330499925695,0.99445045636897
77,21,5.42844995353486,-5.42844995353486,222,507,1.5223034119333676,0.3999667226322852,0.859090426597876,0.09129947528702163,1.9688111792689467,4.257315313083783,15.816009692024833,10.084692817105902,360.96405568316163,1979.8200269194313,0.9653651853378411,0.9683687296860726
77,22,5.468015921228384,-5.468015921228384,267,500,1.5151644961088455,0.39996136333920185,0.8518286236748425,0.11453108368150791,2.105792532914568,4.254423580304433,15.858550250139182,12.444775607693655,337.13609423627935,1843.0442968045968,0.814968082120798,0.9968484112220761
77,23,5.384284391444144,-5.384284391444144,92,509,1.4941156424725146,0.38843286377095987,0.8768274297743452,0.19810378397230263,1.4891615096215978,3.9363673541998736,14.633823726894008,10.883413266941423,416.48388651310074,1987.0795935631986,0.7127328252340402,0.8605430464635209
77,24,5.303456367527673,-5.303456367527673,80,405,1.4651970986751428,0.39707096015134224,0.7922005373948955,0.25994507832811226,1.2607775126764984,2.417334803026897,14.084946121346851,9.041159745917282,370.5766115142634,1609.8018405120429,0.8976506687174893,0.9686431278198837
77,25,5.417500200540121,-5.417500200540121,201,331,1.508121752105787,0.3937410150213331,0.8611699852929555,0.1498803895286556,2.055497154083059,4.007652201296226,15.367882764055517,8.871477618266063,406.0797627850785,2019.0123688011554,0.9303527301389896,0.9712357063910789
78,1,1.949879251152813,-1.949879251152813,43,415,1.4995703336722894,0.2927167539444153,0.8279270148677312,0.10185326352623353,3.360349589373453,3.1309932648266177,13.0430360537351,9.462584699679638,490.1987886910882,2141.02804095503,0.5497101278934877,0.6425309687690017
78,2,4.7445046021067085,-4.7445046021067085,43,142,1.3952975586205387,0.3902606872133767,0.8661091845491444,0.133780230100174,2.646664844631452,3.609606058887629,14.86085154215434,10.272539498981905,361.0964646113153,1132.7900616163452,0.9941575603604982,0.6642800199393702
78,5,4.771424346747544,-4.771424346747544,40,72,1.5001435767386782,0.398243386943644,0.8868931933942406,0.24955197994216893,1.7046968120843928,2.183768582907571,15.140230526770758,10.667033245550918,274.76188897218617,1053.0684579223393,0.9367389653774387,0.5747249106815304
78,7,4.529030292294191,-4.529030292294191,6,396,1.2678011125375577,0.2941971859899163,0.8426994931212323,0.0877190026470393,4.382900979684347,3.683144102479618,18.153450302678888,12.984700676916034,263.2737262925406,1507.9569360820847,0.959390014922219,0.9080998453927095
78,8,4.814108473524969,-4.814108473524969,13,323,1.487204282939366,0.38139848854849734,0.7364635594711273,0.19594501965515915,1.5950288679742908,2.909743844967991,21.440584557130933,8.952194661807042,238.6157428404215,2611.2171612781294,0.9981989281219684,0.573050362513587
78,9,5.208102656649387,-5.208102656649387,68,15,1.5226759514478148,0.39325390346978595,0.8530102930747817,0.14784639078321987,1.5197219337219983,2.883252215972091,12.21184405409735,8.536397101214924,424.40050676162963,1841.648875031631,0.8817067269277693,0.966738319139924
78,10,5.133677143532994,-5.133677143532994,66,317,1.3648789476896417,0.3901549773866202,0.8455174048757729,0.10928148458799627,1.6119011386277442,4.0356035312554495,19.107121393198046,12.317998887565528,328.3593282544333,1409.4662975664337,0.7223389592261185,0.8176556451704073
78,11,5.2740176127690415,-5.2740176127690415,110,346,1.4778832428882063,0.3919173350959622,0.8129899527563462,0.13758611073132304,1.9015094000157373,4.077428406890682,15.048691231776722,7.3147772349112135,461.1544169592378,2414.841348010577,0.8801399806078886,0.9543618268284416
78,12,5.253466825811558,-5.253466825811558,80,192,1.4954748307040842,0.36645392409774014,0.7306391938549572,0.23752915966382623,1.631916860215535,3.9180597701493367,15.766105145672952,9.640070232641625,466.3899049468105,1696.4842018316704,0.807551407386979,0.7125848173061271
78,13,5.439112089371452,-5.439112089371452,259,12,1.5145867825006931,0.3992547092605865,0.8574745490175881,0.08391640587166689,2.253204630372603,4.4652036149706005,13.84165709417767,10.286745758377267,432.1306454005013,1526.9629278800962,0.9602093849958873,0.9772094050814562
78,14,5.469634213589698,-5.469634213589698,211,2,1.4653907906143715,0.39299313016627746,0.8654249057548327,0.11239379061210922,2.1410207177724834,4.118815895401876,14.728674226531474,10.587169038053096,394.53739124580363,1622.0157848515423,0.9405606970626215,0.9637196500877553
78,15,5.493803871860842,-5.493803871860842,254,0,1.5058493699663842,0.39999010675142954,0.8659385613505779,0.17651700842004112,2.231632328700244,4.38528162817357,13.660116671505879,10.472400154183283,419.1070758747528,1630.0146901895816,0.9741474423974115,0.9992822284361371
78,16,5.477671239896759,-5.477671239896759,254,438,1.5160514251135058,0.3991823547006197,0.8698541240170321,0.25066177256294275,2.1471621020940543,4.312124031837444,13.95852081777322,9.49128922283041,437.1817393169473,1997.5755609974267,0.9888339988590263,0.9669268902957422
78,17,5.484822540980321,-5.484822540980321,240,299,1.4963913420822013,0.3981697359903896,0.866336444099652,0.18179301057156472,2.1784524384521937,4.413273488026322,13.545142237367932,8.988296164668213,455.38990358004276,1894.937069040227,0.9757084739407083,0.9999814196751896
78,18,5.466685516692156,-5.466685516692156,207,399,1.5067661988242422,0.3987333053542643,0.8949295516361466,0.1318990114526828,2.0918114472150253,4.154647411623891,14.16118156274172,10.441822957581639,405.24707438978925,1538.3655716212868,0.9477900512826121,0.9627083603015516
78,19,5.432256792481726,-5.432256792481726,136,81,1.500084329407081,0.3958571483779717,0.8557836091919762,0.18381420655793673,2.1587700620334616,4.494963443150833,14.910659164774408,10.39477470424448,388.5146488114149,1825.8298322136798,0.9168249151095401,0.9923543331063648
78,20,5.450438776546245,-5.450438776546245,254,67,1.515066237056866,0.39849874769561505,0.848034089601552,0.18353794059231365,2.0156231677548413,4.404649999053286,14.907062806807795,9.135118904814865,426.27869087993884,1576.2957341060264,0.9928024424774937,0.9865145543781415
78,21,5.433188460699082,-5.433188460699082,227,141,1.49685470872959,0.3952789188588738,0.880325157384063,0.09838943664946384,1.9238060957719583,3.411484643123065,14.347852611500436,9.149580670158436,414.1355642327802,1629.6886355169313,0.9627726024541222,0.9271818428764215
78,22,5.462849911481807,-5.462849911481807,170,478,1.5205852149193972,0.39689225451445787,0.8408069384216845,0.18063881107324584,2.084336257093109,4.360547837302108,14.372280208762302,7.733939373727187,463.6712475792761,1814.8910492909042,0.8465799988034299,0.9936887700690263
78,23,5.412948243788944,-5.412948243788944,201,68,1.516647961196675,0.38726752667921205,0.8705039544982663,0.14754883457582502,1.9972795500376521,4.057850092377774,16.61610186502763,10.377871602671044,334.98440982164493,2061.1959197245874,0.9382017452325121,0.9975441002363
78,24,5.422333027132364,-5.422333027132364,141,348,1.5056607475337427,0.3951345264011972,0.8773247246852902,0.18264647867932582,1.8766954364851314,4.3981514783379625,15.732577502177177,11.342442513836097,351.138299010584,1667.160809047944,0.9398772302930316,0.9639527578289676
78,25,5.399317709758412,-5.399317709758412,179,331,1.5149681455431827,0.3937410150213331,0.8135955200642613,0.19140239484442906,1.7640707083529203,4.007652201296226,15.714591333042247,12.396273559470476,344.2529954953484,1032.5755275408999,0.9381144278731521,0.9693559201595077
79,3,2.161394064601653,-2.161394064601653,13,300,1.1369899579725806,0.3860971667675701,0.8541233007897142,0.17975096830536796,1.087646353452111,3.3396894688943686,21.042175490920705,11.479048747641356,244.07627498420828,1407.6691264609135,0.9649074409968953,0.5750351487280149
79,4,0.06038647342995169,-0.06038647342995169,27,489,1.2604764383477838,0.23410818865912833,0.8616381548508785,0.09180314773335595,4.5408412145332875,3.1178341445233304,21.031144250758075,11.616257582031677,317.54608929716613,1048.6029519715203,0.5592719975814605,0.599088879477863
79,5,5.053071492859127,-5.053071492859127,61,285,1.3762730608827716,0.3667953893995779,0.8187845689977407,0.24205628634620988,0.8598174099553639,3.155396002058371,14.990630591438094,8.608753151303874,436.731245346763,1508.1183101115541,0.9614085094430149,0.8531031332797374
79,6,5.18359562148491,-5.18359562148491,114,349,1.4016505943213204,0.39991250840423254,0.7983895002091465,0.15286084843218795,1.7395904590165288,4.146958789868977,14.56097325771824,10.744508945822355,400.07590011221066,2409.1783365417396,0.9480632124421453,0.9597733106641153
79,7,5.175513452814741,-5.175513452814741,76,353,1.3962914513633051,0.38566899701608803,0.795236637842609,0.19074847364681308,1.3734644220580456,4.080857838203807,14.281882980681859,8.07571017831543,472.051530574036,2155.1426471281206,0.9807587508382427,0.9111495608016756
79,8,5.27132693847808,-5.27132693847808,102,167,1.4880595324549644,0.3762666763704908,0.8878675744683588,0.2758463499573304,1.8415770285690978,3.812266827112537,13.820078887903609,10.309105545932248,416.1473911840621,1424.5213191209887,0.9275280542834003,0.9394279054618832
79,9,5.233395477688439,-5.233395477688439,79,34,1.4433619228904728,0.394513869240121,0.8580517492308504,0.20460813849010664,1.6831843759778398,4.452502047994637,14.922285256477267,11.591288501344222,387.0701849290861,1199.6891586520057,0.941381644773901,0.9258866613974129
79,10,5.28242085865775,-5.28242085865775,68,238,1.4774310917973519,0.39116963386507786,0.8210736040825506,0.20550994671386152,1.8281307163456764,3.3123004275708103,18.00199340659293,11.328448867769017,324.11990960288847,1217.0174211970202,0.9384340561873454,0.9101916251780149
79,11,5.264903150709175,-5.264903150709175,107,352,1.4904405286974947,0.3899097157305015,0.7526738049223269,0.09141695453923229,1.5095331166321722,2.943818435094801,13.957045011262942,9.68728303754052,420.03657241939317,1344.5524207390968,0.8809660886555277,0.853760955461689
79,12,5.229414089760274,-5.229414089760274,119,414,1.4434287443572202,0.3983281512499285,0.8319034726761352,0.1798124744327076,1.4449447687841597,4.498098699993654,15.242985756241811,10.604436525057352,392.31734086607497,2611.409332777305,0.8584169846893843,0.9465382073338767
79,13,5.4435001803141505,-5.4435001803141505,240,122,1.5065874292717802,0.3962929464156456,0.8781594084354406,0.17286319867355893,2.195626745279818,4.34480557198122,13.374180341096828,8.938755207359783,461.50365969970005,1865.3703528743554,0.969038683087743,0.9888560416555616
79,14,5.473842889922139,-5.473842889922139,264,104,1.5163808667632306,0.39772739793555556,0.8778717545406709,0.2081893430176333,2.2137460078400824,4.332612438027209,14.352229040793471,9.894595973540724,422.30981430590174,1650.5683172167674,0.9733363336980636,0.9695764653892779
79,15,5.465967965262924,-5.465967965262924,255,54,1.4854379649879772,0.389708720651053,0.8748272096080829,0.15773092445727466,2.07832224372524,4.461072020588491,14.061803538279438,9.25032766305155,461.63393974681657,1318.6459049257792,0.9389830577030721,0.9576741751378075
79,16,5.475722091274125,-5.475722091274125,228,251,1.4958779516519636,0.3973995593188311,0.8837049019805381,0.14259074989920967,2.1333215033322546,4.372902513557199,14.128064167540622,10.697365950821816,428.0169454410253,1128.0427973053434,0.9557988313560241,0.9763218325222022
79,17,5.468772311322872,-5.468772311322872,238,287,1.520828529270611,0.39926346435590027,0.8401682380972826,0.21061650564920323,2.1565245966680218,4.29580614956202,13.485424513474701,9.734192508910606,435.75849366788356,2076.198269708101,0.9422500560741143,0.9989115284937049
79,18,5.470430157174096,-5.470430157174096,230,430,1.5139012689356004,0.39829079233745157,0.8829950601434997,0.17538996977661017,2.116430711387932,4.222103878716547,15.4594242881374,9.212399673585203,410.9242295961053,1801.9909397809868,0.9112497824585912,0.9499195120931125
79,19,5.469938066797559,-5.469938066797559,178,422,1.5076679521060927,0.3999357242997772,0.889978979209181,0.16107824645338287,2.1135829707219305,4.136347618874942,14.388805977931312,9.763211816382011,413.7380507452215,1494.1270460067708,0.955348179527201,0.9666698213574255
79,20,5.429573239056233,-5.429573239056233,187,366,1.516455678043429,0.39736667993100516,0.8908866641614706,0.09315625539715065,1.9127990523682539,3.810084630426718,14.292238240760359,8.37590553350935,454.75632512474004,1778.8930681439817,0.9561113292702073,0.8910513162223204
79,21,5.405163974345385,-5.405163974345385,161,192,1.514384224734077,0.39216560088719843,0.8714413196561477,0.08543235540349901,1.7896147113774978,3.7967202326696246,14.107812178636589,9.083535036850744,424.50968135366276,1944.5741640381057,0.9062690729724256,0.9939267319264292
79,22,5.444199677748406,-5.444199677748406,145,165,1.4947000577028438,0.39539350346002833,0.8709916212249538,0.13779631624707592,2.00995983240506,4.485751432626925,14.177292384684458,9.82556613905593,423.3484745378375,2340.6085055452827,0.9978006868664392,0.9805073777484453
79,23,5.414397479106,-5.414397479106,145,383,1.5073067872558308,0.3974396593792434,0.8575332305508468,0.1467500948915523,2.2019446059007466,4.291300119754228,14.628155547927166,10.196317884765541,398.5059284699024,2184.8483402908314,0.9436836559433267,0.9956268154880596
79,24,5.331007741558164,-5.331007741558164,94,364,1.4886238889638854,0.3949580761740884,0.8806339560444351,0.2536342338590142,1.1289227243322801,4.466324042233612,14.403391185803734,9.890808582247203,467.7315763570861,2181.689392083824,0.9047064276281229,0.8602009185395982
79,26,5.377578929684468,-5.377578929684468,148,218,1.4977848865125036,0.39864856402257287,0.8947545251198255,0.1564433074701141,1.6531657729855103,4.066532324383925,12.10978696137298,9.117029178410654,491.54613434052294,2580.333851692598,0.956470798838942,0.9475886177704078
80,1,0.06097560975609756,-0.06097560975609756,8,406,1.389405217881891,0.3526467629263713,0.886833352919359,0.10704118887344134,1.8595303268850896,1.5147605422932577,23.37380014959566,17.245870501978306,464.444319485992,1342.3501964596476,0.8760921130681492,0.897609598362006
80,2,0.06053268765133172,-0.06053268765133172,19,22,1.082935148053327,0.3219189973924798,0.8336491379150655,0.11945731408592314,0.5947823548160058,2.9828542027669536,11.236774425192074,7.707201350802444,252.8355112852978,2581.057131549702,0.959174827692078,0.5337805908506912
80,5,2.7857476977096276,-2.7857476977096276,32,370,1.4434424755514412,0.3633412000652587,0.7719028701310418,0.26668310589432237,1.6884294324620281,3.9202150339141086,15.693801412915033,11.444933113474969,355.68192396147373,1629.165529102217,0.9533201906202471,0.8009634366179859
80,7,4.827141358289802,-4.827141358289802,18,267,1.5157685571049309,0.3336801798470357,0.7475888056864319,0.11625751239362285,4.655009957572143,2.369335369700549,18.540233927456143,7.715736584141203,391.6169991035796,2317.493084894455,0.7347978335064758,0.7153389625970705
80,8,-4.474063587771562,4.474063587771562,17,267,1.22583666710297,0.3336801798470357,0.7475888056864319,0.17641779155637646,1.9829911582829962,2.369335369700549,18.540233927456143,9.045653901816864,379.01575970733205,2174.966945715314,0.7581935581322858,0.8836961754255237
80,9,5.203531018823465,-5.203531018823465,84,171,1.4452265097335415,0.38339770194479555,0.8050830304459888,0.23250472181321308,1.6094177388184734,3.6723149549136824,15.887503502934777,7.856689667403494,430.6410218340753,1644.3490042232393,0.9641431622465323,0.9098639396945295
80,10,5.037553910433635,-5.037553910433635,61,130,1.2881908766562435,0.38628925780547607,0.8349457102644109,0.28676212624937314,0.509071006723782,3.699748345155153,15.52408717525109,8.57195293420215,452.44528200432467,1647.9363228403213,0.9675304262789828,0.9368802470521801
80,11,5.127368356739764,-5.127368356739764,16,217,1.46662839493625,0.33583253964048143,0.845941555252999,0.1629362642989198,1.3712872624797756,2.2195263647079537,18.382990896021035,9.357886497898171,397.89003459522473,1772.4233227450982,0.7112547870612838,0.6891692336469463
80,12,5.276363371225215,-5.276363371225215,103,245,1.4626398959378153,0.395711006130547,0.8996044941820887,0.2629399744987413,1.6969733956275823,4.020674205044757,17.18040341650707,9.831705749402406,388.50312735919437,2861.4642518451637,0.9130396780515107,0.9206891817101565
80,13,5.4432058840968605,-5.4432058840968605,265,97,1.4802190796152077,0.39921175356283456,0.8678240073971697,0.22230939821706663,2.1091818019288326,4.229797294277237,14.791776062313254,11.279547943768236,378.4670805414949,1830.7841185489506,0.9497917124013608,0.9757614172781452
80,14,5.47134132803175,-5.47134132803175,217,350,1.476444087048951,0.3964299034472641,0.8673754869496441,0.0943140451028701,2.10369279299323,4.154172659697647,15.000796993724101,11.460760592402558,360.9530808547955,1848.0153304857306,0.9562431648791051,0.9763033503308456
80,15,5.4726820451705205,-5.4726820451705205,216,155,1.5100357244563947,0.39958690968090815,0.8564402459337365,0.12510582758134572,2.124077798484325,4.098564768412823,14.276135692798661,9.901022543676758,409.8526374745537,2020.9186817228235,0.9630103196576095,0.9774678134934548
80,16,5.427157158498297,-5.427157158498297,203,458,1.504106180938101,0.3804325656052787,0.8399598621327223,0.18084135194782908,1.9633796170149878,4.278724376300815,15.690620128805019,10.905216419000741,386.134232936711,1520.7973082298633,0.9797938931704686,0.9130881128725401
80,17,5.462771480827502,-5.462771480827502,215,502,1.478718231909098,0.3989801572597833,0.8597131087735885,0.13027455452546827,2.06663430978584,4.062359397218762,15.231830512529456,9.38580828547067,398.59593331609483,1826.2623911860364,0.9843889387332512,0.9829698412954676
80,18,5.457060890460545,-5.457060890460545,280,507,1.5011149374830297,0.3936478331557676,0.8941475351610568,0.27702526656965265,2.0470680448290497,4.465433596019865,12.891610682960293,9.901584923640495,482.4774323315321,1164.2528030599183,0.8475153780159215,0.9449292053625725
80,19,5.438132293448069,-5.438132293448069,238,36,1.5051163602397193,0.3954751291626275,0.8556049025413562,0.1843010305484862,2.091831990867979,4.430926529227349,15.516067109215742,10.864028163589495,361.39522379990274,2229.601913152151,0.9675254604101778,0.9964964927185811
80,20,5.448276630067881,-5.448276630067881,154,316,1.5063735749754659,0.39719479348176573,0.8616093089046928,0.08559601077954304,2.013985608405651,4.206287231528141,14.069619930837304,7.311146134115392,493.242591566944,1857.361187973797,0.9668838931094594,0.9587219348988115
80,21,5.427495220968473,-5.427495220968473,115,290,1.4846748646751786,0.39605002339553724,0.8230212574180813,0.11847043535499291,1.8969530684092393,3.919789829225979,13.655878920936187,8.350868212949894,479.2307120601936,1938.48724838456,0.9630617186110944,0.9235053806536463
80,22,5.43501833314917,-5.43501833314917,172,211,1.5030176601901588,0.3918230191155728,0.810373244565866,0.13211037510193807,1.9426540759485276,4.030054397519793,14.11674470317413,7.244685990081211,474.4874480057797,2051.865552358802,0.9385990966464044,0.9904363959941179
80,23,5.413434809856456,-5.413434809856456,190,272,1.5023242563304589,0.3941055556524595,0.7801046203644358,0.1577112208842777,1.834422576360192,4.175273855575837,15.215231888899694,9.668884708145738,391.09578870998394,2079.205121579285,0.922021306353678,0.9706537535691608
80,24,5.448751895143103,-5.448751895143103,195,366,1.523533265608761,0.3986527833181298,0.863448889177382,0.1752396704574306,2.022637513081544,4.239681209762384,14.254906958694045,8.840624476248186,444.38739752551254,1504.731141871274,0.9313773508638166,0.9781422410981628
80,26,-18.80296223977608,18.80296223977608,3,12,1.5187360556013882,0.19885437349700724,0.8021983651641753,0.1905451798276334,2.8554602626873344,1.9485348851299231,18.555299539569305,7.451375429919476,293.11813202562865,2397.737994731885,0.957995700031096,0.9357311403975996
81,1,4.626336881870305,-4.626336881870305,27,155,1.276105094939839,0.36449974186718465,0.7936356981808913,0.10651209300383926,4.9961505564861,2.4601592439403634,14.906722441080895,10.789276131428778,398.6370872706175,2519.7333325749228,0.8948963256552815,0.9184835711494088
81,2,0.05980861244019139,-0.05980861244019139,4,457,1.0118747751943573,0.2591095805049381,0.728185426488021,0.09847207287369482,4.97480823918127,3.228684140172685,12.433492893717453,6.7120916523780965,317.33792908232743,2656.02649069198,0.6491287783461388,0.7792651995592607
81,3,4.763410983214474,-4.763410983214474,45,223,1.298126809893266,0.3736472895665991,0.7577408497652361,0.17270985023759078,4.678723230672864,3.1037530596475094,16.4848463044786,8.762653934008107,399.4498515176865,2364.1668510418663,0.9291264207648108,0.5856692708397374
81,4,4.7911340922330705,-4.7911340922330705,41,216,1.507005469155219,0.37445304611865815,0.834379482619235,0.09159634242940153,2.5481698817372904,4.256833858638641,13.086088774896767,10.145281695920097,414.25430958354656,1428.422188177542,0.9047334775625049,0.5686995743834937
81,5,5.059123176697874,-5.059123176697874,61,470,1.3491321070466606,0.3829819552783937,0.866419012062243,0.27844991024824256,0.9090612641439135,3.5802171170297346,15.636505568427074,10.537018990984818,392.703492707347,1557.8840000106106,0.9571919505424671,0.8991438198453848
81,6,4.7741593409526875,-4.7741593409526875,55,349,1.2530173549277526,0.3839919334280004,0.8127336815694666,0.11027037049737609,4.137675390294063,3.1985607814575747,19.746994129509883,9.866694984505726,324.8282144275788,2667.196215632081,0.7921499514232533,0.7825876769111404
81,7,5.159341814019424,-5.159341814019424,70,335,1.5093029515462288,0.3998718367249757,0.7517327953958318,0.13561555205995968,1.7154199311823237,3.1835981977189123,16.311171377581083,8.652721348931102,383.15566619082426,2134.0360693877165,0.9280741502015294,0.8285774645779109
81,8,5.01551226194167,-5.01551226194167,36,144,1.5108092260802761,0.3902318914536857,0.8269601650819269,0.15115583459655063,1.0261932739727424,4.19416801229484,10.327072623056008,8.013250423783045,457.4114335237639,1737.4212349680502,0.9796521127085666,0.8376616884646979
81,9,5.0819751342635655,-5.0819751342635655,53,358,1.415959843989845,0.39315315801571904,0.8304988297309839,0.22496346663807137,1.5186376007287974,3.802424051733095,16.576386017797617,9.477767799454973,318.7482030407021,1071.1882844988195,0.9596123658488538,0.9330640187349559
81,10,5.220656675079848,-5.220656675079848,120,307,1.515477569431324,0.35998176888643174,0.8194777174696449,0.12537769698919843,1.3669698111728767,4.251821793361218,19.76139299104667,13.10263933351669,320.6743982421485,1334.4342026649097,0.9162913632047256,0.8264886211422107
81,11,5.188381722310018,-5.188381722310018,36,344,1.3698175578342504,0.3622849799747046,0.8527492235435377,0.13659784938357897,0.8831290454352088,2.4278863531809933,16.87726804944187,12.850123460870378,289.8710834078481,1682.6672023219298,0.9140968526713145,0.7356628895405288
81,12,5.436995728351072,-5.436995728351072,222,128,1.4777566984246238,0.39807997365023595,0.8602430403526187,0.14968989359446244,2.1142247159380894,4.040574339630107,13.355658726912075,9.392146738326577,440.31049933552697,1886.2612428737152,0.9686980070053074,0.9832567593437894
81,13,5.459681259610079,-5.459681259610079,196,283,1.5102599804221817,0.38896705076090965,0.8884084643581824,0.14783503496851416,2.1747430625888113,4.258753413039978,15.178148794372111,9.360021230002383,411.48537137916594,1579.6205085589406,0.99086846685645,0.9721752244259974
81,14,5.4754653346819255,-5.4754653346819255,264,410,1.5045456743872585,0.3985862109705439,0.8596451280948206,0.19745914466548445,2.191160215137749,4.478968704775449,13.362518866653172,10.646915072787348,433.44020536460965,1607.036972974822,0.9674050111711501,0.9669684824694511
81,15,5.488214533932952,-5.488214533932952,255,242,1.5107101878521858,0.39971849277482063,0.8528377237214326,0.1520230916980584,2.2064495071789985,4.381272478397721,13.278661730848434,10.075024645237972,436.6734436092158,1915.3250356532742,0.9545111608333281,0.9900114867695908
81,16,5.473504478215148,-5.473504478215148,217,144,1.503539837458057,0.39898873579317984,0.8501928062355961,0.18392336351941588,2.1308807413357727,4.323983659157294,14.469488283514943,9.802569456971796,414.4140125365999,1913.9673329449508,0.9739487848955038,0.9587886555796132
81,17,5.466709952304736,-5.466709952304736,277,162,1.4847672087004449,0.39824942477826053,0.8177064239714136,0.26559360137388355,2.091647698784237,4.2053566943213845,14.418593260512132,10.732444997467077,400.5647115771195,1228.3206612480408,0.9395417561756256,0.990033598389357
81,18,5.445427164000618,-5.445427164000618,198,393,1.5152440240080387,0.394459090235764,0.8116821595991159,0.12430079295810738,1.9955366970258088,4.417399020456877,17.32993454215158,13.55386373749602,288.2080116259262,1477.3229097198735,0.951898417883157,0.9875070586448179
81,19,5.451935391869034,-5.451935391869034,179,265,1.499669638723535,0.398819870998331,0.8424716091598597,0.10491966088903076,2.0252405125773665,4.222140892249289,14.386537430379924,10.408830670677151,421.56809883414655,1264.3696653823147,0.9177467348646342,0.9592328020986816
81,20,5.441055650310489,-5.441055650310489,169,173,1.5063304644611328,0.3993807167200655,0.8586410028712521,0.22527055075041175,1.9738499056947032,4.095992585991816,14.096317273041521,9.037513769725937,445.5227078113193,1908.1284617459971,0.9035356124756424,0.9424925077048997
81,21,5.445263523275777,-5.445263523275777,145,506,1.5111997097625118,0.39015321068877623,0.8328567058452285,0.16443966594316586,1.998552256295705,4.4264131781019005,15.758591211987625,9.561526898648953,390.6270158464295,1606.05237276036,0.9322569663057017,0.9951928973579799
81,22,5.426066213046148,-5.426066213046148,144,120,1.518096023841701,0.3957488811654489,0.8468628383931367,0.1469324607572967,1.9046730229420965,4.389225099735942,17.518697991243194,11.18391613407979,330.70007774613424,2379.3015232550347,0.9268616774662262,0.974092008732808
81,23,5.3870456082929845,-5.3870456082929845,172,416,1.5091318899915183,0.396819359420611,0.7632856622704992,0.11692223811734295,1.7910517848114569,4.251515477412134,16.759881997172993,9.040320208322047,431.6571464977915,2692.920146759971,0.8680088973617972,0.8295898601893578
81,24,5.392466788100842,-5.392466788100842,143,444,1.4785417816951805,0.3996461544246064,0.8962958090529584,0.15214632939104633,1.5337595834761268,3.9727899726235893,14.152979501288993,10.64834688906965,394.0519130835456,1742.0217865680543,0.9828800431766573,0.9690541232483514
81,25,5.318036056821048,-5.318036056821048,52,481,1.5159981782108793,0.3934203735716269,0.8823383949793273,0.2998311353636657,1.822013325860682,4.318770846864815,16.330660578717843,8.220781347224257,406.3759455076134,1311.0178065382088,0.9933242782263221,0.8947805130207087
81,27,5.315347757444226,-5.315347757444226,30,0,1.5235650298808348,0.38368399044691043,0.8770761871546857,0.09592176136480955,1.3497816198050883,3.6054824645892616,13.03038005176104,7.306655570909318,459.5904226154627,1090.9147318078747,0.9496556404987679,0.983176053293138
82,1,-1.5570187762152097,1.5570187762152097,14,354,1.1140904882536966,0.2913948813453317,0.7425894626572106,0.09252331157213488,1.3817934405008911,2.5030259308061646,18.389785558625796,12.831203475528223,246.2646587312812,2527.2806042622997,0.7613200858948781,0.6261724699394255
82,2,2.6062282572791404,-2.6062282572791404,26,328,1.3735516142404922,0.3805120502933342,0.8611567677704248,0.13354354073920355,1.6355524852448453,3.935967690364022,22.489222921946126,12.888297841853644,348.4843151292059,1927.5896281214723,0.6937437546534502,0.6321638618436599
82,4,4.824100219697424,-4.824100219697424,46,305,1.427432798628112,0.3706037467079022,0.7260924986495412,0.24413172195708835,1.8946263735977218,2.5016444682254915,13.316100907430894,8.579821439788377,441.7237267589728,1548.4895258513002,0.9165730269638837,0.5515813262023711
82,6,5.129779177088066,-5.129779177088066,66,441,1.4061707076794696,0.39734865112901296,0.7776603730459022,0.19159764972805832,1.0777917817104723,3.599541995330173,14.422245864192929,11.376359125092513,387.4501728310047,1587.4783458532183,0.9974466627388128,0.8875371919510099
82,7,5.029151289816198,-5.029151289816198,51,30,1.4815262062880792,0.38458102780621967,0.7880593703029005,0.171822104696284,0.5745950282190777,3.592395924973521,12.329719715975965,9.052299960334954,484.18756037435435,2401.547808646837,0.930611153919745,0.65328422233365
82,8,2.805328670826354,-2.805328670826354,43,14,1.2735033621496172,0.3938574338593165,0.8931919541915356,0.14468534970118235,0.9904046300135518,4.174822493597107,13.215797941892415,9.5753892676763,476.78984157005533,2256.7823602077115,0.962802369907256,0.6590142193428298
82,9,5.218038466510879,-5.218038466510879,43,141,1.5239012647117987,0.3858937664563741,0.8903956378115234,0.1377188825840453,1.7597195538316162,3.330670667478644,15.997000377934345,10.621148308138107,359.61331349770927,1858.344942047801,0.8580470095642974,0.8352852496034604
82,11,5.395595984731866,-5.395595984731866,222,209,1.5037350592517233,0.399856322031775,0.8410895949813013,0.115666944357954,2.2755356257343835,3.972900986504821,14.619440734245076,10.218593899983349,400.14944404361995,1817.73838340145,0.9599799176292609,0.9356811917286888
82,12,5.3508099508104285,-5.3508099508104285,129,375,1.4110797660896577,0.3799050925596278,0.8390314303626895,0.20620610794060015,1.8539298625263494,4.2117362178012545,14.520324092580159,10.024341954384791,415.0759014725198,2280.589221088114,0.9740774353149475,0.9658496239022081
82,13,5.4609680137304055,-5.4609680137304055,270,387,1.5070896664940578,0.39992418372591176,0.8533880756702263,0.20505949642128693,2.146235365640182,4.271976135149257,13.13704351065401,10.124148066180686,445.3452196685692,2207.490528248815,0.9402902612494917,0.9693921809662452
82,14,5.463737431130964,-5.463737431130964,223,289,1.4765181850230913,0.3941572195985548,0.8660606090461442,0.1645571502744063,2.0713737014400344,4.2248943361781865,14.234371063249357,9.976496060967113,411.93833996635817,1419.3008195505695,0.972921246283315,0.9747837371599121
82,15,5.489579902405546,-5.489579902405546,244,363,1.51306333978116,0.3985107763718565,0.8847655534240342,0.0943618726190122,2.2172694719129193,4.402218863239417,13.619842759094634,9.388738314521731,446.23388521995446,1848.2608154136547,0.9808827005161109,0.9852891401807756
82,16,5.469662421085591,-5.469662421085591,236,497,1.514222186453345,0.39682480472042364,0.8529396794429839,0.2340957075641037,2.1180364023894303,4.305524524268293,14.481955441663088,9.420368183246183,433.8890105380385,1566.539055622643,0.969821934163557,0.9406187975190117
82,17,5.466685401658788,-5.466685401658788,211,118,1.485364359399323,0.39803025547962206,0.8903694551620586,0.1460125538341062,2.094653360586678,4.273765374675197,14.938050596018577,10.28871075854223,393.8668163917742,1684.7631748849858,0.9494465853161926,0.9829977746578076
82,18,5.454811201445183,-5.454811201445183,193,227,1.5059073503138591,0.39910269460905134,0.8359898779024201,0.1316924190459916,2.0614110373744596,4.109617867087995,13.709645147672157,8.145701257574544,469.0798464522671,1690.133919156968,0.9645687775813091,0.9735843233451066
82,19,5.440785120192746,-5.440785120192746,92,0,1.5110060232273257,0.3916334906513218,0.8456322753061747,0.19573929697834183,1.9751284780665244,4.0862665290783085,16.17892092708387,10.086199547010139,370.4167053506943,2307.3322493955056,0.9323956698767075,0.9662148421257208
82,20,5.432696868920231,-5.432696868920231,153,311,1.4779001264434934,0.38347112412979883,0.8905506352098105,0.2592171037203297,1.9251154018503212,4.004594752508254,15.221143145205566,8.303934601888173,436.4780875666373,1350.996981828402,0.9465378713006871,0.9818044273590149
82,21,5.451252969903189,-5.451252969903189,173,277,1.5164420436995703,0.3900905151261288,0.8533304416618195,0.15657878221217017,2.0696037864737016,4.238231471065704,16.24045757322848,11.472104976369277,345.19601827761255,2152.9063562030706,0.8819686000197846,0.9761163546916387
82,22,5.426652222731692,-5.426652222731692,129,389,1.501448666815677,0.3969522530670525,0.8966022037051995,0.2064636957433483,1.6935085859098855,4.358252094320462,14.548051395858957,10.35600152846284,409.71868923826963,1678.2252260439093,0.8953790615433951,0.9669112532557467
82,23,5.4407370649213185,-5.4407370649213185,151,391,1.5221950544100673,0.3909123198612936,0.8281876846199551,0.24380323697607184,2.020551470729938,4.095037447480661,14.771029638013582,9.619717428445338,403.479885265347,2332.495769752823,0.9902180676952744,0.9796488496649566
82,24,5.410134567558422,-5.410134567558422,135,353,1.5131760710017088,0.3963111629663185,0.795236637842609,0.1515262290219191,2.0075600959575404,4.370902274013922,13.19104662332588,8.078136118622073,492.64378861413405,1923.4134143514184,0.8934315101371595,0.9334409234738461
82,25,5.378282247982865,-5.378282247982865,118,486,1.494952379030047,0.3974263108995528,0.880566677041112,0.16590112396867676,1.7916962070174651,4.1917190600441625,15.12961850015057,10.834726468297553,366.40382007182205,2078.907541829923,0.9021749005453612,0.9229477187348714
82,26,5.434041500979367,-5.434041500979367,144,82,1.516270754604482,0.39520101936922714,0.8511235483011568,0.2005962283693702,2.087336146722502,4.313895914768377,15.639196743543842,8.841426944843443,412.18042343491584,1758.5116536782343,0.96937445711442,0.9599166841658358
82,27,5.298484825709746,-5.298484825709746,97,37,1.4938309960402696,0.390403256074731,0.8602940750809396,0.20276340501927076,1.2601931693324837,3.657112633242231,11.684863231648347,7.184469681532448,481.8637535691023,2472.38663686058,0.9589757200220858,0.9090806751752532
83,3,4.787764397213445,-4.787764397213445,25,62,1.3309930744209537,0.3909058156522926,0.703846105862311,0.1453360605543039,1.7116009453843366,1.382077510490514,12.1905235478085,9.532088027978311,326.60365703076775,1025.933374106923,0.9010543133697224,0.7174821893504928
83,4,4.740784236568855,-4.740784236568855,44,210,1.271555186067563,0.39176742289300837,0.8014397933227542,0.10370632223644931,2.8409570280259793,4.499030316243187,14.30517356872068,10.508998145060035,353.32322728181924,2002.44641688779,0.9679663484683767,0.5115291315603021
83,5,5.0646732714236,-5.0646732714236,58,147,1.4368364502725415,0.3898606131051422,0.821041446690939,0.25901413458648403,1.4932850978243353,3.363988298597048,21.869770836882658,10.285481183526171,308.87188909224176,1802.3298700666548,0.9122791617023256,0.8617199228856741
83,6,4.912188345389496,-4.912188345389496,19,117,1.2395058248437691,0.3243790149178457,0.7376230633519718,0.11853678485992485,3.9910645544780063,3.28380338077716,15.12092405652447,11.569057174564007,361.4930680610047,1707.81370571063,0.9920493512435213,0.592261401201748
83,8,5.170796363324349,-5.170796363324349,97,386,1.497713342358184,0.3773956909123891,0.8501523402976412,0.18354872877493866,1.4355161780221528,3.512624790148977,16.87662953037177,10.227951214083102,325.5679339423405,1661.0181766986889,0.9733953825857523,0.8815134180173296
83,9,5.126126813850876,-5.126126813850876,69,187,1.512171919193136,0.39271509307295427,0.8477641589739398,0.14436954498676088,1.122087994061808,3.66443499602926,13.969043504523244,8.331535099956007,428.12425645925936,1447.5818831906936,0.9195215235602914,0.863541025735409
83,10,5.157110256800912,-5.157110256800912,44,36,1.4570613597261888,0.3952279182079701,0.8457597070342129,0.11793154317317997,1.402754016369487,2.5415562218627885,15.134995372814402,9.922300120434628,349.2009575430097,1532.172335919514,0.8246199673039778,0.8381853407802466
83,11,5.168184578905162,-5.168184578905162,36,500,1.348678729956374,0.3868120907875511,0.8688632288775868,0.13395421053473622,1.3566444704997909,4.1502284983278015,15.764387335953876,10.313902367793249,432.768789320462,2497.3638011382686,0.9228129346456198,0.7555352418105257
83,12,5.403552400193887,-5.403552400193887,238,12,1.4918937055272845,0.39824520223869625,0.8574745490175881,0.18345895523741854,2.253204630372603,4.346149275743392,13.84165709417767,9.854398879159909,432.1306454005013,1526.9629278800962,0.9816765878486358,0.9772094050814562
83,13,5.447514540006816,-5.447514540006816,258,150,1.5033412116277594,0.3982476972222752,0.8816680949556025,0.1817369713168805,2.020015873165362,4.217691989796387,15.044706739484774,10.33681870254168,412.26379852717366,1028.2853247926769,0.9898650725835689,0.9576434466132073
83,14,5.4442377379432685,-5.4442377379432685,134,227,1.5195510438618185,0.39910269460905134,0.8597944146702992,0.21269432959577791,1.9897070384640492,4.043156112602088,15.505064533714465,9.340600433470975,412.66354505931514,2208.0699203114063,0.9679392199878274,0.9100522705713379
83,15,5.4853051285572665,-5.4853051285572665,291,134,1.5177103324571244,0.3996642557075777,0.8797436571439119,0.14018961521460965,2.200132122575347,4.361668615108274,14.325036852010708,9.651236498504085,420.71536288751713,1992.1422732199812,0.9366389028686968,0.9825643002728472
83,16,5.45066436941399,-5.45066436941399,143,457,1.511042128651368,0.3925316083191779,0.8594269713560423,0.19081042190475533,2.0240302746353587,4.0754694247674585,13.81824402271625,10.22883698221107,420.37899333320524,1776.2653504254788,0.972136445328379,0.9283760445446687
83,17,5.4756811722695,-5.4756811722695,268,287,1.5232849828209618,0.39827610792054724,0.8401682380972826,0.2680488302759104,2.1565245966680218,4.29580614956202,13.346836234723892,10.595917152471415,436.03575414577926,1123.8253446310823,0.9851752316555817,0.9989115284937049
83,18,5.4531713757519675,-5.4531713757519675,184,348,1.5037852024071812,0.3938004875037121,0.8500879200158116,0.18264647867932582,2.0368819619834353,4.454279209955678,14.144700542791483,11.24068696879047,414.1000432889822,1368.6893435538766,0.9944232817417611,0.9639527578289676
83,19,5.442981985214974,-5.442981985214974,166,433,1.501058056183425,0.3991772623861065,0.8382337654888663,0.12210721317382446,1.9858604510087416,4.139854368726086,14.896668630726804,8.317181385846347,430.2726857806586,2059.742295267548,0.908220735838609,0.9873222469729823
83,20,5.406598772426632,-5.406598772426632,130,247,1.485552506290398,0.3977039035812309,0.8511214901670578,0.1305745354681495,2.0471617128004986,4.442248702029806,15.38700346587769,9.576395844555055,419.3383708568072,2219.6303833730776,0.8342142894060482,0.9251876098018215
83,21,5.452423707413698,-5.452423707413698,196,42,1.519687810375433,0.3907568090248862,0.8912965678471879,0.1402171351793899,2.0470962932136305,4.289847588416743,14.14280076992644,7.870139022306841,474.98664543166984,2331.253443265542,0.9166748292791482,0.984468726690493
83,22,5.416144085612026,-5.416144085612026,199,289,1.5027084302905924,0.39823019550582983,0.8547645055340849,0.10302722641464386,2.0294135762809824,4.349101967205847,15.89272878095446,8.766958684600855,392.13551900933794,2159.1923488115526,0.9054031378419747,0.9899238081796433
83,23,5.410831004866038,-5.410831004866038,138,68,1.4775863108956884,0.38726752667921205,0.8841033242357227,0.14754883457582502,1.6194620503598736,4.230105295559143,14.12436559403989,10.377871602671044,414.71342818400717,2271.407017520563,0.9571237276133282,0.9656590396821624
83,24,5.45226050388846,-5.45226050388846,154,42,1.519010199887056,0.3906063515542886,0.8681191654627644,0.19069698238566027,2.0470962932136305,4.39434683732976,13.84331922302912,9.681589737369652,430.37563349859374,1970.8385685341877,0.9300464658630925,0.984468726690493
84,1,0.05813953488372093,-0.05813953488372093,9,325,1.3795791272335367,0.3431857988538467,0.7019501867393516,0.11656979379792759,4.775889147496564,3.09517238760319,21.84402854739469,17.178339395810177,444.69695138584785,1403.2655451446772,0.8366971988144649,0.7105255645976186
84,2,2.35939141588184,-2.35939141588184,15,382,1.3504106063258048,0.3846234176079293,0.8703273204093183,0.23083442671761326,1.3409397926726903,3.1567094420786046,20.673077481956597,12.738036659725777,269.963827732367,1605.3326064261469,0.8081213216840435,0.7053925265321257
84,4,0.05694760820045558,-0.05694760820045558,10,163,1.458380824499457,0.274990782971872,0.8219141724528208,0.26807460232363317,0.7359965583575434,2.188889330001777,22.305375235155225,17.10203764555235,438.83384609274015,1574.3409661921742,0.9727762932031071,0.9513168213686709
84,5,2.4824805379698014,-2.4824805379698014,12,109,1.3901289004763173,0.2953888835367138,0.7460584714403151,0.26599333685506665,0.9111381970437897,2.721175902777285,21.666651935979623,16.63877132616716,222.66486523387258,2034.8306384784078,0.7876074075712621,0.6874737904527968
84,6,2.479236125629672,-2.479236125629672,18,422,1.3976193822542633,0.3840913313999855,0.7936024394681622,0.1338689092647553,2.5384390081448305,3.7091278159903123,18.05136603191825,8.931821009635696,358.1848559970784,1230.3825604517274,0.7485730861638913,0.9351484560081882
84,7,4.747967242064449,-4.747967242064449,26,404,1.496357556962769,0.39471900927564,0.7782284266640267,0.2558246138831741,2.6711373079629106,3.2504224545498515,15.293384732955825,12.226168979485,290.1658914465352,2540.832751040589,0.7610459473680629,0.5819723493293791
84,8,5.221876644248279,-5.221876644248279,84,325,1.4273622698205874,0.37662829378555895,0.8838409344410899,0.15286326167812503,2.0070514634113774,4.282037013632108,14.068524236999775,8.721039724378322,460.64802793114586,1482.6844890219918,0.9171626906955563,0.9455494385940131
84,9,5.1600668552777496,-5.1600668552777496,30,177,1.4750311559069282,0.3941084195544209,0.8595664852209894,0.19455387070009614,1.128967386735367,3.214991672374664,15.837582954469283,8.456335269912774,399.3241760752369,2482.369532675743,0.9099914406333605,0.8283887073653632
84,11,5.482723990244739,-5.482723990244739,239,323,1.5071212715000255,0.39927965883606176,0.8172782092933608,0.22573297879220483,2.1790912379044984,4.455725863511414,12.876002511268227,9.794785864846286,478.3055151085141,2110.1317403339995,0.9589450449725105,0.9341301911818615
84,12,5.39963825957203,-5.39963825957203,153,475,1.4962433808253,0.39466647035150265,0.8987925561817457,0.1390903800103013,1.7550449222462703,3.5211547080984804,12.738737613100565,8.777189321417595,489.68696805656396,1452.5857321715976,0.894098139263648,0.8757881574269604
84,13,5.451543568149163,-5.451543568149163,262,301,1.5052207588518893,0.3998463012672514,0.8519189941752234,0.1406713557240412,2.3124048518573352,3.8393995489637476,15.21848388010704,11.664818199026463,359.79025075547065,1104.8347674926408,0.9783627356722606,0.9992453561472715
84,14,5.409827003244437,-5.409827003244437,178,384,1.46227490472431,0.3958620739811233,0.8944723109318133,0.17958441325675906,1.8001555227057886,4.310290282400279,14.32769329608046,9.37807017510333,431.224194638323,1689.2159593300487,0.9544622219159747,0.9541931672742493
84,15,5.460664474512104,-5.460664474512104,220,54,1.5202291228086424,0.389708720651053,0.8804187530929448,0.09774778188113108,2.07832224372524,4.117275070654566,14.061803538279438,9.375024519371772,433.4235421305072,2016.748620029037,0.9827577143811642,0.9576741751378075
84,16,5.477795621150222,-5.477795621150222,232,172,1.508510302509781,0.398068940234685,0.8377894535022393,0.2574361211668216,2.16318865295285,4.151923708532813,14.607088227862029,10.415173021311896,407.4235597801793,1451.737353686899,0.9660898945947418,0.9543267574234515
84,17,5.413355565151251,-5.413355565151251,199,35,1.4954695316066897,0.3964580613630677,0.8455066442965647,0.08724558385632904,1.8330662337088106,4.273087936872926,14.573695257108618,10.977762446867954,379.6979161078749,2281.2136458232662,0.9569097474104726,0.9779208930642808
84,18,5.445896111286545,-5.445896111286545,220,434,1.483796696565981,0.398732991117659,0.8860562276626839,0.11447016366806781,1.9960833273697856,3.9386993597841404,14.399904047827599,9.386706273415793,414.3129065259606,1343.9320275445373,0.9090073753116166,0.9842690554890166
84,19,5.422679767921819,-5.422679767921819,138,326,1.4947213492910412,0.39535830886798484,0.8179123981837824,0.1956843129586351,1.8834645343081833,4.2614989535910635,12.679591369609351,10.086301618498101,438.7165924289109,1823.3461227042112,0.9493946109486986,0.9870350272419779
84,20,5.432018948440003,-5.432018948440003,146,181,1.519859043801134,0.3894362523499887,0.8192161072080009,0.17011981077006483,1.940494584480247,4.402277722841564,15.376038564303299,9.1509697020692,421.3009738558288,2290.094987312214,0.9469455128008796,0.9688955347841877
84,21,5.426090916412085,-5.426090916412085,209,58,1.4857799685405273,0.39993712406473614,0.8264819220868423,0.12332802227988937,1.9932646681208845,4.36204221530692,16.187355139095374,11.870357780327417,353.8050316444893,2238.097521754382,0.9868674003385376,0.9315840057714403
84,22,5.458340396564758,-5.458340396564758,139,0,1.5151411900688612,0.394951558922351,0.8266013033472217,0.16174190429881977,2.07624094083787,4.3921578902079546,15.510652447542448,10.221775366879346,384.0188556415107,2269.6927962894374,0.9681897516876538,0.9873261511387165
84,23,5.367109513255973,-5.367109513255973,161,136,1.5017053514574783,0.3962775534879005,0.8180530279820075,0.17987457608253596,1.6095643288019081,4.011983351392267,14.849889147780381,8.33423058942539,457.5107288697029,2146.015466406803,0.961509263454706,0.9114640879736198
84,24,5.427636628505121,-5.427636628505121,140,407,1.5034865317525907,0.3865492964070658,0.8568468998960443,0.18235896633287813,1.9192777751857588,4.397808342146436,14.169338892019695,10.571814068915343,411.82788647278073,1959.4028877648502,0.9860970006064869,0.9695218173569344
84,25,0.2929373954911956,-0.2929373954911956,26,497,1.3222614024897514,0.39742205607182757,0.7351116322427946,0.18337466625008852,1.5473640531904307,4.458359467698493,16.924316821374518,11.322084202209485,336.7745824202469,1552.5512923145184,0.8641822589816128,0.7976997881867118
84,26,0.3623273497103874,-0.3623273497103874,20,408,1.3962912274246706,0.3777681294463031,0.7970845700248806,0.22078210800505416,2.26548911264479,3.9691929716904957,18.726974778204784,9.203387269071936,384.8858940647053,1219.6089461407864,0.9195959118855035,0.7600588863670489
85,2,0.05707762557077625,-0.05707762557077625,4,255,1.3873667487290977,0.2093193079531193,0.8209140314122936,0.14885390831987916,1.4544664488658023,3.8173228298580257,11.621736343748061,8.940309055031118,311.5614592827149,1692.6313854368836,0.591743957488837,0.6297574403024089
85,3,4.70330680042454,-4.70330680042454,39,66,1.2111099735170545,0.39311288929184846,0.8104109890484341,0.17856316927123114,3.2376681473861257,3.9265117623740364,16.861411525142618,12.883020872780051,335.9823160204416,2496.972124482707,0.9230942078550244,0.6659463951759785
85,4,2.5741650586978926,-2.5741650586978926,29,247,1.4675097459830175,0.3893528813341738,0.7911134464327875,0.1816814216550121,1.4728390167851746,4.181638609215056,16.14231032444814,7.415689968973348,425.2582635601176,1128.181381211893,0.9347851224108104,0.7426439630462406
85,5,5.158045812145637,-5.158045812145637,81,270,1.4295107293476002,0.3973374638677335,0.8296857858622205,0.26091694136737725,1.2700538637308696,3.7738521779664844,15.853327207140707,9.866079650921428,422.84393797170446,2105.64820596065,0.8529114059682018,0.8243162064869136
85,6,4.790826290013078,-4.790826290013078,67,278,1.483270306594084,0.39008895073464134,0.833588702279469,0.24786912522682897,3.8597437703786617,1.7433137875000797,17.331049333922138,8.566879821217555,313.6866490977727,2076.721616002098,0.8317090019055948,0.6105377177047022
85,8,4.938347124135807,-4.938347124135807,61,376,1.3687966233833702,0.36905529088586986,0.8314591925463084,0.21274171125044467,3.069757743070065,2.830242969834841,18.606932008284485,9.597959246995787,344.99330919283665,1268.8460826293224,0.9063848163508154,0.5945460411719885
85,9,5.262912057200319,-5.262912057200319,53,405,1.3627050328236534,0.39707096015134224,0.7922005373948955,0.25994507832811226,1.6687350153948706,3.5382777050817498,14.084946121346851,9.041159745917282,412.5039226197936,1609.8018405120429,0.9632017822294301,0.9758775716780304
85,10,5.212696226302217,-5.212696226302217,88,81,1.4687016155093182,0.3616575621737589,0.8313581706663322,0.19102353183899726,1.3507869817014606,4.267754494148906,19.862001643809094,12.238340406872583,289.61239556225945,1865.3783431188824,0.9225498817639222,0.9813838027884692
85,11,5.395027706615394,-5.395027706615394,137,499,1.5008935415383462,0.3989433155161155,0.8078872780219521,0.21509827633043102,1.8786612097807567,3.9985162086522634,13.497508043952815,10.312000551499843,468.0786455620422,1133.9940417631997,0.90995669119075,0.8502235152909061
85,12,5.435806276051182,-5.435806276051182,270,338,1.4989009755170013,0.39833642669145,0.8826200265145134,0.14616005893363465,2.3143373453627007,4.236438673322551,14.32531403052798,10.610759934808137,406.69950073915277,1132.8265480229488,0.9499655667152844,0.9819264763733138
85,13,5.456409529183086,-5.456409529183086,219,104,1.5163808667632306,0.39772739793555556,0.8723721639022133,0.11274683717455664,2.2137460078400824,4.3518733652144785,13.814347004097574,9.86528906565011,433.77339036366794,1906.5854003464308,0.9733363336980636,0.9695251285005486
85,14,5.4641049917423175,-5.4641049917423175,270,354,1.479411323470427,0.3993628998571374,0.8674210487357328,0.17982134943434733,2.082953060233343,4.268488978687781,13.990094047149158,10.061055167668654,426.80622942190297,1186.022561499157,0.970621035417645,0.9957606569109074
85,15,5.475842232996202,-5.475842232996202,266,269,1.487486980473567,0.38935701598172173,0.8867895790975036,0.10909494005634945,2.146925513389905,4.481298482861634,14.296661868905213,10.222563625262973,426.4401907559194,1267.21960445191,0.9884891683459429,0.995356893003861
85,16,5.453797536414861,-5.453797536414861,135,349,1.5116403594043184,0.3884685698269043,0.8551291469931199,0.21596158443327393,2.057231929932832,4.4145595895643455,15.128834119128806,10.109925042775302,399.0308853537855,2294.3122985797127,0.9243675771713353,0.9795349909830896
85,17,5.443107924666724,-5.443107924666724,138,157,1.5203147140433595,0.3969002627828919,0.8580201648601085,0.18080317876615187,1.9950015012565905,4.439535374219841,14.074594950741417,9.584736863441712,430.40897934609796,1972.011853180319,0.9314991978747018,0.9719215659567995
85,18,5.401252298774248,-5.401252298774248,130,50,1.4742172986306648,0.3812490245541786,0.8805421893285099,0.23483704412211642,1.6935047243809955,4.278118947288098,13.729120878453706,10.066983723246883,440.13836097341493,2413.0144026998178,0.9221562946402906,0.9739960388824025
85,19,5.41635226232253,-5.41635226232253,134,299,1.4833951270929546,0.3998980856664227,0.8622891207859416,0.19762081049622157,1.9477101290051562,4.380022942512125,15.662529992084263,10.596142232469035,366.1008968423619,2176.9275496458,0.8209071410559962,0.9805815070951271
85,20,5.396541418473212,-5.396541418473212,98,236,1.5141112839250832,0.3967966692084626,0.7994153130541548,0.15880686948439465,1.944773713920977,3.656066678975628,17.669699594769384,9.210483368912218,345.5010559827212,1801.2246650965137,0.8338587109096226,0.948882988853132
85,21,5.446976846491227,-5.446976846491227,285,332,1.5042467799153076,0.3977331437631277,0.818687604541455,0.18576947093190213,2.0157914593387085,4.449301885458051,15.273473472002568,9.43395852695805,432.07734847771655,1954.2850180610951,0.9630279315369736,0.9130873944330602
85,22,5.423811707901097,-5.423811707901097,186,118,1.4866563869514202,0.39803025547962206,0.7717393603427879,0.1329105727060127,1.894061200491897,4.247936408784799,13.80054678314338,8.599317601543436,455.87637382189763,1525.8898337301644,0.9495625392599503,0.9833086640073672
85,23,5.42007450804428,-5.42007450804428,122,350,1.4733564082205486,0.3938142520222261,0.8370949854838009,0.1815960139412376,1.8725201942068455,4.334183912110539,15.425738684912499,9.902895879814581,399.3741200598718,1284.8299798842768,0.8700750053569725,0.9847815569137708
85,24,5.419315107210313,-5.419315107210313,166,499,1.5007730876924263,0.3989433155161155,0.8490858328265569,0.21509827633043102,1.8786612097807567,4.305002339055669,13.497508043952815,9.721564067227792,439.52125394744763,1133.9940417631997,0.9067785438266063,0.9952818935633567
85,25,5.252486273431255,-5.252486273431255,84,439,1.4784849629934245,0.384649148719077,0.8650181661638529,0.1430370920312321,1.2629907062852885,3.5365095897224257,15.245573441841842,9.691348149472159,385.01149699731843,2032.3470306952834,0.817272055016335,0.8656957353801836
85,27,1.3636081995630875,-1.3636081995630875,23,44,1.4149737064306709,0.2741152737848649,0.8523673037887345,0.08161207116400827,2.7103510599655363,2.5552097995435026,15.835907005537944,8.522580297174628,325.0671903677678,1293.5831286441276,0.8238529231414269,0.6913237914809189
86,2,4.853835657206708,-4.853835657206708,58,274,1.5140095986460484,0.34724638177079153,0.8134397396527506,0.2889897435899079,0.9903634732594415,3.483229613937508,18.181382073101013,7.524270352166559,348.01108289387656,1823.1802169608281,0.9116755779510237,0.9245935415928204
86,4,4.70946993879396,-4.70946993879396,42,171,1.4623080424163506,0.3581744164070107,0.8863816112562735,0.13417023391819588,4.1649852362960775,4.427383581262602,14.896896573334502,9.377261966418345,369.0320958409957,1885.54161162619,0.7500171361602642,0.8440817679880979
86,6,2.609374416029439,-2.609374416029439,19,282,1.456457283164236,0.34512869482776043,0.8714048237205279,0.11963228044791101,2.437803646576547,1.039074502540291,19.475435776901662,7.937126713079964,337.68935322032047,1601.8773313004103,0.7738679987268673,0.5405554485258814
86,7,5.257858760073587,-5.257858760073587,74,198,1.5107688737498217,0.3966174396323682,0.8300094531971429,0.2697026103265806,1.4430365181356466,3.7332122134585384,15.622742423326345,10.871027696673245,377.754438541599,1455.6584372423627,0.9757616996559378,0.9101502474605221
86,8,-8.933276046352292,8.933276046352292,1,80,1.2392775400597602,0.29462234225124123,0.78086177688092,0.19537730215117335,4.104882847517729,3.1472520013339818,18.183862632140517,9.858375334180892,403.1953022815287,1760.6641352176666,0.5175655935890973,0.8470019660890102
86,9,4.954870523821749,-4.954870523821749,78,41,1.3551068267182946,0.31014946484838996,0.7932045249284327,0.2649682184187182,4.896476114938651,4.388465671772647,14.239041493997886,10.316600272010103,451.52049988630847,1691.440986918029,0.9577207585462529,0.7734217045149759
86,10,5.2531606444801175,-5.2531606444801175,55,205,1.308616057279909,0.3943090591976424,0.7842567181178163,0.28231620725051015,1.1070208298543482,2.3121098113712253,16.53489511138063,8.619299288790526,384.031524579512,1756.0897609398478,0.9334675845844425,0.7769073768391666
86,11,5.1306580117272595,-5.1306580117272595,70,198,1.5107688737498217,0.36415191855263035,0.8810549170351798,0.17702384800287443,1.3652977000329543,2.8442614594986804,18.356976755849413,12.70745643266146,278.2868266433649,2229.889418370426,0.7306894057318294,0.9104925099555117
86,12,5.426279920438846,-5.426279920438846,185,64,1.5018526764849693,0.395049390863775,0.8623594535532108,0.16331336962728843,2.0122931540119566,4.456703293675396,14.31347167619096,9.235140698777261,462.1036017833959,1124.8588745429936,0.9847108922472237,0.9592409650897432
86,13,5.43796401595784,-5.43796401595784,256,193,1.4996319368377757,0.39917025861623046,0.7928983785380102,0.08768646764590209,2.237976477020877,3.967752478523219,13.784816501173765,10.926615155165411,394.6980354148695,1720.5815117135396,0.9994093280250196,0.9756108365288083
86,14,5.428122762935038,-5.428122762935038,266,120,1.4830042105791525,0.3972648238754233,0.874052511262476,0.21047079145013578,1.9046730229420965,4.389225099735942,15.07083527932226,11.18391613407979,388.6796299551062,1268.5385497852965,0.9425099771857252,0.9623868409170173
86,15,5.470655682476501,-5.470655682476501,254,126,1.5044910412448638,0.39633028208155197,0.8431998743065601,0.22265890308705338,2.207926208519514,4.350044280452998,13.31949204215043,8.641591903366649,477.6087952998789,1579.2321982071476,0.9395804648975712,0.9728503707831737
86,16,5.449140106486601,-5.449140106486601,163,263,1.48781443325416,0.39539415536016786,0.8543789108826385,0.13233246715872557,2.016029863995678,4.225123355546808,13.328007247690365,8.695942071932098,471.3444233119154,1724.8217318830957,0.8182848090723842,0.9633577189253871
86,17,5.428493339594619,-5.428493339594619,165,34,1.5179034933897895,0.394513869240121,0.8786470196916609,0.19745179282284117,1.9224422061596718,3.7515008217758226,15.158168261637984,8.053821748752968,440.88100953759675,1789.3584765871292,0.90514140807452,0.8942653577510373
86,18,5.431967982762599,-5.431967982762599,209,447,1.5008348367050752,0.39982603823558793,0.8710792034553696,0.16497461046431727,1.9363019146829417,4.465536936057243,15.584680884845731,11.640156638085857,365.2356497145501,2083.876829854267,0.8877942779607819,0.9593455498511076
86,19,5.383770443807537,-5.383770443807537,129,329,1.4383738420086558,0.39455777893980437,0.8659958778055332,0.11643057877789015,1.6755495261249367,4.408804527984332,16.569782817140148,9.699206231461913,387.5554674509692,2050.940457355354,0.9349400194197652,0.9154714346612092
86,20,5.430065279103566,-5.430065279103566,141,447,1.4891450987500545,0.3808661944583276,0.839012527459637,0.16497461046431727,1.712038199354992,4.465536936057243,14.430956610705485,10.145727730481415,417.5215813857501,2142.1912088277286,0.9363869015079902,0.9925536432526904
86,21,5.412154764616701,-5.412154764616701,140,506,1.5069222124208639,0.39425728080557887,0.7900236672494763,0.16443966594316586,1.8421231114579366,4.4264131781019005,14.90856826496182,9.400110226964667,407.95414458619257,1606.05237276036,0.9454015199238012,0.9846616803815462
86,22,5.405498636702577,-5.405498636702577,106,206,1.5052885495790407,0.37924520131101236,0.8805143282632077,0.1798051004959266,1.809296892247165,4.20860614286592,17.852236138236634,10.83297369904709,345.8078825142169,2081.252732346178,0.8842328716062117,0.9186380548140727
86,23,5.429208132448161,-5.429208132448161,145,343,1.5144135795913511,0.3933868702349169,0.8529192990313939,0.1757165884989096,2.1425771340157382,4.389012239680215,15.124251049080492,8.737881114243674,415.33875062662156,2112.138506889844,0.8662669495565476,0.9990732457081162
86,24,5.4187619306255925,-5.4187619306255925,150,405,1.5207003000167132,0.3963531180020591,0.8735270417680163,0.18776116774191415,1.8844886216774108,4.227470530201746,15.38871384198978,9.255788045852887,385.97202090059614,2237.6570759789597,0.9868507289754654,0.9870117750917557
86,25,5.428920369414712,-5.428920369414712,144,114,1.4914456178157258,0.39730752088925314,0.8551527152801591,0.15539610157916645,1.928441950292692,4.356718394887258,14.737268835485365,10.41026651327869,401.08493421747187,1447.3591030938107,0.9625318224440809,0.9996043016539453
86,26,5.383999955287283,-5.383999955287283,145,272,1.5023242563304589,0.39969721984742623,0.8469473230434629,0.18923908732898592,1.5155814557224017,3.8475002829174043,12.786466406450394,9.268285424891134,457.7691686176463,2008.3557726390543,0.965270503237549,0.9845008884928393
86,27,0.8779035501595795,-0.8779035501595795,7,109,1.17763901568062,0.23492707898183907,0.7123750703005527,0.23441164125305547,1.5979546790045058,1.125038458118439,11.956957535758587,8.832309835250914,379.22255822437216,1375.2850194152118,0.6669570700169846,0.5264799646101892
87,1,0.056179775280898875,-0.056179775280898875,1,168,1.3462676792461425,0.38007699778646864,0.8691537310938828,0.18338427240697977,3.122597803827375,1.1493746116757393,13.85968304811421,7.4912820668595606,307.351357024163,1946.3317209804038,0.8114655590616167,0.6509572444483638
87,2,4.925359906095485,-4.925359906095485,38,156,1.4878679581364083,0.3963623256139406,0.8590238068916323,0.1333572087465723,0.8485802991556368,4.106735189255569,13.830304570375068,10.599178343200169,337.1938679128034,1372.7258054840854,0.9693540987267579,0.9692723597041549
87,3,2.5289508994639265,-2.5289508994639265,22,498,1.4822155679305498,0.3375992519994031,0.8181681926640532,0.21701420076828268,0.8109565968144703,1.201516033656835,12.054061186486704,9.162206250507154,296.77201502809095,1598.035050849677,0.9748307001074434,0.9329380794003614
87,5,0.05470459518599562,-0.05470459518599562,7,29,1.205656684171783,0.33268102618069345,0.8127787577359085,0.14978139620453537,1.7485344728038037,2.784775168765127,21.898826216295284,15.883598656646697,269.74498591001344,1399.1483942804612,0.5915753920919737,0.6286377427170509
87,6,5.116178619436342,-5.116178619436342,47,179,1.463861314843295,0.36100105941145666,0.8215104809586149,0.23548694339291504,0.9184909276721003,3.8651833193049274,12.792301548959042,8.874479709309762,492.04805144680756,2008.715659441113,0.925537842183751,0.8644796656512834
87,7,0.8628142633251743,-0.8628142633251743,46,381,1.4851501532545535,0.2986718858826845,0.7642143168268338,0.26823693248262526,1.9029183019264948,2.131895790113957,15.18440087906789,7.074959362861816,488.0749970997987,1181.8040891384644,0.8787380213495816,0.7384810541924383
87,8,5.080658896077166,-5.080658896077166,33,104,1.4654777672826018,0.3916437938601032,0.853082048308365,0.1282345600084071,0.7266857021343558,3.480235535444832,21.711067116901013,10.7660831799104,288.7969429398627,2083.8406064738733,0.9496779139637104,0.8931329912794583
87,9,5.3126028622928825,-5.3126028622928825,67,246,1.4465836787839803,0.39925985584319246,0.8482574147041566,0.08973910202005515,1.756850488921102,4.365941758951747,14.3144734146404,9.766978303271296,433.9849666226558,1893.662110607086,0.8806766494648955,0.8774938119237661
87,10,4.901690128823191,-4.901690128823191,61,304,1.3708799676465016,0.38718699254737887,0.8199424833388315,0.08214980679223385,2.6401066817892285,3.342251310855371,12.84143096669714,8.45693589639796,356.9780267426885,1653.4488551661243,0.9814926902220266,0.807928293461198
87,11,5.251973959338386,-5.251973959338386,53,282,1.3641337385896215,0.3927069631550263,0.8714048237205279,0.21347235722397773,1.1218038524344194,3.4473042333932593,15.99878986132481,10.299734102201942,419.9818948719318,1588.060162158974,0.781617393587827,0.8109541120350474
87,12,5.339595435986428,-5.339595435986428,104,218,1.398262820699344,0.39063570400084324,0.8695448001073163,0.24709452583763644,1.7615423832083628,4.066532324383925,16.428603654275264,10.65064447779948,374.1821840194285,1735.6186417953734,0.956470798838942,0.890212849831578
87,13,5.424901804079561,-5.424901804079561,189,15,1.4927381064715965,0.3983819584729203,0.8126131607495393,0.11211798043221724,2.3023918197166466,4.3216431526197985,14.61920327392118,8.788114130976128,457.5464621471426,1126.7977277569928,0.9887810133327313,0.9227979373832591
87,14,5.4059399138814985,-5.4059399138814985,209,388,1.4914227744137678,0.39776545273100317,0.8669867740613584,0.1309335179191966,2.2250913853489482,4.298576778690046,15.796660464063226,9.968222687261726,392.67751373884005,1191.4693323045146,0.8867299674515898,0.9677623737924396
87,15,5.463052132700467,-5.463052132700467,287,312,1.496765335393674,0.39807681958051866,0.8880199225426243,0.17561686015288197,2.0907283113831188,4.220808625885845,14.854464168530185,10.239445522621445,391.3363766198636,2240.838945860073,0.9645846957084069,0.9723214869318779
87,16,5.472592930897867,-5.472592930897867,267,85,1.4898982323396643,0.39887753965916106,0.8772499152532243,0.2318508696114635,2.1383511994503235,3.99519966212557,14.16786314854278,10.81059106210829,391.3216439449099,1616.962486328489,0.9657622204920393,0.9993192020137607
87,17,5.432178370544996,-5.432178370544996,104,175,1.5098924256280342,0.3944305313840427,0.8142786873383299,0.26379635844938576,1.9462828897106141,3.557123230320206,17.777509382866143,10.032162017796717,346.6077014676317,1957.6027567591916,0.9524638802913847,0.915561026178408
87,18,5.348452601123021,-5.348452601123021,110,81,1.4392595624269027,0.37473976962520306,0.8470632502679751,0.2657264117370329,1.509857563515963,4.494963443150833,12.472968888273668,7.629907099260163,497.64214531229834,1811.8495180382765,0.9240025817822671,0.95730637135481
87,19,5.4205766176977175,-5.4205766176977175,180,294,1.5020328072914197,0.3981144054965218,0.8045123349153606,0.17549510334870028,1.8829363116960545,4.414262310047318,14.156617891006992,8.208522574548486,466.1388060875424,1774.2109931853824,0.9276283250621359,0.9937976458121456
87,20,5.423365815699996,-5.423365815699996,156,15,1.49154298369241,0.392963730731202,0.8126131607495393,0.11330912863659505,1.9327360618172507,4.3216431526197985,14.61920327392118,9.327333309447855,435.10392974212385,2009.1561961368216,0.9887810133327313,0.92777236162585
87,21,5.405138368441946,-5.405138368441946,180,74,1.494661627772358,0.3935497605474746,0.8406982375209752,0.18406560741149305,1.8053040948169703,3.9702524278057028,16.049907607949493,12.244454126463063,350.2002569053312,1073.614205312741,0.9386480101609449,0.9692207919886728
87,22,5.438133400123348,-5.438133400123348,147,39,1.5085419571688616,0.3914108226398676,0.8124337331563709,0.18010725467823932,1.9787972654450452,4.4607770820556105,13.84069105557744,8.617739950892606,455.63507377789927,2325.595854457437,0.9955723133333503,0.9978425707978246
87,23,5.38796487851922,-5.38796487851922,141,15,1.5226759514478148,0.392963730731202,0.7991570329751376,0.19227596632114755,1.7290228832744228,4.4225574822912606,15.31390093805761,9.327333309447855,416.8936361959876,2300.1053479485477,0.938812883184746,0.9718205466268769
87,24,5.3769367727835276,-5.3769367727835276,121,79,1.482239420855759,0.39994028884895216,0.881178806723522,0.17017032380433753,1.6631326085229057,4.2306620472485905,15.118320301749057,10.007012703120061,420.04964982270747,1884.3728232981603,0.7232886121642332,0.8983771744032488
87,25,5.048355899419729,-5.048355899419729,98,367,1.485587581174103,0.3814359326637868,0.8965790342120161,0.17269624556777793,1.7455951880776566,4.279024013952187,17.593024775661757,9.877613233496696,327.58799868617734,1601.3313888897774,0.9832806145248465,0.5519358158533527
87,27,5.356836794883952,-5.356836794883952,137,277,1.5167115964399143,0.3915833952788451,0.8602930543380205,0.21966439294236148,1.9145000454165526,4.25956401165008,15.194501902721477,10.77308285980508,373.90323135808086,2264.2067691870993,0.995502127307553,0.9347126500481475
88,5,5.013287785862554,-5.013287785862554,39,370,1.4048448231477553,0.39867736021833644,0.8135878642514938,0.08295486943939069,0.5744004155792104,4.270936851829937,19.31452911031657,11.444933113474969,374.3933535228855,2504.1346289391613,0.8869932287324606,0.8028488620632399
88,7,4.8859338571519535,-4.8859338571519535,42,306,1.302202728274313,0.38986410016381456,0.7698489453099961,0.17089342299118193,3.0843813772531283,2.307218506518944,15.001956701047838,9.961036310134242,347.3399887519715,1286.999986353986,0.931358486891511,0.6536150366171432
88,9,5.108541046381841,-5.108541046381841,100,410,1.4766742339074588,0.3960751344836504,0.8037963851909241,0.14324433417860416,1.040032757219126,2.9728276267692624,19.048900842615232,8.620183483465205,323.93038708932676,1609.699833759658,0.8471943307275269,0.9512306081643114
88,10,5.200631001404073,-5.200631001404073,97,373,1.4717569082966486,0.3831721389975816,0.8210916097338363,0.21471040021159712,1.6694487632343815,2.6933142879169827,14.220826501000404,6.606330147651744,409.85016428605485,1985.2391922884315,0.9938733409125691,0.9488368376743983
88,11,5.270725387627186,-5.270725387627186,34,209,1.493711685705692,0.37989991154256475,0.8596086959417425,0.18147367192007954,1.1097202394776855,2.6657163596985027,16.107582573383034,12.698912937161372,321.2933118233509,2106.5215279866793,0.9753321194444535,0.778595871389073
88,12,5.394671187531726,-5.394671187531726,193,125,1.482676476491176,0.3988626737500264,0.8058543454525968,0.11921216508031057,2.097195141077559,4.2903705594536365,15.408820655672137,9.975880761450387,400.27906317093573,1748.4502899089157,0.8992039524840291,0.947392860432883
88,13,5.244277704603483,-5.244277704603483,93,22,1.4282924663434233,0.3949712115737868,0.8715950796133743,0.1773529719672441,1.5469209488691094,4.125778372095009,16.369367957453203,9.25141181259637,405.30992147406533,2383.916392994226,0.7483594723501346,0.8732395919066247
88,14,5.453114712884687,-5.453114712884687,232,211,1.512098759229557,0.39850782064846363,0.8577403027964223,0.20361996705582097,2.158538040350691,4.300103231201412,14.186898208756334,9.593633840713881,422.91255741662064,1883.6046314366265,0.9234706044334295,0.9929432496528166
88,15,5.468771705220762,-5.468771705220762,185,222,1.4897824256024923,0.3945793469128175,0.8626234035149312,0.14409100804825786,2.119980222271985,4.379279262319605,15.785183812117872,11.745066673973842,377.18739728475606,1390.2628042592924,0.9150706561208028,0.9276538972361801
88,16,5.472415900790641,-5.472415900790641,219,367,1.5114589146360735,0.39607283488197953,0.8946290418509706,0.12057416408653762,2.1476775291468018,4.340165778490771,14.913165761047381,9.838341620037802,404.0827350377602,1346.4547379159794,0.9789469487363155,0.9724125681246509
88,17,5.38173122047983,-5.38173122047983,118,34,1.4955070788113562,0.394513869240121,0.8580517492308504,0.20460813849010664,1.6831843759778398,4.204081620204545,15.141505047456912,9.50905634475287,427.915946493735,1957.717770330491,0.941381644773901,0.8868399776362589
88,18,5.434335509708384,-5.434335509708384,145,145,1.483281304936618,0.39824904033915864,0.8544382341966141,0.16143476661866407,2.003901219024612,4.359358966776363,14.85464107662166,10.537251864459664,396.91500517951596,2131.106350132592,0.8852901434241698,0.9705512330674793
88,19,5.4169792246333905,-5.4169792246333905,137,387,1.4947349634201874,0.39992377583307154,0.8144754253885742,0.149122339673038,1.8649358291758817,3.98197881933426,15.856195706256628,11.639583856856909,349.55765325834255,2427.9826980181915,0.7611244449095653,0.945511239000556
88,20,5.289030414483905,-5.289030414483905,69,253,1.447041937696433,0.3936861596324644,0.8493317278957052,0.27143782427899477,1.0731963034474006,4.162312373701221,16.627817605673787,10.371652428368987,409.3984528486137,2126.926285900564,0.8454911631708193,0.8651751400764736
88,21,5.441195306271956,-5.441195306271956,157,459,1.5114259539007147,0.3923599118715916,0.8817629939213221,0.14472235866944033,1.9963041287557852,4.18514686943122,16.447419224498535,8.369252420136961,413.94100858234907,1615.3697086953744,0.9717384584106683,0.9484489227720234
88,22,5.42513310749592,-5.42513310749592,100,392,1.502036157472115,0.3914500690260998,0.8998765283568824,0.15719532178597725,1.9130446482362562,4.353059661948533,15.723824420057316,10.062122742609649,401.86830153563,2718.2855624081494,0.9085582321993723,0.9557008688968454
88,24,5.375642319267595,-5.375642319267595,144,52,1.449410335464937,0.39721432319612376,0.7983182698763422,0.1955286382411164,1.6499548785270821,4.265270666590272,15.130992830763951,10.507923591472865,378.37425028459893,2013.1733605947802,0.9717759683118428,0.9838226232669953
88,29,-25.777962336604105,25.777962336604105,4,208,1.4103471929173887,0.1499664882550091,0.8179542131747809,0.1393443461872278,2.536949813244762,1.7205080168654854,16.678764447909657,9.861011853265495,397.9796525705511,2707.069449366032,0.9631091828825791,0.8171853485678602
89,5,5.089812255115271,-5.089812255115271,90,10,1.4845196355822923,0.365820211674142,0.8735655930563795,0.1811290590100622,1.5343155234841814,3.590555912055035,14.147569399625102,11.283212441313179,374.37973106298136,2508.3777456022326,0.7014815890003885,0.965994299185752
89,7,5.230394056557296,-5.230394056557296,103,94,1.5088074683978792,0.3715686140322558,0.8790515908619017,0.25386998091547336,1.5837570074903535,4.004652695300248,15.467369912265118,11.861749764358711,347.61935079438723,1870.6543158954994,0.819851640638011,0.9983544820180037
89,9,5.174602777932215,-5.174602777932215,55,339,1.3561114192636683,0.38741455677573233,0.8108282381706078,0.13331876579695817,0.8716475414241402,2.7634581657768638,14.849313441351667,9.881278407819453,387.95948759046905,1642.2580692896288,0.8703224013724127,0.754023004192929
89,10,5.238779224127265,-5.238779224127265,98,81,1.5068115363743733,0.3770430338397901,0.8627513249974483,0.1760763093949245,1.3507869817014606,4.267754494148906,16.30458365973973,9.313444584925023,378.7456516896954,2369.785370484258,0.9225498817639222,0.9813838027884692
89,11,5.33109477871335,-5.33109477871335,53,178,1.3944549329019673,0.3653371250811606,0.8802389355060873,0.17213692717164314,1.395638024720819,2.6003329801209247,12.443780541352655,6.9236413679750335,494.8040292831961,1117.0998165517578,0.9874367299629059,0.9649373150378578
89,12,5.164199389475825,-5.164199389475825,59,303,1.466968971734979,0.2802518423064805,0.8483142708136282,0.24244938818601425,0.6407643979979603,2.984348046279126,16.56600128195782,7.849747571330511,431.0894034541686,1291.6800712028173,0.9911616229482878,0.8699599336732666
89,13,5.4583506803369035,-5.4583506803369035,257,401,1.496476490452417,0.39797509510525264,0.8362740642654906,0.21790237366582388,2.0688792451953395,4.4806193279143685,12.53474717913356,9.145458123545382,478.50258120658634,1634.9964242024225,0.9497478197244478,0.9898699467422509
89,14,5.408829565941389,-5.408829565941389,205,162,1.4550007340147775,0.39080186976841474,0.8889474595748625,0.186463661818892,1.8065601187977882,4.068513550191531,13.722005448984508,9.276802510259014,444.69223768981925,1140.8332757578532,0.9871007330450062,0.9557337307866345
89,15,5.441910557741895,-5.441910557741895,229,268,1.5205029094346472,0.3952173667793148,0.8865305041501346,0.1526759143572005,1.9963919238771122,4.448902016344153,14.34686829058967,10.881891265159094,390.0152811694699,1179.4320116081153,0.9863348352793866,0.9777544657623456
89,16,5.436358175277714,-5.436358175277714,218,48,1.4883284784724227,0.3948269282235455,0.8421477021974687,0.15472155236267016,1.9592253390722811,4.096996460145592,15.127049714254213,10.14156037787999,410.45831608284163,1281.7798177893653,0.9251262362086432,0.9054894203503654
89,17,5.414811440909,-5.414811440909,132,365,1.4995769329589483,0.3955288270359028,0.8413276314001478,0.24253575178146758,1.854909728928754,4.419814971648198,15.195939165063642,10.926208140890797,403.97969554005937,2973.1823491945725,0.8877540996495045,0.9539363277904114
89,18,5.420743967057645,-5.420743967057645,145,293,1.4859086066399014,0.3963618914817709,0.8495225465184173,0.1307773938720708,1.8823003409430257,4.445142921077036,15.352400358220663,11.017852037278827,362.1722243113442,2152.52789681816,0.9711863555394876,0.9933730469584019
89,19,5.3903451217935,-5.3903451217935,119,271,1.4997767075579327,0.3734650567264059,0.8424744432026581,0.1529651954102607,1.779946919347119,3.8490866352325184,15.5321970196094,11.259899034264768,361.49297288894235,2274.3846095071963,0.8898134516533636,0.9328025373197426
89,20,5.390361590273785,-5.390361590273785,106,423,1.4727400360371057,0.39090431511472556,0.8712248120542324,0.22302617675956007,1.7274648827926842,4.268955276688612,15.986645416982938,11.477936394528225,346.40348703672066,2332.810592862162,0.9355962685514198,0.996406869988433
89,21,5.413266256107374,-5.413266256107374,130,365,1.4995769329589483,0.3955288270359028,0.8413276314001478,0.1256852500011547,2.068679183039992,4.419814971648198,15.195939165063642,10.598477020283806,391.2275786320023,1681.4379053065018,0.8434438662249705,0.9539363277904114
89,22,5.40972280201097,-5.40972280201097,118,29,1.5077845643057262,0.3975004394794117,0.855282971254608,0.13509271580239357,1.838851209010381,4.011050952752967,14.032960339215755,10.634491567598893,389.967797994449,2366.21105927929,0.9705133075312239,0.9747018203085237
89,23,5.367111975312356,-5.367111975312356,141,379,1.4940474291885855,0.3986501821929392,0.8509807035612449,0.14438102428734717,1.9160056074516851,4.325574144679473,17.2355899058905,11.881845938315127,322.8383276873382,1941.0682968871356,0.9525384553833216,0.9216810151061469
89,24,1.9739082165015795,-1.9739082165015795,27,161,1.4099622265908547,0.34479242361315393,0.8987924133231753,0.09675470371133872,0.8375077082138873,2.091479025122992,17.981599299225365,12.601304267917106,338.02925842891244,1214.8010090585153,0.9052524017039736,0.7247890360155627
89,25,5.439047077047482,-5.439047077047482,162,268,1.5205029094346472,0.3952173667793148,0.8571827119009405,0.1526759143572005,1.9963919238771122,4.448902016344153,14.133077740115258,8.502016573234112,448.7436013590974,1620.1016797795476,0.9491585828694817,0.9777544657623456
89,29,-1.5950321993231227,1.5950321993231227,1,506,1.1151060946198683,0.26248053227841134,0.7450346281664144,0.08532995884463423,4.294356299354707,2.24933241866529,19.296836519575777,10.98604099266231,215.75145879760385,1257.0545487105846,0.6049422607757151,0.9398913276204348
90,2,-4.3940305867266005,4.3940305867266005,16,74,1.2336004597509875,0.3699458013475351,0.7148028063064702,0.09261273962385262,1.9144994046721286,1.9532879547203104,16.545583286117907,10.449747488003144,312.28443075979203,1978.3460823342732,0.7538854877333573,0.916834994803537
90,3,-7.60605177823264,7.60605177823264,2,505,1.2611343116670268,0.14703508581966163,0.8895401978865266,0.17334093240509751,2.3461621305905282,3.7749810845689726,18.157758620674656,7.573331986977119,337.1628148873015,1522.2338348368714,0.7592055650231125,0.7726949262432754
90,4,2.403775544217548,-2.403775544217548,15,218,1.214319631631855,0.37548160132049563,0.748481351511518,0.17609585486541446,1.469146088463419,2.8173958773693046,15.838741075963263,8.167895467169373,351.4516584826078,2574.319537281801,0.9043071921837901,0.6733233110978207
90,5,5.124999231824729,-5.124999231824729,54,95,1.4776321010540907,0.39188833501814135,0.8723748318624647,0.20909161254958178,1.690543054111639,3.6505895478894352,16.509646631782573,7.424589482169486,428.58298720101544,1678.452697083254,0.7972452371207356,0.9387505775177971
90,7,5.123861356926668,-5.123861356926668,83,54,1.4148861933973427,0.3966149067642852,0.8193646184306647,0.20535880428904524,1.30738232760847,3.002357498635401,15.081336967859379,7.677463325285324,439.55997217044944,1545.0564311039543,0.9808862256170606,0.7572216747094351
90,8,5.1724304991508125,-5.1724304991508125,84,4,1.4317600720605688,0.37999558584462667,0.8323631527407721,0.2231300633578178,1.097088856557656,3.7376470505201294,17.262371831897894,10.058401696891442,340.4834609852496,2345.1007331605706,0.9169014462012124,0.9734826528644542
90,9,5.395584499078565,-5.395584499078565,75,141,1.5239012647117987,0.36776405061358036,0.8462160736192512,0.09838943664946384,1.7597195538316162,3.330670667478644,14.435520428232754,10.621148308138107,416.7801922375529,1858.344942047801,0.9579953577013081,0.8268962923552611
90,10,5.31562520349502,-5.31562520349502,46,142,1.3876809690930496,0.3902606872133767,0.8661091845491444,0.26259285192011894,1.3476768599170081,3.859268112678402,16.285995157707625,8.566055211926074,421.61834134074184,1056.3324610596414,0.9941575603604982,0.860824649652013
90,11,5.329487915517153,-5.329487915517153,61,52,1.3634803560581723,0.39706477738757856,0.8283733287147368,0.2671660146895671,1.734628827775499,3.7934853364197663,17.1343891646095,8.075177907694375,431.13078761111416,1490.9902737566165,0.9035367474616314,0.8734550913498548
90,12,5.462322418671683,-5.462322418671683,251,490,1.4955226338831942,0.397919697644207,0.8852630079673063,0.21742604616840627,2.08976743678555,4.21449955184695,13.783888559802449,10.38379495836299,408.19122497562523,2132.1949221798927,0.9630077877446757,0.9861058891351051
90,13,5.2535114416733,-5.2535114416733,65,443,1.5024984316370151,0.39616799759980637,0.8153537812682101,0.23791143685322022,1.5452723841798883,4.1199012031196425,13.984218428254133,8.64334751062747,405.8643041396365,1208.453982906839,0.8929889933665357,0.9782377596810394
90,14,5.384993802901185,-5.384993802901185,95,87,1.5155233562200552,0.3811204607238479,0.866934383274568,0.23878662175253826,1.8335481445759492,3.5977830787496727,14.787915308441463,10.662501938473604,385.29145196179053,1804.228101705749,0.8690630247326774,0.9429480443660114
90,15,5.372558085551846,-5.372558085551846,64,429,1.515414930054074,0.35668219529888395,0.8204851628993697,0.2738339450494728,1.461349807001418,3.892717940021605,14.566078150003632,11.021799267506756,410.04255996241807,2074.138967991594,0.926936248757515,0.8815156291181012
90,16,5.383280083760088,-5.383280083760088,161,415,1.4943459970373647,0.3952553694736878,0.8505157028709092,0.16723269503564814,1.9563847455085197,4.178621726600239,15.289778517598712,9.582477395058163,417.1760623157619,2609.226263896519,0.9423107129561039,0.936266554225927
90,17,5.410837465410813,-5.410837465410813,144,494,1.486966603997569,0.39911400735920244,0.8652580006919037,0.18629779518484105,1.8333905268642576,4.106313908908893,15.943815624699974,9.132611095323485,427.0397275970555,1676.5995146375901,0.9543557518720363,0.8850489798281654
90,18,5.408597501312515,-5.408597501312515,210,273,1.485811555096789,0.39913060792481525,0.8983925754283163,0.15757536761767627,1.8231514316876485,4.147118926460281,15.488846291858856,10.528656666565338,389.40024872226456,2312.99472817027,0.9899402654075693,0.9231033913177185
90,19,5.37390017698627,-5.37390017698627,136,429,1.4685283614514235,0.39698447540322956,0.845710598547787,0.2738339450494728,1.461349807001418,3.892717940021605,17.477462406209792,13.521787927847896,317.5319155328429,2074.138967991594,0.9057403513460407,0.8815156291181012
90,20,5.422649829226293,-5.422649829226293,170,150,1.5191835240068732,0.3962854878361588,0.8717466195473511,0.09609312947333735,1.9323521757050515,3.842013811431061,14.537322069553886,6.755691097750043,477.0710694151084,1480.1563963124026,0.9761403836412097,0.9817288412970835
90,21,5.412877218089568,-5.412877218089568,143,239,1.5179246736682124,0.38960720328079446,0.7823154015523082,0.17549035548763364,1.858937603387742,3.9954698911817017,14.602574749737336,9.372690180918049,401.30597620703384,1875.060405410824,0.9044766994998786,0.9682390007192303
90,22,5.378155082346614,-5.378155082346614,110,324,1.4636102370490236,0.38479487063193474,0.8840108846273607,0.2980587550270513,1.7309514228070437,4.483284936538432,16.038509500532005,7.887715382437948,428.98926695827254,2001.6162961053121,0.947626305578634,0.9485478919989809
90,23,5.138045506080385,-5.138045506080385,36,300,1.3701117688935278,0.3974621566819102,0.8574460222751323,0.20614845072897503,1.087646353452111,3.9953086501288517,21.042175490920705,12.69192529881082,272.77089469149274,1657.4586403847718,0.9649074409968953,0.8376673754406444
90,24,5.292593955308697,-5.292593955308697,140,267,1.478668158706052,0.3838513786651064,0.7853339786141726,0.08846761984710316,1.8625593093893418,4.295588862506034,16.83390996347496,10.544046069482963,388.41997744950385,1843.0981730683636,0.9442237386991142,0.8778004426058053
90,29,0.04595588235294118,-0.04595588235294118,12,115,1.2434252170497948,0.3078731741321773,0.7957590216913751,0.16270184714023825,2.1307449046721483,3.0652651057400453,11.11080265857992,5.358930245041847,290.7130527583903,1802.7848777122117,0.7087746125026074,0.7191688210288049
90,30,-12.501337249973439,12.501337249973439,1,167,1.3217246395964177,0.12135573003441094,0.8438294403254986,0.1450357265211642,1.7292173905298114,2.7284189318306744,15.24256088770926,9.233946019783616,282.93057680130005,1681.5047655254602,0.886512697674334,0.9587703156284988
91,1,4.73190845772249,-4.73190845772249,52,296,1.3785152046945228,0.37231616227257114,0.8464902909102492,0.26295126883254094,0.6507193865525505,3.5695596080274834,17.415198893322188,8.250832118720915,385.71725377201153,1425.3904838281348,0.9308114860569099,0.8299666536209376
91,6,4.923085695574589,-4.923085695574589,51,90,1.4153992137653326,0.3928794919830905,0.870260875430627,0.18095911166530737,0.6330019608358097,3.3629281026840525,15.399152040347337,8.769162102432158,419.52470669670817,1863.2040481346262,0.6689232639324495,0.886881398264326
91,7,5.024602189460902,-5.024602189460902,68,78,1.425064479268712,0.384065454995798,0.8224176108313657,0.17872170244190005,0.9853035605528542,4.497700666230627,13.243943850124687,7.439813245200837,466.32811066445936,1746.564701641304,0.7789768949817168,0.9232209909030147
91,8,5.120271637705754,-5.120271637705754,83,79,1.5237976673560731,0.3803055931407795,0.8088656219082515,0.13876985345069115,0.8315540312378715,1.3693616451500108,11.357388686738046,8.191122438259875,462.5853584330607,1911.1161451373296,0.8261653671014173,0.6787780632848714
91,9,4.8474845399495345,-4.8474845399495345,48,78,1.425064479268712,0.384065454995798,0.82917964842948,0.16640455679404068,1.630651683943614,4.497700666230627,14.456890932946273,7.588485761115885,379.2236450458563,1244.5432651042684,0.904505063815022,0.6800947251126626
91,11,5.36801855069653,-5.36801855069653,121,68,1.5235225979721785,0.3847037493186608,0.8482747378602571,0.2192536225345208,1.6194620503598736,3.5934834778541003,12.191580074808545,9.644023592320679,454.43287822671255,1345.5002271085016,0.9670858916252874,0.9842737428158748
91,12,5.050200803212851,-5.050200803212851,49,62,1.4416313903039217,0.3910781467910637,0.8459777760863181,0.25207877276820156,1.8866344228702419,2.530623034915646,17.65297061961414,12.442748026177851,287.755250377972,1947.0769483984895,0.9411743496139817,0.6145151957249722
91,13,5.434606006114786,-5.434606006114786,224,493,1.5066916338154739,0.3902257994410605,0.8717549263846921,0.1411053296607439,1.9567562021844875,3.7691642225595374,14.422988726967947,10.697873689295808,374.93142746912304,2048.7078441503377,0.9483940584757659,0.9798434666542388
91,14,5.4354457035076456,-5.4354457035076456,203,508,1.4732513816974915,0.3992628042427546,0.8615154909376601,0.17116881664275965,1.9517437085354437,4.143705079114832,14.962094173577892,9.481306464654415,407.6193748097696,1008.2701815785261,0.9846620865178053,0.9675755177644363
91,15,5.415429365944618,-5.415429365944618,202,497,1.4872411818034204,0.39919153683356656,0.8798726420491146,0.16602423531060762,2.121443253584642,4.256776121258102,14.705250912312124,10.843380216527562,394.237059641673,1566.539055622643,0.9294366455036424,0.9406187975190117
91,16,5.422450552807732,-5.422450552807732,123,508,1.5017473182246965,0.3970866352805559,0.8621960061124908,0.13708674764883338,1.9852186082845353,3.9762750312593758,15.155561077829072,8.94894220167784,406.3478281195856,2142.3005254120776,0.8628217586561595,0.9675755177644363
91,17,5.4502030206423315,-5.4502030206423315,154,310,1.509186452799266,0.3976152392245242,0.8937518914686211,0.15111271589161251,2.0428634186746377,4.11413182744296,14.825177878730413,8.083263271184618,439.95350023613,1595.6188306534802,0.9978959948151189,0.9754234451494523
91,18,5.415747171780711,-5.415747171780711,140,55,1.5149630377077619,0.3967725119544273,0.8514017290115217,0.21327056232953986,1.8707530355109552,4.22737972680113,15.779564049220518,10.930177501554711,368.8698469106652,1778.0224068689213,0.9262058142892795,0.9178986248250693
91,19,5.393630896097702,-5.393630896097702,129,310,1.4984393142145418,0.3819772254449747,0.8320960462543187,0.1999270603569525,1.7896785060307512,4.11413182744296,14.29251569999665,9.708090917591012,439.95350023613,2100.8280194146046,0.9978959948151189,0.8922641663134727
91,20,5.385680341198649,-5.385680341198649,135,219,1.500913026449668,0.39775544543898556,0.8743824880205102,0.12906590319570246,1.7164799535825752,4.321302966351964,15.91435133973882,10.774257648074881,383.6755076465305,2564.3374472417677,0.9611807152780929,0.9597037618541704
91,21,5.406008962455127,-5.406008962455127,119,446,1.5093555960177154,0.3960576413734114,0.8132360497009796,0.2178603269834857,1.8728297365182007,4.464686506778186,14.78781084384151,9.402516484457468,394.63303392021,2318.9500576849746,0.9690335942089577,0.9836770147774312
91,22,5.375075520632185,-5.375075520632185,92,396,1.5063192686454656,0.37396739944199964,0.8568359237251884,0.19136180046210996,1.6668389800806416,4.223430167694611,13.880544886228419,9.840327720036003,409.51845553416143,1854.5391138076016,0.8561764360070863,0.9499010842591733
91,23,5.411794988008364,-5.411794988008364,141,437,1.4946328332297374,0.39595454560162613,0.8366059853309255,0.14666007079410895,1.8513911676118453,4.435391541407421,14.652542027845783,8.632614511014419,441.9592401054024,1648.332766292388,0.9837366772292475,0.959526318689744
91,24,5.377191569320571,-5.377191569320571,125,467,1.5122296605096042,0.3929843166698627,0.8412879814709089,0.25170836647896827,1.4950584083204128,4.348163534211775,15.315791039859086,10.15753809575204,429.99021517631144,1872.2418513190396,0.8639763125149844,0.8837624989426414
91,26,1.9874397691869286,-1.9874397691869286,37,463,1.0743698888285451,0.3755079027180532,0.8981424024254244,0.1751737960436608,0.6620073088544465,3.0658655645173987,15.956379769733301,12.185597559631184,344.60705142040035,1435.3888101886455,0.9769876552167152,0.9186106175799837
92,2,-0.6968959468536928,0.6968959468536928,3,162,1.2747170640546908,0.346024768576026,0.8871571462756658,0.13991054693368854,4.934198904252071,3.345615930371391,17.363704438662225,11.357564777135849,469.4824664951792,1940.1963313149631,0.8765886921286439,0.7033071861581847
92,4,-0.033126351797251985,0.033126351797251985,18,50,1.0960548586784675,0.36453012030069276,0.8630500770265683,0.19958921764895504,2.83813404475388,2.397247862433828,22.825206959896533,11.576807431213943,286.10540868501744,1558.4699522774265,0.8036864501805008,0.5569845605597323
92,5,2.3863689772706067,-2.3863689772706067,17,264,1.3720711541535615,0.37513681346623945,0.8613877307746651,0.19773346630198257,2.118079293662689,2.7677917901610134,18.483691953581964,8.957054583907059,370.2744316877791,1899.6030609388547,0.7253458094827963,0.7491409238105555
92,6,5.0326593258621015,-5.0326593258621015,56,412,1.358860008894427,0.3759778195347474,0.8112147209199884,0.14734154504730454,0.619816107356522,4.006141206986625,17.61126267543993,10.147702564603728,385.83686276682323,1304.5512125051741,0.7869213674602026,0.9102044893454758
92,7,2.105149807235698,-2.105149807235698,26,50,1.0960548586784675,0.33399222051369754,0.8158471571236602,0.14630947287996596,2.8566450445686202,4.339969529065095,22.470348504638704,14.377709820669054,240.6620263470816,1628.7449275692236,0.9831184625955116,0.6934176278071401
92,9,5.267570216376881,-5.267570216376881,112,270,1.3578358813214269,0.3837616693218472,0.835481875064547,0.25334120916456193,1.2700538637308696,4.1080456149589075,15.745315511372446,9.866079650921428,422.84393797170446,2333.2999695398266,0.9519535028867898,0.8243162064869136
92,10,5.215325739941994,-5.215325739941994,87,305,1.4651902991644248,0.3544230327736638,0.837578679022885,0.22826631966039684,1.1644266638735756,4.355594880965862,16.06721666329169,8.579821439788377,425.8163908689453,1822.2439322292282,0.9839322133374844,0.9160532057095938
92,11,5.267306508304822,-5.267306508304822,122,214,1.4502657239680656,0.3913402084441263,0.8451850732659667,0.2102944228343327,1.144029427080205,3.3520775778144873,16.119625284018685,11.592806675540853,328.931550480685,2662.2994048407195,0.9652572449742429,0.8473530775259339
92,12,5.054665531972925,-5.054665531972925,36,472,1.335485438702407,0.2839360427713737,0.8625941543492682,0.2427312552581556,0.6091459242703565,2.624768283193838,14.85120680945179,9.908103905009312,421.2346722629188,2511.9363226405935,0.8775761381473148,0.8742190147189631
92,13,5.387943168822233,-5.387943168822233,246,200,1.5088703855785894,0.3934998184185309,0.8583975983037933,0.21041122377373553,1.5869778441586677,4.231409719530719,14.181037470919584,10.082775894703035,437.61946576807793,1285.4436368583729,0.9201806858216462,0.9531960954222254
92,14,5.405004303106322,-5.405004303106322,84,500,1.350551852235016,0.38664492129241046,0.8475663901802543,0.13395421053473622,1.7636920666029177,3.3355387248154162,15.790928849731342,8.59082211161768,391.94395826415223,1218.6645559690944,0.9974242357938556,0.97191375175556
92,15,5.419009712939669,-5.419009712939669,138,484,1.4521197018547967,0.3900378729260446,0.853556012224298,0.1732878255275279,1.8659801936210707,4.332923746815016,14.280459445837218,8.836190577378511,455.41282147153174,1708.77194605946,0.9155035301429557,0.9252306522466445
92,16,5.457644966545293,-5.457644966545293,266,300,1.4875737610540705,0.39880956689443636,0.8687769321121115,0.15445597657341265,2.0742974845472117,4.37511447381058,13.900135670282264,9.021638533777033,450.5652793867422,1239.3565121295444,0.9641990074164116,0.9718086076305095
92,17,5.3879334828701895,-5.3879334828701895,104,457,1.4779506342236655,0.38683550927040034,0.83672228563345,0.21412946429092194,1.5284666145100436,4.132517424469069,15.94581460352708,9.27008119782992,415.6535539961532,1579.9863198345104,0.9072600942625856,0.9404168726229573
92,18,5.409855981089111,-5.409855981089111,135,214,1.5004818380243674,0.38796070587581033,0.8481185156250172,0.1503882437877052,1.8471390703517492,3.3520775778144873,13.01660958182346,9.69888338304547,423.9235777495576,2167.89691151548,0.9652572449742429,0.9600485313062532
92,19,5.401241074659634,-5.401241074659634,140,142,1.510630613613856,0.3993171280228915,0.8306763762146819,0.145435380234178,1.799355358449044,4.1803393922873955,14.56709349419182,8.820364597080214,410.7848146190406,1339.0632401913097,0.963452984765873,0.9984411637281829
92,20,5.375046372259233,-5.375046372259233,144,323,1.495495370159695,0.39399364555404215,0.8906714555950084,0.1369907408952103,1.663267215533442,4.291481907383826,15.846556691616778,10.823544417732778,345.42636940720706,1988.796581573572,0.8706144186148139,0.9857488355441635
92,21,5.190922408665616,-5.190922408665616,66,285,1.3762730608827716,0.33009707493636153,0.8187845689977407,0.2498331139835181,0.6359951057049091,3.155396002058371,11.96581126973678,8.3055221134325,496.6359533029422,1666.2733614010567,0.9614085094430149,0.8496980717940578
92,22,5.36829797732221,-5.36829797732221,106,38,1.4786782636960232,0.3946299572522165,0.8350403580616426,0.1755953908109294,1.9032472518085541,3.83771104134235,15.208016464177057,9.895908916502265,383.0193987863652,1638.4382768308178,0.9343760705291149,0.9704517913872788
92,23,5.316111007781509,-5.316111007781509,69,492,1.394918842413516,0.38995592231479687,0.8174142055358657,0.20766608327757838,1.2209963084793358,4.310207158999733,17.619167370797133,11.815198237075169,397.92057988235274,1496.7584906821792,0.6596484650569261,0.7290231494075868
92,24,5.365431994979468,-5.365431994979468,84,353,1.4842459073605574,0.38566899701608803,0.795236637842609,0.19074847364681308,1.6168143700940554,3.1831133330298798,13.19104662332588,8.078136118622073,472.051530574036,2155.1426471281206,0.9041677440657001,0.9281899032870202
92,25,4.34964001508236,-4.34964001508236,41,153,1.4081952929301078,0.39632545261081786,0.8825747140889149,0.13311882472636657,4.992098932844534,3.8366686312404994,10.83212268120975,7.78696577333091,446.48170080164215,1886.1916677187937,0.867817063670949,0.746848787005025
92,26,2.3042149044261415,-2.3042149044261415,24,471,1.3871953865741977,0.3926336390522012,0.8544376717579039,0.12195393460045044,0.7848034572488145,3.3974813961814148,21.49911425607155,9.36217982398105,374.9764076567338,1573.959742986789,0.9138412503500788,0.7019467196003196
92,27,5.222116833757651,-5.222116833757651,73,140,1.519770092143953,0.39618031031196693,0.8843594868519346,0.281417081264161,0.71972571217196,3.084628421443864,18.353276607970674,12.486971323631884,316.41444343827476,1015.0725294478942,0.9315471550146034,0.9348555721732497
92,28,-0.4063350566161361,0.4063350566161361,24,372,1.3774653992853114,0.31283431297555286,0.896539501123838,0.17965583571483146,0.6954105169419762,2.024055427943833,15.517715701467363,12.334497045570846,381.3906000969042,2495.827059045239,0.6057686783764489,0.794936709657628
92,29,-1.219602983916678,1.219602983916678,24,461,1.4415423812549881,0.34136850857045187,0.8982222099430829,0.16704984220209396,1.0818207157479949,1.5623508380894522,14.034027304457657,9.744315280483915,395.68885708896124,1781.8147169834785,0.9699227262454673,0.868222988593654
93,5,4.785641545925381,-4.785641545925381,16,424,1.4098383640790575,0.3977452418911735,0.7983705522221859,0.20448756497097753,1.2491215942109184,2.624865421265839,18.94750721183969,7.826921003522939,394.70845506937894,1042.7847523681535,0.7404672948166872,0.6222116101685128
93,6,4.916013075703635,-4.916013075703635,48,44,1.433693048090504,0.37398930963824484,0.8379849137918672,0.12511054595419246,3.8738863694723062,3.3886014460958354,14.276691768169014,8.68759741586602,448.44702982967124,2263.4623998936013,0.9093060122860495,0.6419667726449318
93,7,2.1535597442152943,-2.1535597442152943,44,183,1.3909458188083788,0.36917180883262,0.8588872779747259,0.09143335497020093,1.6431684286984698,3.728785168769053,13.419686766765444,10.620730608843353,493.5652498894483,1822.2220125655917,0.8689622037511605,0.68738935733597
93,9,1.1469272165858522,-1.1469272165858522,17,18,1.406325968915756,0.3547735910616102,0.8696063440631732,0.178427286755331,2.267656352842283,2.8953339411808874,23.08922901309929,12.470691760049764,311.13622931789195,2601.0291468173095,0.6964574877757934,0.6789435269641767
93,10,5.41842667791158,-5.41842667791158,207,282,1.503404714563369,0.39814159094798074,0.8758893384556424,0.1963609809779659,2.1416618217956724,3.6776650027898246,14.909758395145566,10.434473361189053,378.30301690400427,1650.1363724004466,0.9916811237375734,0.9434324787069812
93,11,5.352988051529556,-5.352988051529556,200,270,1.4836590452035445,0.39993558311865385,0.8759550681857083,0.1670354691693603,1.7978595907719455,4.176902211308695,15.002571605049784,8.380899639108174,427.4592557061576,1988.528745978522,0.9090047406381789,0.9458401799377543
93,12,5.350937520020898,-5.350937520020898,130,303,1.5057948184248962,0.35421785326815025,0.833264074173474,0.27282522652701363,1.3639629473007682,3.8166577546746563,16.23360117027434,11.589023584237058,355.610351837142,1980.2133248660093,0.9911616229482878,0.9179317099138972
93,13,5.419399836321075,-5.419399836321075,143,333,1.5083258882004087,0.38936561595028885,0.844275562720661,0.1487242044248397,1.8848854534821537,3.8488292800132102,15.818502123781968,9.061622602744125,399.2809223750579,2059.664758183881,0.8688968138623024,0.9279717398255927
93,14,5.300125344255314,-5.300125344255314,30,269,1.4089417019134627,0.34243188043427364,0.8780077889409685,0.16533839062675385,1.1187477757699655,3.4782447063431885,15.618500146944116,9.724880409669609,474.545840259276,1403.8905698909066,0.8294545253856517,0.7167345284919
93,15,5.445220558309466,-5.445220558309466,128,410,1.501138555738407,0.3977678141138882,0.8555264117214634,0.13596102808206906,2.0916858862665806,3.8565603255116527,16.66231154683297,10.692922925291,342.48412584425984,2028.5833940392306,0.901260981224456,0.9560495427285229
93,16,5.436929168261209,-5.436929168261209,200,86,1.4949771788268191,0.39601086622961446,0.8409827428233823,0.29381023039595505,1.9740356829616312,4.2332366785174855,14.481559376851916,8.434624246582903,446.47304029454097,1557.1301226097767,0.9574647059123598,0.9743626892327519
93,17,5.240309662096521,-5.240309662096521,87,222,1.4711995124539998,0.38495174111712366,0.8884186796746307,0.1778239752467201,1.3237420270767528,4.227014401816067,15.678281763327726,10.79117076573457,337.37768633982853,1844.4893528500384,0.9442953613000967,0.8664208058034123
93,18,5.400128243472717,-5.400128243472717,142,405,1.4983939519291434,0.3879075873093458,0.8735270417680163,0.10620572788233434,1.8174001684973975,4.15543890234944,17.831968089674884,10.942960560668627,313.5311689232318,2237.6570759789597,0.8622902708218165,0.9901583522692523
93,19,5.389814554203841,-5.389814554203841,144,80,1.5133055286419166,0.38176182437980866,0.8174224513299162,0.24667392460098855,1.7442599222851238,4.3605598345577805,13.980074265983664,9.69410541142721,420.49849046298345,2603.4078379271396,0.8901759410474134,0.9680093440027646
93,20,5.360206049551344,-5.360206049551344,95,157,1.4149435329048516,0.39447302555322505,0.8580201648601085,0.21774610849570744,1.394737100986796,4.439535374219841,16.57354666700856,9.584736863441712,432.01477285679897,1262.236915766581,0.734158373717529,0.8777388886165693
93,24,5.370335162807586,-5.370335162807586,107,52,1.5068454032514698,0.39706477738757856,0.8699611365751163,0.27908306016134976,1.6499548785270821,4.265270666590272,15.130992830763951,11.143624330405219,355.87788170754,2294.2627879436827,0.9792171759690604,0.9838226232669953
93,27,5.231989742517977,-5.231989742517977,46,102,1.506052335935569,0.3832977899199654,0.8345500786255377,0.2807363662204191,1.2053313296655026,3.833723330781446,13.850174888472184,8.2090076949535,484.5398062997704,2586.8847961553483,0.905727578234145,0.9454042016652728
94,4,4.818520216528136,-4.818520216528136,37,123,1.4551170864017196,0.393700029440365,0.8598612597559048,0.13932032970642488,4.680076431147503,4.456730817488219,13.133506538148074,9.549734975644128,430.45599537798336,2710.954046060093,0.8748581463555032,0.7145663085937528
94,6,5.107350805331432,-5.107350805331432,64,363,1.4319788293702003,0.3894646845513745,0.8389384928438044,0.23021859481187004,0.8527294292898449,3.521067061535251,15.334856296392713,7.1136609091978915,447.64093763793903,1376.2227111675568,0.9014988111059306,0.9319962412412554
94,8,5.045253991694092,-5.045253991694092,56,449,1.4156442716830266,0.3697421187269254,0.8188397759704077,0.18503998690010925,1.7458250914250797,2.133232830503275,13.048948243996614,9.231297807100606,446.5014297412139,2292.994112465885,0.8862842699244551,0.5254933742255168
94,9,2.7202645305748607,-2.7202645305748607,79,299,1.5141509453761042,0.37825076215520437,0.8567985941259955,0.11903571857093044,1.7632821275002666,3.4329656971087807,14.492035622162103,7.524391809802851,469.78607129891793,1928.1284782008192,0.8463700314120087,0.6840763914092163
94,11,0.049019607843137254,-0.049019607843137254,18,376,1.3457741528586922,0.30506651615365554,0.8338043644395372,0.19295274979408777,0.5684720892143811,4.196593189957163,20.851256850579993,14.757440655339307,436.90222793790343,1307.8439154801226,0.8619669621007839,0.7926666129796779
94,12,5.067486200658729,-5.067486200658729,64,433,1.452324848678478,0.3794588925739091,0.814855380616527,0.16839337870012983,0.5009624429903221,3.8488292800132102,17.65055892519882,9.061622602744125,390.76592405882946,1574.8109295074337,0.8108512454080592,0.6536324793326878
94,13,5.405922508369008,-5.405922508369008,83,0,1.4512606022898853,0.3869328474822221,0.844275562720661,0.1487242044248397,1.8848854534821537,3.8488292800132102,15.818502123781968,9.061622602744125,395.75520596003554,1916.8341906952273,0.9997536363061612,0.9531462604152803
94,14,5.408129300354674,-5.408129300354674,143,87,1.5155233562200552,0.3889500590599334,0.866934383274568,0.1837761824988605,1.8335481445759492,4.307915893707805,14.787915308441463,10.662501938473604,385.29145196179053,1461.2252814731087,0.8690630247326774,0.9305063241298845
94,15,5.4254523904296645,-5.4254523904296645,242,110,1.5051275382215192,0.39649857590511217,0.8599050348974339,0.20470509875143564,1.919914264886097,4.451970883159319,14.98991081030207,9.137282188264663,406.52996313358454,1414.3848257292302,0.9336491989993624,0.9809123912699045
94,16,5.3225585061429666,-5.3225585061429666,61,394,1.4131787842307766,0.384010101264741,0.8509702382324698,0.28101827092021303,1.3769347883185377,2.746164974653587,15.12798639678423,8.185377408352966,407.75862774711857,1126.7434716298376,0.988355869038736,0.9440522976609477
94,17,5.327626270908199,-5.327626270908199,109,314,1.492553872496063,0.3888209495328062,0.8704048620042992,0.19942442480232103,1.2642503258509585,3.86793266111469,18.28820445998988,9.433760997198736,398.39392688870237,1954.5664945820133,0.9039003042272107,0.8185595276450274
94,18,5.363343629892862,-5.363343629892862,64,327,1.4725071704821442,0.39987796886378024,0.8497843378760329,0.28367186181187676,1.5995843322890326,3.5667605379811316,15.009196946422318,7.6871141156493135,462.33223345284455,1293.0277662899625,0.8392927475770997,0.8851482339701693
94,19,5.2272359602701535,-5.2272359602701535,78,273,1.3995679388249542,0.39122271609110104,0.8950990199344511,0.2492054983881978,1.090502671430908,4.047238339813459,14.441006001998526,7.303464211622589,468.7543931229792,2166.44288006755,0.8581320679362932,0.8579006469481674
94,20,5.252263496187535,-5.252263496187535,104,408,1.509705941289723,0.3973528958151836,0.8954821206627115,0.19687662366994008,1.0468286695691922,4.440347309524526,15.654156966450296,9.714545859355734,377.2209486106604,2520.116873567711,0.90675382639985,0.7836857029027766
94,21,5.354491285855566,-5.354491285855566,99,250,1.4763903207237912,0.37954630994506633,0.8845835162920564,0.18061074184878792,1.559781150595209,3.613409015950319,16.089345622055248,10.420342219427747,382.89477522744636,1098.2777230082688,0.9870983855866495,0.9209297463485482
94,22,5.411204732097206,-5.411204732097206,144,110,1.4845431121894692,0.39649857590511217,0.8559084564603745,0.21746172401420996,1.9034594923449286,4.1368698152002885,16.128427057581213,8.75827894721185,406.52996313358454,1414.3848257292302,0.9336491989993624,0.9652362457439955
94,23,1.4778580691694359,-1.4778580691694359,60,434,1.1428760448725468,0.2888099719325787,0.8480007198193356,0.2651579279665337,3.889757618576929,1.7809259804186668,14.947040934687077,8.538325055984437,358.0202150768566,2046.8691055223128,0.7843289429705291,0.7015154867269432
94,24,5.2588701195175815,-5.2588701195175815,90,288,1.4674392417108635,0.3665653110779464,0.8047484787598876,0.18603609079740593,1.784826900583083,4.09418717312787,16.514663506729264,11.990072501454803,351.3573699782591,1727.2336876202767,0.8173451722353531,0.900703643652033
94,25,5.286407687569183,-5.286407687569183,95,305,1.429777003607347,0.39360080069314884,0.8389424589479632,0.16594772197971236,1.7981687462090474,4.183048205573502,14.70074994995693,9.844366028999351,425.8163908689453,2074.9485169812065,0.8344524967249141,0.9160532057095938
94,26,5.352602517751108,-5.352602517751108,116,430,1.4809037286551903,0.3959608247513585,0.8727020893265497,0.2792662670312433,1.5577159665567972,3.6481199152212103,16.767482471829794,10.769313288277914,374.65081883791663,2672.614768221715,0.9075933327344009,0.8646958143434023
94,30,1.2583339726020943,-1.2583339726020943,31,461,1.145192177658429,0.34136850857045187,0.8982222099430829,0.26344786341592147,2.385183761536846,3.8233556867402876,13.012977748050362,9.577700532906224,340.46920966501926,1998.7545227582214,0.9932338403167413,0.6012702134671658
95,6,5.126114719117438,-5.126114719117438,85,305,1.4651902991644248,0.36482165019768326,0.8554379005232213,0.22826631966039684,1.1079133476294996,4.355594880965862,19.314577995629268,8.579821439788377,460.05290458582607,1658.1943193432203,0.800340618467404,0.7438257609280552
95,8,5.180324252108742,-5.180324252108742,48,318,1.3974345983122183,0.3922895031283865,0.7852759264463608,0.2331894366425063,1.2058654430205995,2.7404993750048927,13.2569027706963,6.106911232021471,481.263095776471,1263.0727272738711,0.9395851563877544,0.9106878652669276
95,9,5.20747212136647,-5.20747212136647,53,281,1.4908845600249607,0.3977252318931791,0.8346314625741199,0.2709499941522949,1.9078037262341752,4.428661668652145,15.378521098481421,8.387889723049373,485.9525479422602,1068.9705810108612,0.8590163463251819,0.7904275062878074
95,10,5.184273346146178,-5.184273346146178,48,266,1.4043395947922257,0.39072256552686513,0.8603046932069968,0.21763871279882346,0.5418614295827178,3.7267072245611494,14.711677294094478,10.215787257627824,433.48095900838797,1423.0886234640107,0.9927966350980523,0.7847180595698026
95,11,1.9413707628882735,-1.9413707628882735,29,197,1.480809094190922,0.35622728153843985,0.8288249086913322,0.175527811509832,1.637041134297065,4.368014983471433,17.497668752086277,11.771304940397428,419.35977852426026,1856.9194581873096,0.8672564699099257,0.7813166549389678
95,12,5.307998813138054,-5.307998813138054,117,8,1.398030842933838,0.3931393444772069,0.8139280959192117,0.1344586699723955,1.3146987838054809,4.053098430297414,15.965690785763604,9.229211312486179,411.24783517788353,1577.2248281929799,0.8568466471177183,0.8272807952265577
95,13,5.301418721325817,-5.301418721325817,61,289,1.444834454611077,0.39167186891794015,0.8313412111291612,0.1027005627776661,1.2759445364170088,4.057440228296183,16.40090879863029,9.466095191090364,394.7188134119489,1632.852198826759,0.9763695202729299,0.7805087435607536
95,14,5.391392618950017,-5.391392618950017,162,468,1.5139262478479507,0.3871465920002565,0.8649327620705483,0.1883747533191514,1.7501775807577877,4.393209529221588,13.670459375771516,7.106896843987844,476.2596448645847,1563.9350607108695,0.9607820575617447,0.9544020674071856
95,15,5.348160688545937,-5.348160688545937,139,468,1.5139262478479507,0.3870041340080852,0.8649327620705483,0.12153466338191048,1.7501775807577877,3.1404642263184135,13.458163107414606,9.653017293190166,381.46793486088455,1563.9350607108695,0.9819701360076328,0.9608782761641057
95,16,5.302414690056957,-5.302414690056957,84,118,1.4476112607818628,0.3791293680198274,0.8920687041950344,0.2247600670325718,1.2856541882246446,3.5864324262191865,16.98641031747646,9.520392906038827,386.1617653991718,1667.4608157895802,0.8908822205377085,0.8001523172572833
95,17,5.376844699429668,-5.376844699429668,143,97,1.5146507864304817,0.3930976651561813,0.8619277767420894,0.13993901753011226,1.7396449481532963,4.36527342397075,19.410621909137003,10.670444151368729,292.1090412297273,1824.2185329609017,0.9040793194709826,0.954011098507304
95,18,5.297336392583675,-5.297336392583675,52,184,1.4099176498254231,0.3965381047099269,0.8082386469855647,0.23575428324956754,1.4209511262558232,3.5728126226870804,11.895606723665988,6.9551642207448685,486.36829492746074,1475.6873463879658,0.9341198969699566,0.9155835515137389
95,19,5.028143500365411,-5.028143500365411,103,328,1.5067114088504936,0.38054897303264845,0.8847475993745473,0.2789259434483079,4.270831831867085,3.0789902405191323,17.19330138445856,10.973177668686567,302.27819321101805,2080.330081735852,0.8192474209821358,0.6626492830249698
95,20,5.392422818591019,-5.392422818591019,136,138,1.5017343566644172,0.3976329600421881,0.8593072413011311,0.15691324069632037,1.7599604331490668,4.308317966745439,15.420544895712673,10.885655565541509,368.43362000204615,2652.25844767548,0.846901985010682,0.991162991550653
95,21,5.453085993848954,-5.453085993848954,144,77,1.5213189847050466,0.3969438762530935,0.8565901308064792,0.16774375690907822,2.076226558243475,4.48983176757201,16.54471290097098,8.72138288306455,398.9300465935346,1945.850308518448,0.9436284312104996,0.9809769604170266
95,22,5.344275623390411,-5.344275623390411,97,508,1.4359448504366563,0.3997860206927718,0.8301917819079804,0.18344154276891547,1.650662987633209,4.191462220137391,17.376190906501275,8.010807652660215,406.3478281195856,1768.1808063654655,0.9364990862679102,0.9212164879012239
95,23,5.338364958683914,-5.338364958683914,154,8,1.4608590007317408,0.39810097529600985,0.8534575999275849,0.09676115191246154,1.3146987838054809,4.053098430297414,15.965690785763604,9.361108205111572,411.24783517788353,1577.2248281929799,0.8568466471177183,0.9719970176659503
95,26,2.9821693186274056,-2.9821693186274056,29,289,1.4269520096050403,0.35635976108566,0.8606982090466084,0.1027005627776661,1.2759445364170088,2.6472604489840363,18.440028853162882,11.622479990628284,340.2846238276124,1000.1988771802048,0.896965857315062,0.7305989263051353
96,4,-12.924651243168313,12.924651243168313,2,59,1.4368667081519961,0.1754011723982608,0.834652487460613,0.09522499407843878,3.629908007824567,3.7769905235593093,18.43946347173154,13.051653884063741,283.7109004641319,2127.179367277975,0.9847547854390696,0.8886790549455732
96,7,3.7603687059622946,-3.7603687059622946,18,168,1.3123612405006218,0.3553109620977623,0.8607901766403299,0.16083820569631774,0.7553124732025982,3.5661069505840306,22.5200935051465,9.971601800939778,355.17844498954844,1479.3672918227144,0.7886196298081253,0.7676893099234571
96,8,4.068901685632237,-4.068901685632237,41,431,1.4401281880117314,0.32032621086491664,0.8460843116759502,0.11666114690611464,3.1253249063999107,1.6895835319871781,12.363977813782943,8.079172680992631,463.4992959698654,1990.1785848832003,0.9412337790996164,0.6590588907889385
96,9,5.246564364027406,-5.246564364027406,102,121,1.480233495208554,0.39163784472142626,0.8887357758772232,0.2682852080447955,1.3966780934136247,4.16511577187123,15.031242754188279,9.615876125631555,345.5240160198726,2391.896737369027,0.9850764826742219,0.9594464227638104
96,11,2.5088064768562304,-2.5088064768562304,17,8,1.3125078433434836,0.3723499892008273,0.8484557142972627,0.1483912200710509,0.9028474883729534,2.1058602623803107,15.9305140318729,8.060724031307664,336.98912778443497,1975.295214379139,0.8765378771503258,0.7235851541901988
96,12,5.308350117321678,-5.308350117321678,42,261,1.4331589735535684,0.39845537902263817,0.8576434589808806,0.18326255308674141,1.8326061042174764,2.3901142914566273,15.290029291660794,9.006655714034222,362.06582532413535,1575.8535707444046,0.8849404123635458,0.8438775153358561
96,13,5.35640416907019,-5.35640416907019,122,281,1.4868213298743096,0.39846646601952795,0.8841277696491656,0.14187903785930195,1.7943400129132896,3.1043988549231494,15.378521098481421,7.849473984696662,400.87950066749613,1940.6729835995861,0.8590163463251819,0.9134223903996506
96,14,5.178763684124534,-5.178763684124534,61,167,1.3714802117519924,0.35606940791164876,0.8739569826029189,0.12554983962006133,0.5813388636219492,3.4354824774378385,18.80683637941413,9.76646797633782,362.1471193954948,1142.038977372648,0.9800711892817624,0.8282369528580473
96,16,5.3781061145746865,-5.3781061145746865,46,505,1.4109932737623574,0.384367460949911,0.8574516919752277,0.28726800125002344,1.6589766222528042,4.042729375307215,16.73014675593364,9.712533373993635,408.05572318384253,1316.704839504051,0.9995427589379497,0.8837216045970788
96,17,5.355611405528936,-5.355611405528936,140,263,1.3947123949484685,0.39267743708539943,0.8562117668768485,0.1653350196072958,1.509727142505176,4.484472643090473,17.595647887560517,10.303743615341272,370.594040663839,1903.4310186601886,0.9769139485988582,0.9600070328106591
96,18,5.396343199093906,-5.396343199093906,153,51,1.4553093226235916,0.39251941528397427,0.8923286820401144,0.08791179788529498,1.7658526271894972,4.057809030970295,14.912071959878627,9.942921747650104,444.16612809524827,1504.7374802689683,0.8186867674545724,0.8471588555601944
96,19,5.226952760817815,-5.226952760817815,25,505,1.4330459351172598,0.384367460949911,0.8574516919752277,0.15477475821129152,1.0393893354706178,2.5837032724871793,16.73014675593364,7.550603952694203,418.21941318713675,1279.7708309048753,0.8472318450058618,0.7295009195244422
96,20,5.376991585008821,-5.376991585008821,216,279,1.5202399938274496,0.34172487737038537,0.8935212165660771,0.18200339494802234,1.707218993944767,4.0568284255772165,14.453804325410818,9.98318510539949,406.683943446929,1971.0973456171057,0.9768511545185035,0.9787418469940099
96,22,5.395026662897228,-5.395026662897228,113,261,1.5121065123836235,0.3948996439204972,0.866815722704969,0.09568724032439094,1.583015276991221,4.076827801284967,15.290029291660794,9.315867914974376,417.6169474718733,1575.8535707444046,0.8370314967983238,0.9678534670130424
96,24,2.3808547136585325,-2.3808547136585325,27,119,1.4441511145654102,0.35643309093175046,0.8532967278389043,0.2474800947604392,0.9041116452134386,2.2839309883576298,18.07375189572316,7.99895376540619,322.05392958054233,2993.3462825686697,0.9515351588054897,0.7193874973822121
96,25,5.247666491069856,-5.247666491069856,30,261,1.4471046021499347,0.3878156652533346,0.8576434589808806,0.18326255308674141,0.9096291561880379,2.3901142914566273,15.290029291660794,10.098537047670574,362.06582532413535,1602.011264611113,0.8985140284644388,0.8438775153358561
96,26,1.3538819086992393,-1.3538819086992393,1,94,1.0307770838178696,0.38309167794883253,0.8087820846587419,0.16627578523010017,2.7542257448658347,2.602828079368919,13.133906717412174,10.100599147379398,279.71693221479654,2161.9375199079514,0.9273375496268272,0.8416615496389568
96,27,1.6568826972605075,-1.6568826972605075,26,376,1.1324998252736589,0.3972266931568239,0.846096652085202,0.11082145414924693,1.0314776926922702,2.54193432022523,16.77222302517456,8.898873021267686,314.4035864266848,2300.7737843660384,0.866457596923047,0.7178188035148718
96,29,5.27131684065386,-5.27131684065386,92,475,1.5226947084589275,0.3693258199740561,0.8286747763798852,0.2392817765694859,1.1615354233661055,2.8036147189189657,15.971614346437388,10.764360146058563,342.649483321954,2063.084519760617,0.894098139263648,0.8757881574269604
97,6,4.831456587382948,-4.831456587382948,41,188,1.5029134730798077,0.37842369459885605,0.8845921232064229,0.1012259707514606,1.2241601584589445,4.2608473297431075,21.375735693734192,11.58219637088072,218.71774050888317,1620.1477275857771,0.9988781355924488,0.7201232561417298
97,7,4.992894254045817,-4.992894254045817,54,54,1.1140028935699717,0.3966149067642852,0.8325701168814463,0.11241580067876374,3.2556138594262225,3.002357498635401,12.557079821513643,7.320985151629809,483.706814183141,1545.0564311039543,0.9698913483545797,0.5933379723110725
97,8,5.022355858865754,-5.022355858865754,44,79,1.5237976673560731,0.3803055931407795,0.861590237928092,0.16970974044127166,0.8315540312378715,1.3693616451500108,10.806174971582909,8.191122438259875,383.6090053907696,1526.666969036593,0.9347811874158256,0.6787780632848714
97,9,5.00028883563385,-5.00028883563385,60,63,1.3930123914493935,0.37994182622144934,0.8594492010202655,0.2800934185189018,4.750421112066425,3.7822942191333238,21.525065079213537,10.957406275982787,306.888337625186,1827.0469116412487,0.9233127038205337,0.5009213779089836
97,10,0.04789272030651341,-0.04789272030651341,16,172,1.4743211826667093,0.3820408059739806,0.8617666671531179,0.14354078042063895,4.133734216120546,1.6235447735298922,16.83736487075215,6.945078093678808,336.57825253672644,2600.2726523250794,0.8443587653468964,0.8640906094780318
97,11,5.2318920685007075,-5.2318920685007075,30,74,1.4348521586514582,0.3953814068384749,0.8855753408445527,0.15097559019129317,0.8367640745918399,3.8851143171413125,13.878803641914477,9.33648728486103,467.60778575320364,1393.796164374926,0.8414602466679653,0.8334190237200256
97,12,5.047348484848484,-5.047348484848484,70,379,1.250949903420403,0.37389920325842396,0.8509807035612449,0.18005089444794783,3.8994226566936696,2.4784992297290964,17.08619401699216,12.271645603150116,285.4809554032628,1046.1810320750499,0.9765372099945034,0.8373183374047868
97,15,5.312442337998217,-5.312442337998217,95,290,1.4968818456625483,0.3883995954395819,0.8718002550227715,0.11847043535499291,1.2001953025197571,3.919789829225979,12.120460842039265,8.350868212949894,479.2307120601936,1938.48724838456,0.9729683155682785,0.9683630895774018
97,17,4.3338323258336455,-4.3338323258336455,43,374,1.4174560439743489,0.3906460289378758,0.8780885312200057,0.0961925430268398,1.1952371383932543,3.177158912592577,14.508398410684396,11.071724336671284,238.6480042636602,1546.2347928215447,0.9157952607363438,0.640408836163062
97,18,5.3175257293595815,-5.3175257293595815,112,29,1.5077845643057262,0.3629074446315465,0.855282971254608,0.13509271580239357,1.2288084413495768,4.011050952752967,14.032960339215755,10.811992613933317,434.6734256012004,2264.1457481631846,0.9680936890897307,0.880922034116553
97,20,2.558691883159251,-2.558691883159251,28,27,1.3782075027594307,0.3528203345684178,0.8777600607681619,0.1507998601573053,1.210264462457303,3.3327564736569375,16.078073723915523,11.726082562621642,381.3487659543657,1040.8482257505507,0.8771610053877892,0.5880189319121658
97,21,5.3435436349667835,-5.3435436349667835,91,7,1.4119347708236127,0.3885965595443307,0.8851847220923847,0.1126120070302997,1.3285435693334202,4.331801575055777,14.98367745215073,11.556535731942617,350.8570926552409,1920.0694361960307,0.8260591858322898,0.9951559063855361
97,22,5.313278580507982,-5.313278580507982,106,391,1.516001075452758,0.38260057284793536,0.8913644575507966,0.24380323697607184,1.3676578493098484,3.704142513801476,16.648543076965787,9.653655862253222,383.06891608616206,1765.349692405174,0.8066788849681619,0.8063902295922277
97,23,5.311922196925851,-5.311922196925851,88,84,1.4982915479485752,0.39560813582205456,0.8524385970925513,0.16680321661064876,1.7282325969127466,3.476675547222401,14.367092675018835,9.575121362877816,403.99780403725714,2159.482355932157,0.9793525929393117,0.9024818431315407
97,24,-2.301503485986558,2.301503485986558,22,27,1.3782075027594307,0.36932777741317685,0.8777600607681619,0.21845468251116032,1.210264462457303,2.113682066711844,16.48293515169243,8.011248055751139,381.3487659543657,1040.8482257505507,0.6792511690047465,0.7689163665290736
97,26,5.3877595513748915,-5.3877595513748915,84,188,1.5180060507350612,0.3872903493507297,0.8976226692364361,0.08461875940115293,1.5577399707550414,4.2608473297431075,15.375734345671646,7.757295095737339,444.52173871651837,2056.826900580769,0.9133742836443417,0.9909399716696682
98,4,-8.037879642712172,8.037879642712172,8,163,1.458380824499457,0.28495597615882523,0.8219141724528208,0.24254623314305296,1.5640719207003713,1.6533608523757244,22.305375235155225,17.357192738742754,300.17132362355244,1955.3533578716451,0.5466939011853569,0.9789204134411466
98,6,5.203788762822842,-5.203788762822842,26,84,1.4870704060886926,0.39562066452863487,0.8850699495342141,0.22886731367830992,0.8877146921865573,2.397136309208972,14.502704480253275,9.185215372510495,419.92880196190504,1555.0590852001912,0.7851723759510223,0.8125672373627932
98,7,4.926520256690486,-4.926520256690486,18,325,1.351441695883339,0.3428676401022994,0.8747596259592385,0.14778520402162215,0.5785158550741691,2.5138331803713583,15.776513787626497,7.231047878708466,373.27687014986634,1150.2142608537674,0.9572430124187148,0.5229265181138756
98,8,5.083217072143465,-5.083217072143465,46,125,1.3397248377009725,0.34000405172886017,0.8536645820154214,0.09004739434601855,0.6155444090299822,4.462675516954584,12.48670771296802,7.6314664267972265,469.84557678248933,1599.9139023304883,0.9709140911185896,0.9561878910255757
98,9,2.4246141829174666,-2.4246141829174666,56,361,1.3229512656384312,0.39905141461448945,0.8750270011689544,0.21591819099028406,2.472985157389354,2.966292545649064,19.402725736232384,9.511758564626476,282.19319497922527,1448.8780618869996,0.9836077050484504,0.9321014404815169
98,11,5.356386824704862,-5.356386824704862,161,116,1.4847408101615562,0.38667150206766127,0.8702254497460484,0.11830602528235382,1.6854748008205471,4.337828126864717,13.57417416305799,8.670967288804665,478.40672376102214,1164.2795620652098,0.8638815559638562,0.9827614283802331
98,12,5.263844098872472,-5.263844098872472,88,293,1.3655679552324385,0.39414016752801195,0.8535950422200318,0.12013630477521145,1.0778235007077186,3.786342023724308,16.18131055222557,9.90353916713186,397.48487193622645,1493.3854427555011,0.8321356691809763,0.7401712568171581
98,13,5.311794356182013,-5.311794356182013,64,123,1.3732100593188328,0.3512875510625655,0.8634285611783781,0.2629304755463154,1.1724929960922252,3.9523551301331135,14.732485067237711,10.571098295534393,427.6790283701648,1623.2563110527524,0.951516926309109,0.8582906057342199
98,14,5.3935475083474085,-5.3935475083474085,112,28,1.4908697428237336,0.39579283202462595,0.8889933869651412,0.12901398938432151,1.7612161326919025,3.7381381687079998,16.224833053716708,10.265875249435767,372.04238602872874,1482.390588707396,0.9855108544912703,0.908119727612391
98,15,5.353091055350195,-5.353091055350195,84,28,1.4908697428237336,0.36466147527996484,0.8680402116936712,0.12901398938432151,1.9983677573292495,3.7381381687079998,15.98904364513822,8.962839135419568,386.3601576536898,1482.390588707396,0.8837184926990893,0.981094451575989
98,17,5.229723239194822,-5.229723239194822,54,119,1.415012660127963,0.3148905979837645,0.8365554053477778,0.1572813279128688,0.8198175221666502,3.4785721538403056,16.06259845791891,9.466912770707026,478.6710974750363,1733.5127516339435,0.7220086716585175,0.7540480176642883
98,18,5.364338869551826,-5.364338869551826,144,193,1.4901869288480933,0.37439107412304756,0.8594871046172998,0.2986104558777519,1.8409413100801593,4.2151212223289685,16.257568552198578,9.754759130055433,373.67032057623226,1564.0195464867031,0.9032199279657206,0.9727557766444945
98,19,0.04512635379061372,-0.04512635379061372,15,348,1.1517581823544083,0.3775865295776681,0.8208846169694537,0.23947802156926729,4.245739039662249,2.261656826968551,17.07290291981024,8.412940108344031,318.31584743337766,2306.0767875374095,0.5950826348618788,0.6391562717157818
98,20,5.3113120610535915,-5.3113120610535915,81,189,1.4592776704183965,0.3985624661977799,0.8990578011805249,0.14481245927166503,1.7326305000588165,3.7951004447941212,16.309642613220685,9.219735147104972,412.9869134695496,1828.8026096380277,0.9998411482209606,0.8703958064496069
98,21,5.364736691510691,-5.364736691510691,102,456,1.5142072956969233,0.3821909338356293,0.8896421588357706,0.20077297168330968,1.7045911175072295,3.9337752713067506,15.480416209967792,8.511247954475005,416.59000627149015,2579.459269993898,0.8892767567561033,0.9457284908705772
98,23,4.544239318544116,-4.544239318544116,23,224,1.4181914774995823,0.37782321133136637,0.8955502447646647,0.11478453860089083,1.2232075943255634,1.3821230691982627,12.977556697882873,6.400322837738445,407.07755157279547,1446.590539195544,0.858026369853623,0.9262422537873414
98,24,0.4806655395510626,-0.4806655395510626,29,253,1.3802983142867364,0.2873516663826605,0.8011890183326813,0.17339025895983323,0.7798057769037363,2.247209331394465,17.588211759560007,11.783014136150733,290.5472217058177,1495.9559236735652,0.9454345223620205,0.6474280819279977
99,1,0.04950495049504951,-0.04950495049504951,16,409,1.189411995981825,0.3089293981411667,0.8625085080342554,0.11648325157423302,4.512412448933091,2.246083032729841,13.318415654832657,8.133721833288048,301.38628083712973,2995.2950205414963,0.8924052147357896,0.6653731112793486
99,3,4.789329567625763,-4.789329567625763,58,22,1.5084448990504984,0.34785452258349336,0.8987305341080354,0.12576745038231602,1.5755442951038812,4.00006372652672,13.964561799476357,6.547878773878888,436.28528723769494,1236.8238878370034,0.9610905055576939,0.700904321997108
99,6,-0.5226382892875598,0.5226382892875598,14,210,1.1724144468767086,0.3354557748004554,0.8791545092882702,0.09619942437256664,0.9050890108135794,2.4766275516009855,21.28710426943254,10.787661144023845,317.49606566255136,1694.5797621606926,0.9727854695530538,0.6587650899716971
99,9,5.291767168672313,-5.291767168672313,86,12,1.4633318455768645,0.3743753652491223,0.8619559220661587,0.09917629163993386,0.9878318323740356,3.148937011006626,12.796773026699501,7.863402103322542,481.4680528897675,1972.1395574459357,0.9034877985685302,0.9926561061302135
99,10,5.046992481203008,-5.046992481203008,40,388,1.4207365502755078,0.39414335788080423,0.8762006489471559,0.27680968529527694,3.9557638936935002,3.6619909928985175,17.847097023525276,13.736829075100802,303.3464291060201,1399.1323209348818,0.8264882976044146,0.6451942875560834
99,11,5.046728971962617,-5.046728971962617,27,56,1.441036889238365,0.35592972722538846,0.8614392590194755,0.1975537482735217,2.8442657121573247,1.8419231343651083,19.99480669047579,13.203588315256443,262.78124790265343,1916.497342444935,0.8613824275385233,0.6004837545405244
99,13,0.04621072088724584,-0.04621072088724584,16,47,1.2360185653819353,0.3432404926346827,0.8560182028262049,0.1466027607101545,1.9819003594060565,2.008935824812097,23.55692232752044,10.648680937520838,250.83452192282155,1097.1886393475543,0.6763708753801296,0.5894209783094906
99,14,5.150412146699972,-5.150412146699972,12,0,1.3480588042342154,0.3882190885866063,0.845930349125557,0.15800872864617493,0.5439130160748316,2.520609476941198,18.717508155012467,10.467239577553809,342.3694827313902,1603.8956489286059,0.7750243772075707,0.7521971996378656
99,16,5.36729155584273,-5.36729155584273,61,33,1.4603488632129074,0.38641646106824196,0.8715749384069338,0.19395930958730026,1.4440040795386149,4.261387915260199,15.008711590987438,9.91837330178564,458.42180065307775,1848.590158765817,0.8832274628703145,0.7962465061272224
99,17,5.293663355635876,-5.293663355635876,33,486,1.4172673499132897,0.38575840376249776,0.8816230159417571,0.25923280081193206,1.245148793012773,2.1803619848662477,10.601090752938163,8.450879285323294,486.6966046176756,1698.9272111279324,0.8634354075657854,0.8623051482050714
99,18,5.3784803532818275,-5.3784803532818275,123,137,1.4743768338693257,0.3879198170545025,0.8828182700375069,0.2733880661552204,1.499885464124351,3.8138063069369506,13.235407503252114,8.86558583119059,453.6426421223503,1860.5100170319238,0.9181591118598054,0.9703713812505301
99,19,5.0447227191413235,-5.0447227191413235,88,8,1.4695384439670718,0.3723499892008273,0.8400477322446576,0.15415892823903893,1.2858985151478906,3.901464075444395,18.868636299058352,9.983624244194273,336.98912778443497,1222.2133090698649,0.9958703149796608,0.587946040872165
99,21,5.342536643238713,-5.342536643238713,99,137,1.437277189742994,0.3937247819851333,0.8828182700375069,0.2733880661552204,1.499885464124351,3.8138063069369506,12.744945117047976,7.577578273901196,492.55013439011066,2069.3085262159925,0.9702534835011493,0.9703713812505301
99,22,2.725458272419046,-2.725458272419046,38,501,1.3610359660486855,0.3759969031030262,0.8292628520547087,0.09756105235497828,4.479816470990137,1.4642742737319168,15.39017633939359,11.996060597057784,309.9863688529168,2281.492359242338,0.8350346826195598,0.5777973327788498
99,23,5.043782837127846,-5.043782837127846,29,45,1.4915296552624469,0.378180496326752,0.8098751237755685,0.1712325709528852,3.732119628461611,2.256366244739275,13.914309159185038,8.071892693403074,360.93559004083045,1161.0169819750959,0.9969359140738399,0.710806212987283
99,27,4.373536066861891,-4.373536066861891,23,388,1.4165085664450734,0.3971805343207452,0.8678128135794908,0.2323133140418463,3.9557638936935002,1.8983743455750965,19.669034711655875,13.928181280265218,220.42178450474304,1397.2490944368974,0.806154579639833,0.7586169705903777
100,6,-3.1331576601978757,3.1331576601978757,13,289,1.4402527477630775,0.29566840426815305,0.8604101421534565,0.22862858944310874,1.5275690807196782,2.2533061670692183,19.620725054200438,8.113730881174556,321.17014699810295,1377.1013869583744,0.815199015280851,0.9997193234794242
100,9,5.3789581630796555,-5.3789581630796555,88,257,1.407553838945867,0.38765119718937935,0.8709588394243558,0.15466337818383374,1.6618484448117892,3.7745544731366136,15.032047871385117,10.24822025713531,413.53696165466937,1044.9896288417904,0.9922195806107484,0.8868024535469664
100,12,4.555987400793724,-4.555987400793724,32,508,1.1478136782455644,0.3942338954412484,0.8754123749509853,0.2641420829087413,4.474120611608772,2.6258931599953836,17.1327661968708,13.631807467804952,330.06519465241604,1133.6100607605,0.8938994512084237,0.7607865032781193
100,13,5.045787545787546,-5.045787545787546,52,374,1.4174560439743489,0.38335959686756277,0.8780885312200057,0.23509047544537098,3.415469779443638,3.249571802855809,15.69961145166907,11.071724336671284,387.13770561251494,2201.593155368025,0.9157952607363438,0.640408836163062
100,14,5.370875989044274,-5.370875989044274,108,88,1.5030855216510124,0.3745982940727705,0.8799943923005873,0.16535458881850315,1.683656049733023,3.904780395701016,19.04796493800972,10.653412908350209,309.9138695944814,2380.1118679636666,0.9059747019371807,0.9714333242796578
100,15,5.376703468762874,-5.376703468762874,61,25,1.4073417758943583,0.39809374200788034,0.8496248527369792,0.12546718727681463,1.6581467996348949,3.0303124244772817,13.143611681722073,8.085250883513698,423.9852251215708,1710.4571692049853,0.9208372602567167,0.9817516803383103
100,16,5.318069436961872,-5.318069436961872,84,44,1.5149411981671732,0.39020533714505345,0.8773930933380971,0.10430304101917068,1.3905874533827927,3.9779669183985846,16.185290762601852,9.045153279353848,394.52354637452714,2263.4623998936013,0.8737024473804064,0.8696298763343404
100,17,5.166703566415073,-5.166703566415073,45,266,1.4043395947922257,0.3982423722445238,0.8603046932069968,0.21763871279882346,0.5418614295827178,3.7267072245611494,15.801507223726864,10.215787257627824,409.4013832345039,1625.4841633698152,0.761947038064626,0.7404431518483873
100,18,5.265773966210064,-5.265773966210064,63,493,1.3171362252292094,0.3989225508741408,0.8800232556228115,0.10125887708972879,0.968959752034565,4.098382189951901,15.888178206661523,8.609151995753201,431.2132397407055,1359.1521600879935,0.8708828971497702,0.9632554870106391
100,19,5.2607629980303106,-5.2607629980303106,68,122,1.500364593870624,0.3701979286937752,0.8542236216370165,0.1422018568724487,1.0997318659914264,3.60765865202308,17.654510359765464,9.851606435624731,397.06976104818574,1671.7573306247702,0.7725042939953098,0.7441631481023894
100,20,5.33621911541536,-5.33621911541536,92,140,1.4798686490085546,0.37832181530709924,0.8575512258158076,0.25185993599644313,1.4793128492325742,3.4314651751851812,17.658280927970907,12.749546664735062,297.24749157231673,2189.0521860823883,0.8557889821044389,0.9049432632907588
100,21,5.318718843645188,-5.318718843645188,95,44,1.4743004488146068,0.3892154593175255,0.8686721482054518,0.1024485925276505,1.3905874533827927,3.9779669183985846,12.879568329130333,9.041068487649712,487.7930968212737,2263.4623998936013,0.8200711588683735,0.8606646745418389
100,22,5.319981239686147,-5.319981239686147,139,101,1.478118461985558,0.38144500652164254,0.8647779501567852,0.16834170723274822,1.3990187273799972,3.9868677875988934,16.19508134788608,9.30532783976668,386.59489530520256,1233.583155283391,0.9167130896871893,0.9471324693355418
100,23,1.4881530469640407,-1.4881530469640407,26,149,1.379223318561543,0.2542651201295178,0.8984743205272129,0.2181679517737854,1.7801134348551273,2.1775759704638125,16.979925764151055,8.505931179306037,277.603659196785,1900.7650308457619,0.9124315580161727,0.8566923722583759
100,24,5.3743876059386295,-5.3743876059386295,154,88,1.5030855216510124,0.3986790641755511,0.8799943923005873,0.17695444295207985,1.683656049733023,4.263605291216135,12.95898299469139,9.530138651183162,448.5939723926483,1740.573353941902,0.925900878290006,0.9958930408633095
100,25,0.18100183901311162,-0.18100183901311162,29,147,1.3598568672908626,0.3494794119850743,0.847697251039423,0.16447308260398324,1.8928485326740812,1.2249062569161717,16.877056034325314,10.838026283222497,302.7090071272112,1719.9930942439735,0.9101529432339426,0.631933551451249
100,26,5.333269418298838,-5.333269418298838,52,156,1.4562197785121382,0.3963623256139406,0.8343210887333484,0.19276924004101262,1.302664701609288,4.106735189255569,16.67572141615432,8.04548762650044,438.10607073682206,1025.4051273883888,0.9520316762344778,0.9529682167963455
100,27,5.257357252636133,-5.257357252636133,48,102,1.485118001186777,0.3789557207748091,0.8345500786255377,0.13650805884371917,1.0888795413092631,2.628614594202865,17.271082540531342,7.080119129959015,414.0720615766055,1422.4843537556249,0.9711316096061293,0.9075265676780667
101,9,5.210434787293337,-5.210434787293337,77,193,1.4398912250451104,0.3930831611540515,0.8788879888581045,0.1760239521165799,1.0934143352080627,2.971581472477612,16.58311632069552,9.634609733193916,384.97301619124755,2105.6232701960694,0.8031738379691423,0.8028306542315535
101,11,-6.736996909288871,6.736996909288871,4,169,0.958350096974522,0.2698598132265836,0.8911269212141633,0.14925797557112302,0.6540589109063148,2.728696953967461,24.954385780065138,10.318778316490352,294.01447749010686,2088.4025375960223,0.5465190797112882,0.9627639504382224
101,12,5.315899730353089,-5.315899730353089,53,422,1.3823033346884837,0.39586024498135697,0.8990744305844849,0.227550144146957,1.5389881924951032,3.2415550974322223,15.07224216988697,8.235172219315078,462.8005949854716,1445.793581944087,0.8359199354630211,0.7788624258657889
101,15,2.7434097644930553,-2.7434097644930553,12,318,1.464813397010336,0.3885273054629579,0.8891976475539844,0.18650782790242101,1.2891356337741164,2.8189510139636695,15.1500046074621,11.871664393210814,334.7582468984613,1211.178152587756,0.6814291006845432,0.7339444436763723
101,17,5.25849578640149,-5.25849578640149,79,207,1.4439096827481037,0.3877573333020017,0.8960556255217751,0.09155698709347909,1.269944360558135,3.2137326159899735,11.519732929132182,8.99035784679276,484.6654696288237,1576.3203616741628,0.7396822210304598,0.7286519723769455
101,25,3.3773260965486935,-3.3773260965486935,24,373,1.3837882751501625,0.3286974916751615,0.8894073654054567,0.11061084253713489,4.611856919210241,2.760527888365555,18.846357090235408,9.752999314734671,378.24659492143445,1988.722025117904,0.8768767866328574,0.5012860945425928
101,26,1.2297679010363076,-1.2297679010363076,26,119,1.4667497100851392,0.21630171430706552,0.8750901331465787,0.2474800947604392,0.9041116452134386,2.865310006467901,11.469193749758006,7.99895376540619,339.02945606168595,1545.001560048495,0.886939604537186,0.7193874973822121
102,1,4.753509600934452,-4.753509600934452,52,155,1.444146628002732,0.36449974186718465,0.8720183854167333,0.2854810789292994,4.9961505564861,3.2737192763366103,14.906722441080895,10.789276131428778,398.6370872706175,1435.6347983543378,0.8292592304946984,0.7828696734489768
102,4,4.914460684147233,-4.914460684147233,15,200,1.3495165059713052,0.3817400295390878,0.8347537944685334,0.2502621609031107,4.966284381190883,2.2359474555154564,20.126633308647133,14.780447653898644,295.99245747750115,1738.232434485587,0.647922148140104,0.8163037595430399
102,8,5.147183316058134,-5.147183316058134,59,155,1.444146628002732,0.39250031280343156,0.8720183854167333,0.19387432048053643,1.0267965351853023,2.784401427564777,16.11804747882166,10.664553541934966,250.83246361681057,2035.9416715761574,0.9958308547113917,0.9795649746282222
102,9,5.394298790629893,-5.394298790629893,75,196,1.4885253570362291,0.39486216048068157,0.8780973170460744,0.17068393855776798,1.7665069963531386,3.1008921745864115,13.926891758329736,8.31664234705027,429.9368559472841,2002.163640004162,0.876860993171374,0.96949027798277
102,16,4.66031177215139,-4.66031177215139,43,406,1.389405217881891,0.3526467629263713,0.886833352919359,0.08763813972687169,1.1725671008762064,1.4384195368012236,11.822795114562423,8.154324813559576,474.33388511549924,1342.3501964596476,0.8760921130681492,0.7565268558713971
102,24,5.392186329562717,-5.392186329562717,181,129,1.5213120089049728,0.38813212895975546,0.8952650517623683,0.19700789381798012,1.7831926251054517,4.337439406543608,14.014895774079042,10.679933643633694,385.65853641773185,1781.76295760688,0.9517547992765899,0.9861110350495266
102,29,4.21298941893061,-4.21298941893061,23,233,1.5008457938575548,0.38142861435234987,0.8342613630589543,0.2396728441384523,1.0836207664028241,3.5700064714650734,19.681940006896202,8.805711396790578,381.01819383050463,1154.0145232825193,0.9506236435124269,0.969541507810042
103,14,5.178378072176037,-5.178378072176037,39,167,1.2585255762845355,0.37818960758862896,0.8940911669258866,0.12554983962006133,0.5813388636219492,4.111240865636463,14.337034635139716,9.369985196853984,420.98725701710265,1318.0829170261268,0.8556832058534893,0.8282369528580473
103,15,0.04409171075837742,-0.04409171075837742,13,279,1.4197920125087795,0.24002557410071754,0.8824261548229104,0.120114462449988,4.82662431655629,1.2975619369056095,16.794773442873197,9.238983666299692,291.06873885088663,1322.5341614932781,0.7083607802879348,0.8510648257329265
103,20,4.347850012902886,-4.347850012902886,38,27,1.254656055104646,0.3718257860997972,0.8777600607681619,0.08892087367757084,1.9648970878526804,3.4421851794735465,16.591146742165083,11.726082562621642,278.56325281726714,1040.8482257505507,0.8050656091874399,0.6910131858957511
103,25,5.293148286036297,-5.293148286036297,87,450,1.3849444234095052,0.38370214403060166,0.863095188756277,0.2557482084493033,1.1133074363537665,3.0593804241228977,15.985604839966493,8.84238724577624,419.3214241249897,1311.2294344491766,0.8542144851349085,0.8734935788169649
104,13,5.044169611307421,-5.044169611307421,56,114,1.3285274423739062,0.383742868379261,0.8922538652387663,0.28930887086281765,0.7308142291747548,2.19340967008119,15.765597017716477,9.929668244225754,369.644749387239,2578.520917968482,0.8701372691740737,0.5059347076944454
104,18,2.161704367701216,-2.161704367701216,16,377,1.3826333657988528,0.2998965539017858,0.8835158992437624,0.1814309634938925,4.3309356681355275,2.266631049095677,20.782880778012146,11.168471484535004,295.511260757392,1252.4193072734088,0.7794881068418626,0.8051392556364014
104,21,5.0423728813559325,-5.0423728813559325,46,322,1.3896615262436405,0.3916727642987482,0.865474346838475,0.19998364682817407,3.7961129790820007,4.2169528578170645,17.53563299704527,8.019623943652265,410.31092851762253,1267.0133704806797,0.914613908726722,0.6526612514204347
104,23,4.3687737101790995,-4.3687737101790995,35,357,1.37529508056239,0.3835415928033591,0.8809456060804941,0.0810774028191711,2.6247043794889517,2.166855557739181,13.19661707058145,7.820683222971056,383.2445213218243,1707.3663419412014,0.7622060315706706,0.7241484323966619
104,24,0.041736227045075125,-0.041736227045075125,1,326,1.1456563962308788,0.24313541893820034,0.845958305709064,0.16652233810414457,0.8752688154329695,3.1684313823365704,19.38144046616243,11.880406209269031,468.48931992426515,1716.9973778112253,0.8331138594076037,0.819886005949229
104,25,0.3420828690807829,-0.3420828690807829,19,419,1.5079618842858005,0.3421493804525301,0.8743895731694171,0.2833721589498513,1.7604316554822197,3.1056488298006832,18.227631355916134,13.243967135444592,279.1061717350253,1355.1251310305129,0.7933782185972602,0.7584934694080887
105,5,4.911060508950749,-4.911060508950749,83,204,1.3938168582555615,0.3757834266619705,0.8774210949526694,0.23746946194617846,4.415507569742112,3.2527417034696264,10.24557372213344,7.095314187678488,482.7069807996601,1654.9707420946486,0.9649282845990708,0.6085114132389736
105,10,5.044483985765124,-5.044483985765124,83,320,1.4730680132046519,0.36302687887522683,0.8883579726511672,0.23370520711038004,4.954697126074224,3.8616502668318464,12.825030500902328,9.640717177026911,457.42035124824423,2037.7882153366004,0.9144614881758804,0.8438163149541178
105,13,5.150469028977335,-5.150469028977335,84,130,1.4020922641219984,0.3854517700041212,0.8726617548141331,0.20310522237567052,0.5333096820571903,3.583591845199509,11.547423333417125,8.58786259887146,484.60121856741205,1615.0621951611147,0.9953098202059677,0.7198557940423358
105,15,4.34183501901239,-4.34183501901239,16,13,1.1324072744171452,0.37618979955278553,0.8671788220837576,0.20049050018641482,1.7684693793424358,1.4746125401392804,10.833018379425752,7.257708999416855,390.5625400314443,1670.8718553962149,0.8614651230954788,0.7266926284947035
105,16,4.345437929714821,-4.345437929714821,3,102,1.2837229540551065,0.3832977899199654,0.8744893988594413,0.0948459639240147,4.749499085288839,1.844116574220125,13.757856800932418,8.18830250326013,377.2612388734385,1781.8789111671604,0.7635163909268388,0.8497622727861769
105,18,5.167904185937314,-5.167904185937314,62,229,1.5097900586153978,0.3966123632918973,0.8720903162834621,0.10677841167310395,0.5098817533029942,3.788151154913359,13.299962892111749,7.581296126008025,483.6553321056022,1198.0859398956031,0.8142919004596423,0.9555406669473483
105,19,5.28771235375509,-5.28771235375509,53,326,1.474087930866978,0.3963527332938468,0.8902684402667917,0.24834722885272953,1.41809322815779,3.0310718624770696,13.359507175219758,7.476420773451673,474.66967621885124,2002.9011433267494,0.873436427495499,0.8194902311942134
105,21,5.042016806722689,-5.042016806722689,72,223,1.4109240482834928,0.3610065987564924,0.8583972192762728,0.19571066307565796,4.019839387503287,2.808973855577847,12.036512972773536,9.444172822880763,471.93209554055744,2094.3071937872755,0.8999394250801797,0.5856692708397374
105,23,1.786959859870156,-1.786959859870156,24,508,1.231101199351862,0.3942338954412484,0.8852032917336133,0.2871513372718615,2.41684170808607,2.6258931599953836,15.74538367359975,9.243709083755268,386.67015627628393,1196.8712272409161,0.9901452355677932,0.7607865032781193
105,24,5.041390728476821,-5.041390728476821,65,223,1.4109240482834928,0.3610065987564924,0.8583972192762728,0.19571066307565796,4.019839387503287,3.4619365655448977,14.244494721080063,9.444172822880763,472.58629830893864,1462.1683312616346,0.9076988576831047,0.5856692708397374
105,25,5.209778085207532,-5.209778085207532,97,320,1.4730680132046519,0.395864771877876,0.8573615919098305,0.27575065851382086,0.6822228715249397,3.720494406400407,18.4215219634228,11.909941000807644,298.02844146105303,2037.7882153366004,0.9144614881758804,0.9334634935634771
105,27,5.175067416954805,-5.175067416954805,45,102,1.5181346902526867,0.3832977899199654,0.8744893988594413,0.14937066341044486,0.6843056293836995,3.4442255545776868,12.821628754791154,7.161578670314062,484.5398062997704,2586.8847961553483,0.905727578234145,0.8005005608286055
106,6,5.125047635254756,-5.125047635254756,55,263,1.4720208031729665,0.38964699027899696,0.8884663666665467,0.19028948392578188,1.0312664170081007,3.1544790200863386,12.88546643006909,5.8599060497196325,452.29596716824415,1090.6428050110574,0.990471197455889,0.9454694766018554
106,28,0.040257648953301126,-0.040257648953301126,31,372,1.0012800479581072,0.3749011351716282,0.853591550859546,0.29014540638499486,0.6954105169419762,1.5517772428351597,15.119714365866958,7.682407390991831,287.3751938258737,2495.827059045239,0.8255703938127399,0.794936709657628
107,24,-9.07732233181033,9.07732233181033,17,251,1.295091254172901,0.3583256746637848,0.8754748446677751,0.2038818949089408,3.4442163618885826,1.342023812560196,15.789871313008181,9.719291137974281,354.21238577905456,1888.4024985739234,0.8373650961489936,0.993716383933344
108,3,4.9422449590129265,-4.9422449590129265,55,145,1.3936516046497693,0.38149834966660995,0.8661257648163854,0.1863681903250473,2.9920779059553784,3.527848772297055,15.210060003653794,6.711478100905078,429.6685871496044,1108.9765805355341,0.999945995991993,0.6125077044604077
108,28,4.5301374496258475,-4.5301374496258475,25,290,1.358542164634007,0.3916631575626933,0.8744803143095746,0.15694289489849444,0.5971256515348857,2.3545596486256044,12.402954157359627,9.479791531818833,415.1914386590732,1449.150117704825,0.7463310098483087,0.9390405473544757
109,24,5.29046066990579,-5.29046066990579,82,335,1.5093029515462288,0.3998718367249757,0.8936787900176677,0.13561555205995968,1.7154199311823237,3.2282382275459613,16.311171377581083,11.636678324299552,330.28046024267667,1715.9638498864545,0.8335948358345864,0.8889335012502881
109,26,5.0396825396825395,-5.0396825396825395,55,320,1.4730680132046519,0.3532343231860765,0.8883579726511672,0.19855689173160593,3.7193165040202616,3.8616502668318464,12.825030500902328,9.640717177026911,420.7501392668609,2037.7882153366004,0.9921034367751829,0.8438163149541178
109,27,0.8931110034951022,-0.8931110034951022,26,182,1.058846422045793,0.25953851905356046,0.8744482481931236,0.11828699139932497,0.9700034574338308,3.753924931805547,19.09744060852018,9.916131120275441,250.42754041987794,1128.261186151789,0.9252508568369102,0.7725095453930456
109,31,2.106706579121174,-2.106706579121174,24,251,1.4495700800912952,0.3741676823063865,0.8754748446677751,0.22002618917588515,1.2619524612588526,2.2659932228172543,15.789871313008181,9.375557153060942,415.17147929979717,1888.4024985739234,0.8373650961489936,0.6263111449232279
110,3,5.221957639112333,-5.221957639112333,25,498,1.4922354960225193,0.38519255933660346,0.8875500517258943,0.21701420076828268,0.8109565968144703,1.9614155584953132,15.20865903439476,8.069983138721966,384.0579529957731,1698.4281856341954,0.9748307001074434,0.9329380794003614
110,6,5.043478260869565,-5.043478260869565,19,84,1.3141883832034684,0.3846935324864945,0.8578616669063521,0.22886731367830992,0.7627663356928329,1.4280639268924658,13.577796192226641,9.185215372510495,419.92880196190504,1555.0590852001912,0.7851723759510223,0.5426485925527326
110,9,-0.3220070604369978,0.3220070604369978,14,50,1.0960548586784675,0.34759763286192663,0.8630500770265683,0.23504139092154785,2.83813404475388,1.194971573378091,20.593713739694547,10.521892365836777,304.8265507938259,1251.393513196569,0.8036864501805008,0.6046871569557695
110,24,1.9543741888481811,-1.9543741888481811,20,510,1.306192918335342,0.3604717566001672,0.8725414535582571,0.27694113443517643,1.0545235322281616,2.2548378388065426,18.248723783612512,14.361450994379293,273.7975830386289,1239.881800849967,0.9526032154467272,0.9682063790267663
115,14,-5.424844513482956,5.424844513482956,14,54,1.1260739421196369,0.14216410946765587,0.8955934084856985,0.0835808131169339,3.5555220096464266,1.5729020525242878,19.19704677544723,11.302197984820681,364.5960456851057,1425.5948406481907,0.7612247307391455,0.8820253467349134
