generation,estimated_completed_candidates,elapsed_seconds,estimated_candidates_per_second,eta_seconds,convergence,best_objective,best_score,wing_span,wing_chord,tail_arm,nose_length,ducks_num,pucks_num,banner_length,batt_capacity,prop_diameter_in,prop_pitch_in,motor_kv,motor_max_power,cruise_throttle,mission3_cruise_throttle
1,1024,7.272475600009784,140.80487255242525,1087.2351022014627,0.0,-4.744697138409395,4.744697138409395,1.0498998588100077,0.36449974186718465,0.7480290412902832,0.10651209300383926,5.0,1.0,4.9961505564861,4.485439569689333,14.358544386923313,10.789276131428778,398.6370872706175,1471.976051107049,0.8948963256552815,0.9184835711494088
2,1536,9.571907500037923,160.46958247286807,950.8094783371004,0.0,-4.744697138409395,4.744697138409395,1.0498998588100077,0.36449974186718465,0.7480290412902832,0.10651209300383926,5.0,1.0,4.9961505564861,4.485439569689333,14.358544386923313,10.789276131428778,398.6370872706175,1471.976051107049,0.8948963256552815,0.9184835711494088
3,2048,11.302169800037518,181.20414364976196,839.1861076527858,0.0,-4.7595177026343265,4.7595177026343265,1.2620902092516362,0.28985044235490964,0.69275180021113,0.20427228693730803,9.0,1.0,0.9664276732334138,3.3405310345844863,12.307769503329027,9.58848428013895,402.0264808497109,1520.870990287045,0.9622786871026486,0.8738594196577798
4,2560,13.059619900071993,196.02408183303157,773.129498084262,0.0,-4.910617413069004,4.910617413069004,1.2066260855107902,0.2859864362284414,0.5063921241089702,0.2670708413468149,9.0,3.0,1.5640719207003713,4.461678873862676,12.949735149829007,9.837540803286101,461.9637532159686,2002.2862338312611,0.8422731004769795,0.9868371342189592
5,3072,14.972214400069788,205.1800700894105,736.1338746700978,0.0,-4.910617413069004,4.910617413069004,1.2066260855107902,0.2859864362284414,0.5063921241089702,0.2670708413468149,9.0,3.0,1.5640719207003713,4.461678873862676,12.949735149829007,9.837540803286101,461.9637532159686,2002.2862338312611,0.8422731004769795,0.9868371342189592
6,3584,16.799948200117797,213.33399111164343,705.5978244049475,0.0,-5.0820757812723585,5.0820757812723585,1.300058932287039,0.2854156664816403,0.6754152388023988,0.2528759019958543,5.0,1.0,1.4804349752997275,3.7960888096131384,24.797093025408685,11.801324059097155,267.02655360051904,2373.3740750556913,0.8326089541047388,0.8876985891263269
7,4096,21.136733500054106,193.78585626721912,774.1328644394816,0.0,-5.115888738284305,5.115888738284305,1.2080904739985676,0.3224522895294577,0.6795534285375568,0.27544468953309165,4.0,1.0,1.26508119720753,4.327992318576692,19.365624890677037,12.149081011812793,384.35288706124226,1172.792121875915,0.7544716215123962,0.5836114533497125
8,4608,24.266331600025296,189.89273187032506,787.3076474674874,0.0,-5.115888738284305,5.115888738284305,1.2080904739985676,0.3224522895294577,0.6795534285375568,0.27544468953309165,4.0,1.0,1.26508119720753,4.327992318576692,19.365624890677037,12.149081011812793,384.35288706124226,1172.792121875915,0.7544716215123962,0.5836114533497125
9,5120,27.597224300028756,185.52590450173153,803.0792271308368,0.0,-5.115888738284305,5.115888738284305,1.2080904739985676,0.3224522895294577,0.6795534285375568,0.27544468953309165,4.0,1.0,1.26508119720753,4.327992318576692,19.365624890677037,12.149081011812793,384.35288706124226,1172.792121875915,0.7544716215123962,0.5836114533497125
10,5632,30.90037960000336,182.2631331040149,814.6463712728159,0.0,-5.115888738284305,5.115888738284305,1.2080904739985676,0.3224522895294577,0.6795534285375568,0.27544468953309165,4.0,1.0,1.26508119720753,4.327992318576692,19.365624890677037,12.149081011812793,384.35288706124226,1172.792121875915,0.7544716215123962,0.5836114533497125
11,6144,34.247907400131226,179.3978221272713,824.8037698864937,0.0,-5.115888738284305,5.115888738284305,1.2080904739985676,0.3224522895294577,0.6795534285375568,0.27544468953309165,4.0,1.0,1.26508119720753,4.327992318576692,19.365624890677037,12.149081011812793,384.35288706124226,1172.792121875915,0.7544716215123962,0.5836114533497125
12,6656,37.92554210009985,175.50177614949575,840.1966249868274,0.0,-5.115888738284305,5.115888738284305,1.2080904739985676,0.3224522895294577,0.6795534285375568,0.27544468953309165,4.0,1.0,1.26508119720753,4.327992318576692,19.365624890677037,12.149081011812793,384.35288706124226,1172.792121875915,0.7544716215123962,0.5836114533497125
13,7168,41.93695670017041,170.92322772126363,859.7076123534935,0.0,-5.174016271715527,5.174016271715527,0.9903149657530579,0.32052991331177855,0.5157711184472384,0.15626694162734225,4.0,1.0,1.4066345575474908,4.15591614048423,17.16259882875367,9.674604091414245,378.99247991200434,2153.34358174992,0.9579289383078335,0.8166701338277123
14,7680,45.04038370004855,170.51364506896334,858.7699825475923,9.758653077938766e-06,-5.174016271715527,5.174016271715527,0.9903149657530579,0.32052991331177855,0.5157711184472384,0.15626694162734225,4.0,1.0,1.4066345575474908,4.15591614048423,17.16259882875367,9.674604091414245,378.99247991200434,2153.34358174992,0.9579289383078335,0.8166701338277123
15,8192,48.180243000155315,170.028200147799,858.2105784402665,1.0717473805942672e-05,-5.174016271715527,5.174016271715527,0.9903149657530579,0.32052991331177855,0.5157711184472384,0.15626694162734225,4.0,1.0,1.4066345575474908,4.15591614048423,17.16259882875367,9.674604091414245,378.99247991200434,2153.34358174992,0.9579289383078335,0.8166701338277123
16,8704,51.72020330000669,168.29013508535212,864.0316316001117,1.1959279434551214e-05,-5.174016271715527,5.174016271715527,0.9903149657530579,0.32052991331177855,0.5157711184472384,0.15626694162734225,4.0,1.0,1.4066345575474908,4.15591614048423,17.16259882875367,9.674604091414245,378.99247991200434,2153.34358174992,0.9579289383078335,0.8166701338277123
17,9216,55.205673900200054,166.9393623680881,867.9558729864787,1.299118421152448e-05,-5.174016271715527,5.174016271715527,0.9903149657530579,0.32052991331177855,0.5157711184472384,0.15626694162734225,4.0,1.0,1.4066345575474908,4.15591614048423,17.16259882875367,9.674604091414245,378.99247991200434,2153.34358174992,0.9579289383078335,0.8166701338277123
18,9728,58.98330540000461,164.92802385400464,875.4364275158579,1.4343699201917625e-05,-5.174016271715527,5.174016271715527,0.9903149657530579,0.32052991331177855,0.5157711184472384,0.15626694162734225,4.0,1.0,1.4066345575474908,4.15591614048423,17.16259882875367,9.674604091414245,378.99247991200434,2153.34358174992,0.9579289383078335,0.8166701338277123
19,10240,62.90112140006386,162.79518984838964,883.7607556708972,1.531636321364101e-05,-5.232297328665151,5.232297328665151,1.1419191637362938,0.2702359836262593,0.5194414039749576,0.09482322568336503,3.0,1.0,0.864661660991026,3.4743766971579384,19.358624926435546,13.493022381169276,243.515359992843,2007.2259403698401,0.7542710275211597,0.9322370566192173
20,10752,66.77733410010114,161.0127170378267,890.3644546680152,1.715965650654504e-05,-5.232297328665151,5.232297328665151,1.1419191637362938,0.2702359836262593,0.5194414039749576,0.09482322568336503,3.0,1.0,0.864661660991026,3.4743766971579384,19.358624926435546,13.493022381169276,243.515359992843,2007.2259403698401,0.7542710275211597,0.9322370566192173
21,11264,70.66133800009266,159.40824669899726,896.1142410011751,1.7740326228243366e-05,-5.232297328665151,5.232297328665151,1.1419191637362938,0.2702359836262593,0.5194414039749576,0.09482322568336503,3.0,1.0,0.864661660991026,3.4743766971579384,19.358624926435546,13.493022381169276,243.515359992843,2007.2259403698401,0.7542710275211597,0.9322370566192173
22,11776,74.62517740018666,157.80196992832268,901.9912746631256,1.821810863358865e-05,-5.232297328665151,5.232297328665151,1.1419191637362938,0.2702359836262593,0.5194414039749576,0.09482322568336503,3.0,1.0,0.864661660991026,3.4743766971579384,19.358624926435546,13.493022381169276,243.515359992843,2007.2259403698401,0.7542710275211597,0.9322370566192173
23,12288,77.8419664001558,157.85829377474982,898.4260288684649,1.879840012598861e-05,-5.234438367968723,5.234438367968723,1.2893188670600817,0.18801667628920254,0.6564673201398843,0.21199046641748218,3.0,1.0,0.8725330006174024,3.7418379649595543,16.402621649316803,11.234749238037024,475.20238563120995,2067.1064641464213,0.7106974156872228,0.6396245043660197
24,12800,80.672128100181,158.66694360789128,890.6202942259982,1.9155004963788748e-05,-5.234438367968723,5.234438367968723,1.2893188670600817,0.18801667628920254,0.6564673201398843,0.21199046641748218,3.0,1.0,0.8725330006174024,3.7418379649595543,16.402621649316803,11.234749238037024,475.20238563120995,2067.1064641464213,0.7106974156872228,0.6396245043660197
25,13312,83.98427730007097,158.50585881017935,888.2952406738276,2.0063892377973024e-05,-5.234438367968723,5.234438367968723,1.2893188670600817,0.18801667628920254,0.6564673201398843,0.21199046641748218,3.0,1.0,0.8725330006174024,3.7418379649595543,16.402621649316803,11.234749238037024,475.20238563120995,2067.1064641464213,0.7106974156872228,0.6396245043660197
26,13824,87.13343919999897,158.65321198064407,884.2430496592489,2.056219228505039e-05,-5.234438367968723,5.234438367968723,1.2893188670600817,0.18801667628920254,0.6564673201398843,0.21199046641748218,3.0,1.0,0.8725330006174024,3.7418379649595543,16.402621649316803,11.234749238037024,475.20238563120995,2067.1064641464213,0.7106974156872228,0.6396245043660197
27,14336,90.34514840017073,158.68035255751386,880.8651969016646,2.139770513644061e-05,-5.234438367968723,5.234438367968723,1.2893188670600817,0.18801667628920254,0.6564673201398843,0.21199046641748218,3.0,1.0,0.8725330006174024,3.7418379649595543,16.402621649316803,11.234749238037024,475.20238563120995,2067.1064641464213,0.7106974156872228,0.6396245043660197
28,14848,93.79523680009879,158.3022817208172,879.7346348147197,2.206092253189498e-05,-5.234438367968723,5.234438367968723,1.2893188670600817,0.18801667628920254,0.6564673201398843,0.21199046641748218,3.0,1.0,0.8725330006174024,3.7418379649595543,16.402621649316803,11.234749238037024,475.20238563120995,2067.1064641464213,0.7106974156872228,0.6396245043660197
29,15360,97.24274130002595,157.9552344437651,878.4260964102344,2.27125732484091e-05,-5.234438367968723,5.234438367968723,1.2893188670600817,0.18801667628920254,0.6564673201398843,0.21199046641748218,3.0,1.0,0.8725330006174024,3.7418379649595543,16.402621649316803,11.234749238037024,475.20238563120995,2067.1064641464213,0.7106974156872228,0.6396245043660197
30,15872,100.76158880000003,157.52034271218236,877.6009347096776,2.3415580783894846e-05,-5.234438367968723,5.234438367968723,1.2893188670600817,0.18801667628920254,0.6564673201398843,0.21199046641748218,3.0,1.0,0.8725330006174024,3.7418379649595543,16.402621649316803,11.234749238037024,475.20238563120995,2067.1064641464213,0.7106974156872228,0.6396245043660197
31,16384,103.76658070017584,157.89283880655265,872.2878190108531,2.4505469020173943e-05,-5.234438367968723,5.234438367968723,1.2893188670600817,0.18801667628920254,0.6564673201398843,0.21199046641748218,3.0,1.0,0.8725330006174024,3.7418379649595543,16.402621649316803,11.234749238037024,475.20238563120995,2067.1064641464213,0.7106974156872228,0.6396245043660197
32,16896,107.36567299999297,157.3687336733884,871.9394049696399,2.524162976901925e-05,-5.234438367968723,5.234438367968723,1.2893188670600817,0.18801667628920254,0.6564673201398843,0.21199046641748218,3.0,1.0,0.8725330006174024,3.7418379649595543,16.402621649316803,11.234749238037024,475.20238563120995,2067.1064641464213,0.7106974156872228,0.6396245043660197
33,17408,111.60192260006443,155.98297587025576,876.4033333593295,2.588399312432665e-05,-5.234438367968723,5.234438367968723,1.2893188670600817,0.18801667628920254,0.6564673201398843,0.21199046641748218,3.0,1.0,0.8725330006174024,3.7418379649595543,16.402621649316803,11.234749238037024,475.20238563120995,2067.1064641464213,0.7106974156872228,0.6396245043660197
34,17920,115.22107119997963,155.52710813543598,875.6801411198452,2.6461567494295865e-05,-5.234438367968723,5.234438367968723,1.2893188670600817,0.18801667628920254,0.6564673201398843,0.21199046641748218,3.0,1.0,0.8725330006174024,3.7418379649595543,16.402621649316803,11.234749238037024,475.20238563120995,2067.1064641464213,0.7106974156872228,0.6396245043660197
35,18432,119.02475120010786,154.85854676571924,876.1544185563495,2.747948112463071e-05,-5.234438367968723,5.234438367968723,1.2893188670600817,0.18801667628920254,0.6564673201398843,0.21199046641748218,3.0,1.0,0.8725330006174024,3.7418379649595543,16.402621649316803,11.234749238037024,475.20238563120995,2067.1064641464213,0.7106974156872228,0.6396245043660197
36,18944,122.61927530006506,154.49447041373887,874.9050994383019,2.804949218074162e-05,-5.234438367968723,5.234438367968723,1.2893188670600817,0.18801667628920254,0.6564673201398843,0.21199046641748218,3.0,1.0,0.8725330006174024,3.7418379649595543,16.402621649316803,11.234749238037024,475.20238563120995,2067.1064641464213,0.7106974156872228,0.6396245043660197
37,19456,126.24909449997358,154.10803599865875,873.7766277235014,2.908807895735789e-05,-5.234438367968723,5.234438367968723,1.2893188670600817,0.18801667628920254,0.6564673201398843,0.21199046641748218,3.0,1.0,0.8725330006174024,3.7418379649595543,16.402621649316803,11.234749238037024,475.20238563120995,2067.1064641464213,0.7106974156872228,0.6396245043660197
38,19968,129.96713490015827,153.638841198889,873.1125472779863,2.9638566784149805e-05,-5.234438367968723,5.234438367968723,1.2893188670600817,0.18801667628920254,0.6564673201398843,0.21199046641748218,3.0,1.0,0.8725330006174024,3.7418379649595543,16.402621649316803,11.234749238037024,475.20238563120995,2067.1064641464213,0.7106974156872228,0.6396245043660197
39,20480,133.66150330007076,153.22287640310535,872.1413090329618,3.0494269681444795e-05,-5.234438367968723,5.234438367968723,1.2893188670600817,0.18801667628920254,0.6564673201398843,0.21199046641748218,3.0,1.0,0.8725330006174024,3.7418379649595543,16.402621649316803,11.234749238037024,475.20238563120995,2067.1064641464213,0.7106974156872228,0.6396245043660197
40,20992,137.34943250007927,152.8364523820503,870.996401220015,3.112581278139682e-05,-5.234438367968723,5.234438367968723,1.2893188670600817,0.18801667628920254,0.6564673201398843,0.21199046641748218,3.0,1.0,0.8725330006174024,3.7418379649595543,16.402621649316803,11.234749238037024,475.20238563120995,2067.1064641464213,0.7106974156872228,0.6396245043660197
41,21504,141.53013029997237,151.93937823997183,872.7691368498296,3.170398860995403e-05,-5.234438367968723,5.234438367968723,1.2893188670600817,0.18801667628920254,0.6564673201398843,0.21199046641748218,3.0,1.0,0.8725330006174024,3.7418379649595543,16.402621649316803,11.234749238037024,475.20238563120995,2067.1064641464213,0.7106974156872228,0.6396245043660197
42,22016,145.32018789998256,151.49994173660605,871.9211273998953,3.2314037793617664e-05,-5.234438367968723,5.234438367968723,1.2893188670600817,0.18801667628920254,0.6564673201398843,0.21199046641748218,3.0,1.0,0.8725330006174024,3.7418379649595543,16.402621649316803,11.234749238037024,475.20238563120995,2067.1064641464213,0.7106974156872228,0.6396245043660197
43,22528,148.5511055001989,151.6515136265333,867.6735025807072,3.277880395333181e-05,-5.234438367968723,5.234438367968723,1.2893188670600817,0.18801667628920254,0.6564673201398843,0.21199046641748218,3.0,1.0,0.8725330006174024,3.7418379649595543,16.402621649316803,11.234749238037024,475.20238563120995,2067.1064641464213,0.7106974156872228,0.6396245043660197
44,23040,152.62740680016577,150.95585047950232,868.2803586853876,3.329447220228857e-05,-5.234438367968723,5.234438367968723,1.2893188670600817,0.18801667628920254,0.6564673201398843,0.21199046641748218,3.0,1.0,0.8725330006174024,3.7418379649595543,16.402621649316803,11.234749238037024,475.20238563120995,2067.1064641464213,0.7106974156872228,0.6396245043660197
45,23552,156.22358280001208,150.75828871592222,866.0220350870234,3.359233182774897e-05,-5.234438367968723,5.234438367968723,1.2893188670600817,0.18801667628920254,0.6564673201398843,0.21199046641748218,3.0,1.0,0.8725330006174024,3.7418379649595543,16.402621649316803,11.234749238037024,475.20238563120995,2067.1064641464213,0.7106974156872228,0.6396245043660197
46,24064,160.16994120017625,150.2404247618811,865.5992566988249,3.4474077080657296e-05,-5.234438367968723,5.234438367968723,1.2893188670600817,0.18801667628920254,0.6564673201398843,0.21199046641748218,3.0,1.0,0.8725330006174024,3.7418379649595543,16.402621649316803,11.234749238037024,475.20238563120995,2067.1064641464213,0.7106974156872228,0.6396245043660197
47,24576,163.42133110016584,150.38428480879665,861.3665993404576,3.565874045087195e-05,-5.292089845923325,5.292089845923325,1.079354027436465,0.2842955516196662,0.604850223945618,0.20022640028529565,3.0,1.0,1.0890035553891226,4.194339448364831,18.26419500375472,10.91061901873019,436.9737043668338,1767.2875020170957,0.644876123338938,0.7282740105549013
48,25088,168.13838710007258,149.21042382230138,864.7117050860875,3.6475813000919616e-05,-5.292089845923325,5.292089845923325,1.079354027436465,0.2842955516196662,0.604850223945618,0.20022640028529565,3.0,1.0,1.0890035553891226,4.194339448364831,18.26419500375472,10.91061901873019,436.9737043668338,1767.2875020170957,0.644876123338938,0.7282740105549013
49,25600,172.99083670019172,147.98471692675284,868.4140002349625,3.8524002264487445e-05,-5.292089845923325,5.292089845923325,1.079354027436465,0.2842955516196662,0.604850223945618,0.20022640028529565,3.0,1.0,1.0890035553891226,4.194339448364831,18.26419500375472,10.91061901873019,436.9737043668338,1767.2875020170957,0.644876123338938,0.7282740105549013
50,26112,177.7098352999892,146.9361555364718,871.126643627398,3.93850917176738e-05,-5.292089845923325,5.292089845923325,1.079354027436465,0.2842955516196662,0.604850223945618,0.20022640028529565,3.0,1.0,1.0890035553891226,4.194339448364831,18.26419500375472,10.91061901873019,436.9737043668338,1767.2875020170957,0.644876123338938,0.7282740105549013
51,26624,182.67854910017923,145.74234430447356,874.749206268166,4.1233405186650145e-05,-5.292089845923325,5.292089845923325,1.079354027436465,0.2842955516196662,0.604850223945618,0.20022640028529565,3.0,1.0,1.0890035553891226,4.194339448364831,18.26419500375472,10.91061901873019,436.9737043668338,1767.2875020170957,0.644876123338938,0.7282740105549013
52,27136,187.03951410017908,145.08164293811123,875.203764091404,4.260202728704962e-05,-5.321503906863326,5.321503906863326,1.3811745727315545,0.2518939047856331,0.6747223210144649,0.24305533454294548,3.0,1.0,1.3822591422783554,3.2511866009907324,18.162404532349964,8.758768857165247,387.1151829545143,2332.9537256581602,0.7241785295305538,0.7989131557760675
53,27648,191.52816150011495,144.35475067191834,876.0639979727479,4.463252741766772e-05,-5.372619412540546,5.372619412540546,1.353060961605614,0.2973122663671866,0.8432425619349371,0.08093248628534466,3.0,1.0,1.5914190148290877,3.3366473220510953,15.586712747127798,11.166125930928601,396.1055165334998,2767.574065067945,0.7991498997086288,0.8242989735889936
54,28160,195.15533930016682,144.29530906498712,872.8766085062007,4.6874242680232455e-05,-5.372619412540546,5.372619412540546,1.353060961605614,0.2973122663671866,0.8432425619349371,0.08093248628534466,3.0,1.0,1.5914190148290877,3.3366473220510953,15.586712747127798,11.166125930928601,396.1055165334998,2767.574065067945,0.7991498997086288,0.8242989735889936
55,28672,198.37545699998736,144.53400855934424,867.8926243749447,4.782844986455688e-05,-5.372619412540546,5.372619412540546,1.353060961605614,0.2973122663671866,0.8432425619349371,0.08093248628534466,3.0,1.0,1.5914190148290877,3.3366473220510953,15.586712747127798,11.166125930928601,396.1055165334998,2767.574065067945,0.7991498997086288,0.8242989735889936
56,29184,201.2579485999886,145.00793734117218,861.5252536560916,4.983650197122123e-05,-5.372619412540546,5.372619412540546,1.353060961605614,0.2973122663671866,0.8432425619349371,0.08093248628534466,3.0,1.0,1.5914190148290877,3.3366473220510953,15.586712747127798,11.166125930928601,396.1055165334998,2767.574065067945,0.7991498997086288,0.8242989735889936
57,29696,204.04638020019047,145.53553937523995,854.8839722180394,5.1565716712427096e-05,-5.372619412540546,5.372619412540546,1.353060961605614,0.2973122663671866,0.8432425619349371,0.08093248628534466,3.0,1.0,1.5914190148290877,3.3366473220510953,15.586712747127798,11.166125930928601,396.1055165334998,2767.574065067945,0.7991498997086288,0.8242989735889936
58,30208,207.4282539000269,145.63107692435761,850.8074143018052,5.2764613301554634e-05,-5.383067830507339,5.383067830507339,1.2093595075689803,0.353106945599925,0.7517238373063198,0.11853355139990158,3.0,1.0,1.6448728557000503,3.876843489941859,15.15775703994406,11.664595171716405,395.5828171000669,2332.696513009867,0.721217889604473,0.8570267116635065
59,30720,210.58532920014113,145.87910808736154,845.8510722872335,5.349383338335944e-05,-5.383067830507339,5.383067830507339,1.2093595075689803,0.353106945599925,0.7517238373063198,0.11853355139990158,3.0,1.0,1.6448728557000503,3.876843489941859,15.15775703994406,11.664595171716405,395.5828171000669,2332.696513009867,0.721217889604473,0.8570267116635065
60,31232,213.28486610017717,146.43326819696026,839.1535715416807,5.648839253496879e-05,-5.383067830507339,5.383067830507339,1.2093595075689803,0.353106945599925,0.7517238373063198,0.11853355139990158,3.0,1.0,1.6448728557000503,3.876843489941859,15.15775703994406,11.664595171716405,395.5828171000669,2332.696513009867,0.721217889604473,0.8570267116635065
61,31744,215.98413970018737,146.97375485100244,832.5840223926577,5.919084875312764e-05,-5.383067830507339,5.383067830507339,1.2093595075689803,0.353106945599925,0.7517238373063198,0.11853355139990158,3.0,1.0,1.6448728557000503,3.876843489941859,15.15775703994406,11.664595171716405,395.5828171000669,2332.696513009867,0.721217889604473,0.8570267116635065
62,32256,219.1867443001829,147.16218402251747,828.0388118006911,5.987637448129966e-05,-5.383067830507339,5.383067830507339,1.2093595075689803,0.353106945599925,0.7517238373063198,0.11853355139990158,3.0,1.0,1.6448728557000503,3.876843489941859,15.15775703994406,11.664595171716405,395.5828171000669,2332.696513009867,0.721217889604473,0.8570267116635065
63,32768,224.1394794001244,146.19468238125037,830.0165096535857,6.197119477710117e-05,-5.383067830507339,5.383067830507339,1.2093595075689803,0.353106945599925,0.7517238373063198,0.11853355139990158,3.0,1.0,1.6448728557000503,3.876843489941859,15.15775703994406,11.664595171716405,395.5828171000669,2332.696513009867,0.721217889604473,0.8570267116635065
64,33280,232.20960459997877,143.3187919049712,843.0994874706922,6.49676621832898e-05,-5.383067830507339,5.383067830507339,1.2093595075689803,0.353106945599925,0.7517238373063198,0.11853355139990158,3.0,1.0,1.6448728557000503,3.876843489941859,15.15775703994406,11.664595171716405,395.5828171000669,2332.696513009867,0.721217889604473,0.8570267116635065
65,33792,239.64197390014306,141.0103557821672,853.2706646444487,6.662565361439458e-05,-5.383067830507339,5.383067830507339,1.2093595075689803,0.353106945599925,0.7517238373063198,0.11853355139990158,3.0,1.0,1.6448728557000503,3.876843489941859,15.15775703994406,11.664595171716405,395.5828171000669,2332.696513009867,0.721217889604473,0.8570267116635065
66,34304,247.43424860015512,138.63885130725794,864.1733458572581,6.918885120382478e-05,-5.383067830507339,5.383067830507339,1.2093595075689803,0.353106945599925,0.7517238373063198,0.11853355139990158,3.0,1.0,1.6448728557000503,3.876843489941859,15.15775703994406,11.664595171716405,395.5828171000669,2332.696513009867,0.721217889604473,0.8570267116635065
67,34816,256.0699758999981,135.96283546180572,877.4162409514641,7.947047546967157e-05,-5.383067830507339,5.383067830507339,1.2093595075689803,0.353106945599925,0.7517238373063198,0.11853355139990158,3.0,1.0,1.6448728557000503,3.876843489941859,15.15775703994406,11.664595171716405,395.5828171000669,2332.696513009867,0.721217889604473,0.8570267116635065
68,35328,262.0189044000581,134.82996610832393,880.9910988523692,8.06199345002115e-05,-5.383067830507339,5.383067830507339,1.2093595075689803,0.353106945599925,0.7517238373063198,0.11853355139990158,3.0,1.0,1.6448728557000503,3.876843489941859,15.15775703994406,11.664595171716405,395.5828171000669,2332.696513009867,0.721217889604473,0.8570267116635065
69,35840,270.3227701999713,132.58224593321296,892.0651416599052,8.646182472271877e-05,-5.383067830507339,5.383067830507339,1.2093595075689803,0.353106945599925,0.7517238373063198,0.11853355139990158,3.0,1.0,1.6448728557000503,3.876843489941859,15.15775703994406,11.664595171716405,395.5828171000669,2332.696513009867,0.721217889604473,0.8570267116635065
70,36352,276.70270030014217,131.37566044917025,896.3608601272211,8.951816202761238e-05,-5.391843916463948,5.391843916463948,1.3718070086143233,0.296582012768297,0.7778789075953578,0.2080035809451676,3.0,1.0,2.0267438675574074,4.1354914965606415,20.487050834111173,8.674629258970723,349.08244545901863,2013.8548097400367,0.7935059949456459,0.7771742808460476
71,36864,289.0967745000962,127.51439397324626,919.4883522294726,9.277991479481248e-05,-5.413161287945783,5.413161287945783,1.3913728064932005,0.3707535427318766,0.7766591409850334,0.11050966413960887,3.0,1.0,2.3314376765003253,4.379960560131888,19.709645377028615,8.386443278696348,400.4130268834232,2770.0668121270464,0.6876153077202112,0.7235684143245045
72,37376,302.7593134001363,123.45119818197861,945.6044308935764,9.544873497714268e-05,-5.413161287945783,5.413161287945783,1.3913728064932005,0.3707535427318766,0.7766591409850334,0.11050966413960887,3.0,1.0,2.3314376765003253,4.379960560131888,19.709645377028615,8.386443278696348,400.4130268834232,2770.0668121270464,0.6876153077202112,0.7235684143245045
73,37888,317.87752740015276,119.19055842002184,975.1107935112793,9.833657766129222e-05,-5.413161287945783,5.413161287945783,1.3913728064932005,0.3707535427318766,0.7766591409850334,0.11050966413960887,3.0,1.0,2.3314376765003253,4.379960560131888,19.709645377028615,8.386443278696348,400.4130268834232,2770.0668121270464,0.6876153077202112,0.7235684143245045
74,38400,329.9180120001547,116.39255391725018,994.1529428271328,0.0001082902801532598,-5.413161287945783,5.413161287945783,1.3913728064932005,0.3707535427318766,0.7766591409850334,0.11050966413960887,3.0,1.0,2.3314376765003253,4.379960560131888,19.709645377028615,8.386443278696348,400.4130268834232,2770.0668121270464,0.6876153077202112,0.7235684143245045
75,38912,340.7049939001445,114.21024257544204,1008.6661003622698,0.00011108584265030272,-5.483122675754452,5.483122675754452,1.2330227135512979,0.393613958412139,0.8131937584499855,0.29319472618189546,3.0,1.0,2.576985477970127,4.377107262465317,21.35848111879554,9.38348612680197,330.08392074141443,2783.6679678777327,0.7225837254213164,0.8697064225839264
76,39424,357.09876170009375,110.4008308858542,1038.8327613093636,0.00011262068618356605,-5.483122675754452,5.483122675754452,1.2330227135512979,0.393613958412139,0.8131937584499855,0.29319472618189546,3.0,1.0,2.576985477970127,4.377107262465317,21.35848111879554,9.38348612680197,330.08392074141443,2783.6679678777327,0.7225837254213164,0.8697064225839264
77,39936,371.00400239997543,107.64304358351754,1060.6909299383913,0.00011430710263100072,-5.483122675754452,5.483122675754452,1.2330227135512979,0.393613958412139,0.8131937584499855,0.29319472618189546,3.0,1.0,2.576985477970127,4.377107262465317,21.35848111879554,9.38348612680197,330.08392074141443,2783.6679678777327,0.7225837254213164,0.8697064225839264
78,40448,387.44848540006205,104.39581395765477,1088.7792880862505,0.00011763682076559488,-5.483122675754452,5.483122675754452,1.2330227135512979,0.393613958412139,0.8131937584499855,0.29319472618189546,3.0,1.0,2.576985477970127,4.377107262465317,21.35848111879554,9.38348612680197,330.08392074141443,2783.6679678777327,0.7225837254213164,0.8697064225839264
79,40960,403.2180795001332,101.58274661388657,1113.8899446191178,0.00011731152787390133,-5.483122675754452,5.483122675754452,1.2330227135512979,0.393613958412139,0.8131937584499855,0.29319472618189546,3.0,1.0,2.576985477970127,4.377107262465317,21.35848111879554,9.38348612680197,330.08392074141443,2783.6679678777327,0.7225837254213164,0.8697064225839264
80,41472,416.67694899998605,99.53034382999043,1131.715170123419,0.00011727508705675065,-5.483122675754452,5.483122675754452,1.2330227135512979,0.393613958412139,0.8131937584499855,0.29319472618189546,3.0,1.0,2.576985477970127,4.377107262465317,21.35848111879554,9.38348612680197,330.08392074141443,2783.6679678777327,0.7225837254213164,0.8697064225839264
81,41984,428.29030770016834,98.02696732841217,1143.8485047114252,0.00011713731893214483,-5.483122675754452,5.483122675754452,1.2330227135512979,0.393613958412139,0.8131937584499855,0.29319472618189546,3.0,1.0,2.576985477970127,4.377107262465317,21.35848111879554,9.38348612680197,330.08392074141443,2783.6679678777327,0.7225837254213164,0.8697064225839264
82,42496,439.6731877999846,96.65360813253004,1154.804276390321,0.00011789884314352486,-5.483122675754452,5.483122675754452,1.2330227135512979,0.393613958412139,0.8131937584499855,0.29319472618189546,3.0,1.0,2.576985477970127,4.377107262465317,21.35848111879554,9.38348612680197,330.08392074141443,2783.6679678777327,0.7225837254213164,0.8697064225839264
83,43008,451.3002616001759,95.29797267900196,1165.8590091337878,0.00011770884689727336,-5.483122675754452,5.483122675754452,1.2330227135512979,0.393613958412139,0.8131937584499855,0.29319472618189546,3.0,1.0,2.576985477970127,4.377107262465317,21.35848111879554,9.38348612680197,330.08392074141443,2783.6679678777327,0.7225837254213164,0.8697064225839264
84,43520,465.8942597999703,93.41175402909047,1183.919530785807,0.00011813213421658278,-5.483122675754452,5.483122675754452,1.2330227135512979,0.393613958412139,0.8131937584499855,0.29319472618189546,3.0,1.0,2.576985477970127,4.377107262465317,21.35848111879554,9.38348612680197,330.08392074141443,2783.6679678777327,0.7225837254213164,0.8697064225839264
85,44032,478.3698460999876,92.04593550153776,1195.924615249969,0.00012254574002383396,-5.483122675754452,5.483122675754452,1.2330227135512979,0.393613958412139,0.8131937584499855,0.29319472618189546,3.0,1.0,2.576985477970127,4.377107262465317,21.35848111879554,9.38348612680197,330.08392074141443,2783.6679678777327,0.7225837254213164,0.8697064225839264
86,44544,491.0865364000201,90.70499127615297,1207.9599860874057,0.0001231296799854794,-5.483122675754452,5.483122675754452,1.2330227135512979,0.393613958412139,0.8131937584499855,0.29319472618189546,3.0,1.0,2.576985477970127,4.377107262465317,21.35848111879554,9.38348612680197,330.08392074141443,2783.6679678777327,0.7225837254213164,0.8697064225839264
87,45056,509.2195774000138,88.48049446576282,1232.5428407523061,0.00012271086134052182,-5.483122675754452,5.483122675754452,1.2330227135512979,0.393613958412139,0.8131937584499855,0.29319472618189546,3.0,1.0,2.576985477970127,4.377107262465317,21.35848111879554,9.38348612680197,330.08392074141443,2783.6679678777327,0.7225837254213164,0.8697064225839264
88,45568,523.0553927000146,87.11888001914625,1245.9296994652034,0.00012255964860495992,-5.483122675754452,5.483122675754452,1.2330227135512979,0.393613958412139,0.8131937584499855,0.29319472618189546,3.0,1.0,2.576985477970127,4.377107262465317,21.35848111879554,9.38348612680197,330.08392074141443,2783.6679678777327,0.7225837254213164,0.8697064225839264
89,46080,536.3806145000271,85.90914502559389,1257.5145517722858,0.00012234073571962503,-5.483122675754452,5.483122675754452,1.2330227135512979,0.393613958412139,0.8131937584499855,0.29319472618189546,3.0,1.0,2.576985477970127,4.377107262465317,21.35848111879554,9.38348612680197,330.08392074141443,2783.6679678777327,0.7225837254213164,0.8697064225839264
90,46592,551.0914692000952,84.54494871355551,1271.7495443079117,0.0001223309052891193,-5.483122675754452,5.483122675754452,1.2330227135512979,0.393613958412139,0.8131937584499855,0.29319472618189546,3.0,1.0,2.576985477970127,4.377107262465317,21.35848111879554,9.38348612680197,330.08392074141443,2783.6679678777327,0.7225837254213164,0.8697064225839264
91,47104,564.8254067001399,83.39568199524537,1283.1359782644483,0.0001243715230789165,-5.483122675754452,5.483122675754452,1.2330227135512979,0.393613958412139,0.8131937584499855,0.29319472618189546,3.0,1.0,2.576985477970127,4.377107262465317,21.35848111879554,9.38348612680197,330.08392074141443,2783.6679678777327,0.7225837254213164,0.8697064225839264
92,47616,570.3525931001641,83.48519946439129,1275.6273049982165,0.00012749037859309723,-5.483122675754452,5.483122675754452,1.2330227135512979,0.393613958412139,0.8131937584499855,0.29319472618189546,3.0,1.0,2.576985477970127,4.377107262465317,21.35848111879554,9.38348612680197,330.08392074141443,2783.6679678777327,0.7225837254213164,0.8697064225839264
93,48128,577.5419009001926,83.33248189436077,1271.8209945355304,0.00013149275032323668,-5.483122675754452,5.483122675754452,1.2330227135512979,0.393613958412139,0.8131937584499855,0.29319472618189546,3.0,1.0,2.576985477970127,4.377107262465317,21.35848111879554,9.38348612680197,330.08392074141443,2783.6679678777327,0.7225837254213164,0.8697064225839264
94,48640,583.1166475000791,83.41384216782012,1264.4424145791188,0.00013321388284683023,-5.483122675754452,5.483122675754452,1.2330227135512979,0.393613958412139,0.8131937584499855,0.29319472618189546,3.0,1.0,2.576985477970127,4.377107262465317,21.35848111879554,9.38348612680197,330.08392074141443,2783.6679678777327,0.7225837254213164,0.8697064225839264
95,49152,589.3475868999958,83.40069780983157,1258.5026595260326,0.00013335409619188331,-5.483122675754452,5.483122675754452,1.2330227135512979,0.393613958412139,0.8131937584499855,0.29319472618189546,3.0,1.0,2.576985477970127,4.377107262465317,21.35848111879554,9.38348612680197,330.08392074141443,2783.6679678777327,0.7225837254213164,0.8697064225839264
96,49664,594.1527363001369,83.5879344918344,1249.5583320126589,0.00013337847029989654,-5.483122675754452,5.483122675754452,1.2330227135512979,0.393613958412139,0.8131937584499855,0.29319472618189546,3.0,1.0,2.576985477970127,4.377107262465317,21.35848111879554,9.38348612680197,330.08392074141443,2783.6679678777327,0.7225837254213164,0.8697064225839264
97,50176,602.996942400001,83.2110355324414,1249.0650949714307,0.0001329333189237111,-5.483122675754452,5.483122675754452,1.2330227135512979,0.393613958412139,0.8131937584499855,0.29319472618189546,3.0,1.0,2.576985477970127,4.377107262465317,21.35848111879554,9.38348612680197,330.08392074141443,2783.6679678777327,0.7225837254213164,0.8697064225839264
98,50688,609.5038082001265,83.16272895764571,1243.6340328931874,0.00013315263248966046,-5.483122675754452,5.483122675754452,1.2330227135512979,0.393613958412139,0.8131937584499855,0.29319472618189546,3.0,1.0,2.576985477970127,4.377107262465317,21.35848111879554,9.38348612680197,330.08392074141443,2783.6679678777327,0.7225837254213164,0.8697064225839264
99,51200,624.3695088999812,82.00272317942711,1254.982712888962,0.00013913244613204944,-5.483122675754452,5.483122675754452,1.2330227135512979,0.393613958412139,0.8131937584499855,0.29319472618189546,3.0,1.0,2.576985477970127,4.377107262465317,21.35848111879554,9.38348612680197,330.08392074141443,2783.6679678777327,0.7225837254213164,0.8697064225839264
100,51712,638.8199391001835,80.94925789705229,1264.989978416205,0.00013994628198873475,-5.483122675754452,5.483122675754452,1.2330227135512979,0.393613958412139,0.8131937584499855,0.29319472618189546,3.0,1.0,2.576985477970127,4.377107262465317,21.35848111879554,9.38348612680197,330.08392074141443,2783.6679678777327,0.7225837254213164,0.8697064225839264
101,52224,649.768793300027,80.3732043436039,1267.6861751637782,0.00014014786011425662,-5.483122675754452,5.483122675754452,1.2330227135512979,0.393613958412139,0.8131937584499855,0.29319472618189546,3.0,1.0,2.576985477970127,4.377107262465317,21.35848111879554,9.38348612680197,330.08392074141443,2783.6679678777327,0.7225837254213164,0.8697064225839264
102,52736,657.7486525999848,80.17652304043841,1264.4100312116211,0.00013972044061633074,-5.483122675754452,5.483122675754452,1.2330227135512979,0.393613958412139,0.8131937584499855,0.29319472618189546,3.0,1.0,2.576985477970127,4.377107262465317,21.35848111879554,9.38348612680197,330.08392074141443,2783.6679678777327,0.7225837254213164,0.8697064225839264
103,53248,664.0805707001127,80.18304156054865,1257.9218502684828,0.00013988302455763662,-5.483122675754452,5.483122675754452,1.2330227135512979,0.393613958412139,0.8131937584499855,0.29319472618189546,3.0,1.0,2.576985477970127,4.377107262465317,21.35848111879554,9.38348612680197,330.08392074141443,2783.6679678777327,0.7225837254213164,0.8697064225839264
104,53760,671.736933400156,80.03132971694886,1253.9089423469577,0.00013949622230664875,-5.483122675754452,5.483122675754452,1.2330227135512979,0.393613958412139,0.8131937584499855,0.29319472618189546,3.0,1.0,2.576985477970127,4.377107262465317,21.35848111879554,9.38348612680197,330.08392074141443,2783.6679678777327,0.7225837254213164,0.8697064225839264
105,54272,678.7420630999841,79.95968269908934,1248.6292670235555,0.00014762851899600466,-5.483122675754452,5.483122675754452,1.2330227135512979,0.393613958412139,0.8131937584499855,0.29319472618189546,3.0,1.0,2.576985477970127,4.377107262465317,21.35848111879554,9.38348612680197,330.08392074141443,2783.6679678777327,0.7225837254213164,0.8697064225839264
106,54784,686.1442442999687,79.84326977178507,1244.0372279831208,0.00014912895659832123,-5.483122675754452,5.483122675754452,1.2330227135512979,0.393613958412139,0.8131937584499855,0.29319472618189546,3.0,1.0,2.576985477970127,4.377107262465317,21.35848111879554,9.38348612680197,330.08392074141443,2783.6679678777327,0.7225837254213164,0.8697064225839264
107,55296,692.9011727001052,79.80358841726579,1238.2400586214844,0.00015132713363725608,-5.483122675754452,5.483122675754452,1.2330227135512979,0.393613958412139,0.8131937584499855,0.29319472618189546,3.0,1.0,2.576985477970127,4.377107262465317,21.35848111879554,9.38348612680197,330.08392074141443,2783.6679678777327,0.7225837254213164,0.8697064225839264
108,55808,700.085984100122,79.71592242592116,1233.1789811671872,0.0001590266563393669,-5.483122675754452,5.483122675754452,1.2330227135512979,0.393613958412139,0.8131937584499855,0.29319472618189546,3.0,1.0,2.576985477970127,4.377107262465317,21.35848111879554,9.38348612680197,330.08392074141443,2783.6679678777327,0.7225837254213164,0.8697064225839264
109,56320,706.67545170011,79.69712244072738,1227.0455570429183,0.0001585657517757983,-5.483122675754452,5.483122675754452,1.2330227135512979,0.393613958412139,0.8131937584499855,0.29319472618189546,3.0,1.0,2.576985477970127,4.377107262465317,21.35848111879554,9.38348612680197,330.08392074141443,2783.6679678777327,0.7225837254213164,0.8697064225839264
110,56832,712.0902110000607,79.81011271055819,1218.8931539640678,0.00016044545864099123,-5.483122675754452,5.483122675754452,1.2330227135512979,0.393613958412139,0.8131937584499855,0.29319472618189546,3.0,1.0,2.576985477970127,4.377107262465317,21.35848111879554,9.38348612680197,330.08392074141443,2783.6679678777327,0.7225837254213164,0.8697064225839264
111,57344,720.1054555000737,79.63278095175343,1215.1779561563744,0.00016022106392814443,-5.483122675754452,5.483122675754452,1.2330227135512979,0.393613958412139,0.8131937584499855,0.29319472618189546,3.0,1.0,2.576985477970127,4.377107262465317,21.35848111879554,9.38348612680197,330.08392074141443,2783.6679678777327,0.7225837254213164,0.8697064225839264
112,57856,727.8938629999757,79.4841156670144,1211.0092587964198,0.00016468718837531746,-5.483122675754452,5.483122675754452,1.2330227135512979,0.393613958412139,0.8131937584499855,0.29319472618189546,3.0,1.0,2.576985477970127,4.377107262465317,21.35848111879554,9.38348612680197,330.08392074141443,2783.6679678777327,0.7225837254213164,0.8697064225839264
113,58368,734.3932033001911,79.47785973196358,1204.662535238033,0.00016485717649170195,-5.483122675754452,5.483122675754452,1.2330227135512979,0.393613958412139,0.8131937584499855,0.29319472618189546,3.0,1.0,2.576985477970127,4.377107262465317,21.35848111879554,9.38348612680197,330.08392074141443,2783.6679678777327,0.7225837254213164,0.8697064225839264
114,58880,743.0987915999722,79.23576335419007,1201.8815238051725,0.00016551190503616542,-5.491409811474702,5.491409811474702,1.4140126975877578,0.33706056034822574,0.6318970424535731,0.2248550411486845,3.0,1.0,2.637090181635367,4.4344181899017325,19.31195192141751,9.708693024569106,327.4464284485019,2807.0521610971578,0.78176459925946,0.9522161976029921
115,59392,749.6107020000927,79.2304590123003,1195.4998264656651,0.00016663182995872413,-5.491409811474702,5.491409811474702,1.4140126975877578,0.33706056034822574,0.6318970424535731,0.2248550411486845,3.0,1.0,2.637090181635367,4.4344181899017325,19.31195192141751,9.708693024569106,327.4464284485019,2807.0521610971578,0.78176459925946,0.9522161976029921
116,59904,756.0836953001563,79.22932391263751,1189.0547003011004,0.00016840244546294445,-5.491409811474702,5.491409811474702,1.4140126975877578,0.33706056034822574,0.6318970424535731,0.2248550411486845,3.0,1.0,2.637090181635367,4.4344181899017325,19.31195192141751,9.708693024569106,327.4464284485019,2807.0521610971578,0.78176459925946,0.9522161976029921
117,60416,763.0656978001352,79.17535826099257,1183.398497435803,0.00016920299331566109,-5.503545148284795,5.503545148284795,1.4435549766103848,0.34075941138150656,0.6842624136558271,0.22554871970765494,3.0,1.0,2.8114368364754077,4.3259792792403,15.785794610799964,9.822274551731036,373.0342709744006,2960.303798110315,0.766882011409039,0.9993915905104196
118,60928,768.3160596999805,79.30069823581685,1175.0716207176172,0.00017810089058762694,-5.503545148284795,5.503545148284795,1.4435549766103848,0.34075941138150656,0.6842624136558271,0.22554871970765494,3.0,1.0,2.8114368364754077,4.3259792792403,15.785794610799964,9.822274551731036,373.0342709744006,2960.303798110315,0.766882011409039,0.9993915905104196
119,61440,772.7503949000966,79.50820912610875,1165.5651789743124,0.0001802950912890187,-5.526317101447564,5.526317101447564,1.4148906965009045,0.38521865180077686,0.6629192487907988,0.1870382609058946,3.0,1.0,3.129292368444098,4.374973228692876,14.600929663906077,8.328504937341487,411.8996610039418,1760.128220650094,0.838635725066569,0.9895084836871479
120,61952,776.6875827000476,79.76437550943248,1155.4030155868477,0.00018063434181264383,-5.526317101447564,5.526317101447564,1.4148906965009045,0.38521865180077686,0.6629192487907988,0.1870382609058946,3.0,1.0,3.129292368444098,4.374973228692876,14.600929663906077,8.328504937341487,411.8996610039418,1760.128220650094,0.838635725066569,0.9895084836871479
121,62464,783.163189999992,79.75860050317308,1149.067303360644,0.0001825359175139503,-5.526317101447564,5.526317101447564,1.4148906965009045,0.38521865180077686,0.6629192487907988,0.1870382609058946,3.0,1.0,3.129292368444098,4.374973228692876,14.600929663906077,8.328504937341487,411.8996610039418,1760.128220650094,0.838635725066569,0.9895084836871479
122,62976,789.5143369000871,79.76549260304263,1142.549202993622,0.0001829213382907857,-5.526317101447564,5.526317101447564,1.4148906965009045,0.38521865180077686,0.6629192487907988,0.1870382609058946,3.0,1.0,3.129292368444098,4.374973228692876,14.600929663906077,8.328504937341487,411.8996610039418,1760.128220650094,0.838635725066569,0.9895084836871479
123,63488,793.9713423000649,79.96258380822772,1133.330061186383,0.00018286416772558654,-5.537528114509516,5.537528114509516,1.3337188889777292,0.3885943939718457,0.6638889064878488,0.1301518614960656,3.0,1.0,3.284847262554103,4.373910278374492,16.677461579279704,10.055180979630464,341.23217705908786,1875.8984734093185,0.8124847864211378,0.9615916970698488
124,64000,799.8393753001001,80.01606569567443,1126.173840422541,0.00018372051081448222,-5.537528114509516,5.537528114509516,1.3337188889777292,0.3885943939718457,0.6638889064878488,0.1301518614960656,3.0,1.0,3.284847262554103,4.373910278374492,16.677461579279704,10.055180979630464,341.23217705908786,1875.8984734093185,0.8124847864211378,0.9615916970698488
125,64512,805.6434055001009,80.07512946742779,1118.9491743056956,0.0001970479941529372,-5.537528114509516,5.537528114509516,1.3337188889777292,0.3885943939718457,0.6638889064878488,0.1301518614960656,3.0,1.0,3.284847262554103,4.373910278374492,16.677461579279704,10.055180979630464,341.23217705908786,1875.8984734093185,0.8124847864211378,0.9615916970698488
126,65024,811.1505878001917,80.16267383389626,1111.3401754112863,0.00019607875792178745,-5.537528114509516,5.537528114509516,1.3337188889777292,0.3885943939718457,0.6638889064878488,0.1301518614960656,3.0,1.0,3.284847262554103,4.373910278374492,16.677461579279704,10.055180979630464,341.23217705908786,1875.8984734093185,0.8124847864211378,0.9615916970698488
127,65536,816.7775088001508,80.23727305649322,1103.9258517377039,0.00019650442130231813,-5.537528114509516,5.537528114509516,1.3337188889777292,0.3885943939718457,0.6638889064878488,0.1301518614960656,3.0,1.0,3.284847262554103,4.373910278374492,16.677461579279704,10.055180979630464,341.23217705908786,1875.8984734093185,0.8124847864211378,0.9615916970698488
128,66048,823.4254589001648,80.21126780342591,1097.9006118668865,0.00019671608778002556,-5.537528114509516,5.537528114509516,1.3337188889777292,0.3885943939718457,0.6638889064878488,0.1301518614960656,3.0,1.0,3.284847262554103,4.373910278374492,16.677461579279704,10.055180979630464,341.23217705908786,1875.8984734093185,0.8124847864211378,0.9615916970698488
129,66560,828.8436066000722,80.30465514843027,1090.2481286816335,0.00020249194299810596,-5.537528114509516,5.537528114509516,1.3337188889777292,0.3885943939718457,0.6638889064878488,0.1301518614960656,3.0,1.0,3.284847262554103,4.373910278374492,16.677461579279704,10.055180979630464,341.23217705908786,1875.8984734093185,0.8124847864211378,0.9615916970698488
130,67072,834.7848951001652,80.3464466040106,1083.3086424963974,0.0002026358217959313,-5.537528114509516,5.537528114509516,1.3337188889777292,0.3885943939718457,0.6638889064878488,0.1301518614960656,3.0,1.0,3.284847262554103,4.373910278374492,16.677461579279704,10.055180979630464,341.23217705908786,1875.8984734093185,0.8124847864211378,0.9615916970698488
131,67584,839.845812200103,80.47191403259308,1075.2571383471015,0.00020372057896923698,-5.537528114509516,5.537528114509516,1.3337188889777292,0.3885943939718457,0.6638889064878488,0.1301518614960656,3.0,1.0,3.284847262554103,4.373910278374492,16.677461579279704,10.055180979630464,341.23217705908786,1875.8984734093185,0.8124847864211378,0.9615916970698488
132,68096,845.5679771001451,80.53285110622754,1068.0858658107095,0.00020804095384772684,-5.537528114509516,5.537528114509516,1.3337188889777292,0.3885943939718457,0.6638889064878488,0.1301518614960656,3.0,1.0,3.284847262554103,4.373910278374492,16.677461579279704,10.055180979630464,341.23217705908786,1875.8984734093185,0.8124847864211378,0.9615916970698488
133,68608,851.6818327000365,80.55590405456475,1061.4243735888513,0.00021007430245275726,-5.537528114509516,5.537528114509516,1.3337188889777292,0.3885943939718457,0.6638889064878488,0.1301518614960656,3.0,1.0,3.284847262554103,4.373910278374492,16.677461579279704,10.055180979630464,341.23217705908786,1875.8984734093185,0.8124847864211378,0.9615916970698488
134,69120,858.10575600015,80.54951212795258,1055.1522629335177,0.0002158791665347213,-5.537528114509516,5.537528114509516,1.3337188889777292,0.3885943939718457,0.6638889064878488,0.1301518614960656,3.0,1.0,3.284847262554103,4.373910278374492,16.677461579279704,10.055180979630464,341.23217705908786,1875.8984734093185,0.8124847864211378,0.9615916970698488
135,69632,863.8754428001121,80.60421277203942,1048.0841769266065,0.0002182812170133299,-5.537528114509516,5.537528114509516,1.3337188889777292,0.3885943939718457,0.6638889064878488,0.1301518614960656,3.0,1.0,3.284847262554103,4.373910278374492,16.677461579279704,10.055180979630464,341.23217705908786,1875.8984734093185,0.8124847864211378,0.9615916970698488
136,70144,869.4853444001637,80.67301013381726,1040.8437699388821,0.00022193299561417966,-5.537528114509516,5.537528114509516,1.3337188889777292,0.3885943939718457,0.6638889064878488,0.1301518614960656,3.0,1.0,3.284847262554103,4.373910278374492,16.677461579279704,10.055180979630464,341.23217705908786,1875.8984734093185,0.8124847864211378,0.9615916970698488
137,70656,876.7643693999853,80.58721643576087,1035.598494291287,0.00022401444253675035,-5.537528114509516,5.537528114509516,1.3337188889777292,0.3885943939718457,0.6638889064878488,0.1301518614960656,3.0,1.0,3.284847262554103,4.373910278374492,16.677461579279704,10.055180979630464,341.23217705908786,1875.8984734093185,0.8124847864211378,0.9615916970698488
138,71168,882.3314649001695,80.6590298896937,1028.3287576534349,0.00022571100869851123,-5.539832895856328,5.539832895856328,1.2778041073596142,0.3842700475792612,0.7071785178203808,0.21842548299162368,3.0,1.0,3.0804279889538875,4.2670563816188976,16.544941047005175,8.956787063653412,378.5244441601773,1276.2058829450898,0.9217983815947643,0.9678448971719078
139,71680,886.9220684000757,80.81882563741368,1019.9603786600869,0.0002305898964474306,-5.539832895856328,5.539832895856328,1.2778041073596142,0.3842700475792612,0.7071785178203808,0.21842548299162368,3.0,1.0,3.0804279889538875,4.2670563816188976,16.544941047005175,8.956787063653412,378.5244441601773,1276.2058829450898,0.9217983815947643,0.9678448971719078
140,72192,891.6415345000569,80.96527270959628,1011.7918121986461,0.00023205265580502425,-5.539832895856328,5.539832895856328,1.2778041073596142,0.3842700475792612,0.7071785178203808,0.21842548299162368,3.0,1.0,3.0804279889538875,4.2670563816188976,16.544941047005175,8.956787063653412,378.5244441601773,1276.2058829450898,0.9217983815947643,0.9678448971719078
141,72704,896.829585700063,81.06779834125057,1004.1965079317607,0.00023462105487320626,-5.539832895856328,5.539832895856328,1.2778041073596142,0.3842700475792612,0.7071785178203808,0.21842548299162368,3.0,1.0,3.0804279889538875,4.2670563816188976,16.544941047005175,8.956787063653412,378.5244441601773,1276.2058829450898,0.9217983815947643,0.9678448971719078
142,73216,901.0823700001929,81.2533930721387,995.6014997204928,0.0002364818925133488,-5.539832895856328,5.539832895856328,1.2778041073596142,0.3842700475792612,0.7071785178203808,0.21842548299162368,3.0,1.0,3.0804279889538875,4.2670563816188976,16.544941047005175,8.956787063653412,378.5244441601773,1276.2058829450898,0.9217983815947643,0.9678448971719078
143,73728,905.6797917000949,81.40625492107054,987.4425506730203,0.00023690334428222784,-5.539832895856328,5.539832895856328,1.2778041073596142,0.3842700475792612,0.7071785178203808,0.21842548299162368,3.0,1.0,3.0804279889538875,4.2670563816188976,16.544941047005175,8.956787063653412,378.5244441601773,1276.2058829450898,0.9217983815947643,0.9678448971719078
144,74240,910.0370078000706,81.57909993074706,979.0742980469724,0.00023807675693940958,-5.539832895856328,5.539832895856328,1.2778041073596142,0.3842700475792612,0.7071785178203808,0.21842548299162368,3.0,1.0,3.0804279889538875,4.2670563816188976,16.544941047005175,8.956787063653412,378.5244441601773,1276.2058829450898,0.9217983815947643,0.9678448971719078
145,74752,915.1586025001016,81.68201642402384,971.5724889555872,0.00025786131038652336,-5.541041290477572,5.541041290477572,1.3065789315124139,0.3725257458842927,0.6700200387609806,0.21138059893242592,3.0,1.0,3.1517335502807966,4.163775881279696,19.9043416244729,8.704415489359292,325.15452147105213,1448.4039654564408,0.9251018955749095,0.9543425603207418
146,75264,921.1883669001982,81.7031594235863,965.0544796097314,0.000259507974472439,-5.541041290477572,5.541041290477572,1.3065789315124139,0.3725257458842927,0.6700200387609806,0.21138059893242592,3.0,1.0,3.1517335502807966,4.163775881279696,19.9043416244729,8.704415489359292,325.15452147105213,1448.4039654564408,0.9251018955749095,0.9543425603207418
147,75776,926.2819757000543,81.80662259214417,957.5752856899211,0.0002619952187277356,-5.541041290477572,5.541041290477572,1.3065789315124139,0.3725257458842927,0.6700200387609806,0.21138059893242592,3.0,1.0,3.1517335502807966,4.163775881279696,19.9043416244729,8.704415489359292,325.15452147105213,1448.4039654564408,0.9251018955749095,0.9543425603207418
148,76288,931.6713106001262,81.88295499929036,950.429793363887,0.00026388928833026386,-5.541041290477572,5.541041290477572,1.3065789315124139,0.3725257458842927,0.6700200387609806,0.21138059893242592,3.0,1.0,3.1517335502807966,4.163775881279696,19.9043416244729,8.704415489359292,325.15452147105213,1448.4039654564408,0.9251018955749095,0.9543425603207418
149,76800,937.7449347001966,81.89860286961026,943.9965675981979,0.0002662107021647192,-5.541041290477572,5.541041290477572,1.3065789315124139,0.3725257458842927,0.6700200387609806,0.21138059893242592,3.0,1.0,3.1517335502807966,4.163775881279696,19.9043416244729,8.704415489359292,325.15452147105213,1448.4039654564408,0.9251018955749095,0.9543425603207418
150,77312,943.1587710999884,81.97135240531397,936.9126865231673,0.0002681854496058099,-5.541041290477572,5.541041290477572,1.3065789315124139,0.3725257458842927,0.6700200387609806,0.21138059893242592,3.0,1.0,3.1517335502807966,4.163775881279696,19.9043416244729,8.704415489359292,325.15452147105213,1448.4039654564408,0.9251018955749095,0.9543425603207418
151,77824,948.3031705999747,82.06658209395432,929.5866606539226,0.00027070485730502843,-5.541041290477572,5.541041290477572,1.3065789315124139,0.3725257458842927,0.6700200387609806,0.21138059893242592,3.0,1.0,3.1517335502807966,4.163775881279696,19.9043416244729,8.704415489359292,325.15452147105213,1448.4039654564408,0.9251018955749095,0.9543425603207418
152,78336,955.3299613001291,81.99889375749386,924.1100279243078,0.00027314516075300984,-5.541041290477572,5.541041290477572,1.3065789315124139,0.3725257458842927,0.6700200387609806,0.21138059893242592,3.0,1.0,3.1517335502807966,4.163775881279696,19.9043416244729,8.704415489359292,325.15452147105213,1448.4039654564408,0.9251018955749095,0.9543425603207418
153,78848,961.8834657000843,81.97250790937791,918.1614899864442,0.00027390818021879085,-5.541041290477572,5.541041290477572,1.3065789315124139,0.3725257458842927,0.6700200387609806,0.21138059893242592,3.0,1.0,3.1517335502807966,4.163775881279696,19.9043416244729,8.704415489359292,325.15452147105213,1448.4039654564408,0.9251018955749095,0.9543425603207418
154,79360,975.9482847000472,81.31578408828383,919.28031978198,0.000276678902525527,-5.541041290477572,5.541041290477572,1.3065789315124139,0.3725257458842927,0.6700200387609806,0.21138059893242592,3.0,1.0,3.1517335502807966,4.163775881279696,19.9043416244729,8.704415489359292,325.15452147105213,1448.4039654564408,0.9251018955749095,0.9543425603207418
155,79872,988.1220027999952,80.8321237394476,918.4467333717905,0.00028244598466678494,-5.541041290477572,5.541041290477572,1.3065789315124139,0.3725257458842927,0.6700200387609806,0.21138059893242592,3.0,1.0,3.1517335502807966,4.163775881279696,19.9043416244729,8.704415489359292,325.15452147105213,1448.4039654564408,0.9251018955749095,0.9543425603207418
156,80384,1000.8332122000866,80.3170788300435,917.961672336385,0.0002873057187049337,-5.541041290477572,5.541041290477572,1.3065789315124139,0.3725257458842927,0.6700200387609806,0.21138059893242592,3.0,1.0,3.1517335502807966,4.163775881279696,19.9043416244729,8.704415489359292,325.15452147105213,1448.4039654564408,0.9251018955749095,0.9543425603207418
157,80896,1012.4025816000067,79.9049720637333,916.2884124607655,0.00029057507877633073,-5.541041290477572,5.541041290477572,1.3065789315124139,0.3725257458842927,0.6700200387609806,0.21138059893242592,3.0,1.0,3.1517335502807966,4.163775881279696,19.9043416244729,8.704415489359292,325.15452147105213,1448.4039654564408,0.9251018955749095,0.9543425603207418
158,81408,1026.20961920009,79.32882178931038,916.4890938768099,0.0002957326316729253,-5.541041290477572,5.541041290477572,1.3065789315124139,0.3725257458842927,0.6700200387609806,0.21138059893242592,3.0,1.0,3.1517335502807966,4.163775881279696,19.9043416244729,8.704415489359292,325.15452147105213,1448.4039654564408,0.9251018955749095,0.9543425603207418
159,81920,1039.1252268999815,78.83554154910823,915.7291062056087,0.0002989688346897035,-5.541041290477572,5.541041290477572,1.3065789315124139,0.3725257458842927,0.6700200387609806,0.21138059893242592,3.0,1.0,3.1517335502807966,4.163775881279696,19.9043416244729,8.704415489359292,325.15452147105213,1448.4039654564408,0.9251018955749095,0.9543425603207418
160,82432,1051.065286200028,78.42709780476224,913.9698140869807,0.0002983503781936381,-5.543486790337713,5.543486790337713,1.3799215168511487,0.3789469909117807,0.8330843122149364,0.25023086755413,3.0,1.0,3.194562484808127,4.175284179342077,21.263942467198444,9.337768544541005,296.9627939069458,2318.1273553820656,0.8776913894079181,0.9217386283738511
161,82944,1071.4746166002005,77.41107322092438,919.3516772063449,0.0003044229487193944,-5.543486790337713,5.543486790337713,1.3799215168511487,0.3789469909117807,0.8330843122149364,0.25023086755413,3.0,1.0,3.194562484808127,4.175284179342077,21.263942467198444,9.337768544541005,296.9627939069458,2318.1273553820656,0.8776913894079181,0.9217386283738511
162,83456,1088.4519466001075,76.67403256586887,921.511463992729,0.000309015593507468,-5.543486790337713,5.543486790337713,1.3799215168511487,0.3789469909117807,0.8330843122149364,0.25023086755413,3.0,1.0,3.194562484808127,4.175284179342077,21.263942467198444,9.337768544541005,296.9627939069458,2318.1273553820656,0.8776913894079181,0.9217386283738511
163,83968,1109.2288363000844,75.69943843155173,926.611893738485,0.0003120499538320491,-5.543486790337713,5.543486790337713,1.3799215168511487,0.3789469909117807,0.8330843122149364,0.25023086755413,3.0,1.0,3.194562484808127,4.175284179342077,21.263942467198444,9.337768544541005,296.9627939069458,2318.1273553820656,0.8776913894079181,0.9217386283738511
164,84480,1124.3736235001124,75.1351670248351,926.7564411879714,0.00031133343502781836,-5.543486790337713,5.543486790337713,1.3799215168511487,0.3789469909117807,0.8330843122149364,0.25023086755413,3.0,1.0,3.194562484808127,4.175284179342077,21.263942467198444,9.337768544541005,296.9627939069458,2318.1273553820656,0.8776913894079181,0.9217386283738511
165,84992,1144.2848808001727,74.2752101562043,930.5931259519476,0.00031305988703738167,-5.551510093224228,5.551510093224228,1.3799215168511487,0.3789469909117807,0.8027995070116701,0.20351465774903663,3.0,1.0,3.152395899033471,4.322855252585379,21.249568925990843,9.337768544541005,291.052984366109,2318.1273553820656,0.8776913894079181,0.9789162311402722
166,85504,1161.0073802999686,73.64638799962529,931.5867602406934,0.00031867278388602503,-5.551510093224228,5.551510093224228,1.3799215168511487,0.3789469909117807,0.8027995070116701,0.20351465774903663,3.0,1.0,3.152395899033471,4.322855252585379,21.249568925990843,9.337768544541005,291.052984366109,2318.1273553820656,0.8776913894079181,0.9789162311402722
167,86016,1175.3998571000993,73.180202873442,930.5248868709119,0.00032572780439836025,-5.554063728594763,5.554063728594763,1.3468258355160045,0.38778135872032987,0.793840230168218,0.13844263487584887,3.0,1.0,3.1845207513729417,4.4339649519340725,20.726775530293427,10.002560147291575,299.8707324065215,2676.7443657278563,0.9458506086663117,0.9632217562961447
168,86528,1195.3490844001062,72.38722238485224,933.6454387030416,0.0003307196444608638,-5.554063728594763,5.554063728594763,1.3468258355160045,0.38778135872032987,0.793840230168218,0.13844263487584887,3.0,1.0,3.1845207513729417,4.4339649519340725,20.726775530293427,10.002560147291575,299.8707324065215,2676.7443657278563,0.9458506086663117,0.9632217562961447
169,87040,1211.9376637001988,71.81887534896464,933.9049055572119,0.0003353280339382946,-5.554063728594763,5.554063728594763,1.3468258355160045,0.38778135872032987,0.793840230168218,0.13844263487584887,3.0,1.0,3.1845207513729417,4.4339649519340725,20.726775530293427,10.002560147291575,299.8707324065215,2676.7443657278563,0.9458506086663117,0.9632217562961447
170,87552,1227.5073913000524,71.32502877011089,933.1927536199229,0.0003393260655458272,-5.554063728594763,5.554063728594763,1.3468258355160045,0.38778135872032987,0.793840230168218,0.13844263487584887,3.0,1.0,3.1845207513729417,4.4339649519340725,20.726775530293427,10.002560147291575,299.8707324065215,2676.7443657278563,0.9458506086663117,0.9632217562961447
171,88064,1245.970409200061,70.67904610715347,934.477806900046,0.00034421854821849185,-5.568797947019947,5.568797947019947,1.506141090873387,0.37381396429835856,0.8329620995000917,0.1844139565603167,3.0,1.0,3.4903062766113946,4.387151582081032,19.144697034439908,10.298190891853091,301.87800256544267,1837.4879017347857,0.7580698396562608,0.9807972000279443
172,88576,1265.1407203001436,70.01276504560387,936.057873979297,0.000346992163844441,-5.568797947019947,5.568797947019947,1.506141090873387,0.37381396429835856,0.8329620995000917,0.1844139565603167,3.0,1.0,3.4903062766113946,4.387151582081032,19.144697034439908,10.298190891853091,301.87800256544267,1837.4879017347857,0.7580698396562608,0.9807972000279443
173,89088,1282.8250855000224,69.4467242704995,936.3148612557634,0.00034998074775171494,-5.568797947019947,5.568797947019947,1.506141090873387,0.37381396429835856,0.8329620995000917,0.1844139565603167,3.0,1.0,3.4903062766113946,4.387151582081032,19.144697034439908,10.298190891853091,301.87800256544267,1837.4879017347857,0.7580698396562608,0.9807972000279443
174,89600,1302.8598391001578,68.77178750239455,938.0590841521137,0.00035803591345024745,-5.568797947019947,5.568797947019947,1.506141090873387,0.37381396429835856,0.8329620995000917,0.1844139565603167,3.0,1.0,3.4903062766113946,4.387151582081032,19.144697034439908,10.298190891853091,301.87800256544267,1837.4879017347857,0.7580698396562608,0.9807972000279443
175,90112,1314.0839577000588,68.57400508694755,933.2982654119736,0.00036251606181794037,-5.568797947019947,5.568797947019947,1.506141090873387,0.37381396429835856,0.8329620995000917,0.1844139565603167,3.0,1.0,3.4903062766113946,4.387151582081032,19.144697034439908,10.298190891853091,301.87800256544267,1837.4879017347857,0.7580698396562608,0.9807972000279443
176,90624,1330.3817128001247,68.11879562690235,932.018827046415,0.00036691561751744445,-5.568797947019947,5.568797947019947,1.506141090873387,0.37381396429835856,0.8329620995000917,0.1844139565603167,3.0,1.0,3.4903062766113946,4.387151582081032,19.144697034439908,10.298190891853091,301.87800256544267,1837.4879017347857,0.7580698396562608,0.9807972000279443
177,91136,1345.9073671000078,67.7134268135915,930.0371132207919,0.000371352753381984,-5.568797947019947,5.568797947019947,1.506141090873387,0.37381396429835856,0.8329620995000917,0.1844139565603167,3.0,1.0,3.4903062766113946,4.387151582081032,19.144697034439908,10.298190891853091,301.87800256544267,1837.4879017347857,0.7580698396562608,0.9807972000279443
178,91648,1366.7300034000073,67.05640453638081,931.5143039933009,0.00037322682614242687,-5.571016603412103,5.571016603412103,1.4988652912159486,0.37689470979026474,0.7522802556846954,0.18130612380606786,3.0,1.0,3.7469168772020147,4.469969671386567,18.872927018158617,9.97029538604132,319.73149267893257,1198.4150362437188,0.7193122973121615,0.9981138340656512
179,92160,1386.9582623001188,66.4475655144537,932.3441652128575,0.0003760632499953011,-5.571016603412103,5.571016603412103,1.4988652912159486,0.37689470979026474,0.7522802556846954,0.18130612380606786,3.0,1.0,3.7469168772020147,4.469969671386567,18.872927018158617,9.97029538604132,319.73149267893257,1198.4150362437188,0.7193122973121615,0.9981138340656512
180,92672,1403.8222005001735,66.01405788210324,930.710851160336,0.0003780897727921961,-5.571016603412103,5.571016603412103,1.4988652912159486,0.37689470979026474,0.7522802556846954,0.18130612380606786,3.0,1.0,3.7469168772020147,4.469969671386567,18.872927018158617,9.97029538604132,319.73149267893257,1198.4150362437188,0.7193122973121615,0.9981138340656512
181,93184,1422.9578327001072,65.48612886383319,930.3955059962238,0.0003792183912272278,-5.571016603412103,5.571016603412103,1.4988652912159486,0.37689470979026474,0.7522802556846954,0.18130612380606786,3.0,1.0,3.7469168772020147,4.469969671386567,18.872927018158617,9.97029538604132,319.73149267893257,1198.4150362437188,0.7193122973121615,0.9981138340656512
182,93696,1442.8242603000253,64.93930174179117,930.3456978983771,0.00038136367928874376,-5.571016603412103,5.571016603412103,1.4988652912159486,0.37689470979026474,0.7522802556846954,0.18130612380606786,3.0,1.0,3.7469168772020147,4.469969671386567,18.872927018158617,9.97029538604132,319.73149267893257,1198.4150362437188,0.7193122973121615,0.9981138340656512
183,94208,1461.0378731000237,64.48019023634882,929.0295171342543,0.0003849580872199744,-5.571016603412103,5.571016603412103,1.4988652912159486,0.37689470979026474,0.7522802556846954,0.18130612380606786,3.0,1.0,3.7469168772020147,4.469969671386567,18.872927018158617,9.97029538604132,319.73149267893257,1198.4150362437188,0.7193122973121615,0.9981138340656512
184,94720,1477.328803700162,64.11572005010763,926.325087725507,0.00038613408897074754,-5.571016603412103,5.571016603412103,1.4988652912159486,0.37689470979026474,0.7522802556846954,0.18130612380606786,3.0,1.0,3.7469168772020147,4.469969671386567,18.872927018158617,9.97029538604132,319.73149267893257,1198.4150362437188,0.7193122973121615,0.9981138340656512
185,95232,1494.5835390000138,63.71808434590227,924.070467661299,0.0003936823806548307,-5.571016603412103,5.571016603412103,1.4988652912159486,0.37689470979026474,0.7522802556846954,0.18130612380606786,3.0,1.0,3.7469168772020147,4.469969671386567,18.872927018158617,9.97029538604132,319.73149267893257,1198.4150362437188,0.7193122973121615,0.9981138340656512
186,95744,1510.233231500024,63.39683037228841,920.6769432673943,0.0003954383322333302,-5.571016603412103,5.571016603412103,1.4988652912159486,0.37689470979026474,0.7522802556846954,0.18130612380606786,3.0,1.0,3.7469168772020147,4.469969671386567,18.872927018158617,9.97029538604132,319.73149267893257,1198.4150362437188,0.7193122973121615,0.9981138340656512
187,96256,1529.0779087999836,62.95035684319151,919.073423906373,0.00040827352930607576,-5.571016603412103,5.571016603412103,1.4988652912159486,0.37689470979026474,0.7522802556846954,0.18130612380606786,3.0,1.0,3.7469168772020147,4.469969671386567,18.872927018158617,9.97029538604132,319.73149267893257,1198.4150362437188,0.7193122973121615,0.9981138340656512
188,96768,1546.2318074000068,62.58311304739984,916.2855154963003,0.0004131091907829698,-5.571016603412103,5.571016603412103,1.4988652912159486,0.37689470979026474,0.7522802556846954,0.18130612380606786,3.0,1.0,3.7469168772020147,4.469969671386567,18.872927018158617,9.97029538604132,319.73149267893257,1198.4150362437188,0.7193122973121615,0.9981138340656512
189,97280,1561.8541829001624,62.284943796330296,912.4516542206212,0.0004191579028500749,-5.571016603412103,5.571016603412103,1.4988652912159486,0.37689470979026474,0.7522802556846954,0.18130612380606786,3.0,1.0,3.7469168772020147,4.469969671386567,18.872927018158617,9.97029538604132,319.73149267893257,1198.4150362437188,0.7193122973121615,0.9981138340656512
190,97792,1577.5880506001413,61.98829913981553,908.5585631728562,0.0004221705493130043,-5.571016603412103,5.571016603412103,1.4988652912159486,0.37689470979026474,0.7522802556846954,0.18130612380606786,3.0,1.0,3.7469168772020147,4.469969671386567,18.872927018158617,9.97029538604132,319.73149267893257,1198.4150362437188,0.7193122973121615,0.9981138340656512
191,98304,1591.7510738000274,61.75840030395983,903.6503491885572,0.00042240052357205054,-5.571016603412103,5.571016603412103,1.4988652912159486,0.37689470979026474,0.7522802556846954,0.18130612380606786,3.0,1.0,3.7469168772020147,4.469969671386567,18.872927018158617,9.97029538604132,319.73149267893257,1198.4150362437188,0.7193122973121615,0.9981138340656512
192,98816,1606.5027270000428,61.51001074522133,898.9756192539099,0.00043280198368414956,-5.571016603412103,5.571016603412103,1.4988652912159486,0.37689470979026474,0.7522802556846954,0.18130612380606786,3.0,1.0,3.7469168772020147,4.469969671386567,18.872927018158617,9.97029538604132,319.73149267893257,1198.4150362437188,0.7193122973121615,0.9981138340656512
193,99328,1620.8574887001887,61.28114327907626,893.978099437733,0.00044189998122808174,-5.571016603412103,5.571016603412103,1.4988652912159486,0.37689470979026474,0.7522802556846954,0.18130612380606786,3.0,1.0,3.7469168772020147,4.469969671386567,18.872927018158617,9.97029538604132,319.73149267893257,1198.4150362437188,0.7193122973121615,0.9981138340656512
194,99840,1637.2029032001738,60.98205653364456,889.9667063549663,0.00045138521040422985,-5.571016603412103,5.571016603412103,1.4988652912159486,0.37689470979026474,0.7522802556846954,0.18130612380606786,3.0,1.0,3.7469168772020147,4.469969671386567,18.872927018158617,9.97029538604132,319.73149267893257,1198.4150362437188,0.7193122973121615,0.9981138340656512
195,100352,1652.544430000009,60.725750048365995,885.2916589285762,0.00046009929705449575,-5.571016603412103,5.571016603412103,1.4988652912159486,0.37689470979026474,0.7522802556846954,0.18130612380606786,3.0,1.0,3.7469168772020147,4.469969671386567,18.872927018158617,9.97029538604132,319.73149267893257,1198.4150362437188,0.7193122973121615,0.9981138340656512
196,100864,1668.5779530999716,60.44907869758771,880.8736402152134,0.00046292245114159603,-5.571016603412103,5.571016603412103,1.4988652912159486,0.37689470979026474,0.7522802556846954,0.18130612380606786,3.0,1.0,3.7469168772020147,4.469969671386567,18.872927018158617,9.97029538604132,319.73149267893257,1198.4150362437188,0.7193122973121615,0.9981138340656512
197,101376,1683.9672960001044,60.20069406383158,876.0031893333877,0.0004649244963172514,-5.571016603412103,5.571016603412103,1.4988652912159486,0.37689470979026474,0.7522802556846954,0.18130612380606786,3.0,1.0,3.7469168772020147,4.469969671386567,18.872927018158617,9.97029538604132,319.73149267893257,1198.4150362437188,0.7193122973121615,0.9981138340656512
198,101888,1700.5043932001572,59.91634035608593,871.6153171176685,0.00046479446801602636,-5.571016603412103,5.571016603412103,1.4988652912159486,0.37689470979026474,0.7522802556846954,0.18130612380606786,3.0,1.0,3.7469168772020147,4.469969671386567,18.872927018158617,9.97029538604132,319.73149267893257,1198.4150362437188,0.7193122973121615,0.9981138340656512
199,102400,1717.6594783000182,59.61600730160213,867.4180365415092,0.00046387438528347496,-5.571016603412103,5.571016603412103,1.4988652912159486,0.37689470979026474,0.7522802556846954,0.18130612380606786,3.0,1.0,3.7469168772020147,4.469969671386567,18.872927018158617,9.97029538604132,319.73149267893257,1198.4150362437188,0.7193122973121615,0.9981138340656512
200,102912,1732.5514221000485,59.39910278406571,861.9658816418151,0.00046430211622860973,-5.571016603412103,5.571016603412103,1.4988652912159486,0.37689470979026474,0.7522802556846954,0.18130612380606786,3.0,1.0,3.7469168772020147,4.469969671386567,18.872927018158617,9.97029538604132,319.73149267893257,1198.4150362437188,0.7193122973121615,0.9981138340656512
201,103424,1749.6864120000973,59.11002068180561,857.5195781584636,0.00046405779132202714,-5.571016603412103,5.571016603412103,1.4988652912159486,0.37689470979026474,0.7522802556846954,0.18130612380606786,3.0,1.0,3.7469168772020147,4.469969671386567,18.872927018158617,9.97029538604132,319.73149267893257,1198.4150362437188,0.7193122973121615,0.9981138340656512
202,103936,1766.6827922000084,58.83116112234894,852.8813479586247,0.00047045882555081097,-5.571016603412103,5.571016603412103,1.4988652912159486,0.37689470979026474,0.7522802556846954,0.18130612380606786,3.0,1.0,3.7469168772020147,4.469969671386567,18.872927018158617,9.97029538604132,319.73149267893257,1198.4150362437188,0.7193122973121615,0.9981138340656512
203,104448,1786.7140769001562,58.458150271704994,849.5650267613487,0.0004716647333384489,-5.571016603412103,5.571016603412103,1.4988652912159486,0.37689470979026474,0.7522802556846954,0.18130612380606786,3.0,1.0,3.7469168772020147,4.469969671386567,18.872927018158617,9.97029538604132,319.73149267893257,1198.4150362437188,0.7193122973121615,0.9981138340656512
204,104960,1804.6900536001194,58.15957138491377,845.1231470517632,0.0004801281625392231,-5.571016603412103,5.571016603412103,1.4988652912159486,0.37689470979026474,0.7522802556846954,0.18130612380606786,3.0,1.0,3.7469168772020147,4.469969671386567,18.872927018158617,9.97029538604132,319.73149267893257,1198.4150362437188,0.7193122973121615,0.9981138340656512
205,105472,1821.5269808999728,57.903067649258105,840.0245785703758,0.0004895328872859302,-5.571016603412103,5.571016603412103,1.4988652912159486,0.37689470979026474,0.7522802556846954,0.18130612380606786,3.0,1.0,3.7469168772020147,4.469969671386567,18.872927018158617,9.97029538604132,319.73149267893257,1198.4150362437188,0.7193122973121615,0.9981138340656512
206,105984,1839.3957760001067,57.61892105160181,835.2811736425606,0.0004908090108691652,-5.571016603412103,5.571016603412103,1.4988652912159486,0.37689470979026474,0.7522802556846954,0.18130612380606786,3.0,1.0,3.7469168772020147,4.469969671386567,18.872927018158617,9.97029538604132,319.73149267893257,1198.4150362437188,0.7193122973121615,0.9981138340656512
207,106496,1858.4354181000963,57.30411665791018,830.9350667466778,0.0004968083498151302,-5.571016603412103,5.571016603412103,1.4988652912159486,0.37689470979026474,0.7522802556846954,0.18130612380606786,3.0,1.0,3.7469168772020147,4.469969671386567,18.872927018158617,9.97029538604132,319.73149267893257,1198.4150362437188,0.7193122973121615,0.9981138340656512
208,107008,1876.9976832000539,57.01019290421516,826.2382146143777,0.0005039492411389232,-5.571016603412103,5.571016603412103,1.4988652912159486,0.37689470979026474,0.7522802556846954,0.18130612380606786,3.0,1.0,3.7469168772020147,4.469969671386567,18.872927018158617,9.97029538604132,319.73149267893257,1198.4150362437188,0.7193122973121615,0.9981138340656512
209,107520,1893.2726644000504,56.790552159623275,820.4181545733552,0.0005245715555986209,-5.571016603412103,5.571016603412103,1.4988652912159486,0.37689470979026474,0.7522802556846954,0.18130612380606786,3.0,1.0,3.7469168772020147,4.469969671386567,18.872927018158617,9.97029538604132,319.73149267893257,1198.4150362437188,0.7193122973121615,0.9981138340656512
210,108032,1909.1119123001117,56.58756791781906,814.313137947915,0.0005359943791243494,-5.571016603412103,5.571016603412103,1.4988652912159486,0.37689470979026474,0.7522802556846954,0.18130612380606786,3.0,1.0,3.7469168772020147,4.469969671386567,18.872927018158617,9.97029538604132,319.73149267893257,1198.4150362437188,0.7193122973121615,0.9981138340656512
211,108544,1925.7714716000482,56.36390485617436,808.4606649641712,0.0005422005220338318,-5.571016603412103,5.571016603412103,1.4988652912159486,0.37689470979026474,0.7522802556846954,0.18130612380606786,3.0,1.0,3.7469168772020147,4.469969671386567,18.872927018158617,9.97029538604132,319.73149267893257,1198.4150362437188,0.7193122973121615,0.9981138340656512
212,109056,1943.2022336001974,56.12179633920575,802.8253359474994,0.0005404593250425747,-5.571016603412103,5.571016603412103,1.4988652912159486,0.37689470979026474,0.7522802556846954,0.18130612380606786,3.0,1.0,3.7469168772020147,4.469969671386567,18.872927018158617,9.97029538604132,319.73149267893257,1198.4150362437188,0.7193122973121615,0.9981138340656512
213,109568,1954.3163732001558,56.064617532004036,794.5117965813718,0.00054134576515781,-5.571016603412103,5.571016603412103,1.4988652912159486,0.37689470979026474,0.7522802556846954,0.18130612380606786,3.0,1.0,3.7469168772020147,4.469969671386567,18.872927018158617,9.97029538604132,319.73149267893257,1198.4150362437188,0.7193122973121615,0.9981138340656512
214,110080,1960.8151635001414,56.13991672907218,784.3260654000566,0.0005415701559512722,-5.571016603412103,5.571016603412103,1.4988652912159486,0.37689470979026474,0.7522802556846954,0.18130612380606786,3.0,1.0,3.7469168772020147,4.469969671386567,18.872927018158617,9.97029538604132,319.73149267893257,1198.4150362437188,0.7193122973121615,0.9981138340656512
215,110592,1967.1413489000406,56.21965094772642,774.1065493356641,0.0005409240158969662,-5.571016603412103,5.571016603412103,1.4988652912159486,0.37689470979026474,0.7522802556846954,0.18130612380606786,3.0,1.0,3.7469168772020147,4.469969671386567,18.872927018158617,9.97029538604132,319.73149267893257,1198.4150362437188,0.7193122973121615,0.9981138340656512
216,111104,1974.9081814000383,56.257805322998315,764.480586348402,0.0005567548391649245,-5.571016603412103,5.571016603412103,1.4988652912159486,0.37689470979026474,0.7522802556846954,0.18130612380606786,3.0,1.0,3.7469168772020147,4.469969671386567,18.872927018158617,9.97029538604132,319.73149267893257,1198.4150362437188,0.7193122973121615,0.9981138340656512
217,111616,1981.8811405000743,56.31821087506626,754.5694250527806,0.0005591474057070088,-5.571016603412103,5.571016603412103,1.4988652912159486,0.37689470979026474,0.7522802556846954,0.18130612380606786,3.0,1.0,3.7469168772020147,4.469969671386567,18.872927018158617,9.97029538604132,319.73149267893257,1198.4150362437188,0.7193122973121615,0.9981138340656512
218,112128,1989.7824144000188,56.35189013056489,745.0326848438427,0.0005693222506199428,-5.571016603412103,5.571016603412103,1.4988652912159486,0.37689470979026474,0.7522802556846954,0.18130612380606786,3.0,1.0,3.7469168772020147,4.469969671386567,18.872927018158617,9.97029538604132,319.73149267893257,1198.4150362437188,0.7193122973121615,0.9981138340656512
219,112640,1996.991853500018,56.4048370065116,735.2560915159157,0.0005925032940508074,-5.571016603412103,5.571016603412103,1.4988652912159486,0.37689470979026474,0.7522802556846954,0.18130612380606786,3.0,1.0,3.7469168772020147,4.469969671386567,18.872927018158617,9.97029538604132,319.73149267893257,1198.4150362437188,0.7193122973121615,0.9981138340656512
220,113152,2004.7703359001316,56.44137783453152,725.7087188778756,0.0005998523620441545,-5.571016603412103,5.571016603412103,1.4988652912159486,0.37689470979026474,0.7522802556846954,0.18130612380606786,3.0,1.0,3.7469168772020147,4.469969671386567,18.872927018158617,9.97029538604132,319.73149267893257,1198.4150362437188,0.7193122973121615,0.9981138340656512
221,113664,2013.2996963001788,56.456572366687,716.4444865212348,0.0005989360041673772,-5.571016603412103,5.571016603412103,1.4988652912159486,0.37689470979026474,0.7522802556846954,0.18130612380606786,3.0,1.0,3.7469168772020147,4.469969671386567,18.872927018158617,9.97029538604132,319.73149267893257,1198.4150362437188,0.7193122973121615,0.9981138340656512
222,114176,2021.4195745000616,56.48307824872927,707.0436179865686,0.0005999583356397988,-5.571016603412103,5.571016603412103,1.4988652912159486,0.37689470979026474,0.7522802556846954,0.18130612380606786,3.0,1.0,3.7469168772020147,4.469969671386567,18.872927018158617,9.97029538604132,319.73149267893257,1198.4150362437188,0.7193122973121615,0.9981138340656512
223,114688,2028.605909800157,56.53537705176961,697.333281493804,0.0006006950732484136,-5.571016603412103,5.571016603412103,1.4988652912159486,0.37689470979026474,0.7522802556846954,0.18130612380606786,3.0,1.0,3.7469168772020147,4.469969671386567,18.872927018158617,9.97029538604132,319.73149267893257,1198.4150362437188,0.7193122973121615,0.9981138340656512
224,115200,2036.293370099971,56.57338067861229,687.8146494559902,0.000606361075979318,-5.571016603412103,5.571016603412103,1.4988652912159486,0.37689470979026474,0.7522802556846954,0.18130612380606786,3.0,1.0,3.7469168772020147,4.469969671386567,18.872927018158617,9.97029538604132,319.73149267893257,1198.4150362437188,0.7193122973121615,0.9981138340656512
225,115712,2043.6397562001366,56.62054657575773,678.1990341372134,0.0006262815631069022,-5.571016603412103,5.571016603412103,1.4988652912159486,0.37689470979026474,0.7522802556846954,0.18130612380606786,3.0,1.0,3.7469168772020147,4.469969671386567,18.872927018158617,9.97029538604132,319.73149267893257,1198.4150362437188,0.7193122973121615,0.9981138340656512
226,116224,2051.4625053000636,56.654216053049495,668.7587021683026,0.0006268942030911257,-5.571016603412103,5.571016603412103,1.4988652912159486,0.37689470979026474,0.7522802556846954,0.18130612380606786,3.0,1.0,3.7469168772020147,4.469969671386567,18.872927018158617,9.97029538604132,319.73149267893257,1198.4150362437188,0.7193122973121615,0.9981138340656512
227,116736,2059.0806317001116,56.69326310141392,659.2670443601235,0.0006359328562125992,-5.571016603412103,5.571016603412103,1.4988652912159486,0.37689470979026474,0.7522802556846954,0.18130612380606786,3.0,1.0,3.7469168772020147,4.469969671386567,18.872927018158617,9.97029538604132,319.73149267893257,1198.4150362437188,0.7193122973121615,0.9981138340656512
228,117248,2066.321765500121,56.742372827700414,649.6732188471996,0.0006374734607507541,-5.571016603412103,5.571016603412103,1.4988652912159486,0.37689470979026474,0.7522802556846954,0.18130612380606786,3.0,1.0,3.7469168772020147,4.469969671386567,18.872927018158617,9.97029538604132,319.73149267893257,1198.4150362437188,0.7193122973121615,0.9981138340656512
229,117760,2074.728253800189,56.75924053393699,640.4595913904932,0.0006393289833621942,-5.571016603412103,5.571016603412103,1.4988652912159486,0.37689470979026474,0.7522802556846954,0.18130612380606786,3.0,1.0,3.7469168772020147,4.469969671386567,18.872927018158617,9.97029538604132,319.73149267893257,1198.4150362437188,0.7193122973121615,0.9981138340656512
230,118272,2082.161604200024,56.802507433346236,630.9580618787952,0.0006390880472882241,-5.571016603412103,5.571016603412103,1.4988652912159486,0.37689470979026474,0.7522802556846954,0.18130612380606786,3.0,1.0,3.7469168772020147,4.469969671386567,18.872927018158617,9.97029538604132,319.73149267893257,1198.4150362437188,0.7193122973121615,0.9981138340656512
231,118784,2090.0282656000927,56.83368113009444,621.6032341655448,0.0006589913826889672,-5.571016603412103,5.571016603412103,1.4988652912159486,0.37689470979026474,0.7522802556846954,0.18130612380606786,3.0,1.0,3.7469168772020147,4.469969671386567,18.872927018158617,9.97029538604132,319.73149267893257,1198.4150362437188,0.7193122973121615,0.9981138340656512
232,119296,2098.1781611000188,56.85694485422358,612.3438410077308,0.0006623314403857711,-5.571016603412103,5.571016603412103,1.4988652912159486,0.37689470979026474,0.7522802556846954,0.18130612380606786,3.0,1.0,3.7469168772020147,4.469969671386567,18.872927018158617,9.97029538604132,319.73149267893257,1198.4150362437188,0.7193122973121615,0.9981138340656512
233,119808,2105.731913900003,56.896131558411405,602.9232403047017,0.0006630296516346347,-5.571016603412103,5.571016603412103,1.4988652912159486,0.37689470979026474,0.7522802556846954,0.18130612380606786,3.0,1.0,3.7469168772020147,4.469969671386567,18.872927018158617,9.97029538604132,319.73149267893257,1198.4150362437188,0.7193122973121615,0.9981138340656512
234,120320,2112.9761902000755,56.94337709910826,593.4316108647021,0.000663773117104859,-5.571016603412103,5.571016603412103,1.4988652912159486,0.37689470979026474,0.7522802556846954,0.18130612380606786,3.0,1.0,3.7469168772020147,4.469969671386567,18.872927018158617,9.97029538604132,319.73149267893257,1198.4150362437188,0.7193122973121615,0.9981138340656512
235,120832,2120.9411849000026,56.97093387608339,584.1575297394074,0.000673316295188343,-5.571016603412103,5.571016603412103,1.4988652912159486,0.37689470979026474,0.7522802556846954,0.18130612380606786,3.0,1.0,3.7469168772020147,4.469969671386567,18.872927018158617,9.97029538604132,319.73149267893257,1198.4150362437188,0.7193122973121615,0.9981138340656512
236,121344,2128.657006500056,57.004956472303704,574.8272085063443,0.0006734475574710661,-5.571016603412103,5.571016603412103,1.4988652912159486,0.37689470979026474,0.7522802556846954,0.18130612380606786,3.0,1.0,3.7469168772020147,4.469969671386567,18.872927018158617,9.97029538604132,319.73149267893257,1198.4150362437188,0.7193122973121615,0.9981138340656512
237,121856,2136.2914264001884,57.04090672934849,565.4889069882852,0.0006737832626630785,-5.571016603412103,5.571016603412103,1.4988652912159486,0.37689470979026474,0.7522802556846954,0.18130612380606786,3.0,1.0,3.7469168772020147,4.469969671386567,18.872927018158617,9.97029538604132,319.73149267893257,1198.4150362437188,0.7193122973121615,0.9981138340656512
238,122368,2144.5137524001766,57.06095373044059,556.3173750996274,0.0006733463345971601,-5.571016603412103,5.571016603412103,1.4988652912159486,0.37689470979026474,0.7522802556846954,0.18130612380606786,3.0,1.0,3.7469168772020147,4.469969671386567,18.872927018158617,9.97029538604132,319.73149267893257,1198.4150362437188,0.7193122973121615,0.9981138340656512
239,122880,2152.633209800115,57.08357533488493,547.1276074908625,0.0006850422269278056,-5.571016603412103,5.571016603412103,1.4988652912159486,0.37689470979026474,0.7522802556846954,0.18130612380606786,3.0,1.0,3.7469168772020147,4.469969671386567,18.872927018158617,9.97029538604132,319.73149267893257,1198.4150362437188,0.7193122973121615,0.9981138340656512
240,123392,2161.0379368001595,57.098488600670315,538.0177436016994,0.0006936297161693392,-5.571016603412103,5.571016603412103,1.4988652912159486,0.37689470979026474,0.7522802556846954,0.18130612380606786,3.0,1.0,3.7469168772020147,4.469969671386567,18.872927018158617,9.97029538604132,319.73149267893257,1198.4150362437188,0.7193122973121615,0.9981138340656512
241,123904,2169.283981300192,57.117464134749355,528.8750202343443,0.0006926096511193309,-5.571016603412103,5.571016603412103,1.4988652912159486,0.37689470979026474,0.7522802556846954,0.18130612380606786,3.0,1.0,3.7469168772020147,4.469969671386567,18.872927018158617,9.97029538604132,319.73149267893257,1198.4150362437188,0.7193122973121615,0.9981138340656512
242,124416,2177.1503147999756,57.14626094222192,519.6490463308584,0.0006926457335865528,-5.571016603412103,5.571016603412103,1.4988652912159486,0.37689470979026474,0.7522802556846954,0.18130612380606786,3.0,1.0,3.7469168772020147,4.469969671386567,18.872927018158617,9.97029538604132,319.73149267893257,1198.4150362437188,0.7193122973121615,0.9981138340656512
243,124928,2184.3711258000694,57.19174664252286,510.28341873198343,0.0006999170476007202,-5.571016603412103,5.571016603412103,1.4988652912159486,0.37689470979026474,0.7522802556846954,0.18130612380606786,3.0,1.0,3.7469168772020147,4.469969671386567,18.872927018158617,9.97029538604132,319.73149267893257,1198.4150362437188,0.7193122973121615,0.9981138340656512
244,125440,2191.887851400068,57.229205371924124,501.0029374628727,0.0007279433318207359,-5.571016603412103,5.571016603412103,1.4988652912159486,0.37689470979026474,0.7522802556846954,0.18130612380606786,3.0,1.0,3.7469168772020147,4.469969671386567,18.872927018158617,9.97029538604132,319.73149267893257,1198.4150362437188,0.7193122973121615,0.9981138340656512
245,125952,2200.492378700059,57.23809871789066,491.9800033678993,0.0007279788309744547,-5.571016603412103,5.571016603412103,1.4988652912159486,0.37689470979026474,0.7522802556846954,0.18130612380606786,3.0,1.0,3.7469168772020147,4.469969671386567,18.872927018158617,9.97029538604132,319.73149267893257,1198.4150362437188,0.7193122973121615,0.9981138340656512
246,126464,2208.4662297000177,57.263270906876386,482.8225765336071,0.0007278030621870561,-5.571016603412103,5.571016603412103,1.4988652912159486,0.37689470979026474,0.7522802556846954,0.18130612380606786,3.0,1.0,3.7469168772020147,4.469969671386567,18.872927018158617,9.97029538604132,319.73149267893257,1198.4150362437188,0.7193122973121615,0.9981138340656512
247,126976,2216.577365500154,57.28471380079658,473.7040337560813,0.0007365611246731466,-5.571016603412103,5.571016603412103,1.4988652912159486,0.37689470979026474,0.7522802556846954,0.18130612380606786,3.0,1.0,3.7469168772020147,4.469969671386567,18.872927018158617,9.97029538604132,319.73149267893257,1198.4150362437188,0.7193122973121615,0.9981138340656512
248,127488,2224.7849956001155,57.30351483497455,464.61373402090766,0.0007356996011290196,-5.571399123154757,5.571399123154757,1.511970099283626,0.3984012532319855,0.7451570691678673,0.10158870490782758,3.0,1.0,3.6461570109290524,4.338998119304315,18.899246402938005,10.685296310544162,302.9761366745167,1490.986386364415,0.7722875887953016,0.9874969319420914
249,128000,2231.906540099997,57.350071654104816,455.30893418039943,0.000758839807818429,-5.571399123154757,5.571399123154757,1.511970099283626,0.3984012532319855,0.7451570691678673,0.10158870490782758,3.0,1.0,3.6461570109290524,4.338998119304315,18.899246402938005,10.685296310544162,302.9761366745167,1490.986386364415,0.7722875887953016,0.9874969319420914
250,128512,2240.103574000066,57.36877593142763,446.2357717131606,0.0007759482874560329,-5.571399123154757,5.571399123154757,1.511970099283626,0.3984012532319855,0.7451570691678673,0.10158870490782758,3.0,1.0,3.6461570109290524,4.338998119304315,18.899246402938005,10.685296310544162,302.9761366745167,1490.986386364415,0.7722875887953016,0.9874969319420914
251,129024,2248.0710669001564,57.39320339988626,437.12492967503044,0.0008166234720530704,-5.571399123154757,5.571399123154757,1.511970099283626,0.3984012532319855,0.7451570691678673,0.10158870490782758,3.0,1.0,3.6461570109290524,4.338998119304315,18.899246402938005,10.685296310544162,302.9761366745167,1490.986386364415,0.7722875887953016,0.9874969319420914
252,129536,2256.44351370004,57.40715387445761,428.09995516838705,0.0008337410322472164,-5.571399123154757,5.571399123154757,1.511970099283626,0.3984012532319855,0.7451570691678673,0.10158870490782758,3.0,1.0,3.6461570109290524,4.338998119304315,18.899246402938005,10.685296310544162,302.9761366745167,1490.986386364415,0.7722875887953016,0.9874969319420914
253,130048,2264.399688699981,57.4315570916997,419.00309200353985,0.000834781349158512,-5.571399123154757,5.571399123154757,1.511970099283626,0.3984012532319855,0.7451570691678673,0.10158870490782758,3.0,1.0,3.6461570109290524,4.338998119304315,18.899246402938005,10.685296310544162,302.9761366745167,1490.986386364415,0.7722875887953016,0.9874969319420914
254,130560,2272.1120784999803,57.46195411548275,409.87119847450623,0.0008471663626992478,-5.571399123154757,5.571399123154757,1.511970099283626,0.3984012532319855,0.7451570691678673,0.10158870490782758,3.0,1.0,3.6461570109290524,4.338998119304315,18.899246402938005,10.685296310544162,302.9761366745167,1490.986386364415,0.7722875887953016,0.9874969319420914
255,131072,2280.274582199985,57.48079684050291,400.82951640234114,0.0008562831991084369,-5.571399123154757,5.571399123154757,1.511970099283626,0.3984012532319855,0.7451570691678673,0.10158870490782758,3.0,1.0,3.6461570109290524,4.338998119304315,18.899246402938005,10.685296310544162,302.9761366745167,1490.986386364415,0.7722875887953016,0.9874969319420914
256,131584,2288.667296500178,57.49372143396194,391.83408967318223,0.0009286143759912178,-5.571399123154757,5.571399123154757,1.511970099283626,0.3984012532319855,0.7451570691678673,0.10158870490782758,3.0,1.0,3.6461570109290524,4.338998119304315,18.899246402938005,10.685296310544162,302.9761366745167,1490.986386364415,0.7722875887953016,0.9874969319420914
257,132096,2297.216510700062,57.50263389833664,382.86941845001036,0.000952188560492509,-5.575601036995343,5.575601036995343,1.5082857630338375,0.3833016965211134,0.7316903344969155,0.0864323955966008,3.0,1.0,3.6018947039540845,4.292698572040861,20.115728883797562,10.748142989732749,276.23295036658584,2097.530340970878,0.8467273165414707,0.9915408505443665
258,132608,2305.9068007001188,57.50796170935339,373.9308325459652,0.0009596188364241136,-5.575601036995343,5.575601036995343,1.5082857630338375,0.3833016965211134,0.7316903344969155,0.0864323955966008,3.0,1.0,3.6018947039540845,4.292698572040861,20.115728883797562,10.748142989732749,276.23295036658584,2097.530340970878,0.8467273165414707,0.9915408505443665
259,133120,2314.777649000054,57.508763339539605,365.02262926539316,0.0009606301238504845,-5.575601036995343,5.575601036995343,1.5082857630338375,0.3833016965211134,0.7316903344969155,0.0864323955966008,3.0,1.0,3.6018947039540845,4.292698572040861,20.115728883797562,10.748142989732749,276.23295036658584,2097.530340970878,0.8467273165414707,0.9915408505443665
260,133632,2324.3612054002006,57.49192495965433,356.2239395249349,0.0009637209021076778,-5.575601036995343,5.575601036995343,1.5082857630338375,0.3833016965211134,0.7316903344969155,0.0864323955966008,3.0,1.0,3.6018947039540845,4.292698572040861,20.115728883797562,10.748142989732749,276.23295036658584,2097.530340970878,0.8467273165414707,0.9915408505443665
261,134144,2333.0342619000003,57.49765538837584,347.2837260080153,0.0009763715450409794,-5.575601036995343,5.575601036995343,1.5082857630338375,0.3833016965211134,0.7316903344969155,0.0864323955966008,3.0,1.0,3.6018947039540845,4.292698572040861,20.115728883797562,10.748142989732749,276.23295036658584,2097.530340970878,0.8467273165414707,0.9915408505443665
262,134656,2342.916155300103,57.473674290641426,338.5202049483039,0.00098802432043606,-5.575790867234247,5.575790867234247,1.519959104759217,0.39679186188895366,0.6747565224687376,0.11601724933213987,3.0,1.0,3.787054841323025,4.323681127053664,19.566992748349463,10.689790082154701,279.6421231909201,1883.1106581752701,0.7387195916978635,0.9954422051924634
263,135168,2351.061313000042,57.492333038103794,329.5048052310665,0.000988293679130473,-5.575790867234247,5.575790867234247,1.519959104759217,0.39679186188895366,0.6747565224687376,0.11601724933213987,3.0,1.0,3.787054841323025,4.323681127053664,19.566992748349463,10.689790082154701,279.6421231909201,1883.1106581752701,0.7387195916978635,0.9954422051924634
264,135680,2359.3542127001565,57.507261635259674,320.5160439894552,0.0009902573624237187,-5.578823167213265,5.578823167213265,1.5124860536031626,0.39594061091376487,0.6761375806072191,0.12091983124602756,3.0,1.0,3.8391080747469832,4.387747885515141,19.368791025754717,10.947261760509175,289.0757607355122,1461.7160765987232,0.7203113696715918,0.9959154157410428
265,136192,2366.3588637001812,57.55340074964031,311.3630083816028,0.0009894761686288518,-5.578823167213265,5.578823167213265,1.5124860536031626,0.39594061091376487,0.6761375806072191,0.12091983124602756,3.0,1.0,3.8391080747469832,4.387747885515141,19.368791025754717,10.947261760509175,289.0757607355122,1461.7160765987232,0.7203113696715918,0.9959154157410428
266,136704,2373.3104713000357,57.60055485918672,302.21931095206446,0.0010913370870145147,-5.578823167213265,5.578823167213265,1.5124860536031626,0.39594061091376487,0.6761375806072191,0.12091983124602756,3.0,1.0,3.8391080747469832,4.387747885515141,19.368791025754717,10.947261760509175,289.0757607355122,1461.7160765987232,0.7203113696715918,0.9959154157410428
267,137216,2379.7153594000265,57.66067755035832,293.0246524634361,0.0010918402713247797,-5.578823167213265,5.578823167213265,1.5124860536031626,0.39594061091376487,0.6761375806072191,0.12091983124602756,3.0,1.0,3.8391080747469832,4.387747885515141,19.368791025754717,10.947261760509175,289.0757607355122,1461.7160765987232,0.7203113696715918,0.9959154157410428
268,137728,2386.331557100173,57.715366328794886,283.87587296358936,0.0010908766990804326,-5.578823167213265,5.578823167213265,1.5124860536031626,0.39594061091376487,0.6761375806072191,0.12091983124602756,3.0,1.0,3.8391080747469832,4.387747885515141,19.368791025754717,10.947261760509175,289.0757607355122,1461.7160765987232,0.7203113696715918,0.9959154157410428
269,138240,2393.0772871000227,57.766625735486336,274.76072555592856,0.0010949207323205272,-5.578823167213265,5.578823167213265,1.5124860536031626,0.39594061091376487,0.6761375806072191,0.12091983124602756,3.0,1.0,3.8391080747469832,4.387747885515141,19.368791025754717,10.947261760509175,289.0757607355122,1461.7160765987232,0.7203113696715918,0.9959154157410428
270,138752,2399.9650869001634,57.81417436335063,265.67879190776716,0.001096765601356158,-5.578823167213265,5.578823167213265,1.5124860536031626,0.39594061091376487,0.6761375806072191,0.12091983124602756,3.0,1.0,3.8391080747469832,4.387747885515141,19.368791025754717,10.947261760509175,289.0757607355122,1461.7160765987232,0.7203113696715918,0.9959154157410428
271,139264,2406.902003500145,57.860270088886324,256.6182283143537,0.0010986938602166349,-5.578823167213265,5.578823167213265,1.5124860536031626,0.39594061091376487,0.6761375806072191,0.12091983124602756,3.0,1.0,3.8391080747469832,4.387747885515141,19.368791025754717,10.947261760509175,289.0757607355122,1461.7160765987232,0.7203113696715918,0.9959154157410428
272,139776,2413.3866314000916,57.91695295789012,247.526833989753,0.0011010164156069603,-5.578823167213265,5.578823167213265,1.5124860536031626,0.39594061091376487,0.6761375806072191,0.12091983124602756,3.0,1.0,3.8391080747469832,4.387747885515141,19.368791025754717,10.947261760509175,289.0757607355122,1461.7160765987232,0.7203113696715918,0.9959154157410428
273,140288,2419.785620999988,57.975383762312504,238.44602834671417,0.0011030779464457669,-5.578823167213265,5.578823167213265,1.5124860536031626,0.39594061091376487,0.6761375806072191,0.12091983124602756,3.0,1.0,3.8391080747469832,4.387747885515141,19.368791025754717,10.947261760509175,289.0757607355122,1461.7160765987232,0.7203113696715918,0.9959154157410428
274,140800,2426.7541907001287,58.019885384180014,229.43857802983035,0.0011027875284788735,-5.578823167213265,5.578823167213265,1.5124860536031626,0.39594061091376487,0.6761375806072191,0.12091983124602756,3.0,1.0,3.8391080747469832,4.387747885515141,19.368791025754717,10.947261760509175,289.0757607355122,1461.7160765987232,0.7203113696715918,0.9959154157410428
275,141312,2433.7662111001555,58.063095524742934,220.4498379619706,0.0011012491015809846,-5.578823167213265,5.578823167213265,1.5124860536031626,0.39594061091376487,0.6761375806072191,0.12091983124602756,3.0,1.0,3.8391080747469832,4.387747885515141,19.368791025754717,10.947261760509175,289.0757607355122,1461.7160765987232,0.7203113696715918,0.9959154157410428
276,141824,2440.55862370017,58.11128592558796,211.45634284766814,0.0011010490342828584,-5.578823167213265,5.578823167213265,1.5124860536031626,0.39594061091376487,0.6761375806072191,0.12091983124602756,3.0,1.0,3.8391080747469832,4.387747885515141,19.368791025754717,10.947261760509175,289.0757607355122,1461.7160765987232,0.7203113696715918,0.9959154157410428
277,142336,2447.651555800112,58.15206811717603,202.50354598346252,0.0011032938365568494,-5.578823167213265,5.578823167213265,1.5124860536031626,0.39594061091376487,0.6761375806072191,0.12091983124602756,3.0,1.0,3.8391080747469832,4.387747885515141,19.368791025754717,10.947261760509175,289.0757607355122,1461.7160765987232,0.7203113696715918,0.9959154157410428
278,142848,2454.1120072000194,58.207612195736814,193.51420845304813,0.0011022236157467692,-5.578823167213265,5.578823167213265,1.5124860536031626,0.39594061091376487,0.6761375806072191,0.12091983124602756,3.0,1.0,3.8391080747469832,4.387747885515141,19.368791025754717,10.947261760509175,289.0757607355122,1461.7160765987232,0.7203113696715918,0.9959154157410428
279,143360,2460.764413499972,58.2583197373606,184.55733101249788,0.0011026491798129376,-5.578823167213265,5.578823167213265,1.5124860536031626,0.39594061091376487,0.6761375806072191,0.12091983124602756,3.0,1.0,3.8391080747469832,4.387747885515141,19.368791025754717,10.947261760509175,289.0757607355122,1461.7160765987232,0.7203113696715918,0.9959154157410428
280,143872,2467.5028914001305,58.30671992378618,175.62298159431535,0.0011130110727939466,-5.578823167213265,5.578823167213265,1.5124860536031626,0.39594061091376487,0.6761375806072191,0.12091983124602756,3.0,1.0,3.8391080747469832,4.387747885515141,19.368791025754717,10.947261760509175,289.0757607355122,1461.7160765987232,0.7203113696715918,0.9959154157410428
281,144384,2474.2706373000983,58.35416620291405,166.70617769043216,0.0011119667251233477,-5.580216024041864,5.580216024041864,1.468510135410503,0.39183368702207877,0.7048702140649064,0.12353626495481741,3.0,1.0,3.8992627416086987,4.470214746252639,20.15979988890279,10.611983879084466,280.51348652406676,1702.997079901017,0.8119776494290918,0.9957581675077789
282,144896,2482.6137594999745,58.364294262665986,157.9047620883376,0.0011137295720039196,-5.580216024041864,5.580216024041864,1.468510135410503,0.39183368702207877,0.7048702140649064,0.12353626495481741,3.0,1.0,3.8992627416086987,4.470214746252639,20.15979988890279,10.611983879084466,280.51348652406676,1702.997079901017,0.8119776494290918,0.9957581675077789
283,145408,2491.7040924001485,58.356849211550994,149.1513013056427,0.001114350099043339,-5.580216024041864,5.580216024041864,1.468510135410503,0.39183368702207877,0.7048702140649064,0.12353626495481741,3.0,1.0,3.8992627416086987,4.470214746252639,20.15979988890279,10.611983879084466,280.51348652406676,1702.997079901017,0.8119776494290918,0.9957581675077789
284,145920,2500.6073639001697,58.35382319774112,140.38497481544812,0.0011200277682670836,-5.580216024041864,5.580216024041864,1.468510135410503,0.39183368702207877,0.7048702140649064,0.12353626495481741,3.0,1.0,3.8992627416086987,4.470214746252639,20.15979988890279,10.611983879084466,280.51348652406676,1702.997079901017,0.8119776494290918,0.9957581675077789
285,146432,2510.1787197000813,58.33528857957008,131.65273005420008,0.0011172392322341814,-5.580216024041864,5.580216024041864,1.468510135410503,0.39183368702207877,0.7048702140649064,0.12353626495481741,3.0,1.0,3.8992627416086987,4.470214746252639,20.15979988890279,10.611983879084466,280.51348652406676,1702.997079901017,0.8119776494290918,0.9957581675077789
286,146944,2520.159272900084,58.30742587586679,122.93459867805288,0.0011293454816433898,-5.580779781533534,5.580779781533534,1.4742188162627121,0.39858328996551207,0.7193125273091289,0.13904178449592522,3.0,1.0,3.7511662908618675,4.471538081977194,19.715903308402392,10.559599961033786,292.09276638164863,1645.5884940108008,0.8338788872165879,0.9913923973615444
287,147456,2529.189040000085,58.30169183399397,114.16478305555938,0.001272104415269014,-5.581280251884176,5.581280251884176,1.4959373505357658,0.39442526788805227,0.7260767661612539,0.15501201196932313,3.0,1.0,3.8698618226021266,4.467921710939775,20.989247222134097,10.45662121893686,272.07497430378663,1900.9986189402625,0.902003765989829,0.998568733844997
288,147968,2538.612753900001,58.28695210511364,105.40952611349485,0.0012722220817537942,-5.581280251884176,5.581280251884176,1.4959373505357658,0.39442526788805227,0.7260767661612539,0.15501201196932313,3.0,1.0,3.8698618226021266,4.467921710939775,20.989247222134097,10.45662121893686,272.07497430378663,1900.9986189402625,0.902003765989829,0.998568733844997
289,148480,2547.596038900083,58.282395533989686,96.63295319965832,0.001279469157355854,-5.581280251884176,5.581280251884176,1.4959373505357658,0.39442526788805227,0.7260767661612539,0.15501201196932313,3.0,1.0,3.8698618226021266,4.467921710939775,20.989247222134097,10.45662121893686,272.07497430378663,1900.9986189402625,0.902003765989829,0.998568733844997
290,148992,2557.6325853001326,58.25387151239947,87.89115413402517,0.0012856678272923439,-5.583107102488199,5.583107102488199,1.4713633424628496,0.3938904456293214,0.659620772948054,0.22356782577101084,3.0,1.0,3.982089016611197,4.454982587179485,20.280237882732727,10.61639520786711,277.0350655591346,2271.767834366361,0.8928944197682863,0.9915810866364061
291,149504,2567.2193297001068,58.2357721720117,79.12662317568822,0.0012874001057369359,-5.583107102488199,5.583107102488199,1.4713633424628496,0.3938904456293214,0.659620772948054,0.22356782577101084,3.0,1.0,3.982089016611197,4.454982587179485,20.280237882732727,10.61639520786711,277.0350655591346,2271.767834366361,0.8928944197682863,0.9915810866364061
292,150016,2577.02273600013,58.212912872023814,70.36239552218785,0.0012969554070603217,-5.583107102488199,5.583107102488199,1.4713633424628496,0.3938904456293214,0.659620772948054,0.22356782577101084,3.0,1.0,3.982089016611197,4.454982587179485,20.280237882732727,10.61639520786711,277.0350655591346,2271.767834366361,0.8928944197682863,0.9915810866364061
293,150528,2586.9605215999763,58.1872041506462,61.594298133332764,0.0012958647140248012,-5.583107102488199,5.583107102488199,1.4713633424628496,0.3938904456293214,0.659620772948054,0.22356782577101084,3.0,1.0,3.982089016611197,4.454982587179485,20.280237882732727,10.61639520786711,277.0350655591346,2271.767834366361,0.8928944197682863,0.9915810866364061
294,151040,2596.409122500103,58.172650331224524,52.80832113559532,0.0012977972487240581,-5.583107102488199,5.583107102488199,1.4713633424628496,0.3938904456293214,0.659620772948054,0.22356782577101084,3.0,1.0,3.982089016611197,4.454982587179485,20.280237882732727,10.61639520786711,277.0350655591346,2271.767834366361,0.8928944197682863,0.9915810866364061
295,151552,2606.130141500151,58.15212279182767,44.02246860642147,0.0012976946379362683,-5.583107102488199,5.583107102488199,1.4713633424628496,0.3938904456293214,0.659620772948054,0.22356782577101084,3.0,1.0,3.982089016611197,4.454982587179485,20.280237882732727,10.61639520786711,277.0350655591346,2271.767834366361,0.8928944197682863,0.9915810866364061
296,152064,2615.4750199001282,58.140107950947495,35.22525279326772,0.0012981299606970502,-5.583107102488199,5.583107102488199,1.4713633424628496,0.3938904456293214,0.659620772948054,0.22356782577101084,3.0,1.0,3.982089016611197,4.454982587179485,20.280237882732727,10.61639520786711,277.0350655591346,2271.767834366361,0.8928944197682863,0.9915810866364061
297,152576,2625.5536332000047,58.11193421101116,26.431747985234946,0.0013025967889219048,-5.58358781720206,5.58358781720206,1.449845358321574,0.3915065445426863,0.7492923000888315,0.21881259963098715,3.0,1.0,3.7313828685428296,4.385578374187427,22.79005158563511,11.933318749939795,235.75290053267287,2305.0482571746966,0.8324285752698404,0.9954170004896373
298,153088,2637.3891809000634,58.045282474297395,17.641399203344903,0.0013595737651742774,-5.58358781720206,5.58358781720206,1.449845358321574,0.3915065445426863,0.7492923000888315,0.21881259963098715,3.0,1.0,3.7313828685428296,4.385578374187427,22.79005158563511,11.933318749939795,235.75290053267287,2305.0482571746966,0.8324285752698404,0.9954170004896373
299,153600,2649.484597600065,57.97353950996081,8.831615325333551,0.0013603085729106343,-5.58358781720206,5.58358781720206,1.449845358321574,0.3915065445426863,0.7492923000888315,0.21881259963098715,3.0,1.0,3.7313828685428296,4.385578374187427,22.79005158563511,11.933318749939795,235.75290053267287,2305.0482571746966,0.8324285752698404,0.9954170004896373
300,154112,2659.7470021001063,57.942353117914934,0.0,0.0013652195799553793,-5.58358781720206,5.58358781720206,1.449845358321574,0.3915065445426863,0.7492923000888315,0.21881259963098715,3.0,1.0,3.7313828685428296,4.385578374187427,22.79005158563511,11.933318749939795,235.75290053267287,2305.0482571746966,0.8324285752698404,0.9954170004896373
