ducks_num,pucks_num,score,objective,generation,population_index,wing_span,wing_chord,tail_arm,nose_length,banner_length,batt_capacity,prop_diameter_in,prop_pitch_in,motor_kv,motor_max_power,cruise_throttle,mission3_cruise_throttle
9,3,0.4098360655737705,-0.4098360655737705,3,112,1.3275524015860454,0.21683249929287712,0.5204265940836699,0.21044079568438726,4.759912891492085,1.1840095826436254,23.978564646231547,17.16315556283525,307.6116886518202,1035.5807964042247,0.9751552380239004,0.543684280345005
10,2,0.3968253968253968,-0.3968253968253968,4,153,1.2485705075199034,0.19133282471853907,0.5865973125984723,0.25844701723073216,2.6459010115100816,3.224579874201657,11.793485582683283,5.300136593387258,258.49170694697085,1116.9980621125496,0.9495813617077207,0.6368086634376724
10,3,0.3787878787878788,-0.3787878787878788,9,103,1.082584547541474,0.36170014120406496,0.5317080888017328,0.21204033307242612,2.1380238058496834,1.4269178433765437,13.149651079611651,7.372676028091795,325.18164954601696,1690.0011937833847,0.8561281521977752,0.7233835605046086
13,4,4.73704157803251,-4.73704157803251,12,227,1.3299018577685704,0.366071371820066,0.8018845484016849,0.1639832868179122,1.2021213051770194,3.6523552708416345,21.070570519013796,14.241087097522868,223.11818148900608,2543.153579491311,0.7910825530516348,0.9551457260609251
14,2,2.112369248036318,-2.112369248036318,1,0,1.1783021968480094,0.18787595795476003,0.31579183649373926,0.24187984285129363,4.976215106009529,1.1559467628040487,22.83424924037329,15.061850706999946,221.0125888697803,2018.3266480357863,0.8260533618936952,0.917106413547998
15,1,0.29411764705882354,-0.29411764705882354,2,200,0.9200086482949557,0.17524543582090868,0.5551867920186135,0.1385530921927744,4.759375582807333,1.836829247909697,24.23814101253108,17.768585227799772,313.31056535902087,2794.199300929904,0.6756027047522366,0.8772356254750062
15,2,-2.6643773830604474,2.6643773830604474,5,75,1.1889865516607294,0.1974220070615411,0.8918382080958596,0.12536707300377958,4.036671985357364,1.3741356424843054,22.08869349345526,16.849871434692602,376.625760688628,1188.8113371915106,0.7327829139172511,0.5552817669535699
15,4,0.26595744680851063,-0.26595744680851063,4,97,1.2472408657121352,0.16780918846342258,0.6803169543561286,0.21100658867901156,4.747588055942863,1.970210955874546,24.559020294130303,15.32635617003126,222.36346763020543,2416.0439784938444,0.7192136979253594,0.6249498691571985
15,5,0.25773195876288657,-0.25773195876288657,2,97,1.3360990033815474,0.1629084636643529,0.4780590176027503,0.27289387788968056,4.747588055942863,1.970210955874546,24.13674037183797,15.32635617003126,222.36346763020543,2193.837252956639,0.6569876037170601,0.763021675172922
17,2,0.25510204081632654,-0.25510204081632654,17,26,1.1881287826901603,0.24266363591184079,0.7521023456007242,0.2373637861971182,3.9270077227018367,1.9516900251619518,10.815988311312692,5.643307540648345,253.9695588393696,2632.3283333331347,0.5021102358587086,0.559065107738813
18,2,2.441150345393951,-2.441150345393951,16,180,1.3819581676000543,0.17789411942703093,0.4573951148194964,0.242433387264373,1.6552376885603777,4.250541097268282,14.941958212975305,10.70047327905578,324.8482248011624,1813.2204522180543,0.6986406652548751,0.7073981675365069
18,5,2.3248665567343094,-2.3248665567343094,9,220,1.4277607395596328,0.23067758147242015,0.756481143801295,0.24371187686885354,1.6403807634817726,1.090454663315602,17.700809165707962,10.248376622534101,357.01176061108254,1855.278851727613,0.7219595813950175,0.5778101702374118
18,6,0.21739130434782608,-0.21739130434782608,16,33,1.3251730505779153,0.37771316884550055,0.8644418962916373,0.2828661717659243,1.8214555249554016,2.8432709183912284,11.966913517659064,8.064777362057773,242.72155660192757,1382.0595174980645,0.7705345665415577,0.9473910232664281
19,3,-4.659900027221747,4.659900027221747,3,69,1.0869743352245256,0.16200059433446878,0.5841560790270068,0.21710114841638745,0.8353775235434462,1.7039784409503138,20.858310303498428,12.840237282130511,254.73028612932535,2326.7621644204455,0.5871692673466684,0.9490727947344129
19,5,-0.575080907522465,0.575080907522465,6,32,1.071624576232024,0.2649207561694539,0.6207121820813385,0.18344519483928712,4.150785927513202,1.9356208901892216,19.836784503285386,14.530871131338262,372.1558830130965,2390.546707500246,0.6332504971085869,0.5712623165867814
19,6,0.20833333333333334,-0.20833333333333334,5,33,1.3251730505779153,0.12881693588189513,0.8644418962916373,0.22031796318958777,2.768240217421923,2.8432709183912284,20.665707931053234,10.372076313011348,242.72155660192757,1198.794868210738,0.6998228593388691,0.7219770543140462
20,3,0.21551724137931033,-0.21551724137931033,15,230,1.3220796610343906,0.33916527284142084,0.6331280871228705,0.2527306668132854,4.0870681379688065,4.163827145116278,16.770531990271195,6.883500428009062,302.6499423081675,1075.2329356627943,0.6246362325496674,0.5588785644410396
20,4,4.426422218755423,-4.426422218755423,10,186,1.4941046894438816,0.36872074516790976,0.7104140713648697,0.2567528111246437,1.9564629594130098,2.268531031072169,15.022646383978508,11.361397720521138,274.09526298735744,2121.0709634808245,0.8213095441491711,0.5102508631034419
20,5,2.1885064103110436,-2.1885064103110436,5,71,1.1322112680974235,0.3886005125716476,0.31108766442115027,0.2859460177662758,3.1277493232362996,2.9514694000116606,21.1310485619882,14.164535821641715,229.20647806784527,1310.248376483455,0.8247377124575841,0.5009814389837023
20,6,0.2,-0.2,8,188,1.3247224813605885,0.3512589046179671,0.6708195262144432,0.20638910433259547,1.294843154275045,1.7029598212156394,15.06860883862492,7.8933336182411455,325.4116670169891,1849.4239932542,0.5527274786735447,0.6732474235883004
21,3,-6.644267625033138,6.644267625033138,8,232,1.2977420695860724,0.12014738766228916,0.6142511286602614,0.18311455911264007,1.3817987596725003,2.1058129106383436,14.943913541024306,10.523786238122934,357.9492715430704,2043.911154987649,0.7887817328213095,0.9559312727455319
21,6,-0.2543797990208052,0.2543797990208052,7,118,1.0647093493274444,0.367238856752519,0.4948630879226619,0.22013884911224044,1.4020167076828134,3.282932200934738,18.03079434158342,10.832097324126863,257.84177468576405,2337.872982917927,0.8544616093859076,0.6630620253272355
22,2,-0.21094210694398985,0.21094210694398985,3,136,1.160760574674819,0.25465498291118904,0.5562138749495871,0.19011681984764375,4.661679692816675,1.4293732030574406,17.87523143222454,11.916738376703758,231.35180796917297,2405.661422061652,0.8461526837539013,0.9643855737071118
22,3,-15.119716193863683,15.119716193863683,1,211,1.1992015989180655,0.13413671270012856,0.33473577238619323,0.19796849796548485,3.341071657370776,1.4219706123694777,17.71340589504689,8.3407943258062,468.0681890808046,2555.556146427989,0.9753491706214845,0.7261526817455888
22,4,4.4370551969371395,-4.4370551969371395,18,236,1.1447415476684417,0.37373635096727503,0.6907535151059034,0.2736231002858204,0.6077102065230977,3.8032881025933536,17.415862357053467,12.614225007695985,313.6578175258887,2471.5732461283037,0.859439029830765,0.524439823868823
22,5,0.1893939393939394,-0.1893939393939394,7,136,1.3674313878401534,0.3277178416372445,0.5562138749495871,0.2610463341701829,4.661679692816675,1.4293732030574406,10.736223858517977,6.230163290746096,315.26136573246055,1061.1410684828415,0.7788072330494354,0.8230892117462676
22,6,-4.507345535694273,4.507345535694273,18,192,1.2828194022850161,0.2984770089018243,0.5283797039971527,0.27153283548567775,1.9976453784588823,1.322772623648099,13.920913399511818,8.785064596035143,476.77271774036643,1745.5886771564583,0.7976731264655187,0.6307370841680833
22,7,-9.327503139414123,9.327503139414123,2,136,1.197129349761846,0.38799728948622947,0.3417508772210564,0.19011681984764375,3.0294202219575217,1.4293732030574406,24.039126881219726,16.29266761969756,482.86952590569854,2077.524240361189,0.7448435809324653,0.9064165631197753
23,4,0.1865671641791045,-0.1865671641791045,3,228,1.2607025673075343,0.28877270993659304,0.33166498138566036,0.12182281002923091,4.243324606374047,1.3042337389858463,24.158042444770977,15.7761496381815,241.29298811551467,2973.12128599556,0.8089904820240905,0.7949199053189551
23,6,-0.049552625679455176,0.049552625679455176,8,84,1.0746399375094995,0.2848145292343019,0.755544347045306,0.1772433871297463,0.8648046474927844,3.1330276201213807,17.43287385857615,11.538716193511473,272.5671961626446,1758.1094861144607,0.9316026353831326,0.5587465409954635
23,7,1.2828812365197675,-1.2828812365197675,3,23,1.1093244710896328,0.32398132042023103,0.586167052957893,0.28185367027149333,1.333718944194846,1.7039108837549188,23.86149757290197,14.818782357054422,254.47473267119778,2245.026106676394,0.7529706165575074,0.608922330612836
24,3,4.419511109475763,-4.419511109475763,22,170,1.1468022253841625,0.3062585822697863,0.8108494750104143,0.09626347088886013,4.981550470687591,3.684905500013808,15.943683642148992,8.674429044339997,493.6463559690495,1573.2537753864635,0.8538144488291592,0.763063356152292
24,4,0.17985611510791366,-0.17985611510791366,1,55,0.9218758033458144,0.14874361671507358,0.6769052831456065,0.16955301275476814,1.7714593284763396,2.557838269043714,10.341377495788038,8.047079187817872,257.0087606087327,2666.8710950762033,0.7278683432377875,0.6664623026736081
24,6,4.378561812900681,-4.378561812900681,8,224,1.2208720885291129,0.2730451099029813,0.8129104900976731,0.25808285476319237,2.3277586158365837,3.407513233531189,19.339975600199622,12.706384173394898,281.0863631212059,1183.2431059300334,0.8404899297663939,0.6018064354016699
25,3,-1.3574604521947755,1.3574604521947755,8,149,1.0829249856171208,0.1937168320077788,0.7872447217646648,0.1843349905767583,1.392470876947974,3.463359183407725,13.285710386596286,7.200086592696607,379.1313752554301,1011.7712616920471,0.9182007771036309,0.5206788023448027
25,5,-0.6728392432020645,0.6728392432020645,3,215,0.9441608442309792,0.26526847002502485,0.4360274168762807,0.21360412628735215,3.3551289973118976,3.1110003668024007,19.79854492872851,11.338917560272492,280.12974414735675,2609.5732208318873,0.893844518343756,0.7752753326512282
25,6,4.414727351954167,-4.414727351954167,8,207,1.4344141709356135,0.3216114092254351,0.7647978899163895,0.269967324395752,1.6926904475644788,2.134475748318767,11.045929230652156,6.006845108573863,388.24380268129414,2012.6049418486887,0.9229873977092835,0.5748165786852129
25,8,3.664746576880404,-3.664746576880404,5,24,1.3904667208324644,0.35791607566177847,0.6798575835173414,0.26336031459442366,4.092492455142791,3.0165497806996777,21.325495087684395,16.410195036599234,269.84238556113837,1342.1947460655313,0.9109802845884902,0.5706221330910921
26,1,2.2352716805060338,-2.2352716805060338,7,86,1.2369987439326944,0.3617347913594198,0.5098425605297023,0.22444646101840074,3.3051323741674423,4.377142675231397,24.98833964113146,11.342615028732329,254.71052965149283,2129.128511995077,0.758231193422499,0.6150168461628713
26,2,-0.37236112090049556,0.37236112090049556,6,31,0.9616882605745414,0.3104985737496795,0.5500698367186607,0.2621406448945739,4.842754930250633,1.5760828834953908,22.005141620642487,16.153768018292713,358.1382324588459,1467.7643551569618,0.5995929151002435,0.5599434313581267
26,3,-16.193566688357627,16.193566688357627,2,204,1.2113411026597023,0.21795598272920289,0.44914324705286574,0.1699942606137467,3.46314900490505,1.4288522504675647,22.234870639944898,13.136325377951811,403.5465288883488,1831.765810122386,0.7653527969471663,0.8282291694550739
26,4,-0.2988081025259719,0.2988081025259719,4,221,1.2786407958136445,0.21831560221402496,0.7990475366319527,0.08223558938917667,4.961180355399847,2.1443595737814243,17.23300339414294,12.314164078834574,344.8956419713795,2249.823263256911,0.6441237818067558,0.5274455219195444
26,6,-5.453106217684685,5.453106217684685,3,204,1.2010620591824663,0.24676124791774406,0.5747423494193796,0.25996110830281827,3.3990274890515044,2.989049489045947,22.234870639944898,16.826945157004893,212.23105109894777,1831.765810122386,0.7412696387209751,0.8282291694550739
27,2,4.606101270591769,-4.606101270591769,26,205,1.458301439977018,0.28369668282709826,0.7708056818996558,0.2654041589245217,1.0045411037884924,2.356001668479158,21.883501092482025,10.811325875120925,365.2134583916387,1155.693887536656,0.667360678704571,0.691470996727441
27,3,2.8058543445725057,-2.8058543445725057,14,205,1.4510438719244578,0.2733423694084749,0.7708056818996558,0.2654041589245217,1.0045411037884924,4.36923534407114,21.883501092482025,10.811325875120925,422.159329693804,2259.5752231892548,0.6100591895163914,0.691470996727441
27,5,4.758884053009323,-4.758884053009323,37,251,1.4771675503577164,0.3359960961876821,0.6819392487413087,0.1781023732440512,1.371884742489509,2.3655564279420824,17.190066483453098,7.912631702002772,368.401696455551,1280.8593332347432,0.9042518538031404,0.8259270850114537
27,6,4.4374130484148635,-4.4374130484148635,17,42,1.4356612517927618,0.3238178764611349,0.7580416690249212,0.2704468282741543,1.6516283917483567,2.1004304549329955,11.207928255641754,6.102732545074013,389.4709151167285,2002.9730182313135,0.9235943587389692,0.636562525735688
27,9,-11.371095531621375,11.371095531621375,1,231,0.9791679196394981,0.22997147038578988,0.5415121363475919,0.10911175819113852,2.839507360011339,4.250159834511578,23.748261206783354,17.229062082245946,331.319597736001,1930.2961453795433,0.7181039340794086,0.8401699322275817
28,8,-2.400933629510474,2.400933629510474,5,226,1.0515837849870104,0.3158793875406233,0.8229481312391098,0.24350855065974006,1.683779105077046,1.3850479367151127,24.074524028570778,14.310227407737724,316.6900563636085,1638.7480913559693,0.856525463462869,0.5338312224093948
28,9,-2.53536022828757,2.53536022828757,2,94,1.2665378208598226,0.16563114577756144,0.3417575986938906,0.2892749861031908,0.8046377485816607,1.8881840963145353,17.844892109279105,13.400274768670267,285.20944260224417,2215.2630319637074,0.8145787241934871,0.919329639644006
29,3,1.9445434402018225,-1.9445434402018225,7,105,1.0112301779056105,0.37355588586604704,0.7838448791894563,0.2727671888163832,1.144828696332445,3.13123356056186,15.509362570739194,11.438807887103792,409.42702223727304,1457.9970287254985,0.6626892094540959,0.6388327265133652
29,4,0.019770180598008835,-0.019770180598008835,5,121,1.0792246428296244,0.3726917738891065,0.6096607633177484,0.11559272035126605,2.789140509988416,3.676376055938645,21.356388914312202,11.892561194720551,309.78975120700835,1083.3167388558043,0.9360857123378038,0.6601965168025468
29,7,0.14450867052023122,-0.14450867052023122,8,110,1.1004512131491324,0.14886314684665752,0.6783155459060368,0.2999068536563018,3.2444787776959054,3.95808996427831,18.62039182489911,7.749065210834127,271.0008358574444,1553.5329871978558,0.768255148854055,0.5878170187964528
30,5,1.6305909948499764,-1.6305909948499764,8,51,1.4585007427953474,0.31242379515365637,0.7625131184773344,0.24894267358761182,1.9905777784790968,1.0490790908581447,13.707122821244626,6.625821695648188,451.6221904195845,1089.9968368896018,0.9806304401299062,0.5681281137624513
30,9,4.535731474596912,-4.535731474596912,8,161,1.522478456883524,0.3475813546510519,0.7590869308577297,0.271426533620408,4.2021895606117265,2.2322114092860423,18.33788937551197,10.22973322115339,262.4889549610735,2207.5435991742665,0.8854193320617196,0.6862925463825311
31,3,4.631851224967904,-4.631851224967904,38,225,1.5212603945037355,0.37821430871167067,0.7266532704019437,0.14608771553855018,0.9017216275836697,3.2767237414926473,23.964432241733228,12.41745190727437,356.8011008707943,1057.7804944159566,0.7059038142074627,0.5830480331532805
31,8,2.538558224443377,-2.538558224443377,24,182,1.509519428425103,0.35940331057878405,0.850239717899441,0.19100252326356887,2.5961894405637307,4.022491055061403,16.007274870888637,12.699887160110768,393.6110402646248,1556.3752725770314,0.7991826356646363,0.7158081663871508
31,9,2.9711251427234817,-2.9711251427234817,21,94,1.2316880551431029,0.17183023243312395,0.4578364991903236,0.23025076671405142,1.2158507180442875,2.698850737202334,13.015025928010125,7.4470279127825805,466.1124061796333,1642.7924973650072,0.8145787241934871,0.5580901312257031
32,1,1.6061045712611906,-1.6061045712611906,7,106,0.9611154069906978,0.3023076814469327,0.8195346347614667,0.23707703592134058,4.2809999479397405,2.1194486932756966,13.306327234331857,9.529937356214344,371.607038232133,1666.5787051327643,0.8864484522312426,0.7571970951571049
32,4,0.13966480446927373,-0.13966480446927373,4,255,1.3047040292509398,0.21540585584398197,0.5156637613397284,0.2359086741649973,3.842588011041288,2.1745953627911696,13.209305277789746,9.774531000313496,262.597634507026,2340.5970300622907,0.8295805464957781,0.8492744119901006
32,5,2.4717680912745843,-2.4717680912745843,10,105,1.2958314373961177,0.37355588586604704,0.5231474559584125,0.2727671888163832,1.0057789825673045,3.13123356056186,15.509362570739194,10.005024814512803,323.6794596298508,2792.610662728236,0.9912010847735379,0.6388327265133652
32,6,4.43772555725916,-4.43772555725916,23,156,1.3551746162242777,0.24162443841591685,0.7771105186145053,0.26224413388984347,3.5503507422043636,3.6025639509386203,11.916179710026965,9.457884116379194,443.43629300950994,1279.7965570976473,0.8161891084657378,0.6798484231526505
32,7,-8.36732842491841,8.36732842491841,4,206,1.1876237145020587,0.1350703831018999,0.41314923166247597,0.18533064646139413,0.9866377239049358,1.253789052466772,20.123739398050695,11.488576102507006,467.22402849659153,1026.4666210860014,0.9155606260084043,0.9076286809127108
32,9,-7.284728757007272,7.284728757007272,6,216,1.1267144618032714,0.34617463779730007,0.48435068929192476,0.28002488743156445,1.0704908022266577,1.5018911735665539,23.87237761005581,14.903186937387755,296.7534764373376,2114.929664059369,0.8826191278558349,0.6471763101023771
33,4,4.603683034419005,-4.603683034419005,24,186,1.4941046894438816,0.3660218274948654,0.6785985032405042,0.2567528111246437,0.9057073799779989,3.5779625061425477,18.169754172338045,11.361397720521138,396.14020809734035,1833.9170987209404,0.6842409638879551,0.5102508631034419
33,5,2.2676798080110503,-2.2676798080110503,24,44,0.9741910661983608,0.3989398079844044,0.5687279289127899,0.2582777096142777,4.100586659098523,2.6096715922451126,17.762919169866294,11.96878582898558,336.34158550584715,2092.56672279192,0.7748630856959824,0.5298562330967345
33,9,-1.7214413472347223,1.7214413472347223,7,43,1.3396394468214403,0.15832947000482284,0.5918301647774968,0.19226036042919342,0.7524964153163771,2.6641781888218494,21.048275732053856,10.157152239795924,302.94000380704966,1630.2313699760598,0.7644177651052396,0.5499779373580378
33,11,1.798752937721229,-1.798752937721229,12,233,1.1949996170371102,0.26354710806102816,0.5006930969109904,0.25446824184791383,2.561597334365331,3.8727242249421714,13.157152147960211,7.493749602569263,491.005678099198,2451.785448047092,0.9911896999838654,0.5337362703706162
34,5,-4.329010859012969,4.329010859012969,5,146,1.4977990966233834,0.29050110903194365,0.7517695108310296,0.20769083353956322,1.0231760383959998,2.3225502871846517,22.583304780740363,13.861699347068555,334.52229151851736,1415.8134005476554,0.7569086463411324,0.8596613417518961
34,6,4.504487613421784,-4.504487613421784,36,22,1.432703155481682,0.3426018353392893,0.7084511510787712,0.2852999595721265,2.1182080490555126,1.5307703218968456,18.741956734592137,12.188841278464242,271.6384917565887,1368.7997544744208,0.7540185630022586,0.6927711641880391
34,10,4.634255458556488,-4.634255458556488,26,235,1.4914879885505505,0.25386155084886464,0.8335056767603675,0.23454593894731585,3.8914788283039172,1.752326491959249,14.947264345896624,9.163105176414309,342.8616190283576,1993.60336146294,0.9738662179648787,0.5085352235696005
34,11,4.563347491600607,-4.563347491600607,10,77,1.336127921057188,0.3996809790068199,0.6555249205039307,0.24130539786146,1.6110549221338855,1.364289284473904,21.02134522966156,12.323745034639806,260.07326089524986,2377.3358113662994,0.718749890118634,0.6200452731942624
35,3,2.6033461428356994,-2.6033461428356994,26,104,1.3955252861288792,0.3857176903643519,0.5719059252801598,0.2452539584406156,1.5888798786763805,3.1869801411453045,17.203090691065572,10.708859275522984,342.39362289306547,1639.8110075656052,0.6756889187412766,0.6781710129512508
35,4,0.12886597938144329,-0.12886597938144329,16,39,1.349277686026166,0.3818708708582478,0.7051082981621256,0.15700882014487372,1.5848689418750723,2.32581030137439,17.715470287052998,9.662969956976427,290.6518136970904,2923.7985571308946,0.5717208416721843,0.7219198192109433
35,5,4.752594809856437,-4.752594809856437,11,32,1.377942553069185,0.3944397777019497,0.7225032081528011,0.27625396189095525,1.4991652300729796,1.7710595636533095,18.220933691542772,11.49842531686328,304.1314680157214,2423.6405662594807,0.7387374866752418,0.730626148782983
35,7,1.1400196548083112,-1.1400196548083112,26,39,1.349277686026166,0.13083517199472705,0.5282966412451298,0.17906412917090855,1.1850865729661617,1.5861023389153373,20.99159621074562,11.139339490498264,290.6518136970904,1579.2467677994498,0.7540974315128529,0.7357779245269184
35,8,2.474750249845177,-2.474750249845177,24,52,1.4496583676058548,0.3348938917197207,0.895461054560954,0.273667826754043,1.624486903203012,2.413103497513461,11.640830406856306,6.453582486531275,478.74822224357547,2139.546034444389,0.9237431362873959,0.9503266000918701
35,10,0.1179245283018868,-0.1179245283018868,6,106,1.3837177042067053,0.28183015437440456,0.8195346347614667,0.23707703592134058,4.903987340097975,1.1818495403022764,22.514226606053768,15.139621642960337,355.2933619347974,2715.088041799238,0.5280290223836153,0.5666345691186909
35,11,4.006306389800776,-4.006306389800776,36,110,1.4825383909590564,0.29630336628480236,0.6704507126030983,0.27191636648492706,1.8194148860006147,1.4062556558739339,16.540579547201215,7.868756515590492,358.12813978005437,1729.0173361178697,0.9827319696729204,0.6154644928115708
36,6,4.660968783424575,-4.660968783424575,15,115,1.2586193733580815,0.38077972337251237,0.7541612822683523,0.24633543490431506,0.6949567133118255,3.859683553532413,17.93828967217155,11.704574755275209,411.4524043626176,2098.2690714408077,0.6785705255536447,0.6115657012008853
36,8,2.309564470499601,-2.309564470499601,7,61,1.252946512902369,0.30775816771057174,0.4746920221527294,0.15495064514476314,1.4548211779302265,1.776832639581635,19.880914454298946,10.804658831966524,263.1758069414017,2384.699580854101,0.8205465932212888,0.5883628507815424
36,9,0.11682242990654206,-0.11682242990654206,7,47,1.4834135050469932,0.1428427900525451,0.5318603986378971,0.19940751073194637,3.461073872208746,1.4967477437442303,10.193483297329806,6.46853648855459,351.3064945966454,2408.359929791014,0.6728640464811788,0.9185183771653459
36,11,4.583278363134837,-4.583278363134837,16,79,1.4052184530243925,0.32786313339434975,0.6000865621024554,0.29959931718049093,1.6322524499331375,4.266052424667682,15.605944274487822,10.836523539181318,394.77549752968406,1641.8888707438737,0.7648848713788948,0.5296066039160734
36,12,4.611177360005372,-4.611177360005372,7,97,1.1136289307059164,0.32756437241377145,0.7221483998508313,0.19817262376945935,3.327228681287803,3.34876579857581,17.409139133382265,11.459539003036566,362.10769558318844,1115.1502950362783,0.9279744690794409,0.5923456264257856
37,4,1.7655982765575868,-1.7655982765575868,3,168,1.3914201599902334,0.13144415499875492,0.47174723622674675,0.08782565927261932,1.131642324901157,1.1264493935261384,13.782634186372672,6.809447330027723,373.4518112614751,1795.4586382686218,0.9652373759571145,0.8425412806229219
37,7,4.594723281078785,-4.594723281078785,38,168,1.47517199718301,0.3205757232851606,0.6887215552266207,0.22601535607064518,4.986299824896298,2.528154123372847,14.556262129789165,10.728629049082928,420.4218291531547,1015.7060456545156,0.8724266531010592,0.7014837237484602
37,10,-3.3692967756367556,3.3692967756367556,8,35,1.2513190220760255,0.32635476362375826,0.833976025804092,0.1223561133911776,1.5605995383993911,1.3938750123005734,15.595915525010291,7.894680551761535,391.0947983853286,1540.0964576230836,0.6654547739281098,0.7556056547121762
37,11,0.1111111111111111,-0.1111111111111111,20,78,1.1140812501250792,0.20848064130467142,0.6868561702686239,0.2708090268044906,4.023550144355301,1.310884289453473,21.80817598447304,11.713051784355168,232.57807068719353,1894.1860284952722,0.6293944973592651,0.5594516317300564
38,4,4.451063143185271,-4.451063143185271,7,119,1.2509407991530792,0.3664371575026505,0.7971067886346139,0.18008010820050896,2.8488876470271345,2.7467358076685384,23.457609768313375,10.471090898759893,273.1731101616036,1072.9081957423257,0.8829275157042709,0.5054451760295452
38,6,4.53206607878949,-4.53206607878949,7,181,1.225739448616671,0.3397453271902382,0.7045241786411485,0.25790871461091097,3.0182613771055227,2.658049678990716,24.82126022343058,14.775847134801078,241.52923363571284,2547.413957296018,0.8425764232726363,0.603349657932595
38,7,-2.0492511352395564,2.0492511352395564,5,70,1.3934087510466733,0.3665885637339269,0.6219769345748951,0.1830167957454155,2.1014046028984,2.4325109966019056,22.706580587867162,15.772108596457906,281.3487385425867,1912.597924662065,0.7027768182869035,0.7238284220141535
38,8,4.5586789732635395,-4.5586789732635395,27,51,1.4270731480866745,0.38226658477515096,0.7625131184773344,0.23703026478611838,1.9905777784790968,1.7697708874086808,13.3923075818146,6.056937864764522,387.15601096228534,1316.9515996154566,0.9806304401299062,0.5681281137624513
38,9,-5.693206759665633,5.693206759665633,4,119,0.9321442622095347,0.2362628741478732,0.4349934116831286,0.24496046504626193,0.6715860914916969,1.1904640806296813,23.457609768313375,16.859875016237794,273.1731101616036,1818.8584152316964,0.9383455945788355,0.5736709163624509
38,11,2.6536149437344196,-2.6536149437344196,39,223,1.4896060125236388,0.30486985235302155,0.6938654221727176,0.2626189312471512,1.755940263048004,3.6397170956130607,15.371631681293719,9.12958317410157,394.39943945161775,1330.651147810483,0.861738504672201,0.82496571518869
39,11,-6.808269749063039,6.808269749063039,7,96,1.064882188669888,0.3716823436028299,0.8850267400077361,0.1817000870095856,3.5926460782229075,2.0432077174869376,22.050335539564433,15.579352130337977,238.59004740383733,1263.5664248813243,0.7778875904148534,0.8615430035351092
40,1,0.11904761904761904,-0.11904761904761904,3,44,1.3230745352759923,0.252754994316458,0.7630682168748661,0.26614217468240314,3.576284824599594,3.6298478886257968,20.025437570577676,15.448795594062767,207.0860302733086,2085.8480504771196,0.6182302577863872,0.5336029265887745
40,6,4.491033864133312,-4.491033864133312,18,118,1.4814273926682424,0.38834618000538834,0.7686778511296597,0.16764434681385584,1.4020167076828134,3.1142649744589597,15.862688280961546,7.0168949867367925,382.70576629442985,1952.528060253896,0.8706302510111528,0.6630620253272355
40,11,4.541324550634931,-4.541324550634931,30,118,1.4814273926682424,0.3725290363842479,0.7686778511296597,0.16764434681385584,1.5074073985454515,3.1142649744589597,17.463803894671756,7.0168949867367925,317.23043582163507,1830.8708225974553,0.8706302510111528,0.6630620253272355
40,12,-6.342194840318942,6.342194840318942,2,51,1.2377550924918101,0.2087987738299222,0.4990418708591118,0.24894267358761182,3.60366890988439,3.95173602970317,23.161474928462646,11.739221172614554,451.6221904195845,2285.1735539734364,0.5100696706213057,0.9335880996659398
42,6,4.804041748303728,-4.804041748303728,32,74,1.4848606686750103,0.3868086952747696,0.664692589175016,0.21021557376133315,1.0306760285120609,3.6628400951318874,20.813204783197293,10.60141918014098,375.0207695906316,1371.7993984280033,0.803824628319184,0.7382019584813273
42,7,0.10504201680672269,-0.10504201680672269,17,209,1.4111692694179723,0.24679099956512968,0.59812796006598,0.2390637756159876,3.9047962115407717,3.1430764528308814,11.359042025999457,8.09490170614399,234.63057861388603,2402.7179691729602,0.865472758066808,0.844757106586291
42,11,2.430973927276936,-2.430973927276936,10,251,1.23206275443506,0.3719563828175745,0.7972663522535761,0.195729548409876,1.413702823764762,1.9851778991283089,14.09957929869486,8.49875529383381,329.15171003057543,2433.778490047478,0.9042518538031404,0.6290994326303894
43,2,0.10964912280701754,-0.10964912280701754,2,180,1.1868213746294516,0.17789411942703093,0.4573951148194964,0.2287797050667516,0.5859987190478462,1.0722550959342236,12.318003212970556,6.878553124850544,236.63265519995429,1786.0794879635514,0.9184739823026642,0.9046176962061692
43,5,-2.8990254412172316,2.8990254412172316,4,231,1.2847004782758011,0.3741836985139729,0.8120661265269088,0.2879821057692258,1.3633084945236302,1.2734424509929725,23.748261206783354,17.229062082245946,331.319597736001,1585.128057760548,0.7808246598422153,0.5674074170325268
43,6,-3.4909303698726735,3.4909303698726735,14,208,0.9994246209337072,0.2506261873340565,0.8437703662017988,0.19647184026605985,4.078955454155037,2.316212628588917,18.150040845625178,11.934707897618493,403.95383698786003,2164.094683179894,0.8366295403761292,0.5983918067014411
43,8,0.1016260162601626,-0.1016260162601626,7,73,1.4631403056576173,0.1517771600649544,0.5255694604868684,0.2144999428262826,2.8348270147417884,1.3962646088229016,12.88486627617348,9.646596327482172,320.5994196222004,1468.0005013102427,0.6752485306191747,0.605489283451929
43,10,2.162319117478271,-2.162319117478271,15,102,1.3471090324103967,0.3690662097806249,0.632513236505013,0.273080293915998,1.025347238008479,1.999408264200969,18.022021179504485,11.099847936288647,340.08777646566443,2246.444298405157,0.9035973599261968,0.6377735351355431
43,11,0.09803921568627451,-0.09803921568627451,7,100,1.4686806247004773,0.2363785048362478,0.8770684930825522,0.26492828275268365,4.111155671047486,3.8632147137684325,23.19670398175716,12.46569379331726,273.57022531068907,1011.1278094198619,0.5242729141845345,0.521801823938578
43,12,4.6258197861969705,-4.6258197861969705,11,100,1.466558702424035,0.33390301542179046,0.6605887817561598,0.2760946410016286,1.5638736656118037,3.1297386933565314,16.651465274702844,12.46569379331726,273.57022531068907,2946.810382251819,0.8851581996829594,0.521801823938578
43,13,1.9504320231916674,-1.9504320231916674,30,208,1.275243181652896,0.3858552444772813,0.8437703662017988,0.1674656747297937,4.078955454155037,1.4078152293644621,16.454989559244012,11.76386568188041,241.19813249105124,2714.918508836364,0.8366295403761292,0.5475472802127712
43,14,0.9179074864790024,-0.9179074864790024,9,213,1.1460818080388657,0.3973312499035714,0.8038052211903859,0.25148429671522954,2.160085291817502,2.5443715341532207,14.598744200213545,9.30871743065589,442.54447039646595,1049.7827283870984,0.9559077720939688,0.6879208013604533
44,3,4.6268781483820325,-4.6268781483820325,18,103,1.3204005256965303,0.392576844372931,0.6393029431071787,0.10734330975766537,0.6853722744886519,2.584767272573603,17.68732379318501,11.64944417594548,325.18164954601696,1690.0011937833847,0.602687810935941,0.7828217113062608
44,9,4.641495392247499,-4.641495392247499,5,46,1.451390645327793,0.2759927576646458,0.7152624858543277,0.2916421734864123,0.7340100591947465,2.4206934620198663,20.398510155060162,12.811999687094767,307.0036779215103,1454.6107516478764,0.83296155595451,0.5637922007590532
44,13,-9.563335669820347,9.563335669820347,5,30,1.3264727049842477,0.3279373343810543,0.8648584677583294,0.12060070655976066,3.0691462252181108,2.083762097564306,24.036674737013744,14.129433592197344,346.7055599827427,1453.612766049135,0.7353589900553319,0.7965180196745445
44,14,2.4715553435763233,-2.4715553435763233,15,156,1.3068976439780498,0.3772184067865156,0.8268612684376406,0.2847424553556048,1.3282421890366398,3.6025639509386203,22.412029797003605,12.97942955521315,326.0217274848844,1279.7965570976473,0.6731840618973035,0.6798484231526505
45,4,2.248771313085982,-2.248771313085982,8,121,1.0792246428296244,0.3440228805796156,0.657092315529026,0.11559272035126605,0.6184130505300622,2.457138779781495,15.181382380249158,9.961059380151163,438.79318797019346,1182.8815861109779,0.6952926511338424,0.6601965168025468
45,5,4.462679284400463,-4.462679284400463,22,119,1.288076227884663,0.3664371575026505,0.6966481986870074,0.2484338981289299,2.8488876470271345,2.7467358076685384,15.428997677968411,10.471090898759893,447.1717063273266,1615.1885759844695,0.5046259081064874,0.5054451760295452
45,8,0.09765625,-0.09765625,2,24,0.977319492796436,0.35791607566177847,0.6798575835173414,0.2636177176237106,4.092492455142791,3.7050378401763737,24.70707148353664,16.247022173253598,218.70251810427982,1266.8857010594338,0.6306829582899809,0.5706221330910921
45,9,3.9431212967363525,-3.9431212967363525,11,159,1.5237247750751468,0.17904083157509387,0.6070300666451317,0.1776786963233032,1.8835288529652778,2.537789645968952,16.435371991574417,9.176181052757517,332.5161495429311,1715.2087545225047,0.9722128477618918,0.6203831238853682
45,10,4.647128941135055,-4.647128941135055,8,226,1.4401564613015365,0.3851439726939706,0.7340441044697827,0.23598459308308156,3.295035999402707,1.4510527411019614,12.895434313248185,9.506188531705556,353.30851398013846,1638.7480913559693,0.856525463462869,0.5986454352910593
45,12,-1.7353544993465855,1.7353544993465855,3,190,1.1372811524675552,0.36911947384983784,0.6245991745794132,0.2768000548246643,0.6025302216804902,4.257909630897867,17.281566631345022,11.269524276423713,485.18224613507016,2772.659622132778,0.8946371989560937,0.7807050728450421
45,15,0.09025270758122744,-0.09025270758122744,11,52,1.2479141040919168,0.2898950613662601,0.895461054560954,0.2518603455834091,3.7561825605333543,3.6424305211379346,13.363428985929247,5.973343978982339,244.1486517290861,2238.4232357144356,0.839323709792055,0.8270644196309149
46,2,2.3652279084296164,-2.3652279084296164,4,212,1.3629024203442819,0.29145193132447733,0.6486542741567706,0.11421244793534573,0.8754461451613378,2.564708973820825,20.658674031830667,14.149013919664867,234.80894627636818,1339.3149314079128,0.7605539901785123,0.6090776508937392
46,8,-6.471760503994452,6.471760503994452,3,155,1.0948602824051823,0.23750818879633845,0.8713993642606558,0.2943698872586091,0.8590830525675135,1.2509178723798466,23.93637088132678,13.63637610451092,267.8668860363222,2154.0735326584827,0.889180505408431,0.5393192984685187
46,9,0.0946969696969697,-0.0946969696969697,18,8,1.2260659151108466,0.39223815665768785,0.7973220492441613,0.2609233047109118,2.1499350737082863,3.857211977681123,15.295961273779739,7.28119234268078,339.4588880148398,2058.6662181056276,0.655367268810024,0.6441347244941844
46,10,3.1862892264301195,-3.1862892264301195,23,148,1.2772543957940905,0.3861767067688624,0.7803789597654911,0.297367890316841,1.2291970900176743,2.5015513162095178,15.4211018874,11.958123697581426,394.0843126875843,1789.5734424497796,0.6080857949697062,0.7667127510338743
46,11,4.549894714415289,-4.549894714415289,10,199,1.413326548365803,0.3807898554821212,0.6691413945007073,0.22273357033208416,3.780648991454703,3.7001031350982054,11.984687845885793,8.811918696039342,310.8213064092116,2616.9728436894634,0.9620133276493856,0.9189888824420739
46,13,0.09057971014492754,-0.09057971014492754,11,144,1.0349019460440894,0.3255091735743838,0.6653060051433296,0.16328647843987484,1.9916934458568656,3.433032114773804,12.368333601916415,9.01843233014225,337.01503061704506,2482.6771674688966,0.6603558802586975,0.5019481869207698
46,14,0.08960573476702509,-0.08960573476702509,18,108,1.4354795842639636,0.3269842083129786,0.6692043977335322,0.24826104452133763,4.634670514780112,3.5610674731347682,21.30496323578292,13.85447002001439,211.6559602217838,2089.6641543053347,0.5644549546265091,0.8873116513592056
46,15,2.757131087386453,-2.757131087386453,21,192,1.3427669996966591,0.3982454484817734,0.5283797039971527,0.27153283548567775,0.5534537912135407,1.667641159827302,13.920913399511818,6.728349876272025,476.77271774036643,1745.5886771564583,0.8409058545370203,0.6307370841680833
47,11,0.09090909090909091,-0.09090909090909091,6,247,1.2815946108906937,0.38143635786894653,0.7323157399796778,0.1937036059624443,3.0423591263736878,1.9413776705020345,14.160013729314883,11.001862389656164,247.11409538663793,1031.6998807253378,0.7013117315007039,0.504949979748968
47,13,4.72571933410181,-4.72571933410181,20,226,1.4401564613015365,0.3851439726939706,0.7340441044697827,0.2706199429624175,4.37696930286708,1.4510527411019614,12.895434313248185,10.279843846093463,353.30851398013846,1890.008637688098,0.8671484996500495,0.5986454352910593
47,14,4.757969420872648,-4.757969420872648,27,226,1.520001750151678,0.3851439726939706,0.7531191776176944,0.2706199429624175,1.9699830556568452,2.9246640746866372,10.343449965736681,7.165250962776283,498.1958007969745,1089.9044193035768,0.9941025205124339,0.5340318701461347
47,15,0.08710801393728224,-0.08710801393728224,1,92,0.9726810324478655,0.36126832976937295,0.7448543259028602,0.0969544757483943,3.459771744441241,1.9319347855697804,14.089265871041686,10.947122264299828,302.947804890573,1487.2680383070206,0.5707704477858617,0.8715125969208216
48,1,-8.369986052530898,8.369986052530898,4,177,1.2937324203753675,0.34060808017894306,0.6934251907269031,0.29850396025122394,2.2670461744266275,2.0386628940105345,18.977742385583554,11.960223089865572,354.54829415413394,1582.6512239831031,0.8158848899650424,0.5449665770049217
48,4,4.431678612434223,-4.431678612434223,6,97,1.1136289307059164,0.36427798268085765,0.6803169543561286,0.23209041844396994,4.747588055942863,2.1008738523027697,24.559020294130303,11.459539003036566,230.19866172508648,1838.6052963787902,0.9279744690794409,0.7990189990594814
48,5,4.5801369519030075,-4.5801369519030075,38,33,1.3808604224129588,0.3922864881365833,0.6477860310050714,0.217803129624019,1.3949552774591565,2.040261641919332,19.54855781490345,12.731434220725784,309.72740830651105,2082.4896626789264,0.7877389907339309,0.5449055563201985
48,11,-8.350414512560866,8.350414512560866,4,247,1.107202443418016,0.2749711260601345,0.7323157399796778,0.25476948323290205,2.741674183738629,1.9193183362877424,20.96161882272613,14.567081314132647,287.7103568352129,1031.6998807253378,0.9525852123256429,0.7149477663612879
48,13,0.08741258741258741,-0.08741258741258741,37,85,1.4518862802352646,0.36494870799415263,0.7568566836603594,0.21045532534995384,2.6698963859360774,1.827623241727986,15.95472272904385,11.774372323656474,284.20540927242064,1010.2088243214432,0.6435892479224372,0.5352621727169864
48,15,2.655935519538527,-2.655935519538527,29,92,1.350209349976727,0.3699392157032471,0.5673151008695666,0.24738075249434655,3.6341714497140623,4.200404269586539,13.923138966845155,10.572281867086316,323.02770692286725,1057.255794221658,0.9441564262893856,0.7708267298753539
49,1,0.09803921568627451,-0.09803921568627451,14,88,1.2131339115237785,0.1548625496741095,0.8670816969430679,0.15895877245972212,4.284202975653927,2.795381024793175,24.733745074759028,16.943246590338426,292.77246628741614,2367.166492971895,0.595268889152567,0.6374419694975935
49,4,-9.352016416866444,9.352016416866444,3,176,1.1888169809716478,0.30878836423158645,0.5811682042790679,0.26934617484153367,4.114952691717523,1.3967484684286429,21.01571194085499,9.496889352963692,307.6834839778614,1519.2514834458198,0.7620475756022886,0.9364140114230854
49,6,2.4588089621877054,-2.4588089621877054,18,146,1.4975352895036513,0.38371946658000433,0.8685671921874583,0.2488467100876946,2.3311964646384156,3.5168501504053356,18.62586775213053,10.00041388344832,302.6300008869045,1167.994922147927,0.9988419284227065,0.8226602107065334
49,7,-9.908424908424909,9.908424908424909,5,110,1.041742721117942,0.38739508363355024,0.4812307013198733,0.15783098278996494,2.5554090459112855,1.721241047324631,23.154293645683335,17.288023848086596,444.3716818166272,1872.6697305828282,0.7741605532511071,0.5121187813037674
49,8,4.747274589445997,-4.747274589445997,28,210,1.195783889169923,0.3923411911889514,0.6707801325952663,0.2914515681650514,0.7907299028307966,3.078260605765794,15.588731871265407,9.301628480962778,324.1653276062539,2281.9009509954913,0.8778773733757727,0.8968322925781514
49,10,4.876072501250374,-4.876072501250374,23,103,1.182244759429553,0.3928123519693414,0.5877403729946543,0.27617947780997754,0.6853722744886519,2.136557705775669,13.467769027765176,9.627522424413739,459.52717223434604,1690.0011937833847,0.8011194719442012,0.7828217113062608
49,15,0.08417508417508418,-0.08417508417508418,15,5,1.3098210729181787,0.33714277884434884,0.8510367724144736,0.2660299674590272,2.6329674571198667,3.4334422171009837,18.728574483791334,8.515013633588085,270.42903072391954,1662.1594040924108,0.7198542704769554,0.8192344205030523
49,16,4.493643978323012,-4.493643978323012,9,134,1.4816900771262977,0.3986296121221736,0.7040411980843143,0.14326046807745232,0.7953091905937362,1.8239834633506276,19.682854052465032,10.586593485148693,290.12837191994345,2272.584192712165,0.8789036044614187,0.9145943746304047
50,9,4.652260235258074,-4.652260235258074,22,11,1.503275107255806,0.34527121747768064,0.7174662380639765,0.27699686669072077,4.239637526239248,1.452874030553596,14.044513237676513,8.384810502053389,362.16098848178746,1866.9689377918276,0.8913786463077427,0.8658331931183292
50,12,-1.2561469150328337,1.2561469150328337,17,11,1.503275107255806,0.34527121747768064,0.5548207012969623,0.24439532109931097,0.5164451344102869,1.452874030553596,10.116320641571294,7.726396797705178,362.16098848178746,1866.9689377918276,0.9429203363383507,0.8658331931183292
50,14,4.7145832439267,-4.7145832439267,34,73,1.4314648451477057,0.32562867555273534,0.6773805460325817,0.2116616319853625,2.1080051530937434,2.8117121661365037,23.752877678095317,15.456465616808032,266.7292429445506,1207.828202984887,0.7335408301211777,0.605489283451929
50,15,2.0629932843424035,-2.0629932843424035,8,79,1.4052184530243925,0.3402679415095967,0.8436255703131584,0.29959931718049093,2.3734849223415684,4.445230839477903,16.125159030678184,11.309482814954311,394.77549752968406,2280.498099226516,0.6787440434722687,0.6886446729595315
51,6,0.08928571428571429,-0.08928571428571429,7,216,1.340158752588639,0.22321390226450527,0.6900960578975219,0.28002488743156445,3.36786672512497,1.5018911735665539,14.77545519999262,11.447146923574296,306.23638076215025,2114.929664059369,0.5224858608319075,0.7154669510689788
51,7,-2.0844146812931754,2.0844146812931754,4,10,1.1251889572562066,0.1748506039785348,0.741333799995482,0.17026055044115948,1.1424762107642028,2.128913080819582,10.688458043646296,7.948611619438685,428.30946055321965,2315.476043149829,0.8062526996380651,0.6051169910725029
51,9,4.636067170071835,-4.636067170071835,7,116,1.2237241272770223,0.34310699541776996,0.6147638173346601,0.23283968216788034,4.007141557629971,2.1409272048741417,11.801079026281565,7.608633666185586,427.52010127993555,1195.3531869173676,0.885206049641338,0.5652301041588746
51,11,2.6394944034909877,-2.6394944034909877,26,216,1.340158752588639,0.34455863782387686,0.6900960578975219,0.1354227643212972,0.8255221992762449,1.5018911735665539,12.893017364979524,9.221731425186734,325.54904466267794,2189.719605339512,0.9011950826473117,0.7873978040890985
51,12,0.08389261744966443,-0.08389261744966443,7,81,1.052096059458329,0.399395246246543,0.5053459790586059,0.26850093207093356,2.565029036078649,1.8668840120077275,18.602335835841775,9.544651493901664,310.1425854579747,1358.5254781380754,0.6139280496169579,0.5557863423603986
51,13,0.2610472182117327,-0.2610472182117327,10,173,1.3243178145890893,0.29293728567769783,0.698912066235924,0.2868124004458133,1.825055225451396,3.135117987260688,15.755806812120278,6.744168794344533,419.22637453900995,2136.276925168333,0.8906147829687585,0.5775383365137601
52,5,4.551576397268528,-4.551576397268528,6,243,1.1630302902245073,0.36624109034251195,0.7015118134631777,0.23679243148512313,2.333784737140776,2.2435763262764863,17.66101560956066,11.807426843510946,311.95277464012315,2119.5291404302593,0.7841025359899331,0.5291946108513685
52,7,0.08680555555555555,-0.08680555555555555,4,142,1.2042399137557118,0.3074464419985183,0.5505534051665703,0.16315057353760667,4.783767002629646,1.0048567957416807,23.7164151000623,13.856267013576135,467.753439719326,1209.8005067084214,0.9839923177807048,0.6282641956536401
52,8,0.4063530825779056,-0.4063530825779056,20,76,1.171353043999749,0.33682938519148925,0.7020369417216776,0.2501198708151974,3.2705498669827517,2.382671709596435,13.145270796403928,7.729901659498877,318.5071755057542,2181.354907865723,0.9740824210412724,0.8623092862627885
52,9,4.718380083788304,-4.718380083788304,8,111,1.4645211506916205,0.3643760979627494,0.7116273483114837,0.18733576934695653,0.8601511537913318,1.6168952140909971,14.070786413503678,11.179840205200838,286.32762996274533,2528.629656453367,0.9919478361429561,0.6704492329060412
52,10,4.644196685604593,-4.644196685604593,12,98,1.4745594613488473,0.33241108329220054,0.6873710587071316,0.18238071929724375,2.032401904370602,2.7195205399050146,13.05612261333215,9.14364305919276,339.5982920681704,1710.4374559740625,0.8605892103193571,0.5027269529208606
52,12,2.2334127467415468,-2.2334127467415468,11,164,1.3115539126969205,0.35657367418288133,0.7352656469039165,0.2581594491808473,1.5170635202968186,1.6515048823255127,15.03002085324667,7.298509812061642,305.91340335505987,1797.7624553853027,0.9665630630580738,0.7667355237413984
52,13,4.718058580214999,-4.718058580214999,40,157,1.2126107710713614,0.34459238233007394,0.7362906944303241,0.23006657859730345,1.1709780719793481,2.4410815175724503,14.218654890462282,8.66657278609245,395.5408689345168,2045.8984897162566,0.8652451625815767,0.5409453701749195
52,14,4.7450854992730225,-4.7450854992730225,7,243,1.3583185989499982,0.39808375402135,0.8543576598530243,0.1338686670797652,0.9700864156168003,2.297491929998032,17.66101560956066,10.263215045805001,342.1071864660045,1811.2066329182344,0.7841025359899331,0.5291946108513685
52,15,5.011581110533811,-5.011581110533811,36,111,1.4760479467571814,0.3643760979627494,0.7303153860298801,0.2923887168019499,0.8601511537913318,3.012028870480082,13.705377909648483,7.67430644912928,431.2172325105421,1810.2810075200016,0.9919478361429561,0.9166139688335495
52,16,3.016741787187263,-3.016741787187263,10,142,1.333019266385814,0.3074464419985183,0.5505534051665703,0.16315057353760667,1.0861568203082947,1.0048567957416807,13.682549326019947,9.929254589679527,349.5161023478308,2092.0870326579616,0.8948275351593914,0.5663127797131546
53,6,4.828486233368351,-4.828486233368351,37,166,1.3437740011552557,0.33823072095593243,0.6709651398821878,0.23383974319003914,1.0788149141981138,1.5175041210600246,15.93182731035469,12.00647375486725,296.2381008805485,1123.5508290922205,0.8448983142740136,0.8387982199262285
53,8,4.658464345257487,-4.658464345257487,11,169,1.4339265275194266,0.3599184112490886,0.6637944050993647,0.22981042011883943,4.584019833680814,2.7683958967155045,14.547601936940616,8.285578386538319,376.77120339848716,1387.6330260555933,0.9377635532269071,0.5584993324541783
53,9,3.3740509815336157,-3.3740509815336157,17,25,1.271635112021736,0.18671795854984613,0.5161900119394103,0.24624848345792733,2.2954863253013977,2.3733494197403187,13.077974556350956,9.836596409946429,368.97955430906774,1827.3220950508091,0.8780458548198422,0.5113448911855318
53,10,4.782116484427574,-4.782116484427574,38,38,1.4756247031971816,0.3483150272921289,0.6864883469956475,0.2130760003640358,0.501384240908425,4.266806966152277,15.46877024784963,8.762138735263358,420.76353311658886,1083.5418274096114,0.8369110957589805,0.9301438616995175
53,13,4.802916721577388,-4.802916721577388,39,38,1.4756247031971816,0.3433846653160092,0.7035816608574768,0.2130760003640358,0.6809646395840665,3.60381852275908,18.9550392435464,10.582397366323113,467.67337923632635,1361.415943109159,0.693561739009753,0.8506310473041421
53,15,1.0764727079572305,-1.0764727079572305,20,172,1.4784691737468898,0.35289063795896003,0.8723948259978107,0.27335826570928,0.8115564684492309,3.3694463906853516,22.56368574461648,17.854062916710973,326.99544523852387,1772.9422726633513,0.7447709959156457,0.5277716788332044
53,16,4.944510551381187,-4.944510551381187,34,211,1.4121121673870802,0.39822155129426495,0.7961381280728174,0.2681202961773021,1.2748226703448369,3.6181742605262768,18.945011972566334,8.868092559801703,358.2630369454921,1682.5529118072677,0.755083128342681,0.9444325832183552
53,17,0.07739938080495357,-0.07739938080495357,9,141,1.5124095352142257,0.34838522382634146,0.7730104696020402,0.1812241297544467,2.5370951726734803,3.288984098816041,21.337126671475186,11.75965268414854,254.5301473324085,1056.821150061723,0.6899824289570105,0.6358014548912699
54,6,2.8739486880875496,-2.8739486880875496,15,147,1.5115090230948809,0.3736370679201132,0.7595800856141359,0.12711663495466446,1.22891428564498,3.037344792417151,23.340311314028444,15.957088385442695,287.81027157303834,1458.6349534066148,0.7557974469332454,0.7389074208381314
54,8,-4.367909036153639,4.367909036153639,13,193,1.4374380817125525,0.351039576365873,0.8919399332580569,0.2728138771271493,2.2438630844387375,3.028034014810104,21.31259167116252,9.376936957091136,368.2845737929233,1904.8928390369554,0.9561147833278267,0.9555617453147276
54,10,0.08143322475570032,-0.08143322475570032,27,99,1.481443038988475,0.36155925604571354,0.7796407983822795,0.1012942730568066,0.9204056195931292,2.2671944990389656,14.137994730938894,8.244545472054002,203.77512513754778,1203.9704660765121,0.6971727673611858,0.5202466212936521
54,11,-0.6313329309139455,0.6313329309139455,7,114,0.966762967988936,0.36509677693680154,0.5352844556398416,0.28287266624636825,4.212913022583669,1.8251829760184914,16.122476815193075,10.207966665283067,412.6128179990896,2015.7909296611979,0.6590370401570582,0.5956029956728983
54,12,-7.723950408495356,7.723950408495356,2,104,0.9800687560377094,0.27004722143346677,0.626920566894114,0.18745328639657574,1.5177575196360715,1.5912500513545904,24.864483288907856,16.65132512665128,212.56195527883924,1639.8110075656052,0.8298952290608665,0.9351712403552516
54,13,-2.596609554737305,2.596609554737305,6,6,1.4930622663565671,0.2729255582876276,0.8400663804941804,0.24412011623382568,1.8849573872108385,2.5637556734165523,24.254411870501315,10.219713650896413,239.34220824149176,2115.6887546043504,0.6693836969913761,0.8810178157776518
54,14,4.848703883431084,-4.848703883431084,33,148,1.2772543957940905,0.3910279514293744,0.7803789597654911,0.297367890316841,0.7287486272719335,3.415386360093105,18.857729901682823,12.205649124182477,310.47862450180617,1399.1499755325026,0.8140846271493818,0.8245047923415267
54,15,0.07763975155279502,-0.07763975155279502,6,171,1.3114032850679602,0.3124222680213897,0.4822963322673286,0.16419125240296126,1.548346544997284,1.9827454402309053,22.283378028032715,14.518820664867093,203.8808223270646,1091.2803671061508,0.661867547971434,0.6423139162361622
54,16,0.07692307692307693,-0.07692307692307693,23,6,1.0391709915968534,0.2404554124912499,0.729614577568774,0.1350224569662747,0.7149348270004836,1.6228716786397075,15.156315039568494,10.219713650896413,239.34220824149176,1154.8366543907737,0.7018304796046133,0.5178096308273401
54,17,0.07621951219512195,-0.07621951219512195,5,99,1.481443038988475,0.3672731294687249,0.7796407983822795,0.1012942730568066,0.6813900647716089,1.309502265681908,16.90027225472269,11.743758782957777,203.77512513754778,2753.532031737322,0.6903194866488923,0.5202466212936521
54,18,-7.606142000740351,7.606142000740351,13,11,1.3373397199646953,0.19864972514453494,0.7759120743519502,0.2724250590926447,0.6398500199587844,4.410547716256389,18.80148701250216,14.572344129716809,260.1314182500053,1475.429938469258,0.8482061532264453,0.5818686619232359
55,2,-2.3108358610654296,2.3108358610654296,1,26,1.4175815841518342,0.3102912034094334,0.7521023456007242,0.20524121673777698,0.9938157182186842,1.9516900251619518,15.893893367610872,9.32610372453928,375.69615663960576,2632.3283333331347,0.5021102358587086,0.7004982670769095
55,4,0.08503401360544217,-0.08503401360544217,4,236,1.2325489690196814,0.3613204457364416,0.8624489888392679,0.2820776051615725,1.7907386505845895,3.73782983199747,18.410027770819923,10.612623979454293,229.8608555731228,1494.2065602848638,0.793896903161458,0.5758507739306241
55,5,1.6745826043623273,-1.6745826043623273,38,145,1.414555080514773,0.32696035794863065,0.7538578928257673,0.17378789058008187,2.0056555669832257,3.128748319127354,14.28023421173432,10.01712359543172,402.27683991055915,1623.3734854343018,0.7366107479957428,0.6408915565650255
55,7,-11.418449374927256,11.418449374927256,9,191,0.9668825486851098,0.2519081737167741,0.6778386784432686,0.12364144048865844,0.9260462534544056,1.560491543177801,15.199269499959081,10.577057951444464,445.8052977185582,1584.0896251936574,0.501872838348085,0.9866110645014234
55,9,4.7157278836698575,-4.7157278836698575,26,41,1.4362244198828784,0.3223365600409246,0.848388438651378,0.19460662432084022,1.5812169320690097,2.2036645459069333,12.52523649170141,9.722784509132234,416.34498246400045,1087.0160507948597,0.812952628275619,0.5124845114940955
55,10,4.918327107955677,-4.918327107955677,24,159,1.5237247750751468,0.36861499276519216,0.7110092390150407,0.20456725201684442,0.9664332970980931,2.0110804276697714,14.021080961389897,10.674814436237416,317.4750925203374,2437.3957321368034,0.9722128477618918,0.6932712000751422
55,13,0.0778816199376947,-0.0778816199376947,14,85,1.475442481699794,0.3501068441679403,0.8107449568910912,0.2165616059777905,2.3544751765679464,1.827623241727986,24.566210771844535,16.805462718283835,316.0085274567585,1498.4096954022625,0.6435892479224372,0.5352621727169864
55,14,1.836127823975806,-1.836127823975806,4,68,1.3055958195937696,0.38920388106256726,0.8562023965006222,0.2358034369403316,2.2072377600707114,3.787016013578654,17.512144926808155,11.123127952896894,338.0936865012848,1992.5830358871249,0.7888620909991328,0.9154643699642413
55,16,-6.300275979065656,6.300275979065656,1,10,1.0935254119899547,0.3670945262536407,0.741333799995482,0.14228221567347646,2.9008553720767494,3.750181725290051,15.558792244904257,11.48423511441797,428.30946055321965,2315.476043149829,0.6319867207200441,0.797488233001741
56,2,-9.914675767918089,9.914675767918089,2,159,0.9678706479044162,0.17904083157509387,0.6070300666451317,0.2117393073435726,3.5106433240568937,2.2836041760092236,22.623101077647657,14.447422997184677,408.9632020668513,2067.2099475009104,0.9733848762247665,0.7403668103960084
56,5,-14.029631687921693,14.029631687921693,3,175,1.4353474707587293,0.16177863008110016,0.5371687149584089,0.25731548877355714,1.014007264428432,1.2153720579684146,21.158805959257933,10.309833984680216,469.17227515294763,2145.2134335116452,0.7741673398044435,0.7390132078012466
56,9,4.614029016744343,-4.614029016744343,25,56,1.4105624951091151,0.360098523163675,0.8306853594866146,0.28258811116752597,1.8462410121676203,3.6493792576865784,11.15181667973427,7.736663432960613,408.7521501659292,1989.292484290265,0.9087659860982309,0.7412411017225038
56,11,5.009484344095047,-5.009484344095047,31,128,1.3884320087462516,0.3596432123116188,0.7300474641594179,0.17586747419019724,1.5971153010014705,3.5546995790628486,12.07884489532324,9.215983908858412,419.3547097874262,1820.7222061891503,0.9563039398561446,0.9725729482396461
56,12,0.07739938080495357,-0.07739938080495357,13,156,1.3250964122357036,0.14526597403373892,0.8268612684376406,0.17035992281599927,2.586241296595326,2.8801901632980584,16.895295796320458,8.694044247944946,224.4991730002016,2144.4946395083134,0.9052309535153726,0.6688450748236594
56,14,0.07598784194528875,-0.07598784194528875,19,175,1.5025816436642765,0.16177863008110016,0.8607482224803782,0.14920388279351937,4.253848051425063,3.874343540337592,19.13555221006552,10.309833984680216,284.8895890031868,1055.5720828243816,0.7489695487677347,0.8525672062568794
56,15,4.839375405217091,-4.839375405217091,10,249,1.517934850064754,0.3267646950567879,0.77527942216054,0.2682583982862308,1.6627172283241745,1.066694191571122,15.584503773199966,8.596584278839746,332.43136113355126,1370.6756856345478,0.9586711203540239,0.6322839868566863
56,16,-1.8073695073972829,1.8073695073972829,17,69,1.1781736362836102,0.2517337450973279,0.8873358089406382,0.2554630944921236,1.1006279465633733,3.1240037456828507,20.858310303498428,12.840237282130511,254.73028612932535,2326.7621644204455,0.7651673525206338,0.6568552438796613
56,17,4.8154808438012076,-4.8154808438012076,10,178,1.440847757751255,0.3659922868510385,0.6595598175184936,0.2160434857320726,1.9613403839488803,2.7207366823669648,14.610125408277996,7.501056046412193,363.08297335481984,2061.6098936550466,0.9795145289114192,0.6070497696374015
57,3,-9.916943521594684,9.916943521594684,2,232,1.441070484534739,0.20036045824716783,0.6283837988935147,0.19838342535892206,4.902798230661619,1.0571768905770096,24.53432816378483,15.08899528203651,301.531910596667,1291.982433254691,0.7507235744693692,0.9559312727455319
57,4,3.2273422568316494,-3.2273422568316494,26,70,1.4513171862236516,0.2620749550413514,0.6157590347273179,0.08715118866978662,2.024540022884226,2.555040377869315,24.673722116201603,15.15391208606125,243.5561476236892,2406.5009716086147,0.8389297254036311,0.7562752367331042
57,6,-0.06386051365562828,0.06386051365562828,25,87,1.4566146495352175,0.3862277801213979,0.6660820918258444,0.29110681681536277,1.233759841433219,4.065873807944447,18.25429997238829,8.542323144896583,496.06105079438237,1996.821146032289,0.7193775020410206,0.877584455517588
57,10,-11.977603214933911,11.977603214933911,9,135,1.1269213189672393,0.21527573401757397,0.6976034717391129,0.2327875012746317,0.7498319404764744,1.490437528118289,17.013772004902982,12.230554145661696,428.78850515568007,1457.579988512266,0.8731050759418681,0.9137848122956651
57,11,5.0080071950914835,-5.0080071950914835,31,77,1.5157201428997398,0.3996199384453983,0.8394851424270688,0.17599463745160832,1.1267034270586322,1.4447899310257977,15.540525687502932,10.08621604949517,335.31197186514487,1190.5573314740464,0.884851196203595,0.7237667039424879
57,13,4.979636475114592,-4.979636475114592,21,96,1.4778225942012713,0.39991807225907094,0.6601865703389841,0.2673068191889699,0.9301230726110172,3.122422689503318,20.298115694665334,9.272947416712382,332.30687214808717,1876.669396190489,0.9944037981506528,0.7888930638026637
57,14,4.9872061996956365,-4.9872061996956365,21,82,1.4642828375316053,0.3380386647845187,0.7007475163948536,0.19120856492415148,1.1158937376304463,3.607109691276605,18.03694719254726,10.157864816279162,486.837721615647,1489.8987862519832,0.5011044215528393,0.6144052004511876
57,17,0.4253343019273137,-0.4253343019273137,27,45,1.3126828353354472,0.3860053386045067,0.5488052381529305,0.2360619689487806,0.9386634844870769,4.3898726393071605,20.698645871101032,13.587149875783242,295.93830563335155,1320.7910599171742,0.8115045677795125,0.8497734736035638
57,18,4.843588199259588,-4.843588199259588,40,110,1.5110495853627828,0.32602247781601706,0.6644572833801177,0.2777998844836264,4.752683473130734,2.6992875140955044,13.582659227485767,6.7994557079393525,479.12140905224146,1729.0173361178697,0.8936616926687251,0.6154644928115708
57,19,5.087109012892039,-5.087109012892039,22,96,1.4778225942012713,0.39991807225907094,0.7001418756563897,0.24232624325395924,0.9301230726110172,4.2887841851025446,16.773526715881296,9.399005279610801,430.9058097327063,1876.669396190489,0.820796624837598,0.7068553705873316
58,1,-11.18880046923649,11.18880046923649,6,166,1.097380921702062,0.21662715198292273,0.6321375361728037,0.2662190588055386,3.226752558874875,2.735165577160119,16.24085893945725,9.514531082738817,340.4470054428406,1669.6366801484614,0.8574804765798408,0.8615241195002254
58,2,2.2111694976951917,-2.2111694976951917,38,185,1.2705251391636865,0.3011310366744558,0.8549032365583806,0.10239484037827598,1.3502141047885083,3.510551505162682,12.67128677331819,8.338108128407974,457.6137525625304,1522.6162653227366,0.7540341504468117,0.518888911711116
58,4,-13.192521243122114,13.192521243122114,5,166,1.097380921702062,0.22840475958001233,0.6321375361728037,0.2453967099634407,3.226752558874875,1.3869605344383575,23.57195650881964,13.595465776373974,340.4470054428406,1230.207328829833,0.8574804765798408,0.7498691210551827
58,8,4.6310238114890065,-4.6310238114890065,36,59,1.4474886881885134,0.35133784823709113,0.8937301637617061,0.2504781168105248,2.984789406618252,2.83888444455858,15.697096655403474,10.62438080789552,298.64014409909583,1374.1344972896118,0.8405959267596896,0.5616855356186434
58,9,2.754821853138374,-2.754821853138374,32,87,1.5219726350166307,0.3788149056608506,0.8563798848751997,0.19721355416966035,2.3418571915283346,4.4470416638410475,16.976218733390496,11.99748299178737,328.0883931959966,1996.821146032289,0.8752462011832526,0.8024469426358698
58,14,1.8525370045995366,-1.8525370045995366,29,185,1.413808624300427,0.2769294691056239,0.7659785228331338,0.29657478329625625,2.508342412669733,1.3506579285801679,10.453626183519226,8.338108128407974,324.5630616101687,2326.1913224936593,0.8107608683735237,0.8935746631151231
58,17,0.07183908045977011,-0.07183908045977011,21,63,0.9451757461486923,0.3762573761347237,0.6117370116963253,0.25580683617832245,0.5316892791794197,3.7397992241724736,10.021351326824057,5.92606455614282,306.7540494737585,1838.4116872671925,0.5217094828109576,0.9443168803368178
59,3,-9.919614147909968,9.919614147909968,3,243,1.3044044970382502,0.2245867701832302,0.6228829711675644,0.15434613730039393,2.048177518416196,1.3528229134525056,14.224135163240135,9.04088626243174,256.6067724037711,2575.7536006864384,0.7431889889261831,0.9791407312356388
59,5,4.779373922639689,-4.779373922639689,9,72,1.3541423280318323,0.34352958039063336,0.5761743414670315,0.23747554138370908,0.7400452438206937,1.1574133061536098,13.51870775283843,8.955262390938913,318.7566114289171,1729.531150204355,0.9425010719011969,0.9269186702190235
59,10,4.639499037889282,-4.639499037889282,18,150,1.196652886475318,0.3498426819413373,0.8626580307669968,0.287060459722232,2.0998102098534908,2.7669193373464624,13.972349544865503,10.557474266039792,364.1120302862251,2353.021170947449,0.8336762936378579,0.6355489709278789
59,11,4.952486941309488,-4.952486941309488,34,72,1.4968248933661594,0.3469176139659881,0.8902051282649498,0.2644022672732036,0.8457097545781869,3.116115989166627,20.036104378365444,11.446373361375528,353.5654655135954,1647.512175087518,0.7421739545068383,0.7733550540291265
59,12,0.07396449704142012,-0.07396449704142012,1,82,1.509117527358234,0.287424364797771,0.8669613076373934,0.13852556377649308,4.789780225604773,3.6733228005468845,12.022306094877422,5.276198910549283,435.2437250316143,2760.61456091702,0.8388246698305011,0.5167686166241765
59,13,-8.700988079762237,8.700988079762237,11,150,1.0370154135244725,0.13933519649131576,0.6445252620456129,0.26341940378995987,4.173538221636487,2.8755492359628607,23.036555025628726,11.155002967298046,424.53949205872266,1665.6922715388948,0.7756466419978854,0.854137466483764
59,14,4.929068950836967,-4.929068950836967,37,62,1.499453440474,0.39230189978676566,0.8509002058494516,0.2626850265955905,0.5629881358935847,2.0374722232765983,15.849071577575357,11.081663017701409,366.4914210882874,1301.1626394744094,0.7581506358512863,0.7829842089738763
59,15,5.057160618017788,-5.057160618017788,35,131,1.5055254717977862,0.3484661069865231,0.724482959838273,0.18692728729692518,1.070772308352397,1.6073090359208537,15.326320160143176,6.719484600070808,429.58213039213604,1307.9419045248028,0.9006921823678247,0.865970890310506
59,19,2.125907937777254,-2.125907937777254,6,104,1.4042634874724655,0.37467464862848576,0.5116258423122627,0.24136825427541064,3.3130569327201767,3.1869801411453045,17.203090691065572,8.160967264390646,342.39362289306547,1639.8110075656052,0.8396532428712474,0.7035898547615802
60,4,4.825129588313269,-4.825129588313269,26,167,1.4465705731266096,0.36171814786381074,0.6701609556205157,0.20455600018820325,1.5233079064375192,4.383262794965285,15.318693475403474,7.547010841213819,403.6540582325787,1150.2819713400286,0.8264013106297059,0.9374283317266673
60,5,4.631061052845958,-4.631061052845958,33,119,1.24681616745163,0.3341643189531865,0.7167906180869198,0.2484338981289299,1.9793493828394426,2.7467358076685384,21.0982309071835,11.848418971462806,296.34739364277345,1390.4577377831868,0.8987560462275557,0.5054451760295452
60,7,-0.2023046257516875,0.2023046257516875,19,38,1.3011317017988444,0.13934482557283306,0.8079130472918973,0.25051934488100386,1.376748918414807,4.266806966152277,14.998684021462893,8.922854333227274,293.07287542701886,1712.4813818069229,0.7666484101106823,0.5819630010960141
60,8,4.59342336142669,-4.59342336142669,23,189,1.495900379605465,0.3635189113759618,0.8905214711825673,0.2606312945096263,4.5196338752303635,2.2361914489308052,15.097309259231917,7.234514620623784,333.22937030311033,1777.396617724573,0.8807672566368978,0.6815902577435624
60,10,4.576625034080612,-4.576625034080612,37,171,1.1924900604158424,0.34751935302415765,0.7068534115763463,0.14750673881932613,0.6161775038923891,3.08978302768916,17.01168867955365,11.968146183431358,301.7175238551573,2920.245932580976,0.886715455549212,0.6400889140311937
60,12,5.017702095705159,-5.017702095705159,25,193,1.4290950671904081,0.3967232178747627,0.6345810785684791,0.17848922622263003,1.2171145312496612,4.391998961989556,13.649105016799414,9.398711178914045,435.6361320861371,2472.7047027284875,0.8643079180137541,0.9368930534003451
60,13,2.5270501581279006,-2.5270501581279006,31,208,1.4735585143380134,0.37475121246274745,0.8661803463853928,0.29966436791034273,4.078955454155037,1.4078152293644621,12.199393744194367,5.827217089986113,468.60152991318296,2714.918508836364,0.8370252583823294,0.5475472802127712
60,14,4.797270125571391,-4.797270125571391,28,226,1.4522386984244908,0.3371783027357802,0.6948472256422249,0.2706199429624175,3.9754488227660967,2.156775799755435,10.343449965736681,7.342322407007427,437.0778331110298,2472.8970105419453,0.9941025205124339,0.6361653898532982
60,15,2.0311838056889147,-2.0311838056889147,36,28,1.4621807379882479,0.3702130233132324,0.679446335956744,0.11261554276817999,2.0905171398827314,3.480448656834948,13.278397686769637,9.378538813915755,301.6451412444451,2160.1910342540023,0.852862919802871,0.6649966959387095
60,17,4.985218913827643,-4.985218913827643,39,167,1.4465705731266096,0.36171814786381074,0.7394202558047848,0.22010733490468395,0.7158063263874292,4.383262794965285,15.318693475403474,10.646478923256739,405.26588409789673,1113.1845679465598,0.8264013106297059,0.6743818183481726
60,19,1.4555766077538754,-1.4555766077538754,16,171,1.1924900604158424,0.3862627014486729,0.8605542207027632,0.14750673881932613,0.6161775038923891,4.336704567113777,15.112511073594819,11.968146183431358,301.7175238551573,2920.245932580976,0.7365864325709095,0.6209827989061546
61,8,-1.4970443541830676,1.4970443541830676,10,126,1.3444512786595038,0.30341748179436967,0.6866315062107067,0.28581149842705156,0.6955559843673287,1.1869381519291444,15.16577345334628,9.378481993853784,429.8235901089563,2083.907661272723,0.8741199445066101,0.6601903314590695
61,9,4.889860476461249,-4.889860476461249,35,206,1.4914614870420007,0.3163253500641132,0.7314425159287312,0.09176834888484245,0.8681451369823536,2.6607203073014283,14.62398662282753,10.099166567322333,389.12492804793555,1351.9640610234133,0.7814092839953055,0.6090292393287446
61,10,2.370483585087661,-2.370483585087661,25,102,1.4075718910037864,0.3690662097806249,0.6468380855194373,0.273080293915998,1.2709918980291572,3.6966883646224473,11.807114320703768,9.260142343176028,462.09045034783117,1810.782009589134,0.9035973599261968,0.6377735351355431
61,12,2.830713565780246,-2.830713565780246,22,193,1.308004675262684,0.31457260608997323,0.7337704310541966,0.23331391267503654,0.749579056129289,3.704122285204922,13.649105016799414,8.612388264873644,429.452901404552,2038.1126429799074,0.9081716250083844,0.8832110106399649
61,13,4.840497769207314,-4.840497769207314,30,170,1.5129823510927682,0.34474994279389326,0.6698426574352316,0.2800223268860179,2.7592926839510237,2.4884037811792865,16.984101216833178,12.744185787113285,299.0944584666683,2999.1863659795217,0.881403106785992,0.5999212088880076
61,14,-5.563219694491433,5.563219694491433,15,60,1.3213406619548396,0.31273670934869496,0.8551627937679783,0.2368510435587195,2.773173602347911,3.219363204362445,21.429119929634354,15.124558568749855,375.6916530042719,1429.9260889740306,0.5054227069807593,0.5044784666347072
61,15,0.0700280112044818,-0.0700280112044818,5,85,1.140771302863229,0.3501068441679403,0.8107449568910912,0.2165616059777905,2.3544751765679464,3.2179564414574684,24.566210771844535,11.720688128254938,223.11762750429682,2421.372095537697,0.6605826429799938,0.6438672728458443
61,16,2.3925024001307014,-2.3925024001307014,10,80,1.3834636370638134,0.2992867636991553,0.8087420048163959,0.2920254369117655,0.5672799536255257,2.290580769274217,13.875011655380941,7.691231228071597,498.4812565448548,2348.6049514705687,0.7023706192234251,0.864539527437475
61,19,5.094688489789686,-5.094688489789686,13,0,1.4305303887643774,0.36176214513930044,0.810435811644675,0.27358967139526436,1.0571820073639717,3.6937850702419595,22.109759481960708,12.880969491634751,366.781774995593,1357.9092784989723,0.6708693805210322,0.6360503813614289
61,20,2.6532093444746225,-2.6532093444746225,9,248,1.470427629511903,0.34393714266929754,0.7676606857923278,0.23829524990007153,2.6386004764046342,2.909070995905243,15.724170535071817,8.70475077517326,313.3415096899983,2258.5101989278387,0.9405153436918647,0.773485796926465
62,6,4.661007886946437,-4.661007886946437,39,214,1.4908269685875835,0.3376096001278591,0.7372401674333284,0.23076297468005103,0.882845156910748,2.6263317619704543,18.619856024685777,8.082481417124644,387.0811223506238,1591.5117776418615,0.9374999355745373,0.6500653553859642
62,7,4.605786056018649,-4.605786056018649,31,109,1.391298644975047,0.3791900805125587,0.8410251245051943,0.29144139384384044,1.5811875064353427,3.6545017712940124,16.233875137828434,7.603857419906678,348.09129623340425,1669.8002314983164,0.9283970518819457,0.5953148488523471
62,13,4.676028838872189,-4.676028838872189,32,144,1.4150268787896518,0.39627698218606877,0.6787671628828338,0.18271617142477503,2.6340866510298433,3.216281599191053,16.85957356910325,12.530767740957032,224.92791227335522,1815.517520696716,0.8856345415280389,0.6161883054383602
62,16,4.927829026880621,-4.927829026880621,33,183,1.420360202602677,0.3709372472094573,0.6243937652192602,0.24367492867749946,4.248269059833103,2.333667742662152,14.1680632893576,10.571537621448524,377.38282406635733,1256.4670353619924,0.9580675823097435,0.8575393691615409
62,17,5.133516126117016,-5.133516126117016,33,4,1.3185340935384184,0.3820382597831983,0.7081551225553916,0.2878282891160079,1.2094188925221265,2.1522562556427065,14.933649768741907,11.18358812330564,325.31254406455133,1350.655817497907,0.8942267811323836,0.8227570888641607
62,18,0.0673854447439353,-0.0673854447439353,12,195,1.4242203907436544,0.2926341686665369,0.7279658793151124,0.19398000173261323,1.6187731702288946,2.7615111414890867,17.785152237166084,11.106274588213132,222.42973348438704,1584.4610653393786,0.5446132571841278,0.575361874995139
63,1,1.3694517427529065,-1.3694517427529065,37,200,1.383201343050199,0.33730021385116016,0.6895106051541016,0.1875961094549443,1.4107587823003742,1.6693926222128272,14.19475232201226,8.262352999796494,467.4013838405005,1667.0534101390003,0.7970392539199793,0.6840979775298712
63,7,4.199487094176139,-4.199487094176139,7,206,1.4914614870420007,0.2562826711091071,0.6997371194999984,0.17171789269686472,0.8754293554858215,2.318804293308494,18.8882422659774,11.488576102507006,308.79828447965645,1596.4342992402023,0.824859015325788,0.901406524948281
63,8,4.694365327002102,-4.694365327002102,10,138,1.2928680805605488,0.36920493066966,0.6790715493223578,0.2999689779279455,1.38448769923834,1.8177379953913029,12.592005957667286,7.2420568308715065,394.7939298962524,2138.2459697687045,0.9738062854474767,0.591240913170202
63,9,0.5596118676472637,-0.5596118676472637,10,151,1.1801618106906342,0.30531124855212727,0.6675052427025304,0.2264264009334147,1.7421751856708267,1.863338939815831,15.778505645442522,9.81563052905839,362.1988022185223,2393.7456069553264,0.9005599170076091,0.7990021036402306
63,10,0.07102272727272728,-0.07102272727272728,4,117,1.3957524782051212,0.23676940052791173,0.7345542618187704,0.23261652931356222,1.731354439703982,2.6870359983773815,23.397286095819723,17.94967097269165,226.70973318910433,1387.4517725917153,0.6895140367116797,0.5885201336364839
63,11,4.816441944956432,-4.816441944956432,26,206,1.4914614870420007,0.39050361678603995,0.6987276139508609,0.29906104733800914,0.8681451369823536,2.6607203073014283,23.883856248051316,11.488576102507006,308.79828447965645,1351.9640610234133,0.5983189523103377,0.6090292393287446
63,12,3.096990925420504,-3.096990925420504,12,48,1.425723181103556,0.3876780029700235,0.7312033794326668,0.24561496013671885,4.950832819578994,1.6444177536260458,16.173761216405143,10.01893551068268,375.38492168955383,2395.005601383721,0.857564790657209,0.5923610006615135
63,14,4.860262122272505,-4.860262122272505,32,125,1.2032174072335318,0.37828319525863036,0.8543517453006273,0.2374071543768233,1.9973764679880532,2.864730055546622,16.585429516774308,11.283837625205623,323.29147214011294,1917.8074514725276,0.9308337744007641,0.556178273012564
63,15,5.170440128994433,-5.170440128994433,31,107,1.501748129704533,0.3670177657725414,0.7032254023281805,0.0834360678101023,1.0627835944745676,2.1368493416844827,13.816125576649151,7.561652088202404,420.25714657582864,1888.2846588475209,0.9949575563842432,0.9825239822707318
63,16,5.0106389735532755,-5.0106389735532755,38,141,1.500994662634999,0.34879279560364107,0.7610655376028994,0.2753493084711515,0.8932736284788447,2.321415594602963,10.733882852578322,7.419595212483297,457.4466211736984,1576.8340737985332,0.9682633028910715,0.7690420872019069
63,17,4.205790077238671,-4.205790077238671,13,14,1.1807679738001857,0.3940635540413772,0.7070913387026666,0.21083223922899003,3.5218243797794173,3.035079098094995,13.163892738431713,9.968072607091253,324.5485322213337,1546.0139877963811,0.8394039970640538,0.6031646173275611
63,18,0.12741824739580565,-0.12741824739580565,16,42,1.307625076819585,0.2671465439976644,0.7580416690249212,0.28219182655640374,0.8999892482202094,2.1004304549329955,12.531485775636703,8.067008681605444,393.7442836076856,1241.423996336925,0.941843981855351,0.636562525735688
63,19,4.885544442390611,-4.885544442390611,10,1,1.4721757424417905,0.3971444962170641,0.7062413265151972,0.2265578145174393,1.470668775266985,3.0146090802869665,16.722013110562063,8.571587650330521,345.30196535746217,2268.3537279549937,0.8953624149383002,0.6720929154968618
63,20,4.660898186688948,-4.660898186688948,32,48,1.1348863257242654,0.37061175572238275,0.8655253591068156,0.21247301539995747,3.7225868475269355,3.8556786496512205,16.936952888329316,10.01893551068268,393.4141459019394,1836.9942073465754,0.9483534881811037,0.5995927025247106
64,2,-8.181081945037677,8.181081945037677,6,122,1.45866345660147,0.339072132565604,0.6259139480770357,0.23837122466983604,1.696072999034784,1.9322434063729745,24.04846921802274,16.369808788216115,381.8250172117555,2191.1829236747603,0.982154952102349,0.744199845965809
64,4,4.5828959176880755,-4.5828959176880755,16,71,1.4682953161750958,0.3886005125716476,0.742402945064574,0.26912291982007963,1.9523605499280379,2.748932845885556,23.102910076507527,10.93894522046012,229.20647806784527,1577.3669720191451,0.871683657768688,0.7536965651409
64,10,4.033564913227369,-4.033564913227369,39,196,0.9697850838462081,0.3943238905250853,0.7834938993281858,0.20707127953750912,0.6190080038646606,4.037515144751026,17.6974227463453,11.152388014699566,406.7723658924162,1245.1522075375033,0.8250263077915344,0.9045440200095745
64,11,0.06944444444444445,-0.06944444444444445,7,83,1.4693687711937287,0.179878747286049,0.6460578684201974,0.19279552374377745,4.101898421962992,1.373665201326836,10.872134896680198,7.544199619406137,326.77387114070166,1408.7213871856097,0.7824945942105033,0.7690018474223991
64,12,0.06887052341597796,-0.06887052341597796,22,221,1.4939917476825872,0.3630885819171775,0.8261329520593423,0.2636767335410424,1.432295333116054,4.25995975344968,12.587915582644815,6.60766376510995,334.5033314450725,2029.0040854185997,0.8182895093130836,0.827801653454767
64,13,5.1956900314462064,-5.1956900314462064,39,13,1.5202227505199524,0.35863518649102827,0.8252796742923192,0.2906812997891187,1.9343940659034455,3.8525450218634645,12.016596175069088,9.322125429644624,484.06191660404784,1581.7372820924384,0.7600009439726083,0.9415569873607261
64,14,4.723355149378678,-4.723355149378678,27,83,1.2552583496430647,0.3257156584227795,0.7145399243232675,0.22157262854475393,3.5710764806338027,4.047550768040477,13.076125257622765,10.078585753274014,452.63233993784183,1832.1286810558227,0.7994590155689996,0.5758161474273884
64,15,1.978186115825313,-1.978186115825313,33,5,1.3098210729181787,0.3755764889662724,0.7232601785259926,0.21372963993998725,2.6329674571198667,3.4334422171009837,14.634574217356686,9.056125894240962,270.42903072391954,1366.6389062716717,0.9785495438381457,0.8192344205030523
64,16,2.835946835813812,-2.835946835813812,37,228,1.49413635854764,0.3237891884228713,0.6552696235933348,0.17360007044031295,0.6896688569451448,4.436944894892612,16.041797144584226,10.909031894453047,379.68986023092697,1664.7707126567618,0.7945886584032644,0.7971819235903348
64,17,4.785627230590162,-4.785627230590162,30,245,1.407097679753929,0.3925880657770333,0.8268716762610056,0.2373113671706218,2.378523229387324,4.419609046140408,11.449438508979917,8.8911410257824,388.7654870765364,1134.0869674176374,0.8964447311050179,0.6010022362045678
64,18,-2.8943194008967605,2.8943194008967605,15,122,1.45866345660147,0.25804466443392243,0.7916037186758118,0.2134898068053637,1.364539712375018,3.9724602419818575,24.04846921802274,9.730328345183265,273.14569524632117,1101.892100905979,0.982154952102349,0.744199845965809
64,19,0.382553094274769,-0.382553094274769,38,158,1.4731760696543477,0.3697878056922592,0.7874892992284139,0.1812774340197057,3.8425611381465923,2.7450190344818335,17.599673209858164,10.797489533966692,306.88713124078,1233.676372922434,0.896878315339585,0.8543900801070134
64,20,5.0443677837512375,-5.0443677837512375,23,4,1.2610537667563142,0.380000542928007,0.7067737862391346,0.2878282891160079,0.7716674767111276,1.813906644604258,14.933649768741907,6.482475618580207,469.1138262487657,1350.655817497907,0.8942267811323836,0.8227570888641607
65,3,4.803400203460701,-4.803400203460701,40,230,1.3339141904420282,0.3330805857968533,0.6190010491481387,0.1972287881709706,0.8392920004459978,3.9865270152631607,17.99141498213052,12.084659122178111,414.30381700857333,1075.2329356627943,0.7086294140633465,0.7641875826570581
65,5,0.07204610951008646,-0.07204610951008646,1,227,1.154866567566991,0.17670242246240378,0.8752042612060904,0.23496209343895316,4.693021111190319,2.0346830124035478,13.277023578993976,10.132761870510876,375.9151461534202,1053.2046165317297,0.5588961653411388,0.5760426130145788
65,6,0.07142857142857142,-0.07142857142857142,7,217,1.3798405336350712,0.15695804248647505,0.6373591767624021,0.2653715994427527,3.8953769104311355,2.1664197934093345,24.994972580968252,14.049361951376913,458.5906922394953,1348.370957890636,0.7382229439599574,0.5964404064901958
65,7,4.674732550883156,-4.674732550883156,18,209,1.2436035333914475,0.36461448203749497,0.6613974559844156,0.23328549579581045,1.7491003378848637,2.0954260403197047,18.41757004377683,8.09490170614399,352.26822026893836,1591.125164330817,0.8224118738864545,0.6832038543016993
65,8,2.2564678451424203,-2.2564678451424203,26,210,1.195783889169923,0.3604448114169866,0.6623201674539707,0.28321877446010535,1.3894665035084106,1.8435811931597885,19.634440130035635,10.504202412630422,324.1653276062539,2097.753699236949,0.9057840880041614,0.5898155192357926
65,9,-7.536484273023561,7.536484273023561,1,194,1.263283136427898,0.3185904702544212,0.7220036479020956,0.28427683640968104,3.5707319946959615,1.0520082170052232,17.51514519823972,7.474979339812046,346.5794942039558,1775.481028482318,0.8503569497548641,0.904798616936457
65,10,4.9786305652043925,-4.9786305652043925,34,103,1.3192343959685684,0.3928123519693414,0.5877403729946543,0.27617947780997754,0.6853722744886519,2.5562345649081313,13.467769027765176,9.627522424413739,459.52717223434604,1259.455003393669,0.8011194719442012,0.8512403947869314
65,11,5.0159769144090385,-5.0159769144090385,34,177,1.494953090440213,0.34044344660981135,0.7051645277760054,0.241295193762787,0.8744300925022486,2.1022382102316985,14.85510215457953,8.922100354954523,366.95114873779784,1832.6298625312506,0.9486213392376688,0.7308130900792611
65,12,2.4795143115761555,-2.4795143115761555,19,242,1.2404927933030159,0.38270262314627496,0.8585064023830784,0.25896545996101694,4.8616280324316605,2.638144777398996,17.589636405379007,10.036226796129586,371.30803088785115,1374.5170773473938,0.6875245115349734,0.7323552461039784
65,13,-1.830719676452806,1.830719676452806,9,176,1.1305624423495089,0.21972982405519148,0.8608913967056964,0.22117812966405612,1.890150777124739,2.702141077719868,15.110844995617331,9.413453795522429,313.23064620374447,1551.6084731066355,0.853658645696642,0.701037478454322
65,14,-8.928455045972314,8.928455045972314,3,182,1.2372361917275487,0.13035414809501925,0.8850945538391852,0.2936236553169419,4.7694266271999135,1.478757788368177,19.550786781193644,13.565807597772721,320.2585975099877,2968.8242089665214,0.7390564344003097,0.8912096497103039
65,15,4.8390780120944346,-4.8390780120944346,18,95,1.3155293440760853,0.3828539791465604,0.6090950288042147,0.21452323956710145,0.6812549227972733,4.044462693897241,15.190201259072435,7.748078312660599,460.14870408580134,1673.5830644330156,0.8778066075784439,0.5193466229742485
65,16,0.06578947368421052,-0.06578947368421052,9,174,1.2649457773395347,0.24202030638457242,0.6990289397483799,0.19888427949258883,1.436428566673128,1.4372041022209443,13.355121057905546,9.612114942097719,286.9940016326776,1548.0786988429822,0.672370069117861,0.5380421458535732
65,17,-4.33991152145772,4.33991152145772,10,194,1.263283136427898,0.3696466277828685,0.7220036479020956,0.23414459865795903,3.5707319946959615,1.9268201132688767,15.970818052887056,11.40026430447104,346.5794942039558,1775.481028482318,0.8814451441663025,0.8995481978853261
65,19,4.355988370544344,-4.355988370544344,29,192,1.3908187047208498,0.3479983120236831,0.7866090298534809,0.17991742319839485,1.5904883750382717,3.2648359708410544,16.180636169487045,12.338575243211594,326.1616834320952,1587.846513606185,0.8320200865325764,0.9948619287528158
65,20,5.102267208715583,-5.102267208715583,35,128,1.3973296752384146,0.3596432123116188,0.7521799406360024,0.23381828561043333,0.7778010982959578,3.5546995790628486,15.633925113034184,9.71421436973418,387.19657355444707,1019.0265780865792,0.792383291116313,0.9986501545015314
66,6,4.400616154384976,-4.400616154384976,9,118,1.0647093493274444,0.36486831870359915,0.7686778511296597,0.24541082122441676,1.4020167076828134,2.3089528717774233,18.03079434158342,7.536990349656244,374.7967697983739,2337.872982917927,0.9429783259810112,0.6630620253272355
66,7,4.960099496036808,-4.960099496036808,39,21,1.5093852322317778,0.3227594391226032,0.6969914550395637,0.21456979975045143,1.4204795142880948,2.9655109378649147,16.24990593722553,9.27888555289409,415.82941362148983,1074.6326013059424,0.8242220020522558,0.7089777575386024
66,9,2.7349503494924843,-2.7349503494924843,25,128,1.2534012591664188,0.38664446313779743,0.8432437742601939,0.27780901335905295,1.18097247382509,2.5650449684933667,12.366147128798001,8.750445740281155,491.7454229406793,1254.1677078429461,0.7573436858255942,0.6277365559566327
66,11,5.143017038842,-5.143017038842,40,109,1.479785822235741,0.3507577662872436,0.6787723589383035,0.23394933688471709,1.42713134865798,4.308511444311943,13.286301183195718,8.245408843173076,477.3451810534937,1756.1410488493814,0.9536777061369008,0.9085840766802427
66,12,2.248979455257991,-2.248979455257991,9,84,1.0746399375094995,0.37058398931906344,0.755544347045306,0.1772433871297463,2.748240907796567,3.1330276201213807,17.406189647911173,9.836155362166224,328.50685543644107,2968.0347012343736,0.9516545228034535,0.7029287227221896
66,13,2.2684100585201934,-2.2684100585201934,14,154,1.4654246403780309,0.3213825929778689,0.794199378345542,0.17971732992784512,4.7721461868215975,3.1593602564155483,18.57121266228057,8.753570129724823,338.6134009436255,1897.1083719478636,0.7275320546120041,0.5656343829733423
66,15,1.8957879612436694,-1.8957879612436694,33,240,1.1537115335548573,0.38559051351284157,0.7810778051328098,0.29291905125531265,4.908382806500221,1.4547891817850611,22.61007532894046,9.175690193936783,244.9663562507555,1376.3244449409908,0.9616802805324123,0.8832952959014142
66,17,0.06443298969072164,-0.06443298969072164,16,21,0.9666850614098171,0.38487403058145386,0.7689383072841846,0.20526602854987502,4.571556117435438,4.0999204815085,24.611071409236846,14.730889476756278,469.27054342819736,1200.3569696878485,0.9899992641074664,0.7723822271580233
66,18,2.703476025493686,-2.703476025493686,33,250,1.490151522647544,0.3822115961820687,0.8090557568792339,0.1974538498502264,1.4238606070587676,3.5515729242570413,15.797466338630237,12.383726101726955,319.19213572564894,1729.4848191461792,0.8472895331448911,0.6692765229712998
66,19,0.06345177664974619,-0.06345177664974619,18,75,1.1889865516607294,0.37490986119605973,0.8918382080958596,0.1985652578658449,3.9682323561162,1.3741356424843054,13.444761652136897,6.883038304725726,396.5684784919372,2253.413265141362,0.7257221924049302,0.7575308769583764
66,21,5.0625,-5.0625,36,97,1.3559048734510628,0.3558803847891113,0.8693147423901133,0.2456405694718281,3.9284051792660097,2.364383007367991,15.782817690702677,12.071411550899002,318.39929839354375,1365.2411200955796,0.9658567111175556,0.7762854471317486
67,2,4.601764784616845,-4.601764784616845,39,185,1.2705251391636865,0.3345842777895212,0.6825702287196518,0.24741003294564035,4.762024035483687,2.8129935400375112,13.778098020563547,8.21575305374118,457.6137525625304,1349.6828364892253,0.8481083137423621,0.6894723902717388
67,4,0.29797933413408906,-0.29797933413408906,22,228,1.2607025673075343,0.35809125317648416,0.6527579543722797,0.12182281002923091,1.9332933115779947,3.925851690546834,17.826609451765822,8.260663921104035,474.84189603874387,1664.7707126567618,0.8089904820240905,0.7682056026821382
67,7,2.4696341869981886,-2.4696341869981886,8,179,1.4223936034521507,0.288848217563655,0.8074530388039793,0.1847779911695738,2.1255613575694827,1.7212817626720889,13.213804306826475,7.781138073275649,369.7700123671948,2621.6579848215524,0.884782518697548,0.577193140958614
67,11,0.06666666666666667,-0.06666666666666667,6,67,1.363898323344733,0.3593593159395101,0.6221130943081843,0.28089432278709414,2.599356396083145,1.9620323299675486,14.051847484530665,6.441231430504348,303.4423664122351,1923.2486470597712,0.723174985073724,0.9669652479330458
67,12,0.06613756613756613,-0.06613756613756613,9,210,1.2816699552513322,0.3275090849540936,0.7263467309357259,0.2343825570360252,1.9091327972088894,1.3318760710809792,15.770280600120099,11.037662206396051,207.77053678347554,1667.7422864223759,0.6242761033540567,0.7758847053014593
67,13,3.686770397830009,-3.686770397830009,36,196,1.453209338789808,0.3943238905250853,0.7834938993281858,0.18972157676959978,0.6190080038646606,1.4842950649507292,15.800285900409907,9.067304530473876,406.7723658924162,2723.759882476854,0.8050283743029997,0.6853645156871666
67,14,4.832617204036039,-4.832617204036039,39,218,1.5175800540156987,0.31435928172922945,0.6997485073206917,0.17320312942800473,1.164670787288242,2.326398226582715,18.334167381160423,9.364539150191764,356.1724593126437,1679.8044122609635,0.8470320982548477,0.5541861495003104
67,16,3.9004815903347083,-3.9004815903347083,37,221,1.4926533860913471,0.337333456371225,0.7396554752612298,0.23534681629693602,1.6018793548620387,1.683054042181871,15.295346320277421,8.441253765299384,343.2584007183746,1427.254170064547,0.9359411045290719,0.979717130624433
67,17,4.873800296341848,-4.873800296341848,39,158,1.453598821561399,0.35417078309463157,0.7874892992284139,0.24989376087871198,4.9934989967686985,2.8644596645871467,18.594058790688667,10.519406273675813,306.88713124078,1031.476495381762,0.9482432994316274,0.9308671661344403
67,18,4.429569373327852,-4.429569373327852,37,172,1.4784691737468898,0.30019618103483725,0.7382459418946068,0.27335826570928,1.147236685886587,3.063174630502415,18.009347602097897,9.977524108469233,435.5263693566349,1144.6112008579757,0.7447709959156457,0.737496152931071
67,19,2.453095003428956,-2.453095003428956,25,228,1.49413635854764,0.3681455528496945,0.6807035487947974,0.21730024442879595,2.62823491579353,4.436944894892612,16.041797144584226,12.109064278845905,354.9717697465848,1664.7707126567618,0.8569517068077964,0.7682056026821382
68,3,4.826234889539592,-4.826234889539592,29,170,1.5129823510927682,0.3948931875499038,0.6923473050919129,0.2800223268860179,1.1335219769044933,2.4884037811792865,16.08455152854249,8.674429044339997,342.38867635248226,1313.2688738879747,0.881403106785992,0.9345023140054642
68,6,-5.590506249384265,5.590506249384265,9,197,1.1366698544949088,0.1850185150933119,0.677450509492599,0.235001577207267,4.079306019939296,2.0185424197816366,17.28857772043674,8.804110704636782,473.7817889054136,1694.5443353503035,0.8379060724154846,0.6366135075082076
68,8,0.0673854447439353,-0.0673854447439353,10,174,1.356333992859644,0.29661744779490656,0.6464593956147288,0.19888427949258883,1.7803881128497407,1.8576389801970485,13.355121057905546,9.612114942097719,286.9940016326776,1534.2699349933218,0.672370069117861,0.5875427576067727
68,11,2.4578851006474465,-2.4578851006474465,26,89,1.2671250868715838,0.37406273441067367,0.6846803694667298,0.21850769602570932,4.74224188680068,2.4750394304323557,15.427783718980942,11.302146845667494,420.8721312577719,1981.4369622498211,0.559306668155942,0.7346096511862265
68,12,4.73351446824674,-4.73351446824674,22,114,1.4763886887655107,0.3688196443078574,0.8710572048642939,0.216432738220784,3.1468875022281484,3.8410179818080437,15.533114075187662,10.077940166605465,344.227237474859,1505.079412048331,0.7553827378635436,0.6724678164543778
68,14,2.6258050316079156,-2.6258050316079156,11,29,1.4676730575682109,0.3846741978086447,0.8201638001236529,0.22219981700316543,3.1263734011546838,3.107017396627367,11.315409815177722,6.317352031442818,468.62281988819956,2207.1680392288986,0.8442689703990245,0.6320707571147313
68,15,0.2109724514368878,-0.2109724514368878,40,187,1.4985550262323923,0.3219499925533031,0.7011584111975536,0.27108199175768855,1.5529021211296445,3.835082242109511,17.37398021137791,11.385394548260045,374.4527914254174,1796.7497535701236,0.6328237127210612,0.5591908105945298
68,16,-6.0596947885793355,6.0596947885793355,10,214,1.2129190817674014,0.35082973246127336,0.7228662887251888,0.2691391294940947,2.395958053268499,1.4003134372729074,16.51124539987444,7.943828138821093,360.1792416359815,2179.2628818632047,0.8959035282719532,0.7940233866721378
68,17,0.6926248101873602,-0.6926248101873602,28,47,1.4870624220017008,0.34479910132404207,0.7803348511319774,0.19940751073194637,1.749793144899467,3.099864260679972,16.21336376327849,10.727096790643335,351.3064945966454,2408.359929791014,0.6728640464811788,0.856618226097612
68,18,0.06234413965087282,-0.06234413965087282,21,204,1.4483542492829435,0.322592879000474,0.7719461981147944,0.15453052182214488,1.9948211252812342,2.149217743873198,15.364080189415315,9.091082870656212,250.8082791587082,1105.7313456964355,0.8990578617908428,0.6074011678717057
68,20,1.8220654931314528,-1.8220654931314528,11,174,1.356333992859644,0.3993889733763701,0.8554625617807274,0.11023719814758358,1.5744443091356515,3.1736531304921707,16.48957030938492,9.612114942097719,387.89562252646374,2482.911485455553,0.6374391551359964,0.5875427576067727
69,5,2.4405476546504223,-2.4405476546504223,15,89,1.1870755001543998,0.3425178903361922,0.6846803694667298,0.26826911972234535,1.4087983606462262,3.186793274522638,19.020990187652234,11.302146845667494,306.9064450096568,1981.4369622498211,0.8435854470365529,0.6291092468865822
69,6,2.328742872094659,-2.328742872094659,22,33,1.482719789819141,0.32784863023880717,0.8644418962916373,0.21442196130922214,2.2530934839590384,2.8475229677997245,12.602496203351974,8.064777362057773,458.73540880553946,1308.103450026499,0.8538745425803328,0.8540896823570459
69,7,0.06702412868632708,-0.06702412868632708,10,109,1.5218554162569344,0.1820447624387732,0.6591951706024348,0.27040785248893423,0.9599127939638112,1.0059961593890476,12.6339906727769,7.312534746008554,236.57479955904768,2044.575928526253,0.818378965387288,0.5953148488523471
69,10,4.792623507459403,-4.792623507459403,32,98,1.5217723196456543,0.2830924651471827,0.6873710587071316,0.18238071929724375,1.4540704107256632,3.1241936274505875,14.07794561356095,9.14364305919276,377.1229583488354,2264.2022110422135,0.9742138931988493,0.5027269529208606
69,13,1.883152069359448,-1.883152069359448,16,144,1.0349019460440894,0.38718400179804535,0.6149627129956657,0.16328647843987484,1.7818708505218934,1.2927720016895157,13.112145057142794,7.219652413337819,337.01503061704506,1815.517520696716,0.8856345415280389,0.6079103062720441
69,14,4.026704183637489,-4.026704183637489,10,184,1.3002334544054337,0.3381584612168674,0.8523644862201882,0.25470514998757365,1.0262603169535205,1.8108826734852534,13.207399999435435,9.003962050288141,444.9020970339135,1271.1218632492175,0.905379486087619,0.5508235169705814
69,18,4.288901268571881,-4.288901268571881,10,125,1.3734615116468778,0.3249305374281607,0.7712792155347551,0.2808060617468575,1.830710813398351,1.8751657281799976,13.969631750417868,7.205982632508526,341.96352225388216,1464.2061423352202,0.8533573009782585,0.7351365450558806
69,20,0.06067961165048544,-0.06067961165048544,14,2,1.371192725966427,0.36935907089323794,0.8205611835002952,0.17086871945053794,1.6223565570430747,1.358733221702864,21.414949499971502,13.731362150249321,221.2742015696233,1504.6187804546369,0.762393610892968,0.512449139242414
69,21,1.996337278035682,-1.996337278035682,17,157,1.0950164832628348,0.39570839112605644,0.8653518198912964,0.1911237827024796,0.7724926751785373,2.174897483730632,15.735833570042473,10.977646318861007,363.19960460835284,1846.0231587563846,0.663781158492948,0.7518422893685814
69,23,1.6157990973440777,-1.6157990973440777,16,88,1.2131339115237785,0.3586612167065917,0.7404096327807292,0.15895877245972212,4.3824505703633845,2.1170607857469808,16.52137971090363,10.621231653508993,358.300301645544,2371.612515969347,0.595268889152567,0.6312845419150559
70,3,-7.446600275278818,7.446600275278818,5,45,1.3864968246138945,0.3124383643633469,0.6229913056432547,0.2523125811094071,3.230385021672662,2.8270235631523746,21.919752370379335,13.587149875783242,375.6855137446007,1524.7555918307314,0.6974972523748875,0.7669000894895741
70,4,2.29508872346561,-2.29508872346561,10,121,1.0725444450074608,0.39893594800450777,0.7366187081656717,0.25356362452047254,0.6184130505300622,2.2403882721357347,12.814126358723646,9.961059380151163,450.9139379729407,1807.155889041605,0.8294770368887711,0.6503768253774533
70,8,-15.215236297543186,15.215236297543186,2,59,1.0701393404891113,0.20785405744825441,0.7864203840861171,0.2557745997913069,3.8151539228614775,1.753093383399234,21.333587263710513,15.775927538670125,367.15828068818576,1707.8579469941224,0.5922101098997585,0.9778424536369095
70,10,-2.530413139257745,2.530413139257745,11,145,1.303190838583931,0.3311982354408779,0.7432440364036998,0.2875213176416904,0.5500137467898445,4.182897609680356,15.812170378840126,9.76813252480797,473.07527253202915,2677.860572626044,0.546805033676518,0.5899110029059544
70,11,-3.93115268875162,3.93115268875162,17,62,1.3057123005240976,0.35879083477144125,0.6784078575957793,0.2626850265955905,1.6431450251056914,1.4674847928295474,17.804982671264113,12.155589813827316,308.50916823539694,1997.7461389023347,0.9116749330225042,0.7195417958965747
70,12,2.123852826425458,-2.123852826425458,10,210,1.2553130058510604,0.3604448114169866,0.6623201674539707,0.28321877446010535,4.817741167311166,2.6548084059459947,13.831641681462669,8.925055710749659,324.1653276062539,2097.753699236949,0.8806644367958392,0.7758847053014593
70,14,3.0123579691964055,-3.0123579691964055,25,110,1.4825383909590564,0.3878103875054205,0.6690630776910758,0.2758733323147521,1.4776169545677214,3.3067691809512483,16.540579547201215,7.55378746111319,404.17484397346175,2233.4923223361375,0.8919770218790886,0.8374043942446077
70,15,4.866551574219697,-4.866551574219697,34,92,1.3010428606421622,0.3590748102598355,0.783637012246839,0.19134574066624196,3.6341714497140623,2.4727647924833227,14.1046874486969,8.41631402349072,411.4496894366147,1209.0200130633052,0.9291491851173281,0.8303774693487875
70,16,0.6790741244777525,-0.6790741244777525,22,110,1.4825383909590564,0.3195773195243213,0.6690630776910758,0.2898175184372013,1.7601859416922803,3.3067691809512483,13.71486778911311,7.55378746111319,454.81328469972425,2002.4451053563675,0.7560676013384797,0.8883855017144171
70,17,4.927097073696808,-4.927097073696808,29,229,1.3125897256260262,0.38418271786434643,0.8097242227971586,0.18748586691494706,1.6092075274891664,3.817465222287951,14.472998444236556,9.302670032018762,398.20736815469616,1465.4619583324188,0.9603615926256442,0.5036446625124686
70,18,2.2646115065586683,-2.2646115065586683,9,114,1.3286415564655478,0.36509677693680154,0.8710572048642939,0.216432738220784,4.212913022583669,2.6364556098256595,13.064347997886921,9.65044952585479,449.46941079722717,2330.232912218372,0.6590370401570582,0.7439827184752211
70,19,0.06038647342995169,-0.06038647342995169,6,5,1.3098210729181787,0.19277598682205827,0.8510367724144736,0.24311441414943832,1.4238988422652121,2.32405282158818,18.728574483791334,8.515013633588085,270.42903072391954,1001.2918749048486,0.7198542704769554,0.8192344205030523
70,20,5.194742713870859,-5.194742713870859,35,232,1.4945327922435105,0.38008388039169994,0.7747302794671745,0.21756098047143899,1.2277843530800285,3.885246193013861,15.609259679037823,8.903957249278797,421.2691310822952,1525.3316339083772,0.7973507718440365,0.9105873905349535
70,21,3.1581769494696963,-3.1581769494696963,33,129,1.4705604837961663,0.3908680776238531,0.6480253928918404,0.29841042301743226,1.0231165378487068,2.0977738871510274,14.203165991547682,8.959544480191456,348.71389758713764,1972.7957637695522,0.9863124726513457,0.8614425834418393
71,4,0.06684491978609626,-0.06684491978609626,4,218,1.2373808060890403,0.3981933688885009,0.7499300097217947,0.2078965621895178,2.2662041751783186,1.2261680363541045,22.83337550496841,15.541130907023412,230.47845597738598,1291.7662284462444,0.7002698774528704,0.5541861495003104
71,6,0.06578947368421052,-0.06578947368421052,27,214,1.1723907854688433,0.15255269002201544,0.8652258446459642,0.21614107214773082,1.124092027441094,2.4565144085884665,13.550260274519083,8.358235424166637,333.4466191525335,1513.1956057785528,0.6701884012703059,0.7219805263227096
71,7,1.6753269985236465,-1.6753269985236465,37,21,1.5093852322317778,0.32095947730886526,0.6741608908088556,0.18926248071644164,2.9312730834489718,2.9655109378649147,13.056844259855534,7.9835497346936934,443.93145153387303,1074.6326013059424,0.8055786366396203,0.8456844245658366
71,10,-7.463216960423478,7.463216960423478,5,244,1.4456069154748876,0.2290649494334111,0.8681800224125247,0.226408071430506,1.1009180119536635,3.985206358266673,24.450996973113938,13.609131423841568,403.9494751367316,2269.605548089367,0.7289127030192812,0.6856873563586494
71,11,4.8763954870399395,-4.8763954870399395,35,89,1.5164482945159892,0.369634927027955,0.6846803694667298,0.16073642648576877,4.74224188680068,2.0967495762435897,11.079193128069985,7.975958495257757,478.33621772544313,2627.9903742180463,0.9644436580039804,0.8162612213795197
71,13,0.06234413965087282,-0.06234413965087282,5,36,1.3340980297706833,0.35613694568824183,0.7990161610854952,0.246125118055799,0.7308385075431776,1.1633256000146817,23.594011668531536,15.915985684857604,233.21699167943228,2343.822422621756,0.5168491471558809,0.6749622318964652
71,14,4.881360244431383,-4.881360244431383,7,0,1.3373841937774138,0.3854804732298067,0.7237934545934885,0.2528691306710281,1.1333116860889367,1.7746716908329812,14.27937594325567,8.447746562569879,374.79624247679146,2195.440277608921,0.9448569650771499,0.6749622318964652
71,20,5.231787160925789,-5.231787160925789,36,6,1.4576255967406726,0.370138723183272,0.748073616067642,0.25626734866314704,0.7149348270004836,3.147894195036514,19.446128776358705,15.063630444475525,325.71800258885975,1179.4814951703695,0.7772039681139001,0.7351582367022331
71,22,5.159617236207529,-5.159617236207529,31,6,1.3601905198658593,0.370138723183272,0.7855184371019801,0.25626734866314704,0.7149348270004836,3.2079229349011373,15.156315039568494,7.913599521298115,471.0562653419145,2072.5997305932347,0.8430337445949097,0.8438460549731377
71,23,-9.288820731304202,9.288820731304202,10,203,1.4192381237219684,0.2768496650283273,0.8772633435174022,0.27630689925577434,1.6442428963009652,2.5210291753412566,14.457191606924889,7.18551724340084,458.537616986952,1563.0643739149514,0.9696918205493226,0.6302804493575751
72,5,4.943798864453033,-4.943798864453033,33,242,1.2263060618326804,0.38270262314627496,0.6761407609753571,0.21783339932994078,1.0594566783531616,2.472595645463189,16.3546107920457,11.094467878379314,296.07545286906355,1899.8238923490412,0.9816134604772094,0.9884772254461539
72,12,2.3754777708675503,-2.3754777708675503,34,81,1.4973583712599314,0.3142715706817754,0.7911989510048185,0.2597037098091002,0.5671479460386335,3.4363037398527085,12.617550895194835,9.544651493901664,312.97559518495916,1072.8806426281265,0.8973940057784788,0.5557863423603986
72,14,4.962540681700064,-4.962540681700064,12,139,1.3293945497067106,0.3431234968762822,0.8457869213502855,0.2348562725050357,2.230348841463675,2.0133310896305208,13.766710160139205,9.131388485903276,430.96556179086787,1401.4100751004103,0.912465175076576,0.5441184339552247
72,16,-9.701177742581038,9.701177742581038,5,174,1.0110024553308183,0.34234895348176403,0.8768597703427077,0.20968783599536353,1.041890185821749,1.1803445211307904,24.726662990040154,14.555627882314036,286.9940016326776,1637.569619837866,0.5195408224804975,0.8810015841907184
72,17,5.212260536724145,-5.212260536724145,29,175,1.4475538001957313,0.3703693525761134,0.8442223211748998,0.201558836832256,1.009043743607999,3.2291620161742665,15.842884497100377,10.309833984680216,343.36409295268237,1249.243632550222,0.9970740017147053,0.8867114502587613
72,19,2.144448660869313,-2.144448660869313,16,74,1.30559923835327,0.3575137115461704,0.7860604661681286,0.2775048783954242,4.256770105062671,3.580866898774023,15.625982133404111,8.54785479310597,375.0207695906316,1371.7993984280033,0.8040694433065181,0.816182502967217
72,20,5.005948605950123,-5.005948605950123,24,217,1.4207582914475851,0.36749901610714053,0.7268195485345248,0.24633287355986389,4.850043586862615,2.128357734953161,13.545056838830085,6.159972648879156,490.9111613185845,1779.1932032748084,0.9384072772288309,0.5964404064901958
72,21,2.614136098098227,-2.614136098098227,29,164,1.491641988516265,0.3827603783959013,0.683023367153969,0.25938909496202167,1.2587300974694484,3.3429436765518847,12.233193121166046,7.298509812061642,409.86410051671044,1797.7624553853027,0.9665630630580738,0.7667355237413984
72,22,5.263682301055338,-5.263682301055338,40,164,1.491641988516265,0.36588577760255425,0.683023367153969,0.24503191430801985,1.175855944143424,3.3429436765518847,12.233193121166046,8.965480315001384,409.86410051671044,1079.1100401246983,0.9665630630580738,0.9938012614336584
73,4,4.931478279126171,-4.931478279126171,37,12,1.5030415487896,0.3562682158833952,0.7850024504092754,0.252451673474425,1.1254580650431565,3.434101274786494,14.107021993402704,7.587578895307631,420.6669981680576,2288.338536325273,0.8652275924117414,0.962842011778174
73,5,4.967193466576108,-4.967193466576108,22,105,1.361305851434033,0.37355588586604704,0.7225010613390872,0.2727671888163832,1.0057789825673045,2.51878965394629,15.509362570739194,10.005024814512803,423.2819002423573,2792.610662728236,0.7992849310277561,0.7641328621065548
73,10,4.919252863224255,-4.919252863224255,39,222,1.4909607010111532,0.34008994518664337,0.754533353243227,0.29059628747184924,0.57663986620733,2.292373779091593,15.439845728539861,6.958414824946815,438.0517962393357,1527.761741525335,0.76236576610895,0.8685563815815507
73,13,-3.7230205950007687,3.7230205950007687,10,208,1.158546475001218,0.2506261873340565,0.8020420010779994,0.2953878682324929,1.1906026202844353,2.316212628588917,19.364249471964033,9.744663531970273,362.29851808427753,2074.86719692458,0.8366295403761292,0.6817434485852417
73,15,0.31541589333422504,-0.31541589333422504,16,173,1.3239734593221326,0.29293728567769783,0.698912066235924,0.24374395590860068,3.9828857869197742,3.135117987260688,15.755806812120278,6.744168794344533,419.22637453900995,1310.4155219366921,0.9196996035399434,0.5775383365137601
73,19,5.058275058275058,-5.058275058275058,37,174,1.4715160190585561,0.3318301102738795,0.6495075442489582,0.2563757627971994,2.647370901195636,2.562739337694986,14.920791053709166,10.735136114165423,368.4653650672879,1085.496164215721,0.9071363713267631,0.5997567713173387
73,20,-3.354346428747345,3.354346428747345,8,125,1.3700417791475334,0.2841831137230764,0.7508708276719691,0.29531763498760555,0.7110030947346275,4.136683233019632,19.511095264912434,14.841213575557935,217.65599245352698,2445.3242643109324,0.8533573009782585,0.9201023902947363
74,4,0.06426735218508997,-0.06426735218508997,9,20,1.483400457150313,0.17884509524608197,0.6986675406341046,0.16447482187884496,3.577388681257336,1.745825763412407,10.58338501716932,7.834401157747855,257.73652803049094,1834.7257008843587,0.8950938751728241,0.8581894539139516
74,10,4.8060104568092505,-4.8060104568092505,25,195,1.4242203907436544,0.3786093989066349,0.6973228777038388,0.10954657449328618,1.6187731702288946,3.549804708393125,17.785152237166084,7.693835377764024,418.82227433658244,2137.8658369773225,0.9794019991737779,0.575361874995139
74,12,5.141606447885968,-5.141606447885968,33,243,1.4108336830787813,0.3729353981107353,0.7859569376406318,0.2083477512969751,1.1729982119262954,3.3772471925607643,17.66101560956066,9.937452439567277,342.1071864660045,2404.6821197131317,0.9134919091475724,0.9101695069876987
74,13,0.2881857453644914,-0.2881857453644914,40,85,1.461318349739791,0.36494870799415263,0.805377568633502,0.27445839252980214,1.8795353939301096,1.827623241727986,15.719440388969344,10.905692874919021,388.3577779055568,2371.4960505744,0.6435892479224372,0.7918781705698583
74,14,-8.487960069583211,8.487960069583211,8,11,1.1845144188471557,0.19864972514453494,0.7759120743519502,0.23671637729048245,0.6398500199587844,2.1593233283641236,18.80148701250216,12.621885945682806,471.7429417606799,1566.9522580712703,0.9930168780736646,0.661504348710626
74,15,5.207001416325455,-5.207001416325455,21,0,1.5186930086811614,0.38952148415600346,0.7079606857277033,0.28955399051323905,1.4906234026792293,3.955226286000757,13.775930596701839,8.183996101966123,471.0963046888163,1987.424373523468,0.9244769163598656,0.8058305539584322
74,16,4.669776196534805,-4.669776196534805,23,134,1.4816900771262977,0.3986296121221736,0.7073358807911727,0.2895743169732093,0.7953091905937362,3.3274142748258138,18.870678950220793,8.673189980931202,398.31344037574223,1683.0876207051333,0.8789036044614187,0.8979279283578979
74,17,-9.995502296740922,9.995502296740922,11,41,1.3565457559066585,0.3485368607025556,0.6829152066557944,0.19833782062919644,2.138683690944689,2.8656090225221735,21.015086741861722,12.040974073312299,333.737753182944,2853.7079072634024,0.9370302106171389,0.5609974357321955
74,18,-3.0763699710062595,3.0763699710062595,12,108,1.2991172983295973,0.23771640074303058,0.8849547602974548,0.1501787827590325,1.0824187319445173,2.5290117076467737,17.947967916492047,11.392415726880396,211.6559602217838,2677.222422533352,0.7095890300280548,0.9540398864983544
74,19,4.969311025286867,-4.969311025286867,13,9,1.4946798591616712,0.3491366761658613,0.860261516705924,0.21869094808913853,2.0612467665500858,2.6626445916052632,15.041437130787319,8.525221451601764,354.31984520995223,2381.720474544566,0.9702633441688493,0.6627570168277643
74,20,5.233735489623877,-5.233735489623877,29,132,1.4869814264828505,0.3668433195608975,0.8590087008956815,0.28972043149117355,0.6629423287968415,3.1494372241755424,14.772274663769513,11.0908131075742,433.31949758546136,1778.0702203572396,0.8393495942316131,0.7622723137139633
74,22,4.9397094086090565,-4.9397094086090565,22,90,1.5162700062789536,0.3876958447710346,0.6868994970974374,0.17129417800037114,2.252713858194168,4.104596840854436,15.427720641563557,9.348361232848157,395.3025521767064,1476.658496216652,0.8666160659739486,0.5171756149342935
74,24,5.304972165658766,-5.304972165658766,33,16,1.4963010742823601,0.38590679466306044,0.7458134704185914,0.13367778917936984,1.0548574006236382,2.8090944153785293,16.74269798058585,7.729923233299625,410.8455232711759,2181.9192663738136,0.9808405251309602,0.9194694372232342
75,3,0.0639386189258312,-0.0639386189258312,3,111,1.0840183345606216,0.3190524745723862,0.7626833185329351,0.18733576934695653,0.9011730402708054,1.6168952140909971,13.529537240974605,8.593146048486233,263.0291363512417,2528.629656453367,0.8730016242552241,0.7002581540191686
75,6,0.0625,-0.0625,2,172,1.2516454721333155,0.3503037511783187,0.6807038884609937,0.16164044283286957,3.287993673967275,3.5981806144215907,22.56368574461648,17.854062916710973,331.9844498182117,1104.5128647238016,0.9226576036891678,0.9500367168281381
75,9,0.061124694376528114,-0.061124694376528114,24,149,1.5021667117696524,0.276920371801886,0.8046941808202575,0.29641001870936634,1.34990182106105,3.635139029857295,17.092423065516908,7.200086592696607,379.1313752554301,2370.3924161484983,0.6310767601461345,0.5206788023448027
75,10,-1.575639809564632,1.575639809564632,6,58,1.370029689892587,0.20259416381453677,0.647937437143363,0.200098160325983,1.1564695078356153,2.080059030670691,23.61332043245754,11.062595139080065,275.5758407489118,1120.9119780205335,0.7133715787255588,0.5315295504845243
75,11,0.060240963855421686,-0.060240963855421686,8,78,1.1140812501250792,0.20848064130467142,0.8664955900596785,0.26021694778006776,4.023550144355301,1.310884289453473,17.271662030930045,11.713051784355168,232.57807068719353,2444.2297304702524,0.6293944973592651,0.5594516317300564
75,12,4.861961787655865,-4.861961787655865,28,95,1.3155293440760853,0.35639063709134844,0.702597927097084,0.18318460671001188,0.6812549227972733,4.036883861808731,15.190201259072435,7.189351856761205,420.3910234587942,1130.8841221567452,0.8778066075784439,0.9377315830594218
75,13,-0.5464659505776757,0.5464659505776757,8,173,1.3243178145890893,0.2648204468307331,0.7606287114253466,0.22895832801228544,2.2586349573869615,3.699014647352141,11.71145873964797,7.5479231746164155,419.22637453900995,2057.285833245804,0.8906147829687585,0.7022585336523551
75,14,-5.809130267018808,5.809130267018808,6,173,1.3709527312957535,0.2866522427879439,0.7606287114253466,0.22895832801228544,1.4100756833458106,3.699014647352141,23.870175969899115,10.341829505089372,419.22637453900995,2057.285833245804,0.5551454915281033,0.6292102625730522
75,15,4.9666034252931235,-4.9666034252931235,34,212,1.3889035977739927,0.3553163094410582,0.8027316044212052,0.170584879304478,3.873332806333541,2.8135076880762933,17.952305048041037,14.149013919664867,234.80894627636818,2929.550181352143,0.9948233403356646,0.6874157201993678
75,16,0.05813953488372093,-0.05813953488372093,1,172,1.1945296961963177,0.34907558836042885,0.6807038884609937,0.15866143085062503,3.2521659713238478,1.0162509032525122,23.480975041165948,17.854062916710973,333.67307940497994,1104.5128647238016,0.6152707957662642,0.5983190569095314
75,17,5.079679455838146,-5.079679455838146,37,44,1.31800428276079,0.3989398079844044,0.758961587226036,0.2819808554704009,0.7031563169720481,3.1505700209125296,17.786221569218295,9.458843126780586,336.34158550584715,1901.238536218623,0.8424114191867658,0.9350998641736904
75,18,5.104451564513839,-5.104451564513839,40,106,1.3533356125993126,0.37658958577210566,0.8517940259888979,0.23707703592134058,0.5400321344848926,3.9611641515474107,16.14124300554492,8.75520835879062,440.44627989858475,1309.291119337914,0.9347177507379847,0.7571970951571049
75,19,5.019664411667774,-5.019664411667774,29,203,1.5185375024653969,0.34344529544356817,0.7940839898691635,0.2651577487677762,3.3520324140423448,3.5589602269367866,16.432288092457398,10.029239069289023,410.36233537742595,1068.7358313638651,0.8411156161131126,0.5572837366163581
75,20,4.985638129230918,-4.985638129230918,34,198,1.4217270994450386,0.33510213974756353,0.8595896303183861,0.2375690784861867,1.9074994107160155,2.885248655757815,14.334536938356425,7.629766236491494,437.20938694327197,2597.912327907973,0.9349712240266439,0.5484825382597862
75,23,4.315669647668192,-4.315669647668192,33,198,1.3179633349406115,0.39481312092353893,0.8595896303183861,0.2375690784861867,4.722878146177341,1.7918868993385813,14.334536938356425,8.948821511462898,290.8984005884497,2597.912327907973,0.9349712240266439,0.7163816239758559
76,4,5.049542440243906,-5.049542440243906,22,236,1.4399891809101875,0.37373635096727503,0.7368144676302543,0.2736231002858204,1.3673384339927148,3.8032881025933536,17.415862357053467,12.614225007695985,313.6578175258887,2208.185894127121,0.910099016040556,0.8826344080736406
76,13,3.236103937683497,-3.236103937683497,9,234,1.481683523643519,0.37730948734166603,0.8484673081697167,0.22960158132407874,1.59770039748198,1.2376882193410403,13.700375185486141,6.479078129766746,444.32377184087534,1378.8530198581625,0.9749826802700201,0.6461213717197405
76,14,2.5971189061164446,-2.5971189061164446,37,17,1.4491561188964686,0.3377781608195371,0.8158178979826112,0.26090408960650824,1.7654367113241851,3.458188395374932,20.512412800679957,10.52267239839554,331.6218368773373,1328.5119874314014,0.9421478975522499,0.878577287004648
76,15,2.0625207685416456,-2.0625207685416456,9,74,1.2447672524352897,0.3253061479535202,0.7642673453771577,0.20951520708871865,1.6283071989815252,2.90889385898235,19.73305248664997,14.452920895918707,300.43115036408176,2534.7818357550595,0.8232992253281084,0.6245227959388608
76,24,1.0397170734147188,-1.0397170734147188,16,57,1.3729185084526982,0.37947516640240175,0.89896595108464,0.2526301532536861,4.640724761856394,1.750051242937268,18.196573564958953,9.701141798538288,434.9775752479764,1815.7778418415323,0.6348996634910504,0.5187113629608504
76,25,3.0868318687314598,-3.0868318687314598,40,250,1.490151522647544,0.3822115961820687,0.7906093117184252,0.2533446038315235,1.3163218315407186,4.289366158576241,15.556247506988242,12.383726101726955,384.2793297128499,1079.6837635006623,0.86363991177248,0.6692765229712998
77,3,-10.390500785720041,10.390500785720041,5,103,1.189534333876194,0.36170014120406496,0.8067244910891785,0.23076619696431794,1.7976628682976636,1.7436467373479636,19.163652639784818,12.279621573844615,388.68551845528225,1690.0011937833847,0.81670773429707,0.7654959236052093
77,7,4.818708519107724,-4.818708519107724,10,58,1.370029689892587,0.33378778803226317,0.7555767361779806,0.200098160325983,1.1564695078356153,2.080059030670691,20.61247613240253,11.92279290757413,286.1416685879176,2122.2996228222164,0.8547306245987341,0.55736290700006
77,8,1.8827866461455338,-1.8827866461455338,39,91,1.3874120003169554,0.3404027418684833,0.7281114084714825,0.29790444350880196,1.0042664424116103,3.7678350838898336,14.862776257479222,11.621752826378403,458.8325714453051,2511.1510339197703,0.698373232638688,0.8704555378948365
77,9,5.104894054482554,-5.104894054482554,23,178,1.3800479043885254,0.3659922868510385,0.8545608880008793,0.26924176972946323,1.5845224812003518,4.009961892023776,14.610125408277996,10.740204441336592,413.1968116797786,1355.1567936145314,0.7684871340972836,0.8289856717649491
77,14,3.0082545144873847,-3.0082545144873847,17,82,1.4642828375316053,0.287424364797771,0.7594564754028006,0.23911036409886383,0.6428691679287297,2.5068255718666554,15.843684003414662,7.032004714582813,447.44486897969216,2760.61456091702,0.993533009487072,0.8272787190196375
77,15,2.54482759298221,-2.54482759298221,23,173,1.3220385054519925,0.35320483971749483,0.698912066235924,0.19215813751553654,1.920830204615732,3.8856774316641998,14.803123972931594,7.8948598960412975,419.22637453900995,1426.1365508212202,0.8441573696873215,0.895208285864342
77,17,2.435862166509208,-2.435862166509208,35,223,1.0730378296183887,0.3775740853773739,0.8830850649369894,0.2009130192965901,4.929350379573729,3.6397170956130607,18.23529084737766,11.471439370386529,332.60935704885475,1287.902395171021,0.861738504672201,0.5379968836192988
77,18,5.169266825053462,-5.169266825053462,39,197,1.3832021313228604,0.38971762924844355,0.7219640304815776,0.17430556880911724,0.5630540394364738,3.436784250716543,21.920462124684697,10.988256950867031,331.6788967521158,1165.471605335737,0.9388291538883681,0.8646879903095803
77,19,5.337600302954885,-5.337600302954885,33,0,1.5185375024653969,0.34344529544356817,0.7503612921924154,0.2651577487677762,1.1972904803489666,3.1668006820713828,16.424739261766476,9.662098653231217,421.6167004248621,1068.7358313638651,0.8411156161131126,0.8086625015740072
77,20,2.9850601923976665,-2.9850601923976665,20,126,1.3444512786595038,0.3901045909935376,0.7815977674661865,0.16307244616509825,1.1931725305255323,3.16664905515213,16.03113596017851,12.550920421325907,345.666833200418,1581.354381806077,0.7608326185194411,0.7393221650334585
77,21,5.176005706325974,-5.176005706325974,39,150,1.5161807254447706,0.3320199003433191,0.7009556891442773,0.23732071845325087,0.6315932208288402,2.740535597135657,15.66257052759404,8.586252097364987,379.73500202094726,1104.8561731968443,0.8446972267107067,0.8744737866129138
77,23,0.05422993492407809,-0.05422993492407809,16,41,1.4362244198828784,0.3625087790778578,0.8143739732629471,0.19460662432084022,3.6347497923342007,2.8656090225221735,17.761910754449357,9.722784509132234,293.95679788935115,1087.0160507948597,0.7413387369354763,0.5609974357321955
78,11,1.9396460986438053,-1.9396460986438053,23,69,1.4571247770351556,0.3786962290796051,0.8223146012643766,0.2571452920837795,3.7254254116604093,3.7200816033791373,13.307662122059249,7.603127012820936,308.4880366803651,2609.8288905860836,0.9543621977655635,0.9094405960898562
78,13,-0.7675326811454912,0.7675326811454912,10,144,1.2649355693013518,0.33961901405694783,0.6972085365811668,0.21609525104558788,1.5019068219623204,3.064957702882303,12.368333601916415,7.916594580158286,337.01503061704506,1861.083783756825,0.9289739924233392,0.7103377777953468
78,14,0.05694760820045558,-0.05694760820045558,24,64,1.3459740098309383,0.29662820033729076,0.7911601986309623,0.2581900578117626,0.6846872107125819,1.930619168327608,10.432223977765277,5.512349185041158,417.9533779613487,2477.3310734791885,0.5552962967418702,0.6992461914564635
78,15,5.228255921377608,-5.228255921377608,36,5,1.4991737408715144,0.34441617978213845,0.7232601785259926,0.1780681796149969,1.328255644705921,3.4334422171009837,14.634574217356686,9.056125894240962,380.6782143954152,1251.1895716072863,0.9785495438381457,0.9389815858868262
78,16,3.8874794187372483,-3.8874794187372483,25,192,1.453304482882125,0.3982454484817734,0.7052765931622421,0.27423442477611126,0.5534537912135407,3.2648359708410544,13.810840707333377,6.228827931126231,476.77271774036643,2486.2094324388604,0.7879358587686778,0.6369539400812013
78,18,2.356532171190106,-2.356532171190106,10,3,1.1800532790049911,0.3859265505979917,0.8298306607092422,0.25857879581266596,2.4397229134798764,1.7527596171346453,17.606061418429046,8.060253043255523,344.50739419370854,1658.3091810836272,0.9256314939021625,0.6284348593539513
78,20,4.882798788139023,-4.882798788139023,30,254,1.2006302273989937,0.37895139805843114,0.7786173803568919,0.23302864068205792,1.516753274493798,3.148830607248928,17.39036410409544,9.943337686840636,352.39938522943004,1779.761171985202,0.9991346771672602,0.5166395697492379
78,22,-3.9777365074032165,3.9777365074032165,11,50,1.021310214581596,0.2699660861292452,0.6676010977668401,0.22495860683596947,0.5075339617416628,3.368723185741081,19.733505979477616,8.899525064512973,428.53219651081383,2673.8556730283703,0.6028661320463463,0.7887029570681454
78,24,4.293903130076526,-4.293903130076526,29,65,1.4940068457571676,0.37542889759496617,0.8345781870853234,0.27892309980826935,3.228985431394171,3.7263889554898153,10.302176307591669,7.440989448609638,451.2738533933141,2559.4889230393264,0.874307061869792,0.8802838896100258
78,25,3.0976476207490387,-3.0976476207490387,33,130,1.4903047503190787,0.3851729052024755,0.7476583927400156,0.2277840436599703,0.8540725512416101,2.5886254419981176,18.606381686347692,10.967968965312203,347.6109775559261,1386.9232528938755,0.686512018021159,0.7790633047617375
79,5,0.05995203836930456,-0.05995203836930456,6,231,1.2847004782758011,0.31222493648403754,0.7897166416274048,0.213622765682314,2.763758395841851,2.38790535238342,23.748261206783354,9.597835472122823,250.8569836914007,1566.5403204608174,0.6590248104820723,0.7314813352793763
79,6,0.023501656432521223,-0.023501656432521223,8,166,1.097380921702062,0.3661399494488565,0.833774864692469,0.22263513204138946,1.1480296242791237,3.9695338373308524,15.861698898421636,12.540468545969324,307.992482146612,2323.3803779672107,0.8574804765798408,0.8615241195002254
79,7,1.9818269720507238,-1.9818269720507238,30,196,1.1991887852123195,0.290937814429163,0.7834938993281858,0.18972157676959978,2.6885575082252813,1.4842950649507292,17.08041297771464,9.579959572198574,327.4002270649402,1577.7185832008247,0.8050283743029997,0.5701391229869065
79,9,1.7678148832064542,-1.7678148832064542,31,50,1.490827357553052,0.3822289026156016,0.7820121844169563,0.2718259363592097,0.9422701412317389,1.7996726866206498,11.823019667435936,7.460399816787752,410.0750675686775,1028.355573380782,0.7276625290502063,0.5889578337372143
79,10,0.7775412467576643,-0.7775412467576643,8,10,1.1251889572562066,0.1748506039785348,0.7667299468151278,0.27985561358492417,0.9044406086424941,2.151475790582692,10.688458043646296,7.948611619438685,345.1212466168263,2206.781544735605,0.8062526996380651,0.7549961322924305
79,11,0.05747126436781609,-0.05747126436781609,6,250,1.1826905345581278,0.2169246264574149,0.7013879786366328,0.27721792737022044,3.621174542218845,1.5197803698921608,12.460230555388254,9.576566932002283,293.891346144288,1088.0739840044046,0.6466462158841875,0.6692765229712998
79,12,4.994467744382077,-4.994467744382077,32,40,1.4193085261549472,0.39663201453833163,0.7190109465661403,0.15034165510638195,0.6933718716105037,2.170016869387847,13.241202443106888,10.298670742213632,312.4062140615609,1511.1240326014567,0.9859093228248887,0.7263442946483085
79,13,-7.182928447323642,7.182928447323642,6,209,1.3681963098247902,0.13042788336345412,0.6921229894468248,0.0876752146913198,1.0842266988892557,3.1808164840200526,11.918395253695058,8.09490170614399,321.2016398698145,1625.3661066293716,0.8559266443771724,0.8620622955045089
79,14,2.7653272422913515,-2.7653272422913515,34,60,1.382486379463887,0.309321225214618,0.7725934467499561,0.2568942368857299,2.773173602347911,2.5115195927302323,13.611940069401589,7.796356330689928,454.47342888065987,1328.5942985936472,0.8015346563828178,0.6206303778967333
79,15,5.267444227032961,-5.267444227032961,40,40,1.3990269511089595,0.39663201453833163,0.7383103638207704,0.25246247623077694,1.4427298521403862,3.361130822149664,13.241202443106888,10.298670742213632,424.9735878878737,1511.1240326014567,0.8476337886857632,0.8129481290393008
79,17,1.804185758979564,-1.804185758979564,10,48,1.1600010047559661,0.35254273766784094,0.7312033794326668,0.24561496013671885,4.950832819578994,2.021656456217178,12.616146225828604,7.281444973718731,478.4755977742127,2395.005601383721,0.6645805183496162,0.5694303176566917
79,20,5.054112554112554,-5.054112554112554,29,10,1.3413370692937654,0.37678657788526104,0.7713086910343944,0.2698452384530187,3.9589768496534186,1.8733671838058141,12.476867919854413,9.169964746934474,390.7234845103291,1051.467720580116,0.9192941852182761,0.7549961322924305
79,21,2.6932610801420687,-2.6932610801420687,33,26,1.2572531233254867,0.37228928974738207,0.8632099960639257,0.2042223782936831,3.9270077227018367,2.487850850640191,16.304975791167394,11.252132335861791,274.5197476945144,2846.92596921938,0.9944014750629369,0.8266256973345267
79,22,4.65512442436767,-4.65512442436767,15,163,1.5229655298477083,0.3800819997857494,0.8088301108972186,0.08129567357982725,1.6175181467377435,4.468512523765869,21.804412457166027,10.259298375548378,424.7819703557846,1722.0354600103278,0.7631943980547093,0.6468308912670957
79,23,2.8635049837580224,-2.8635049837580224,27,215,1.5082319088483949,0.3970561041376784,0.8804170638694401,0.17945825297861953,1.6662557193399885,3.002448409769162,14.988376131573263,11.650064152663887,435.93735994922383,1083.195634738161,0.6357987576691783,0.5659091565881174
79,25,4.976529719303659,-4.976529719303659,35,75,1.357676948068837,0.39697559239033275,0.8918382080958596,0.28960336494387895,3.9682323561162,3.126461951545704,14.78368710301733,9.7377249746215,333.6053094346081,1046.6985319766475,0.961066847166315,0.67694902574214
80,3,-9.516787419685059,9.516787419685059,10,211,1.1303645348219211,0.21857853968961438,0.7961381280728174,0.1924401807401297,0.833576576361486,3.2476063484392834,16.20922183487214,10.070678070068363,495.6565144832902,2007.5124118655833,0.8328830190745674,0.7396247795348841
80,6,2.0792375045813256,-2.0792375045813256,11,123,1.3161323715285103,0.39867871528075743,0.7932187570162219,0.16955085268013237,2.0317935117653265,2.852944454538579,11.791469353421622,5.527484581848234,494.74015808982097,2806.8594021308336,0.9940941347550192,0.9812366580882321
80,12,0.056433408577878104,-0.056433408577878104,17,63,1.145567893720218,0.26269843721227065,0.715373988093029,0.20309065545028407,0.5316892791794197,3.7397992241724736,12.339343885198211,6.412658555439089,331.86592351584835,1330.8589414079486,0.5217094828109576,0.5069193938047764
80,15,-2.22591922567464,2.22591922567464,28,49,1.5018392324655556,0.1854169913354395,0.807211978205542,0.23337376762884754,1.6680962220803115,1.7921198817941253,12.25423752663593,6.523635845303523,336.95516917131226,2260.2477896817554,0.9811296062789306,0.5898239558794387
80,18,5.223621295451369,-5.223621295451369,40,111,1.4542151301641342,0.3643760979627494,0.8194962943515507,0.25442638995363487,1.0788638350590056,3.283218118546139,14.602836683688626,8.131685341022365,419.7206825967264,2715.803583600885,0.9763586841340216,0.8535534281261121
80,19,4.683228501343113,-4.683228501343113,39,144,1.5183420399832888,0.39627698218606877,0.8722209645297426,0.18271617142477503,0.8277444767251458,3.216281599191053,17.03394006881047,12.530767740957032,380.2093728261407,1061.581979774935,0.8856345415280389,0.8103511022330812
80,22,-4.808068804671658,4.808068804671658,10,232,1.4243273419174933,0.2078478606612347,0.7323953149697584,0.27547385307951117,1.1772008468595943,1.607514133885426,13.48564216505482,8.328729692051978,342.78022116106297,2643.040023313639,0.9224594847606111,0.9559312727455319
80,25,1.492043883645425,-1.492043883645425,13,25,1.271635112021736,0.39997475381403935,0.7520131206038759,0.24624848345792733,4.83781311643739,2.3733494197403187,14.283162420714232,6.3975204161954125,368.97955430906774,2679.216586839087,0.8780458548198422,0.7347973993313724
81,1,-5.333278157605683,5.333278157605683,1,185,1.2791891665440054,0.18925470773130654,0.8544339420273901,0.29668520858511327,4.861524627078325,4.00660390779376,24.446980664506555,17.459236731752753,209.08099161460996,2694.418493658304,0.7294852775521576,0.774137930944562
81,5,4.837669215345674,-4.837669215345674,39,145,1.414555080514773,0.32461668668809307,0.7881132392967386,0.17378789058008187,0.8305237513702086,3.419318225480182,14.28023421173432,10.01712359543172,415.42967900125353,1623.3734854343018,0.7317037124597003,0.7683121312364581
81,6,4.696139101706284,-4.696139101706284,32,181,1.225739448616671,0.3397453271902382,0.8598603592162213,0.25790871461091097,1.2216848276125023,3.184099033218317,12.647981920410755,7.690904738513733,450.1154242385402,1541.1640733774177,0.8858416202281303,0.603349657932595
81,14,5.19618149734518,-5.19618149734518,31,190,1.412534010744803,0.3667379163250663,0.7519071420741312,0.24511883314637745,0.7095491395710605,2.012413570846099,13.376220084179263,8.629801041476735,395.0673881711396,1051.8489364721722,0.9747852399190303,0.8853492939689843
81,17,4.950840172650146,-4.950840172650146,30,14,1.4536214118924713,0.38089412573475956,0.8424292860684003,0.22668200771281127,1.6692066159753394,3.035079098094995,13.163892738431713,9.968072607091253,324.5485322213337,1546.0139877963811,0.956988414134643,0.5323756851987022
81,18,0.0536480686695279,-0.0536480686695279,19,93,1.179945095911813,0.36348701167585706,0.7766802020426309,0.26425095658427,4.310101347637428,1.8025029676424182,23.61377608068635,11.14560482232626,450.2849491373983,1330.4582767102336,0.9901433226512295,0.6186432504474435
81,19,5.1886489986150615,-5.1886489986150615,30,248,1.470427629511903,0.31526357487093704,0.7676606857923278,0.2545510658892054,0.5068919183714753,3.5338549741205973,15.724170535071817,8.77590230529908,465.7304849693753,2100.3266966747706,0.8325831078974907,0.8554971307830397
81,20,5.173271963529483,-5.173271963529483,15,0,1.470427629511903,0.3853302258020309,0.7676606857923278,0.28381453643740007,0.5068919183714753,4.001481929307226,15.724170535071817,8.77590230529908,423.68060905086753,1734.45226215995,0.9405153436918647,0.7147421860333276
81,21,5.269642616334913,-5.269642616334913,29,0,1.4337252343937728,0.3836226440257545,0.7924896935149939,0.23619721180144237,1.0386204374890045,2.8488742032227656,15.272751832407222,9.811239982925173,365.3034819947368,1223.8936759448911,0.9846793773105867,0.8234754651140647
81,23,1.2841154202773577,-1.2841154202773577,32,145,1.484395986698527,0.3901414680462424,0.7538578928257673,0.2744882255392346,2.796908820367691,3.128748319127354,15.812170378840126,9.392600484074165,454.4631460010533,1076.5934742066138,0.7366107479957428,0.6965398476996789
81,25,0.7368031917387659,-0.7368031917387659,12,222,1.3089006712106883,0.22232498081399432,0.8378930458597904,0.13000358929354572,0.57663986620733,2.804358199155825,10.910320881771623,6.149903185504581,427.95798722366214,1747.5992827952127,0.8238554508960467,0.7017088369688804
81,27,2.1888135179306043,-2.1888135179306043,29,222,1.4562238397404177,0.3628339767142691,0.7894880568915597,0.29059628747184924,0.57663986620733,2.292373779091593,10.910320881771623,6.958414824946815,427.95798722366214,1551.9314749664916,0.839580779691611,0.9044731720653454
82,8,4.721333866524704,-4.721333866524704,32,24,1.3904667208324644,0.35791607566177847,0.8217788563771666,0.2617473690083855,0.7396556408231616,4.142260305342298,21.325495087684395,9.975282726843057,269.84238556113837,1502.7914899145835,0.9942996634792982,0.7430334301207622
82,9,-4.741967683459187,4.741967683459187,1,8,0.9273163835015149,0.283604448325932,0.8437691504135728,0.09068672597408296,4.483399641234428,2.145684332586825,23.35246347822249,12.578095176257193,304.4399881735444,1495.7901537418365,0.8869845303706825,0.8166591310873628
82,12,1.6893260882305627,-1.6893260882305627,8,81,1.052096059458329,0.28664928093665526,0.795118740015829,0.26850093207093356,0.9838030356925724,1.3305860069833242,17.220300176569612,9.544651493901664,312.97559518495916,1358.5254781380754,0.9250470162644706,0.5557863423603986
82,14,5.105578614620864,-5.105578614620864,22,151,1.4006439058263853,0.360573004609354,0.8709120873680047,0.27977825153653624,0.552885621448604,3.1384130358595073,18.022313136602726,9.81563052905839,372.91054709528225,1724.429954317348,0.9005599170076091,0.7809928583935224
82,15,5.15819001447134,-5.15819001447134,37,192,1.3908187047208498,0.3479983120236831,0.864829485918926,0.23416187943191966,0.6232219793140676,3.2648359708410544,18.090579849481443,12.338575243211594,326.1616834320952,1587.846513606185,0.8320200865325764,0.9462697661054889
82,16,4.972460842780412,-4.972460842780412,34,80,1.3834636370638134,0.32676235565394773,0.8087420048163959,0.2920254369117655,2.6623743263258217,2.290580769274217,10.350061286079832,7.705674038031173,498.4812565448548,2348.6049514705687,0.910770540391677,0.7955889766925172
82,17,0.7164722656380702,-0.7164722656380702,17,21,0.9666850614098171,0.38487403058145386,0.7804553959888834,0.2923490430035842,2.4485475949177107,4.459099067329381,16.243949866451956,11.355795515264097,391.5162673978551,1200.3569696878485,0.9924820363552325,0.7259006851602252
82,18,5.053078556263269,-5.053078556263269,17,100,1.466558702424035,0.33390301542179046,0.8415710944059523,0.2760946410016286,1.9799022709949106,2.9638474339510865,16.31485516450502,8.176762797041835,409.4608773717338,2681.7643695701454,0.9964472290187717,0.521801823938578
82,19,2.710277614963989,-2.710277614963989,40,208,1.473566444077405,0.37624902210813593,0.7677183241412591,0.26285545995271237,0.9497352907899916,3.6260039228036525,16.315777513068305,9.242359714346673,446.48652958897674,2714.918508836364,0.8426690497765968,0.9679051031997501
82,23,3.179104919688763,-3.179104919688763,31,177,1.5010691150764488,0.3607808620874019,0.7051645277760054,0.19696493088395428,0.8744300925022486,1.690025092391434,14.753052551122813,9.743131173850664,315.92259656268607,1832.6298625312506,0.958288339567188,0.8451111774049924
82,24,-10.945472416836681,10.945472416836681,19,16,1.2821830652864894,0.1932345895659653,0.8193171567633213,0.29132731938842815,1.2579578717379998,3.921104421077347,17.636184676478464,7.21129762997293,410.8455232711759,1689.758145346544,0.6810499263679134,0.6729137368485881
83,2,2.6274148376143,-2.6274148376143,34,136,1.4223596714191724,0.35669609422475657,0.7654095591928681,0.27116389274979324,0.579721330534376,3.60674683957561,15.377399252846654,6.230163290746096,449.38464950758424,1061.1410684828415,0.8091857845254684,0.8895831378764387
83,6,5.069793858239239,-5.069793858239239,35,15,1.4098866929130955,0.340388646035092,0.7231345755999273,0.1614177986257831,0.8398135161754283,2.862641446559444,12.69126484014894,9.955946504934644,458.68178210860015,1465.2164949208513,0.9404375021471763,0.7583459958436812
83,10,4.875840391670748,-4.875840391670748,10,176,1.3545105366638448,0.3429511236690197,0.8454778834507317,0.2402739533555343,4.111657100756401,1.5835821192098076,17.019878312168085,10.279458032818292,330.2382758243095,2095.022390162755,0.853658645696642,0.554909997734926
83,11,5.072831667782813,-5.072831667782813,39,15,1.4098866929130955,0.340388646035092,0.7729963021457488,0.292978481888083,1.2149868827280248,3.558675464374373,15.91356955717786,9.805363639474265,428.50145712009123,1064.3055806311531,0.8006517377265703,0.7331100224033337
83,14,4.924845359074982,-4.924845359074982,22,176,1.3545105366638448,0.3429511236690197,0.8874223090400393,0.25971694707191373,4.111657100756401,4.1515504750135115,17.019878312168085,10.279458032818292,404.88312274796596,2095.022390162755,0.853658645696642,0.554909997734926
83,15,4.96729981898675,-4.96729981898675,30,154,1.4237317829725027,0.37652355257616665,0.8670861634231124,0.17971732992784512,4.7721461868215975,1.5796537773592583,18.57121266228057,8.753570129724823,328.52519832303835,1024.4012581569827,0.8819267173365894,0.7197186309099091
83,16,0.05319148936170213,-0.05319148936170213,13,65,1.3061771064639731,0.30612699915437774,0.8868856277910742,0.143709947814112,3.0981629584614625,1.0506191315368578,14.889583873231679,7.7715704221176285,401.45752775429264,2009.91763654326,0.6459243342570549,0.5049708250438327
83,18,5.260425371550657,-5.260425371550657,39,52,1.5055937168977114,0.3845328423915514,0.7368395422651812,0.2962103810103524,1.0069405935208708,3.2629055231679107,15.08809302624179,9.185471369049099,446.04988883170245,1418.8100033298538,0.8407978150213961,0.7119670784953285
83,19,2.6803295179654225,-2.6803295179654225,36,64,1.5170674359519385,0.3867781176278623,0.8769157177225153,0.160578138677375,0.6892131291334529,3.1518425528989487,21.47633818141304,11.060388400486898,246.63686967243873,2349.581168883523,0.8141445482879518,0.9484211548406454
83,20,5.012038466044106,-5.012038466044106,31,152,1.5083956558377845,0.38455586861552987,0.8983629609445296,0.13542415366874136,2.706072257529292,3.312956051155874,19.92347061339811,8.299831747730982,325.8526723607953,2828.275110848244,0.9169365062613049,0.6858502998421137
83,21,4.718975694350472,-4.718975694350472,37,150,1.5161807254447706,0.3320199003433191,0.7874983203626594,0.2365740330593555,0.6315932208288402,2.867836824860681,15.66257052759404,10.557474266039792,419.83847524901284,1104.8561731968443,0.8352127461041832,0.877799313598285
83,23,0.14340278898603653,-0.14340278898603653,20,65,1.3148674987549263,0.30612699915437774,0.8229878092027578,0.27892309980826935,4.400171008796543,2.9655544821947775,16.22597495225699,7.7715704221176285,422.15016762616756,1801.9974590500126,0.8986986668678953,0.5049708250438327
83,26,5.05,-5.05,31,52,1.4496583676058548,0.3845328423915514,0.7907928763156843,0.08882172783409252,3.7479908991277897,2.8040995262624415,14.574805394992516,9.185471369049099,390.748005008647,1663.9429056932079,0.9056049510823461,0.6215290945872478
83,27,0.04970178926441352,-0.04970178926441352,5,65,1.2554692417293256,0.22756517977904883,0.8868856277910742,0.20824354513433754,2.5839877050593953,1.0506191315368578,15.112715275512068,7.7715704221176285,322.8454606191715,2009.91763654326,0.6459243342570549,0.7666567976081302
84,2,-1.8408991738942087,1.8408991738942087,2,21,0.9745459374599567,0.21376553155545858,0.8402474237992684,0.20526602854987502,3.431808718526539,2.1452813259049544,18.1358991700618,12.67700593421945,242.05332057986067,1654.8030974667902,0.9757004271228576,0.7723822271580233
84,3,-3.7269623999759602,3.7269623999759602,6,248,1.3406718883663244,0.28044711077316864,0.7676606857923278,0.21389231800125408,2.233618417541256,2.909070995905243,21.668103858828545,9.453043398447335,313.3415096899983,1580.2981211249457,0.5501615118143373,0.7697572465986013
84,9,0.05506607929515418,-0.05506607929515418,13,66,0.9653534491187176,0.3330750244004326,0.7636137844204911,0.25135874512530204,1.799183444957638,3.4481801290550473,14.093431767971332,7.8677357794872345,230.73324663925104,1052.2344332189014,0.7712527360493506,0.5808688067555143
84,12,5.199929572089615,-5.199929572089615,40,193,1.4290950671904081,0.3967232178747627,0.8199496281038939,0.254594225033793,1.2171145312496612,3.716887386811351,13.649105016799414,8.799327052617107,435.6361320861371,2296.675166356195,0.8601117312382346,0.9368930534003451
84,14,4.88153687542982,-4.88153687542982,27,69,1.3096105771598048,0.34793226174213815,0.7451123957211706,0.26075293855751164,4.273451248820331,3.5378849645076715,13.307662122059249,7.4645700514384785,482.62577873556114,2609.8288905860836,0.8724903009964982,0.9094405960898562
84,15,4.973121742698405,-4.973121742698405,25,140,1.4424107740736611,0.3708785461090459,0.8046718221355204,0.253684551997907,4.045666978398356,3.8015910655479566,15.142739172020622,8.520884893719082,472.5735217855801,2126.1087389814425,0.8414712766452107,0.6672921198463305
84,16,5.010882199162387,-5.010882199162387,13,29,1.245478974014694,0.3846741978086447,0.8531652050399925,0.2771385560957711,0.7336821075238555,4.088520879440468,17.674801489335128,11.849615429815508,369.00499217881406,1558.3628712710156,0.9151279556248555,0.7522837543102907
84,17,5.032376963069948,-5.032376963069948,37,206,1.4914614870420007,0.3194351536028224,0.7314425159287312,0.09176834888484245,4.848073625020219,1.803763546545605,14.62398662282753,9.865906047920886,389.12492804793555,1351.9640610234133,0.7814092839953055,0.6090292393287446
84,18,4.076911420382462,-4.076911420382462,40,27,0.9645641039367766,0.34296704038375136,0.7341722701450606,0.27003791205343614,3.040343748871237,1.3461642139591277,13.224698510712088,8.372685237615197,421.572906896472,1412.8962270915508,0.8197122391847897,0.8566344943828881
84,19,4.942956878733976,-4.942956878733976,36,197,1.476227362827732,0.32462410726647856,0.7515314920288338,0.17430556880911724,0.7459311252907801,3.436784250716543,21.920462124684697,10.024681838333489,331.6788967521158,1280.245709714542,0.8587679034062439,0.6182788078757292
84,20,4.320756822427116,-4.320756822427116,10,155,1.2172951553202696,0.3956856554516327,0.8713993642606558,0.18744166256329947,3.7111219111892755,2.242658079434414,11.063554430728642,8.291735774631,370.37550396450524,1229.1070940524517,0.889180505408431,0.8358141859564366
84,21,5.255092507633629,-5.255092507633629,27,0,1.4939686692758025,0.3681958563170929,0.7828665348387314,0.2854998401616088,0.863178451035381,2.7464679921417763,12.523991447780368,8.65807446622129,418.30035764513065,1375.0055544606284,0.9031279377608532,0.9803167598966376
84,23,4.331306402232016,-4.331306402232016,24,113,1.3295692973042565,0.38160822764973057,0.7367423934581456,0.27876584021703754,3.0309000184296324,1.7661346075797535,10.056851335868831,7.082802671806234,393.5390787302596,1483.5449988146095,0.9089606992790553,0.7881592926942633
84,25,0.049800796812749,-0.049800796812749,6,221,1.2786407958136445,0.24120237244958248,0.7990475366319527,0.27631941689439893,1.1171214999212473,2.4631991343578608,17.23300339414294,7.3856654894149125,344.8956419713795,1091.387281457121,0.6152025850256551,0.5274455219195444
84,26,5.205839043238907,-5.205839043238907,33,96,1.4320822865778169,0.3723234626379567,0.8466886690419407,0.27823925999197135,0.8132065536198501,3.0696900315285895,16.4685108562317,10.26102986270168,382.1855989273895,1544.0558887810926,0.9170794137082818,0.7159725274275562
85,6,2.1588960050810164,-2.1588960050810164,29,123,1.214176393424506,0.3597329505097955,0.7932187570162219,0.2903171141522121,0.649798195393064,2.852944454538579,14.873342787650271,10.104454872328102,455.68382384434074,1304.2272719459368,0.9005128471157889,0.8436805771760999
85,7,4.908134730581875,-4.908134730581875,33,109,1.3822171956527782,0.3957062228306406,0.8410251245051943,0.27447394519036405,0.9562604053290951,3.6545017712940124,16.233875137828434,8.245408843173076,348.09129623340425,1994.706094163643,0.9283970518819457,0.8897688092544331
85,8,4.757800479337948,-4.757800479337948,40,189,1.2757100340523209,0.32236558701723683,0.7832824866368354,0.2836255302292407,4.5196338752303635,2.8507434179418536,16.9932963259119,10.814234334785152,374.8215451272799,2047.063054838909,0.7312979777675759,0.6815902577435624
85,10,0.05411255411255411,-0.05411255411255411,8,141,1.5124095352142257,0.29889420380828546,0.8415590054746784,0.22944785168874665,0.5494141532279766,1.788079830893121,13.169022121570148,8.466181409545243,254.5301473324085,1712.4613891297058,0.8827938960985173,0.5360565270056062
85,11,5.120735343752257,-5.120735343752257,40,239,1.5024353008060434,0.3681173605115468,0.7774750860676112,0.22996595964544328,0.7786204178219602,2.3905161397871244,10.783949933150545,8.155585696662333,449.3398177165789,1403.0494851973292,0.9217799892634029,0.7953306491849921
85,13,1.7840520818448207,-1.7840520818448207,20,129,1.0404033506036925,0.3624446570418662,0.7694882106580762,0.29841042301743226,4.164029925674739,1.6958604443436445,15.75634915596885,6.952381701016643,417.71814697278916,1972.7957637695522,0.7000656707544854,0.9989252431416935
85,14,-9.947257383966244,9.947257383966244,9,138,1.288947497863237,0.3601859491104497,0.7673956014172567,0.16641327930515246,2.1265435744565884,1.8177379953913029,13.80059577919843,6.709229547715189,394.7939298962524,2006.5718426216372,0.762672027453207,0.7712139070618435
85,15,4.9547672611449745,-4.9547672611449745,25,194,1.4731045393073114,0.36924196798946046,0.8958742358158308,0.19166228277929054,1.0042912300396192,4.24612907564,19.697480267038554,8.574673433004595,374.1898221435222,1571.5964147239922,0.9434969613309517,0.6006953011851702
85,16,2.1480659235475104,-2.1480659235475104,13,254,1.4363147455853404,0.3443657393631593,0.8501747244401072,0.2271923878647345,0.7485626315515717,2.450361567418459,15.40852727666925,11.862817939365401,274.4341293918699,2834.410390444561,0.7412175246194241,0.5309567427444147
85,17,2.314186236496209,-2.314186236496209,35,88,1.2131339115237785,0.34366300184099674,0.7404096327807292,0.15895877245972212,0.944612864651063,3.624015478880785,17.225427154031046,7.266152253391085,485.3733963321101,1215.6015044649298,0.8735297638687184,0.6312845419150559
85,19,5.051124744376278,-5.051124744376278,39,14,1.4536214118924713,0.36578525595901157,0.7180868708670975,0.29113836050040826,1.6692066159753394,3.077946742559015,14.472642688970556,7.968560845914351,478.43509335972965,1538.6300089504432,0.956988414134643,0.5323756851987022
85,21,4.873083496597559,-4.873083496597559,27,97,1.1168797999811604,0.37580982350801917,0.7736833718837377,0.25053376969207497,3.327228681287803,3.34876579857581,17.409139133382265,10.835228019722473,378.84010132573803,1115.1502950362783,0.9279744690794409,0.5923456264257856
85,22,5.0336446808626825,-5.0336446808626825,37,215,1.371559538902899,0.3970561041376784,0.7164995934083769,0.22843999499985557,1.027499625326716,3.350258153518351,16.100905280363694,7.676146629411777,435.93735994922383,1648.8318481952974,0.8114061496505247,0.5659091565881174
85,23,-5.505182650483609,5.505182650483609,2,141,1.4993893681429327,0.15472694497763773,0.8415590054746784,0.24155677079055374,3.9422664305650366,1.1169177390905265,19.34767896309495,8.466181409545243,254.5301473324085,2372.9307545182082,0.7930038780413454,0.6596319233067334
85,24,4.984308084630424,-4.984308084630424,31,97,1.3559048734510628,0.3508478807607989,0.8693147423901133,0.28585775679040704,3.327228681287803,2.364383007367991,15.782817690702677,9.215562685392742,384.94113795016096,1047.5831122184034,0.9279744690794409,0.6764388477960053
85,27,-9.951267056530215,9.951267056530215,1,66,1.1859475906646044,0.12668762279499188,0.8880303081993415,0.21567149072885514,0.628659587428797,2.4061480258396872,23.074593900082068,15.944701080695165,461.3375526852906,1870.6622919110475,0.581423616502434,0.7785364892333746
86,9,2.6976779390951524,-2.6976779390951524,24,167,1.338754288686775,0.370774711653014,0.8730998788456523,0.08194155797310189,1.5233079064375192,4.383262794965285,14.432383487471654,7.547010841213819,403.6540582325787,1681.7988213151693,0.912082770635686,0.936667919150995
86,11,4.926199115226012,-4.926199115226012,27,252,1.4902148035159106,0.3784618134399439,0.8086520183399905,0.2551283204077005,1.1946395681105735,1.4142520258820999,11.265989858073258,7.858680555384243,414.53066239067437,1004.3131369908947,0.9055486815243594,0.6583039094606418
86,15,0.05186721991701245,-0.05186721991701245,1,167,1.1222233940731183,0.25784446700543195,0.8730998788456523,0.11089412147249941,0.544271708602766,3.849358276464045,23.67171377537974,16.629618843086064,478.44858104197414,1681.7988213151693,0.599104358249058,0.720139828289949
86,17,5.21386733179545,-5.21386733179545,39,245,1.3733628731476877,0.3925880657770333,0.8268716762610056,0.2373113671706218,0.7705669220196396,3.444586512673567,11.449438508979917,8.8911410257824,492.6684968562105,1134.0869674176374,0.8964447311050179,0.6892418030241465
86,18,5.05091649694501,-5.05091649694501,37,201,1.455872060779607,0.39465528024353674,0.884146272070873,0.1699673703241834,4.864767491850811,3.605294889040234,15.27171537169696,9.606878740639104,419.3913921375879,1534.6370970017906,0.8298639795684378,0.7453848911919764
86,20,0.05030181086519115,-0.05030181086519115,25,203,1.5185375024653969,0.2755583946291765,0.7536134947979022,0.23574694574697097,3.3520324140423448,3.4886911126094144,18.222503190792274,8.788516741076638,257.78983480738424,1286.348909749433,0.8599918315438747,0.6932771954965027
86,21,2.5783937339865357,-2.5783937339865357,10,190,1.2774141269584045,0.36911947384983784,0.8983593371467627,0.2768000548246643,0.7095491395710605,1.8668718386082805,17.281566631345022,8.665698170600312,361.53499335799324,1391.0747956420657,0.8392511630491378,0.7807050728450421
86,22,5.205568766601187,-5.205568766601187,18,0,1.4305303887643774,0.39257155891760565,0.810435811644675,0.27358967139526436,0.6523882957964289,3.217028723907758,22.109759481960708,8.98832931822216,385.6784370709271,1357.9092784989723,0.7949834739835069,0.7229319732089889
86,24,4.081461825076387,-4.081461825076387,16,254,1.4363147455853404,0.3420834632664205,0.8501747244401072,0.23302864068205792,0.7485626315515717,3.8629219000864667,17.804913541774262,12.909700089002778,362.07851802312024,1779.761171985202,0.8976125032184096,0.7023359977980317
86,25,-8.581487071427347,8.581487071427347,13,203,1.4192381237219684,0.2755583946291765,0.8839308903386529,0.11105365006593548,3.3520324140423448,3.2907405150280074,16.374023521842684,7.18551724340084,302.3588569874755,1243.5144889785117,0.9608197157793852,0.6302804493575751
86,27,3.856016652880657,-3.856016652880657,19,201,1.1711409184015598,0.3206041317152063,0.856225283700069,0.1699673703241834,1.756259488667904,1.7111833605953386,13.066893294718565,8.2806448139639,419.3913921375879,1534.6370970017906,0.782506884165645,0.5367094494478754
87,7,-9.609375564383438,9.609375564383438,6,164,1.3479815018888532,0.2016532253275325,0.8132254684182576,0.26434827344759837,2.6679671068622763,1.6515048823255127,17.938294006657067,9.556656537343613,333.18313413521327,1363.3021432527723,0.7455164634539643,0.8697850558161933
87,9,-8.497404937261262,8.497404937261262,1,209,1.2412868207883008,0.13042788336345412,0.7680358199939408,0.187825137112697,1.0842266988892557,4.15052352752525,11.018674818016082,8.09490170614399,473.4048774330498,1625.3661066293716,0.8559266443771724,0.9623885647318682
87,13,2.5505603287363057,-2.5505603287363057,17,34,1.4096203635020068,0.3354275646875086,0.7983433698888722,0.23287092923747016,1.0055021300942915,4.296294258563259,17.619757548754343,12.130614088006917,338.0959825196252,1663.8443358050497,0.853509915182994,0.6012151128086467
87,14,0.5040005954747606,-0.5040005954747606,39,45,1.3126828353354472,0.3522425546318314,0.7863278633026368,0.2587014774149464,1.276863049154458,2.3324628501070848,20.698645871101032,9.156989426411213,295.93830563335155,1320.7910599171742,0.9184115200334364,0.8497734736035638
87,20,0.9719838336403637,-0.9719838336403637,8,254,1.2585087453780603,0.24143271982113054,0.8974658621068505,0.21031279349990528,0.7485626315515717,2.7624432119803353,13.778591815370387,7.787868484640053,373.5299139358326,2834.410390444561,0.7412175246194241,0.5309567427444147
87,21,-6.047995705371833,6.047995705371833,5,252,1.177115539243445,0.3947921414961876,0.8145020925424641,0.12550479734657377,1.6481256032564768,1.673541189738824,24.031208627969626,17.688317900389602,237.40083544129243,2418.16792708706,0.8117791366554407,0.8980330621668482
87,25,-6.860428535661904,6.860428535661904,10,164,1.4318855648980986,0.3625435139769091,0.8814402095220153,0.26434827344759837,1.5170635202968186,1.6515048823255127,17.24509075247839,9.556656537343613,438.84406774629804,1790.924085882635,0.8583153963468626,0.7667355237413984
88,2,-11.046279562013115,11.046279562013115,5,74,1.4456517224128593,0.1997473454000474,0.831412181436376,0.26011559353022695,3.192056616941813,1.386366865237913,19.26788565998687,10.741405914728876,283.9757301789045,2057.9387889995533,0.8232992253281084,0.7435860911461022
88,6,-0.01814064557388071,0.01814064557388071,25,214,1.1723907854688433,0.16878961697009193,0.8652258446459642,0.21614107214773082,1.124092027441094,4.406603554500582,10.776331715256209,5.232604572825273,333.4466191525335,1990.6911008947952,0.8959035282719532,0.7940233866721378
88,11,0.052083333333333336,-0.052083333333333336,21,113,1.3295692973042565,0.37879170353795427,0.769796477573476,0.26425520735832486,1.8276275393486323,1.7661346075797535,12.7151286956307,8.434483616813829,254.01530070420864,1726.508421496079,0.6498195245871039,0.7881592926942633
88,12,2.6930863256563993,-2.6930863256563993,28,160,1.3144402287045798,0.2902575406594079,0.8243294745668838,0.2535817332287348,4.064318288243782,3.924060962620526,11.946642718629993,7.309562913967296,461.8523239722799,1173.038658366655,0.962297215251174,0.5503476095168548
88,13,4.975815763604614,-4.975815763604614,13,234,1.5174419180462138,0.36378915503643094,0.8484673081697167,0.173256482979128,1.9975036468437188,1.6297216051162864,14.72537874261706,6.423944201034295,413.46976461455216,1378.8530198581625,0.9445082407436067,0.5092441112552957
88,16,5.222856381784855,-5.222856381784855,39,123,1.5107479033344928,0.361338655034468,0.7808502100439172,0.2903171141522121,0.649798195393064,3.268748163316841,14.568085678939386,10.05476348302593,411.2784898839731,1274.03786732271,0.9005128471157889,0.8436805771760999
88,17,5.050200803212851,-5.050200803212851,24,143,1.3141428511070703,0.3483100311036679,0.8294568844626699,0.2518452172413605,3.5876879987304964,3.6763336018998816,14.402547946763168,8.51880745458801,464.6438627547216,2212.267848237633,0.9266540696999086,0.7196981599128716
88,20,5.04930966469428,-5.04930966469428,17,234,1.5174419180462138,0.36378915503643094,0.7669817599684866,0.08071497322540297,1.9975036468437188,1.6297216051162864,14.72537874261706,6.0280286390537245,455.30348161015655,1633.5967387239518,0.9445082407436067,0.7006204994881094
88,21,5.251228700824273,-5.251228700824273,37,64,1.3424021887149937,0.38042353357805103,0.8769157177225153,0.26973110207268947,1.073917577140385,4.317267214059919,14.080505045302246,7.51562850806827,460.6672633306341,1747.5719945802164,0.9331972385388014,0.9603697537227527
88,24,1.3085397631415403,-1.3085397631415403,18,232,1.229237134315384,0.342383753275851,0.7323953149697584,0.18834713550655738,1.1772008468595943,4.083944128196769,14.124051918614212,7.093814441725988,351.3672810485089,1525.3316339083772,0.9494871328865686,0.6740073375450215
88,26,2.2647868214549645,-2.2647868214549645,30,153,1.4041107542866365,0.36696141110976666,0.7902221965442671,0.2622907489772782,2.6025589233665,1.9704521962908244,14.166647335930993,6.937221666524999,380.43247846869156,1018.3449126426369,0.965459361537518,0.6528762748335862
88,28,1.6047945960994383,-1.6047945960994383,18,160,1.5232578252562885,0.28588642681457643,0.8243294745668838,0.17972258738541505,4.064318288243782,1.963538661595817,11.946642718629993,6.261882124791862,461.8523239722799,1509.0328297901565,0.7180840094158073,0.7379171695965381
88,29,0.49850537992585586,-0.49850537992585586,32,54,1.3802029324050666,0.3797549685099332,0.8567091846281558,0.08057023069974004,3.1974522928065476,1.0655591288470603,15.89211650989773,8.804673131184831,303.0097423188841,2675.921809041742,0.9700480124049311,0.6805872250685586
89,7,2.1646170341232125,-2.1646170341232125,6,155,1.499492629156491,0.3956856554516327,0.8713993642606558,0.14772342840597347,3.7111219111892755,1.7347002928333795,18.99933624488193,13.63637610451092,288.6067117664316,1229.1070940524517,0.889180505408431,0.6463377224189618
89,10,4.956783989446873,-4.956783989446873,36,99,1.4108328671584562,0.2989741157640091,0.8582646613816742,0.1012942730568066,4.063729829773009,2.520198328333612,14.137994730938894,10.887095401056257,473.7467191014111,1182.1729724033817,0.7180011088920477,0.5202466212936521
89,11,1.6471506537832008,-1.6471506537832008,24,250,1.4872373800749383,0.2473278777126039,0.7788458561864878,0.275271037918744,1.8541349876040676,3.5515729242570413,14.309984217869925,10.857208716326884,373.61344557411473,1088.0739840044046,0.9987251167460016,0.6692765229712998
89,15,4.312069893528796,-4.312069893528796,31,92,1.3010428606421622,0.3335144938666553,0.8342623377347788,0.24738075249434655,3.6341714497140623,2.426381854252551,11.907140831418014,8.650848759537965,323.02770692286725,1057.255794221658,0.9289897670368306,0.8303774693487875
89,17,-8.930965031438001,8.930965031438001,13,135,1.422927825884131,0.252140783447514,0.7725104505826054,0.2327875012746317,2.6465265126218878,2.8832917613500095,19.72636542034932,12.850546355274462,359.2021724713317,2402.9265534803867,0.654269297628548,0.9137848122956651
89,18,2.990408547778989,-2.990408547778989,34,104,1.3955252861288792,0.3857176903643519,0.8689871553185802,0.2724580923924951,1.5888798786763805,3.6891755923768574,16.142746134098218,7.513769933413032,448.74367371961057,1112.6284854114986,0.9989009337804691,0.7733312835215316
89,19,5.049115913555992,-5.049115913555992,10,0,1.4906779909697123,0.37058398931906344,0.8094078935261114,0.2879866590592604,2.257551207226866,3.1330276201213807,16.860128514960632,9.836155362166224,353.8857285384082,2391.0955333177817,0.9516545228034535,0.5070341320283532
89,22,-1.8869634584560202,1.8869634584560202,27,135,1.4726489363316702,0.20358375629061293,0.7725104505826054,0.24840110321299697,1.417945128265639,3.145058288716434,18.07711793619124,11.657837894696048,280.19213792530695,1834.2115511970019,0.5604544113367022,0.6218712515387188
90,7,-1.2112316859854033,1.2112316859854033,3,132,1.1192917190624387,0.2568710009659992,0.8626788234338165,0.269414201695472,0.9707459253259003,2.662289169151336,23.886657529703125,13.683416694994076,262.20194597275224,2295.8746403455734,0.7830249502332939,0.612909531686455
90,11,0.05102040816326531,-0.05102040816326531,2,78,1.0867233811575003,0.1929600522990954,0.8434603301056575,0.17227506997063757,4.023550144355301,1.310884289453473,20.34995434643238,15.546038462485994,232.57807068719353,2248.278276990296,0.6293944973592651,0.7084021541113508
90,12,-9.444482403044766,9.444482403044766,5,105,1.0112301779056105,0.32802476661710794,0.8540958126684542,0.18594277349567687,2.0627527714929856,3.13123356056186,17.93324871798944,11.438807887103792,409.42702223727304,1664.137515907195,0.5629334289561128,0.840424547619209
90,18,4.324469029232882,-4.324469029232882,22,122,1.209785685647467,0.39401171038465976,0.7644758630874254,0.28537841831378397,2.602518100645369,2.0994442672345426,11.187590714413025,7.963027170970021,390.29509513322193,1961.1229473743629,0.8864805259333265,0.7800087146857078
90,20,5.301044692316314,-5.301044692316314,33,10,1.4708520753009957,0.37678657788526104,0.82103548366837,0.20409220209841666,1.4196582010150438,1.8733671838058141,12.602803066999872,9.169964746934474,426.57565624442657,1164.72952248698,0.9192941852182761,0.7948761169299479
90,21,4.293283174112794,-4.293283174112794,18,127,1.2651433651448545,0.3772562734179017,0.7220881231320003,0.21747267006209844,1.6592992884666677,1.3950512640640407,12.010450073153923,5.736519883914165,375.2530262943282,2020.9643362549916,0.9993382724225777,0.7173757722537013
90,23,2.5257531483876594,-2.5257531483876594,33,54,1.5166741460897892,0.3797549685099332,0.8567091846281558,0.17494527794260836,3.1974522928065476,1.0655591288470603,15.89211650989773,8.804673131184831,289.6786667436861,1304.6870798559173,0.9700480124049311,0.8211687784692974
90,26,-8.337636329866228,8.337636329866228,1,132,1.1198055230416357,0.33545199602842335,0.8626788234338165,0.269414201695472,0.9707459253259003,2.662289169151336,23.604863146319985,14.288284089416265,412.44192449375987,2295.8746403455734,0.757893125526607,0.612909531686455
90,27,0.046468401486988845,-0.046468401486988845,6,80,1.3834636370638134,0.3822174962373181,0.7024909934021958,0.2920254369117655,1.8243687237689095,2.290580769274217,14.726147526270768,7.08788537431371,272.3031047414721,1509.945079357798,0.7023706192234251,0.9637611405510582
91,8,5.109879012175987,-5.109879012175987,25,30,1.48866958503406,0.3859100379840198,0.8648584677583294,0.2395952006130941,1.3410240919612963,3.479593658204796,18.64042928445695,13.543300877165617,256.98426453304114,2144.6163625570016,0.9777187436908261,0.7988952890057492
91,9,5.007134518494267,-5.007134518494267,15,151,1.4006439058263853,0.360573004609354,0.8709120873680047,0.24286332964379015,0.552885621448604,3.9593293909675156,19.90730236551397,9.81563052905839,362.1988022185223,1620.8019349995304,0.9005599170076091,0.7809928583935224
91,13,-2.170998731295178,2.170998731295178,19,30,1.248766644715495,0.29650954120008866,0.8648584677583294,0.2835505788905816,1.3410240919612963,2.083762097564306,24.036674737013744,14.51487446541026,236.34928108842615,2144.6163625570016,0.8852066773609546,0.7965180196745445
91,14,0.0496031746031746,-0.0496031746031746,32,60,1.095425766650062,0.32572579355190373,0.8551627937679783,0.26410145272670454,2.773173602347911,2.5115195927302323,12.353777415735273,8.484207159407116,390.441257316926,2164.4854637574285,0.5054227069807593,0.6206303778967333
91,17,-2.66382255347456,2.66382255347456,7,143,1.2628018370719418,0.3483100311036679,0.8431093176250899,0.1914325331544233,3.0962851356849463,4.266550791264866,20.18117012809348,13.834196086851675,405.43951307635876,1961.7837334939404,0.6506289505224997,0.6624416282731118
91,20,2.850465052412447,-2.850465052412447,35,247,1.2815946108906937,0.3774515083030664,0.8311413900940696,0.1937036059624443,3.0423591263736878,2.057011346827867,14.16113047341964,7.893200176843832,433.6184964629678,1368.838809755334,0.8771336623849884,0.504949979748968
91,23,1.1856709748278105,-1.1856709748278105,1,27,0.9645641039367766,0.2503766541182995,0.7477177552878856,0.27568972228094935,3.040343748871237,1.3461642139591277,12.936784694902599,5.662101900205016,421.572906896472,1412.8962270915508,0.9433723511174321,0.8566344943828881
92,12,3.749307994928522,-3.749307994928522,35,160,1.3144402287045798,0.340712143916838,0.8319295179597216,0.24430942507956283,0.9132185980073508,2.111183816740298,14.70537865137158,7.717877050887649,434.96354711246335,1227.964784848631,0.8803241210101518,0.9670442039078708
92,21,5.129164522412596,-5.129164522412596,29,96,1.4778225942012713,0.3800641974371154,0.8796064589345114,0.28925915278794967,0.8132065536198501,3.1024321794581997,16.773526715881296,9.032359166152785,379.5545069854735,1876.669396190489,0.9583703499080144,0.7159725274275562
92,28,2.5714870411814355,-2.5714870411814355,12,211,1.4121121673870802,0.39822155129426495,0.7961381280728174,0.25812711746632505,4.457079929985323,3.6181742605262768,18.945011972566334,10.070678070068363,358.2630369454921,2585.560876809185,0.8328830190745674,0.7396247795348841
93,2,0.05230125523012552,-0.05230125523012552,10,223,1.0140143267978756,0.29698569897509147,0.7894580049015478,0.18980220891535282,1.6665348512382518,2.4009835560949417,10.363542526924402,6.710139456840375,200.08447559758065,2215.6493148287345,0.7484043155041512,0.6349385701027264
93,9,1.323206881508204,-1.323206881508204,27,50,1.2074163421147506,0.37469698547761865,0.8034271265117424,0.24731019776562296,4.336725287087092,1.5555432128991082,17.590246158316578,7.163504668954791,410.0750675686775,1036.622475504861,0.674746434784223,0.8187613141030923
93,10,-0.2846380658662575,0.2846380658662575,6,152,1.5122406338664194,0.23596868135157995,0.8983629609445296,0.2889795082807541,3.7370365685783327,4.414864160529389,19.716202421853744,10.363424014504727,315.20694566763365,1698.0616587056813,0.8277540458366275,0.5182558580830062
93,16,5.225713941869271,-5.225713941869271,33,84,1.4937293271754424,0.35271115491686766,0.8334817165851758,0.10877575521422407,1.1333116860889367,3.2826727439149663,19.838974521787275,8.447746562569879,385.44884362595695,1049.3064415992496,0.8659160278397775,0.7747547090823678
93,17,0.3270042722886126,-0.3270042722886126,26,26,1.2181308420631944,0.37228928974738207,0.8632099960639257,0.2042223782936831,3.9270077227018367,1.9516900251619518,23.611745379097165,13.26789111675578,274.5197476945144,2632.3283333331347,0.9268525415230375,0.5659925941616633
93,20,1.7942605983878157,-1.7942605983878157,32,232,1.229237134315384,0.38008388039169994,0.8467781628308155,0.2217363390067329,0.7542888550370901,3.420496813203176,15.3522899917719,7.093814441725988,351.3672810485089,1525.3316339083772,0.9837212697665454,0.658685699653142
93,23,5.005212083529385,-5.005212083529385,29,84,1.3415040762172752,0.36330557427695714,0.8075214273086521,0.29271246617995267,1.1333116860889367,2.2874013348693163,16.720565081334023,8.447746562569879,374.79624247679146,1718.7121954775578,0.9448569650771499,0.501957556306518
93,26,-1.7536977756826104,1.7536977756826104,29,49,1.5018392324655556,0.1854169913354395,0.807211978205542,0.14409956314231642,1.6680962220803115,1.7921198817941253,13.856611384340306,5.842481985443188,411.2260322246285,1305.6657212416999,0.9811296062789306,0.6182995628690122
94,18,0.047080979284369114,-0.047080979284369114,16,56,1.3133856081545898,0.360098523163675,0.8306853594866146,0.09980535774178205,1.9394742666108034,1.9819371887851243,12.523809334978191,6.401506833908171,297.36622673549255,2046.6520009495866,0.670551517644901,0.7412411017225038
94,20,5.046554934823091,-5.046554934823091,38,179,1.4905515070964432,0.32160164929958635,0.8074530388039793,0.2872038580274412,2.535606595485463,2.8369278202498363,16.757228918951096,6.742878931358351,449.96597219609305,2384.288196389119,0.9030477171846407,0.5804483222547799
94,22,4.346078785841299,-4.346078785841299,12,31,1.2453947142879598,0.3365071052681404,0.8985192520220654,0.2621406448945739,3.144814824431784,1.0400215593679794,15.071693928327903,7.050724911372455,329.53669203360016,1467.7643551569618,0.9749467487554033,0.554637501914945
94,23,5.194230351314603,-5.194230351314603,39,160,1.519735447032536,0.3741805148664914,0.8319295179597216,0.2781609359814034,0.6305457869430775,3.1864955467982288,11.930504163465098,6.670283243495593,473.8583549697599,1077.2500932700577,0.9742121873024374,0.9670442039078708
94,25,5.045289855072464,-5.045289855072464,33,31,1.3738961681376063,0.37596857317813404,0.8985192520220654,0.26341535359389756,3.144814824431784,2.8654900366912295,13.096840899477408,10.416993688016694,417.41649190157364,1467.7643551569618,0.8931314916696524,0.554637501914945
95,5,4.802449024847583,-4.802449024847583,9,53,1.4127170818854806,0.3836005861608193,0.809118472381689,0.2698327306154331,1.8270704898327503,2.5228974676010476,12.851490866184573,6.435207615386751,415.30100022543746,1175.0332331867385,0.9253647177420296,0.7544892156768374
95,10,-3.3384716373094885,3.3384716373094885,11,35,1.4138183506089603,0.17726020118405683,0.833976025804092,0.1028425530468376,1.5605995383993911,3.319520891961557,19.127687875768,7.894680551761535,292.6970501984842,1420.5337833604735,0.7828628903381368,0.9665439838411471
95,11,4.153491312191036,-4.153491312191036,9,67,1.1379001708975798,0.3400640344384225,0.8720801131933407,0.15626131745675964,2.9379150678680954,1.772495329454596,14.051847484530665,8.388104478294434,307.28230557380346,1707.9630269631243,0.9210849707435886,0.5488297222823578
95,15,0.04743833017077799,-0.04743833017077799,7,66,1.4200866152189713,0.3118081092248046,0.8917964019016821,0.21347566274962354,3.82683357667221,3.5182863557994706,20.03483038792396,13.91925699999406,230.73324663925104,2068.093394009655,0.7483432223328826,0.5368971498934169
95,18,-2.323399398453007,2.323399398453007,1,115,0.9371098220486556,0.27316622321135076,0.8036060398444533,0.21545025712287652,3.667632662691176,3.158848363054832,22.599119626157957,14.550445375032723,249.05396541580558,2037.790248170495,0.7768589352003163,0.7468863020566913
95,19,5.254639942623596,-5.254639942623596,33,249,1.4815228145433408,0.36337395145862184,0.8726296466146166,0.1934512099695936,0.8790758096657298,3.1423730742232987,18.47423957012603,9.757102273529679,332.43136113355126,1397.0700661675185,0.9294839223400709,0.9532188127906354
97,10,-0.08175633772053281,0.08175633772053281,12,152,1.511711476636557,0.23596868135157995,0.8983629609445296,0.261793974353812,2.706072257529292,2.1893426379243266,19.441053101028867,12.020602310309933,232.84857703047675,2828.275110848244,0.9753700423035483,0.6858502998421137
97,17,-3.0444855418291485,3.0444855418291485,11,14,1.246451072061199,0.3120308811506557,0.8573391715211892,0.28697640069651487,2.4313039035017034,3.035079098094995,18.43567813251309,12.618748365083269,339.5411495108141,2540.284631712306,0.9555922332159446,0.7491950531675732
97,19,0.04553734061930783,-0.04553734061930783,8,174,1.000811130283747,0.3533507004064757,0.8073799896409348,0.25539789282387343,3.832206353645462,2.158488378882306,11.686723808800867,6.950461440110713,286.9940016326776,1548.0786988429822,0.6754597598587118,0.7378453751409333
97,23,2.709772243191326,-2.709772243191326,29,231,1.4895627336392678,0.35873157463822675,0.8909697567100104,0.213622765682314,1.1986873356889556,4.254990309814907,14.893673633504939,9.39809821843075,436.4711258891099,1893.4164543869024,0.6590248104820723,0.9324256540481006
97,24,5.044326241134752,-5.044326241134752,31,231,1.3478572878638782,0.3537623228178295,0.8533172800303839,0.24816275707636798,4.3933494235349775,2.876706063629519,15.147573081687373,9.39809821843075,404.39643221559174,1192.8678571529827,0.933735980094055,0.8117605977179017
98,4,4.7131517243876715,-4.7131517243876715,12,120,1.4844232573645106,0.3963491001413934,0.8657333468853918,0.25174884323791996,1.7057351672957126,2.9231592745374693,12.758307250770528,7.563838144154767,356.7932672078275,2875.1011857214767,0.8913588282367467,0.6210769719132854
98,15,0.046125461254612546,-0.046125461254612546,5,5,1.2278798318866546,0.19277598682205827,0.8510367724144736,0.24311441414943832,1.4238988422652121,2.8886206832783548,20.46782836923785,11.156052460998708,243.4668836429343,1001.2918749048486,0.7198542704769554,0.6163257767549326
98,20,5.044883303411131,-5.044883303411131,29,155,1.489004700857401,0.3943990148592954,0.8713993642606558,0.2747577929856741,0.6385799354676189,1.5039311754844327,13.033027060677203,7.011643072859947,439.5997716459087,1518.3996330921416,0.8950837963166085,0.5440542130951486
98,22,0.04440497335701599,-0.04440497335701599,14,57,1.3729185084526982,0.32565111352666815,0.874425633176982,0.29185335484259917,1.2295583545698583,1.351494611192844,18.196573564958953,9.701141798538288,214.89500155040847,2591.2935099173274,0.6348996634910504,0.7838523021635733
99,8,-4.283352350651856,4.283352350651856,4,1,1.3029914462052237,0.1269642250239849,0.8988702565497471,0.24490953824378697,1.7017500455242645,1.3386419548101296,19.082413403403265,11.87230779707451,283.6293191966787,1850.088096673672,0.9168320749757339,0.5588916754565547
99,10,5.046992481203008,-5.046992481203008,34,235,1.4914879885505505,0.34273693984100917,0.8574396532810951,0.2962718472287207,3.0171226905183524,2.1554569978988782,13.821913939859595,9.194778844676444,376.96250254135435,1348.8635965887388,0.9738662179648787,0.5085352235696005
99,12,1.7098597554842687,-1.7098597554842687,17,183,0.9811211468866005,0.2543507755547762,0.8859213380599965,0.2444363901674032,3.1334818961754896,1.0489298428696872,12.004142524152957,7.390618051541424,379.3643258912428,1869.814315387099,0.9509197219234895,0.9459500751256595
99,14,4.529442921151483,-4.529442921151483,29,246,1.3626675062508729,0.3881879662713803,0.8359968550693674,0.2707250890953729,1.4592343478680008,2.8697610656949424,11.832444490577906,8.498286884840875,430.8056825376041,1504.7207473023236,0.6569556389003992,0.9249874736836606
99,18,2.304740228340834,-2.304740228340834,19,195,1.4242203907436544,0.2926341686665369,0.839591463902902,0.19398000173261323,1.6187731702288946,2.7615111414890867,17.785152237166084,8.913421710505244,414.86367947930546,1087.8707279872951,0.7033350215166122,0.575361874995139
99,20,1.475029125960031,-1.475029125960031,13,34,1.4096203635020068,0.3326767233146006,0.8582693852484227,0.19564638431928158,1.0055021300942915,3.3400699738413095,17.619757548754343,12.927172965616796,280.9111824259162,2818.7028489439513,0.896707754569918,0.5478986388870754
99,22,0.04401408450704225,-0.04401408450704225,1,183,0.9811211468866005,0.2543507755547762,0.8995262257754804,0.14762903681024908,3.3909109858796,1.0489298428696872,11.339522716589272,7.390618051541424,251.08379242643514,1085.964399969185,0.8167324362740895,0.809848356526345
99,24,0.5721736170743164,-0.5721736170743164,11,44,1.5204460720840447,0.3989398079844044,0.817968487620647,0.2888691037929069,2.5271211603314323,2.6096715922451126,20.921911196101977,13.76826199870823,314.92606526051145,2092.56672279192,0.9114691425119053,0.5298562330967345
99,25,1.6735693701014869,-1.6735693701014869,18,140,1.50258808289497,0.3708785461090459,0.8493087047329789,0.253684551997907,4.045666978398356,1.5056902158762182,17.377217944009082,8.520884893719082,371.2249705541207,1305.4830883347631,0.8414712766452107,0.6709269832407948
99,26,-0.13797435954725934,0.13797435954725934,16,140,1.428101875610531,0.32518878936456613,0.8227625410839147,0.253684551997907,4.045666978398356,3.328572094931841,14.342300577379548,8.824438987946099,378.5974887177439,1687.8173751664665,0.8414712766452107,0.6709269832407948
100,19,-2.3722012386854363,2.3722012386854363,11,18,1.2469765301242257,0.30324472186750284,0.8622084859311585,0.13418823049101583,2.019170304049239,1.391527824308725,24.565532632572967,16.864327677107216,317.14357632375203,2660.314919334932,0.8284122835344145,0.5666076662685977
100,20,2.5139660389298197,-2.5139660389298197,12,79,1.4052184530243925,0.3402679415095967,0.8436255703131584,0.29959931718049093,1.6322524499331375,4.445230839477903,15.605944274487822,10.836523539181318,394.77549752968406,1606.6938032799424,0.7648848713788948,0.6886446729595315
100,31,-4.90952155657826,4.90952155657826,1,248,1.3108627836239524,0.2867397018894553,0.7676606857923278,0.213535963394001,1.2268547894728283,2.384752709076127,21.668103858828545,9.453043398447335,333.4561348565356,1799.321817017415,0.5501615118143373,0.7697572465986013
101,21,1.9364920817144529,-1.9364920817144529,11,241,1.3770755964020491,0.3176487471476083,0.8960619017069276,0.2328770895659712,2.976074022997363,2.9428674304890836,11.431291791162206,6.261245172453294,487.21746059174484,2272.7578445726904,0.7439526027025153,0.7133515937558097
103,2,0.04734848484848485,-0.04734848484848485,3,179,1.225701956101492,0.3065607477066852,0.8074530388039793,0.21873049593508762,4.9778323206329285,1.2037786693528394,19.719123643806903,9.583227691240609,261.5953520823898,1905.7623009817744,0.6614561556064609,0.8967349266165765
103,22,4.363221178253161,-4.363221178253161,13,244,1.219792975351892,0.34420938221866626,0.8477723172251737,0.18621175240987398,2.8647389200857614,2.043602514617543,12.414009420718164,7.477553033252312,444.56664980323205,1024.014333335641,0.7674942997395016,0.6822942260671608
104,24,5.041736227045075,-5.041736227045075,31,16,1.523651400894103,0.39878292466479515,0.8916758811447849,0.13367778917936984,1.2579578717379998,2.927573626462191,14.189827448310748,10.591031617831304,410.8455232711759,1311.04642014606,0.9524038069927754,0.5090716417858162
104,27,1.7077149960601004,-1.7077149960601004,6,139,1.3119017514835982,0.2701458876055662,0.8451647683131398,0.2348562725050357,2.230348841463675,1.6319832540772559,17.077226213906954,10.394095258633367,319.533460029181,1401.4100751004103,0.7251157506573453,0.6520665790134438
105,5,2.1985378792285184,-2.1985378792285184,27,2,1.371192725966427,0.37877149328758053,0.8205611835002952,0.24901706473581467,3.4805475698781283,1.358733221702864,15.221023332946038,7.712252037730189,280.15572142782906,1504.6187804546369,0.9837576587295355,0.7006074025126191
105,25,3.028941686547455,-3.028941686547455,33,146,1.4548608225151147,0.3619755135482507,0.8423666202350711,0.2404481491342035,0.702652612749699,1.8082982622559056,13.703999246639645,8.439612005776759,382.29241721311917,1789.022159867401,0.9988419284227065,0.7926248069913603
105,27,2.9610833048897045,-2.9610833048897045,29,146,1.2704655757551393,0.38371946658000433,0.8685671921874583,0.24227452267860078,0.702652612749699,2.86697151180621,13.703999246639645,10.00041388344832,368.5637232815783,1294.0469381609728,0.9988419284227065,0.9717102357489913
105,29,1.5753668445777964,-1.5753668445777964,29,223,1.053715084225413,0.38092179345682126,0.8427257243506601,0.28061789236202217,1.972116637417345,2.9816655360551167,11.710279921790828,8.14808994728548,438.06921831303106,2215.6493148287345,0.9629638490021449,0.5379968836192988
106,4,4.871062705389942,-4.871062705389942,31,71,1.4682953161750958,0.39168157570871776,0.8750551722325198,0.24098419876660634,2.904448665314935,2.056503179929427,10.929143377589916,6.068154757664126,429.2385119631333,1577.3669720191451,0.993328328184978,0.7536965651409
107,6,-0.8748029729581628,0.8748029729581628,7,157,1.2515157529159269,0.3139189568020226,0.8859346518293023,0.10775957037590822,0.7171155281476773,1.4623610824970548,16.71532760153787,12.217263838314372,312.32152235128007,1128.8020443171263,0.7070212996891643,0.9212872493080795
107,34,-3.2988984849056453,3.2988984849056453,4,157,1.133212366632682,0.3139189568020226,0.8859346518293023,0.23419818896088007,0.8209438397024746,3.6059543951414526,16.71532760153787,10.624364109709859,231.56780736064005,1128.8020443171263,0.7070212996891643,0.9212872493080795
109,6,0.043859649122807015,-0.043859649122807015,12,197,1.254270726152267,0.31515872296928304,0.8640936754766284,0.276661057500031,4.079306019939296,1.5608266918770688,11.914287676512473,5.220723161492106,406.3406404930721,1910.1255549988812,0.8279430982397715,0.779945856795905
109,23,1.8101145547893518,-1.8101145547893518,11,196,1.1991887852123195,0.290937814429163,0.8710360490246717,0.21174633986796618,2.6885575082252813,2.7175432495276812,13.070857836500217,9.579959572198574,359.9604097422386,1408.147267971276,0.8050283743029997,0.5701391229869065
