ducks_num,pucks_num,score,objective,generation,population_index,wing_span,wing_chord,tail_arm,nose_length,banner_length,batt_capacity,prop_diameter_in,prop_pitch_in,motor_kv,motor_max_power,cruise_throttle,mission3_cruise_throttle
14,3,0.29069767441860467,-0.29069767441860467,8,69,1.4192168073733822,0.31630102041689395,0.3761959223598298,0.10979667751005844,3.3263178517617704,3.4709476571547704,12.457202178383524,6.038674928624917,408.65603059905857,1104.6761584495061,0.6915633687787723,0.6701341245822906
15,4,2.4552269546800902,-2.4552269546800902,7,207,1.4758050902452542,0.1202164839580655,0.6065442597493529,0.19517803163455627,1.378644889599254,2.203338376735498,12.997517597190603,9.404002084342848,499.82458368934897,1193.8155092171296,0.8486898026076124,0.618349539221315
16,5,-10.480540771037901,10.480540771037901,2,39,1.4904985686246957,0.3174380269692888,0.5936720426843475,0.27773088260906725,1.506885753478855,2.4994815384141473,20.57726759597443,10.136885824170504,498.0279822310255,2313.623261366054,0.5753409500311284,0.6431740343056562
18,6,-4.874169669067795,4.874169669067795,1,175,1.413887995589677,0.1889651895686984,0.48134157134218897,0.14507081205025316,2.5435389218030915,1.3315319349474635,23.036276690189464,17.31765247049909,422.2722769714892,1656.0266522470718,0.5600877949810862,0.5035599164041276
19,5,0.13137846672529196,-0.13137846672529196,7,134,1.2151041940041403,0.23756271260052542,0.6918478394673074,0.29135803907360497,2.900623351625032,2.4914781475627756,15.377560850401581,7.985381449271216,357.86242553484027,1754.2483262532264,0.9169883389879954,0.6088568985590562
21,7,0.18796992481203006,-0.18796992481203006,10,111,1.4568762652459715,0.24379346925828654,0.6844765413906507,0.21824570558965206,3.716963824544126,4.338763906737972,14.175236669478405,8.065059324710795,330.4059309593851,1636.407162359916,0.7124547712174114,0.7240581769840648
22,4,1.041001014176631,-1.041001014176631,11,173,1.0353049015087878,0.3893679829077389,0.7284030103437371,0.1679341724580331,3.5530069824821604,4.2545087574804565,15.63325143994933,12.255663780180047,378.236007432419,2459.3174397410244,0.8977830633153391,0.8555803576340963
22,7,0.18115942028985507,-0.18115942028985507,11,145,1.3013585512158665,0.34905952884149066,0.6342465169165613,0.14948089824553906,2.4516969297430053,3.46446915646932,16.01501648592454,9.412781397245633,242.3334278389188,2226.551617521849,0.6393078364837306,0.6415585039227873
24,1,-9.759254209343306,9.759254209343306,2,21,1.334703273678082,0.2700992365386536,0.5634979645450519,0.2712687960489451,3.2835475639850955,1.7227607039537849,20.28630625915659,11.537876369745277,320.14005830551514,1413.8452453499126,0.9494808815740209,0.9151070342642331
27,2,0.16891891891891891,-0.16891891891891891,2,211,1.0531481677722188,0.36036662722867085,0.848881368204847,0.08436662463019005,4.735370874938335,2.419234115098626,15.615958356382666,11.075818540858492,225.59021350207897,1849.6719813042503,0.7305018265200314,0.8169479752799023
27,4,-3.3905290039104212,3.3905290039104212,1,9,1.1494187419689457,0.19876633383495348,0.5480457522554416,0.15369181213323857,3.709036121144891,2.0665311087758216,19.209499140270054,14.467656664550304,362.7634513569669,2866.6795047873393,0.8778715645596702,0.646767329527635
28,5,4.4568073040497005,-4.4568073040497005,11,169,1.3140126742440927,0.3006413802527444,0.5758916705235905,0.24758646740757367,3.9145441570056843,3.2393225897402345,16.05118415226091,12.82380684461144,236.5498880615723,1064.9218648184399,0.7980200079344921,0.6032992026036069
29,2,2.2882247678750574,-2.2882247678750574,2,9,1.426707100929653,0.24499534212515892,0.6907265512845374,0.23329372799811465,4.916551542899281,3.273372885171182,14.780481513630612,11.205375208483519,370.558271412177,2866.6795047873393,0.6720523903985659,0.7860535777095536
29,9,4.705044410399406,-4.705044410399406,10,148,1.3954272487282438,0.27682092019863097,0.8044809764973542,0.2313413180596649,2.693356778684834,2.087614681356305,13.46160450555104,9.589790533071957,415.1931283788767,1289.297176508875,0.9432806404816844,0.6049826917958789
31,5,0.14124293785310735,-0.14124293785310735,5,64,1.4877147550663057,0.30984589950049857,0.8526978934782019,0.13612379323132967,4.938517208316186,2.534924579784274,15.741736356942553,9.516892366614755,353.7314307875931,1309.960783779455,0.6010807161485772,0.8637734036892653
31,9,-12.866318735891923,12.866318735891923,1,75,0.9398266320172699,0.16101081535220146,0.573974116332829,0.27352128783240914,2.0985861709341407,3.9245607634074986,24.747891519218683,11.118132156319916,324.79948848485947,1927.3811522871256,0.9625096563249826,0.7859240276739001
32,7,-9.867021276595745,9.867021276595745,4,98,0.9295449055583591,0.31947721369114956,0.6754078907145866,0.16439836726196116,1.6645420089697784,1.2821149531297455,22.76811927632373,13.314110873642013,453.7962596137448,2114.225323079003,0.9870586873560877,0.7063492653662801
32,10,-11.145440808652253,11.145440808652253,1,211,1.0531481677722188,0.2537751417171556,0.49952039170769297,0.1903526429253387,4.560615679272852,2.6583439123644426,23.32293622681045,11.93836990237418,335.3907639760155,2060.5796854943037,0.6502585764974356,0.7515480384867204
33,2,-4.039827143759132,4.039827143759132,3,39,1.4904985686246957,0.3549199965504812,0.8170367586319511,0.27773088260906725,1.4950727430897737,2.4994815384141473,20.57726759597443,10.136885824170504,498.0279822310255,1940.0193892766517,0.5753409500311284,0.5815516744916068
33,8,2.4993622011143013,-2.4993622011143013,9,13,1.4682588810902089,0.28158586338199176,0.5724712314412381,0.2210613507384718,3.336911942893582,2.7814651440200873,14.537755874916911,10.709366506951199,395.73292043060064,1050.8909473734816,0.5599304103426591,0.6356887721478344
33,9,0.12562814070351758,-0.12562814070351758,1,13,1.4682588810902089,0.28158586338199176,0.5302222945077923,0.12976733293114762,2.4775286567920327,3.863893828248052,14.537755874916911,6.661421861274717,395.73292043060064,1050.8909473734816,0.5599304103426591,0.6356887721478344
33,11,0.12195121951219512,-0.12195121951219512,2,123,1.2231882150378832,0.33420517856961374,0.6372692386430657,0.28459860447539087,4.5572366322040025,1.3795417963765497,20.94795466098774,13.244182694152451,252.99228867515922,2957.7651284635067,0.5532972379587591,0.5848919134106437
34,5,4.543980714520901,-4.543980714520901,16,143,1.5114542039117165,0.3917985466523382,0.7651456713328914,0.10202409077222606,4.557508301635318,1.958888184899574,14.881432717272425,10.333989162925624,434.89130260953203,1306.8010721127416,0.6244120236762696,0.5485441400700344
34,7,-9.857683789594919,9.857683789594919,5,212,1.4516650251461012,0.26044849425393496,0.7783139266343101,0.19766578288381964,4.719732587524616,4.381174479552465,13.787583298177296,8.749125238940445,465.49604720108255,1912.072818214016,0.6312196634084006,0.8940655679444647
35,9,0.11961722488038277,-0.11961722488038277,3,37,1.042408262319076,0.362120779127652,0.4911078853667222,0.10961145181061996,2.6459302734583616,3.1162410465834314,14.61000864567287,9.081301768766764,322.77548681926146,2651.2441939764185,0.6417449891226152,0.5856144395366527
36,7,-6.659373506478874,6.659373506478874,5,131,1.433637505292025,0.3425419016733425,0.7520862165197485,0.18078290331909916,2.9329260423232255,4.371374610878428,21.04623279068619,16.490310721260563,412.2038310795827,1404.6435725308254,0.6812839937288317,0.7557129755901728
36,9,0.11682242990654206,-0.11682242990654206,1,57,1.3438692466504873,0.28401909029145134,0.5087075273422057,0.2961579819039989,4.571670940827328,3.6253904437550855,21.384351713550366,12.125808827229827,236.8897734209895,1800.830542520512,0.5994708235375583,0.6476271386420578
36,10,-3.05758148986532,3.05758148986532,4,116,1.0952642759021551,0.33687079727649694,0.8534153312771777,0.28409906873847623,2.4638095603009225,3.9686071538459635,19.455100166105208,12.669973321726676,269.52098654583097,1578.621145506263,0.5799884308406478,0.9201308322344642
36,11,-17.039782070513695,17.039782070513695,2,131,1.0024261249840847,0.2319097238358142,0.7520862165197485,0.2688095758357635,0.8018048142736629,1.3547700970234318,21.04623279068619,16.490310721260563,361.23133562505245,2906.6394232213497,0.6812839937288317,0.957660595536647
37,3,4.571537163001127,-4.571537163001127,28,217,1.423848037194392,0.3961786424485165,0.8127085289774242,0.25956025148985085,0.5987742729917955,3.8631507999070847,16.301691017406622,7.006577233248132,372.41213513956717,1439.8794269873767,0.8521082237648556,0.8789853744974442
37,4,0.12254901960784313,-0.12254901960784313,8,84,0.9194368863254787,0.2725529964655468,0.774137737616289,0.2760554517658497,4.810019148873501,2.1084490434203786,18.431758866560802,9.184733439954751,377.6684627323983,1394.6788503548078,0.5881951146798456,0.7675238705375622
37,6,4.610633147461647,-4.610633147461647,15,95,1.41465117429186,0.3223806744093511,0.7396803325040671,0.19560895259177472,2.346275261817967,1.1800320598888299,12.345116471555022,6.825503089060509,402.1586252915358,2510.4772653576965,0.9164437941688998,0.538197678464696
37,10,2.703389100053538,-2.703389100053538,37,240,1.4869869844061823,0.3243331445419631,0.7982847651353753,0.29435325738406587,1.617776413874707,3.627893860383387,15.23825118739758,9.251220046535089,421.0931226083676,1956.9056976585823,0.6464998440135848,0.777147755317866
37,12,0.10964912280701754,-0.10964912280701754,14,76,1.177436296718466,0.343226654505268,0.7286004289703945,0.2608680171833641,3.1704502017602616,2.007196093331311,10.474691703730667,5.713733437571738,342.865570836739,2025.552085680049,0.8608826648718005,0.5746470661860947
38,4,2.338299835460204,-2.338299835460204,23,35,1.3901354416670075,0.2812788354157477,0.6614789407655653,0.24500876767445262,1.1714053012484986,2.9773007771874984,15.691626529251536,8.306486588370777,291.2790949784793,2652.2214709817035,0.9742152007008194,0.6989024359707616
38,7,-6.201769669667106,6.201769669667106,9,92,1.3649968256324685,0.2110537048442599,0.8669614118507802,0.1922566289966706,3.984718978233542,3.554570339421102,16.807855181003223,12.990601562433403,425.2628571178468,1671.5247849113398,0.7540087476759225,0.9717919757608253
38,8,0.11312217194570136,-0.11312217194570136,11,188,1.4200602145815286,0.2936005869967457,0.6755541789069961,0.13122364485705174,2.659810776100614,4.090635429811438,15.003844100542592,7.97592236642544,217.54988761966882,1131.654533444063,0.8629466946852162,0.9547697178060532
39,7,-9.23235819684947,9.23235819684947,1,30,1.2262329013422133,0.3728946962952614,0.8698049571365118,0.2888404618948698,3.019442408811301,2.040479842107743,16.901071849279106,10.285879015922546,427.4299232289195,2665.944779291749,0.9035098673775792,0.7999343043193221
39,9,4.6666465557930294,-4.6666465557930294,12,211,1.4700112261167646,0.3008213827708744,0.6918020844706244,0.08436662463019005,4.934195814960715,2.2898114793365907,15.615958356382666,11.075818540858492,374.7344148840253,2096.043812312244,0.7136510720415943,0.638928795023856
40,5,4.509071971380413,-4.509071971380413,10,241,1.3561474110952139,0.3256819349009087,0.8414571081038943,0.1581983559591273,3.984918869786716,4.179826020266995,13.166123602719322,8.752894311146477,384.5609710446514,1346.540662658012,0.8557394919928945,0.7698951813753003
40,6,-1.4604703181388672,1.4604703181388672,3,78,0.957992078144911,0.2606596413417935,0.652322334198489,0.18848559946846705,3.5817916059602473,2.4844282592058207,20.376498631833837,12.059079513139976,246.03648598142382,1297.033681236114,0.8368947236523361,0.6610601920927023
40,8,4.6612508110331445,-4.6612508110331445,14,220,1.5213093965911457,0.2678180527302071,0.8619992805000491,0.1946169523893968,4.186238163017325,1.8599451469143102,15.820602035449284,6.736484650135724,450.1852872923786,2851.7756272776055,0.8223661753885163,0.6397312784239784
40,9,4.6029607175652965,-4.6029607175652965,10,232,1.4404173671384606,0.2942869898267358,0.8749653198969632,0.24486235834658146,2.11048160518489,4.187836916797494,11.91243322137819,7.963587196995371,394.44174104673476,1292.877438089286,0.9271124478786028,0.6139201720941815
40,12,2.9482862618365577,-2.9482862618365577,20,71,1.346326800799484,0.28551716690760426,0.4723799226597625,0.2611973623561402,3.5018560139958934,3.1949439895770313,13.801915480124011,9.101973223576564,291.3882036924981,2302.1273245094685,0.8588123388613277,0.806436346384316
40,13,4.686740470555117,-4.686740470555117,13,197,1.4291946519079977,0.3941771579781722,0.8735502857938587,0.11905519329100037,3.33111128442209,3.148084891080309,17.357268851103775,7.411559521669622,305.58617348272446,1019.7383438675727,0.9337521348655586,0.6705903958802346
41,3,-1.1106498893339287,1.1106498893339287,15,108,1.0797335706243962,0.30273831013770747,0.8224691170569367,0.11838405354052736,3.405968195623095,3.537250604809768,13.387106252924346,6.403754371060762,449.78756202102863,1054.7395340145958,0.739266192715444,0.8191485444992761
41,5,-2.4792635503914466,2.4792635503914466,16,104,1.3853028616989256,0.2736854146120037,0.880442230664066,0.15543971834423784,1.6394500863276484,3.012829990449933,15.929692867211998,12.0477805463018,421.88939897008976,2476.264385682599,0.9708451714269029,0.5560507983216569
41,6,4.596042837192169,-4.596042837192169,14,121,1.1746646828250902,0.3114994004470577,0.5136296414078606,0.1468650116323535,3.6540489772518523,2.3854655307931285,13.293449491771748,8.031626084880326,414.87044868211666,2658.753760244712,0.9142958030344694,0.6585314803757377
41,7,-2.394644901657763,2.394644901657763,11,252,1.5009883889650542,0.29218867582749525,0.7822024533088761,0.08168487472613785,1.5147723072157215,3.7258075081327755,11.681312000850433,6.962672090245923,374.60234154080393,2657.3491006832214,0.8867615503169258,0.9368580824235915
41,9,-10.097317719301806,10.097317719301806,3,167,1.2986745478791104,0.27630658609107805,0.6818771288321432,0.17272534321706146,2.642831224431168,1.6490691986523436,18.16195044055482,8.72052087769026,411.65015406779474,2176.9174606574866,0.9459429957199816,0.7343659354038287
41,10,1.4784572084686625,-1.4784572084686625,16,69,1.4138190157246746,0.29844674883788547,0.6075345204466661,0.15401466223530272,4.64442778379464,2.206856871044674,12.84482530627653,9.664253289598394,474.64644103439554,1601.9657910103303,0.9622745605767719,0.6851394906669985
41,11,4.7224253263463565,-4.7224253263463565,30,210,1.475398451450031,0.3888046951661348,0.8192879489990919,0.250948981271337,4.954181265400973,1.0181818459694782,10.002772864952185,7.7800459117789345,430.41915312512015,1189.6841908183396,0.8665757134958063,0.5643497378572939
41,13,1.0781879726900558,-1.0781879726900558,16,157,1.1436026378704465,0.2576094284585288,0.8424212876570627,0.12043862892461175,4.699380564554686,4.048672833314409,11.001491338874718,6.289088478123488,423.89143572357773,2552.979876957144,0.8799214219876301,0.7538878490396252
42,1,4.468551211745934,-4.468551211745934,9,185,1.443879685720119,0.32107082603063797,0.7523992484325761,0.2580997820336861,4.830501165413917,3.4753958761901798,16.953648669717776,13.355493887502536,260.8839413747386,2763.133921719406,0.9315881602308633,0.6554741016174581
42,2,-12.564212760758515,12.564212760758515,5,6,1.1292559832883462,0.12964386009556142,0.7832291904527062,0.14901298449953948,3.336290048201409,2.320742114229482,18.19661774678609,8.83834942576767,338.5775679697102,1296.2775904086789,0.7653957256492218,0.9681284421057255
42,5,-8.241632052382041,8.241632052382041,5,27,1.1614039901054267,0.27908922837484934,0.8086898891688965,0.17741605520720952,2.55656021164269,1.8155396762304008,17.21434161089085,10.030723640508196,485.4911115475352,1142.1049373674296,0.6853082068082825,0.9843747195712077
42,6,0.10638297872340426,-0.10638297872340426,14,193,0.9561547646193764,0.37981447641350374,0.650439732479484,0.15993617324516632,2.4500321234515265,2.0367731533663305,12.489454150321416,8.974982102760416,427.6795691753391,2829.634087081463,0.5768028928778423,0.6775378285872169
42,10,3.439849008441631,-3.439849008441631,14,25,1.3685336172251072,0.34158129866024817,0.8780739844207549,0.1397222279366313,4.729972559860817,2.4717661339935058,13.277013859608827,9.871947669483873,496.9043552176791,1661.6882020882792,0.8146520189430675,0.793115498734176
42,11,-0.9892631809320722,0.9892631809320722,12,193,0.9157783999997029,0.3164179136396188,0.849779925261987,0.21880489500365677,1.7363069037357348,4.057986449839298,12.489454150321416,8.974982102760416,351.2637595115463,1653.1377958712305,0.9937439905454633,0.7380076223802825
42,14,0.09652509652509653,-0.09652509652509653,22,60,0.948622910699219,0.3231984705318711,0.6779668068885485,0.2656713889284136,3.971388567286739,1.840177420382889,15.744032758380735,8.815824408650968,282.1883807890117,1087.6079190889145,0.7712042000757632,0.7666510079116629
43,1,-4.433723777985193,4.433723777985193,3,199,0.9928322939362518,0.20168342724442484,0.7288928085886198,0.18326679991558195,0.9478598101069391,3.1821833677278213,11.15250057923469,8.51252000965178,429.8624824151078,2091.612098738551,0.9518714780205242,0.7170579712302738
43,2,0.10964912280701754,-0.10964912280701754,7,240,1.4021610408571195,0.2434933134260439,0.8758499019919928,0.22052098521320762,2.3474549553626276,4.342579433066397,11.098945120787478,5.650165804907889,219.09585025786106,2995.8183572638604,0.9753080942525911,0.6223993963596199
43,3,0.585059459522296,-0.585059459522296,4,199,1.4731411230147664,0.3891330316048789,0.5044659231500458,0.11375130411456018,1.3128045518329583,1.706088168894275,14.20440440479266,8.51252000965178,414.7527764056798,2091.612098738551,0.8147371644663208,0.5123847144240203
43,9,4.7340090956414755,-4.7340090956414755,14,32,1.4143021152994513,0.2941258688962681,0.7989868176147041,0.2096722853731168,3.5564831064086926,2.478693517874115,13.584426292989642,7.495012515418896,470.1777587201098,2547.485828938746,0.9605157156790218,0.631216902647733
43,11,4.762097724454314,-4.762097724454314,20,220,1.5061692920551046,0.3647018936896345,0.8619992805000491,0.2580119312146829,4.186238163017325,1.8599451469143102,12.756596113004324,7.228693057565706,450.1852872923786,2851.7756272776055,0.8205037153863296,0.8396348883973672
44,8,4.727419859586989,-4.727419859586989,21,10,1.2571951788051834,0.33667596471471856,0.7681505896871417,0.13278316120233968,1.8462607179315744,2.097511927952554,14.693898739821169,8.83450467798377,394.2705960302367,1697.5368488422184,0.9366085825639507,0.5818819513759792
44,10,4.390465743797184,-4.390465743797184,10,27,1.1519223864045482,0.3248919612446814,0.8086898891688965,0.17741605520720952,2.556899340042428,3.8810114925463535,14.225991823542499,8.733343999512176,421.9866790971227,1040.513035071192,0.8412237119215495,0.6019784478975795
44,11,4.681819597936062,-4.681819597936062,12,8,1.5190147586479965,0.3076713626085327,0.8682570459801139,0.13726646635539738,4.151292210525413,3.9637358709920063,12.21098183057497,7.960648661315226,404.77825776240473,1102.1202809062368,0.8854353772614982,0.6494845177356916
44,14,4.754562269405466,-4.754562269405466,38,8,1.3249090761222375,0.37975102377670694,0.8028545069410836,0.2668958464697553,4.151292210525413,3.9637358709920063,12.21098183057497,9.543718558985082,404.77825776240473,1102.1202809062368,0.8543064153076598,0.5601657896904126
45,2,-3.226932062308361,3.226932062308361,5,79,1.1068645589151507,0.32440896890252097,0.5910356125281075,0.1697484709707736,1.536317595408045,3.3752221925623003,14.606644585839659,9.7104572706494,455.72426832595664,1548.6397699758525,0.7609914517557841,0.9472835333634062
45,4,4.620773079310527,-4.620773079310527,10,43,1.4877385289288005,0.2672645813061585,0.8108816420144105,0.2227339644109924,0.7746811499773041,1.9535686085825645,12.585941338368235,6.496084921850195,435.76489013033625,1534.7888782481425,0.9707595963212607,0.5226620642652025
45,5,0.10121457489878542,-0.10121457489878542,9,48,1.3326013818762723,0.26538698011776446,0.745019805262886,0.1794066721662453,4.083363747091303,3.731543731916066,12.900092567315589,9.796406335045198,254.39191674813628,2374.877802851886,0.6359664374031126,0.7004167262796517
45,8,-2.9667842359589027,2.9667842359589027,12,96,1.1063693501984535,0.2826286257283396,0.8527434945999113,0.17689743326192942,1.0125288449322394,4.434205026978907,20.220959335565567,10.787998139213427,395.7214806398483,1939.5100596897573,0.6922800937278095,0.5866547100748196
46,1,4.460962562319453,-4.460962562319453,10,176,1.4224819422958435,0.39697328849607405,0.6423024044346731,0.1760059339305561,3.4790401074392645,3.627803870431424,13.806393391430541,6.6749875235448375,345.4044410481297,2317.31885152689,0.9899191300237005,0.753162180301415
46,2,4.74199986142866,-4.74199986142866,37,9,1.2710036782175396,0.3601058526118424,0.6503206671630147,0.234852609247459,1.2111843754217424,3.273372885171182,16.931708657859062,11.205375208483519,370.558271412177,1025.2996105190653,0.7217618319445578,0.7963121235594036
46,5,0.0992063492063492,-0.0992063492063492,8,48,1.36855403175159,0.26538698011776446,0.745019805262886,0.1077802371888205,4.083363747091303,2.948054320579938,14.102291384190181,10.641841189843879,254.39191674813628,2061.0893380995644,0.6359664374031126,0.5480540877158049
46,7,4.848842661137729,-4.848842661137729,40,9,1.4744034175865746,0.3601058526118424,0.8309873946580666,0.222312436940554,0.957888413902007,2.59012468334668,16.931708657859062,7.554336351516085,436.08724842364796,1823.4537780952428,0.7631662623995263,0.7963121235594036
46,10,-0.3842369076959171,0.3842369076959171,9,218,1.2000719276210199,0.3104316321947148,0.7378366479060778,0.21752455383130528,2.517978916066115,4.290635737248625,13.88099931496509,7.77787001189974,366.75051570972164,1368.3733944361366,0.8985998207509962,0.7280485501917642
46,13,2.588481934783003,-2.588481934783003,15,42,1.3908521771610824,0.3620430412915622,0.642870999209011,0.18774219038203335,0.5538652178440251,4.328777960746054,12.537152482002892,7.751666490134927,466.6489039899725,2761.711866595997,0.9458431170978575,0.6798639213861188
46,14,-9.910394265232975,9.910394265232975,3,27,1.1035804899494774,0.34849277143579227,0.8006474482251975,0.17741605520720952,2.55656021164269,1.8155396762304008,17.21434161089085,11.611685286661713,485.4911115475352,1707.6404715372732,0.9969657586324765,0.6745484936193485
47,1,0.10204081632653061,-0.10204081632653061,2,202,1.4246444602273405,0.2831945466877575,0.6835948811843992,0.1642964379445051,3.030567349775245,1.039966808256608,21.224674724665878,13.608196627960485,229.10313136216828,2055.731102789402,0.6614739422281193,0.6507983695934146
47,4,4.449288532614684,-4.449288532614684,3,74,1.3626059432919913,0.26540689384152477,0.7654729452153755,0.1635392822213386,4.338069489463332,2.213650570685521,16.914407628691016,6.843560344904011,408.49451688548913,1624.908055132631,0.8325251541821533,0.7706064032419842
47,5,4.630724683234225,-4.630724683234225,18,143,1.3485005295689576,0.3659406925601293,0.8547493315794061,0.15687339467620998,2.7751688647822403,1.6579715587587873,14.55759258073915,7.072516770232738,434.89130260953203,1306.8010721127416,0.8545829940817781,0.5485441400700344
47,6,0.09615384615384616,-0.09615384615384616,1,202,1.4246444602273405,0.3553488252311945,0.6835948811843992,0.16826674435287714,0.5452301199547946,2.749715955927968,14.298389158211648,7.981202349998057,296.7099081724882,1619.9222095310688,0.8747769901528955,0.9981714352034032
47,8,1.2702933694226406,-1.2702933694226406,3,202,1.007966459290321,0.2831945466877575,0.7470508391379803,0.14612275909676992,3.030567349775245,2.5600988076304816,10.718602058865597,5.100055051258177,410.05133060921946,1435.2321835498906,0.9961254104110105,0.649404787617147
47,10,2.679762420796301,-2.679762420796301,38,164,1.4597459537872666,0.2643149683143017,0.8219858792084493,0.2164924355809898,1.078946676814608,2.483749830203423,15.592796347359977,11.21442430109875,420.3554840263922,1074.823241941302,0.7365301449033577,0.65385635045329
47,11,2.8244912636094988,-2.8244912636094988,10,248,1.4670565863720257,0.2761483547836214,0.6286298797263006,0.13645048664170384,1.3389800645334529,3.9884082390831277,16.83462094265711,7.714823243168466,487.3453076652213,1378.892303409375,0.7880114817866483,0.724394666415239
47,13,0.08896797153024912,-0.08896797153024912,5,141,1.3061719355718753,0.18222340684384108,0.8848848739683254,0.16512322439371166,2.7640323524751635,2.5035357777844753,12.152656568199149,7.999169815163283,388.27535914960276,1082.21710994394,0.6439604957718961,0.7303272971913695
47,15,2.366773042958033,-2.366773042958033,18,161,1.1951916225992563,0.3631955873502048,0.869381389938187,0.2254266898886033,4.172315310804635,2.1677517417369083,13.715187296400899,7.897802908232182,389.6050691951801,1808.6277943087161,0.8947124555150237,0.802521828875403
48,3,0.09765625,-0.09765625,1,68,0.9221730941869319,0.21442899495363235,0.5233374601230025,0.22094197215512396,4.528016390278935,2.408661037683487,20.38668787572533,13.230504614301026,278.0333923175931,1267.2666870057583,0.5072900867089629,0.5096032656729221
48,5,4.663874935147035,-4.663874935147035,15,178,1.5131166251268309,0.31271242376051356,0.6734389616243251,0.18023314976689528,4.131392293035894,3.2446100023220454,14.251890918079766,9.191858983043529,419.8750129282296,2883.235321326055,0.9395674054953189,0.6238448346042409
48,9,4.649781924549644,-4.649781924549644,16,37,1.4909271063534333,0.362120779127652,0.7743088739138525,0.20546983333818425,2.1745271425081567,2.842734753020027,11.683637408899337,8.248882173575609,349.6847657333168,1715.4279180338535,0.8886070871313038,0.6109394401536372
48,11,4.3930735697747165,-4.3930735697747165,13,174,1.423804448579316,0.35473189721523374,0.8594197587288108,0.1518305337248248,2.768799772389549,1.029651122807908,14.349527539202818,11.105299232403228,305.1755523734334,1176.7133835462455,0.9467651784559292,0.6867822386256555
48,15,4.911579300214219,-4.911579300214219,38,178,1.5093926162183686,0.31271242376051356,0.7730239630677873,0.18023314976689528,3.052373424495908,3.095150914730444,14.251890918079766,8.822736565075957,419.8750129282296,1314.9149874310283,0.9395674054953189,0.6238448346042409
49,2,0.1940622516644197,-0.1940622516644197,8,29,1.063887255820837,0.30711233482672184,0.8764139930445847,0.17542826412545545,1.249640906981956,3.176243425927399,14.700304612876808,8.826314029181436,400.7048434582993,1778.2058001870328,0.9665844362552045,0.755268128542914
49,3,-0.14736706307185887,0.14736706307185887,15,172,1.1688750809748116,0.26826217809673136,0.5661294882097643,0.14896088849557323,1.221058025035852,3.308540728987695,13.690618199575123,9.472748669861357,497.79674226697693,1421.2040415008037,0.8991568245124723,0.6080674968725446
49,8,-1.1044485421091252,1.1044485421091252,3,127,0.9802903303785299,0.33602748150458206,0.591717482883992,0.18057664320467334,3.102826508250692,2.0635848179383163,18.31136949826032,7.725183579687467,421.6889308503372,1355.0688854739824,0.6387049033570315,0.6280058457686672
49,9,4.6800832140727024,-4.6800832140727024,23,216,1.4820653356495046,0.339691725357337,0.845375133732788,0.29399139098539834,2.5032303156306472,3.5376552416632294,15.055049947870293,6.242409792085959,450.73945042091174,2769.5201348761816,0.8974628279385481,0.6932862286172048
49,10,4.685980030994957,-4.685980030994957,37,129,1.432678296649386,0.3452607600436865,0.7971012745588301,0.27952384053711704,4.782266185924513,2.6570699559921276,15.367795686356656,8.352869890886488,422.88813001404105,1584.0978469897882,0.6647988297327591,0.5579652777855932
49,11,4.767858880522656,-4.767858880522656,16,27,1.4383235557846357,0.2884510282492458,0.8086898891688965,0.17741605520720952,4.4212464658515405,3.8810114925463535,12.465257441056085,8.733343999512176,453.4069332426938,2051.727839532903,0.8926611284882647,0.6008891175994648
49,13,4.7298335048870515,-4.7298335048870515,34,59,1.502601441483585,0.3881520416590935,0.8759659284644974,0.24978028280028397,3.584417893081803,3.3265355131096737,15.35050002266726,9.565755887955588,347.1476664304416,1003.6796734184162,0.7598754873975149,0.6479950599202191
49,14,5.135198247224878,-5.135198247224878,39,216,1.492883232160249,0.3843438129827236,0.752769467515569,0.1686380356118524,1.0876275350105282,3.5376552416632294,15.055049947870293,8.889133955784766,463.64242829738794,2769.5201348761816,0.8974628279385481,0.7082990984739576
50,3,4.603142054921424,-4.603142054921424,8,200,1.520945120008029,0.2970879715479908,0.7746900754018028,0.09504475744441153,4.62523855318256,3.6312949926812816,12.21790667846662,9.389825106609155,390.6784066277862,2384.6166984540373,0.9755707792937756,0.5734048884975171
50,5,0.09191176470588236,-0.09191176470588236,4,160,1.3952266619845384,0.22713259224933077,0.8060647712205969,0.09357257863456073,1.5376752624945675,3.572893286899743,11.261993429563027,6.322584910613442,456.89403637619165,1809.5037567288323,0.6881842179048194,0.6658328258009657
50,8,4.700689819856898,-4.700689819856898,13,117,1.413416598321557,0.2627490836612679,0.7975462395654744,0.1682235628131898,1.6363055187066315,3.7234659099317104,11.425833740500972,8.97430603684662,464.01383406279115,2671.994258473819,0.9332278684913979,0.5373580492374699
50,12,4.818898716141787,-4.818898716141787,39,215,1.4678555606772272,0.37082892905024345,0.7482937824123035,0.24952639251776595,0.5799909577753741,3.4388074468845127,19.40067872334028,8.78163117450574,403.54082587450614,1256.2379613983585,0.6665529115999163,0.6637682192044594
50,14,5.026196810066268,-5.026196810066268,40,155,1.4747665983468665,0.34761438657685095,0.862613500569553,0.247273540238045,1.214112333781015,2.8840938637017905,15.529651434645489,8.752576134970422,414.9497300246574,2285.6198355084853,0.8034922110932182,0.7846039276388332
50,15,2.58831624491955,-2.58831624491955,14,201,1.2309713282280554,0.33158046201974695,0.6332258089087723,0.2526567759418886,3.7287536167892323,3.243077979343579,13.876842215452221,8.045918747750996,435.89838398104484,2158.096993669955,0.910272866616272,0.5792765602349418
51,2,1.9978263182463571,-1.9978263182463571,28,164,1.217339300299787,0.3862118530501076,0.8209248176189735,0.17842767687954553,1.6332242729127686,3.6756203682431643,15.194402640318192,8.972565696622542,495.69383779920366,2506.2824957904604,0.8540455078358112,0.6218934330314023
51,4,4.611564254385431,-4.611564254385431,7,74,1.3047198148628167,0.304992279905708,0.7654729452153755,0.2608962662509712,4.338069489463332,2.213650570685521,16.914407628691016,6.854862770683906,408.49451688548913,1839.7254460038987,0.8705824893444272,0.8168698118619139
51,8,-0.23202550722187265,0.23202550722187265,14,252,1.3731373562323776,0.26859012247829694,0.8204597450042707,0.08168487472613785,4.120205356381222,3.7258075081327755,12.376096714606184,6.962672090245923,394.61189477742937,1436.0836633008084,0.8867615503169258,0.6066148734396326
51,9,4.745583775822509,-4.745583775822509,18,245,1.4206297687545781,0.3828797610705492,0.8675450607920816,0.1416098197354858,1.0488519554231865,2.2436235867598504,20.104157836176455,9.77178479435459,385.23760237876877,2913.986726307516,0.7553249827271712,0.5753630622981089
51,10,2.2571240483152097,-2.2571240483152097,33,164,1.4597459537872666,0.36908956075156657,0.8219858792084493,0.09315302550874978,2.098430686992887,2.483749830203423,15.592796347359977,7.8100896469212415,450.7307261201783,2269.2979353630662,0.7700146787248703,0.65385635045329
51,12,4.784392045418407,-4.784392045418407,15,29,1.3897290158260045,0.38037756256358357,0.8949875997665011,0.19605116677263923,3.549684464615642,3.176243425927399,11.345064931922916,8.826314029181436,387.87560710426317,1778.2058001870328,0.9711542691192305,0.5612122730553875
51,17,2.1888092915616006,-2.1888092915616006,30,164,1.1328268139823046,0.36908956075156657,0.8219858792084493,0.09315302550874978,1.6332242729127686,3.6756203682431643,15.592796347359977,10.232597892993681,382.27734396255994,1022.5037353018138,0.8540455078358112,0.8201045269946301
52,2,1.8619194381674622,-1.8619194381674622,5,41,1.317779709590599,0.23435752935419737,0.8263658571805816,0.290509471334517,4.353951186817413,3.12128443736583,15.371918687596917,8.756859908291652,425.4576313563865,1079.534209647105,0.832176339641296,0.6913840422204133
52,3,4.576103740807172,-4.576103740807172,5,243,1.2337142917212187,0.37064766505599206,0.8892192858288595,0.1408065710982846,4.564115396860796,2.6851340373654065,14.609613782679936,7.715890767791429,353.2644843630732,1142.7560059067027,0.9068221635526605,0.6616642806284224
52,4,0.08960573476702509,-0.08960573476702509,4,243,1.368879181558029,0.37064766505599206,0.7938774134243722,0.17598680402751218,0.6740660288069598,3.4521352847566598,22.732930350184375,15.454963604919612,413.4705601421246,1142.7560059067027,0.62321189744398,0.6616642806284224
52,6,4.3751299343088315,-4.3751299343088315,30,28,1.2979235628096835,0.2833900330558272,0.6287051333092257,0.2465912305745123,4.887808631645131,1.7634393424073673,18.82488382012581,7.636668309402925,376.17537712957494,1575.1917020728285,0.8753929304120748,0.5154395418187838
52,7,4.8208518563034035,-4.8208518563034035,21,140,1.2614165174105298,0.3193125541271066,0.6456778261810541,0.18613126793409474,0.6548274150056228,2.7979911602854326,12.026836061614997,8.852493004873395,387.49436903744936,1399.8845627259416,0.8707252753014696,0.931842744591175
52,8,4.9179596602149624,-4.9179596602149624,39,79,1.5075603995971,0.3875386609684349,0.8466157321506308,0.1517347726800917,1.634492114408361,2.5491388051458292,14.369204421942452,9.654807369458148,438.61157355991503,1784.6918628550634,0.8067643237636243,0.7424116234287751
52,10,-0.5702860646858454,0.5702860646858454,3,204,0.9306766506693533,0.37666228972375393,0.6540275888613613,0.23923206822317916,3.086942149007093,2.291443373542279,20.79766426377622,9.069681042805314,346.2482867127583,1536.1488547983986,0.8026608885265887,0.5531707499176264
52,11,4.74845923256933,-4.74845923256933,33,68,1.5181115059582355,0.3004989799476657,0.7535122801830737,0.20361683314409812,0.9242946720509844,3.555503997931911,16.357999075672826,7.389465990967339,405.0517500928329,1356.6788748441268,0.9218085148263085,0.6525165295892733
52,13,4.9056723119609105,-4.9056723119609105,28,140,1.348222280542665,0.2839049437323704,0.8578174247472166,0.18613126793409474,2.619169662753281,2.6806062264095014,14.040672550416474,8.852493004873395,481.6643443079723,1814.0670917602351,0.8707252753014696,0.5355898479868058
52,15,4.920285806829129,-4.920285806829129,21,243,1.4641296532732444,0.36565520714459343,0.8748929938065433,0.2877465624941695,4.564115396860796,2.1435692264649946,13.168327332637578,8.04870610956655,353.2644843630732,1788.0461737495498,0.9887118427733788,0.7264554520030821
52,17,5.01579871131952,-5.01579871131952,16,175,1.4998394325446691,0.3460735665384231,0.7687107042013566,0.22018390055838022,2.2278838958156673,1.3809702246816975,14.736490634250185,10.083137235390675,327.37351104315474,2781.4030321481637,0.9290788110683226,0.6538862623703485
53,2,0.08992805755395683,-0.08992805755395683,3,29,1.063887255820837,0.19907829250810236,0.5361770533994107,0.11132613554596903,2.0691790557466447,3.176243425927399,14.700304612876808,8.085251015534274,452.6922165488145,1430.1225877329093,0.5675922443059718,0.5775195561352011
53,4,4.596746429330091,-4.596746429330091,8,8,1.5021013147849462,0.34461195208669637,0.6417122013250386,0.13726646635539738,4.151292210525413,4.1372526145791655,12.6882489714861,7.707879079505801,495.7124023250659,1286.003794221994,0.7950278246324587,0.6835204332125641
53,5,0.08710801393728224,-0.08710801393728224,4,244,1.1513319375894049,0.31996544473070354,0.7435135564274413,0.125747003860621,1.6242987982886046,2.432803151144805,12.458838370412874,5.873000578855955,398.95269719730777,1466.102550421247,0.6306912736726155,0.7525324611615398
53,7,0.14559748901443204,-0.14559748901443204,14,4,1.3474307784201878,0.33012183685838364,0.8944251102542475,0.1200851944996368,1.755267773324378,3.8005479336432306,14.445843478729545,7.807429671224467,349.816728337974,2784.6794794334646,0.8835496299814187,0.7081572938827972
53,11,0.08196721311475409,-0.08196721311475409,3,210,0.9703013301289402,0.23475809172261186,0.660276662941281,0.1410884292429575,0.9804339916360634,3.1686356707011605,10.002772864952185,5.169966925050659,381.5260739067778,1189.6841908183396,0.8232150122506265,0.7209950031086187
53,13,0.1454687007612625,-0.1454687007612625,2,31,1.2564070228894515,0.2665261822905032,0.5844225397333502,0.15156871555373075,1.078743233942182,3.2148925009423786,22.580382293090224,13.530359990425756,267.758259546417,1202.4190388602983,0.9645971313144918,0.8468334555848307
53,16,4.903917443509831,-4.903917443509831,16,171,1.4713985649123047,0.37322138352221246,0.8084674104110531,0.2168842383104031,4.455200773053583,4.341450286768005,14.463329305249037,10.226402850455658,357.7217714928923,2297.920808947242,0.9452689300175028,0.516986650012497
53,17,2.8238333575422274,-2.8238333575422274,13,129,1.486859410411086,0.281406295556117,0.8171934891178426,0.27952384053711704,4.564842612219895,3.6329904988749355,14.366508961659097,8.60966544000072,463.6091332946751,1584.0978469897882,0.8963452057778984,0.5624953538472492
54,1,1.3543947106409684,-1.3543947106409684,4,129,1.1216971782298817,0.22588180852090217,0.6260616112855436,0.1178150916658342,1.151037105883606,2.766986683530742,17.28992824049022,12.176134706447685,334.01981272884103,1971.5058453513855,0.9398681838065386,0.5513475453041552
54,3,-1.555823891383616,1.555823891383616,15,136,1.3080818465357822,0.21614754086411694,0.8030836117637293,0.16907624555990441,4.172980742340573,3.237711380678212,11.195842611037865,7.844044315296033,389.9360066884944,1883.9904871358412,0.7744632564631808,0.824216397297989
54,4,-10.580649145843793,10.580649145843793,3,59,0.915957385504343,0.3281562970205202,0.751728791448051,0.2798968126414229,3.6585046648188198,2.2002524435846436,18.090914914437654,10.710465072635262,479.8134636219479,2182.26426427085,0.690668938895604,0.6822210792452097
54,5,-10.413061896251186,10.413061896251186,5,22,1.2130774953935706,0.27570202519261927,0.8154097129492227,0.17798966251781623,4.061397321805471,2.9136007636525223,18.678802364310517,9.504580533113373,439.28025323137456,2292.7149143517977,0.8357033431767007,0.7100437509014346
54,6,4.747701248738515,-4.747701248738515,20,158,1.415964635350932,0.35366928002904885,0.8185179098933902,0.20847242960582435,0.6244870355848544,2.4561167647804716,14.54029849708252,6.312871953761767,450.67030648650456,2911.0760838815704,0.8162513080112426,0.8535761756141531
54,7,4.694919814707422,-4.694919814707422,32,217,1.5207561428529452,0.3950439418511692,0.8451106974743746,0.25956025148985085,4.632292597827867,3.8631507999070847,16.239907888769107,9.56911830631413,372.41213513956717,2268.773931700542,0.8623452558059809,0.7156753957035984
54,8,4.752837996107396,-4.752837996107396,14,83,1.3458375909172768,0.25619768128641957,0.7293399191304947,0.22809989283344945,2.41338920709818,1.9062543132232534,11.378337938804908,7.8646746421841796,482.6997074078759,2808.6530773396726,0.8700118288289664,0.6842423935354895
54,11,4.763600941394329,-4.763600941394329,36,238,1.427847929374201,0.3823774691522666,0.85011310185821,0.15063108699483488,3.0015738107274688,3.507206754112008,16.678750048409054,9.00759642219914,364.8755159868794,1942.7379702775424,0.8121765353768717,0.6004406465370062
54,14,1.7570422924151474,-1.7570422924151474,10,131,1.1698380481886281,0.3425419016733425,0.808307684638148,0.273040239229674,1.983097180159641,3.798555082999557,13.953762048674886,9.190087118716972,419.04896866407375,1580.9081261437984,0.9373283693669353,0.7286861376475372
54,15,4.864481755880676,-4.864481755880676,16,222,1.3632051751037852,0.3346391803366462,0.8152442511740294,0.20752092099734407,4.2693299379541365,3.0932452390220226,20.14691293973383,9.499761950967088,331.9101372972479,2906.683797826595,0.9359516778170265,0.5954585421309093
54,16,2.0337177558362565,-2.0337177558362565,13,14,1.3395718304132316,0.3454722873749502,0.8774013808520569,0.14571929973920994,3.2923853400299725,3.067036700560153,12.752376234129024,7.79841318570098,357.7754403357256,1843.1970164485924,0.7778049645244286,0.6847556262158537
54,17,4.873488352870135,-4.873488352870135,29,176,1.4495515153039926,0.3210541745710333,0.6423024044346731,0.1760059339305561,2.1783760068940126,2.876669516211388,15.674839102452841,8.19496872685397,451.6822713257317,1205.6966468920616,0.7228126070309007,0.5059847100209153
54,18,0.0755287009063444,-0.0755287009063444,12,179,1.5197092556276668,0.3534076632339788,0.719840892376181,0.14924249988648713,1.3434436979468263,3.703097611467519,13.929648147075367,7.3885359608203345,326.29382148062393,1067.2967533475057,0.7080894665907771,0.5952458534012449
55,1,0.08771929824561403,-0.08771929824561403,8,21,1.4071807406017245,0.30874797953363364,0.8964717067747228,0.2576296629420346,4.859376768278357,4.386515674655363,19.672112468889374,11.537876369745277,320.14005830551514,1870.459308584646,0.584828221824252,0.605174455016547
55,6,1.903399025216423,-1.903399025216423,9,213,1.1742559028570903,0.3145956934305066,0.8537373280087591,0.2480162990778202,3.4692862991200646,3.2899708082177646,14.098905608580532,9.793873268185214,380.8586845432093,1083.9231488841656,0.7196654236326596,0.7430700668669704
55,9,4.743264808364191,-4.743264808364191,5,39,1.3722711386877517,0.3830186177924014,0.7745713247340751,0.13804112288902298,4.94625247822475,4.133242616140414,15.6181157798654,9.690007465487879,384.3793556508112,1512.004061999944,0.8723783515018763,0.5815516744916068
55,10,0.08012820512820513,-0.08012820512820513,5,242,1.3338388226878315,0.2801637196999985,0.7714758198574712,0.08765764988958837,3.510822096740376,2.2580917886876546,12.960387348813278,9.641175462720982,235.23872629710957,1397.0138041473208,0.9726822658132387,0.836604369443792
55,11,4.918824007515069,-4.918824007515069,36,31,1.3439441708525386,0.37360538669686244,0.8341286979835121,0.14516606149168293,0.7047454298813278,3.5924107658791584,16.06304101184226,8.76724289024634,467.7615295373097,1313.5945716606825,0.691796531576796,0.7222860420926522
55,14,4.925428387374726,-4.925428387374726,19,21,1.4071807406017245,0.36302993707784803,0.8484046983089,0.22668080266413218,3.9652748544195147,1.9215856632220847,13.617230062811739,9.649647578242872,320.14005830551514,2108.914627980631,0.9390710059479705,0.7821462941561232
55,15,2.1866776195242643,-2.1866776195242643,10,21,1.4071807406017245,0.36302993707784803,0.8964717067747228,0.2576296629420346,2.1026207851413234,1.6261906715566077,12.60757952462028,7.816336918381488,320.14005830551514,1870.459308584646,0.9390710059479705,0.764454198385296
55,16,4.8885269374665015,-4.8885269374665015,11,242,1.3338388226878315,0.3631988597636562,0.8520901293501069,0.13295466946589965,4.81157936413027,3.660017268020373,13.883757952367585,8.759406265597834,495.341171608133,2307.687360708961,0.7162894069113721,0.7869355115123511
56,4,4.785997666921087,-4.785997666921087,25,115,1.420812208619542,0.35377645923427636,0.7250215716786957,0.1487755809996288,0.8279453029703985,2.7493698549869396,13.853500779393313,9.74553535150619,388.1982921071331,1275.036515223262,0.7103004235635997,0.7705378769315473
56,6,4.788139865350123,-4.788139865350123,25,158,1.415964635350932,0.37023251932585954,0.8185179098933902,0.23989782218548483,0.6244870355848544,3.0511976980468107,14.516343921750742,6.312871953761767,456.80518691595387,2911.0760838815704,0.8162513080112426,0.8191303378468442
56,9,4.969871998637441,-4.969871998637441,40,121,1.5104584815508404,0.36007649757371846,0.7942071836039966,0.2473464297111899,0.9860636166348096,3.005926480134155,15.001585334401899,8.619487676980611,475.57806975433044,1013.9273998599754,0.7515754196521267,0.6412800514433517
56,10,0.07886435331230283,-0.07886435331230283,5,20,1.3231508231219329,0.28638615741349127,0.5587454215252656,0.19351724917468657,2.2282759135370913,1.7765487648019234,10.738029155686782,6.9891002748429605,402.93766834995085,1722.5888659059874,0.7253824523028121,0.667412798274163
56,12,3.5646975742934677,-3.5646975742934677,35,188,1.4012403228276074,0.3541875496864093,0.8476483525178387,0.2232288599556964,1.2225557144789738,3.968297428137157,16.997286445380784,12.96190487431547,374.6629694936034,1300.183632330124,0.8032468560882602,0.8762083897294689
56,15,-4.5781023893153385,4.5781023893153385,12,62,1.3618403667477441,0.37297768327933123,0.6467686529188135,0.22888596588534532,1.7369960778983444,2.359910060427142,17.530035676306294,9.349630673885576,399.54264490643163,2275.331387297866,0.9479228616927069,0.8165439517281063
56,17,4.988536927899205,-4.988536927899205,12,38,1.2152557099955752,0.28950845455354957,0.8823281273732226,0.1426667202983583,3.1755068991657454,2.3156320807236153,13.845693689929636,10.180855872741315,416.34590250946763,1116.2989664487313,0.9618252740903346,0.6698792276294405
56,18,4.377672809597338,-4.377672809597338,36,188,1.4012403228276074,0.3983241494975015,0.8476483525178387,0.28750899383589984,0.5491804889962397,3.968297428137157,16.51351077202207,8.763327503673535,451.5969919047157,1300.183632330124,0.7762920422115143,0.9726894919811677
57,8,3.7916628631088933,-3.7916628631088933,10,133,1.3235339555216064,0.38357648813028705,0.824014330621121,0.28376648661880044,0.5317794549638806,2.9641520270274584,15.453060879887529,7.565569985485027,470.2158860383674,1616.7141505309437,0.9757069734029011,0.7401817968944412
57,10,4.843016311895179,-4.843016311895179,9,227,1.5171755752274818,0.3057400307115503,0.835222789426748,0.24296136133543178,3.854714759381429,4.0325013672788295,13.182298267657808,9.13572707724795,432.1385822903202,1715.6536536356566,0.9427238820775101,0.7200429870816164
57,13,2.7174216664120983,-2.7174216664120983,29,150,1.3496199218783125,0.3920090401494981,0.8852184107588474,0.2262218204787176,1.5151528120534243,3.931199839820578,12.6960112249118,9.666044701869032,472.72265547769854,1913.9614582044394,0.9157977127684704,0.7081437788873987
57,14,4.94062713763231,-4.94062713763231,11,189,1.3715081697548663,0.33149053743375523,0.899432658940688,0.2866592384399929,4.432803707305068,4.345785358371986,14.036192926149168,10.552805990192624,398.65964170835935,1410.2231339291104,0.973599684753695,0.6951731222087607
57,15,2.8171537862637894,-2.8171537862637894,19,3,1.518347293558954,0.29781008618648486,0.7342097140444575,0.14651889379972002,0.876393506418804,3.1336040632956323,13.41828410640209,9.50863490684477,430.3858090711804,2873.785699932936,0.7982041639901407,0.6894451785933728
57,16,4.249852470763755,-4.249852470763755,8,226,1.064166743834843,0.319832699408243,0.6945850181422746,0.29002048503403227,3.8839255204415735,1.4654066142951194,11.606408409648669,9.10982045913146,369.0721956940631,1243.1074388919528,0.8593086207846785,0.6062245623080783
57,17,5.124704397996325,-5.124704397996325,33,228,1.4919980334767124,0.3247596347414272,0.8850343015922265,0.25852759575258805,0.6031070575616524,2.3911225179753255,15.511336413360057,8.434978775033223,426.6944241800737,1070.340041303205,0.8312068671843369,0.8468831706100226
58,4,-5.319517525585854,5.319517525585854,10,59,1.4873209685027151,0.2568173343163024,0.8136131949869748,0.2798968126414229,2.632127174605239,3.7987345759620323,15.393972921005249,11.315659776976903,325.6952287947203,2121.709041602945,0.9919003602223448,0.6822210792452097
58,5,1.7710127041270995,-1.7710127041270995,12,48,1.1861339417206183,0.38206299800401633,0.745019805262886,0.18402097175377352,1.8779771857460552,3.534010482091368,12.708149329638037,7.260780224649611,448.67183960777925,2241.946882236957,0.8784329781598316,0.8095815447164803
58,6,0.26139049471730136,-0.26139049471730136,10,95,1.4607349267444978,0.33468107250368945,0.715324862219248,0.20195726109680073,3.1583301938630592,2.784887751422132,16.719389908105466,10.12588828302729,381.5702606328488,1038.8848477073766,0.9237037351585591,0.7528221149622203
58,8,4.944065976461551,-4.944065976461551,25,202,1.4770548578415048,0.3128959445956012,0.7470508391379803,0.14612275909676992,1.109682362601682,3.625845967934683,16.22544434173485,8.601725767683874,428.0453475900527,1902.4922879369094,0.6920587096340902,0.8175087626226365
58,11,3.0276562350800185,-3.0276562350800185,30,56,1.4711406466152326,0.35233015634516035,0.7708293435686927,0.2594654671703137,1.9055715838978897,3.762416377729581,13.727427368318546,9.579830267292412,484.8675643037776,1652.6863989817566,0.8534922385548361,0.7158677631457682
58,14,0.07374631268436578,-0.07374631268436578,6,19,1.397574902231685,0.2735918464491658,0.8633235982006601,0.11708998130312745,0.699285585898906,3.792371563153657,20.577439344412866,8.989044023315337,214.32234793901443,1785.3746875077659,0.7034408139309078,0.6883512570787798
58,16,3.9836493045426185,-3.9836493045426185,27,59,1.2892137969675994,0.2929967742453253,0.7251857659932048,0.26874832633722134,0.856923777951949,3.3265355131096737,14.848061283977174,9.565755887955588,479.1545764954759,1003.6796734184162,0.7598754873975149,0.799427665737209
58,17,3.100941356381458,-3.100941356381458,35,56,1.4711406466152326,0.35233015634516035,0.7708293435686927,0.2594654671703137,1.7218606890098114,3.762416377729581,15.284036340092282,9.579830267292412,477.39573204815565,1291.929533694429,0.8346091103301952,0.7158677631457682
58,18,5.069511952434951,-5.069511952434951,30,234,1.4721631115751928,0.36683547095693786,0.8275247875344065,0.1432020307319516,2.2550162793785877,1.7315741034273304,14.87180676176676,7.19424751824679,486.59420961204586,1542.2516690024668,0.7948368462825185,0.581680565448647
58,19,5.012040250717641,-5.012040250717641,13,233,1.361271061131791,0.3342353141111646,0.8125600414700866,0.26522434944602796,3.9871982428109556,3.1854758861451513,13.746851015933435,7.8356476454722195,440.20382120269835,1143.9877748641388,0.9654924815369392,0.6166857501988124
59,4,-3.1378434759886007,3.1378434759886007,3,14,0.969585689251681,0.3129499907224124,0.5964482619392975,0.19164298487392414,0.9193448680453002,2.184898387685947,15.172239263968526,8.402644807347457,496.60171595146636,1405.4004138553942,0.6462716525420547,0.6750119050387877
59,8,2.5905611034718716,-2.5905611034718716,28,80,1.4960853174118665,0.23287788337638624,0.7969997608386251,0.21917410394540843,2.0318394639639896,1.7210308104930048,17.15086887771488,9.330418015341792,380.4290685959562,1768.8247279158281,0.75507115135678,0.5662691203618242
59,9,3.838337291833097,-3.838337291833097,37,65,1.107099649676702,0.3998031436388163,0.7536870574268736,0.1848462981359395,4.581231926949427,2.5710407190612363,18.91503355384841,7.970992736498188,463.8627620655467,1809.9793161480234,0.7305605010258729,0.5938758840989662
59,10,0.07530120481927711,-0.07530120481927711,2,65,1.3079169101810824,0.19230258845829706,0.5672676803356084,0.17701389885482058,1.5280106540104734,1.3277093096545889,16.88541220750099,10.49097660816359,223.71919673194466,2894.0486772526538,0.7878669998789474,0.6519938763484685
59,12,4.255365185904796,-4.255365185904796,15,124,1.3513051745514724,0.3713355915343482,0.8201984030481743,0.15588464829894555,2.7271695221559327,1.5727780231291382,12.174706031383117,8.032760453619156,367.83857304690207,2883.721391434323,0.7856438400294825,0.6462386400722648
59,13,2.329340208770305,-2.329340208770305,27,138,1.4323356957792548,0.35885464988067717,0.8751369615510766,0.20277459691217145,1.4635870612882038,3.1752577833661855,12.793813618869788,9.02432364863622,375.435990742922,1742.5827717126842,0.822854398885791,0.7977872128190518
59,14,4.312432826899058,-4.312432826899058,23,193,1.3695930935853549,0.3696215069130784,0.8151286433486393,0.2891498018815205,0.7578745754032181,3.1212684574846743,11.524379986080536,5.280192992450784,486.9904184050638,2073.963146146165,0.7858122732302462,0.8954549708689614
59,15,5.0224728614721394,-5.0224728614721394,14,73,1.3780756103482728,0.32239563315947045,0.8342277255771378,0.17024473277175248,4.09083006137262,2.5959874076294964,12.5192425655834,9.260857237888734,414.85564909881543,2531.6456441976757,0.9869621893118679,0.6415392862901761
59,16,2.323955221818297,-2.323955221818297,10,177,1.1140293062997924,0.2843844764755762,0.8834978903561701,0.2776688949771993,3.4001612975513456,2.939437488766135,12.946342202390795,8.279059958423005,441.1838519745044,1105.0010410490213,0.983382843991734,0.8104817133609911
59,17,5.211871943449813,-5.211871943449813,26,73,1.4092776783105019,0.3632482236524598,0.8063937878001706,0.2916321666762421,0.5989790706691642,3.0771471566879534,14.067750886967746,8.801473201532078,454.97749805433307,1203.7818459418886,0.9869621893118679,0.8910681458935703
59,18,-1.4376207068207618,1.4376207068207618,18,10,1.4271590863644432,0.25814047381637245,0.7456584747979585,0.13278316120233968,4.858117036155113,3.2431078076311426,18.507083227591917,8.542473504234609,260.6975193643065,2002.0970894788672,0.9366085825639507,0.5818819513759792
59,19,1.3876643919878857,-1.3876643919878857,9,177,1.2315429250205927,0.2843844764755762,0.8661040605831614,0.2776688949771993,4.29825807455716,3.0560409341020405,11.660193981339162,8.279059958423005,358.28516016460054,1247.3481838453874,0.8435307401210199,0.8104817133609911
60,3,-3.466168354345708,3.466168354345708,5,72,1.3947244770627547,0.12579574133160035,0.6664062548660774,0.2980882598980422,3.786326728641115,2.7324704904174664,10.825855399307459,6.393762622895885,456.7830363995346,1474.664592739969,0.7238857572481902,0.7232661739064662
60,6,-0.8355540192764144,0.8355540192764144,5,50,0.9886441797386639,0.2611741924090095,0.8979317722171385,0.24062323758639886,3.305810589039928,2.5340408353430313,14.382347727247566,11.018603525725155,387.65887043963033,1253.1113511640804,0.7426473472254967,0.8295004356944852
60,8,0.0755287009063444,-0.0755287009063444,14,24,1.3022244507159466,0.32786027550753527,0.8687951286467537,0.16630190943969939,1.3363613238307672,1.4743808817690935,13.140497764553444,5.428574770737525,379.46445049667835,2781.067201197705,0.8720419384358451,0.6341179838363529
60,9,0.0748502994011976,-0.0748502994011976,4,245,1.463457396075636,0.17699419133365155,0.85118108689785,0.15763111952288836,2.8483607949424767,3.3027350774371396,20.104157836176455,13.502930402755737,204.29983222857118,2886.7173474282026,0.5507906079292297,0.668347616800193
60,10,4.87029619179098,-4.87029619179098,29,31,1.4923620436242637,0.3804148943340634,0.8341286979835121,0.1964068897416003,4.566389732093479,2.851041898051771,16.07512507862175,9.63899004183462,338.8205138482102,2319.0296898128354,0.9645971313144918,0.6619096070514985
60,12,0.9064459781248466,-0.9064459781248466,13,89,1.4492275378942172,0.3150010814788014,0.5423935810303442,0.17466518629240393,2.583659771088175,1.9230836633782837,14.583388082706112,11.20669297469005,267.58793030006063,1889.2738548385412,0.9423727715112032,0.5364497920512438
60,13,-2.4930233635493373,2.4930233635493373,3,56,0.9371046574335082,0.26622997720574376,0.7056357879752088,0.1585002392892857,3.0836947633071494,1.2982703481091922,15.248758127818189,9.941786474815158,379.4739205921947,2546.0636987510584,0.7962514865687386,0.6293420591939328
60,17,1.41621574664374,-1.41621574664374,3,229,1.045579843712216,0.33698399816061303,0.6793965727606777,0.1640723426036808,1.4784596819313862,2.626729582939765,12.826795847185345,9.480624825972237,314.632084088216,1961.405198569609,0.8824163060327564,0.6076399810187261
60,18,2.41103590376799,-2.41103590376799,13,154,1.328787496284013,0.36581590107143774,0.877632920959756,0.21849278646887668,1.6457539027328265,2.7401880575078907,15.520496042504417,9.447530522771332,357.38472537782627,1287.7280214866196,0.7823210869793968,0.6239407709790529
60,20,1.170034685293635,-1.170034685293635,12,154,1.0152548378502755,0.36581590107143774,0.8234261869003277,0.15894304673762805,1.7789709958750897,2.9089762907232637,13.423564966906934,6.9196342161864965,357.38472537782627,2148.8043447412324,0.8707444529837081,0.7090598908093739
61,2,-4.323234179078451,4.323234179078451,5,18,0.9851666515323334,0.24794239894925382,0.736022973801288,0.0926878803084183,4.9764433422937335,1.539414339852299,17.112820913655497,9.641400509711843,365.79797059596075,1469.3036274048168,0.9642067505289671,0.7885735151218569
61,4,0.07716049382716049,-0.07716049382716049,20,115,1.2384119364714232,0.3519604264271567,0.7250215716786957,0.1487755809996288,2.7102880971807037,2.7493698549869396,15.858846550047545,9.338716200980128,312.4041265260969,1484.6743690731937,0.7103004235635997,0.593937891545914
61,6,-0.3373811441595249,0.3373811441595249,7,85,1.4380540685525594,0.17710039158820942,0.6657646189052773,0.11762768581275358,4.140618638013271,2.4233307105485147,12.677705984292766,8.735531147972914,386.3663180020122,1707.5599325232683,0.8793889773005618,0.8974731236060328
61,8,4.958348587905862,-4.958348587905862,38,232,1.4404173671384606,0.3934660742027727,0.823081466458951,0.19839202186144128,1.5972860304675618,2.4561766917572374,15.98494602042709,7.664199003101327,347.29513858336514,1768.5956873668854,0.8830231384396703,0.8199108697611921
61,10,-8.386670918834419,8.386670918834419,5,85,1.3863150730881317,0.35057192730614667,0.6657646189052773,0.1994512916390132,3.7888906896380656,2.4233307105485147,17.329499527889638,8.478034707605785,463.97528432418176,1327.191007549252,0.8968112090579969,0.8974731236060328
61,11,4.873201066849036,-4.873201066849036,14,230,1.4381075088585242,0.3428047738176991,0.7885810166432676,0.12965693085645014,3.941682462067633,3.485934691246298,15.521637789278621,11.89213889434481,407.7851887327595,2673.804229070075,0.7315711133262143,0.5348270004502526
61,14,5.017012798782892,-5.017012798782892,33,119,1.3499134524364873,0.3920252803860962,0.8709716636378715,0.29223002427324296,0.8023412637298466,3.997154230803715,18.000849879781388,9.468035662791165,405.7058263392234,1171.373686486253,0.7517762996615894,0.6917058863752944
61,15,5.06116962873709,-5.06116962873709,36,198,1.5097105567269464,0.36305195594856565,0.877341975324075,0.1460507164107302,0.7714420302120253,4.053659763267985,15.995334789295242,9.476707493605993,476.02626885092246,1707.5775794813503,0.6615875026240883,0.787775092266743
61,17,0.06887052341597796,-0.06887052341597796,8,16,1.027327550140891,0.28900794454273016,0.8449068310576229,0.185923768744797,2.5763216596762546,2.869799671763576,13.95693048237484,10.402735580383622,217.21440581470836,2642.9564721839147,0.6429974613557321,0.5508371838091943
61,18,-0.39449102431260297,0.39449102431260297,13,115,1.2062909930495846,0.3519604264271567,0.7250215716786957,0.1487755809996288,3.8348869635865563,2.7493698549869396,13.097186100668678,8.793293472611218,312.4041265260969,1677.1010510060096,0.9661784947157842,0.6367225996863723
61,19,5.198351221536909,-5.198351221536909,40,143,1.518235812183218,0.39108347371374064,0.8171884538122944,0.16611414531464358,0.6232501077165802,4.12222573556477,14.287746696267428,10.51677044370475,434.89130260953203,2485.7929650717297,0.8343929438848264,0.8200542299900172
61,20,3.191027513655991,-3.191027513655991,27,145,1.5205361424282657,0.39161391301584103,0.7530423097730088,0.29508599589919193,1.9799871665596795,3.372555338176107,13.145661788041739,8.710660306761369,492.8276520781665,1562.6970502555344,0.753500816390057,0.80199844690019
62,3,0.07668711656441718,-0.07668711656441718,1,41,1.317779709590599,0.12180996210021999,0.8104700980581364,0.290509471334517,4.3168396306159575,3.12128443736583,15.371918687596917,6.845400161181238,442.15049124855966,1079.534209647105,0.552740207409764,0.6754317955441361
62,5,1.1320816871470956,-1.1320816871470956,14,26,1.2920066028653383,0.2620586014837957,0.8685196401846945,0.14766784018003665,3.63336963232934,1.5749804567043668,16.367980074930628,10.905785320858275,392.27813036539607,1180.2644638682411,0.8469420425578251,0.6363569049522915
62,8,0.6314552111143064,-0.6314552111143064,11,70,1.5101280804923543,0.22393172272124845,0.7268397384400342,0.16783869926468853,0.7506094500367657,3.7376577341870005,14.846996832329017,9.604855359287324,414.8182409486351,1800.4085505253604,0.9362723664282742,0.7851253962296552
62,10,4.77085765004014,-4.77085765004014,33,203,1.390232927133182,0.3771561663283408,0.8347874135176734,0.16785321428119812,2.7217417402302564,3.954819119077848,12.319679768037249,7.2750248168275125,452.13070309263344,2408.3265703604325,0.8196107322876957,0.5031358074603144
62,11,4.764732711336781,-4.764732711336781,31,138,1.4323356957792548,0.35885464988067717,0.7691449721159622,0.1270911351804631,2.1764695962188054,3.2746700487974456,12.793813618869788,9.02432364863622,375.435990742922,1742.5827717126842,0.7996424366457933,0.5776541607739853
62,12,5.250320720271699,-5.250320720271699,31,218,1.4868141564080595,0.3721227232935924,0.8530726872569441,0.10888201932112077,1.4517356567451918,3.474366484848249,13.866152507363973,8.575627588490052,486.5498675079397,1179.639580562338,0.8967295121056005,0.7828176551242663
62,14,5.231981211289068,-5.231981211289068,33,2,1.498340807401354,0.3633121120108094,0.8549969135611979,0.2689972143715128,1.3434329933668319,2.3053011306811313,17.38177106083352,8.780554697543725,344.5831750121607,1290.2288045629703,0.9695530824661567,0.7327680489420808
62,19,0.06684491978609626,-0.06684491978609626,12,1,1.1826962575024975,0.30698171767840643,0.67999498410736,0.18975039400857435,2.454250391684485,3.8813527038351157,11.1624847544183,5.327473339638605,457.00939454273083,1038.1600778687916,0.704162879027608,0.6660240490605068
62,20,3.04031914836164,-3.04031914836164,12,50,1.3106537918067926,0.2996626640751033,0.8572919916558306,0.1781750279865441,3.3529434994041805,3.337524812775361,13.199147940736824,9.484474577488546,495.2747831522661,1464.8502001612987,0.9968864347070627,0.6012426922928644
63,4,-1.0985625329676099,1.0985625329676099,7,24,0.9615221356101886,0.321098564792293,0.8687951286467537,0.12997014113218536,1.3363613238307672,4.349407056480405,13.21229027726191,8.584720368178289,379.46445049667835,1760.7474780081031,0.8720419384358451,0.6400445193367237
63,6,-0.3566198499506603,0.3566198499506603,5,208,1.3873452581640346,0.2506358168590563,0.7686574211942254,0.2542895486959136,3.8733399222084532,2.139040622066714,11.839421861809749,6.607206914009226,406.66657276110686,1456.8440217638017,0.8338085110299289,0.7458831463961699
63,7,4.81013211021107,-4.81013211021107,36,217,1.4560059362385687,0.3950439418511692,0.8451106974743746,0.10416006449492693,4.632292597827867,3.8631507999070847,13.526955729853164,9.56911830631413,491.2987999171264,1859.3954887582317,0.8623452558059809,0.7156753957035984
63,8,4.851608504749407,-4.851608504749407,10,55,1.425869571747022,0.29178671620709096,0.8421145244373043,0.2874241325472877,2.6135789202467983,3.643111883520152,11.460215461554084,9.130419020473102,496.46252285118015,1739.426911046529,0.9517830317246496,0.5429423204272847
63,9,-8.428619170214937,8.428619170214937,17,191,1.4623153568345661,0.2609861487037439,0.771693303825682,0.09331393021152538,3.902922902049687,1.7524771448319747,21.54257813484957,13.854986627426104,291.6013176248212,1490.4957348759826,0.8408050405055623,0.697832396343327
63,10,-1.615324627782675,1.615324627782675,5,195,1.345331783954378,0.16333882505203245,0.6357840823686252,0.1913173493025311,2.2488906817047356,3.48474024687352,14.88688528110665,6.0843588673551965,423.30283114986764,1118.1947171812703,0.9302862048345084,0.6751803641598144
63,11,0.708931501557748,-0.708931501557748,1,0,1.2195063193370568,0.2758139559480391,0.6853789367068595,0.23707154717291043,4.7233101887199265,1.847047492204617,20.49505611776303,12.05361034679055,345.41144724935293,1537.060311064124,0.8037186870289144,0.6690614266707486
63,12,5.052183129417356,-5.052183129417356,27,143,1.3485005295689576,0.38206403208519024,0.8547493315794061,0.24362534824398685,0.6232501077165802,1.8805832201777644,14.287746696267428,7.072516770232738,434.89130260953203,1306.8010721127416,0.8545829940817781,0.7829051791522765
63,14,2.2095531842285228,-2.2095531842285228,15,139,1.3563839875672836,0.2716705429008006,0.6959503737784362,0.21708626908853612,3.8159924929699054,4.4214605539802285,12.085041326749796,9.363441994770174,429.81944278036747,2588.038215926454,0.8632589123026926,0.8201663512223305
63,15,-17.440352920455627,17.440352920455627,1,124,0.9918430247865618,0.27403111819177867,0.7974698709324002,0.27832527903839943,3.856346845626831,1.039068765938282,22.530821063555777,13.448922767303884,401.717665232718,2720.4124853014946,0.7905871891416609,0.8695467310026288
63,16,-6.028794536085326,6.028794536085326,19,191,1.4623153568345661,0.2966579846899164,0.734726965055341,0.17443313218853132,0.7836630386120169,1.7524771448319747,15.984415344226399,12.088421174087365,492.6502366721637,2615.612328802387,0.6533652298025787,0.7118045959692965
63,17,-3.259722053211122,3.259722053211122,3,208,1.0792678092051964,0.2926284862900734,0.6886434352648864,0.1645700381944005,0.8445702464925224,2.106634799170398,11.515543926507235,8.401471718113811,306.9128152459726,1837.9474833664185,0.8338085110299289,0.945115476846695
63,18,-0.7851981011529618,0.7851981011529618,7,157,1.3604521993637728,0.3310832457870524,0.8945554194392142,0.24888458111570816,1.6631366774247376,4.074657203194896,15.017463953086919,6.627400394877185,363.5741369425436,2193.437794336326,0.90346447356075,0.7237754559583333
63,19,2.6746233858994914,-2.6746233858994914,12,98,1.3151189769744582,0.33926329220650997,0.6754078907145866,0.15979207119511518,4.5626028167266925,3.8995853996481022,14.268356921383335,9.532288996093378,453.7962596137448,1824.2346745411128,0.8826565060784568,0.5541501619923146
63,20,0.06544502617801047,-0.06544502617801047,15,162,1.2771291323033462,0.351984333909367,0.8233978825679883,0.12161897601445923,3.4560425944288466,3.8702339409016155,11.94569280030349,7.137853064915568,203.79123605115512,1753.948591830379,0.8592349822026484,0.8317031073285656
64,8,2.5889436607824576,-2.5889436607824576,19,96,1.509057945809332,0.28199722243299363,0.8376957045425474,0.09632522486035971,3.117016097244729,2.8442971386677423,13.210471066862251,10.063890058304962,284.09733307249525,2796.5967762848727,0.9717848274754367,0.7134362272220385
64,9,4.892651158696774,-4.892651158696774,8,146,1.464322540315496,0.32545186980536855,0.6984865252956339,0.09865496239505471,3.5068261998130037,2.447720875603717,15.440021390350253,8.958293050493598,425.8351420177813,1445.6277227085643,0.9025276524774943,0.6021093263359458
64,12,3.1704338595405046,-3.1704338595405046,9,127,1.4603171495651126,0.33602748150458206,0.8070736146307719,0.15471708694244993,4.261313554461461,3.657763106751293,18.31136949826032,10.30407316907533,384.9214117554887,1852.698534690554,0.9809250717214522,0.6151704152364192
64,13,4.065707527920892,-4.065707527920892,28,206,1.4716305594270167,0.39862695284569216,0.8021946081715692,0.18268937056540044,1.90532489248799,3.1942434746180632,13.265403596328063,9.157333609013243,472.9026045782616,1581.2207182965417,0.7379100488785374,0.8770062681751121
64,14,4.972901950485429,-4.972901950485429,33,206,1.2248153243870208,0.39862695284569216,0.7421794215169544,0.1750470227363592,3.1162318830787603,3.596137218190327,14.592753979994493,9.855081183668345,459.7889523030963,1615.4014054372628,0.9192591712914203,0.566774883532883
64,15,5.1364694394839745,-5.1364694394839745,36,87,1.419400538103643,0.3741453391670324,0.8574127939651524,0.22707088650741844,0.8103514460836325,3.2430033614715392,13.485578575939797,10.363680961964766,467.9448212799383,2165.110583709747,0.7829963314512551,0.5635644699839311
64,17,4.278154405020077,-4.278154405020077,16,127,1.4603171495651126,0.33602748150458206,0.8708146747559636,0.15471708694244993,3.6630127721330865,2.348721518047051,11.992952698458593,5.0719248661139975,388.7223563053051,1453.3597579387294,0.9809250717214522,0.6151704152364192
64,18,-2.2863055543757835,2.2863055543757835,6,220,1.1206691347297386,0.21266238097761786,0.7242271395089005,0.28533710415470487,1.811414409909246,3.097544362223433,15.042314935860006,7.27790462827019,230.39457068196884,1984.3324021575988,0.9467605472050332,0.6598125979026518
64,19,5.173102193876788,-5.173102193876788,26,190,1.4640545093497213,0.34635901399519986,0.7642360415473115,0.2671328470094944,0.5091013021714477,2.528904417641143,14.454925635955638,7.7218136753070645,436.07834274803355,1480.4983615376534,0.9081530121032705,0.8967517572401903
64,20,2.799201894776952,-2.799201894776952,15,213,1.3972706428494477,0.3176761948721694,0.8537373280087591,0.1777392620806778,2.677121568261071,2.5973148069499046,13.875502050733102,10.322146764361232,384.48059059045,2817.2968116426587,0.9077149911005439,0.6301445190009767
65,6,0.07142857142857142,-0.07142857142857142,6,78,0.9573586613098329,0.36144166845247966,0.652322334198489,0.22738853728598643,3.5817916059602473,1.8036223650542116,15.248294592593037,12.059079513139976,246.03648598142382,2474.8617153108366,0.7659011023640427,0.6610601920927023
65,7,0.8382521692353899,-0.8382521692353899,5,199,1.5203610560417413,0.27812125196552273,0.6325233755760433,0.11370146404183208,1.3128045518329583,3.5546679758059945,14.20440440479266,8.51252000965178,466.96889796546094,2091.612098738551,0.8147371644663208,0.7455066706092983
65,9,3.615391846928469,-3.615391846928469,40,126,1.5142299216382011,0.38313372932696543,0.8555091465546987,0.2401698150018353,1.7958951897475222,2.361738104747496,18.893639261645756,9.435335145188535,367.8846908746202,1447.0357168251635,0.6951677211393837,0.7640726930317379
65,11,5.1548780642038885,-5.1548780642038885,17,212,1.4916754675009392,0.3524270887626906,0.8834162597188873,0.15145238741988706,1.6911527997852565,3.1473697691020193,15.180491369962791,9.073110297704964,458.2531601663683,1615.0447903573329,0.8745814924253792,0.6676710722289716
65,12,2.818934121121593,-2.818934121121593,18,246,1.2513080129011054,0.31572112321048434,0.5804029979513861,0.08518046467292491,1.516715444029181,3.0295161979995853,12.633007540678408,8.377621236019333,496.1640527705922,1173.3847336976987,0.7144465574298793,0.5153869338930268
65,13,-9.92645201993232,9.92645201993232,14,49,1.285338125281036,0.23695574273069053,0.710807689258379,0.18586707419999418,3.13441571732983,2.850839703907138,17.01592244683734,9.890038228755937,361.4860218933936,2723.9072914851595,0.9508172719791215,0.7366405698582297
65,14,4.940325987377141,-4.940325987377141,40,64,1.499343280743492,0.34948078205955097,0.8341806763236972,0.19803553735343477,1.799667644342054,3.0214183714537377,16.259124580238304,7.78760758640113,402.96846738465183,2429.6552614625684,0.834107412322252,0.5671620411637746
65,15,5.01072234734092,-5.01072234734092,38,68,1.4418222181124414,0.3307119043481092,0.7535122801830737,0.20361683314409812,3.89436408127773,3.555503997931911,16.26726760312699,7.389465990967339,478.35608008730304,1356.6788748441268,0.9218085148263085,0.6525165295892733
65,16,5.046973732859639,-5.046973732859639,17,105,1.4928554269711471,0.30491674831230803,0.7937439014993741,0.10327888944151058,3.9032204117788925,3.4232150116367643,12.413101890561698,9.399477055178235,430.7761977315191,2470.280164153449,0.9491999210312445,0.6138979187859457
65,17,4.279587201569977,-4.279587201569977,24,118,1.4821651121924297,0.35073385186409145,0.8392277569032599,0.14698527834008607,2.43531689450611,2.533156153075815,12.033618192559508,7.550825505821612,333.4701138753987,2204.8292093230916,0.8858958542164689,0.7565727261144184
65,18,0.06476683937823834,-0.06476683937823834,11,206,1.3491157554892523,0.33369648169943816,0.7973088603152618,0.28250620968222373,4.877727242076522,2.802692664476934,10.170544369518435,5.563693181746806,402.06569175584093,2868.202974361247,0.7240282098480773,0.8221987482438018
65,19,4.367745263707761,-4.367745263707761,29,98,1.4357141938319888,0.3364603502746495,0.5755556130133698,0.21241894168200082,4.720232845922047,3.898550537305566,14.268356921383335,7.744818205587447,428.8029620722041,1824.2346745411128,0.8367219412859525,0.5541501619923146
66,1,0.07352941176470588,-0.07352941176470588,3,51,1.0549977574034857,0.2689615140271482,0.646926812208111,0.14209823112565076,1.8349754017295372,1.683933063460896,13.639858361597355,7.203203699071509,498.9093579884126,2891.972095808727,0.5222327477521791,0.5441676711557732
66,5,2.3230479955766437,-2.3230479955766437,24,48,1.2216487309592763,0.38206299800401633,0.7599609229685246,0.2931054837201176,3.249546731927249,3.080830453303652,12.708149329638037,7.168919907282785,382.3558110829888,2241.946882236957,0.8784329781598316,0.758070089299848
66,6,4.836898379603407,-4.836898379603407,28,97,1.2761210552709508,0.371853507994455,0.8435602358362446,0.22172936816228414,1.2340043704777697,2.0736987600601062,13.512112685529551,9.168187445343852,453.7487987774999,1413.8168236145389,0.8810094193963356,0.5261293939034218
66,7,2.1389755215098916,-2.1389755215098916,19,111,0.9370284192948335,0.3550696990811073,0.7205580998419547,0.15793748469430907,3.198706332420821,3.4349348752415003,11.991403952647442,8.134843331640775,499.55781604747995,1636.407162359916,0.8884712133002641,0.8789048185748795
66,9,-1.8831692891630947,1.8831692891630947,2,249,0.9603924628176411,0.14611254900693893,0.6941169004887342,0.1934727713495456,3.0635871393606067,3.555726105984112,16.037222700137924,9.458647479303181,346.0793866543621,2305.252067744732,0.6147006748339071,0.7210643598904323
66,10,2.7965989703288137,-2.7965989703288137,27,97,1.1973177480793935,0.34390235459095736,0.7598495191299794,0.22172936816228414,1.2340043704777697,2.576366079223972,13.512112685529551,7.696997539475847,458.3367921111448,1839.130331540864,0.989714673492102,0.8111568700315049
66,11,1.9325396239267487,-1.9325396239267487,16,46,1.1444431419485754,0.34734916769943314,0.8263828195976359,0.26781119434904493,3.448604762686562,1.119737398413343,14.962494882479266,9.04777296731026,288.0983396051792,2523.770568074745,0.9453701904916744,0.6223844300750427
66,12,2.627329869489781,-2.627329869489781,13,220,1.228022498652753,0.2678180527302071,0.8353065503821512,0.16526330519897256,4.186238163017325,2.2736145022487992,15.820602035449284,11.280076665857157,363.39990156990154,1305.9855633795582,0.8268892451000085,0.6397312784239784
66,14,5.165411647432354,-5.165411647432354,28,177,1.4082149757581965,0.37193111890764075,0.8402102818398827,0.0829829787368147,0.50687450301207,3.80135805035834,14.520080211046404,10.597700610777485,446.8802018019937,1990.5710280943595,0.8557852775396143,0.7415921035978066
66,15,4.535225243584263,-4.535225243584263,36,46,1.4042157179892474,0.37445219830864557,0.8390112635312705,0.26757127253139146,4.758979777143638,1.7530626802887799,11.962215375714372,8.82783665721196,474.26048711803605,2523.770568074745,0.8772330246792924,0.8538144094802843
66,16,4.982455421354105,-4.982455421354105,20,19,1.3325095212270202,0.32997666693367433,0.8684515790955558,0.2673976312509483,4.342707491868742,3.3267888466936695,13.225505246871357,8.123501887874967,437.2336535831537,1348.5145696604943,0.8956170355880768,0.592376844759015
66,17,5.174346299720446,-5.174346299720446,17,104,1.3853028616989256,0.34816122996926124,0.8865270595202668,0.15543971834423784,0.6867734642438466,3.012829990449933,17.309357515571964,8.801649151706611,422.25966889153904,2476.264385682599,0.7875039832313525,0.8067393521452753
66,19,-1.3943156435411277,1.3943156435411277,10,197,1.4291946519079977,0.23710591368614578,0.8054674950045254,0.16424037411627362,4.421121437297078,1.4620301597962775,17.357268851103775,10.858495110123988,305.58617348272446,1718.883500760146,0.6709347382335402,0.6449026423516221
66,20,5.019653228813202,-5.019653228813202,10,152,1.3560766816075709,0.3429344200857237,0.8493726658619457,0.2788148374779287,3.0358698282688645,4.015017315029852,12.516083774674932,6.649526341681439,470.83505655488307,1701.3996632858366,0.9997224446986761,0.6198612232987387
66,21,-0.34160734350004685,0.34160734350004685,10,150,1.3156811185593236,0.27753555989711565,0.8442011930017698,0.18991713882674338,1.3680967357215865,4.071800328404451,13.926411679818841,8.55938362249783,379.5425889281952,1337.0804744013838,0.9618686591419561,0.6432592697402937
66,22,5.195723039549822,-5.195723039549822,32,75,1.4880212697539807,0.3743086604135779,0.7687666531412144,0.2416753425036668,0.6327067226239627,4.1411388145091905,16.765457815161906,11.499668532984884,438.65057846024985,1462.8009653377603,0.7228299402039878,0.6634054668556533
67,5,-9.896268994891532,9.896268994891532,5,214,1.3743908576822068,0.3609924709980269,0.6805948618953311,0.2150680208084495,4.377304586723735,1.2533324509352353,19.31428987828889,11.228718223477442,379.09894731128844,1314.7313027515165,0.7194013596973924,0.7018894516170785
67,7,4.808836295775497,-4.808836295775497,31,111,1.34267061509957,0.3650081560971615,0.887308997834813,0.15793748469430907,3.569037310121736,3.4349348752415003,14.408937566476862,8.134843331640775,499.55781604747995,1475.9473747559205,0.8476710229590945,0.6207068902752538
67,9,4.61068218799073,-4.61068218799073,12,247,1.0991182430825723,0.3288951777516881,0.8900613748940959,0.21372394497118183,3.51999111219098,4.274689546694665,14.13550929102844,9.936206591000987,446.18803538828837,2834.002954242096,0.927340342454317,0.6942781687933172
67,10,2.6107999025586794,-2.6107999025586794,14,177,1.1140293062997924,0.3206991263286993,0.8393123955577468,0.0921516643507359,3.6386997114624977,1.6757789707757318,12.903947088167275,8.279059958423005,441.1838519745044,2527.7403670313097,0.8965359637683636,0.8104817133609911
67,12,4.8885679323655795,-4.8885679323655795,28,247,1.3261928755193118,0.3288951777516881,0.7614657988860924,0.2289235225775604,2.2077708000357097,4.491087441082424,16.2238990522189,9.936206591000987,397.7034939578389,1440.2220419888881,0.86839758198506,0.5001844674167385
67,13,5.018583030183767,-5.018583030183767,7,130,1.4541422232701644,0.35881183429113894,0.7686174148613645,0.28232163764467977,4.189454723406212,2.7344561218692234,15.21164281408138,6.876947005230358,467.0065377776197,1302.9676881288433,0.9194702996029629,0.6392455221124451
67,14,4.973798162926369,-4.973798162926369,31,98,1.4084584868618486,0.39363080521620936,0.7829857668221167,0.25329788479736254,4.023522495461128,2.4458788107521245,14.268356921383335,7.936240588421256,498.99744830222164,1949.2959704102873,0.8367219412859525,0.6195610275122427
67,15,3.163201659068608,-3.163201659068608,39,72,1.521705088040733,0.38680314762046475,0.8556060032217163,0.21972162052498057,1.5482055323009636,3.342909675954105,16.13947186073479,7.711452372631107,472.5268071794312,1208.4049488748592,0.8263346851631074,0.6105650932188579
67,16,5.064102564102564,-5.064102564102564,28,244,1.4298165029105312,0.273635727998519,0.856201282483712,0.24655439834537618,3.406423382041589,3.0139552825592304,13.294687953307033,9.109798245148639,448.9957236892885,1386.872886876264,0.9924615827253158,0.546992130059435
67,17,4.631165578282462,-4.631165578282462,38,56,1.5095490278763193,0.35233015634516035,0.7708293435686927,0.1962641183681927,1.7218606890098114,4.362043485095641,15.284036340092282,10.766371157060945,477.39573204815565,1291.929533694429,0.8254582615259153,0.7743197892689211
67,18,5.063131313131313,-5.063131313131313,9,0,1.4943492647048133,0.3081986184297155,0.8473301549714967,0.1775374469063615,3.0652542347518668,3.664002402311273,13.809131806240448,9.905134886667764,395.64115090971455,1115.134931302123,0.9207073625063258,0.6753845916531297
67,19,5.0626566416040095,-5.0626566416040095,26,78,1.3671240520360888,0.3377968139350686,0.7910703952022119,0.2528354311880582,4.5353289203492295,2.656674236610991,14.252075652590287,11.344238722576607,433.30471671075145,1436.913144240646,0.7994784230895542,0.7773326044124811
67,20,2.8603020354034197,-2.8603020354034197,10,244,1.4578450971022103,0.313160548909828,0.7725983202389654,0.12548252734686888,2.718057083836451,4.095372842028371,12.86980488384878,9.109798245148639,398.95269719730777,1117.478181539483,0.9924615827253158,0.7214335817410131
68,6,-9.931506849315069,9.931506849315069,1,215,1.1971937618833035,0.2896949473167761,0.7277968952608311,0.22049403566464695,2.9184171445330342,2.2455711605154374,22.065298828960696,15.710943343202814,461.8506847758503,2539.334014058113,0.9072964724784427,0.7808051407337189
68,8,-0.1687019120430424,0.1687019120430424,14,96,1.463270223000076,0.2072211256612445,0.8292914356397154,0.24129350916012104,3.117016097244729,1.3907945320508575,12.264779968247153,8.82103761066447,439.9642156039763,1331.990185375681,0.6786600524278361,0.5377058599972678
68,10,4.9215497956657845,-4.9215497956657845,10,224,1.3974071000772565,0.35587313825952777,0.7466018850290624,0.08049082448386133,2.750444442410216,3.0494527448921107,13.619191432818063,9.563171836438348,347.39183203315497,1675.0466496144345,0.994393024955899,0.7156306190497551
68,11,5.21406304026529,-5.21406304026529,31,107,1.443474033714215,0.36571623529624986,0.8226032150322193,0.17776783921177938,1.7141658411466416,2.2469572342431863,14.843797699196747,8.128856101992472,419.0572805086175,1250.1373383889177,0.8330189158028997,0.8233334955867881
68,12,5.0090826276046485,-5.0090826276046485,21,224,1.3400306769842683,0.2777840668624825,0.8856234270817587,0.08049082448386133,4.138829868214659,2.529335266106269,13.930049042185072,9.563171836438348,468.7758721133516,1742.1353981016837,0.8156139867099184,0.742339119702321
68,13,4.986673208069591,-4.986673208069591,38,179,1.2108597693462082,0.3767253239422958,0.7777164276325801,0.1760384818541209,4.067244841773743,4.4989976518632115,17.883126983111836,11.854479272833833,462.5027630273419,1136.0709843540333,0.6914258483337445,0.566218225329184
68,14,5.0638235402544165,-5.0638235402544165,13,0,1.360016208397156,0.2986989609978932,0.8457362258946983,0.16255702720223114,3.1320287402948424,2.603601605198019,13.94950762317713,9.770027426163212,418.3589415598699,2858.1006179331416,0.9075768739488783,0.6183823995402492
68,15,5.041575404749047,-5.041575404749047,36,233,1.4371370640046488,0.3342353141111646,0.8573206877453908,0.26522434944602796,3.763368846539532,3.4271297513635655,15.590549086249807,7.8356476454722195,458.27685105257865,1143.9877748641388,0.9654924815369392,0.6166857501988124
68,16,4.567611723267124,-4.567611723267124,22,147,1.3852145725311378,0.26548619765747744,0.8593086997009522,0.2968408977607444,2.1018998081624245,2.663081523244189,14.717010289182584,8.561597941358656,430.3681927412717,1482.4642384639078,0.9212584484272381,0.5465977391076056
68,17,5.14645554229222,-5.14645554229222,38,173,1.4599109818195657,0.31304574359042,0.8298412234195766,0.21766378062351543,0.8272701629336972,3.7971561163131295,18.18566669198179,9.143785770039214,420.64710129509456,1692.3057119223,0.853530422534285,0.6920109340301515
68,18,3.1091700360949064,-3.1091700360949064,32,179,1.2108597693462082,0.33602733963166886,0.8886182430194567,0.25961908171895093,4.679435294478043,2.933379761419193,16.188417467423054,11.854479272833833,476.2728698946289,1136.0709843540333,0.7219443218903105,0.6861877845803923
68,19,-1.08479172910707,1.08479172910707,10,139,1.1665299073699713,0.3095381980489204,0.8532464931324246,0.2522336730137111,4.367386794091094,3.768424628621832,13.962823825714338,9.96376623750216,429.81944278036747,1751.6186767019472,0.6746569492072807,0.723174140274708
68,20,5.061425061425061,-5.061425061425061,36,125,1.3757413162039454,0.38155641038249616,0.8293592259026602,0.2093377650280939,4.049581299358088,3.941780471002991,15.226554304414663,8.4639584043004,463.75163574345885,1966.5808101960938,0.8539013696611433,0.670938705296054
68,21,-0.27625368917823945,0.27625368917823945,13,215,1.4495762752584938,0.2978893371515893,0.8881904111574563,0.24196851118911106,4.44048928828063,4.0128855814275965,16.723018813326618,12.733292919017638,461.8506847758503,1656.6179516421196,0.7667585136387349,0.5623594841465045
69,4,-4.722479439195755,4.722479439195755,3,24,1.0651948077111364,0.2816291851089202,0.8285621147409314,0.12997014113218536,1.2472556198539535,2.99461983643507,18.707469538471113,10.413781071234204,379.46445049667835,1760.7474780081031,0.9421030889428198,0.8261015123814535
69,6,4.799607858978234,-4.799607858978234,40,28,1.2458560320040937,0.3623886028554605,0.8129220125695125,0.2364654237099968,2.4918223639697983,3.3578786458098406,14.291227637398652,6.991156342883511,487.65624064227546,1575.1917020728285,0.8822667799729069,0.5154395418187838
69,8,4.978933158143581,-4.978933158143581,19,66,1.3532370702065701,0.3854138008829726,0.8954794328132087,0.22027415856429372,0.7919655251215361,2.9013844338119954,16.08340956923149,12.41100947373983,331.57930217559107,2383.7851140965968,0.8011273748173771,0.6280772167427779
69,9,3.876426321403555,-3.876426321403555,32,14,1.367577425669675,0.39047672405826694,0.8774013808520569,0.11613197598409174,0.5218881237579089,3.303689634895351,17.20101511076386,10.071624956421724,487.32774856648507,1207.9247731326343,0.7786142599106368,0.5994239873886175
69,10,4.839229994088678,-4.839229994088678,31,184,1.4023490709435447,0.343152046701164,0.8889167721346809,0.20458411654049904,4.368329039106186,3.523677777385343,16.296779251740038,10.124686214055359,365.6689892695142,2070.102508647705,0.8127987191579352,0.6778537439097377
69,12,2.8998723208063977,-2.8998723208063977,19,103,1.509914518558871,0.318600484075343,0.8420554669472898,0.10644111947389787,1.295959292520495,4.195238629020622,13.017745347147471,6.26418090619977,460.8320301339852,1977.2437935189096,0.9977233027328908,0.9555770563653295
69,13,1.6949972311416932,-1.6949972311416932,15,194,1.4813371902418624,0.2929727851421618,0.8751245463920267,0.09807649076471862,3.80300506243384,1.1555875851910344,11.708801978681812,8.612261015589079,473.89938852235406,1337.1346966147576,0.8860553777577292,0.8351717418865191
69,14,5.153526682440076,-5.153526682440076,21,205,1.4080912008602593,0.33218552098937365,0.7736522384248663,0.18445514264245447,0.6422041281173865,1.9261523756536976,12.468302233357072,6.689909427357461,465.7515755952886,1750.3212082399111,0.8605112136685908,0.8760772234954919
69,15,5.211789164569012,-5.211789164569012,28,242,1.3391212629836888,0.3840635442119262,0.8520901293501069,0.2669018663828242,1.1921350897195773,3.301540712344412,16.757363512516637,9.218688807336495,423.29243546492364,1507.818362850608,0.7696520288225015,0.7869355115123511
69,16,0.0625,-0.0625,6,32,1.3368474400981964,0.3623937104255188,0.8363499506519392,0.2136034544517875,2.0859953322584093,1.389929591727324,12.954921347718589,6.106900011585415,283.24750304812414,1634.926743208358,0.924314742725495,0.5363171333832677
69,17,0.49896879111842374,-0.49896879111842374,20,231,1.4185024910133217,0.3532548772463323,0.8037309142917887,0.2308491249559307,1.6040170804302671,2.3347598317617004,15.869231386838505,7.303455770950447,462.0814629375515,1173.5636869648129,0.6397774651238959,0.8334703063739166
69,18,5.243172841385905,-5.243172841385905,37,205,1.4576737319614606,0.38055488727485304,0.7736522384248663,0.18445514264245447,0.9501541447483248,2.685019658677116,12.468302233357072,7.149201774901879,465.7515755952886,1750.3212082399111,0.8305886320580169,0.8760772234954919
69,19,4.543575139541611,-4.543575139541611,25,251,1.4884695808263038,0.37451920393811117,0.7917264166772453,0.0826149346061577,0.6096304772472116,1.3991163129788817,12.25367047213812,8.105699608970063,455.2879732823044,2898.010610263115,0.8382564927637126,0.8798729232576262
69,20,5.060679611650485,-5.060679611650485,20,170,1.451895688526353,0.3021193926770628,0.8022752961098603,0.21137358316837215,2.5672508075159053,3.934580120332996,11.784505439454463,9.026194715306222,405.05235454178603,1155.2453639974765,0.9995525971050734,0.7285657918314616
69,22,0.05980861244019139,-0.05980861244019139,7,251,0.9724412894863637,0.28000739740414377,0.7855298766952187,0.15376937187099096,3.4019643821595924,2.90015032441971,11.881604734188391,5.228890955643903,429.04827839097635,1883.0835817049638,0.5686379388816069,0.6808525912026617
70,3,-3.921617526908202,3.921617526908202,3,53,0.9356455355006543,0.36673691466023634,0.7423199697128231,0.13041047452709162,1.5595396519311135,2.139604823430097,17.455416858861334,8.57860152996061,339.6864900365472,1165.2545686790386,0.8766613832434211,0.8074540022796124
70,4,-7.347916621179616,7.347916621179616,11,44,1.5033359248706304,0.391711184249685,0.8461178113937529,0.18961610349315525,2.6928483218891555,2.63071700708853,15.676382320215547,10.624204462616671,395.86176347200313,1564.8436103037714,0.9615802137061186,0.5361823258652627
70,5,4.75029357561772,-4.75029357561772,13,64,1.3365287031093696,0.30984589950049857,0.8341806763236972,0.21706433392334368,4.938517208316186,3.9728724457049536,15.741736356942553,10.500321341517674,350.06267317743504,1077.2702669807757,0.9750012408137306,0.8637734036892653
70,6,-0.40383116482918613,0.40383116482918613,5,112,1.0987965727641467,0.23875087866600392,0.7036155053331843,0.09758312813077086,4.469209544940055,3.64548325606774,12.395424282741342,9.410993481054902,382.1881686864605,1510.7202094623717,0.9685657622116801,0.6433025419674243
70,7,2.359374477343326,-2.359374477343326,29,215,1.1039727451306367,0.39747492448885824,0.8938147641869776,0.25592610158280404,1.0773048680637123,2.7374674684410447,16.723018813326618,9.437248881719524,328.9434853193112,1413.0352517804536,0.8894377239586555,0.8309702180525225
70,9,-0.7406549676745025,0.7406549676745025,4,91,1.5195261234278203,0.2337343296545711,0.8655171427233517,0.22528529477440262,0.7415046467869639,3.8908315132970426,11.842287036972502,6.657570676328226,494.27485916154546,2010.4667525794152,0.7065258132937418,0.5855859493916928
70,10,2.6808810922957993,-2.6808810922957993,5,224,1.3974071000772565,0.25233288821627353,0.6742746179354421,0.23588152422248496,4.896633930038661,3.0494527448921107,13.619191432818063,8.241829570644455,449.49498218304683,1675.0466496144345,0.8476479135250223,0.7156306190497551
70,11,5.000076566784328,-5.000076566784328,39,210,1.475398451450031,0.39362085905182376,0.8192879489990919,0.18586245346923463,4.954181265400973,1.0181818459694782,17.987615695335748,10.113743233852201,306.680943158302,1855.725950373212,0.8298161693366188,0.5377484789455858
70,12,5.24349096758324,-5.24349096758324,38,227,1.4986495740316668,0.3324093536936352,0.8970224726704299,0.2691024975425768,1.2065619444561784,3.86637224618586,14.638404090114513,11.200336648444212,445.6240071064831,2090.1808766781223,0.8408513214946884,0.6765329700548119
70,13,5.199908882275956,-5.199908882275956,30,157,1.5055265543463736,0.3181229797278881,0.7778345823392859,0.2405857579503838,0.5409973749756016,3.3767159884771583,14.445608186237127,8.93504357638342,469.14946138216226,2138.9509320679267,0.9169260096500316,0.8984216328282604
70,14,5.007537638644426,-5.007537638644426,9,33,1.4614108220515667,0.29596587852322576,0.661001582691792,0.21092822074769849,3.2841797018265204,2.461543425160726,17.31706740081071,13.095500614388335,243.68410593528864,1222.8633654211148,0.967264327334706,0.716735419763585
70,15,5.23808920377264,-5.23808920377264,21,192,1.3604715839545558,0.37715236288690734,0.8639271216246871,0.24109438961650614,0.8149642857556401,3.3686352649907567,13.724231530081457,8.937221594291138,474.96049897232086,1560.8368189997136,0.9884517664610821,0.799891617201743
70,16,5.172888702538363,-5.172888702538363,36,195,1.5115353424498976,0.3925042154721083,0.8680690692721438,0.16136224227148802,0.6841605122433387,4.066846488265386,15.641744208625967,8.980364806502063,409.1074952227685,2733.3680732867538,0.8771483695278466,0.690018182775176
70,17,5.131994080779737,-5.131994080779737,39,172,1.4843352013703848,0.29675759567101223,0.8284612032121723,0.19997235063346075,0.9019128041853062,3.487532164237638,15.778850264461399,8.123019696501224,468.1004787078504,1400.2466110395335,0.7463359081196616,0.7541720104092293
70,18,5.132034682651396,-5.132034682651396,31,141,1.523768928256978,0.398030899672544,0.8888368882544426,0.1644128674368857,0.6767999849058146,2.831081535862503,15.788708851534953,8.669434483507107,435.2493087289061,2231.416561865763,0.6947208140780805,0.6448892031006885
70,20,5.020104840797056,-5.020104840797056,29,220,1.4511822554844664,0.3980211448632185,0.8722951276158262,0.1912074362208414,2.5709246145562914,2.963474197438879,12.756596113004324,7.395031816434244,450.1852872923786,1791.614831594407,0.8063222919914722,0.6170184574593286
70,21,2.4235585534486135,-2.4235585534486135,13,44,1.5033359248706304,0.29879389505880305,0.7854657088320705,0.18961610349315525,2.45821907386349,3.2105367631351744,15.91411710986055,10.624204462616671,317.51866192198287,1246.1804048626775,0.8484469763027811,0.5361823258652627
71,6,-1.255319200417242,1.255319200417242,5,95,1.1311074818444173,0.33468107250368945,0.6935230367214218,0.20195726109680073,1.3414853554892052,2.784887751422132,16.719389908105466,7.530519193377842,477.946923616493,1695.8817737660097,0.7908389351946763,0.8982631645181298
71,7,4.763229669942529,-4.763229669942529,32,204,1.4627284608833717,0.35491605360133693,0.711328233001605,0.23689101513261934,2.38359757637876,2.4248829410110595,14.905516567676017,7.687495879628433,435.233471333073,2649.8458883891403,0.744131405125241,0.6184983693784389
71,9,1.6305493032358762,-1.6305493032358762,22,113,0.9942695428088156,0.36625897382342315,0.8012991747071214,0.22933762015213077,3.794076095013283,3.3479576874713635,12.457114513323955,8.918107777682167,343.77725858219793,2277.7958226369433,0.8662595132170696,0.7717513769107932
71,10,5.21946402376901,-5.21946402376901,40,60,1.4541351669676956,0.3315106516594343,0.8491622236475359,0.25981899434124633,1.592498182937237,2.981469623409533,15.63565456033099,9.553682700376958,451.0105486120177,1195.3455051504222,0.7758317593411794,0.7340393528225758
71,11,5.100554656831926,-5.100554656831926,36,230,1.465399387990326,0.39340970346842297,0.8732290558260891,0.18520574146080548,0.7563806155777797,3.9153966811692147,17.263694375753445,11.213339620837592,402.3073572696798,1394.4887365054933,0.7680889601425549,0.7796076711107108
71,12,5.0056029094897445,-5.0056029094897445,28,119,1.4207771472106385,0.38771285137794337,0.8709716636378715,0.2153463965403641,2.312242622389486,1.6166725238363813,14.6580931295682,9.468035662791165,380.0884705693782,1171.373686486253,0.7858411486346739,0.5545902157281866
71,13,4.966883098813668,-4.966883098813668,28,163,1.3334778075433489,0.3676528078753096,0.858675176353326,0.23372754688196576,3.4665384524836025,2.8450807430340594,17.983703122045533,10.331819627807938,301.9385511822354,2217.341580090974,0.9648651014648153,0.7094071333813449
71,14,5.052914726491691,-5.052914726491691,33,128,1.4167322092411008,0.34149188084208854,0.8588510780178138,0.16953915230744207,2.0534630468639294,3.1649774114829055,15.836782704472254,9.92036089250871,376.2655859616808,1929.6510187119345,0.9201502083343777,0.5484335024721889
71,15,5.2903655415812025,-5.2903655415812025,31,133,1.4630378254178047,0.38357648813028705,0.8742170161978735,0.262963303596589,1.284651059439013,2.4114804392813505,16.217284711563742,9.370931662351937,440.5457962379767,1367.0315272955922,0.7637464463101503,0.7010879063438287
71,16,5.186593193122764,-5.186593193122764,26,40,1.4142874081854573,0.3553188700687695,0.8161267823484236,0.22117937092997494,0.6525314096351793,2.556718964696863,13.10738245161372,8.573580141649499,439.11337723383775,2112.4771612660847,0.8663365601250295,0.7537740240105419
71,17,0.06053268765133172,-0.06053268765133172,5,33,1.2956485039035357,0.361583160427047,0.762631502175004,0.23597765617653765,2.6301718992395617,2.646337823730747,22.52648472733282,10.240917376708147,243.68410593528864,2011.0559196528482,0.7072308707114747,0.716735419763585
71,18,5.20390016874485,-5.20390016874485,36,141,1.4543445836136235,0.398030899672544,0.8585935041640279,0.1644128674368857,0.6767999849058146,3.2596721309972314,16.22576197898105,9.950338597659275,405.6119919560846,1925.6278048866045,0.6947208140780805,0.760623596735371
71,19,5.196008004132638,-5.196008004132638,36,248,1.4670565863720257,0.3948222996590262,0.8586510674700125,0.13645048664170384,0.7144829412805671,2.9457247339711565,16.83462094265711,9.241247689426661,396.2123480312286,1078.0583387782335,0.7880114817866483,0.724394666415239
71,20,5.178300792593953,-5.178300792593953,28,190,1.4508067649430734,0.34635901399519986,0.7657561041442289,0.2671328470094944,0.5091013021714477,2.483008553797838,14.454925635955638,8.717261234674012,436.07834274803355,1335.0498223477935,0.9154893743228856,0.8967517572401903
71,21,-6.593504779135651,6.593504779135651,2,112,1.4590588611974848,0.3114752219244838,0.7036155053331843,0.09758312813077086,3.7832235358980477,3.64548325606774,22.115604993887246,9.410993481054902,382.1881686864605,1256.7953159106555,0.7430649812017167,0.6433025419674243
71,22,5.206062258393146,-5.206062258393146,35,154,1.5020333902660958,0.38548548830264184,0.8750385942065337,0.25844908243945025,0.8755045638343104,2.336888401621053,15.324109476806072,12.162605560751821,340.4683598524351,1169.0814649425529,0.9030149678159558,0.6421699708164185
72,3,-0.18223796121890867,0.18223796121890867,13,83,1.134019472004731,0.25619768128641957,0.7293399191304947,0.22809989283344945,2.41338920709818,2.6398008407122124,15.279261705989029,11.464789008264324,331.72637094105426,1630.5514398027246,0.8700118288289664,0.6163968777494995
72,7,0.06443298969072164,-0.06443298969072164,11,92,1.3649968256324685,0.2110537048442599,0.7627471540796531,0.16070221297548834,1.6730385886497883,1.3047547393029713,24.696005754249715,12.990601562433403,228.15888185905288,1604.5859545380968,0.7540087476759225,0.6718139641527285
72,11,2.33071211161241,-2.33071211161241,2,0,0.9788591038898762,0.3318038859963417,0.6819343157783775,0.14677624450485985,2.361357335851606,2.1860666592847595,14.188165762302114,7.447400088422,424.28401224315166,1450.3452918669545,0.9809377094377736,0.6400218900740311
72,12,4.472624338360372,-4.472624338360372,24,75,1.4276107674519474,0.3783177545322325,0.8368363755473962,0.23330491651017668,1.167506443968128,2.0538658068892772,10.332150460765718,8.259654669264748,438.65057846024985,2209.143934167986,0.6776672180348546,0.8571120813912919
72,13,5.0615763546798025,-5.0615763546798025,38,152,1.478466404782148,0.36064014894401997,0.8800628458687068,0.28244227306820524,2.6963016126970203,2.0535443545736918,12.516083774674932,8.748523479982527,471.71780963545007,1127.7309454690549,0.8593628295888194,0.6198612232987387
72,14,5.372068619595446,-5.372068619595446,27,0,1.510244118784537,0.39221808803870994,0.8471019769115719,0.2084534291306408,1.9334337247847357,3.392791052315519,16.164554406269957,9.043561041003084,468.2158227941283,1389.1932984987793,0.788209494245548,0.6767407336646485
72,15,5.060679611650485,-5.060679611650485,25,218,1.4868141564080595,0.3367696921782436,0.8530726872569441,0.2165975520908575,3.9241674964992894,1.7869276634219917,13.866152507363973,10.099703293022369,403.8543395151942,1179.639580562338,0.8433385152415893,0.7828176551242663
72,16,0.060240963855421686,-0.060240963855421686,8,80,0.9574836666581409,0.3591292729973874,0.8926674270072624,0.2532268190087278,0.8639076267077623,3.828028251592479,23.622313467846347,15.780753729142864,405.4532811954893,1739.6584258977023,0.6646305970980377,0.7229237646967182
72,17,5.261513969115049,-5.261513969115049,37,251,1.4870924432859662,0.3870003831656079,0.7300911736395358,0.22878513910965775,0.954464813509317,2.6643835326696577,14.98877626824665,9.719630801852357,416.1172736771457,1633.1839992080902,0.7470615010258017,0.8292984065547089
72,18,5.018150701774356,-5.018150701774356,40,222,1.2847405543986299,0.39212269924210075,0.8004205841669565,0.20752092099734407,4.594379233945489,4.264865396173338,19.356572206901046,10.600032454189495,444.55108720198217,1772.6939059516085,0.6856001839034686,0.6036578673238742
72,19,2.8904916423316758,-2.8904916423316758,12,95,1.41465117429186,0.3223806744093511,0.715324862219248,0.20195726109680073,2.8658067500705227,4.095503154451154,16.719389908105466,10.873512655804253,368.51906785467537,1121.1699754845986,0.8833821803230486,0.5949300891798416
72,20,5.058548009367682,-5.058548009367682,13,218,1.3597875439516534,0.3367696921782436,0.8530726872569441,0.21180348492239148,3.6658625149371664,3.246223083856931,15.728379474084443,10.982010603193588,380.88771029064833,1179.639580562338,0.8679607982577273,0.6849151805962468
72,21,1.8298412234447632,-1.8298412234447632,11,209,1.2865194659405128,0.39046035654186684,0.8921676616306877,0.26656623191660295,3.1078353909765193,3.397905104901623,16.47733500925856,13.169988406906164,324.127562719038,2680.724377110657,0.950316405246234,0.7480285936525037
73,6,4.806761225810948,-4.806761225810948,9,78,1.2192061259683113,0.3377968139350686,0.795124128124684,0.20380019434456614,4.390900743017138,3.830237290798445,15.25282553894495,12.059079513139976,334.5700547869519,2474.8617153108366,0.9605743166430967,0.6610601920927023
73,7,4.907523449049986,-4.907523449049986,40,203,1.4727463760424182,0.3882847360421519,0.8451296035686214,0.22314683548099098,1.4269487126631688,2.403861229083382,12.319679768037249,9.204959351420625,452.13070309263344,2408.3265703604325,0.818672092456222,0.5031358074603144
73,8,2.8902524624553223,-2.8902524624553223,31,47,1.499642021623397,0.39108862523946475,0.8117885046943446,0.14677624450485985,1.2860849481639742,2.6397678849069726,16.149589105988156,8.94794211333865,424.28401224315166,1299.8812489096704,0.9809377094377736,0.5696418059430459
73,11,4.8426616909122195,-4.8426616909122195,5,88,1.2029088382599045,0.30710130383217316,0.7457301590762164,0.25337359098657175,4.636342445896247,3.1000502429497367,11.481865258974485,8.829780994968417,435.5484264865069,1470.2054502730693,0.9176855936192236,0.9532149257809075
73,14,5.016537740743943,-5.016537740743943,23,189,1.4175768701300824,0.38658297523335994,0.899432658940688,0.19786914834968022,1.5661510587340355,3.988008576749146,14.036192926149168,9.297537962052505,398.65964170835935,2928.8497738292012,0.973599684753695,0.5616051871430442
73,15,5.211478886043379,-5.211478886043379,39,248,1.4670565863720257,0.3956469389685573,0.880346603293794,0.22880091733168312,1.1614227680710916,3.612629288860193,16.83462094265711,9.741769471609922,396.2123480312286,1078.0583387782335,0.7464521548648342,0.7478619528250108
73,16,5.003240955192416,-5.003240955192416,12,105,1.2732654919508293,0.29802097738297456,0.7716245982479177,0.12798514933610838,3.972681858897827,2.8595389710699646,14.633965125156312,9.767094370338349,399.68252643250827,1034.5712789076388,0.8999824623185315,0.6000041967935643
73,17,5.0591016548463354,-5.0591016548463354,32,45,1.4206094624518228,0.3810033639312463,0.8407631170871637,0.18296277412859585,2.803190488463905,3.052575704819155,17.88829772937201,8.91840842673542,399.5203176110772,1381.1910441576763,0.8371655425448477,0.5786573399266037
73,18,5.026874435739149,-5.026874435739149,12,142,1.4844649528446414,0.3268311990199222,0.8832711691692763,0.18724581676461843,3.013462261750144,3.6477078593996053,18.322177305140862,7.98524508234975,332.9517702623576,2673.36175697975,0.9885781702054767,0.7497108178180061
73,19,5.127233303825936,-5.127233303825936,28,81,1.4006612034604498,0.39265909293566725,0.8879990332551213,0.2377747497151309,0.6470824750067359,2.689584176581489,17.909603191341112,7.254875163720011,381.37180235929884,2402.093487116941,0.8588153157150835,0.9472805779989659
73,20,5.05787037037037,-5.05787037037037,15,106,1.492343103560791,0.37698195347935914,0.8423460837263774,0.11478118253200348,3.5181897142513714,3.0590086792262996,13.275134752100243,8.191026029023128,495.5581322126849,2458.4695229190393,0.9040805733941772,0.6013538151401336
73,22,-2.322026660166055,2.322026660166055,1,137,1.3100628829710186,0.2093963259458542,0.7174550078809261,0.240832038867374,4.074847660649843,1.3995703244581819,19.548793644768185,7.940295190350085,210.63392775956888,2356.9796002714547,0.6222388821871985,0.8361038500443101
74,9,4.729308301671195,-4.729308301671195,10,167,1.4601313668929135,0.30209218395070725,0.8332567076917523,0.1499044602550001,2.642831224431168,4.3720396732836235,15.3499980422277,11.034449840803967,275.73301465593875,2176.9174606574866,0.9459429957199816,0.7005817877665059
74,10,4.823391038343397,-4.823391038343397,31,60,1.4541351669676956,0.35470477485617463,0.6779668068885485,0.1310905915696244,1.592498182937237,3.531113161912526,15.63565456033099,10.109846223870733,451.0105486120177,1341.05016478361,0.7758317593411794,0.7666510079116629
74,11,2.161625614982275,-2.161625614982275,25,52,1.3127239729724298,0.35865871037645114,0.8368645105120627,0.2700842791384339,0.8584360517935328,3.803677928800325,16.533140856114976,9.322642774129896,452.56767512101777,2411.9220276428573,0.7152672258508701,0.9464284208525582
74,12,5.060532687651332,-5.060532687651332,14,160,1.3952266619845384,0.2592436604194652,0.8073359892898315,0.09357257863456073,3.058511491899937,2.357674715101179,13.167573994518847,9.7695304079899,456.89403637619165,1809.5037567288323,0.8630877023674011,0.6658328258009657
74,13,5.271491360230657,-5.271491360230657,27,130,1.462012493612324,0.38550672926504337,0.7820823521957301,0.22068479034634683,1.2596240249973376,3.0074595995309066,12.849294308946767,9.436021913725241,454.70240472295546,1622.3733449166539,0.8545665840391183,0.7170830344185728
74,14,4.984371307949508,-4.984371307949508,23,220,1.4511822554844664,0.3748196546818523,0.8416720908639185,0.1987357806461711,2.5709246145562914,1.8599451469143102,12.756596113004324,7.395031816434244,450.1852872923786,2365.69631427892,0.7830769675386755,0.6170184574593286
74,15,5.059241706161138,-5.059241706161138,27,168,1.472253964401318,0.3926633535363714,0.7829051713061306,0.27151418883197637,2.760839810402654,1.4452647962892418,11.87638448336364,9.112329751840774,384.2904831726702,1271.1558127410838,0.9306514170070356,0.7848654281475286
74,16,5.29009023378539,-5.29009023378539,40,130,1.41851775825277,0.38550672926504337,0.7820823521957301,0.22068479034634683,1.3524566609264415,2.5320536467722006,16.856506340218587,9.436021913725241,454.70240472295546,1173.0015187639387,0.6597137390111726,0.6410847266048205
74,17,2.147833005007906,-2.147833005007906,16,204,1.345408228111722,0.31888721076054355,0.6756053321307718,0.23923206822317916,4.20617318095207,2.6314575653391166,14.611375750876846,11.295970859320065,396.42658659657815,1741.5661614665223,0.996793095937535,0.5465082736177731
74,18,0.016953902201230164,-0.016953902201230164,10,208,1.3913906784791439,0.308217688502274,0.7686574211942254,0.19160124722206118,1.833890805422139,4.1163335716945015,14.751341713744885,9.545503785240152,351.72973584219807,1456.8440217638017,0.9309011955858686,0.8474068327435985
74,19,3.8954270307320944,-3.8954270307320944,36,250,1.5162406579472414,0.38642820123567767,0.8933599470631433,0.2151548452634599,1.581780190059261,3.4003851287187943,16.930899002805294,10.023054623994584,482.2754802864803,1137.5596283909404,0.7711006196185015,0.6911793044947591
74,20,2.6282590927139156,-2.6282590927139156,24,31,1.2564070228894515,0.30995375049863827,0.7839346410869832,0.22520324075995823,2.4699109547973475,1.7532727225997748,11.34813124685158,8.964041699116752,392.8310032353354,2056.2002032704513,0.9645971313144918,0.8052230541179167
74,22,0.056433408577878104,-0.056433408577878104,10,72,1.3212092933620152,0.3812582101124252,0.8610726173901371,0.14658317037973748,3.3211260135049656,3.0508906147660992,12.229303366150454,7.6061485756177,206.17245637616927,1104.2789575865886,0.6903752167961469,0.7128658535887327
74,23,5.215481900504748,-5.215481900504748,24,130,1.4541422232701644,0.342376737580478,0.8468893156980428,0.22068479034634683,1.2596240249973376,2.7344561218692234,14.320617757617207,8.637051239660007,467.0065377776197,1302.9676881288433,0.8007102088772318,0.7876204339516097
74,24,0.0556792873051225,-0.0556792873051225,10,192,1.302963880163988,0.37363968912533646,0.7970066863536514,0.14109774734169955,3.770614039292944,2.0000172175113056,13.328954337687716,9.399973932754298,275.0232794752697,1223.8805538216275,0.853531642805685,0.6260055619302718
75,4,4.845714002717053,-4.845714002717053,14,58,1.414904144803799,0.29579404742268467,0.7570877729666745,0.1597846592002254,2.7540329367315377,2.158500148414303,13.49899407106861,9.258595031670454,360.7284029118842,2259.82728228309,0.9465350841663742,0.6712786116407592
75,7,0.062034739454094295,-0.062034739454094295,2,43,1.1625678700649533,0.2631479673180889,0.7002820036686632,0.20078717147807335,4.851861315279274,3.512096904040022,21.456809817408832,12.191459567086545,264.6263452611676,2088.6388301548222,0.6150396587871506,0.7714392605004025
75,9,5.09578609014857,-5.09578609014857,38,211,1.4984728134114045,0.35777340739805497,0.6918020844706244,0.2031914919092679,0.9289626573457779,3.2050038622177417,16.116084080153712,11.075818540858492,374.7344148840253,1358.726304880862,0.7805150253967489,0.638928795023856
75,10,4.911966768425432,-4.911966768425432,10,120,1.3786697695148198,0.34100730577836363,0.8750027457028259,0.1975582536626576,3.4572711182066147,2.933204755474471,14.747090296914921,8.04045206417082,399.6089551977142,2462.21526832841,0.8986506984355885,0.6676844229886901
75,11,5.0467245677112915,-5.0467245677112915,32,230,1.4624731830174134,0.3816734498913036,0.8732290558260891,0.2192111996518838,0.7563806155777797,3.9153966811692147,15.521637789278621,9.754441287417311,407.7851887327595,1406.8506144354997,0.7315711133262143,0.7956527350698399
75,12,5.059808612440191,-5.059808612440191,18,29,1.317150024556433,0.3352973193599162,0.7794472050438586,0.16785898529974635,3.549684464615642,2.5041199897954676,11.345064931922916,8.826314029181436,436.03552665519476,1778.2058001870328,0.9372030742772184,0.8455028346575396
75,13,5.1096539785701,-5.1096539785701,31,195,1.5069975160053242,0.390698123038257,0.856716870138432,0.16136224227148802,0.6841605122433387,3.1360734295734938,15.86525123196682,9.440235027196591,375.31790054549805,2733.3680732867538,0.8771483695278466,0.690018182775176
75,14,5.058962264150943,-5.058962264150943,38,188,1.3616415885893085,0.3983241494975015,0.8311974616265196,0.28750899383589984,3.989995539948172,3.1923816922070674,12.785199038066288,7.126873560400494,490.89432744368924,2052.8367547291077,0.9354598756461843,0.6991317344178247
75,15,4.288169134511195,-4.288169134511195,3,99,1.0098109767641872,0.3093024128124808,0.7863863073365587,0.15331168877933082,2.6539692489439055,1.0238307654320467,12.211013338807263,7.83597132191062,409.88827472307617,1035.4952353463716,0.7954818022646417,0.5593799835151286
75,16,5.058139534883721,-5.058139534883721,15,255,1.2610235127678602,0.342634337244472,0.7941705695229399,0.22114361960928824,4.630261491903702,2.1694159828987134,14.328655421591431,9.440216895192666,371.2978803227175,2375.311742616169,0.9582883919957986,0.6138358749746715
75,17,2.2466189333178006,-2.2466189333178006,11,119,1.4425115755084374,0.2800565961233687,0.8381281721506473,0.22739454958853086,4.306347660379513,1.6166725238363813,19.221300960168385,8.854159048738223,380.0884705693782,1988.5638443238513,0.6989779409326651,0.530112256878321
75,18,5.057339449541285,-5.057339449541285,15,195,1.5069975160053242,0.3400229287516958,0.6520746407274484,0.08215843584870823,3.767847147248711,3.2224913861256437,14.869046532320052,9.549438772406708,375.31790054549805,1798.947949138898,0.9023554115950502,0.6205711321679431
75,19,5.056947608200455,-5.056947608200455,30,171,1.4713985649123047,0.37322138352221246,0.7998004340335594,0.29044948954704314,4.455200773053583,2.6442263991064596,15.299028725478472,7.3691774086436395,436.3068083181779,1662.0795061752992,0.9452689300175028,0.608907153804146
75,20,5.300275363747296,-5.300275363747296,34,133,1.5025207093425825,0.38357648813028705,0.8742170161978735,0.13036552090812628,1.284651059439013,4.458657222043473,19.34662933666351,9.197406916905411,440.5457962379767,2118.4704441990916,0.7803021496866096,0.7010879063438287
75,22,1.3957682912127365,-1.3957682912127365,10,195,1.345331783954378,0.33095901798372324,0.6357840823686252,0.18259513982965475,3.793909458502916,3.2600965013997985,12.372441523977432,7.488392536903541,381.7383571431623,1398.8220164778902,0.8233209538547889,0.9176068458219737
75,23,0.05543237250554324,-0.05543237250554324,10,87,1.2291468679066062,0.3248132326034369,0.7889888376748597,0.195009320223198,2.544941388777308,2.755228533009744,11.981810968601845,8.0565716422211,259.75037730209056,1675.31857334094,0.816920958701961,0.6518414633628637
76,4,4.845414058249806,-4.845414058249806,6,58,1.5148796995187515,0.3043218559516275,0.7728001084242924,0.18697425559713465,4.214543696368283,2.3379574509695615,13.49899407106861,9.258595031670454,396.99920688545967,1282.0716040822135,0.9533101558091921,0.6616351167723682
76,8,4.901643282811192,-4.901643282811192,21,13,1.2798786462334748,0.3452285039814522,0.8547040467122443,0.20525632739542302,2.7294579175249836,2.212741709316902,11.612276915634618,8.100385930175275,464.602431625865,2443.0519944841276,0.8778980017417934,0.7779964610940564
76,9,4.80535935359795,-4.80535935359795,25,37,1.4405704138922653,0.362120779127652,0.7165117641714729,0.28998503711394097,4.0511903446064075,3.3390139922964366,13.140561837500444,8.248882173575609,396.4509025410361,1143.6785434234107,0.8036823999307048,0.6109394401536372
76,10,2.4906431160199363,-2.4906431160199363,33,24,1.4589291328970015,0.34564670273933495,0.8985348527790323,0.16630190943969939,1.0931890341352106,3.445326082840149,18.983474350080037,12.131951508932298,438.9625272672825,2781.067201197705,0.6466752125584057,0.6953407306457076
76,11,3.1891973775026017,-3.1891973775026017,26,54,1.2780543429842521,0.3776366475814101,0.7919650478972503,0.0951814212800883,1.1637236904877246,1.9424728874295918,13.434924715076193,8.259780211122612,444.82502131182844,2152.4013923808907,0.7823325448434497,0.8967812240760182
76,12,5.266161539808959,-5.266161539808959,36,177,1.4079950010325657,0.37193111890764075,0.8402102818398827,0.2921430976242664,1.6532793013691363,3.0218875395196862,14.520080211046404,9.641707793578828,446.8802018019937,1990.5710280943595,0.7982595306591216,0.7380149135942047
76,13,5.018856817130511,-5.018856817130511,24,197,1.4094126508323688,0.3569458471159509,0.8072581911190926,0.2686441012451514,3.6899457744659543,2.5773896008204766,14.80343096991112,8.413487095895038,452.2402187149695,2046.3319640746422,0.7226686400907114,0.6642832612222915
76,14,4.996824406969893,-4.996824406969893,39,89,1.3998306252626898,0.38419873897273954,0.8882034044480521,0.2856642335419665,4.5431141666062675,3.421648963834862,15.587085300300505,8.669969202982372,379.60543466181,1944.9203839419242,0.91204606544464,0.7791956247933489
76,15,5.182055837233527,-5.182055837233527,21,20,1.440084108797916,0.32569126258622944,0.7029744750451662,0.24111962209224524,0.5830843569701707,2.5661428367940133,15.633338686577943,8.074446624989145,454.48482250266,1903.9090905802923,0.8366163378825018,0.8021677060358183
76,16,2.6945610843564287,-2.6945610843564287,20,114,1.3805373305718136,0.3014133338144439,0.8913637197687971,0.2098114596333125,1.8242788701321642,3.414584923180788,14.992821526274946,8.513004716766318,432.2525306494441,1701.8843038818727,0.9417277221660265,0.8208882129327282
76,20,1.6669409331309728,-1.6669409331309728,9,50,1.3106537918067926,0.2996626640751033,0.8420415285264229,0.24062323758639886,4.434431541055238,3.2150593397781133,14.265965679691211,10.743796064000401,302.55342932069743,1464.8502001612987,0.7426473472254967,0.6012426922928644
76,21,0.05555555555555555,-0.05555555555555555,13,26,1.2920066028653383,0.36841461399374065,0.7814434708905338,0.1806501711409568,4.2712678167666525,2.974886507529108,16.367980074930628,8.111359680813441,235.68596139073875,1206.236075450021,0.6586145762294866,0.6363569049522915
76,22,0.9074127776802481,-0.9074127776802481,12,72,1.3212092933620152,0.22482474773522954,0.8610726173901371,0.19380200938807368,3.6944818215954145,3.299453202557034,10.906543585100547,7.806207718872494,422.0605371003535,1104.2789575865886,0.6903752167961469,0.8269544678315227
76,23,5.0548245614035086,-5.0548245614035086,10,63,1.4612199067399243,0.349241512269836,0.7770249272593881,0.184248939850767,3.9370446339475578,2.7173693908850067,12.969483810499373,9.513661176556798,388.7621495905671,1289.795461858525,0.9368286613407043,0.7297626086901783
76,24,1.5402109020566428,-1.5402109020566428,21,28,1.2979235628096835,0.3061614322400711,0.6743621037007818,0.2465912305745123,4.887808631645131,1.7634393424073673,12.109441461100348,7.636668309402925,376.17537712957494,1875.7980142270635,0.8753929304120748,0.8502325124368775
76,25,1.67203251269907,-1.67203251269907,19,40,1.2676490141550967,0.3974404051095565,0.831080785634162,0.13571986979399656,2.7034500516252935,3.5050141773834804,13.10738245161372,7.2708131724261005,370.27360650696545,2109.0110065349827,0.9109921972540437,0.7988375531314656
77,3,0.06234413965087282,-0.06234413965087282,1,84,0.9194368863254787,0.2654780316295859,0.774137737616289,0.23458281357310368,2.8871678887398766,2.020368534140289,22.662291773594916,14.430969471593437,413.0249346780635,1078.5961374640465,0.5881951146798456,0.855259454343468
77,6,-7.454941543248159,7.454941543248159,1,232,1.0074129760533548,0.18071483670942576,0.7608273101408726,0.24486235834658146,3.7982001137989805,1.0792518621310592,18.36217308401995,13.612762347340787,421.33418475208316,1062.6497781625258,0.8331033537453929,0.6717464444227517
77,8,4.930203008772643,-4.930203008772643,12,30,1.0472472201042744,0.3728946962952614,0.7460057480902864,0.2888404618948698,4.1290086460138635,3.131578937614949,12.50836093408726,8.60879068500147,498.1596936788299,1069.3945080187646,0.9404420685353736,0.5947456035300107
77,10,0.05924170616113744,-0.05924170616113744,7,198,1.235031289399716,0.35147205093652506,0.8127149726667298,0.26599502366036176,3.0593751791305097,2.513291950867168,11.94109311241457,8.225695412911728,268.9154803752899,1467.318436845898,0.9242507245042685,0.6169812808463252
77,11,5.259668911593927,-5.259668911593927,27,212,1.4916754675009392,0.373125233254777,0.8834162597188873,0.20000269938483708,1.2306650262700511,2.9732634856894955,13.985014214713694,9.073110297704964,415.6159593162672,1635.0277100445728,0.8745814924253792,0.9002432282335797
77,12,0.7811437063424789,-0.7811437063424789,13,16,1.027327550140891,0.2358279617400468,0.8449068310576229,0.13964843060343676,3.28859879203965,2.869799671763576,12.731800031098656,9.410821966650914,366.6534293774455,2642.9564721839147,0.6569548125949287,0.7097907326512174
77,14,5.235731660891068,-5.235731660891068,39,230,1.266636362581412,0.3755029363516802,0.8732290558260891,0.29821387069936117,1.3203888412274458,3.9153966811692147,17.33045586977533,10.41894315461169,402.3073572696798,1608.8979676969386,0.8142561966999581,0.7796076711107108
77,15,5.05720823798627,-5.05720823798627,31,39,1.3722711386877517,0.36979683158991455,0.8243357588216673,0.13804112288902298,2.353199761578404,2.5610537191619156,16.930544599286534,9.164238900418646,384.3793556508112,1512.004061999944,0.7733966918178513,0.5815516744916068
77,16,5.271056070000801,-5.271056070000801,27,73,1.5101797600326394,0.36561369248511066,0.8063937878001706,0.2916321666762421,1.130700579340097,3.1315970352005293,13.537228542713612,8.801473201532078,496.6513800441819,1661.2573886951318,0.7503897127940988,0.6862385351654209
77,17,5.207862101757415,-5.207862101757415,35,255,1.3757737516532549,0.3960073411167163,0.7941705695229399,0.2546793330760452,0.6394497349767843,3.596572839946349,14.328655421591431,10.328506728604935,397.2426836148768,2640.842433102671,0.9582883919957986,0.9366287434510481
77,19,5.055679287305122,-5.055679287305122,23,7,1.2290979037909717,0.3454797319143673,0.8951358390972018,0.234708248219928,4.51855121832341,3.9748175422401517,15.651066622235511,10.912300571305977,459.2309706656316,1554.5194493274148,0.8032290672331179,0.7588065477294282
77,22,2.8033380023341827,-2.8033380023341827,9,85,1.3565034304177306,0.3050908884317404,0.8126927093115602,0.11762768581275358,4.303310856469592,3.3152529049442405,15.6426690177088,10.661876640778912,396.2928952235959,1296.031737607103,0.9363459701610095,0.5730993149984385
77,23,0.05422993492407809,-0.05422993492407809,10,149,1.427884092753498,0.2753559210437661,0.8489181296226005,0.18688641848723067,3.7602241288819678,4.295455851581632,24.47948624379933,11.580422771778585,226.87664794253124,1277.1643080683443,0.6353974491429852,0.752313314681117
77,24,0.05387931034482758,-0.05387931034482758,8,192,1.240860288956951,0.30914954000868167,0.6991593081410742,0.14109774734169955,3.770614039292944,4.0398104844004585,12.470036049174142,9.223166124955018,275.0232794752697,1469.3303363446375,0.7586408380425335,0.68928525104722
78,4,4.798598478573243,-4.798598478573243,3,0,1.5127328818113583,0.36252133106932544,0.8589263623950542,0.18236263121994822,2.1308170087205043,2.396967159211688,14.26527456541565,6.012216465168724,488.3041197921334,1276.1006216284636,0.812974224165317,0.5219038274314625
78,5,0.06067961165048544,-0.06067961165048544,5,48,1.199721513081237,0.2413666316932414,0.8373476795446764,0.1077802371888205,0.5107904933393002,2.948054320579938,13.102837922784865,8.94763377851069,254.39191674813628,1696.6687894024815,0.6359664374031126,0.8543998901054097
78,8,4.953223152829896,-4.953223152829896,25,10,1.4025347616606385,0.33667596471471856,0.7681505896871417,0.1819166794570569,4.009644518406558,1.4814366092194597,13.614150915514124,7.583843334493241,394.2705960302367,1697.5368488422184,0.9366085825639507,0.868678275869555
78,9,5.162238005885372,-5.162238005885372,39,51,1.4892499146781208,0.39040598157706097,0.8874429923476871,0.18338747276649411,1.1248278308511046,3.4554198342168263,18.98161492436473,10.092481996648603,424.40493575502046,2114.353743251311,0.7536616453765332,0.5964928598839467
78,10,-4.605005776306704,4.605005776306704,4,105,1.1781895897574481,0.31636068850595506,0.7716245982479177,0.12840394450351597,1.9054961769125989,1.466596172126577,13.337437482548848,6.560982732747579,483.1092242863492,1656.6700208998334,0.7182738278812866,0.7288762312913605
78,11,5.0248533301314815,-5.0248533301314815,29,41,1.317779709590599,0.38071441618747964,0.8405886626027431,0.21526359448536578,4.353951186817413,3.12128443736583,16.060377683225788,9.800009906299556,425.4576313563865,2834.153272627901,0.866954736232271,0.8061207514730149
78,12,4.984893961796334,-4.984893961796334,40,137,1.2892317502114392,0.36730709008735396,0.8589263623950542,0.20698573831977818,2.1308170087205043,2.971040414623482,13.658438673751679,8.028096510785169,442.13853329067945,1276.1006216284636,0.9092620020749445,0.5219038274314625
78,13,5.005518628443803,-5.005518628443803,18,27,1.385819204368272,0.2884510282492458,0.8673468798724709,0.17741605520720952,4.4212464658515405,3.8810114925463535,14.443436070338937,10.632176497729775,448.1589080647855,2722.489326007894,0.8926611284882647,0.6008891175994648
78,14,5.056947608200455,-5.056947608200455,31,12,1.5119206778685674,0.303563983415293,0.7755715698532091,0.19305070199907778,4.4653845223150475,3.9445554462235775,15.27251496663974,11.505742209114535,467.1287144396071,2592.597048142912,0.6826244947438183,0.6222453944462673
78,15,5.266911808746871,-5.266911808746871,38,118,1.4687469321626723,0.37378467517335734,0.876803359334535,0.225028941350057,1.102623662334039,3.744278807559045,15.700942874521852,8.637587903158467,458.3369475553379,1559.2594121814802,0.7972646503902334,0.7565727261144184
78,16,4.3284208164801505,-4.3284208164801505,38,161,1.5145593665568573,0.3994583937187146,0.8793360741796821,0.29177767989676984,2.29262767461985,3.7617972289383275,16.652153333128712,9.963952246513188,423.3529107991429,1555.8436922422131,0.848494352897795,0.7793694367082378
78,17,5.048572241464434,-5.048572241464434,39,41,1.317779709590599,0.38071441618747964,0.7689528398624339,0.2526188140706179,4.353951186817413,4.0516146580091625,16.390986751849283,8.530385833916707,425.4576313563865,1565.279944523581,0.8632270576788501,0.6220033677870119
78,18,5.0554323725055434,-5.0554323725055434,25,118,1.3711881856560806,0.3925188408122676,0.8073684240433013,0.18770028185103052,3.8301689070742775,3.3641238720714313,12.033618192559508,8.714404536850898,442.325984764371,2204.8292093230916,0.8858958542164689,0.7565727261144184
78,20,1.9084468443424933,-1.9084468443424933,19,238,1.4930756132013112,0.3823774691522666,0.8753026034302005,0.12257785925047258,3.062676369609582,3.7239771722164887,12.226645912333733,7.1836720557637594,462.43442887141043,1942.7379702775424,0.9470690300339203,0.8430343128001287
78,21,5.054347826086957,-5.054347826086957,7,0,1.3989997070350615,0.29517234417802474,0.8398254252403906,0.2150680208084495,3.8932499357833446,3.68453222093259,14.596005366288015,11.228718223477442,379.09894731128844,1314.7313027515165,0.9863402541170474,0.6574109069903229
78,22,0.05399568034557235,-0.05399568034557235,11,26,1.2506791038423688,0.24122057956648757,0.786893852650116,0.20502481758531224,1.351188249999406,3.053239171795023,11.94592825356713,8.111359680813441,235.68596139073875,1043.3723361522943,0.7873562673989969,0.7286612400065345
78,23,-8.07337180604306,8.07337180604306,10,2,1.498340807401354,0.2356277270536164,0.8986893199072228,0.2230593845432201,2.3586576395766783,3.052592361034006,17.899237376421787,10.506997946744905,459.1872270222931,1469.6720890399274,0.9410376405811753,0.7327680489420808
78,25,1.1339244478106272,-1.1339244478106272,9,244,1.1513319375894049,0.3299261790422029,0.8603510834314649,0.2461566065842993,4.532361910527061,3.9303567648066777,11.149802277810549,5.873000578855955,398.95269719730777,1105.0232125838486,0.9924615827253158,0.7525324611615398
79,1,2.450373629925565,-2.450373629925565,7,129,1.486859410411086,0.3288536757337681,0.7520198140067865,0.27952384053711704,2.1141073550543146,2.766986683530742,14.57458277424255,8.60966544000072,334.01981272884103,1887.7991019149092,0.8963452057778984,0.5513475453041552
79,2,-2.841034494477338,2.841034494477338,8,106,1.3103619519268417,0.16608531548286484,0.8529158936942363,0.2572833663660974,4.364148009099696,3.372257670341746,16.103953245349484,12.339685730546243,476.81073529967296,1282.4856839177987,0.5382905737221216,0.6814375120645677
79,4,1.2734370865364526,-1.2734370865364526,7,12,0.9718632801225471,0.36804015051222705,0.8065268878096588,0.16750590778447,2.8899189554955913,3.9445554462235775,13.952006932384926,10.6415705248066,440.88333010451254,1659.813661688225,0.9638146058464825,0.8116916934342753
79,7,2.464430662199415,-2.464430662199415,3,61,1.3898971850973159,0.25558306749563386,0.6989523932641708,0.09584967856773957,2.1160559902394844,3.441677382802061,12.232101226162653,6.516014967189295,475.9561604646718,2294.147211104173,0.9510322177665025,0.5004483178786747
79,9,4.920189596756488,-4.920189596756488,37,132,1.4620224369732422,0.36734214710123536,0.8317471286456858,0.14969898745366444,1.0782688868520935,2.8311074848776316,13.977076130889927,8.04615899632322,442.1178296655027,1372.291987815503,0.7685256823304677,0.5052324215297357
79,11,5.001007791734254,-5.001007791734254,32,50,1.3731027935915203,0.3773229849231935,0.8349445556611936,0.08218291924050224,3.4728107834872453,2.3277757057161934,12.111983245270306,7.869327313969059,453.4363025565789,1573.3058184711056,0.8460611902382322,0.7889210490779435
79,12,5.057077625570776,-5.057077625570776,35,92,1.4476889328128904,0.39907468634910404,0.8095185423689631,0.25567310986016967,4.936981019120267,4.015927032039777,14.566633034880397,9.892983150955681,484.5593786045209,2418.538398557986,0.8848795874011298,0.7716192720865602
79,13,5.184960189666498,-5.184960189666498,27,148,1.4828250531294322,0.27682092019863097,0.861085389951388,0.2648231104842559,0.6195730921347127,2.361288622270926,12.932071017987127,9.589790533071957,400.48978175631817,1995.5232564148987,0.9010697707100366,0.8319746720765306
79,14,1.9066931849868904,-1.9066931849868904,24,151,1.4894006190578177,0.3224175566222848,0.7255692807134239,0.27389395774037134,2.5754212535488854,2.9432009403630897,12.600428277092687,7.750031159702739,486.0804831938151,1797.9815108088442,0.7114428573428082,0.7488958320040028
79,15,5.05592841163311,-5.05592841163311,13,70,1.5101280804923543,0.2947107785919778,0.8341814124582826,0.16783869926468853,3.8949147090181926,4.464487884260214,15.119482882612516,10.042395014692906,444.3121629603393,1477.557999622642,0.8959517996262498,0.6161175942660451
79,16,5.2898684279662955,-5.2898684279662955,29,134,1.5224647835321594,0.3698669382208243,0.8602239740049507,0.2330072487665829,1.1152343696004212,2.7840050571512878,15.18186649525433,9.608604359555278,410.6783406436577,1146.1920847525807,0.7538189623994829,0.8648220980263102
79,17,2.6566364560345757,-2.6566364560345757,26,204,1.345408228111722,0.35957104087103464,0.8318740292197888,0.24475730860690081,2.143938052762818,3.505801154882365,14.905516567676017,8.058725981942596,435.233471333073,1635.8785001611427,0.8421234050338139,0.8457121805940285
79,18,5.0548245614035086,-5.0548245614035086,22,254,1.2793397738866081,0.35102222836750985,0.8945469198375484,0.23616453330818957,3.897451891694618,2.864047406056795,15.203487827133266,10.984002062554326,419.9158842323397,1116.2941495505047,0.8329445981918682,0.5787564688879157
79,19,5.05446623093682,-5.05446623093682,31,97,1.2761210552709508,0.37385816693706253,0.8497454217585027,0.11751040694965284,3.820367076031393,4.159409748331472,15.738936742328772,9.168187445343852,480.3693364015803,2107.9095272786813,0.8810094193963356,0.590380256845316
79,20,1.4992807803799058,-1.4992807803799058,23,144,1.2537846176646872,0.35040602081520505,0.7773266995526765,0.1537283167252888,3.874212832456532,4.47713920920452,13.080092829418566,9.95973719006433,391.05802003966977,1658.4218214744951,0.6671708567126693,0.8691867891991957
79,21,5.053763440860215,-5.053763440860215,26,19,1.3325095212270202,0.32997666693367433,0.8123098413846529,0.24376824232938202,4.342707491868742,2.3630162493031457,13.225505246871357,9.470323869956083,437.2336535831537,1456.677131847414,0.8956170355880768,0.8327512995056231
79,22,5.053418803418803,-5.053418803418803,19,180,1.4144441301325024,0.38072469716592683,0.7646336752680952,0.1558202674478628,2.083771409842273,3.5638911285165986,14.627915131116893,10.02594812459962,387.41644649341697,1167.654162060349,0.9312608873118011,0.5496543779320369
79,23,0.5153443143519487,-0.5153443143519487,12,180,1.4144441301325024,0.38072469716592683,0.7646336752680952,0.1558202674478628,4.574591542054417,3.7254143091839342,13.756306814016153,9.204298093109443,387.41644649341697,1167.654162060349,0.7996340499499014,0.5496543779320369
80,1,2.3881901914213293,-2.3881901914213293,26,51,1.4686758736024355,0.3459383084523031,0.8133457182758728,0.11941178503266284,1.340086615418145,2.4820626420963654,10.257736170574018,6.981058820478726,498.9093579884126,1580.1048424790772,0.7834890352372668,0.8549613643898641
80,5,0.05924170616113744,-0.05924170616113744,5,42,1.06686926863756,0.31583009638762854,0.7075798419425394,0.10857876029901121,4.911742967937883,3.182569444607167,11.18524810010854,6.288966864415386,467.1495192135676,1146.3288739109312,0.6985750677226255,0.7110677679797642
80,7,0.05841121495327103,-0.05841121495327103,7,241,1.449293246521701,0.3808282084631561,0.7055398082289519,0.21375200699405905,3.984918869786716,1.8074897214681085,13.867502125502662,6.961531568884268,303.6038382892318,2403.992012143135,0.8557394919928945,0.7587922089347886
80,11,4.86224811739346,-4.86224811739346,38,53,1.1192715449819233,0.3451697113824237,0.8030779355460733,0.20513281365271008,4.719222975518816,3.1685835872994463,16.821281858378597,9.089941757976367,439.29638039515004,1308.3675678847649,0.8276250163789876,0.6869255132074836
80,12,5.001506290397331,-5.001506290397331,25,246,1.2513080129011054,0.3896692210282625,0.8041986736203186,0.2824545500304979,1.516715444029181,2.9389156711155042,12.633007540678408,7.7037057354686125,496.1640527705922,2417.3239081563884,0.7939286660814853,0.5153869338930268
80,13,5.305293617619936,-5.305293617619936,32,76,1.4975523310460774,0.34392400769407083,0.8758458896811103,0.25987724119350497,1.1814322787336355,4.291204817110456,14.614665150626482,9.710866095974549,462.65533206923703,1374.2762573096838,0.8938379600523862,0.8613420016647552
80,14,5.055679287305122,-5.055679287305122,38,139,1.4756034489146859,0.349972577716819,0.8703038959911047,0.21663118888827176,4.227566715435412,3.368511352287988,13.611884440377693,8.681222247768558,430.5992759107213,1376.9481827698414,0.9178931288285935,0.537077344502334
80,15,5.0553097345132745,-5.0553097345132745,24,3,1.487198761208513,0.3964206242782816,0.7432327991774176,0.27601676352202215,3.7200323711144945,3.1336040632956323,14.183241305134722,9.50863490684477,430.3858090711804,1766.600450894285,0.7982041639901407,0.6899912615376578
80,16,5.310321659440013,-5.310321659440013,38,40,1.4142874081854573,0.3840183385809797,0.8556696749834198,0.22117937092997494,1.492397860708678,2.556718964696863,13.10738245161372,8.573580141649499,461.3751929558598,1331.4513566920434,0.760621169707377,0.7537740240105419
80,17,5.2027155449153,-5.2027155449153,40,41,1.5178186637297335,0.3887635323303673,0.815242505309562,0.24808284366879937,0.7045032844022816,4.0516146580091625,16.390986751849283,8.530385833916707,425.4576313563865,1754.8223494927508,0.8067902163875516,0.7395935157386663
80,18,2.6267433145714145,-2.6267433145714145,27,206,1.4716305594270167,0.39862695284569216,0.8021946081715692,0.11606612812595048,2.692784043013084,2.802692664476934,13.265403596328063,9.148079084739255,429.555341700686,1175.644411893817,0.8796892917907255,0.8770062681751121
80,19,-0.30318088912304475,0.30318088912304475,2,93,1.1777434039397545,0.19820458475078057,0.657848047383975,0.2660997418023491,4.431295078074116,2.1098439665837114,16.37027383266926,12.25252050804195,242.17809523690852,2036.5457742277972,0.7890087331738872,0.5328214712346602
80,22,0.052854122621564484,-0.052854122621564484,25,102,1.3305064858174234,0.3639852584119489,0.8090181844266408,0.20107297873893365,0.6188100396239231,2.8433811694398408,10.778510011625997,5.152099848171828,349.57165016871403,2801.0310066660095,0.5969724839779352,0.7337436171970666
80,24,0.05219206680584551,-0.05219206680584551,6,238,1.1469420095412934,0.36955210965853774,0.6538852783462267,0.11628053607298676,4.501267866984656,1.3560482090793933,12.837798981782722,8.012186118585923,249.16418876085882,1836.973138324192,0.9763815633335792,0.735557307851078
80,25,1.334132477250375,-1.334132477250375,13,216,1.4255519833336678,0.3502820361154593,0.7008602249440198,0.19010163916191117,2.5032303156306472,3.5376552416632294,13.599124492889798,9.938927967417643,312.3398347548371,2574.5487036437094,0.8427889615841759,0.6045639483294153
80,26,1.3615957314344533,-1.3615957314344533,11,46,1.2640560205699838,0.34659284206925356,0.8984279559742834,0.10425325143377455,1.4189582218665981,3.687047686834164,14.438626194185357,9.04777296731026,288.0983396051792,1310.6482809490503,0.9009808108275293,0.6461075451376216
81,5,4.880677886054948,-4.880677886054948,4,0,1.3380672619096499,0.2815857908692302,0.8066466173048602,0.16987044800898893,4.074847660649843,3.036070525025479,11.811787064241692,7.940295190350085,472.8815695466827,1235.6502752992674,0.9142365651331007,0.8168361363601121
81,7,1.842417060197206,-1.842417060197206,23,4,1.3474307784201878,0.33323658374819254,0.8944251102542475,0.2669611052650755,3.7846049934897037,2.4440750169714294,10.11969868776685,7.807429671224467,394.6227887758235,2706.1697674968455,0.8835496299814187,0.5916407719006591
81,10,5.021280235026023,-5.021280235026023,18,88,1.2029088382599045,0.3444603369380943,0.871133713081143,0.1187921764598877,4.636342445896247,3.1000502429497367,13.161342277938918,8.829780994968417,478.0342539376254,1470.2054502730693,0.9003659537731625,0.733917130404961
81,12,5.020262195622703,-5.020262195622703,37,181,1.5073260515896507,0.3882316032909126,0.870500855663171,0.1670946936873067,3.6178499590663087,2.7401200864000606,14.369381592062958,8.745735965344334,481.4742256481268,2945.2444627125283,0.7246271942106676,0.5523490315040792
81,13,5.173654986291062,-5.173654986291062,36,165,1.3489808082320203,0.3875614459429848,0.8526831089126261,0.2111263942344717,0.9696240998465819,3.4440675977660478,16.782323236672294,8.531461268386899,397.04115879502433,1208.1187893103167,0.9252291307287992,0.7077890103147202
81,14,5.0550660792951545,-5.0550660792951545,40,229,1.1202129303786774,0.39631689533876263,0.8040298623460693,0.14929603342841402,3.6836303809809223,3.1716635570070117,14.618792788093867,8.839645131357734,462.8188514281264,1606.8077795500612,0.8824163060327564,0.5533188351552926
81,17,5.25565521179748,-5.25565521179748,26,251,1.4884695808263038,0.36547511804695265,0.7300911736395358,0.2682890836268853,0.954464813509317,2.6643835326696577,14.98877626824665,9.719630801852357,399.3726907365551,1098.4443115283214,0.7470615010258017,0.9017785650118189
81,18,5.203809556527532,-5.203809556527532,27,35,1.501810242298226,0.34648327047365146,0.8090664152535083,0.29433953944342045,0.980219632218805,2.271213303712733,13.696419709470407,7.602481468938888,441.95931336351896,1368.4040369434042,0.7971938495028121,0.8547090694094335
81,24,-0.537412912667425,0.537412912667425,7,35,1.3253014735978201,0.21901119494157123,0.7876968022988572,0.2450767042489767,3.89809682656666,3.3006524860067135,15.691626529251536,12.107821800036863,204.80815976850636,1247.0681695826397,0.9921638573839936,0.6299019334774871
82,5,-8.693772816551483,8.693772816551483,5,23,1.3562771467176933,0.2598299872259695,0.809636458275101,0.2000653325412312,1.7900460245929226,1.8400973061758215,19.022597924379117,10.8653306436134,464.96214685810634,1739.8552457678961,0.8999505136394889,0.5673772051506392
82,8,4.9556126413159,-4.9556126413159,14,116,1.235011948351189,0.3414576024692081,0.8481451660153358,0.1649544419897512,3.5956193010495197,3.3825024871738067,12.398994315635672,9.575203571144707,455.3904052213741,2767.2535680027813,0.8851642908810163,0.5044612792273466
82,11,5.204328901447184,-5.204328901447184,40,116,1.425331001674675,0.3441471525627586,0.8481451660153358,0.1649544419897512,1.2449697058580487,3.3825024871738067,14.701042414293472,8.760390010976645,455.3904052213741,1446.994132898189,0.7266993530633937,0.7577092756423739
82,12,5.009617356147036,-5.009617356147036,12,23,1.5166124581694373,0.3470948339168671,0.8201881840476613,0.16152776352065853,1.2917461760815827,3.056891200540819,12.554417315180885,7.519316607452112,434.7594032606531,1299.6832613715815,0.9584074032267339,0.6338200834712129
82,13,2.673448195323789,-2.673448195323789,10,15,1.4900432230714435,0.3959493194148295,0.7915834826283146,0.148275467043141,1.9084548336352776,3.55174508397848,15.357334657408352,9.118302198446228,439.95536136662355,2139.3969416623386,0.6447910150027265,0.6417168878879946
82,14,5.05446623093682,-5.05446623093682,15,23,1.4072303192636755,0.3032761018873239,0.8933886093567632,0.12072439614648414,1.2917461760815827,3.8731974914122915,13.982690591277816,10.54527201321592,405.30404582168984,2762.6238586161453,0.9517427949916206,0.5157615712295409
82,16,5.05232275178655,-5.05232275178655,16,221,1.4504711712013711,0.3661654495625237,0.8983226740900708,0.10083947256427106,4.295123295574305,4.044794918710809,15.997206022324162,9.928321583512094,349.66907163597784,2638.673838109396,0.910283052393384,0.6836982788850625
82,17,5.053418803418803,-5.053418803418803,31,221,1.4885761837115399,0.34738947704383727,0.8434819323050113,0.10083947256427106,4.295123295574305,3.0129494165673516,17.34340928087825,10.749386321810137,425.35506470535324,1020.1867569224984,0.8173356033321235,0.5301182125534303
82,24,-1.101822404700965,1.101822404700965,9,145,1.3013585512158665,0.2185870883378293,0.8023927123062973,0.23505410186375525,2.5741932188455388,2.271818073385348,16.706452239518388,12.62813472147094,242.3334278389188,2123.299639166373,0.6978350058197975,0.6415585039227873
83,2,0.05841121495327103,-0.05841121495327103,5,250,1.0812710989761474,0.18638155929535272,0.8094382459578452,0.15058282888204175,3.692698104762923,1.8368903086711181,21.16166458746814,8.497747877844027,258.8424676628347,1122.9839674338107,0.5123707428430528,0.7459666862509916
83,7,4.997688770592202,-4.997688770592202,18,61,1.3898971850973159,0.3904391664033261,0.8032025016165236,0.20062381422696263,4.175142339716309,3.441677382802061,15.432544233780265,10.162835024895259,464.5740773842552,2294.147211104173,0.7907057431858269,0.5004483178786747
83,8,5.166763184047622,-5.166763184047622,36,55,1.425869571747022,0.39546032124597924,0.8421145244373043,0.18562138645636148,1.0949123764791395,2.691114931635598,14.737620175511486,7.00013427718928,472.6729794782491,1329.155197899322,0.8850894737171299,0.6590922414120939
83,9,4.980251228602645,-4.980251228602645,17,42,1.3908521771610824,0.32626718824991047,0.8429872523312147,0.24229848443295313,4.941408890448569,2.261927520250981,12.537152482002892,9.884112573957653,360.7981487145456,2761.711866595997,0.8913008852219481,0.8145574490352963
83,10,5.0200936259455755,-5.0200936259455755,10,239,1.4644531248751915,0.3366793309280587,0.7538290936406716,0.2174436000243369,4.392274124529019,3.3832274408580414,14.096690936641647,10.751247558659754,404.0031268326511,1947.434232422039,0.8774438538300141,0.6512949985652392
83,11,5.028101000168082,-5.028101000168082,13,228,1.4919980334767124,0.3247596347414272,0.7571837594909119,0.21177884035900374,3.35417223236856,2.3911225179753255,15.511336413360057,9.280689787283652,416.87972096341736,1070.340041303205,0.8312068671843369,0.6382188106005535
83,12,5.318790822845828,-5.318790822845828,26,142,1.4886746856671533,0.3908618806677533,0.7782892513673849,0.22367492664847993,1.5631764741178746,2.9871314433287472,14.75636779256493,9.017423316391003,455.28127891601855,2243.907149132208,0.8476005370290001,0.7399015873021152
83,13,5.2018921004785765,-5.2018921004785765,27,227,1.504257165023874,0.3677781134400661,0.7854695679041854,0.2691024975425768,1.2065619444561784,2.329735502784184,14.638404090114513,8.101574655888955,432.1385822903202,1942.3335982402702,0.7475552159545469,0.7555549313002863
83,14,5.053879310344827,-5.053879310344827,34,61,1.3534555165565438,0.3553412766692797,0.8099486334129784,0.20062381422696263,4.175142339716309,3.441677382802061,11.620823553329451,8.747435301594958,489.5787428306481,1241.668331495137,0.8913494963557568,0.9229358746197052
83,15,5.329496484789113,-5.329496484789113,25,18,1.4328430150290319,0.35097523509800665,0.8296137919406046,0.288179834856298,1.4379577949584919,3.7205727549108856,12.942919154113564,9.138398295506487,429.48632151815144,1007.1537783180646,0.8665883346616519,0.9657621648498078
83,18,5.330795269944214,-5.330795269944214,21,0,1.4514586677413668,0.38911443553830793,0.7975462395654744,0.2734635647134015,1.6363055187066315,2.516410071689996,13.475033978326703,7.868093066801553,464.01383406279115,1682.202460552179,0.7425148545096676,0.8496561020971898
83,19,0.05219206680584551,-0.05219206680584551,8,162,1.3725337758607756,0.22950907983449792,0.7780888623361328,0.2988630839085989,3.746306327095247,3.015819081883877,13.897280621823898,8.524560610980458,325.5175272802393,1753.948591830379,0.7641203316901481,0.8317031073285656
83,20,5.051867219917012,-5.051867219917012,13,236,1.514967026127517,0.35615016816462985,0.7227566230151168,0.2760552636933167,2.148485382211464,4.2144540842596125,14.073827204561029,9.689693108201027,369.7036242726829,1670.1666543946326,0.9551796382293105,0.6061056695509668
83,22,0.05122950819672131,-0.05122950819672131,7,205,1.4166440944889263,0.3034697579027783,0.856155307211669,0.18525599702087928,4.441529694530111,3.8942560910820037,19.370941488156056,8.764525156979566,332.1078990987583,1901.5863842217339,0.5699184268290073,0.7283044142564645
83,23,0.8295234621191394,-0.8295234621191394,10,42,0.978641389341274,0.27835579114049286,0.802566373112778,0.18774219038203335,3.209091962653131,2.7212681739278373,12.537152482002892,8.726376202401973,302.5394241462548,1860.6181301432573,0.9047248492851667,0.5179287713850047
83,24,0.05060728744939271,-0.05060728744939271,7,194,1.4813371902418624,0.2848256681401235,0.793727934787622,0.14461526441371822,4.2057194493047545,2.554977550733005,11.708801978681812,6.395345668387008,473.89938852235406,1337.1346966147576,0.557451691200183,0.8521075814128578
84,4,5.029098560809814,-5.029098560809814,16,43,1.420224328984207,0.34942249913758244,0.8069806714719698,0.2227339644109924,0.7746811499773041,1.9535686085825645,12.585941338368235,8.990302122105604,435.76489013033625,1534.7888782481425,0.9371886030525989,0.7257344638689215
84,8,-0.28162320915611083,0.28162320915611083,5,55,1.3262349568246135,0.29178671620709096,0.8373385474795014,0.2874241325472877,0.9268828255430419,1.5046719016607752,13.403446507501396,9.130419020473102,286.26731106509453,2905.025499498884,0.9780734958823458,0.8011096448813895
84,9,5.24637152780806,-5.24637152780806,35,122,1.4769199930238857,0.3822071777773587,0.8548894690792981,0.26223566873877224,1.275244723813878,2.8662731512100312,15.093162300291857,9.685633625821819,448.9783488190292,2721.5684062317314,0.8239633753740297,0.6546756569101342
84,10,2.742107995465113,-2.742107995465113,28,31,1.4923620436242637,0.30995375049863827,0.8663412789638265,0.21351627452545835,1.3508851736091523,2.851041898051771,11.34813124685158,7.262770164461162,392.55574261386266,2319.0296898128354,0.9645971313144918,0.5760838501018046
84,11,5.051014077880372,-5.051014077880372,25,239,1.4609698849051136,0.3366793309280587,0.8203578022076414,0.29654408096192814,4.392274124529019,2.121791278195806,13.388553938753372,7.754490293907361,419.0962793183094,2530.243035476711,0.8774438538300141,0.7103699709256851
84,12,5.062647475793797,-5.062647475793797,33,143,1.518235812183218,0.39108347371374064,0.8547493315794061,0.16611414531464358,0.6232501077165802,4.429116286034947,14.287746696267428,7.072516770232738,434.89130260953203,2095.5894128953787,0.8776143644219367,0.7673700011501831
84,14,5.23346962551276,-5.23346962551276,33,122,1.4769199930238857,0.3597513155950564,0.8548894690792981,0.20550987171633778,1.1721242099792264,4.128448217527177,15.86431036762116,8.347886732372203,459.9665960307389,1856.5505062629627,0.7360577041317674,0.7515936054875044
84,15,4.303253128101344,-4.303253128101344,8,5,1.4283365453830836,0.34728800109212254,0.7792506666898532,0.09848080230365201,4.646251800165664,2.2623279833712524,14.690896600682489,10.922001824641688,261.9254623292176,1885.3776605809414,0.834229938021757,0.698835661148352
84,18,5.051975051975052,-5.051975051975052,29,5,1.4390492637749377,0.3480686585524945,0.8666029637094835,0.18744820966589146,4.646251800165664,3.101923242256452,15.683417479295668,10.922001824641688,474.2567860590203,1155.5657930926131,0.5931977993960338,0.5821582869633835
85,5,-0.9279928729730944,0.9279928729730944,12,236,1.240780172427755,0.35211923710729326,0.7227566230151168,0.1491248570382595,3.2723887095789626,2.2110173453845707,14.073827204561029,9.689693108201027,365.17162540977404,2182.6845749589415,0.9551796382293105,0.9464385015890002
85,8,-0.16834482002794093,0.16834482002794093,4,73,1.1744052108374574,0.32772901447128183,0.7562940853319308,0.14602425504095862,3.5987650738668746,2.6077427682242273,14.888005004060942,6.0674274325447985,379.8929492205416,1412.2782619567552,0.9783355884932843,0.5877165543537067
85,9,2.5401112349296193,-2.5401112349296193,26,94,1.4255307307609344,0.39221808803870994,0.8384348268936244,0.2770305045051537,4.732058594547499,2.3001818844003377,11.998753601501157,7.04072882208617,468.2158227941283,1808.05257060138,0.7022854107698612,0.8608334047321442
85,10,0.05411255411255411,-0.05411255411255411,2,8,1.5021013147849462,0.2474231265584628,0.895214952159127,0.2787470150516397,1.1293561006896198,3.2825424777960275,12.6882489714861,7.707879079505801,282.72632352685343,1356.940997711457,0.9535015417726149,0.6835204332125641
85,14,4.099886508213372,-4.099886508213372,13,175,1.4998394325446691,0.35637757810484777,0.7687107042013566,0.23022741386568735,2.2278838958156673,2.4150782389463097,21.71362006397927,10.083137235390675,297.6790350585337,1797.362033028855,0.9773947552452611,0.6538862623703485
85,15,5.296324364253694,-5.296324364253694,27,243,1.4641296532732444,0.39419547010101486,0.8748929938065433,0.26595111097468827,1.4372740216554267,2.3399287485732474,13.168327332637578,8.353211094273536,353.2644843630732,1034.3049710296402,0.9887118427733788,0.9601207550590334
85,16,3.206068726481841,-3.206068726481841,25,136,1.4770395953091124,0.39818683823758866,0.8672013154946656,0.24301646537866864,1.878615648278739,3.237711380678212,15.154360432969103,7.844044315296033,440.1870054867913,2246.5148594522325,0.8824699109832119,0.824216397297989
85,19,4.944536744498326,-4.944536744498326,29,52,1.3127239729724298,0.37653246270766155,0.8368645105120627,0.25070296975085915,0.8584360517935328,2.4154546867566418,15.971597167048852,8.916928575196637,385.92652579881394,1110.5766363474827,0.8627422426926615,0.6084173978661493
85,21,-1.079854494921804,1.079854494921804,24,122,1.427457913739505,0.3820470873741701,0.8738378728022136,0.10827100114422311,1.3714448287786662,2.3108587899580155,15.86431036762116,10.079291739031131,496.7591134645944,1328.944452566957,0.7661659340947053,0.5357383056192662
85,22,0.08534673917730196,-0.08534673917730196,25,122,1.3201931571114505,0.3785778148917611,0.8548894690792981,0.281616765516777,1.041609677689783,2.0855317599582426,15.86431036762116,6.411515635499646,418.6261684098874,1358.94907876681,0.8333956527538134,0.8953373020506892
86,2,2.5030986559747,-2.5030986559747,9,6,1.3875353487798925,0.2774466135390565,0.8342803171258143,0.14901298449953948,4.871688865407601,3.171304542510785,17.811191059579013,13.512229200799482,356.84716437644227,1331.86334363405,0.7653957256492218,0.7273886965824747
86,7,5.02054654642567,-5.02054654642567,24,199,1.3729291223931055,0.24838685595624083,0.7488378890806971,0.11370146404183208,1.5825463806761035,2.2989302040912687,14.20440440479266,8.51252000965178,436.86075649667146,1419.7800491325017,0.9408597717325056,0.5737770121423977
86,10,5.053533190578158,-5.053533190578158,12,214,1.4290021967791873,0.35681758982539236,0.8013304181551931,0.15066876425975012,4.2490467102905525,3.554028321800909,14.197824840813178,8.876624339629021,482.0774532402722,2293.3980339762757,0.9415057589564677,0.7413855457995204
86,13,5.052521008403361,-5.052521008403361,39,59,1.2155704248347814,0.35940933116671975,0.8156420492867873,0.24978028280028397,3.1053267797106416,3.6396943800849098,14.19088221292209,8.22172436899061,484.0698382902477,1445.9750793917294,0.9139560427915235,0.6003066478198493
86,14,2.943249883986295,-2.943249883986295,32,51,1.5073097294665303,0.25268812881330527,0.8789063335384529,0.22154749197375542,0.8012603448865858,2.3815416332886286,13.901853972221376,9.64394623022907,470.31983340370044,1377.807920718973,0.7536616453765332,0.777930110370745
86,17,5.261228415069505,-5.261228415069505,28,35,1.4048216330139935,0.34648327047365146,0.8129495640770291,0.21502736129719352,0.980219632218805,2.573217398565811,13.696419709470407,8.978396691788898,441.95931336351896,1293.772267582071,0.7971938495028121,0.887474063889827
86,19,4.377215981364925,-4.377215981364925,26,231,1.3828367628817153,0.3532548772463323,0.7916659683884887,0.2718158246035479,1.1410328554536926,1.5247885182724576,10.200961329284574,6.896782492726051,486.260656425992,2157.5385039130347,0.7899798553086873,0.9878163526510424
86,20,0.09548707050894478,-0.09548707050894478,12,59,1.4873209685027151,0.2929967742453253,0.8057815310404521,0.17422759600180063,4.747751988050016,3.580525116787097,15.393972921005249,9.377483342660156,325.6952287947203,2236.549875178662,0.8895325908056229,0.6822210792452097
86,21,5.05,-5.05,25,69,1.4761266392168468,0.3677854124177744,0.7586910058694042,0.2070746931392721,4.64442778379464,2.206856871044674,12.84482530627653,6.513983157666918,454.65331027467334,2505.039821090138,0.9622745605767719,0.8103686678618067
86,22,4.688389646270487,-4.688389646270487,28,68,1.2709424737611277,0.3441421323709182,0.8364789978979648,0.1831797190806217,3.7785102847530903,2.3056018407815158,13.532901566118582,7.389465990967339,494.4234637704151,1072.7772304395457,0.9218085148263085,0.7659822979026429
86,24,5.049115913555992,-5.049115913555992,5,0,1.4454041232949855,0.30603094365527583,0.8013304181551931,0.2548112132820446,3.5726532375688618,3.029316358935039,12.239616945550626,8.876624339629021,482.0774532402722,1560.7937014528102,0.9874290108663126,0.6937650962093598
86,27,0.7011450102125503,-0.7011450102125503,23,179,1.4149434016874345,0.33602733963166886,0.8025975239974666,0.14322512462061004,1.3434436979468263,3.077856455507761,16.188417467423054,11.854479272833833,432.1967493899307,1198.008176375978,0.7409443831164219,0.5952458534012449
87,4,0.05506607929515418,-0.05506607929515418,1,254,1.3369722204738352,0.2819982223212719,0.8078868940472603,0.2865251053798717,1.3527575829066336,4.4860737370327115,13.702760012820363,6.09327929459703,221.3768530406503,2013.5510228574276,0.5662636160850525,0.984458656702464
87,6,5.090619132779482,-5.090619132779482,30,173,1.4725047139393874,0.31304574359042,0.7969973519576846,0.16503102103915884,0.8272701629336972,3.7971561163131295,18.18566669198179,10.039093618329192,482.94347419504095,2246.92321231788,0.6389553284632717,0.6327385846513501
87,8,5.044033380471208,-5.044033380471208,18,30,1.3139146594692976,0.3759051706944271,0.7964055457263564,0.11815718426747115,3.194126831328855,2.5544311378716076,12.50836093408726,8.60879068500147,498.1596936788299,1069.3945080187646,0.8881467112649796,0.6701890788374194
87,10,5.052966101694915,-5.052966101694915,31,30,1.2114078025850594,0.37247322916455144,0.8188627262401897,0.13719812560457983,2.7584375221807775,3.1123053502206894,12.50836093408726,8.60879068500147,498.1596936788299,1595.5485391986292,0.8881467112649796,0.5232462432270223
87,12,5.0110177948765395,-5.0110177948765395,34,1,1.4281927829588807,0.3637119806464678,0.8497653077197664,0.18981036105772492,1.9729385088265894,3.6609104711415967,18.319008340839407,7.98342924418367,427.5007940061413,2585.557888773935,0.8320497762445087,0.5206459291719749
87,14,5.227165550644173,-5.227165550644173,25,86,1.4452708256008058,0.39885722360749865,0.8840636864365239,0.22544632447654805,1.8424445779571172,3.280583642625426,15.218035936561073,8.10680515818914,443.06604271120676,2458.726027358618,0.727233053492058,0.8231377455777255
87,17,1.1618820888757804,-1.1618820888757804,10,69,0.9402106626564612,0.29844674883788547,0.8993727358779208,0.21409709547836822,2.2330616095262603,2.206856871044674,12.457202178383524,6.038674928624917,353.54593757928455,1918.8516627977172,0.9622745605767719,0.7135978111775567
87,19,5.202630543306666,-5.202630543306666,16,0,1.3685336172251072,0.339566030316199,0.8780739844207549,0.1397222279366313,0.707649641713274,2.502276510051503,13.277013859608827,9.442195489733866,496.9043552176791,2849.4169909918674,0.8324854799211368,0.793115498734176
87,26,0.04807692307692308,-0.04807692307692308,7,158,1.1380848768194103,0.334971368009619,0.7662199354608425,0.22193785502740296,0.6583910676483877,3.9061882447463137,10.77141141355029,6.2172572314018,247.4434785654355,1387.76500967618,0.9218682362935308,0.6548376684330748
88,4,4.804313242418908,-4.804313242418908,33,77,1.4435439571126105,0.39626844892982765,0.7907806143884362,0.23950747273820194,4.747146641474293,3.8800878216708825,10.887706564525875,7.76338370436813,465.60076250369866,2217.7673065781264,0.7997008125146833,0.7863408674949269
88,5,4.813145110903251,-4.813145110903251,39,64,1.4665359915967588,0.34948078205955097,0.8341806763236972,0.14144083147073566,4.938517208316186,2.838611425833246,15.0984076020097,8.521473712957249,350.06267317743504,2429.6552614625684,0.84647750534859,0.8637734036892653
88,9,0.7892523749315741,-0.7892523749315741,3,77,0.9982303385789175,0.13058141989264993,0.8488319442178428,0.21664215306202958,3.213872407404812,1.685223482012256,21.795162154382766,9.604492445340053,418.3928865512462,1167.9219826517397,0.5079563795688442,0.6083368817441115
88,10,0.05241090146750524,-0.05241090146750524,9,105,1.4626962958008836,0.27474095496058065,0.7716245982479177,0.20452129906340596,1.9054961769125989,1.466596172126577,13.337437482548848,6.560982732747579,397.5246938307219,1563.468589815839,0.5959783729535133,0.6094380967613037
88,11,-8.480095205235108,8.480095205235108,2,77,1.5038329058430708,0.13058141989264993,0.8488319442178428,0.21664215306202958,4.572200334527735,4.341395455412567,22.223898665979505,14.17111172948767,274.7238423923008,2662.1661167094253,0.5837307455225067,0.6083368817441115
88,12,5.05175983436853,-5.05175983436853,26,208,1.3913906784791439,0.3807084809729219,0.7764237514371609,0.23333236543422436,3.4237250495719267,2.993215579749681,12.623574264794115,7.24072546644342,452.0653737734418,1177.2465337732829,0.9144342564555414,0.7802523443285572
88,14,5.246792036618103,-5.246792036618103,38,107,1.4941991167633997,0.36571623529624986,0.881584461547624,0.17776783921177938,1.7141658411466416,3.927738191979808,16.405747761373622,9.769387236163755,419.0572805086175,1452.0595524313521,0.6324891700480902,0.8233334955867881
88,15,5.050813008130081,-5.050813008130081,38,235,1.3966206978994917,0.37434075229248515,0.8559851456362799,0.1685418779949039,2.7753774536067994,3.479903921312097,13.712925382312049,8.623906344427763,464.08287046717965,1331.5613034671405,0.7891606274591647,0.5344348268383989
88,16,5.203251377605035,-5.203251377605035,19,0,1.3817481027329381,0.3302557363988794,0.8951126620985864,0.248896886727412,0.7891419297176538,2.0387242388166182,12.311667281877902,8.04045206417082,476.9714758168892,1600.5462099333918,0.8493684762213827,0.8126594143886087
88,17,5.241153374818334,-5.241153374818334,36,26,1.481077390806795,0.38266933603793213,0.8151677349421004,0.2738341047655731,1.0029845062264977,2.603149861742536,16.61752834398632,6.653649318667681,422.126829084341,1386.6877983064878,0.8482862258038816,0.8658976831655077
88,18,4.461237406134985,-4.461237406134985,10,105,1.4626962958008836,0.27474095496058065,0.7716245982479177,0.20112414041265989,2.0084830111857928,2.7537791100976095,14.633965125156312,9.018250724908444,391.7663892745029,1109.955264751649,0.9300938863181512,0.6094380967613037
88,19,4.83160681382104,-4.83160681382104,11,233,1.2733876685087304,0.30033746091434194,0.8257842834508093,0.26522434944602796,3.9871982428109556,3.1854758861451513,18.045063254049417,8.514930573705477,440.20382120269835,1158.610622063904,0.8755734714449203,0.6166857501988124
88,20,5.04930966469428,-5.04930966469428,16,162,1.5203803778519154,0.30364216986537645,0.8086416234209647,0.22574589111515733,3.758445209968044,3.798321093116531,14.60434865608207,10.684558394718332,385.8513378758647,1200.4724050664981,0.9289725357094036,0.6075005644000349
88,21,4.3276908135021355,-4.3276908135021355,25,108,1.2273690304000022,0.3638609985842014,0.8224691170569367,0.12207988028609776,4.231841846975286,2.1487766857443784,13.71514764752407,6.403754371060762,489.4291025059868,1255.7166084376927,0.7110807058584345,0.8461568318236357
88,22,5.048732943469785,-5.048732943469785,12,141,1.523768928256978,0.33606432477647247,0.8848848739683254,0.20977377223754812,1.6937630125645082,3.0341330240000315,11.831810972740993,8.669434483507107,470.6210156229043,2231.416561865763,0.8549166011158561,0.5306043402085696
88,24,1.6452620927265253,-1.6452620927265253,9,170,1.3208085097436266,0.3021193926770628,0.8022752961098603,0.21137358316837215,3.831408049674927,3.056501141774152,11.784505439454463,8.92432427257262,307.4569584052152,1319.5147577623793,0.9995525971050734,0.8556214325294611
88,26,-2.024845393188885,2.024845393188885,13,4,1.0400489391643606,0.28085065564190714,0.8503586872378487,0.1407656661780855,2.898326211479787,3.5961383952952306,18.44130173399929,7.807429671224467,349.816728337974,1224.4378081729678,0.9593182045583155,0.7152561986523377
89,8,0.052521008403361345,-0.052521008403361345,18,96,1.0640912155191429,0.28199722243299363,0.8376957045425474,0.09632522486035971,3.117016097244729,1.3907945320508575,13.21679882382093,8.482023329395117,284.09733307249525,1331.990185375681,0.768535446304141,0.9732888465379552
89,10,-12.658105390991103,12.658105390991103,2,34,1.2491417838557806,0.12690008701577432,0.8954962225194582,0.17874086644500495,2.154634207076981,2.5156918776312995,21.821515504244083,14.22938792139971,228.03121204567526,1146.3236922993178,0.7473870292941249,0.8103429786860943
89,12,5.051229508196721,-5.051229508196721,19,124,1.4532275546855793,0.3713355915343482,0.8441520208153054,0.15588464829894555,2.7271695221559327,2.434967135994788,12.586042597376975,8.888360722137623,427.67682261669296,2563.7513528976033,0.961361067313542,0.6491985846367736
89,14,-7.343717332979415,7.343717332979415,13,155,1.4174685240735416,0.3019878459250625,0.8829130313842847,0.16148512524168437,2.4047055143058254,1.291576740565033,13.34191813079599,10.634632968282602,387.6007072214837,2389.2667104027196,0.7393510060227853,0.6910664952949217
89,15,5.050301810865191,-5.050301810865191,32,114,1.3805373305718136,0.3878666168903099,0.8904791624347155,0.22573834325336137,4.091649108432547,2.963519053677799,12.952044452539837,9.455025937717362,376.1441061710618,1860.4199264982662,0.9499231315795218,0.506661833476177
89,16,-1.5227060226046012,1.5227060226046012,3,247,1.0991182430825723,0.23937435576168467,0.8492823529420543,0.1327945189475345,3.260548900076384,3.1124728810973465,13.831207907300994,6.392528430006013,465.69258669764343,2377.761277663481,0.9096518984459113,0.5854463917026662
89,19,4.326192071229165,-4.326192071229165,20,93,1.1777434039397545,0.3584876428883448,0.8847696923651464,0.23618981702489092,3.86294445947278,2.082371248229817,15.601395162007414,10.987380569561719,242.17809523690852,1057.547165784878,0.9400136945490924,0.5328214712346602
89,21,4.106821085826238,-4.106821085826238,28,172,1.4662193914976525,0.3237548876000127,0.778254950347387,0.19997235063346075,0.9019128041853062,3.487532164237638,16.638719286665474,9.2376997489933,464.0230790598892,1400.2466110395335,0.8652378672825282,0.7285235593552881
89,23,0.04798464491362764,-0.04798464491362764,4,63,1.3098087185046068,0.349241512269836,0.8201106053232806,0.20935185918551388,4.0121168424375355,2.5938586408191773,16.13112159886491,6.455199654289994,303.71938111043346,1987.391182773853,0.9368286613407043,0.9652148759923875
89,24,0.04770992366412214,-0.04770992366412214,34,183,1.2785572020640128,0.2918515690720465,0.870821545235352,0.26290942248922194,1.6130664835196948,2.063553304153105,10.893585651040869,7.812247671829529,266.6575936555424,1279.8146862004724,0.7327310570945518,0.7749564438338172
89,25,4.317077287299042,-4.317077287299042,7,227,1.3770083706819372,0.3183847329468821,0.8521169308529579,0.24296136133543178,3.854714759381429,1.847224196324385,11.432541975237706,8.832895362683404,472.5345079954899,1350.928028282678,0.7016527052668218,0.6760980202968918
90,11,5.359177256003694,-5.359177256003694,29,142,1.4886746856671533,0.3908618806677533,0.8025680200975348,0.22367492664847993,1.8471207950506625,2.9871314433287472,16.155224502237825,9.017423316391003,396.64491931865473,1322.2622995213726,0.7989652324938508,0.8294725636180693
90,13,5.050403225806452,-5.050403225806452,12,100,1.4340049196892106,0.3890091910066016,0.7838763657462706,0.18561240623061465,3.1442283041876795,3.081897943700294,13.016259103123808,10.20503400343041,418.583012731804,1075.3661409236577,0.8835489302327592,0.6945300311212246
90,14,4.906905126676952,-4.906905126676952,14,11,1.2015911924360205,0.32533932062926535,0.779825443651384,0.18040664128598763,3.314556991134041,3.0466384080935067,15.380686651460898,10.318295315227482,374.85697423868913,2509.9210947444476,0.9537837536677285,0.5954381244551183
90,15,4.31386509072779,-4.31386509072779,20,235,1.2241419806030318,0.37434075229248515,0.7682653986250547,0.1685418779949039,3.2296894247239867,2.2739290206086635,10.621700430133231,6.933995859396123,464.08287046717965,1331.5613034671405,0.852269535596461,0.7088074404174207
90,17,5.037173271365057,-5.037173271365057,21,66,1.3981294926424965,0.3378458722389567,0.8419806702388692,0.22027415856429372,0.7919655251215361,1.865513840687382,11.762159982308317,9.172146252492183,480.1837115848907,1037.3686018260528,0.8825996530753571,0.839424345598841
90,19,5.04863813229572,-5.04863813229572,37,11,1.3660749657902964,0.3653083333137238,0.7941924234148692,0.18040664128598763,4.8389828671589505,3.0466384080935067,13.911046248470043,9.038367382782944,436.65450335935566,1185.0629731922131,0.9786137966124486,0.713332967362546
90,20,5.048355899419729,-5.048355899419729,28,152,1.2555646395493376,0.3561914477013172,0.8800628458687068,0.12551077391150484,2.6963016126970203,3.7434884503808883,12.516083774674932,9.599143468778681,471.71780963545007,1701.3996632858366,0.8593628295888194,0.6198612232987387
90,23,4.137209341387659,-4.137209341387659,24,62,1.1639630256725397,0.36788781610726073,0.8657223687547115,0.15285385797262604,3.662423327829676,1.8341279531347996,11.691460144889463,7.327121840250731,487.08128240887766,1514.79086981981,0.6908300890341271,0.6849626071933712
90,24,5.166159983151859,-5.166159983151859,19,245,1.4548652586670345,0.3412768192803405,0.8513983552888125,0.18533035864860123,1.0488519554231865,3.7808736866617,12.262003022595906,9.73655525901618,467.49300304833366,2124.532436859305,0.9252516780606995,0.9052999554742169
90,26,0.1850342245131129,-0.1850342245131129,9,164,1.516143723136223,0.27836782563336476,0.8128101541104813,0.21355156663452593,4.83759003159912,3.6756203682431643,18.26703329745392,14.484035806400852,282.4276856188926,1270.0388000703977,0.8540455078358112,0.6759870023271041
90,27,-13.159224953719965,13.159224953719965,2,71,1.3864250502314632,0.26854221619627056,0.7380988571088031,0.16243240462616088,3.076629023688606,3.7635869508180892,18.93015684476281,14.367927661878188,316.16378452152355,1335.307118433297,0.6731909001246095,0.6384614976240464
90,29,-7.109601716063997,7.109601716063997,6,75,0.9757370864731905,0.19347859793270344,0.7284168600225485,0.18849254396576443,4.412312635765398,1.3458305176554461,12.579372573207639,7.549034466530506,404.32108810152386,1762.0962931221352,0.815320370463227,0.6696181223145048
91,3,4.991870425218138,-4.991870425218138,21,200,1.4952956747293358,0.3800093330898061,0.8930850459454023,0.09504475744441153,4.62523855318256,3.6312949926812816,12.135886613002802,9.389825106609155,480.66457915013376,1745.7638192795705,0.9580968396695786,0.7755269264033713
91,6,5.015288452446649,-5.015288452446649,21,95,1.41465117429186,0.3198658935617998,0.8816060272683504,0.2603667077297781,1.6496275215337253,1.1800320598888299,11.611937812184715,8.974809905741859,402.1586252915358,2510.4772653576965,0.9164437941688998,0.5974741222185413
91,7,5.05175983436853,-5.05175983436853,33,199,1.4826884823893147,0.24838685595624083,0.8336863690657372,0.21059415307639145,2.840761073355888,2.2989302040912687,14.20440440479266,9.810858323411331,428.4341491139363,1419.7800491325017,0.8948700610178235,0.5737770121423977
91,13,5.172951197451006,-5.172951197451006,21,83,1.3458375909172768,0.32692514192528743,0.8267788896529638,0.2679784414437114,0.7108780586801302,1.54972819613128,11.775594564370872,7.8646746421841796,482.6997074078759,1273.1383665229364,0.8968178657098492,0.6842423935354895
91,14,4.471488382822625,-4.471488382822625,27,173,1.4106986302654556,0.3650761666289519,0.8677325779107848,0.2768332756399287,0.8272701629336972,2.6533526586101632,11.897616198896353,8.643141664340346,424.4333694569303,1626.5995691264914,0.6389553284632717,0.8162920170391514
91,16,5.049019607843137,-5.049019607843137,37,95,1.4634298997934885,0.3887678598978561,0.8708391387398271,0.2603667077297781,4.334465945399156,3.1586101017719814,15.198217178957652,9.286840985386847,447.0102012366917,1501.7804663946818,0.8379159658135721,0.5974741222185413
91,23,2.8065868222341677,-2.8065868222341677,26,102,1.4233493644459954,0.3926195947703107,0.8090181844266408,0.20107297873893365,1.7327893605785634,2.8433811694398408,13.0737994651547,9.197424183806163,473.2101777521897,2801.0310066660095,0.8297408187046122,0.8399109714903803
91,24,1.9034497428931663,-1.9034497428931663,24,16,1.360533500855995,0.38555940566821423,0.8218932822307129,0.28390454182926594,3.28859879203965,2.152605424592458,10.486665165406212,7.9360399290600405,435.8227189774346,2619.6258911364503,0.676090028822391,0.9112060855402009
91,27,0.04604051565377532,-0.04604051565377532,9,117,1.413416598321557,0.2627490836612679,0.8404938624361746,0.1682235628131898,4.494461711515693,3.7234659099317104,15.907438033639796,8.97430603684662,261.0973977340216,1556.076807468041,0.55844259184257,0.669390134092715
91,29,-3.9310780026328516,3.9310780026328516,5,218,1.0968026298315872,0.34017645083561665,0.7378366479060778,0.20365850706084226,1.840515882419457,2.935270140286253,13.88099931496509,7.77787001189974,476.1671858172501,1540.925023955109,0.8985998207509962,0.7280485501917642
92,4,5.064648789588766,-5.064648789588766,26,115,1.420812208619542,0.3907569815385893,0.7995711389037512,0.2657760734908922,0.8279453029703985,2.7582117921635256,12.188952776749503,9.74553535150619,474.19300917589396,1275.036515223262,0.7103004235635997,0.8124635943502505
92,6,0.05154639175257732,-0.05154639175257732,5,184,1.3441452635654858,0.26678684439041966,0.8622882660868528,0.15408862405326626,2.610588448278235,2.710308858444053,11.976795473271885,7.4376740912758414,390.8030717604339,2103.9979705118553,0.5605409760376838,0.5768319814491164
92,8,-2.2597573917548246,2.2597573917548246,7,66,1.362534721221675,0.2585542902259083,0.8954794328132087,0.19191301213433398,1.096176955713421,4.05789076957495,11.41394905380205,8.49882005562242,421.1587230607499,1239.4288213898726,0.9875007216643608,0.8408573954447438
92,12,4.360534603665446,-4.360534603665446,35,82,1.5187239754148496,0.3830333025218924,0.8225597802509688,0.226727721335996,1.7685962220705747,3.0768305943404437,16.391224345709702,9.083688948541411,480.1568110686404,1851.5992461798687,0.7525868481732515,0.6469278118089954
92,13,4.310409793537632,-4.310409793537632,21,193,1.140305849416898,0.37981447641350374,0.8151286433486393,0.24658084685407447,2.4500321234515265,1.8629202388864172,12.489454150321416,8.138510137163747,427.6795691753391,2997.0389638900506,0.7858122732302462,0.788321413978509
92,26,-9.954128440366972,9.954128440366972,4,83,1.2989618909849483,0.12190244440737319,0.8632640758529306,0.08957159042830753,4.167088246091977,3.1359754001638565,19.210053675670924,11.2214967699083,469.80343805626035,1209.0850180269872,0.7717309698260546,0.6484932659074119
92,29,0.8673613327420107,-0.8673613327420107,5,34,1.0309529090084808,0.24422467803321254,0.8988225893926192,0.2791167196844768,3.9256777359890034,2.5156918776312995,14.152297815505094,8.504074801548011,364.13308420014783,1441.729889350936,0.8197186499026341,0.7929681884380677
93,9,5.1400891211129025,-5.1400891211129025,39,3,1.4720077721525437,0.33342929344383404,0.8339649755163505,0.1704665111295226,0.5427965094717675,4.113546579576399,18.374394196995443,9.978100500909793,424.16672412803234,2065.5935162972514,0.8387490306570508,0.7443267547238366
93,10,5.334818885025429,-5.334818885025429,38,36,1.4941855141928544,0.3999878049056663,0.877153220733427,0.13374210464500186,1.9289673840848502,2.5131691323080076,15.90902553884358,8.20136830578608,434.3542825645323,1078.0895089861992,0.8031220846120215,0.7391173502241116
93,12,4.127391303816985,-4.127391303816985,18,165,1.0941254055711043,0.33853284442635345,0.7824116443749135,0.2111263942344717,2.1869211059701756,1.971282559086826,11.085756253148531,8.42968688920802,332.92408394041195,1476.329769358387,0.9252291307287992,0.573937799853055
93,14,5.04863813229572,-5.04863813229572,34,198,1.4803077937183313,0.36305195594856565,0.8540977762510059,0.1460507164107302,4.183095538387885,4.053659763267985,15.995334789295242,8.418610445360667,460.8052297689014,1005.7547955711378,0.7413595647727051,0.6502054354265221
93,17,5.047801147227533,-5.047801147227533,13,198,1.4547247820313502,0.2966782668350558,0.877242938209834,0.1460507164107302,4.183095538387885,2.3255133072114393,15.995334789295242,11.982082158882717,342.5248047696509,1005.7547955711378,0.9242507245042685,0.6502054354265221
93,19,5.26753525867472,-5.26753525867472,25,169,1.4592097990511115,0.36861355572244947,0.8774767655085536,0.2883866713099377,1.0375462582665622,3.2393225897402345,15.610777392148307,8.964588622296628,469.1735749082832,1064.9218648184399,0.7980200079344921,0.7828152301038482
93,20,4.337080502634313,-4.337080502634313,22,165,1.5208709841469363,0.3981323318366965,0.786405326958584,0.2111263942344717,4.080674220952917,2.5275134399082386,10.847019589817627,5.573726429722153,397.04115879502433,1175.475597770445,0.9252291307287992,0.6098958473218141
93,21,-9.770023957676301,9.770023957676301,7,209,1.1207811917127537,0.2978083098303448,0.7969768990417826,0.26656623191660295,3.1078353909765193,2.4263260553797545,17.962963379528063,12.79007424316207,375.1437092926703,1459.6108626570822,0.9915120722819701,0.7380094556028692
93,23,0.04621072088724584,-0.04621072088724584,2,149,1.3631367478620786,0.3901042209485852,0.8426826998519162,0.21075514593605787,3.7369619586697365,3.901970618404448,24.47948624379933,11.580422771778585,203.04459938915454,1831.8639389438504,0.849216795280443,0.7099957735377942
93,25,2.0457412396165644,-2.0457412396165644,19,36,1.345096166630876,0.3753714094539647,0.8393123088410872,0.10519033621864353,3.50834235989002,3.729829825805773,13.878115166166559,10.769047163333624,433.96459497752693,1078.0895089861992,0.5804763863771509,0.6480722834177135
94,12,5.042068741777753,-5.042068741777753,19,49,1.3665713537373585,0.30861771318397235,0.836582206358051,0.1574619684422018,3.158365554615865,2.850839703907138,13.048325792411513,8.320614549806049,474.076168240187,2499.014533605043,0.8336331375357215,0.5947363582458267
94,13,0.04844961240310078,-0.04844961240310078,10,18,1.35654104489953,0.22894884582534647,0.7719299358932872,0.16523453134090108,2.65162551104987,1.539414339852299,11.40395073061283,6.234729289655625,466.0455305538794,1310.389848888992,0.5349509856085225,0.8459827848972445
94,14,5.208418065794479,-5.208418065794479,33,90,1.4887659648354108,0.37998443505284596,0.8129575334448613,0.24267532213648835,0.8427793600783677,2.7167458569653684,13.902359152122406,7.260520922515995,456.55851751929606,1630.2083597956291,0.9452105987955906,0.8376773810458454
94,15,5.278300126188511,-5.278300126188511,39,49,1.4883654781008886,0.38727524518232226,0.836582206358051,0.20272237450089603,1.8116844211486,2.850839703907138,15.515694967236122,7.859124656226342,470.69916710331955,1401.6854274751822,0.8489753665400995,0.7117689628146406
94,16,5.1952330245874485,-5.1952330245874485,32,104,1.3853028616989256,0.39470254885877776,0.8865270595202668,0.1775227574318219,0.6867734642438466,3.16654958580877,17.309357515571964,8.801649151706611,422.25966889153904,1534.407336197523,0.7311701177036883,0.8067393521452753
94,17,5.047348484848484,-5.047348484848484,39,237,1.4302802348601378,0.3894918810620216,0.8338689206632754,0.1397206604966478,4.512960294100215,4.077850808142584,17.673083118521802,9.915246676122305,436.40024208201953,1357.62292973785,0.9100726296035495,0.5616277512792538
94,20,1.6922996413478186,-1.6922996413478186,19,237,1.4302802348601378,0.308761444822834,0.815979535851982,0.13032291142811017,2.9824661996707933,4.077850808142584,14.453791608087386,9.915246676122305,426.73663128748717,1357.62292973785,0.8138063021038591,0.7612394159584673
94,22,4.332510736840455,-4.332510736840455,26,68,1.2709424737611277,0.3441421323709182,0.8354979873400565,0.26154309629738265,3.6700157848366244,1.8129984433518493,13.058106087494401,6.223984998222276,494.4234637704151,1072.7772304395457,0.6922659644564744,0.8259025474333204
94,23,0.045787545787545784,-0.045787545787545784,8,178,1.4689578735625886,0.35352876588183396,0.868859200132853,0.20583648225875412,4.131392293035894,3.8399534902983214,11.46103187390243,7.198472245002136,466.4430476402217,1135.6279182675567,0.5781308162436789,0.6567700058860099
94,25,1.4263607179427922,-1.4263607179427922,10,68,1.2709424737611277,0.3382375390204879,0.8037249373448171,0.15160038593930222,2.8241522145448488,3.1557878501033505,12.259829433944171,8.05932455196848,284.25717144819896,1445.225336773003,0.993814412927159,0.6137002017518488
94,29,0.16742682518625074,-0.16742682518625074,8,223,1.4459197944356519,0.3643359987162212,0.8997335555141226,0.15860508105974702,4.469481473533056,2.446173749384665,20.79759368110549,9.337516756585345,371.3767427033607,1404.5240814938575,0.7109932661865295,0.5679364631628361
95,3,-0.12456616083126537,0.12456616083126537,24,136,1.4770395953091124,0.253020680240147,0.813809527024561,0.22553507308367904,4.172980742340573,3.237711380678212,13.692102953639864,7.844044315296033,436.87270813177145,1883.9904871358412,0.7744632564631808,0.824216397297989
95,4,-1.5041752185248027,1.5041752185248027,2,113,0.9350993680858235,0.35869619956421817,0.8139714622341471,0.2689799019149587,4.387306385157583,2.8592065828778077,16.428457107394934,9.205875279299013,355.4323925495714,1857.2823073215811,0.7748687074756024,0.8518189769036788
95,31,0.043478260869565216,-0.043478260869565216,6,113,0.9942695428088156,0.35869619956421817,0.8139714622341471,0.1858942182793015,4.387306385157583,2.128424159719543,12.671101258383022,7.712315254078033,458.82673656506734,1226.3122810851596,0.5517843521439609,0.7015635746959992
96,10,4.3070623670814205,-4.3070623670814205,21,134,1.380616350027347,0.33791422788582914,0.890704774107101,0.2330072487665829,1.3467855641059283,1.885012227511494,10.953357802776114,7.630110537360533,365.70143841165657,1802.1671931555302,0.9169883389879954,0.6088568985590562
96,11,1.3526590740294786,-1.3526590740294786,10,54,1.1154443341175917,0.339821939052191,0.8664152965558795,0.14626923646237022,1.969917591333139,4.2932320385303075,13.400994124547399,9.64555118191733,262.5240006376799,1389.7775762361216,0.898746473651468,0.6453924148705386
96,12,0.04780114722753346,-0.04780114722753346,9,118,1.354430253192252,0.23026390465234006,0.8464076658310068,0.23629503510943956,4.13003018724297,3.527512154801064,15.354242229474995,11.787342649002543,218.487645267293,1298.517335932439,0.8855229625309146,0.6694921320230252
96,14,4.732613408155439,-4.732613408155439,28,134,1.5224647835321594,0.33791422788582914,0.8602239740049507,0.2330072487665829,1.3467855641059283,3.355028736091283,15.924600915907291,7.788445908150005,457.7285598343645,1802.1671931555302,0.9841994946942854,0.7548682177683919
96,16,-0.43996026852624937,0.43996026852624937,10,40,1.3823689422250793,0.3088818002334773,0.8699573297372543,0.16868156091793418,1.8208369001312865,3.1453677674003337,12.91479934840129,10.096228063916364,352.5361652830549,2691.3586910213216,0.9589720756438607,0.7950901256241644
96,21,2.921828881630296,-2.921828881630296,14,54,1.2780543429842521,0.339821939052191,0.8184022184859956,0.16780532718721355,1.969917591333139,1.9424728874295918,13.199510529623552,10.478760614999347,444.82502131182844,2226.60024410824,0.7823325448434497,0.5148350547396318
96,26,-3.4805173790738033,3.4805173790738033,8,54,1.1154443341175917,0.2237939287695681,0.8000336169169115,0.14626923646237022,3.310755154653865,3.203583197037046,16.769722274625355,13.133806003295996,352.8580139315578,1763.1060246126203,0.8115659989614648,0.6820836562108611
97,13,5.047080979284369,-5.047080979284369,37,200,1.2864798847464327,0.3800093330898061,0.8930850459454023,0.16360831661392702,4.62523855318256,2.579892848187418,12.135886613002802,9.389825106609155,493.40781185965477,1206.4016544797855,0.760408145932912,0.7755269264033713
97,26,1.7614268933414046,-1.7614268933414046,10,112,1.3387391012229932,0.33575977176357014,0.8918765946864077,0.29481396839472235,4.726206510802595,4.299507236546473,12.661517362976607,9.660013045428206,388.3972808401353,1502.7765805978356,0.7951341975695259,0.5661947309416651
97,31,0.042735042735042736,-0.042735042735042736,7,112,1.3387391012229932,0.317248739712824,0.8521613524396999,0.29481396839472235,4.726206510802595,3.043053670221387,12.661517362976607,9.410993481054902,338.5400384847206,1656.4239106008918,0.6855919086965374,0.610391252753437
98,6,-12.14622007196184,12.14622007196184,5,87,1.2291468679066062,0.16907837430724998,0.8913643383862146,0.195009320223198,3.343692795929281,1.8282004308154334,17.676906471166717,8.0565716422211,458.39632437135447,2438.9023623152693,0.6367172407390176,0.8076519592765924
98,15,5.1701464673447415,-5.1701464673447415,21,91,1.4508033165212388,0.3345417785200379,0.8566339665847007,0.1714527539035804,1.0129354855676327,2.59924700845239,14.696092960298905,9.790746332631265,460.84322103313974,2056.6622921592534,0.7319721934935222,0.6352930755148436
98,19,4.342868412726703,-4.342868412726703,21,34,1.0920911954514072,0.3322895175988999,0.8988225893926192,0.197715454341209,2.9005957531626274,1.6575256633147006,11.757156010433006,7.2984152065487615,464.2686674311421,1212.2404737825377,0.7653072595155401,0.7209361272917515
98,20,2.1242634378185916,-2.1242634378185916,12,91,1.5195261234278203,0.337813822353496,0.8566339665847007,0.1714527539035804,0.6000419682099736,3.3614963236341997,11.842287036972502,8.021914563283465,387.1927341793465,2056.6622921592534,0.7402581277425457,0.6524010867233629
98,23,4.178673603573224,-4.178673603573224,26,16,1.4144649703277894,0.3956887021859987,0.812507080316523,0.28390454182926594,1.460430774037056,2.172741110407687,14.17478887257577,7.302081970129404,435.8227189774346,1186.137145121657,0.676090028822391,0.9399832971502817
98,25,1.637154547847071,-1.637154547847071,25,138,1.4656840168730507,0.35885464988067717,0.8751369615510766,0.20277459691217145,1.4635870612882038,3.1752577833661855,15.702192520014876,8.303651874859863,459.1613556639833,1406.1757230036528,0.596385563675343,0.7644586660632136
98,30,4.798282683224867,-4.798282683224867,25,103,1.509914518558871,0.36209813447094474,0.7925695812467017,0.25597431590014574,1.2023428934247935,1.7177782847669703,13.98119373278693,7.415479644039233,423.7183524592107,1290.2953823863832,0.9977233027328908,0.8961963034909928
99,4,-6.259221915799093,6.259221915799093,4,173,1.0180402747521613,0.3893679829077389,0.8064558473716689,0.19000086873347596,1.197405972494155,2.551060300700727,15.63325143994933,12.255663780180047,496.0763620245998,1498.7748347119873,0.8977830633153391,0.5884169992359266
99,17,-10.778815738675119,10.778815738675119,4,96,1.0224557824248743,0.2826286257283396,0.8456699865487345,0.11612539263411323,2.5003483469384093,3.7839564606547356,20.220959335565567,10.787998139213427,429.0524081412458,1387.1199125679154,0.6922800937278095,0.5250799979401195
99,19,0.044722719141323794,-0.044722719141323794,1,110,1.2707040192615242,0.29645160198211673,0.8464673347771168,0.0805174425058067,2.2784797879867256,1.351283969823271,14.577346579171717,8.670389979146421,330.4806686937809,1784.5774441957474,0.6799914888106287,0.6693748142570257
100,10,-4.262561180807903,4.262561180807903,11,231,1.1627686403359345,0.22052927003653694,0.845400861603987,0.2308491249559307,1.6040170804302671,3.925523614066851,15.803492136678427,10.830561676058492,331.23914871107024,2073.1179163189167,0.8804522694754532,0.8536788633853887
100,13,4.325159914712153,-4.325159914712153,21,81,1.4006612034604498,0.361538318133061,0.8886379572308953,0.21331356629030282,2.109399092608411,2.460400111814417,12.295774473777126,7.9489519105837,381.37180235929884,2402.093487116941,0.7705386043859583,0.748596516179994
100,16,5.267588459045876,-5.267588459045876,27,63,1.3793627130088801,0.3939887152189932,0.8744470973095677,0.184248939850767,1.6386395694326588,3.425457072821271,13.542968602503725,9.513661176556798,388.7621495905671,1289.795461858525,0.8836740827936567,0.9710981183474143
100,17,5.044802867383512,-5.044802867383512,26,44,1.5101332118968067,0.3677363632737062,0.8620023203078044,0.18912523182882726,2.45821907386349,2.7357533958297204,15.301676362513362,7.384499785478953,497.3267703655311,1639.980151744226,0.8406113346386259,0.5361823258652627
100,19,-1.8087921807032492,1.8087921807032492,2,64,1.1139268331471832,0.2944320215654781,0.8787971527406384,0.16863271506503225,4.629061959683895,2.534924579784274,18.92289778890883,10.558505517430604,353.7314307875931,1610.0192027225494,0.8889440637157193,0.8637734036892653
100,23,0.043402777777777776,-0.043402777777777776,6,175,1.2759867251790955,0.1889651895686984,0.778928064042282,0.1879367660298404,2.6511476408376797,1.3315319349474635,23.036276690189464,10.470092980578828,244.76618340927544,1656.0266522470718,0.5600877949810862,0.6529736096328441
100,27,-4.268672045362565,4.268672045362565,9,104,1.328119865334365,0.2736854146120037,0.8876428619713763,0.21240329979351688,4.451708509354672,2.190023508746185,15.929692867211998,11.0293201836243,421.88939897008976,2476.264385682599,0.928809691524509,0.574570264536718
101,13,-6.683229917592387,6.683229917592387,15,122,1.493086058719647,0.3695872651235985,0.8991616185780407,0.20214869028341026,1.9053584812785536,3.025618154152099,22.08848566538844,10.079291739031131,490.0644672149151,2197.7242605081337,0.8362254610378016,0.5357383056192662
101,14,4.330621952719048,-4.330621952719048,21,184,1.4023490709435447,0.343152046701164,0.8889167721346809,0.15070555665450172,0.5179297893314803,2.4571929022761223,13.373582891558424,7.50253777878459,365.6689892695142,1828.774422683889,0.8003254338182859,0.7453436291763389
102,3,0.04752851711026616,-0.04752851711026616,4,228,1.0562246353887175,0.3858121846616268,0.8648305618182013,0.13244674725731373,0.5940117961936711,2.0585739850566305,12.756605493403542,6.356749364203034,330.3861234959256,2962.5729224199254,0.7282974682154122,0.521221290872437
103,8,-2.920930392840954,2.920930392840954,5,66,1.4708399318294603,0.33884155302090874,0.8954794328132087,0.19191301213433398,2.3555467399530556,3.7352786741631183,13.244330749050839,5.9730554707020795,479.8041241930231,2060.30976251883,0.5360009672432442,0.9430866137967229
103,26,-2.0341201457350992,2.0341201457350992,9,4,1.0550562713343614,0.28085065564190714,0.8416779192633319,0.1172841980398407,4.707665929219264,3.8480031404368207,14.926964572380255,7.807429671224467,378.6661317246698,1849.8811094304046,0.9593182045583155,0.651683331839836
104,10,0.04488330341113106,-0.04488330341113106,4,67,1.2116994777842571,0.3035223012505451,0.8692822154195554,0.23152706483379007,3.926876933846053,2.4075734521957495,16.81779470931132,11.469240291814991,224.48378047007236,1012.2395008307612,0.6288327734990076,0.5180341678222082
104,16,0.043478260869565216,-0.043478260869565216,4,107,1.1230982075172182,0.1459658079191078,0.8309851692393828,0.11156518863892988,1.6832027981797846,2.274728912221641,16.403220291109307,9.818540303132025,288.6816773173896,1078.1218551349966,0.7582449383943699,0.7144624684005976
104,33,-9.960063897763579,9.960063897763579,6,196,1.0810173395153626,0.17910540685841408,0.7691446415053117,0.286199699185144,2.9741907385388293,2.5679465809794264,16.683849253176287,8.746813986000111,232.30673434640462,1233.2670183198695,0.7707327687695412,0.529818881425503
105,15,0.043327556325823226,-0.043327556325823226,2,237,1.173554279496029,0.16471911525801464,0.8882140335971073,0.199031944249702,2.512774026181038,2.7252813887177734,19.76577377674667,9.915246676122305,252.32174760074759,1357.62292973785,0.7509958978647201,0.7121080015785992
105,20,-0.08900398450880993,0.08900398450880993,11,106,1.3103619519268417,0.16608531548286484,0.8423460837263774,0.20061389417091738,3.7616105195572045,3.603122449807157,11.02038168692922,5.718303709529061,495.5581322126849,1693.60803144621,0.5382905737221216,0.6814375120645677
105,24,-0.06380464751183812,0.06380464751183812,10,218,1.2000719276210199,0.3367696921782436,0.8886433884940912,0.2483544965821945,2.9533542928208556,4.1224859586086,15.177536547380388,10.982010603193588,425.8594839669763,1179.639580562338,0.8985998207509962,0.8469393883138384
106,19,1.7538710850214314,-1.7538710850214314,15,190,1.4908948208079102,0.2615568535083376,0.8981742297530328,0.1555406642750161,4.3209075537854025,1.4469373961565302,10.237329988646291,7.284940860482965,454.29057156944714,2807.2766993082255,0.6630899529775538,0.7688053617670485
108,13,0.042662116040955635,-0.042662116040955635,5,17,1.216639859193445,0.13238821963071873,0.8911151654223182,0.2535924170214299,3.0402774094963836,3.3439690761939236,11.789741103609853,6.901784890343346,388.109147035822,1959.0386461974704,0.6614508907739063,0.7069159363769931
